playerid,PlayerName,Team,minpos,Pos,G,PA,FPTS,SPTS,xMLBAMID
15640,Aaron Judge,NYY,OF,,133,584,1027.6,1027.6,592450
21534,Cal Raleigh,SEA,C,,152,621,817,817,663728
25764,Bobby Witt Jr.,KCR,SS,,152,656,945.7,945.7,677951
19755,Shohei Ohtani,LAD,DH,,152,693,1208.3,1208.3,660271
20123,Juan Soto,NYM,OF,,152,666,1105.5,1105.5,665742
23697,Julio Rodríguez,SEA,OF,,152,663,890.6,890.6,677594
26289,Gunnar Henderson,BAL,SS,,152,647,908.3,908.3,683002
33333,Wyatt Langford,TEX,OF,,150,627,922.3,922.3,694671
19709,Fernando Tatis Jr.,SDP,SS/OF,,148,643,913.9,913.9,665487
25878,Corbin Carroll,ARI,OF,,152,660,956.6,956.6,682998
27769,Pete Crow-Armstrong,CHC,OF,,152,612,773.9,773.9,691718
20503,William Contreras,MIL,C,,152,647,809.6,809.6,661388
26668,Elly De La Cruz,CIN,SS,,152,650,899.9,899.9,682829
12916,Francisco Lindor,NYM,SS,,142,633,774.8,774.8,596019
13510,José Ramírez,CLE,3B,,141,600,794.8,794.8,608070
18401,Ronald Acuña Jr.,ATL,OF,,121,538,865.3,865.3,660670
29490,Jackson Merrill,SDP,OF,,145,573,735.5,735.5,701538
26288,Adley Rutschman,BOS,C,,136,567,643.7,643.7,668939
31347,Zach Neto,LAA,SS,,150,615,795.6,795.6,687263
22581,Alejandro Kirk,TOR,C,,124,466,531.3,531.3,672386
22799,Geraldo Perdomo,ARI,SS,,152,599,725.5,725.5,672695
31812,Roman Anthony,BOS,DH/OF,,142,615,814.7,814.7,701350
18345,Kyle Tucker,LAD,OF,,136,570,829.2,829.2,663656
28163,Junior Caminero,TBR,3B,,152,631,887.1,887.1,691406
19611,Vladimir Guerrero Jr.,TOR,1B,,152,659,964.3,964.3,665489
31539,Drake Baldwin,ATL,C/DH,,129,509,658.4,658.4,686948
35376,Konnor Griffin,PIT,SS,,140,623,720,720,804606
29478,Carter Jensen,KCR,C/DH,,147,614,705.9,705.9,695600
35110,Nick Kurtz,ATH,1B,,146,612,904.8,904.8,701762
25931,Michael Harris II,ATL,OF,,152,603,727,727,671739
13611,Mookie Betts,LAD,OF,,131,578,729,729,605141
13624,Corey Seager,TEX,SS,,111,474,599.3,599.3,608369
19612,Bo Bichette,NYM,SS,,138,595,718.6,718.6,666182
25976,Riley Greene,DET,OF,,152,632,832.7,832.7,682985
21711,Oneil Cruz,PIT,SS/OF,,141,571,766.1,766.1,665833
29695,Matt McLain,CIN,2B,,143,588,709.8,709.8,680574
24262,Ceddanne Rafaela,BOS,OF,,150,586,677.5,677.5,678882
27479,Masyn Winn,STL,SS,,142,602,605.7,605.7,691026
24617,Jarren Duran,BOS,OF,,147,625,769.3,769.3,680776
15986,Willy Adames,SFG,SS,,148,626,683.9,683.9,642715
21479,Nico Hoerner,CHC,2B/SS,,148,617,649.2,649.2,663538
14161,Byron Buxton,MIN,OF,,113,453,608.1,608.1,621439
22715,Maikel Garcia,KCR,3B,,152,632,700.7,700.7,672580
16252,Trea Turner,PHI,SS,,127,562,671.6,671.6,607208
28806,Jackson Chourio,MIL,OF,,152,633,816.2,816.2,694192
25816,Shea Langeliers,ATH,C,,141,554,734.1,734.1,669127
15998,Cody Bellinger,NYY,OF,,138,583,699.1,699.1,641355
13613,Ketel Marte,ARI,2B,,127,542,692.3,692.3,606466
27478,Patrick Bailey,CLE,C,,115,409,352.2,352.2,672275
25768,CJ Abrams,WSN,SS,,152,630,760.5,760.5,682928
19556,Yordan Alvarez,HOU,DH/OF,,114,474,728.4,728.4,670541
24610,Steven Kwan,CLE,OF,,149,643,719.5,719.5,680757
26319,Michael Busch,CHC,1B,,146,581,782.5,782.5,683737
21636,Jeremy Peña,HOU,SS,,140,588,650.4,650.4,665161
22664,Gabriel Moreno,ARI,C,,104,380,439.5,439.5,672515
16505,Matt Chapman,SFG,3B,,125,509,599.2,599.2,656305
29518,James Wood,WSN,OF,,152,650,912.1,912.1,695578
19197,Will Smith,LAD,C,,113,468,557.6,557.6,669257
34985,JJ Wetherholt,STL,2B,,125,542,587.6,587.6,802139
22186,Brice Turang,MIL,2B,,152,610,669.9,669.9,668930
18314,Dansby Swanson,CHC,SS,,138,564,572.6,572.6,621020
24816,Andy Pages,LAD,OF,,151,597,719.6,719.6,681624
33572,Kevin McGonigle,DET,3B/SS,,101,425,519.8,519.8,805808
18360,Austin Riley,ATL,3B,,125,535,687.9,687.9,663586
18564,Trent Grisham,NYY,OF,,142,513,597.6,597.6,663757
26466,Matt Wallner,MIN,OF,,129,508,683.2,683.2,670242
31370,Jakob Marsee,MIA,OF,,149,648,742.5,742.5,805300
31665,Alex Freeland,LAD,2B,,138,599,647.5,647.5,690976
27815,Jordan Westburg,BAL,2B/3B,,113,470,553.4,553.4,676059
33322,Matt Shaw,CHC,3B,,142,547,635.9,635.9,807713
20036,Isaac Paredes,HOU,3B,,137,547,652.2,652.2,670623
26121,Francisco Alvarez,NYM,C,,125,465,554.3,554.3,682626
33549,Kyle Teel,CHW,C,,126,514,545,545,691019
24064,Ezequiel Tovar,COL,SS,,136,564,661.9,661.9,678662
33575,Colt Emerson,SEA,SS,,138,607,569.9,569.9,806068
24679,Brendan Donovan,SEA,2B/OF,,135,544,589.8,589.8,680977
27464,Dillon Dingler,DET,C,,108,417,428,428,693307
19950,Andrés Giménez,TOR,2B/SS,,133,512,519.7,519.7,665926
19627,Brent Rooker,ATH,DH/OF,,148,609,861.4,861.4,667670
31781,Jackson Holliday,BAL,2B,,152,647,722.9,722.9,702616
27647,Anthony Volpe,NYY,SS,,152,614,627.4,627.4,683011
19251,Pete Alonso,BAL,1B,,149,641,877.3,877.3,624413
26123,Brett Baty,NYM,3B,,131,482,557.6,557.6,683146
33381,Max Clark,DET,OF,,128,583,617.1,617.1,703601
26546,Agustín Ramírez,MIA,C/DH,,152,645,739.4,739.4,682663
23772,Wilyer Abreu,BOS,OF,,123,465,565.9,565.9,677800
19918,Daulton Varsho,HOU,OF,,121,452,503.9,503.9,662139
22542,Lawrence Butler,ATH,OF,,145,583,693.9,693.9,671732
sa3020416,Jacob Reimer,NYM,3B,,136,545,611.2,611.2,702544
11493,Manny Machado,SDP,3B,,136,576,654.4,654.4,592518
30038,Carson Williams,TBR,SS,,141,565,570.9,570.9,700246
33321,Luke Keaschall,MIN,2B/OF,,93,390,490.9,490.9,807712
18872,Jahmai Jones,BOS,DH/OF,,117,373,472.6,472.6,663330
29712,Colson Montgomery,CHW,SS,,129,540,578.7,578.7,695657
18839,Josh Naylor,SEA,1B,,141,573,725.6,725.6,647304
31532,Spencer Jones,NYY,OF,,126,541,677,677,682987
21865,Bo Naylor,MIL,C,,123,432,456.5,456.5,666310
22266,Xavier Edwards,MIA,2B/SS,,130,559,571.2,571.2,669364
22244,Jack Suwinski,TBR,OF,,132,475,631.7,631.7,669261
33280,Brice Matthews,HOU,2B/OF,,124,517,594.7,594.7,694728
17350,Rafael Devers,SFG,3B,,149,650,831.3,831.3,646240
29646,Caleb Durbin,BOS,3B,,126,502,565.5,565.5,702332
35111,Kaelen Culpepper,MIN,SS,,124,525,550.4,550.4,701785
16997,Gleyber Torres,DET,2B,,144,610,682.1,682.1,650402
29622,Sal Frelick,MIL,OF,,136,563,608.1,608.1,686217
23789,Blaze Alexander,BAL,3B,,116,453,469.1,469.1,677942
35101,Sam Antonacci,CHW,OF,,123,535,580.5,580.5,803011
27562,Austin Wells,NYY,C,,119,452,494.2,494.2,669224
37123,Kazuma Okamoto,TOR,3B,,115,482,580.3,580.3,672960
20454,Jazz Chisholm Jr.,NYY,2B/OF,,135,541,662.4,662.4,665862
26294,Bryson Stott,PHI,2B,,144,553,586.4,586.4,681082
29780,Joe Mack,MIA,C,,121,499,489.8,489.8,691788
31505,Sal Stewart,CIN,1B/3B,,142,562,716.5,716.5,701398
26991,Jesus Rodriguez,SFG,C/OF,,124,523,533.6,533.6,683679
31437,Jace Jung,DET,3B,,133,544,584.7,584.7,690291
21780,Esteury Ruiz,MIA,OF,,125,488,589.8,589.8,665923
30116,Seiya Suzuki,CHC,DH/OF,,137,578,728.6,728.6,673548
35061,Ryan Waldschmidt,ARI,OF,,133,586,605.9,605.9,814439
27496,Owen Caissie,MIA,OF,,127,539,654.1,654.1,683357
28824,Samuel Basallo,BAL,C/DH,,130,518,615.1,615.1,694212
30384,Michael Arroyo,SEA,2B,,135,617,604.6,604.6,703197
31382,Dalton Rushing,LAD,C,,101,392,451.7,451.7,687221
20043,Luis Robert Jr.,BAL,OF,,116,462,513.1,513.1,673357
25479,Brenton Doyle,CHW,OF,,130,501,543,543,686668
30080,Hao-Yu Lee,DET,2B/3B,,124,543,561.1,561.1,701678
34967,Travis Bazzana,CLE,2B,,104,453,473.2,473.2,683953
27465,Spencer Torkelson,DET,1B,,152,639,814.4,814.4,679529
14344,Matt Olson,ATL,1B,,146,629,773.4,773.4,621566
22263,Nolan Gorman,STL,2B/3B,,127,474,538.7,538.7,669357
17919,Ian Happ,CHC,OF,,142,602,694.4,694.4,664023
23003,Yainer Diaz,HOU,C,,149,590,639.4,639.4,673237
12533,Marcus Semien,NYM,2B/SS,,117,513,509.4,509.4,543760
23698,Ronny Mauricio,NYM,2B/3B,,119,469,479.6,479.6,677595
31680,Cole Young,SEA,2B,,144,565,555.4,555.4,702284
sa3020134,Jett Williams,MIL,SS,,137,585,639.4,639.4,702518
sa3018584,Josue Briceño,DET,C/1B,,112,481,498.9,498.9,800522
12927,Brandon Nimmo,TEX,OF,,131,567,631.3,631.3,607043
21837,Jonathan Aranda,TBR,1B,,115,449,550.2,550.2,666018
33197,Ben Williamson,TBR,2B/3B,,135,532,516.7,516.7,810938
20352,Ernie Clement,TOR,2B/3B,,139,480,468.6,468.6,676391
29016,Leo Bernal,STL,C,,119,480,427,427,699024
29715,Hunter Goodman,COL,C,,149,594,734.7,734.7,696100
29958,Harry Ford,WSN,C,,115,507,496.6,496.6,695670
27789,Shay Whitcomb,SFG,3B,,124,502,543.4,543.4,694376
17678,Alex Bregman,CHC,3B,,124,537,578.5,578.5,608324
11579,Bryce Harper,PHI,OF,,120,516,681.7,681.7,547180
29976,Jordan Lawlar,ARI,OF,,107,444,490.4,490.4,691783
5361,Freddie Freeman,LAD,1B,,123,533,691.4,691.4,518692
31354,Jimmy Crooks,STL,C,,111,454,429.5,429.5,699625
29576,Ben Rice,NYY,1B/DH,,128,504,654.2,654.2,700250
21454,Lars Nootbaar,ARI,OF,,130,520,589.2,589.2,663457
31695,Dylan Beavers,BAL,OF,,131,553,653.5,653.5,687637
sa3025247,Zach Ehrhard,LAD,OF,,131,539,592.8,592.8,701394
21009,Leo Rivas,SEA,2B/SS,,112,402,395.8,395.8,660844
37120,Munetaka Murakami,CHW,1B,,122,509,660,660,808959
29591,Colton Cowser,BAL,OF,,123,488,566.8,566.8,681297
23800,Parker Meadows,DET,OF,,117,481,504.7,504.7,678009
19608,Otto Lopez,MIA,2B/SS,,130,520,526.4,526.4,672640
28084,Emmanuel Rodriguez,MIN,DH,,83,347,411,411,691181
22184,Mark Vientos,NYM,3B/DH,,134,527,610.2,610.2,668901
35041,Jac Caglianone,KCR,OF,,138,557,733.1,733.1,695506
sa3022609,Aidan Miller,PHI,SS,,124,555,564.7,564.7,805795
31500,Ryan Ritter,COL,2B/SS,,122,486,552.4,552.4,690022
33266,Jacob Wilson,ATH,SS,,131,526,593.5,593.5,805779
33824,Jung Hoo Lee,SFG,OF,,125,525,566.3,566.3,808982
18900,Leody Taveras,BAL,OF,,139,523,538.9,538.9,665750
15491,J.P. Crawford,SEA,SS,,135,564,542.8,542.8,641487
25353,Michael Stefanic,ATH,2B,,109,421,444.3,444.3,683021
12161,Xander Bogaerts,SDP,SS,,121,494,500,500,593428
31583,Zach Cole,HOU,OF,,119,495,545.4,545.4,805904
sa3022567,Max Anderson,DET,2B,,127,536,559.5,559.5,801194
29766,Zack Gelof,ATH,2B,,114,474,526.5,526.5,680869
29779,Max Muncy,ATH,3B,,114,439,475.8,475.8,691777
31349,Victor Scott II,STL,OF,,135,512,477.1,477.1,687363
19352,Sean Murphy,ATL,C,,90,347,363.2,363.2,669221
25807,Jared Triolo,PIT,3B/SS,,115,430,434.1,434.1,669707
33708,Cooper Ingle,CLE,DH/OF,,115,472,455.4,455.4,694876
23565,Davis Schneider,TOR,2B/OF,,124,442,497.6,497.6,676914
22274,Samad Taylor,SDP,OF,,139,590,605.4,605.4,669392
29592,Connor Norby,COL,3B,,122,515,568,568,681393
26224,Darell Hernaiz,ATH,3B/SS,,142,581,575.4,575.4,687231
27790,Evan Carter,TEX,OF,,114,440,494.1,494.1,694497
16478,Kyle Schwarber,PHI,DH/OF,,138,614,788.2,788.2,656941
22217,Luis Campusano,SDP,C,,112,434,479.7,479.7,669134
31791,Justin Crawford,PHI,OF,,127,551,605.5,605.5,702222
29794,Kyle Manzardo,CLE,1B/DH,,137,518,622.9,622.9,700932
20308,Jake Meyers,HOU,OF,,113,389,382.3,382.3,676694
28080,Jasson Domínguez,NYY,OF,,128,496,612.5,612.5,691176
31855,Colby Thomas,PHI,OF,,134,536,621.3,621.3,687515
26151,Kyle Stowers,MIA,OF,,121,460,571.2,571.2,669065
33433,George Lombard Jr.,NYY,SS,,141,602,543.6,543.6,806146
37122,Sung-Mun Song,SDP,2B/SS,,127,545,522.5,522.5,823550
sa3022706,Bo Davidson,SFG,OF,,127,540,544.3,544.3,815589
33541,Dylan Crews,WSN,OF,,115,463,495.8,495.8,686611
20202,Brandon Marsh,PHI,OF,,133,455,518.1,518.1,669016
33704,CJ Kayfus,CLE,1B/OF,,132,520,619.5,619.5,692216
sa3023363,Leo De Vries,ATH,SS,,126,549,559.2,559.2,815888
13152,Jorge Polanco,NYM,2B/SS,,115,459,529.9,529.9,593871
24770,James Outman,DET,OF,,133,497,539.8,539.8,681546
15362,Jeff McNeil,ATH,2B/OF,,118,451,506.3,506.3,643446
20178,Miguel Vargas,CHW,3B,,137,554,622.2,622.2,678246
28312,Coby Mayo,BAL,1B/3B,,133,527,609.9,609.9,691723
sa3018614,Chris Suero,NYM,C,,123,495,473.3,473.3,801523
26396,Josh Smith,TOR,3B/SS,,143,530,562.5,562.5,669701
31792,Otto Kemp,PHI,3B/OF,,130,527,593.6,593.6,805249
22515,Heliot Ramos,NYY,OF,,152,641,740.3,740.3,671218
35121,Joshua Kuroda-Grauer,ATH,3B,,127,541,459.6,459.6,811965
sa3022825,Carson Roccaforte,KCR,OF,,127,532,507.5,507.5,811287
27490,Nick Gonzales,PIT,2B/3B,,115,481,497.4,497.4,693304
23691,José Tena,WSN,3B/DH,,124,502,513.1,513.1,677588
27506,Ha-Seong Kim,ATL,SS,,106,425,419.9,419.9,673490
11739,J.T. Realmuto,PHI,C,,113,456,471,471,592663
19722,Carlos Narváez,BAL,C,,106,407,398.6,398.6,665966
19290,Randy Arozarena,SEA,OF,,143,611,680.6,680.6,668227
29218,Pedro Ramírez,CHC,2B,,137,586,506,506,699393
25690,Grant McCray,SFG,OF,,133,547,557.4,557.4,687529
sa3025248,Duce Gourson,PIT,2B/3B,,103,408,412.6,412.6,701546
19470,Tommy Edman,LAD,2B,,100,394,406.8,406.8,669242
sa3017562,Creed Willems,BAL,C/1B,,112,445,400.2,400.2,695735
31765,Nacho Alvarez Jr.,LAA,3B,,113,459,423.9,423.9,805373
17548,Taylor Ward,SEA,OF,,133,554,627.8,627.8,621493
31448,Henry Bolte,ATH,OF,,133,549,617.2,617.2,703607
sa3022602,RJ Schreck,TOR,OF,,113,434,486.8,486.8,702302
20599,Iván Herrera,STL,C/DH,,120,480,621.9,621.9,671056
23690,Brayan Rocchio,CLE,SS,,147,557,530.3,530.3,677587
24598,Addison Barger,TOR,3B/OF,,133,510,592.8,592.8,680718
20437,Royce Lewis,MIN,3B,,105,407,450.6,450.6,668904
29858,Denzel Clarke,ATH,OF,,97,387,383.6,383.6,672016
27531,David Hamilton,MIL,2B/SS,,108,374,369.2,369.2,666152
12564,Trevor Story,BOS,SS,,123,501,534.9,534.9,596115
28272,Jeferson Quero,MIL,C,,88,370,372.9,372.9,691620
15112,Ryan McMahon,NYY,3B,,134,525,476.3,476.3,641857
19522,TJ Friedl,CIN,OF,,138,567,579.8,579.8,670770
29596,Joshua Báez,STL,OF,,123,490,533.7,533.7,695491
29575,Trey Sweeney,DET,SS,,124,470,442.2,442.2,700242
31580,Chase Meidroth,CHW,2B/SS,,130,554,538.1,538.1,805367
26477,Spencer Horwitz,PIT,1B,,125,509,597.5,597.5,687462
25961,Kerry Carpenter,DET,DH/OF,,127,468,571.7,571.7,681481
26599,Jonatan Clase,TOR,OF,,128,520,517.9,517.9,682729
31564,Alan Roden,MIN,OF,,112,442,487.7,487.7,702176
19296,Alex Call,LAD,OF,,109,370,394.6,394.6,669743
24618,Ryan Jeffers,MIN,C,,108,404,426.3,426.3,680777
21853,Will Benson,CIN,OF,,127,426,513.3,513.3,666181
20391,Luis García Jr.,NYY,2B,,140,541,590.9,590.9,671277
26693,Juan Brito,CIN,2B,,121,522,522.1,522.1,682877
21618,Alec Bohm,PHI,3B,,131,543,608,608,664761
18036,Jake Cronenworth,SDP,1B/2B,,126,502,516.1,516.1,630105
21496,Brandon Lockridge,MIL,OF,,103,357,345.6,345.6,663604
33380,Drew Cavanaugh,SFG,C,,88,377,318.2,318.2,701852
sa3015802,Jadher Areinamo,TBR,2B/SS,,137,584,567,567,699130
27735,Brett Wisely,ATL,2B,,118,432,424.4,424.4,689172
29630,Joey Loperfido,HOU,OF,,124,472,495.9,495.9,694388
26374,Kameron Misner,PHI,OF,,112,439,431.7,431.7,670224
sa3021845,Franklin Arias,BOS,SS,,122,543,496.6,496.6,808265
sa3020126,Ryan Clifford,NYM,1B/OF,,148,598,670.4,670.4,691775
14162,Carlos Correa,HOU,SS,,123,510,542.2,542.2,621043
19913,Jesús Sánchez,ARI,OF,,132,472,542.1,542.1,660821
26208,Tyler Fitzgerald,LAD,2B/SS,,121,467,452.6,452.6,666149
25493,Joey Ortiz,MIL,3B/SS,,135,499,482.3,482.3,687401
35177,Carson Benge,NYM,OF,,123,542,602.9,602.9,701807
13620,Carson Kelly,CHC,C,,97,339,321.1,321.1,608348
sa3014544,Milan Tolentino,CLE,SS,,126,487,439.2,439.2,675455
29487,Blake Dunn,CIN,OF,,124,478,502.3,502.3,694362
31441,Daniel Susac,SFG,C,,101,407,383.4,383.4,691740
26202,Jake Mangum,PIT,OF,,106,416,411.4,411.4,663968
sa3020194,Dom Keegan,BAL,C,,94,389,358.7,358.7,681371
sa3017332,Braiden Ward,BOS,OF,,109,388,410.1,410.1,685274
27915,Alejandro Osuna,TEX,OF,,119,452,458.3,458.3,696030
33252,Kyle Karros,COL,3B,,126,507,522.1,522.1,691720
31991,Rafael Flores Jr.,PIT,C/1B,,151,608,647.1,647.1,804668
25477,Isaac Collins,KCR,OF,,116,434,476.9,476.9,686555
14854,Mike Yastrzemski,ATL,OF,,116,421,449.6,449.6,573262
24151,Eddys Leonard,SFG,OF,,126,501,494.8,494.8,678760
sa916969,Jesús Bastidas,,2B/SS,,128,526,498.3,498.3,665846
18123,Nathan Lukes,TOR,OF,,105,378,386.1,386.1,664770
18353,Daz Cameron,TOR,OF,,98,373,400.4,400.4,663662
16556,Ozzie Albies,ATL,2B,,136,575,599.7,599.7,645277
18030,Harrison Bader,SFG,OF,,124,407,401,401,664056
31363,Graham Pauley,MIA,3B,,120,460,446.2,446.2,688363
19953,Josh Lowe,LAA,OF,,118,456,533.2,533.2,666139
17128,Ramón Laureano,SDP,OF,,115,422,473.5,473.5,657656
29634,Will Wagner,SDP,2B/3B,,100,389,374,374,695238
33644,Kristian Campbell,BOS,2B,,139,565,595.6,595.6,692225
28253,Javier Sanoja,MIA,3B/OF,,143,516,494.4,494.4,691594
sa3003291,Francisco Acuna,SDP,SS,,124,467,418.9,418.9,672696
21797,Andrés Chaparro,WSN,1B/DH,,117,460,510.8,510.8,665953
sa3018421,Nelson Rada,LAA,OF,,151,622,542.9,542.9,703185
sa3015665,Omar Alfonzo,NYY,C,,124,491,422,422,692657
27883,Thomas Saggese,STL,2B/SS,,135,548,523.4,523.4,695336
29931,Jacob Young,WSN,OF,,130,479,406.6,406.6,696285
19921,Blake Perkins,CLE,OF,,99,348,314.3,314.3,663368
24336,Johan Rojas,PHI,OF,,125,438,389,389,679032
20505,Drew Waters,KCR,OF,,119,442,449.1,449.1,671221
17988,Tyler Stephenson,CIN,C,,111,412,444.6,444.6,663886
13301,Max Muncy,LAD,1B/3B,,95,378,417.7,417.7,571970
27493,Rece Hinds,BAL,OF,,129,496,604.1,604.1,677956
25705,Dustin Harris,SDP,OF,,121,504,523.7,523.7,687957
24729,Logan O'Hoppe,TEX,C,,115,441,472,472,681351
29844,Liam Hicks,TBR,C/DH,,106,394,384.9,384.9,689414
16578,Yandy Díaz,TBR,1B/3B/DH,,127,538,652.2,652.2,650490
23401,José Caballero,NYY,SS,,121,380,375.5,375.5,676609
27467,Tyler Soderstrom,ATH,1B/OF,,149,575,706.9,706.9,691016
29788,Brett Harris,SFG,3B,,101,398,389.5,389.5,695391
sa3020278,Tatem Levins,TBR,C,,89,345,292,292,694420
sa3038641,Kole Myers,LAD,OF,,108,447,416.9,416.9,801887
18568,Luis Arraez,PHI,1B/2B,,147,629,674.7,674.7,650333
sa3020214,Termarr Johnson,PIT,2B,,136,559,502.6,502.6,702261
33530,Cooper Pratt,MIL,SS,,135,552,463.3,463.3,806198
29547,Ryan Bliss,SEA,2B,,117,488,409.4,409.4,669208
27615,Alec Burleson,STL,1B/OF,,140,529,623.3,623.3,676475
sa3022162,Eduardo Tait,MIN,C,,117,499,443.7,443.7,806953
sa3067396,Dayson Croes,SFG,2B/3B,,100,393,361.6,361.6,806401
22563,Gabriel Arias,CHC,SS,,129,447,427.2,427.2,672356
24641,Willie MacIver,SEA,C,,86,335,313.4,313.4,680862
26299,Josh Jung,TEX,3B,,121,480,474.8,474.8,673962
28833,Gabriel Gonzalez,MIN,OF,,133,554,636.3,636.3,694224
34979,Christian Moore,LAA,2B,,130,495,485.7,485.7,695681
sa3022480,Homer Bush Jr.,TBR,OF,,123,517,462.7,462.7,683344
sa737614,Riley Unroe,CHW,2B,,91,327,327.1,327.1,624523
sa3008944,Carlos Mendoza,,2B/OF,,111,440,404.7,404.7,685332
27676,Vinnie Pasquantino,KCR,1B,,145,607,755.3,755.3,686469
18577,Ke'Bryan Hayes,CIN,3B,,122,479,413.2,413.2,663647
19452,Jake Rogers,CHW,C,,83,270,226.8,226.8,668670
22272,Raynel Delgado,HOU,2B/3B/SS,,122,447,421.4,421.4,669384
21614,Kyle Isbel,KCR,OF,,127,387,343.8,343.8,664728
25979,Nasim Nuñez,WSN,2B/SS,,122,445,379.6,379.6,683083
23813,Brandon Valenzuela,TOR,C,,106,428,355,355,678218
28022,Edgar Quero,CHW,C,,119,468,447.1,447.1,700337
20084,J.C. Escarra,NYY,C,,89,320,300.6,300.6,641555
23792,Alek Thomas,LAD,OF,,135,465,454.2,454.2,677950
27449,Ryan Ward,LAD,OF,,129,560,592.6,592.6,669899
25055,Nate Eaton,BOS,OF,,119,439,432.1,432.1,681987
25782,Pedro Pagés,STL,C,,104,372,299.4,299.4,686780
14968,Victor Caratini,MIN,C,,93,309,293.3,293.3,605170
19955,Gavin Lux,TBR,2B,,129,462,472,472,666158
29704,Braxton Fulford,COL,C/DH,,88,332,337.4,337.4,690924
19346,Eli White,BOS,OF,,105,314,312.8,312.8,642201
17932,Andrew Stevenson,,OF,,88,349,356.7,356.7,664057
31793,Rhylan Thomas,TOR,OF,,133,544,463.8,463.8,689041
26368,JJ Bleday,CIN,OF,,132,511,589.2,589.2,668709
21622,Jake McCarthy,COL,OF,,122,457,525.6,525.6,664983
26295,Oliver Dunn,TBR,3B,,119,445,381.9,381.9,686554
33500,John Peck,DET,SS,,125,506,453,453,807726
30011,Christian Encarnacion-Strand,BAL,1B/3B,,111,451,510.2,510.2,687952
24759,Mickey Gasper,BOS,C/DH,,90,318,339.9,339.9,681508
19960,Taylor Trammell,HOU,OF,,104,362,401.8,401.8,666211
33323,Charles McAdoo,TOR,1B/2B,,130,505,495,495,807727
22823,Oswald Peraza,LAA,2B/3B,,113,407,368.8,368.8,672724
23968,Jorge Barrosa,HOU,OF,,120,506,433.2,433.2,678489
sa3015234,Ricardo Olivar,MIN,C/OF,,99,424,432.4,432.4,691627
15905,Luis Torrens,NYM,C,,89,275,252.5,252.5,620443
29617,Henry Davis,PIT,C,,100,375,381.5,381.5,680779
23818,Jihwan Bae,MIL,2B/OF,,108,408,399.6,399.6,678225
28142,Jhostynxon Garcia,PIT,OF,,125,506,520.6,520.6,691373
20017,Miles Mastrobuoni,SEA,3B,,104,346,297.7,297.7,670156
sa3025408,Austin Overn,TBR,OF,,123,494,492.4,492.4,702556
22530,Johnathan Rodríguez,ATH,OF,,127,500,561.4,561.4,671286
27577,Casey Schmitt,SFG,2B/3B,,117,434,451.3,451.3,669477
19392,Zach McKinstry,DET,3B/OF,,126,423,422.3,422.3,656716
33571,Walker Jenkins,MIN,OF,,93,407,443,443,805805
33552,LuJames Groover,ARI,1B/DH,,124,534,517.8,517.8,694410
35423,Braden Montgomery,CHW,OF,,136,549,545.4,545.4,695731
sa917302,Yonathan Perlaza,,OF,,127,556,574.4,574.4,666632
sa3020495,Seth Stephenson,DET,OF,,116,503,474.4,474.4,700931
18795,Ramón Urías,HOU,3B,,103,351,345.8,345.8,602104
20529,Nolan Jones,SEA,OF,,121,434,445.9,445.9,666134
26548,Luisangel Acuña,CHW,2B/SS,,136,502,459.2,459.2,682668
26149,Dominic Fletcher,CIN,OF,,109,440,396.1,396.1,666150
27781,Pedro León,PHI,OF,,104,444,451.2,451.2,694175
19968,Jared Oliva,TBR,OF,,98,354,358,358,666931
31545,Drew Gilbert,SFG,OF,,122,494,483.4,483.4,687551
22165,Ryan Vilade,TBR,OF,,119,469,477.4,477.4,668723
20572,Kody Clemens,MIN,1B/2B,,110,378,406.4,406.4,665019
22566,Tirso Ornelas,SDP,OF,,113,473,460.5,460.5,672359
7304,Salvador Perez,KCR,C,,129,524,546.8,546.8,521692
sa3025253,Brendan Jones,MIA,OF,,130,536,537.4,537.4,800957
sa3022864,Jonathon Long,MIA,1B,,136,571,586.6,586.6,675085
sa3025413,Joseph Sullivan,HOU,OF,,113,494,456.7,456.7,813896
17929,Cedric Mullins,TBR,OF,,119,448,432.1,432.1,656775
23917,Jorbit Vivas,WSN,2B/3B,,128,529,474.9,474.9,678391
27534,Edouard Julien,COL,2B,,131,510,584.4,584.4,666397
11609,Willson Contreras,BOS,C,,107,437,518.8,518.8,575929
17022,Edmundo Sosa,PHI,3B/SS,,104,299,297.5,297.5,624641
sa3020716,Maddux Houghton,,OF,,108,356,324.9,324.9,806368
sa3010584,Cooper Johnson,TEX,C,,90,328,245.6,245.6,666194
29993,Brady House,WSN,3B,,141,557,549.6,549.6,691781
21746,José Fermín,STL,2B/3B/OF,,104,361,347.3,347.3,665877
16939,Lane Thomas,ATL,OF,,115,454,486.3,486.3,657041
sa3017624,Noah Cardenas,MIN,C,,83,320,271.4,271.4,681433
sa3022868,Alfonsin Rosario,CLE,OF,,129,535,555.4,555.4,806210
21523,Jonathan India,KCR,2B,,130,538,569.9,569.9,663697
16535,Danny Jansen,TEX,C,,90,310,300.5,300.5,643376
33189,Nolan Schanuel,LAA,1B,,141,579,646.7,646.7,694384
21464,Bryan Torres,STL,OF,,116,458,480.6,480.6,663494
25040,Vinny Capra,BOS,3B,,99,348,313.9,313.9,681962
22209,Sam Huff,BAL,C,,88,336,297.5,297.5,669087
30361,Lazaro Montes,SEA,DH/OF,,141,612,609.8,609.8,703155
sa3015062,Victor Labrada,SEA,OF,,117,476,434.7,434.7,700032
28816,Denzer Guzman,LAA,3B,,147,584,547.4,547.4,694203
13066,Teoscar Hernández,LAD,OF,,126,517,597.8,597.8,606192
23985,Osleivis Basabe,SFG,2B/SS,,123,482,440.7,440.7,678545
27931,Petey Halpin,CLE,OF,,127,531,475.1,475.1,690984
23986,Curtis Mead,BOS,1B/3B,,116,440,434.5,434.5,678554
22232,Mason McCoy,SDP,SS,,107,401,305.1,305.1,669200
27604,Alika Williams,ATH,2B/SS,,110,396,338.2,338.2,675961
23695,Everson Pereira,STL,OF,,105,441,482.8,482.8,677592
25999,Victor Mesa Jr.,TBR,OF,,102,422,396.9,396.9,683748
23989,Junior Perez,CHW,OF,,133,540,531.6,531.6,678577
sa3025308,Parks Harber,SFG,3B,,89,353,363.8,363.8,692238
24496,DaShawn Keirsey Jr.,ATL,OF,,116,404,376,376,680577
25183,Drew Avans,COL,OF,,110,471,485.1,485.1,682183
31394,Brooks Baldwin,CHW,OF,,124,470,527.1,527.1,681460
26031,Vaughn Grissom,LAA,2B,,113,477,476.5,476.5,687093
sa3024108,Jesús Made,MIL,SS,,122,532,468.9,468.9,815908
26420,Kyren Paris,LAA,2B/OF,,110,422,420.2,420.2,677347
31958,Gabriel Rincones Jr.,PHI,OF,,116,490,506.6,506.6,687282
26540,Angel Martínez,CLE,OF,,137,531,495.2,495.2,682657
sa3022921,Brayden Taylor,MIA,3B,,116,469,390.2,390.2,694966
28848,Tanner Murray,CHW,OF,,125,495,414.4,414.4,695020
19956,Mickey Moniak,COL,OF,,124,436,547,547,666160
sa3019777,William Bergolla Jr.,CHW,2B/SS,,138,559,431,431,703151
sa3022917,Enrique Bradfield Jr.,BAL,OF,,95,391,356.4,356.4,690961
21840,Freddy Fermin,SDP,C,,93,313,261.5,261.5,666023
23782,Leo Jiménez,,2B/3B/SS,,102,369,337.3,337.3,677870
16930,Jonah Heim,ATH,C,,108,391,334,334,641680
sa3025434,Jacob Cozart,LAA,C,,100,410,324.9,324.9,695524
16725,Jose Trevino,CIN,C,,84,261,211.4,211.4,624431
19363,Austin Hays,SDP,OF,,113,426,478,478,669720
21693,Miguel Amaya,CHC,C,,83,278,273.2,273.2,665804
sa3019971,Chris Newell,LAD,OF,,123,515,516.8,516.8,683006
sa3022499,Brock Wilken,MIL,3B,,98,407,387.1,387.1,694385
17276,Alex Jackson,MIN,C,,82,280,248.8,248.8,656577
sa3025264,Brandon Butterworth,BAL,2B/SS,,128,521,454.2,454.2,822578
19455,Andruw Monasterio,BOS,2B/3B/SS,,112,353,378.6,378.6,655316
31357,Nathan Church,STL,OF,,125,496,456.4,456.4,701675
sa3022750,Roc Riggio,COL,2B,,103,434,489.7,489.7,691792
29949,Tyler Black,MIL,1B/DH,,107,461,506.5,506.5,672012
27555,Garrett Mitchell,MIL,OF,,64,224,234.5,234.5,669003
22239,Jeremiah Jackson,BAL,2B/OF,,127,507,494.8,494.8,669236
sa3020575,Kevin Parada,NYM,C,,111,439,393.2,393.2,691006
9777,Nolan Arenado,ARI,3B,,106,435,419.1,419.1,571448
30675,Luis Lara,MIL,OF,,145,611,472.9,472.9,800325
33656,A.J. Ewing,NYM,OF,,140,614,609.6,609.6,805999
27501,Justin Foscue,TEX,2B/DH,,107,461,457.8,457.8,679822
24703,Jonah Bride,TEX,1B/3B,,108,398,359.9,359.9,681146
17452,Jose Siri,LAA,OF,,106,351,293.6,293.6,642350
sa3019982,Kody Huff,CLE,C,,102,389,283.1,283.1,687627
27569,Trei Cruz,DET,OF,,119,504,473.2,473.2,669360
25643,Drew Millas,WSN,C,,85,310,280.4,280.4,686452
sa3016144,Diego Velasquez,SFG,2B/SS,,133,577,454.6,454.6,694196
26284,John Rave,KCR,OF,,121,469,455.8,455.8,670231
sa3015199,Kala'i Rosario,MIN,OF,,133,557,618,618,693850
27653,Christian Koss,SFG,2B/3B/SS,,98,329,290.7,290.7,683766
sa3021208,Eduardo Quintero,LAD,OF,,124,555,551.8,551.8,808234
22168,Akil Baddoo,MIL,OF,,120,462,467.2,467.2,668731
22505,Buddy Kennedy,WSN,2B/3B,,113,447,458.8,458.8,671083
27684,Michael Massey,KCR,2B,,111,419,406.1,406.1,686681
26438,Dominic Canzone,SEA,DH/OF,,121,444,477.8,477.8,686527
21716,Enmanuel Valdez,PIT,2B,,104,389,416.3,416.3,665839
29524,Bryce Teodosio,LAA,OF,,107,382,308.1,308.1,669326
25779,Tyler Tolbert,KCR,OF,,120,429,375.4,375.4,686475
sa3007513,Ramon Mendoza,STL,2B/3B,,110,395,333.8,333.8,680636
25180,Daniel Schneemann,CLE,2B/OF,,117,412,381.5,381.5,682177
sa3025254,Walker Janek,HOU,C,,95,397,303.9,303.9,801075
24605,Michael Helman,TEX,OF,,97,376,334.1,334.1,680737
7802,Miguel Rojas,LAD,SS,,97,307,261.2,261.2,500743
22277,Nick Allen,HOU,SS,,129,442,321.2,321.2,669397
21871,Jerar Encarnacion,SFG,OF,,95,367,399.4,399.4,666464
29962,Kenny Piper,TBR,C,,81,304,242.2,242.2,700652
33390,Bryce Eldridge,SFG,1B/DH,,132,525,596.8,596.8,805811
10155,Mike Trout,LAA,OF,,101,420,495.3,495.3,545361
25688,Cam Devanney,,3B,,113,442,391.3,391.3,687478
20958,Rodolfo Durán,SDP,C,,84,329,298.4,298.4,660710
18882,Brandon Lowe,PIT,2B,,118,469,493.4,493.4,664040
19966,Bobby Dalbec,,1B,,113,432,424.2,424.2,666915
21587,César Salazar,HOU,C,,78,281,234.6,234.6,663967
19813,Charles Leblanc,,2B/3B,,89,352,348.3,348.3,641779
27963,Maximo Acosta,MIA,2B/3B/SS,,133,532,464.4,464.4,691185
15711,Tyler O'Neill,BAL,OF,,88,343,401.8,401.8,641933
31471,Jack Brannigan,PIT,3B,,79,325,298.2,298.2,687394
sa3067043,Caleb Bonemer,CHW,3B/SS,,121,526,454.3,454.3,815352
31988,Nate Furman,SFG,2B,,78,309,316.2,316.2,801501
sa3022680,Phillip Glasser,WSN,2B/OF,,117,498,486.4,486.4,701298
27504,Nick Yorke,PIT,2B/3B,,127,536,498.9,498.9,694377
31661,Jacob Melton,TBR,OF,,98,386,368.4,368.4,689200
19858,Luis Rengifo,SDP,2B/3B,,122,458,425.9,425.9,650859
sa3067041,Nathan Flewelling,TBR,C,,119,508,358.4,358.4,807083
29005,Esmerlyn Valdez,PIT,OF,,136,555,608.7,608.7,699013
sa3010596,Corey Joyce,TEX,2B/SS,,93,378,347,347,687144
12144,Max Kepler,,OF,,104,397,421.5,421.5,596146
27899,Colt Keith,DET,2B/3B/DH,,134,531,612.5,612.5,690993
sa3010342,Jackson Cluff,CHC,SS,,101,365,295.5,295.5,687714
29455,Carlos Jorge,CIN,OF,,122,498,444.4,444.4,699115
25483,Nick Sogard,BOS,2B,,120,473,446.4,446.4,686765
sa3022573,Ryan Ignoffo,MIA,C,,88,347,313.1,313.1,813883
25971,Kevin Alcántara,CHC,DH/OF,,123,494,472.4,472.4,682634
sa3017081,Wyatt Young,NYM,2B/SS,,116,439,322.4,322.4,696281
28811,Angel Genao,CLE,2B/3B,,107,459,406.9,406.9,694197
sa3022611,Aidan Smith,NYM,OF,,111,501,464.8,464.8,806223
18363,Victor Robles,SEA,OF,,79,261,265.1,265.1,645302
33279,Tommy Troy,ARI,OF,,120,524,463.3,463.3,694371
sa3020135,Luke Adams,MIL,1B/3B,,90,352,364.9,364.9,702726
16442,Ryan O'Hearn,PIT,1B/DH,,128,447,504.2,504.2,656811
5417,Jose Altuve,HOU,2B,,116,497,534.3,534.3,514888
12856,George Springer,TOR,OF,,113,477,556.9,556.9,543807
33253,Cole Carrigg,COL,OF,,122,520,544.6,544.6,694249
21558,Matt Vierling,DET,OF,,110,425,442.3,442.3,663837
sa3015698,Danny De Andrade,MIN,2B/SS,,127,507,407.3,407.3,694185
35108,Cam Smith,HOU,OF,,138,500,503.3,503.3,701358
19599,Chas McCormick,CHC,OF,,110,326,294.7,294.7,676801
13419,Christian Walker,HOU,1B,,120,498,512,512,572233
29614,Chad Stevens,COL,2B/3B,,124,496,528.9,528.9,677060
29668,Marcelo Mayer,SFG,2B/3B,,95,373,370.9,370.9,691785
sa3067076,Matthew Ellis,SEA,C,,82,349,252.5,252.5,700815
10642,Carlos Pérez,DET,C,,92,357,324.8,324.8,542208
19566,Nathaniel Lowe,CLE,1B,,142,565,638.3,638.3,663993
20126,Dylan Carlson,,OF,,114,375,364.6,364.6,666185
31396,Tyler Locklear,ARI,1B,,123,524,594,594,682988
22411,Cal Stevenson,DET,OF,,101,364,330.3,330.3,670276
19287,Adolis García,PHI,OF,,121,495,531.4,531.4,666969
sa3006869,Devin Mann,,2B/3B,,94,382,332.6,332.6,669471
12037,Jon Berti,,3B,,93,294,264,264,542932
sa3020216,Mikey Romero,BOS,2B/3B/SS,,129,533,512.2,512.2,702540
13897,Tyler Heineman,LAA,C,,56,169,131.9,131.9,623168
sa3022756,Blake Mitchell,KCR,C,,93,390,340.1,340.1,805810
24878,Heriberto Hernández,MIA,OF,,122,467,519.2,519.2,681715
25867,Ryan Kreidler,MIN,SS,,107,389,326.1,326.1,668952
sa3015623,Christian Cerda,ARI,C,,106,432,349.1,349.1,692416
sa3015190,Adrián Sugastey,SFG,C,,91,348,230.7,230.7,692368
sa3019942,Jud Fabian,BAL,OF,,121,489,399.3,399.3,682983
21538,Nick Fortes,TBR,C,,100,293,235.3,235.3,663743
27630,Nick Loftin,KCR,2B/3B,,110,424,436.9,436.9,679845
18819,Andy Ibáñez,SEA,2B/3B,,108,331,309.7,309.7,628451
29606,Justyn-Henry Malloy,TBR,DH/OF,,129,499,572.8,572.8,669234
13675,Tyrone Taylor,CHC,OF,,108,329,298.1,298.1,621438
20404,Jared Young,NYM,1B,,101,395,435.1,435.1,676724
20002,Bryce Johnson,SDP,OF,,109,337,288.9,288.9,669369
14691,Harold Castro,,2B,,97,352,351.2,351.2,605612
20220,Jo Adell,CLE,OF,,138,505,587.5,587.5,666176
sa3018463,Aroon Escobar,PHI,2B,,139,585,553.4,553.4,800169
22541,George Valera,CLE,DH/OF,,90,360,381.7,381.7,671655
5517,Kyle Higashioka,TEX,C,,79,250,222.3,222.3,543309
27497,Tyler Callihan,PIT,OF,,100,389,348,348,682997
sa3022919,Tre' Morgan,TBR,1B,,104,426,433.9,433.9,691003
27690,Joey Wiemer,CHW,OF,,117,413,349.4,349.4,686894
sa3019965,Bill Knight,SEA,OF,,116,496,378.3,378.3,681098
sa3016922,Mike Antico,COL,OF,,110,436,381.8,381.8,690443
sa3017180,Reed Trimble,BAL,OF,,91,357,348.5,348.5,701655
sa3025609,Sam Petersen,WSN,OF,,63,235,244.2,244.2,695763
17620,Myles Straw,TOR,OF,,125,390,303.2,303.2,664702
sa3021069,Sebastian Walcott,TEX,SS,,139,596,546,546,806964
sa3018938,Cristofer Torin,ARI,SS,,133,594,470.6,470.6,800198
26365,Jonny DeLuca,TBR,OF,,94,349,344.7,344.7,676356
20521,Nick Madrigal,TBR,2B/3B,,82,252,202.7,202.7,663611
12976,Austin Hedges,CLE,C,,68,182,99.2,99.2,595978
sa3018557,Jeral Perez,CHW,2B,,132,571,523.8,523.8,800419
sa3010029,Jack Dunn,,DH,,97,375,298.9,298.9,686639
23442,Luis Vázquez,BAL,3B/SS,,107,384,320.3,320.3,676679
sa3016818,Marcos Castañon,SDP,2B/3B,,119,483,442.6,442.6,676203
15194,Jake Bauers,MIL,1B/OF,,107,329,399.6,399.6,641343
33312,Brett Bateman,TOR,OF,,106,444,357.8,357.8,703520
22514,Triston Casas,BOS,1B,,97,377,450.6,450.6,671213
sa3021051,Demetrio Crisantes,ARI,2B,,75,335,326.4,326.4,702679
31595,Brooks Lee,MIN,3B/SS,,130,516,490.6,490.6,686797
22842,Alexander Canario,,OF,,91,323,334.7,334.7,672744
sa3022830,Dylan Jasso,MIA,1B/3B,,133,541,499.7,499.7,815734
33191,Brock Rodden,SEA,3B/SS,,97,402,349.1,349.1,801126
sa3024134,Luis Peña,MIL,SS,,100,423,401.2,401.2,821270
28344,Tsung-Che Cheng,BOS,SS,,128,494,401.4,401.4,691907
19432,Yonny Hernández,,2B/3B,,107,396,304.9,304.9,660634
27573,Gage Workman,SDP,3B,,115,449,436,436,669398
25660,Will Brennan,SFG,OF,,105,376,385.9,385.9,686823
sa3018611,Juan Matheus,MIA,3B/SS,,133,522,415.8,415.8,801276
21524,Joey Bart,CHW,C,,94,324,310,310,663698
27471,Zach DeLoach,,OF,,107,437,385.7,385.7,676113
18054,Sam Haggerty,,OF,,96,308,306.1,306.1,664059
9218,Paul Goldschmidt,NYY,1B,,112,447,497.2,497.2,502671
sa3025333,James Tibbs III,LAD,1B/OF,,130,556,552,552,696486
sa3015696,Cristian Hernández,MIA,SS,,128,548,463.3,463.3,694183
10815,Jurickson Profar,ATL,OF,,106,459,523.4,523.4,595777
17232,Yoán Moncada,LAA,3B,,88,328,338.2,338.2,660162
sa3020276,Murphy Stehly,,3B,,67,257,252.7,252.7,693822
16496,Forrest Wall,,OF,,95,361,321.5,321.5,657088
10324,Marcell Ozuna,,DH/OF,,123,503,589.3,589.3,542303
24765,Bryan Lavastida,ATH,C,,91,365,340.6,340.6,681526
29905,Kahlil Watson,CLE,OF,,113,453,455.4,455.4,696135
sa3015846,Bryant Betancourt,COL,C/1B,,110,409,347.1,347.1,700164
sa3008751,Eduardo Garcia,MIL,SS,,123,505,394.3,394.3,682633
sa3014448,Trevor Hauver,TEX,OF,,107,444,436.4,436.4,669386
sa3017121,Austin Gauthier,LAD,2B,,118,491,447.4,447.4,702789
21646,Rafael Marchán,PHI,C,,57,199,162.3,162.3,665561
sa3025469,Cameron Leary,ATH,OF,,124,533,485.7,485.7,802474
27962,Adael Amador,COL,2B,,123,513,553.9,553.9,691182
31490,Wade Meckler,LAA,OF,,105,431,430.5,430.5,685133
21842,Carlos Cortes,ATH,OF,,106,392,392.6,392.6,666126
19354,Luke Raley,SEA,OF,,102,344,354.7,354.7,670042
sa3025367,Jackson Appel,CHW,C,,84,339,269.3,269.3,815096
22275,Jake Burger,TEX,1B/3B,,121,466,515.3,515.3,669394
31912,Chandler Simpson,TBR,OF,,130,547,522.8,522.8,802415
22557,Michael Siani,DET,OF,,126,455,344.5,344.5,672279
sa3022442,Jared Sundstrom,SEA,OF,,119,484,417.5,417.5,814791
sa3018397,Keiner Delgado,PIT,2B/SS,,125,527,429.8,429.8,700731
sa3015790,Thayron Liranzo,DET,C,,105,436,356.4,356.4,699073
29995,Daylen Lile,WSN,OF,,140,574,608.2,608.2,695734
25425,Austin Shenton,,1B/DH,,100,412,367.5,367.5,668853
21626,Griffin Conine,MIA,OF,,104,401,386.1,386.1,665052
18015,Paul DeJong,,SS,,99,351,280.5,280.5,657557
sa3017043,Michael Trautwein,CIN,C,,81,276,207.3,207.3,681114
29577,Ben Malgeri,DET,OF,,107,411,386.9,386.9,701162
22471,Livan Soto,,SS,,108,433,326.7,326.7,670869
31431,Jordan Beck,COL,OF,,138,556,639.8,639.8,687597
sa3022694,Luke Shliger,DET,C,,59,237,153.7,153.7,807740
29710,Cam Cauley,TEX,2B/OF,,122,504,459.4,459.4,695508
20450,Brewer Hicklen,ATL,OF,,98,394,391.8,391.8,676551
21707,Oswaldo Cabrera,CIN,3B/OF,,97,320,279.5,279.5,665828
13324,Ildemaro Vargas,ARI,2B/3B,,90,323,269,269,545121
sa3022892,Arjun Nimmala,LAA,SS,,134,565,467.3,467.3,805796
33270,Jonah Cox,SFG,OF,,122,542,425.4,425.4,813841
19314,Donovan Walton,ATH,2B,,105,398,331.2,331.2,622268
17954,Sam Hilliard,,OF,,106,393,423,423,656541
sa3022897,Colton Ledbetter,STL,OF,,123,511,465.7,465.7,807742
sa3025157,Elijah Hainline,LAD,2B/SS,,119,485,407,407,809944
25629,Cody Freeman,TEX,2B/3B,,126,515,483.2,483.2,683227
23372,Hunter Feduccia,LAD,C,,97,373,345.7,345.7,676439
20536,Vidal Bruján,NYM,2B/OF,,103,311,258,258,660644
15274,Mike Tauchman,,OF,,98,350,335.5,335.5,643565
22164,Payton Henry,PHI,C,,75,271,235.9,235.9,668721
32127,Chase DeLauter,CLE,DH/OF,,51,210,231.1,231.1,800050
sa3010021,Kody Hoese,,3B,,104,415,379.2,379.2,682210
11477,Christian Yelich,MIL,OF,,119,508,558.1,558.1,592885
sa3003219,Rafael Lantigua,,2B,,123,486,426.9,426.9,672463
24622,Ryan Fitzgerald,LAD,2B/SS,,92,338,303.4,303.4,680837
33357,Andrew Pinckney,WSN,OF,,126,505,483.9,483.9,687605
26047,Jase Bowen,SDP,OF,,114,455,410,410,687749
sa3020493,Andrew Cossetti,MIN,C,,86,357,306.3,306.3,681355
18042,Dylan Moore,PHI,2B/OF,,112,298,335.6,335.6,664238
sa3011578,Wuilfredo Antunez,PHI,OF,,108,444,447.1,447.1,686404
sa3020122,Thomas Gavello,SFG,2B/3B,,102,383,312.3,312.3,687284
19384,Trenton Brooks,HOU,1B/DH,,104,412,390,390,670092
sa3066597,Deniel Ortiz,STL,1B/3B,,120,497,477.8,477.8,811765
sa3019924,Matthew Wood,MIL,C,,96,387,274.8,274.8,687783
sa3023425,Christian Knapczyk,CLE,2B,,117,521,407.9,407.9,694387
sa3015018,Nick Raposo,SEA,C,,79,300,198.4,198.4,695596
26469,Davis Wendzel,,3B,,103,397,324.5,324.5,673995
31166,Heston Kjerstad,BAL,OF,,104,402,411.1,411.1,677008
22707,Gustavo Campero,LAA,OF,,97,353,392.4,392.4,672569
13145,Josh Bell,MIN,1B/DH,,122,484,555.9,555.9,605137
sa3019976,Silas Ardoin,BAL,C,,100,377,267,267,686976
sa3025151,Ryan Campos,STL,C,,97,415,300,300,701481
19326,Bryan Reynolds,PIT,OF,,137,580,619.8,619.8,668804
21562,Romy Gonzalez,BOS,1B/2B,,106,340,371.6,371.6,663853
26323,Spencer Steer,CIN,1B/OF,,139,569,625.5,625.5,668715
30028,Bob Seymour,,1B,,116,473,504.3,504.3,676044
sa3016803,Spencer Packard,SEA,OF,,108,456,421.1,421.1,689070
19238,Lourdes Gurriel Jr.,,OF,,115,477,500.4,500.4,666971
22054,Dane Myers,CIN,OF,,105,373,387.9,387.9,667472
sa3016717,Luis Suisbel,SEA,1B/3B,,119,515,399,399,692044
18551,Ali Sánchez,NYY,C,,79,270,197.1,197.1,645305
sa3007028,Chris Williams,,C/1B,,83,312,250,250,675910
16375,Óscar Mercado,,OF,,104,386,362,362,640458
25855,Matt Gorski,LAD,1B/OF,,96,364,356.4,356.4,685301
sa3023374,Colby Shade,MIA,OF,,112,440,368,368,694974
16947,Derek Hill,PHI,OF,,93,331,272.6,272.6,656537
24782,David Villar,,1B/3B,,98,391,358.7,358.7,681584
18373,Ryan Mountcastle,BAL,1B,,108,436,478.7,478.7,663624
25138,Levi Jordan,WSN,OF,,103,394,335.7,335.7,682119
22766,Steward Berroa,PHI,OF,,105,382,319,319,672642
sa3022534,Mark Coley II,MIL,OF,,85,307,275,275,696501
sa3022890,Adrian Santana,MIA,SS,,106,467,351.1,351.1,803745
27462,Austin Martin,MIN,OF,,97,368,363.3,363.3,668885
sa3017075,Luke Waddell,ATL,SS,,108,446,354.4,354.4,680672
16622,Luis Urías,TOR,2B/3B,,105,390,386.5,386.5,649966
17684,Vimael Machín,COL,3B,,108,417,431.6,431.6,605353
sa3025160,Jon Jon Gazdar,STL,2B/SS,,107,473,355.2,355.2,822501
sa3017284,Shane McGuire,ATH,C/1B,,84,340,254.8,254.8,676063
sa3022812,Kehden Hettiger,PHI,C/1B,,105,421,337.1,337.1,800607
35322,Hyeseong Kim,LAD,2B/SS,,118,371,330.5,330.5,808975
sa3016966,Cooper Bowman,,2B,,97,414,360.4,360.4,688682
16426,Thairo Estrada,,2B,,95,384,324.5,324.5,642731
19260,Jake Fraley,TBR,OF,,100,324,327.2,327.2,641584
21897,Christopher Morel,NYM,DH/OF,,127,464,514,514,666624
17338,Willi Castro,COL,2B/OF,,125,463,514.2,514.2,650489
27482,Robert Hassell III,PIT,OF,,132,523,458.1,458.1,690987
25543,Korey Lee,CHW,C,,98,350,315,315,686676
16472,Rhys Hoskins,CLE,1B,,100,398,425.9,425.9,656555
25332,Endy Rodríguez,PIT,C,,103,408,421.3,421.3,682848
25621,Bryan Ramos,BAL,3B,,117,474,392,392,682868
12552,Eugenio Suárez,CIN,3B,,134,552,656.5,656.5,553993
7739,Travis d'Arnaud,LAA,C,,66,234,198.4,198.4,518595
30163,César Prieto,STL,3B,,123,505,441.1,441.1,693409
17027,Alex Verdugo,,OF,,107,441,411.9,411.9,657077
sa3014834,Matt Koperniak,,OF,,117,488,436,436,689288
sa3025515,Dillon Lewis,MIA,OF,,128,538,500.3,500.3,827665
25813,Grae Kessinger,PIT,2B/3B,,91,336,263.9,263.9,666197
sa3010028,Christian Cairo,NYM,2B/3B/SS,,115,417,329.7,329.7,686551
29896,Christian Franklin,BAL,OF,,117,484,462.3,462.3,681047
sa3025481,Jack Penney,DET,2B/SS,,92,369,276.9,276.9,802599
31415,Collin Price,HOU,C,,106,390,335.3,335.3,805672
11899,Joc Pederson,TEX,DH/OF,,100,327,364.6,364.6,592626
17736,Richie Martin Jr.,,SS,,92,339,252.4,252.4,621006
sa3022612,Sammy Stafura,NYM,SS,,128,572,422.2,422.2,806230
sa3015589,Javier Rivas,PIT,3B/SS,,129,503,400.1,400.1,691922
sa3003185,Yunior Severino,,2B/3B,,104,446,413.9,413.9,670870
19844,Abraham Toro,KCR,2B/3B,,115,431,440.7,440.7,647351
sa3002866,Freuddy Batista,HOU,C,,76,319,288.1,288.1,673945
sa736954,Luis Castro,,1B,,86,374,376.8,376.8,620449
14551,Anthony Santander,TOR,OF,,114,476,534.2,534.2,623993
19562,Zack Short,NYM,SS,,121,420,318.1,318.1,670097
26143,Troy Johnston,COL,OF,,117,468,536.8,536.8,687859
19802,Jhonny Pereda,SEA,C,,81,277,226.2,226.2,640902
19294,Nick Solak,SDP,2B,,102,400,398.2,398.2,669256
20321,Stuart Fairchild,SEA,OF,,101,288,277.5,277.5,656413
sa3022815,Matthew Etzel,MIA,OF,,109,432,432.5,432.5,803033
25616,Marco Luciano,NYY,SS,,124,516,495.1,495.1,682617
17273,Jorge Mateo,TBR,SS,,99,304,269.9,269.9,622761
28820,Moisés Ballesteros,LAA,DH,,147,597,657,657,694208
sa3014426,Hayden Cantrelle,CHC,2B,,104,377,275.1,275.1,676463
sa916844,Ricardo Genovés,,C,,69,249,184,184,665648
sa3020351,Matt Suggs,,C,,50,174,115.1,115.1,702110
19877,Tristan Gray,MIN,3B/SS,,109,408,368.4,368.4,656484
24273,Liover Peguero,WSN,2B/SS,,124,491,440.1,440.1,678894
sa3022685,Nick Goodwin,TOR,2B/SS,,101,389,308.1,308.1,800959
22857,Wenceel Pérez,DET,OF,,115,454,446.1,446.1,672761
sa3008251,Jax Biggers,HOU,2B,,100,370,263.5,263.5,680890
sa3020280,Cutter Coffey,TOR,3B,,108,464,383.1,383.1,702690
sa3015800,Gregory Barrios,TBR,SS,,107,413,295.1,295.1,699126
17975,Scott Kingery,,SS/OF,,97,361,261.2,261.2,664068
19890,Emmanuel Rivera,,3B,,110,362,324.4,324.4,656896
19948,Cristian Pache,NYM,OF,,98,302,228.4,228.4,665506
sa3025410,Ethan Anderson,BAL,C/1B,,96,377,309.7,309.7,803175
sa3018508,Jansel Luis,ARI,2B/3B/SS,,122,532,449.7,449.7,800306
21987,Rodolfo Castro,,2B/SS,,125,465,423.7,423.7,666801
20626,Logan Porter,LAA,C,,85,327,252.7,252.7,682515
26467,Luis Matos,MIL,OF,,124,480,492.8,492.8,682641
sa3023377,Noah Myers,TBR,OF,,110,426,371.9,371.9,671956
sa3018398,Jace Avina,NYY,OF,,110,450,405.5,405.5,701778
16623,Greg Allen,,OF,,76,261,215.7,215.7,656185
29539,Abimelec Ortiz,WSN,1B,,134,528,532.1,532.1,694673
35094,Sean Keys,TOR,1B/DH,,128,529,453.1,453.1,815873
21730,Jair Camargo,ATL,C/DH,,79,307,243.3,243.3,665856
sa3017078,Riley Tirotta,,1B/3B,,114,435,412.5,412.5,694661
24488,Max Schuemann,NYY,SS,,113,381,348.3,348.3,680474
11442,Gary Sánchez,MIL,C,,74,261,242.8,242.8,596142
24597,Jonathan Ornelas,MIL,2B/3B/SS,,118,471,341,341,680716
sa3010845,Chase Strumpf,,2B/3B,,99,394,323.2,323.2,668664
25346,Ronny Simon,PIT,OF,,114,466,465.4,465.4,682927
21127,Alejo Lopez,KCR,2B,,112,438,394.2,394.2,664670
sa3019996,Cayden Wallace,WSN,3B,,123,489,386.7,386.7,691024
15674,Reese McGuire,CHW,C,,80,247,183.5,183.5,624512
sa3015535,Esteban González,CLE,OF,,111,458,402.5,402.5,691416
sa3016084,Allan Castro,BOS,OF,,119,490,445.1,445.1,691369
sa3008181,Hunter Stovall,,2B/3B,,96,376,270,270,667663
sa3020498,Xavier Isaac,TBR,1B,,83,336,380.7,380.7,800060
23733,Ezequiel Duran,TEX,3B,,116,390,368.7,368.7,677649
17922,Isan Díaz,,2B/3B,,63,253,232.7,232.7,656371
sa3020190,Brock Jones,TBR,OF,,102,379,337.8,337.8,677342
30871,Josue De Paula,LAD,DH,,121,504,501.4,501.4,800543
9774,Christian Vázquez,HOU,C,,72,246,157.7,157.7,543877
18067,Garrett Stubbs,PHI,C,,76,257,203.7,203.7,596117
11368,Yasmani Grandal,,C,,66,241,204,204,518735
32119,Nick Morabito,NYM,OF,,122,513,446.3,446.3,703492
27784,Tyler Gentry,,OF,,109,433,400.1,400.1,694355
17907,Brendan Rodgers,BOS,2B,,98,377,339.2,339.2,663898
sa3025316,Sam Kulasingam,KCR,2B,,128,526,417.8,417.8,814528
10059,Max Stassi,,C,,63,232,174.7,174.7,545358
27593,Ivan Johnson,CIN,2B,,96,353,332.3,332.3,671155
32054,Shawn Ross,TOR,C/1B,,81,298,193.7,193.7,676566
22458,Taylor Walls,TBR,SS,,107,346,275,275,670764
sa3025359,Cole Messina,COL,C,,111,432,333,333,701783
sa3014944,Francisco Urbaez,CIN,2B,,98,394,370.3,370.3,688005
13590,Jesse Winker,,OF,,97,345,358.2,358.2,608385
19734,Josh Rojas,KCR,3B,,99,343,307.7,307.7,668942
sa3022531,Colby Halter,ATH,2B,,118,477,430.5,430.5,690985
sa3016173,Ahbram Liendo,BOS,2B/3B,,131,496,365.5,365.5,699157
29571,Tim Tawa,ARI,1B/OF,,114,446,368.5,368.5,694374
sa3022613,Brandon Winokur,MIN,3B/SS/OF,,127,549,486.4,486.4,806263
19906,Diego Castillo,TEX,2B/SS,,103,405,364.8,364.8,660636
sa3016969,Izaac Pacheco,DET,3B,,111,467,385.4,385.4,691789
29830,Jack Winkler,ATH,2B,,110,412,295,295,676466
10681,Gio Urshela,,3B,,89,316,287.7,287.7,570482
sa3017110,Peyton Wilson,KCR,2B,,117,469,435,435,686523
sa3025551,Jackson Strong,DET,OF,,105,441,327.1,327.1,825924
sa3007822,Elih Marrero,KCR,C,,45,161,109.7,109.7,663503
sa918698,Ramón Rodríguez,MIL,C,,64,233,179.7,179.7,670232
32053,Turner Hill,SFG,OF,,97,386,311.6,311.6,806367
sa3017001,Noah Mendlinger,STL,2B/OF,,117,463,382.8,382.8,702331
26197,Andrew Vaughn,MIL,1B/OF,,138,560,613.6,613.6,683734
sa3025495,Marco Dinges,MIL,C,,81,330,281.8,281.8,701392
33795,Rikuu Nishida,CHW,OF,,120,507,394.7,394.7,807747
19643,Daniel Johnson,,OF,,101,384,362.9,362.9,669288
sa3016956,Chris Meyers,DET,1B/OF,,102,404,387.3,387.3,680273
sa3025202,Fenwick Trimble,MIA,OF,,86,362,335.9,335.9,814458
sa3025205,Gage Miller,MIA,2B/3B,,108,439,311.7,311.7,824028
sa3014688,Adrian Placencia,LAA,2B/SS,,124,528,409.3,409.3,691269
sa1169818,Cody Milligan,,2B/OF,,100,406,326.5,326.5,687862
17837,Jakson Reetz,SEA,C,,77,279,202.1,202.1,656883
sa3023373,Maui Ahuna,SFG,SS,,66,278,239,239,694757
sa3025414,Seaver King,WSN,SS,,129,547,401,401,814409
sa3015636,Victor Arias,TOR,OF,,110,491,433.9,433.9,692478
18821,José Azócar,ATL,OF,,111,339,297.7,297.7,640492
23296,Jacob Amaya,,SS,,111,414,321.3,321.3,676070
sa3022885,Mac Horvath,TBR,3B/OF,,109,459,427.1,427.1,690991
sa3020204,Ryan Cermak,TBR,OF,,44,178,151.5,151.5,688714
sa3023168,Josh Adamczewski,MIL,2B/OF,,87,342,301.4,301.4,815304
20311,Corey Julks,DET,OF,,111,431,429.9,429.9,667452
19892,Pavin Smith,ARI,1B/OF,,106,374,414.9,414.9,656976
23209,Blake Hunt,,C,,78,299,242.9,242.9,675448
29805,TJ Rumfield,COL,1B,,127,515,582.6,582.6,681198
25434,Will Wilson,SEA,2B/3B,,113,420,284.6,284.6,669717
16357,Pablo Reyes,LAA,OF,,89,311,277.9,277.9,622569
25524,Aaron Schunk,,2B/3B/SS,,109,412,314.4,314.4,668845
sa3025391,Émilien Pitre,NYM,2B,,120,524,419.3,419.3,692150
sa3007639,Nick Schnell,,OF,,124,490,442.8,442.8,678010
26106,Maverick Handley,ATL,C,,77,278,189.5,189.5,668974
sa3020014,Connor Charping,SEA,C,,57,228,173.9,173.9,806464
16153,Austin Slater,TBR,OF,,96,247,232.1,232.1,596103
24589,Richie Palacios,TBR,2B/OF,,100,365,333.2,333.2,680700
20003,Keston Hiura,,1B/2B,,103,408,438.2,438.2,669374
sa1169803,Clay Dungan,SDP,2B/SS,,122,493,372.9,372.9,687867
sa3022500,Sabin Ceballos,SFG,3B,,122,483,377,377,694754
sa3010159,Ripken Reyes,,2B,,103,408,299,299,685341
sa3022751,Dylan Campbell,CHW,OF,,131,523,425,425,694749
sa3022700,Chase Jaworsky,MIA,2B/SS,,84,330,266.1,266.1,814172
27599,Jacob Hurtubise,MIL,OF,,103,344,292.6,292.6,674441
sa3029251,Cole Conn,ATH,C,,83,317,222.6,222.6,813833
sa3025411,Dante Nori,PHI,OF,,133,594,487,487,807276
19358,Weston Wilson,SEA,3B/OF,,101,370,350.1,350.1,642215
20287,Ben Rortvedt,LAD,C,,88,282,199.1,199.1,666163
sa3018424,Johanfran Garcia,BOS,C,,59,245,192.3,192.3,703190
sa3022808,Tavian Josenberger,BAL,OF,,81,326,263.4,263.4,694444
15271,Austin Wynns,CHC,C,,45,134,110.4,110.4,642851
sa3020221,Bryan Rincon,PHI,SS,,94,364,272.4,272.4,804858
21635,Nick Maton,,2B/3B,,99,348,325.9,325.9,665155
sa3019932,Logan Wagner,LAD,2B/3B,,127,531,400.5,400.5,702488
31837,Masataka Yoshida,BOS,DH/OF,,94,374,419.8,419.8,807799
29573,Billy Cook,PIT,OF,,114,445,411.5,411.5,695257
sa918983,Matt Fraizer,,OF,,96,365,318.4,318.4,670208
sa3019917,Caleb Ricketts,PHI,C,,75,301,238.2,238.2,681080
11489,Michael A. Taylor,,OF,,112,317,239.2,239.2,572191
32051,Ethan Salas,SDP,C/DH,,113,435,259.4,259.4,806956
sa3017285,Damon Dues,,2B,,54,198,177,177,680815
18126,LaMonte Wade Jr.,HOU,1B/OF,,99,340,336.3,336.3,664774
sa3025198,Carson DeMartini,PHI,3B,,128,522,448.3,448.3,701831
16398,Brian Navarreto,MIA,C,,68,238,155,155,640459
sa3015727,Hendry Mendez,MIN,OF,,128,514,501.4,501.4,694230
26244,Kenedy Corona,NYY,OF,,118,452,355.7,355.7,685744
sa3023622,Payton Eeles,BAL,2B/SS,,106,444,391.9,391.9,823356
25476,Cam Eden,,DH/OF,,102,351,252.3,252.3,686490
33492,Jim Jarvis,ATL,SS,,108,416,306.2,306.2,805347
sa3018552,Aron Estrada,BAL,2B,,125,503,482.3,482.3,800406
25714,Blaine Crim,,1B,,122,521,599.8,599.8,688760
sa3019863,Braedon Karpathios,SDP,OF,,126,524,448.8,448.8,701682
15124,Tim Locastro,,OF,,96,329,286.5,286.5,641796
21535,Connor Kaiser,KCR,2B,,95,342,232.1,232.1,663731
sa3022928,Weston Eberly,,C,,32,109,46,46,814440
sa3015542,Adrian Pinto,TOR,2B,,28,121,107.5,107.5,691437
29782,Niko Kavadas,LAA,1B/DH,,121,493,475.7,475.7,694359
sa3025265,Jay Thomason,MIN,1B/OF,,68,247,209.4,209.4,823295
sa3018571,Jefferson Rojas,NYM,SS,,118,503,399.3,399.3,800473
sa3018565,Echedry Vargas,MIA,3B/SS,,97,393,317,317,800448
13355,Luke Maile,KCR,C,,52,148,124.9,124.9,571912
sa3016346,Carlos Linarez,,C,,50,166,94.2,94.2,701800
20233,Gilberto Celestino,,OF,,107,390,318.4,318.4,665482
sa3017045,Wes Clarke,,DH,,110,468,499.1,499.1,682265
12180,Jorge Alfaro,KCR,C,,79,295,246.6,246.6,595751
19983,Conner Capel,COL,OF,,108,394,373.4,373.4,668843
sa3025602,Woody Hadeen,DET,2B/SS/OF,,120,495,383.5,383.5,802219
27845,Matt Mervis,,1B/DH,,107,425,418.6,418.6,670223
sa3025630,Canyon Brown,KCR,C,,84,280,182.7,182.7,701401
13755,Tomás Nido,BOS,C,,75,241,172.8,172.8,621512
17901,Andrew Benintendi,CHW,OF,,115,460,487.6,487.6,643217
23312,Ryan Noda,BAL,1B,,110,416,387.6,387.6,676116
11472,Dixon Machado,,2B/SS,,82,326,202.1,202.1,553988
21501,Trevor Larnach,MIN,DH/OF,,124,478,521.1,521.1,663616
18582,Rudy Martin Jr.,TOR,DH,,83,331,298.9,298.9,657675
23395,Eric Wagaman,NYM,1B,,123,464,487.8,487.8,676572
16434,Christian Arroyo,,2B,,70,249,217.4,217.4,624414
sa3020764,Guy Lipscomb,,OF,,101,402,328.7,328.7,805865
sa3019990,Peyton Graham,DET,2B/SS,,99,388,301.5,301.5,689931
22896,Lenyn Sosa,,2B,,132,520,496.8,496.8,672820
sa3019964,David McCabe,ATL,1B/3B,,121,495,464,464,678173
15653,Dominic Smith,ATL,1B,,109,402,390.9,390.9,642086
24400,Terrin Vavra,,2B/OF,,89,311,261.1,261.1,679631
sa1052903,Anthony Prato,,2B/OF,,103,392,362.1,362.1,668791
sa3019907,Taylor Young,LAD,2B/3B,,119,513,395.6,395.6,805891
27763,Drew Romo,CHW,C,,97,369,284.8,284.8,691011
19292,Armando Alvarez,,1B/3B,,81,303,267.7,267.7,669137
29957,Edwin Arroyo,CIN,2B,,134,562,454.9,454.9,695490
sa3025268,Brendan Durfee,SDP,C,,87,366,248.6,248.6,826545
sa3022443,Graysen Tarlow,STL,C,,58,199,141.8,141.8,815104
sa3009565,Nelson Quiroz,LAD,C,,59,220,184.4,184.4,685716
16417,Sergio Alcántara,,2B/3B/SS,,115,412,306.3,306.3,642727
sa3005472,Jeferson Morales,,C/OF,,91,345,327.8,327.8,672373
28326,Jared Serna,MIA,2B,,123,528,427.1,427.1,691858
sa3020536,D'Andre Smith,NYM,2B/OF,,102,388,367.9,367.9,694266
16530,Mauricio Dubón,ATL,OF,,124,383,326.3,326.3,643289
sa3015292,Jose Devers,CLE,SS,,125,517,374.4,374.4,691410
sa3067128,Nate George,BAL,OF,,103,410,347.7,347.7,825582
12147,Nick Ahmed,,SS,,59,176,118.1,118.1,605113
10323,Rafael Ortega,,OF,,89,315,238.2,238.2,542364
sa3017512,Noah Miller,LAD,SS,,124,509,337.9,337.9,695653
sa3018648,Jean Carlos Sió,SFG,2B,,121,514,409.4,409.4,805117
20056,Alan Trejo,,2B/SS,,102,366,294.1,294.1,676701
33361,Yohandy Morales,WSN,1B,,125,516,484.1,484.1,691002
29767,BJ Murray Jr.,CHC,1B/DH,,121,497,437.5,437.5,681230
sa3020102,Jancel Villarroel,SFG,C,,105,447,356,356,806611
15161,Mitch Garver,NYY,C/DH,,79,282,233.2,233.2,641598
sa3022599,Connor Burns,CIN,C,,88,332,193.6,193.6,694829
19859,René Pinto,,C,,76,282,243.5,243.5,650907
23378,José Barrero,BAL,SS,,103,375,301,301,676480
22532,Tyler Freeman,COL,OF,,113,418,445.9,445.9,671289
sa3017370,Josh Crouch,,C,,76,294,213.2,213.2,676509
23250,David Bañuelos,MIN,DH,,40,130,86.8,86.8,675915
25817,Braden Shewmake,HOU,3B/SS,,102,374,273.2,273.2,669699
25467,Will Robertson,BAL,OF,,112,416,417.8,417.8,683770
sa917132,Ismael Munguia,,OF,,97,368,326.6,326.6,665998
29912,Darren Baker,SFG,2B/DH,,113,433,338.6,338.6,671117
sa3023424,Julian Brock,TEX,C,,87,347,224.3,224.3,683149
sa3005478,Carlos Rodríguez,SDP,OF,,133,525,421.3,421.3,677578
sa3014525,A.J. Vukovich,ARI,3B/OF,,123,510,465.4,465.4,691021
13770,Rob Refsnyder,,OF,,71,224,220.7,220.7,608701
sa3010278,Kellen Strahm,,OF,,104,421,327.7,327.7,687005
sa3020642,Joe Lampe,,OF,,121,472,375,375,802407
23794,Jordan Groshans,ATL,3B,,105,407,306,306,677954
17982,Ty France,SDP,1B,,122,470,449,449,664034
sa3025197,John Spikerman,NYM,OF,,64,263,204.9,204.9,701811
30063,Tristan Peters,CHW,OF,,129,513,452.6,452.6,671976
25505,Cade Marlowe,LAA,OF,,91,374,397.1,397.1,687799
24257,Jhonkensy Noel,BAL,OF,,139,496,493.5,493.5,678877
19422,Brian Serven,ATH,C,,73,252,160.3,160.3,661531
14111,Eric Haase,ATL,C,,80,251,188.4,188.4,606992
sa3019870,Ben Gobbel,LAA,3B,,116,452,403.3,403.3,806534
sa3025454,Ariel Armas,CHC,C,,99,384,233.5,233.5,813666
19318,Matt Thaiss,HOU,C,,80,270,237.1,237.1,642136
sa3020676,Druw Jones,ARI,OF,,135,575,439.6,439.6,702258
16925,Aramis Garcia,ARI,C,,69,249,166,166,605244
20054,Bligh Madris,STL,1B/OF,,98,379,308.3,308.3,676632
sa3017394,Luca Tresh,KCR,C,,90,350,320,320,681123
29189,Héctor Rodríguez,CIN,OF,,145,589,574.1,574.1,699302
16451,Luis Guillorme,,2B/3B,,92,290,194.2,194.2,641645
19997,Santiago Espinal,ARI,2B/3B,,109,340,270.2,270.2,669289
12005,Nick Martini,,DH/OF,,91,353,323.4,323.4,605361
sa3025263,Derek Berg,PIT,C,,93,346,224.2,224.2,815074
25448,Greg Jones,CHC,OF,,84,337,267.2,267.2,675659
sa3005624,Ronaiker Palma,,C,,60,224,157,157,681623
sa3020417,Brooks Brannon,BOS,C/1B,,95,393,320.1,320.1,703477
19610,Keibert Ruiz,WSN,C,,103,398,342.9,342.9,660688
33514,Brett Callahan,DET,OF,,70,280,244.8,244.8,814430
sa3022426,Chase Davis,STL,OF,,118,487,364.3,364.3,690971
18848,Yohel Pozo,BAL,C/DH,,84,301,269.6,269.6,650968
17696,Kevin Newman,,2B/SS,,96,297,240.5,240.5,621028
19273,Stone Garrett,,OF,,90,328,283.1,283.1,656448
sa3020271,Maxwell Romero Jr.,WSN,C,,86,321,199.6,199.6,686912
sa3019906,Javier Vaz,KCR,2B/OF,,110,491,403.3,403.3,805834
sa3008768,Dayan Frias,CLE,3B,,124,478,336.7,336.7,682679
sa3025315,Nick Mitchell,WSN,OF,,88,374,294.6,294.6,814455
sa3022604,Avery Owusu-Asiedu,ARI,OF,,117,438,363.8,363.8,801938
sa3025256,Ben McLaughlin,ARI,1B,,107,401,360,360,808768
sa3008877,Euribiel Angeles,ATH,2B/SS,,130,507,415.8,415.8,683494
sa738152,Edwin Díaz,,3B/SS,,86,341,277.2,277.2,641521
18217,Brett Sullivan,COL,C,,82,319,287.6,287.6,664954
sa3020203,Josh Kasevich,TOR,SS,,104,419,320.9,320.9,688460
25805,Blake Sabol,TBR,C/OF,,94,342,283.9,283.9,666165
sa3020189,Devonte Brown,,OF,,99,371,315.8,315.8,675994
sa3025406,Colin Tuft,BAL,C,,78,284,208.8,208.8,702239
sa3020008,Blake Rambusch,SEA,2B/OF,,108,382,287.9,287.9,800683
sa3017171,Ian Moller,TEX,C,,90,348,192.4,192.4,695744
sa3016826,Raylin Heredia,PHI,OF,,74,269,266.4,266.4,699712
sa3010036,J.T. Arruda,TBR,2B/SS,,102,363,238.9,238.9,686793
sa3022539,Ryan Lasko,ATH,OF,,111,464,309,309,805782
25005,Justin Dean,CHC,OF,,109,383,281.6,281.6,681909
26517,Noelvi Marte,CIN,3B/OF,,120,478,528.6,528.6,682622
sa3020009,Tanner Schobel,MIN,2B/3B,,114,461,385.3,385.3,802355
21489,Hayden Senger,NYM,C,,79,269,160,160,663584
11339,Jake Marisnick,,OF,,52,172,138.4,138.4,545350
31567,Trey Lipscomb,WSN,3B,,126,485,390.3,390.3,702358
19806,Jason Delay,BOS,C,,77,249,162.1,162.1,641511
15518,Amed Rosario,NYY,SS,,104,379,338.7,338.7,642708
sa3022566,Jeron Williams,,2B/SS,,69,271,220.3,220.3,700784
sa3019972,Clark Elliott,ATH,OF,,113,450,405.8,405.8,686499
12859,James McCann,ARI,C,,71,246,196.9,196.9,543510
24388,José Rodríguez,,2B,,83,359,302.2,302.2,679563
16219,J.D. Davis,,3B,,89,318,282.9,282.9,605204
25844,Logan Davidson,TBR,1B,,107,423,367.4,367.4,669722
24574,Eduardo Valencia,DET,C/DH,,105,407,429.6,429.6,680664
27543,Duke Ellis,NYY,OF,,90,292,243.3,243.3,668752
sa3008845,Jose Ramos,NYM,OF,,114,469,389.4,389.4,682947
sa3025409,Griff O'Ferrall,BAL,2B/SS,,128,517,343.2,343.2,803172
16403,Francisco Mejía,,C,,73,274,214.3,214.3,642336
sa3011753,Erick Brito,PHI,SS,,110,388,246.1,246.1,684081
sa3015610,Onil Perez,SFG,C,,76,321,229.5,229.5,692366
sa3023013,Ralphy Velazquez,CLE,1B,,139,591,620.8,620.8,806252
sa3025260,Kyle DeBarge,MIN,2B/SS,,122,545,435.7,435.7,814414
sa3017331,Dru Baker,CHW,OF,,110,428,365,365,681333
sa915613,Nick Dunn,,2B,,96,385,333.8,333.8,680709
29795,James Triantos,CHC,2B,,121,506,423.5,423.5,701649
sa3025257,Charlie Condon,COL,1B/OF,,110,448,463.6,463.6,809707
sa3023056,Jonah Advincula,CLE,OF,,106,388,335.4,335.4,809945
16512,Isiah Kiner-Falefa,BOS,SS,,120,411,344.2,344.2,643396
sa3032302,Dub Gleed,TOR,1B/3B,,79,305,261.1,261.1,801957
sa3022562,Kemp Alderman,MIA,OF,,135,535,567.7,567.7,694580
19931,Luke Williams,ATL,3B/OF,,111,316,256.1,256.1,663897
sa3020141,Sammy Hernandez,STL,C,,98,405,233.6,233.6,803679
sa3025334,Ryan McCrystal,CIN,C,,96,357,253.7,253.7,701734
31443,Sterlin Thompson,COL,DH/OF,,120,497,543.9,543.9,694514
19252,Cavan Biggio,HOU,2B,,104,341,274.4,274.4,624415
sa3025514,Ryan Jackson,SDP,2B/3B/SS,,128,548,372.7,372.7,810838
9874,DJ LeMahieu,,2B,,79,300,238.8,238.8,518934
sa3011260,Kervin Pichardo,WSN,2B/3B/SS,,110,413,290.6,290.6,682775
sa3018152,Jason Matthews,CHW,3B/SS,,96,341,181.4,181.4,667240
sa3025152,Aaron Parker,TOR,C,,68,281,230.4,230.4,801590
25814,C.J. Stubbs,TOR,C,,79,289,190.8,190.8,667690
sa3023485,Tomas Frick,,C,,62,224,175.8,175.8,694281
16959,Eddy Alvarez,,DH,,80,302,243.7,243.7,657193
sa3022703,Zyhir Hope,DET,OF,,137,545,470.5,470.5,814307
sa3016719,Edward Duran,TOR,C,,101,432,312.2,312.2,698927
22197,MJ Melendez,NYM,OF,,129,508,505.5,505.5,669004
19896,Connor Wong,BOS,C,,96,333,301.1,301.1,657136
sa3019985,Gavin Cross,KCR,OF,,114,478,424.4,424.4,688457
19514,Andrew Knizner,SFG,C,,78,247,177,177,668800
21682,Luis De Los Santos,,3B,,99,366,256,256,665782
27969,Deyvison De Los Santos,MIA,1B,,127,527,492.6,492.6,691277
sa3022814,Bryan Broecker,TBR,C,,64,233,126,126,802541
20970,Oscar Gonzalez,,OF,,99,390,360.6,360.6,660757
sa3011469,Stephen Scott,,C,,77,297,231.6,231.6,679663
31562,Zach Dezenzo,HOU,OF,,77,302,303.6,303.6,701305
sa3008183,Jimmy Herron,,OF,,97,379,313.2,313.2,676939
14412,Joe Hudson,,C,,40,147,81.6,81.6,621529
sa3017793,Cooper Kinney,TBR,2B,,126,513,421,421,695692
19458,Cooper Hummel,,DH/OF,,93,357,360,360,669450
sa3011754,Shane Sasaki,CIN,OF,,95,370,307,307,687071
sa3009878,Luke Ritter,,2B,,108,436,341.1,341.1,682239
sa3014449,Hudson Haskin,,OF,,83,312,231.8,231.8,681370
18171,Seth Brown,,1B/OF,,98,332,340.8,340.8,664913
sa3025370,Jason Schiavone,HOU,C/1B,,82,296,170.6,170.6,828395
sa3022530,Will Simpson,TBR,1B,,122,497,451.4,451.4,687310
sa3007869,Cody Roberts,,C,,62,223,138.8,138.8,663944
sa3020415,Max Wagner,TEX,2B/3B,,98,401,276.2,276.2,694484
4949,Giancarlo Stanton,NYY,DH/OF,,80,316,338.8,338.8,519317
sa3022608,Keaton Anthony,PHI,1B,,101,404,386.4,386.4,805704
2396,Carlos Santana,,1B,,103,400,351,351,467793
22558,Jarred Kelenic,NYY,OF,,124,466,427.4,427.4,672284
sa3020497,Austin Charles,KCR,3B/SS,,98,383,265.9,265.9,800051
sa3022487,Charlie Pagliarini,SEA,1B/2B,,116,489,351,351,813860
19824,Chuckie Robinson,ATL,C,,79,295,199,199,642020
sa3022653,Jace Bohrofen,TOR,OF,,101,413,353.8,353.8,690957
sa3021284,John Gil,ATL,SS,,124,513,394.9,394.9,808535
sa3022671,Braylen Wimmer,COL,3B/OF,,125,540,556,556,687918
sa3025564,Cameron Sisneros,HOU,1B,,88,360,331.5,331.5,815133
sa3018507,Jesús  Báez,STL,SS,,107,457,370.4,370.4,800305
19339,Nicky Lopez,TEX,2B/SS,,105,351,288,288,670032
sa3019967,Danny Serretti,ARI,2B/3B/SS,,93,351,231.4,231.4,681400
19818,Joshua Palacios,PIT,OF,,96,328,300.6,300.6,641943
sa3022496,Calvin Harris,CHW,C,,83,334,208.8,208.8,691941
15878,Miguel Andujar,SDP,3B/DH/OF,,99,386,373.6,373.6,609280
sa3018465,Carlos Sanchez,CIN,3B/SS,,124,503,373.3,373.3,800176
23802,Anthony Seigler,BOS,2B/3B,,105,392,386.8,386.8,678011
25967,Orelvis Martinez,,2B,,115,459,408,408,682619
sa3018480,Axiel Plaz,PIT,C/1B,,81,314,238,238,800208
sa3006548,Jose Cordova,COL,C/1B,,87,323,264.4,264.4,682276
12092,Niko Goodrum,,DH,,68,259,215.2,215.2,592348
18395,Travis Blankenhorn,,DH/OF,,94,381,322.4,322.4,663905
sa3025195,Payton Green,MIA,2B/SS,,98,399,321,321,700243
13499,Tom Murphy,,C,,26,83,81,81,608596
sa3020199,Cade Hunter,CIN,C,,94,352,229.3,229.3,687192
21547,Coco Montes,,2B,,101,413,337.3,337.3,663796
sa3003197,David García,MIL,C,,74,281,144.2,144.2,671272
15730,Tyler Wade,,2B/OF,,111,328,254.4,254.4,642180
sa3022752,Poncho Ruiz,MIN,C,,92,353,233,233,695000
sa3022651,Caleb Cali,SEA,3B,,117,471,351.2,351.2,687730
12861,Anthony Rendon,LAA,3B,,35,143,124.8,124.8,543685
sa3007502,Matt Kroon,,OF,,86,325,313.8,313.8,663714
21304,Mark Kolozsvary,PHI,C,,34,111,73.9,73.9,656627
19964,Eguy Rosario,,3B,,96,381,314.2,314.2,666703
20540,José Devers,,2B/SS,,75,299,231.5,231.5,672701
sa3008929,Jorge Burgos,,1B/OF,,106,431,381.4,381.4,684222
23790,Will Banfield,CIN,C,,98,355,253.6,253.6,677943
17161,Chad Wallach,ATH,C,,71,249,185,185,595453
sa3022822,Garret Forrester,MIA,C,,71,287,210.6,210.6,807720
sa3005504,Allan Cerda,,OF,,77,291,235.1,235.1,678323
sa3017372,Paul McIntosh,PHI,C,,87,341,301.4,301.4,682192
sa3021175,Andruw Musett,BOS,C/1B,,98,398,278.2,278.2,808104
25111,David Hensley,,DH/OF,,92,360,309,309,682073
14366,Joey Meneses,ATH,1B/DH,,104,416,410.7,410.7,608841
sa3022758,Justin Johnson,KCR,2B,,96,362,241.7,241.7,813386
sa3006884,Kristian Robinson,ARI,OF,,118,474,423.7,423.7,677565
sa3025403,Will Taylor,PIT,OF,,101,415,354.1,354.1,696142
25822,Andre Lipcius,,3B,,113,464,426,426,686531
sa3017328,Mat Nelson,,C,,75,291,170.6,170.6,680756
sa918961,Eli Wilson,,C,,43,148,88.9,88.9,670250
sa3022828,Dustin Dickerson,KCR,SS,,115,446,297.3,297.3,815039
sa3025392,Callan Moss,PIT,1B,,130,537,520.7,520.7,801978
sa3011413,Hunter Bishop,,OF,,98,386,297.2,297.2,666183
19262,Garrett Hampson,CIN,2B/OF,,114,264,202.8,202.8,641658
12158,Austin Barnes,,C,,40,126,79.7,79.7,605131
sa3018393,Rosman Verdugo,SDP,2B/3B/SS,,125,536,395.9,395.9,698916
10231,Jose Iglesias,,SS,,90,315,235.4,235.4,578428
sa3022606,Trent Farquhar,,2B/SS,,87,346,240.7,240.7,802531
sa3022966,Tai Peete,STL,OF,,136,579,463.2,463.2,806191
sa3025549,Zander Darby,SFG,1B/2B,,81,326,250.5,250.5,801592
sa3022660,Kendall George,LAD,OF,,121,539,452.7,452.7,806077
sa3011350,Cameron Barstad,PIT,C,,76,288,211.3,211.3,677319
sa3020658,Michael Turner,CHW,C,,80,305,189.2,189.2,694478
13338,Omar Narváez,,C,,68,246,177.1,177.1,553882
sa3045857,Zane Zielinski,SFG,2B/SS,,124,494,271.6,271.6,823185
sa3017281,Drew Swift,ATH,SS,,108,422,279.1,279.1,669439
sa3010599,Jake Holton,,1B,,106,432,392.6,392.6,687724
sa3008946,Felix Stevens,,1B/OF,,101,392,352.6,352.6,685474
sa3008113,Malcom Nuñez,,1B/3B,,102,402,339.2,339.2,682650
sa3022491,Rio Foster,LAA,OF,,99,394,368.7,368.7,815306
sa3022565,Mitch Jebb,PIT,2B/OF,,123,499,385.2,385.2,694991
sa3022431,Dakota Harris,STL,2B/3B,,118,463,346,346,703766
sa3019303,Griffin Lockwood-Powell,LAD,C/1B,,86,344,261.1,261.1,674976
sa1115979,Nick Kahle,,C,,34,109,72.4,72.4,685277
17040,Jose Herrera,PIT,C,,83,266,151.9,151.9,645444
sa1170279,Matt O'Neill,ARI,C,,65,210,137.7,137.7,690841
sa3022698,Will Bush,HOU,C/1B,,109,437,369.2,369.2,813844
sa3017282,Vaun Brown,,OF,,65,249,207.6,207.6,673901
10655,Rob Brantly,,C,,39,129,103.4,103.4,542963
sa3009334,Geovanny Planchart,TOR,C,,72,247,138.2,138.2,685712
19331,Jose Rojas,,3B/OF,,99,395,390.8,390.8,670351
sa3020131,Cam Collier,CIN,3B,,119,478,441.9,441.9,702253
sa3022590,Josh Rivera,TOR,SS,,123,423,246.5,246.5,687069
18887,Seby Zavala,DET,C,,76,245,149.5,149.5,664874
11445,Mark Canha,,OF,,88,312,284.6,284.6,592192
24655,Owen Miller,CHC,1B/2B,,112,418,337.2,337.2,680911
28552,Yanquiel Fernández,NYY,DH/OF,,131,494,423.2,423.2,692585
28199,Blaze Jordan,STL,3B,,133,539,495.4,495.4,691458
sa3023381,Felnin Celesten,SEA,SS,,112,483,361,361,806958
sa3017734,Jake Fox,CLE,OF,,105,418,306,306,695780
24491,Travis Swaggerty,,OF,,60,226,152.1,152.1,680552
15504,Jamie Westbrook,,2B,,106,408,353.1,353.1,642197
12160,Ben Gamel,,OF,,78,298,284.2,284.2,592325
sa3018613,Carlos Sanchez,MIA,C,,60,217,142.2,142.2,801522
sa3019856,Tucker Flint,LAA,OF,,126,492,436.5,436.5,687272
13329,Jake Lamb,,3B,,81,315,243.2,243.2,571875
sa3025311,Eddie Micheletti Jr.,LAA,OF,,110,468,402.4,402.4,804446
25845,Michael Toglia,CIN,1B,,127,505,538.2,538.2,669911
sa3025629,Keith Jones II,TEX,OF,,128,509,485.2,485.2,695069
sa3014507,David Calabrese,TOR,OF,,120,457,321.3,321.3,683341
23788,Jordyn Adams,,OF,,121,455,355.3,355.3,677941
sa3020139,Carter Howell,,DH,,109,458,359.2,359.2,800765
sa3017396,Jose Torres,,SS,,103,393,302.6,302.6,686958
sa3010037,Yordys Valdes,,2B/SS,,106,405,245.1,245.1,686798
33098,Carson McCusker,,OF,,110,432,391.9,391.9,676812
sa3022827,Devin Saltiban,PHI,2B/OF,,95,402,319.6,319.6,813880
27770,Zac Veen,COL,OF,,109,449,469,469,691728
15941,Austin Nola,,C,,50,170,117,117,543592
15055,Dom Nuñez,CLE,C,,72,268,160.3,160.3,624513
sa3025404,Caleb Lomavita,WSN,C,,107,429,286.4,286.4,701616
sa875163,Moisés Gómez,,OF,,107,443,363.6,363.6,664332
33398,Scott Bandura,SFG,DH,,118,512,431.2,431.2,814154
sa3025364,Ben Hartl,CHW,C,,85,340,209.3,209.3,803015
12979,Javier Báez,DET,SS,,103,383,313.4,313.4,595879
sa3009330,Frank Rodriguez,LAD,C,,57,200,117.8,117.8,684491
sa3015607,Carlos Rojas,,C,,71,274,154.7,154.7,692334
sa3020614,Douglas Hodo III,,OF,,114,425,332.6,332.6,683233
sa3023375,Matt Hogan,,OF,,81,280,192.8,192.8,681375
sa3019928,Robert Moore,PHI,2B/SS,,111,451,293.2,293.2,691001
sa3014500,Freddy Zamora,MIL,SS,,104,400,277.4,277.4,668965
sa3017041,Adam Hackenberg,,C,,82,310,188.2,188.2,680753
sa3017509,Casey Opitz,,C,,73,260,132.6,132.6,676053
31522,Tim Elko,CHW,1B,,120,492,462.4,462.4,671284
sa3018399,Jaison Chourio,CLE,OF,,104,435,331,331,702693
sa3016853,Zach Humphreys,LAA,C,,74,272,178.2,178.2,668876
sa3016961,Corey Rosier,,OF,,107,396,316.3,316.3,681468
10028,Christian Bethancourt,PIT,C,,74,234,142.8,142.8,542194
sa3019968,Zach Morgan,SFG,C,,74,289,176.7,176.7,681439
15654,Billy McKinney,,OF,,92,346,286.9,286.9,641856
21270,Sean Bouchard,,OF,,91,344,350.3,350.3,656248
10200,Tucker Barnhart,,C,,45,148,80.9,80.9,571466
12434,Kevin Pillar,,OF,,71,212,175.2,175.2,607680
9241,Starling Marte,,OF,,78,296,300.2,300.2,516782
12977,Michael Pérez,,C,,62,228,132.2,132.2,605421
23359,Nelson Velázquez,HOU,DH/OF,,108,402,405.6,405.6,676369
sa3005598,Julio Carreras,CIN,3B/SS,,99,383,307.5,307.5,679734
sa3014679,Kevin Made,WSN,SS,,104,415,252.3,252.3,691183
sa3025255,Kai Roberts,SDP,OF,,90,371,248.3,248.3,805956
26148,Tristin English,,1B,,100,421,374.3,374.3,663536
sa829857,Bryson Brigman,,2B/SS,,89,326,260.6,260.6,624417
sa3022702,Pascanel Ferreras,HOU,2B/3B/SS,,121,465,348.7,348.7,814299
20557,CJ Alexander,HOU,3B,,103,417,359.6,359.6,680769
sa3017292,Jonny Butler,,OF,,91,376,282.3,282.3,695358
sa3019974,Brennan Milone,ATH,1B,,119,504,469.1,469.1,686810
17484,Eloy Jiménez,,DH/OF,,94,355,339.5,339.5,650391
sa3005488,Keyber Rodriguez,TEX,3B/SS,,119,481,296.3,296.3,677601
sa3019900,E.J. Exposito,DET,2B/3B/SS,,110,438,335,335,802991
sa3015798,Leo Balcazar,CIN,2B/SS,,139,587,497,497,699114
13185,Orlando Arcia,CIN,SS,,114,397,308,308,606115
sa3006220,Pablo Aliendo,CIN,C,,91,366,267.4,267.4,680846
sa3017371,JT Schwartz,,1B,,100,394,326.4,326.4,681286
sa3017163,Wyatt Hendrie,PIT,C,,63,231,148.2,148.2,689134
sa3008953,Rubel Cespedes,,1B/3B,,109,445,348.5,348.5,686438
sa3011330,Darrien Miller,MIL,C,,90,360,263.1,263.1,687152
sa3018632,Marco Vargas,NYM,2B/SS,,109,470,305.1,305.1,804614
sa3022616,Ethan O'Donnell,MIA,OF,,125,485,393.4,393.4,807751
sa3019945,Jake Thompson,LAA,OF,,73,292,240.9,240.9,700081
sa3011204,Will Holland,,SS/OF,,91,317,250.4,250.4,683735
sa3017174,Garrett Spain,MIN,OF,,124,473,338.8,338.8,696521
26536,Warming Bernabel,,1B,,119,481,401.4,401.4,682653
sa3020191,Gavin Logan,ARI,C,,74,264,179.3,179.3,678099
sa3017338,Terrell Tatum,,OF,,106,421,299.8,299.8,695299
sa3016720,Rayne Doncon,,3B/SS,,80,318,241.7,241.7,699061
25369,Omar Martinez,LAA,C,,107,430,347.1,347.1,683079
14221,Jorge Soler,,DH/OF,,97,384,385.6,385.6,624585
sa3020092,Josh Zamora,,2B/3B,,98,385,249.9,249.9,695031
sa3021185,Juan Flores,LAA,C,,106,404,245.5,245.5,808129
sa3015863,Kenny Castillo,ARI,C,,81,333,223.2,223.2,700341
sa3008282,Andy Weber,CHW,2B/SS,,109,433,309.3,309.3,681581
sa3016976,Ben Cowles,CHC,2B/SS,,122,482,346.5,346.5,701496
sa3010703,Andrew Navigato,DET,SS,,104,404,343.7,343.7,685382
sa3010704,Sammy Siani,SEA,OF,,111,445,295.7,295.7,686445
13757,Chris Taylor,,OF,,99,305,253.2,253.2,621035
sa3004884,Justin Connell,,OF,,64,239,201.2,201.2,676667
sa3067092,Sam Ruta,KCR,1B/3B,,80,321,226.2,226.2,695586
sa3022806,Garrett Martin,NYY,OF,,103,399,317.7,317.7,682003
sa3022424,Peter Burns,LAA,C,,39,123,63.3,63.3,686196
sa3020950,Archer Brookman,ATL,C,,64,236,124,124,666386
sa3018473,Capri Ortiz,LAA,SS,,113,462,325.8,325.8,800194
16953,Chadwick Tromp,LAD,C,,71,262,168.3,168.3,644433
19563,Nate Mondou,,2B,,106,444,365.1,365.1,670148
sa3020192,Mario Camilletti,CHW,2B/3B,,102,403,271.5,271.5,680519
sa3017757,Jake Rucker,MIN,2B/3B,,111,432,342.5,342.5,696160
sa3010026,Nerwilian Cedeño,,2B,,74,308,212.4,212.4,683481
sa3017044,Alex Binelas,PHI,1B/3B,,94,371,316.8,316.8,681323
sa3014941,Brett Auerbach,,2B,,81,310,227.6,227.6,682266
27698,Eric Yang,,PH/PR,,41,128,68.2,68.2,687066
sa3022701,Quinn McDaniel,MIN,2B/OF,,114,472,360.7,360.7,814194
sa3004263,Abrahan Gutierrez,NYY,C,,61,232,153.1,153.1,670868
sa3011379,Phil Clarke,,C,,73,277,224.7,224.7,671287
19864,Riley Adams,WSN,C,,80,278,239.5,239.5,656180
23552,Chandler Seagle,,DH,,58,195,62.9,62.9,676882
9952,Trayce Thompson,,OF,,89,326,278.9,278.9,572204
33225,Jacob Gonzalez,PIT,1B/SS,,132,529,392.8,392.8,694378
sa3015736,Jesus Hernandez,MIA,2B/3B/SS,,92,365,264.4,264.4,698929
sa3015593,Oswaldo Linares,SDP,C,,61,234,131.2,131.2,692021
sa3020419,John Garcia,HOU,C,,88,343,221.6,221.6,801039
11680,Elias Díaz,TEX,C,,91,296,240.1,240.1,553869
sa3025440,Ryan Cesarini,CLE,OF,,114,452,342.9,342.9,825761
sa3010603,Jesus Ordonez,,C,,42,153,82.2,82.2,691116
sa3007048,P.J. Hilson,,OF,,94,343,276.1,276.1,680713
sa3017215,Quincy Hamilton,,OF,,89,367,289.7,289.7,680810
sa3017696,Mario Gomez,,C/1B,,48,175,125.3,125.3,694034
18433,P.J. Higgins,CIN,C/1B,,96,360,261.6,261.6,664731
sa3022435,Zach Levenson,STL,OF,,113,453,378.9,378.9,804241
sa3018212,Kyle Hayes,WSN,C,,44,152,72.8,72.8,690469
sa3025120,Carter Dorighi,SEA,2B/3B,,124,507,317.4,317.4,826163
sa3020121,Tres Gonzalez,,OF,,104,405,288.7,288.7,687206
27475,Jordan Walker,STL,OF,,135,530,515.6,515.6,691023
sa3017053,Ruben Ibarra,CIN,1B,,107,407,376.5,376.5,702140
sa3025262,Caden Kendle,MIN,OF,,104,385,308.8,308.8,814522
sa3015703,Pedro Pineda,ATH,OF,,90,360,276.7,276.7,694191
sa3025381,Blake Burke,MIL,1B,,141,574,547.6,547.6,695501
sa3016971,Justice Bigbie,DET,OF,,115,464,418.6,418.6,694425
sa3005103,Tyler Dearden,,OF,,61,235,208.6,208.6,676280
sa3007876,Brennen Davis,SEA,OF,,69,274,241.1,241.1,680695
4940,Jason Heyward,,OF,,92,274,198.1,198.1,518792
sa857219,Gavin Collins,,C/3B,,73,267,177.2,177.2,641468
26664,Yohendrick Piñango,TOR,OF,,129,516,464,464,682818
sa3025250,Malcolm Moore,TEX,C,,68,269,158.6,158.6,702270
sa3011717,Dasan Brown,,OF,,114,415,295,295,672018
19245,Chris Okey,,C,,50,176,105.4,105.4,608360
sa3006720,Nick Podkul,,1B/3B,,64,245,180.6,180.6,674951
sa3023052,Addison Kopack,,C/1B,,36,123,75.9,75.9,688551
sa3016964,Grant Richardson,,OF,,94,358,284.6,284.6,685300
sa3023486,Chris Brito,KCR,1B,,67,263,217.3,217.3,701594
sa917669,Julio E. Rodriguez,,C,,58,224,157.4,157.4,667372
sa3019865,Romeo Sanabria,SDP,1B,,128,504,443.8,443.8,703804
sa3015614,Jose Cordoba,,OF,,76,296,220.6,220.6,692390
16680,Brian O'Keefe,,C,,69,266,171.2,171.2,657247
sa3020762,Jack Pineda,KCR,3B/SS,,73,287,176.5,176.5,801442
sa3017052,Kobe Kato,,2B,,69,248,173.2,173.2,701158
sa3022661,Carter Trice,CHC,OF,,103,394,346.7,346.7,807714
sa3022607,Jay Harry,TOR,2B/SS/OF,,109,411,278.1,278.1,803385
sa3020759,Tyresse Turner,CLE,2B/3B,,80,283,172.7,172.7,687930
sa3020210,Elijah Green,WSN,OF,,101,419,313.5,313.5,701327
14109,Albert Almora Jr.,,OF,,91,361,288.1,288.1,546991
sa3019859,Ivan Melendez,,1B/3B,,104,414,353.5,353.5,699471
19873,Drew Ellis,,3B,,83,324,257.2,257.2,656403
sa3017480,Carlos Colmenarez,TBR,2B/3B/SS,,95,360,220.8,220.8,694181
sa3025362,Max Holy,HOU,SS,,98,395,209.1,209.1,802959
2967,Tommy Pham,CHW,OF,,91,357,326,326,502054
13621,Jeimer Candelario,LAA,3B,,101,404,319.2,319.2,600869
sa3043041,Anthony Stephan,CIN,OF,,99,400,337.6,337.6,803174
sa3019893,Keshawn Ogans,,2B/3B,,104,381,252.7,252.7,687248
sa3025407,Eli Serrano III,NYM,OF,,93,400,315.5,315.5,702501
sa3025194,Michael Snyder,,1B/3B/OF,,110,447,364.4,364.4,688617
35107,Tommy White,ATH,1B/3B,,100,405,339.4,339.4,695720
15279,Garrett Cooper,,1B/DH,,83,312,276,276,643265
29554,Adrian Del Castillo,ARI,C/DH,,104,418,414.8,414.8,680728
sa3022689,Charlie Szykowny,SFG,1B/3B,,114,501,387.3,387.3,805126
sa3021083,Yophery Rodriguez,BOS,OF,,120,505,380,380,806983
sa3017217,Juan Benjamin,CLE,2B/3B,,104,410,293.4,293.4,691405
sa3025223,Patrick Clohisy,ATL,OF,,132,548,466.4,466.4,802117
sa3017556,Patrick Winkel,,C,,76,285,202.4,202.4,680868
sa3016967,Austin Murr,PHI,1B/OF,,96,369,304.1,304.1,689456
sa3016834,Miguel Bleis,BOS,OF,,115,483,366.5,366.5,694194
19901,Gavin Sheets,SDP,DH/OF,,131,452,449.6,449.6,657757
sa3020715,Andrew Pintar,MIA,OF,,98,393,334.6,334.6,801464
sa3019803,Curtis Washington Jr.,SEA,OF,,95,347,198.1,198.1,690944
19293,Nick Senzel,,OF,,100,371,309.2,309.2,669222
sa3022529,Luke Mann,ATH,1B/3B,,121,494,359.8,359.8,680996
sa3018527,Esteban Mejia,TEX,3B,,96,358,245.8,245.8,800354
sa3023679,Travis Honeyman,STL,OF,,88,368,287.4,287.4,802469
sa3006664,Orlando Martinez,TEX,OF,,92,371,279.6,279.6,678636
sa3003173,Ernesto Martinez Jr.,NYY,1B,,101,382,331.6,331.6,667803
sa3014942,Brady Lindsly,,C,,61,218,116.7,116.7,686251
sa3008007,Onix Vega,,C,,58,213,131.2,131.2,681974
sa3022191,Estarling Mercado,NYM,1B/OF,,60,218,172.9,172.9,807759
19779,Dairon Blanco,,OF,,108,318,285.3,285.3,680118
17992,David Fletcher,,2B,,93,335,181.8,181.8,664058
sa3022811,Cole Gabrielson,NYY,OF,,82,279,198.5,198.5,702068
16376,Michael Conforto,CHC,OF,,109,397,360.2,360.2,624424
sa3066460,Slade Caldwell,ARI,OF,,125,568,417.7,417.7,815154
sa3015739,Yasmil Bucce,BAL,C/1B,,105,406,319,319,698935
sa3010018,Aaron Bracho,,1B/2B,,90,357,262.2,262.2,677570
sa3020196,Cade Doughty,ATL,2B/3B/SS,,108,410,289.4,289.4,683103
sa3020714,Brett Squires,KCR,1B,,115,464,397.6,397.6,689531
15679,Rowdy Tellez,ATL,1B,,111,360,365.4,365.4,642133
sa3020100,Jordan Dissin,PHI,C,,74,282,152.6,152.6,805301
sa3005775,Viandel Pena,DET,2B,,88,344,216.5,216.5,678854
sa3005938,Yoyner Fajardo,,OF,,95,375,265,265,679938
24934,David Fry,CLE,DH/OF,,103,322,303.7,303.7,681807
20538,Jose F Miranda,,1B/3B,,108,412,328.6,328.6,669304
28020,Jose Fernandez,ARI,1B/3B/DH,,134,528,418.8,418.8,699912
21497,Luken Baker,,1B/DH,,112,437,422.8,422.8,663609
sa3015735,Leonel Espinoza,CHC,OF,,113,473,360.1,360.1,696083
sa3025451,Bennett Thompson,CLE,C,,91,381,251.8,251.8,701750
sa3017792,Ryan Spikes,TBR,2B/3B/OF,,107,412,312.8,312.8,691797
sa3015718,Samuel Zavala,CHW,OF,,130,530,396.9,396.9,694214
sa3022542,Nick Schwartz,,C,,32,116,57.6,57.6,813859
sa3007975,Ezequiel Pagan,,OF,,95,381,304.2,304.2,681868
sa3016810,Konner Piotto,,C/1B,,56,196,120.1,120.1,702920
13768,Travis Jankowski,NYM,OF,,70,179,122.2,122.2,608671
sa3016977,Aaron McKeithan,,C,,61,220,136.4,136.4,702463
15149,Trey Mancini,,1B/DH/OF,,84,327,287.4,287.4,641820
sa3017797,Colby Smelley,,C,,60,242,160.5,160.5,702457
11602,Yolmer Sánchez,LAA,2B/3B,,103,390,241.2,241.2,570560
sa3025249,Billy Amick,NYM,1B/3B,,61,267,224.4,224.4,701771
sa3015236,Jean Walters,ARI,2B,,91,317,181.2,181.2,695078
sa3025187,Theo Hardy,TEX,2B/SS,,59,171,83.6,83.6,815152
sa3010157,Daniel Cope,,C,,36,136,107.2,107.2,684543
sa3023666,Patrick Lee,DET,OF,,102,354,244,244,815268
sa3022433,Chase Adkison,,C,,48,179,139.1,139.1,801187
31710,Ben Ross,MIN,2B/3B/DH,,124,484,355.1,355.1,805346
sa3016541,Jose Ramos,SFG,2B/SS,,79,300,205.6,205.6,692374
sa3016923,Luis Caicuto,PHI,C,,52,189,109.9,109.9,691276
sa3022570,Brennan Orf,,1B/OF,,46,183,131.8,131.8,804710
sa3009309,Jose Colmenares,CHW,2B/SS,,106,409,302,302,683569
sa3015171,Angel Ortiz,ARI,OF,,124,502,433.4,433.4,691292
sa3011776,Christopher Familia,,OF,,60,243,208.3,208.3,683532
sa3068818,John Taylor,TEX,2B/SS,,71,249,153.5,153.5,822966
sa3020349,Johnathon Thomas,WSN,OF,,108,370,249,249,684976
5273,Sandy León,ATL,C,,58,190,85.1,85.1,506702
9847,Andrew McCutchen,,OF,,94,390,350.7,350.7,457705
sa3008826,Luis Pineda,,C,,58,229,132.5,132.5,682867
sa3015715,Manuel Pena,ARI,2B,,122,519,424.1,424.1,694211
sa3017179,Damon Keith,MIL,OF,,97,407,360.2,360.2,701618
sa3025438,Colton Becker,KCR,2B/3B/SS,,107,387,273.3,273.3,813851
sa3005587,Daniel Vellojin,TBR,C,,79,293,161.6,161.6,678962
8623,Donovan Solano,,2B,,90,292,246,246,456781
sa3022569,Ryan Johnson,,2B/SS,,77,293,184.6,184.6,802459
sa3005759,Diego Hernandez,,OF,,86,347,243.9,243.9,678746
sa3022809,Dominic Pitelli,CIN,2B/SS,,113,409,247.6,247.6,694689
sa3022575,Anthony Sherwin,,2B/3B,,65,236,110,110,815448
sa3044992,Kasen Wells,SDP,OF,,95,419,289.8,289.8,703673
sa3006867,Kendall Simmons,,2B/3B,,62,245,168.6,168.6,669227
sa3020128,Matt Higgins,,1B/OF,,77,313,275.5,275.5,696487
sa3022160,Robert Brooks,,C,,53,155,69.4,69.4,806394
sa3004972,Imanol Vargas,,1B,,96,401,342.5,342.5,677673
sa3019509,Elis Cuevas,BAL,1B/OF,,91,355,281.9,281.9,800433
sa3008746,Antonio Gomez,NYY,C,,70,274,156.3,156.3,682625
sa3022810,Nick Lorusso,NYM,1B/3B,,114,444,315.1,315.1,700681
sa3015193,Jeremy Rivas,,SS,,133,504,295.8,295.8,692405
sa3019888,Nick Biddison,PHI,3B/OF,,76,297,224.5,224.5,680994
sa3023111,Jackson Castillo,NYY,OF,,121,497,378.3,378.3,814431
25980,Matthew Lugo,KCR,OF,,123,483,427.1,427.1,683090
sa3015725,Danyer Cueva,,2B/SS,,49,178,96.7,96.7,694227
sa3008279,Caleb Knight,,C,,27,89,49.2,49.2,676332
sa881850,Ronaldo Hernández,,C,,75,291,218.1,218.1,660613
sa3018540,Angel Mateo,TBR,OF,,127,511,408.2,408.2,800377
sa3008742,Diego Cartaya,,C,,88,360,256.4,256.4,682616
sa3015631,Miguel Villarroel,,3B/SS,,91,368,239.1,239.1,692446
sa3015642,Alexis Hernandez,TOR,OF,,80,311,249,249,692562
sa3022600,Jake Gelof,LAD,3B,,98,395,261.3,261.3,695372
sa3022483,Caleb Pendleton,,C,,31,98,35.7,35.7,692228
sa3016819,Max Ferguson,BOS,2B/OF,,111,435,309.6,309.6,681132
sa3018942,Jeffrey Mercedes,CLE,2B/3B,,94,361,227.5,227.5,800253
35126,Lucas Spence,HOU,OF,,120,512,412.8,412.8,828599
22741,Eliezer Alfonzo,LAD,C,,85,329,218.5,218.5,672613
sa3022528,Casey Yamauchi,ATH,2B,,118,464,306.7,306.7,671748
sa3022676,Marcus Brown,HOU,2B/SS,,102,385,224.6,224.6,694939
29930,Kyler Fedko,PIT,OF,,123,481,441.8,441.8,693459
sa3020202,Cortland Lawson,WSN,SS,,98,383,206.9,206.9,687751
14196,Andrew Velazquez,,SS,,111,362,219.2,219.2,623205
sa3023014,Maxton Martin,TEX,OF,,121,521,457.3,457.3,807722
19477,Alex De Goti,,2B,,91,341,201.6,201.6,621008
sa3018400,Andy Lugo,MIN,3B/OF,,95,366,301.7,301.7,702889
sa3020244,Ryan McCarty,PIT,2B/3B,,108,415,292.2,292.2,806005
sa3019934,Jacob Burke,CHW,OF,,90,333,218.5,218.5,804240
sa3017160,Nic Kent,COL,2B/3B/SS,,112,404,277.8,277.8,684715
sa3008876,J.J. D'Orazio,LAA,C,,85,333,209.3,209.3,683490
sa3017151,Sam Praytor,,C,,52,191,116.4,116.4,671217
sa3016862,Myles Emmerson,,DH,,76,279,154,154,689880
sa1169978,Matt Lloyd,BOS,1B/OF,,91,370,328.7,328.7,651016
sa3019895,Ambioris Tavarez,ATL,2B/SS,,118,455,297.8,297.8,694222
sa3015813,Gleider Figuereo,TEX,3B,,125,511,368.1,368.1,699213
sa3016157,Anyelo Encarnación,STL,2B/SS,,117,445,281.3,281.3,699031
sa3022557,Bryce Arnold,,2B/OF,,88,339,253.5,253.5,683301
sa1170874,Dylan Shockley,,C,,47,150,50.4,50.4,686758
sa3022686,Justin Wishkoski,,DH,,103,377,270.8,270.8,801076
sa3009275,Eduardo Lopez,,OF,,61,250,176.3,176.3,682637
sa3020117,Logan Tanner,CIN,C,,62,235,100.6,100.6,683091
sa3016960,Tyler Tolve,,C,,66,258,180.1,180.1,681172
sa3067467,John Cristino,,C/1B,,58,197,114.8,114.8,701816
sa3007019,Frainyer Chavez,TEX,2B/3B,,110,412,253,253,669413
sa3020123,Justin Boyd,,OF,,31,113,48.6,48.6,687628
15172,Tim Anderson,,SS,,87,337,216.9,216.9,641313
30162,Oscar Colás,,OF,,111,447,363.4,363.4,693049
sa3015178,Wilfred Veras,,OF,,127,528,447.2,447.2,691442
15223,Adam Frazier,LAA,2B,,111,370,275,275,624428
18400,Juan Yepez,,1B/DH/OF,,106,411,393.2,393.2,660766
sa3009538,Eddinson Paulino,NYM,2B/3B/SS,,109,427,299,299,682796
sa918343,Lyle Lin,,C,,34,117,46.2,46.2,670076
sa3005077,Adam Hall,,2B/SS/OF,,73,283,193.7,193.7,647228
sa3022489,Jacob Sharp,TOR,C,,74,254,145.7,145.7,814435
sa3022482,Hunter Fitz-Gerald,SEA,1B,,97,400,309.8,309.8,686638
sa3006674,Jake Anchia,,C,,69,258,137.1,137.1,680971
sa3022865,Josh Moylan,NYY,1B/3B,,120,467,341,341,694742
28763,Felix Reyes,PHI,1B/OF,,107,416,397.7,397.7,694025
sa3020413,Matt Coutney,,1B,,115,463,394,394,671925
sa3018414,Freili Encarnacion,BOS,1B/3B,,118,475,414.2,414.2,703175
12155,Eddie Rosario,,OF,,89,327,282.6,282.6,592696
sa3015182,Yeiner Fernandez,LAD,C/2B,,106,448,326,326,691558
sa3007631,Max Burt,DET,3B,,88,303,176.5,176.5,661733
19600,Bryan De La Cruz,PHI,OF,,125,477,444.8,444.8,650559
sa3025600,Garrett Pennington,DET,1B/OF,,104,414,355.2,355.2,693243
10243,Randal Grichuk,CHW,OF,,103,327,299.5,299.5,545341
15585,Mike Ford,,1B/DH,,87,314,276.4,276.4,645801
sa3022429,Cole Fontenelle,LAA,3B,,104,412,264.4,264.4,694304
sa3019921,Troy Schreffler Jr.,,OF,,68,229,152.2,152.2,687285
sa3042374,Mike Sirota,LAD,OF,,68,298,264.4,264.4,701527
sa3017326,Damiano Palmegiani,,1B/3B,,110,436,348.8,348.8,671913
sa3017221,Adam Zebrowski,ATL,C,,93,375,254.6,254.6,700845
sa3025435,Josh Caron,SEA,C,,84,346,147.8,147.8,701805
sa3022440,Trey Paige,STL,1B/3B,,101,397,260.2,260.2,813852
16572,Connor Joe,SEA,1B/OF,,99,338,267.2,267.2,656582
sa3025593,Tommy Hopfe,COL,2B/OF,,112,451,370.4,370.4,809101
sa3020279,Lamar King Jr.,SDP,C/1B,,106,448,345.4,345.4,702601
sa3015781,Yamal Encarnacion,HOU,2B/OF,,73,281,206.2,206.2,699043
sa3019903,Justin Janas,,1B/OF,,103,407,317.3,317.3,805332
sa3017403,Jay Allen II,CIN,OF,,123,491,357.7,357.7,695481
sa3022532,Nate Nankil,ATH,OF,,125,535,397.2,397.2,694977
sa3018098,Brady Allen,,OF,,106,419,321.1,321.1,680918
sa3018977,Alejandro Nuñez,HOU,2B,,109,437,305.7,305.7,805168
sa3017770,Gavin Conticello,ARI,OF,,130,539,454,454,695521
sa3017113,Phillip Sikes,,OF,,98,375,268.9,268.9,689651
10472,Enrique Hernández,LAD,OF,,98,333,250.9,250.9,571771
16448,Jacob Nottingham,SEA,C,,54,213,113,113,641924
sa3022697,Spencer Nivens,KCR,OF,,121,489,405.4,405.4,811289
sa3005551,Rainer Nunez,,1B,,107,421,370.1,370.1,678742
sa3017939,Parker Chavers,,OF,,101,361,227.3,227.3,685091
sa3018455,Carlos Pacheco,ATH,OF,,71,262,159.5,159.5,800149
sa3014830,Micah Pries,,1B/OF,,89,350,275.9,275.9,687588
sa3018615,Wady Mendez,,OF,,76,242,156.5,156.5,801525
sa3010395,Darius Hill,,OF,,87,354,243.6,243.6,675628
sa3023072,Johnny Tincher,,C,,65,256,111.7,111.7,814816
sa3015526,Johnny Ascanio,CIN,2B,,102,367,232.1,232.1,691392
sa3020132,Tucker Toman,TOR,3B,,114,467,295.3,295.3,702283
sa3017511,Tucker Mitchell,TEX,C/1B,,70,258,142.9,142.9,688367
sa3017732,Nicolas Deschamps,,C,,49,173,84.1,84.1,683324
sa3020345,Devin Ortiz,WSN,3B,,114,464,296.5,296.5,668776
sa3018912,Andrew Miller,,C,,60,218,95.3,95.3,685460
sa3025266,Anthony Donofrio,SEA,OF,,89,340,195.4,195.4,823703
sa3022512,Will Verdung,ATL,1B,,86,348,208.7,208.7,815299
sa3019857,Kai Murphy,SDP,OF,,113,428,280.1,280.1,687625
sa3022656,Quincy Scott,TEX,1B/OF,,92,326,204.7,204.7,701701
sa3025494,Davis Diaz,ATH,C,,96,413,242.7,242.7,696286
sa3017123,Wilfredo Lara,MIA,3B,,93,378,258.1,258.1,702906
sa3025412,Kodey Shojinaga,PHI,C/1B,,89,351,196.9,196.9,809975
sa3022759,Ryan Galanie,CHW,1B,,116,469,417,417,814436
sa3067038,Drew Brutcher,HOU,1B/OF,,110,444,313.2,313.2,695046
sa3020281,Emaarion Boyd,MIA,OF,,111,409,311.9,311.9,702708
16337,Nick Gordon,,OF,,97,301,269.2,269.2,624503
20157,Matthew Batten,,2B/3B,,108,424,279.6,279.6,676946
sa3022677,Garret Guillemette,HOU,C/1B,,90,355,249.6,249.6,695048
sa3020090,Jorel Ortega,,2B/3B,,111,415,310.4,310.4,687567
sa3023458,Caden Rose,BOS,OF,,86,294,184.9,184.9,694896
sa3015107,TT Bowens,,1B,,96,363,298.6,298.6,688449
sa3019919,Cade Fergus,,OF,,99,332,243.6,243.6,681495
sa3015170,Junior Franco,ARI,OF,,94,349,291.6,291.6,691285
sa3008851,Alexander Vargas,,SS,,112,430,320.4,320.4,683061
sa3018405,Ricky Cabrera,CIN,3B/SS,,88,369,284.7,284.7,703150
19958,Carter Kieboom,PHI,3B,,96,378,349.3,349.3,666198
sa3015857,Andy Perez,COL,SS,,136,564,438.3,438.3,700321
21735,Sebastián Rivero,LAA,C,,84,288,175,175,665861
sa3020205,Jalen Battles,,2B,,75,271,126.1,126.1,689216
19717,Darick Hall,,1B/DH,,92,369,291,291,669742
sa3066861,Trace Willhoite,,1B,,112,433,352,352,688875
sa3023269,Jake Cunningham,SDP,OF,,86,317,180.1,180.1,801507
14813,Kyle Farmer,ATL,2B/SS,,100,316,229.6,229.6,571657
sa3019923,Eric Brown Jr.,MIL,SS,,82,337,180,180,687521
sa3017051,Ethan Murray,MIL,2B/SS,,104,395,260.9,260.9,696140
sa3019925,Jordan Sprinkle,CHW,2B/SS,,100,400,242.7,242.7,688394
18316,Edwin Rios,,1B/3B/DH,,102,412,375.4,375.4,621458
sa3066361,Zach Evans,,3B,,126,549,333.6,333.6,828473
sa3004969,Je'Von Ward,,OF,,103,397,308.5,308.5,669219
sa3010720,Stephen Paolini,,OF,,87,327,218.8,218.8,688500
sa917939,Andy Yerzy,STL,C/1B,,61,225,132.6,132.6,647378
sa3008842,Alex De Jesus,,3B/SS,,94,383,253.4,253.4,682942
sa3020272,Nate Baez,BOS,C/1B,,98,391,369.9,369.9,686960
sa3014683,Roberto Campos,DET,OF,,116,459,366.7,366.7,691449
22117,Nick Pratto,SDP,1B,,116,445,355.3,355.3,668472
sa3025240,Connor Caskenette,MIA,C,,65,250,163,163,683353
sa3022601,Ben McCabe,,C,,55,192,74.9,74.9,701100
sa3025416,Carter Frederick,KCR,OF,,105,422,301.6,301.6,815150
sa3008051,Josh Breaux,,C,,63,230,161.1,161.1,677007
sa3017000,Wade Stauss,,C,,30,99,27,27,702328
sa3022439,Joe Redfield,,OF,,60,221,117.6,117.6,812470
sa3019891,Kevin Kilpatrick Jr.,ATL,OF,,116,461,304.2,304.2,687201
sa3017665,Aaron Zavala,TEX,OF,,115,494,389.7,389.7,701648
sa3016955,Tyler Hardman,NYY,1B/3B,,108,421,351.3,351.3,676205
sa3014494,Aaron Sabato,MIN,1B,,103,412,352.1,352.1,693306
sa3010696,Colin Barber,,OF,,99,385,278,278,683145
sa3016806,Colin Davis,,OF,,70,260,139.1,139.1,695342
sa3019839,Brody Moore,STL,2B/SS,,112,410,247.9,247.9,690914
sa3023651,Kyle Hess,,OF,,82,263,175.2,175.2,680740
sa3014530,Jordan Nwogu,CHC,OF,,99,378,262.3,262.3,685087
sa3020352,Bryce Willits,,1B/3B,,93,367,234.6,234.6,801600
sa3016779,Frederick Bencosme,BAL,2B/SS,,107,431,255.9,255.9,695930
sa3019837,Michael Curialle,,3B,,89,343,233.7,233.7,683152
sa3018482,Luis Baez,,OF,,94,391,336.5,336.5,800232
sa3014690,Jose Salas,MIN,2B/SS,,97,352,252.8,252.8,691191
sa3003274,Luis Mieses,,OF,,109,441,319.7,319.7,672635
sa3014987,Jacob Buchberger,,DH,,101,396,274.4,274.4,689750
20493,Seth Beer,,DH,,87,361,292.1,292.1,666179
sa3022256,Eriandys Ramon,CHC,3B/SS,,62,238,109.1,109.1,814546
sa3017017,Jack Rogers,,1B/OF,,99,370,289.6,289.6,679788
sa3025309,Alec Briley,CHW,1B/3B,,112,450,343.1,343.1,701062
sa3025355,T.J. McCants,CHW,OF,,71,287,200.4,200.4,690996
sa3025155,Christian Martin,,2B,,93,401,236.8,236.8,802353
15464,Hunter Renfroe,,OF,,94,349,295.2,295.2,592669
19977,Tres Barrera,,C,,73,257,143.8,143.8,668663
19683,Mike Brosseau,,3B,,95,337,231,231,670712
sa3024156,Hector Salas,HOU,2B,,80,308,184.8,184.8,827504
sa3017165,Zach Kokoska,COL,1B/OF,,92,351,313.1,313.1,694808
sa3022485,Jay Beshears,MIA,1B/3B/SS,,92,361,222.8,222.8,810891
10441,Jon Singleton,,1B,,99,387,304,304,572138
sa3025086,Justin Riemer,ATH,2B,,82,307,218.2,218.2,811312
sa3010336,Trevor Boone,,OF,,62,217,177.7,177.7,685392
sa3008029,Kyle Datres,,1B/3B,,82,315,224.3,224.3,663979
sa3005492,Jesus Valdez,ARI,3B,,79,274,162.7,162.7,678232
sa3016918,Jefferson Valladares,,C/1B,,69,254,183.2,183.2,686338
sa3010889,Hudson Head,,OF,,86,326,189.7,189.7,687431
sa3022428,Tre Richardson III,STL,2B,,89,357,204.4,204.4,693832
sa3017120,Bennett Hostetler,MIA,C/3B,,73,265,172,172,702315
sa3008888,Albert Fabian,SDP,1B/OF,,82,338,279.8,279.8,683546
13723,Jacob Stallings,BAL,C,,67,215,120,120,607732
sa3019498,Luis Marquez,TEX,2B/SS,,80,285,169,169,805058
sa3019979,Andrew Jenkins,DET,1B,,97,396,308.1,308.1,687543
sa3017628,Lonnie White Jr.,PIT,OF,,90,367,275.1,275.1,696145
sa3008743,Misael Urbina,,OF,,96,367,258.6,258.6,682618
sa3006900,Reivaj Garcia,,2B,,106,429,265.1,265.1,678706
sa3023620,Nate Rombach,WSN,C,,80,302,151.4,151.4,683176
sa3008942,Geraldo Quintero,,2B/OF,,112,446,359.7,359.7,684852
sa3017156,Connor Pavolony,,C,,56,200,98.4,98.4,680935
sa3019662,Oliver Carrillo,,1B/OF,,78,314,239.6,239.6,701324
sa3067265,Ben Newton,ATH,C/3B,,65,245,132.8,132.8,809091
14712,Manuel Margot,,OF,,93,314,254.1,254.1,622534
sa3022403,Cole Roberts,,2B,,39,127,41.4,41.4,689731
sa3015851,Derlin Figueroa,KCR,1B/3B,,126,524,369.5,369.5,700283
sa3010702,Cade Bunnell,,1B/3B,,94,347,214.7,214.7,685298
sa3022755,Caden Connor,CHW,1B/OF,,128,509,407.4,407.4,804645
sa3015166,Ethan Workinger,,OF,,128,507,430.3,430.3,689688
sa3006888,Luis Verdugo,SDP,3B,,99,377,198.7,198.7,677605
sa3016869,Tyler McDonough,BOS,2B/OF,,103,389,290.1,290.1,694812
sa3022495,Drew Compton,,1B,,113,435,318.5,318.5,686541
sa3022748,Drew Ehrhard,,1B,,68,243,190.4,190.4,679602
sa3025365,Trevor Austin,HOU,3B,,107,424,282.1,282.1,809338
sa3008878,Maikol Escotto,,2B/SS,,87,325,205.4,205.4,683500
sa3022920,Jalen Vasquez,,3B/SS,,92,330,195.6,195.6,694884
sa3025159,Ian Petrutz,STL,OF,,93,379,281.3,281.3,814413
sa3018619,Ryan Burrowes,CHW,2B/SS,,116,452,322.5,322.5,802018
sa3010693,Andrick Nava,MIL,C,,59,218,108.9,108.9,682774
sa3019894,Kyle Nevin,LAD,1B/3B,,99,403,331.5,331.5,693819
sa3015738,Ronald Hernandez,NYM,C/1B,,109,431,286.9,286.9,698933
sa3025244,Tyler Wilson,NYY,OF,,93,377,253.7,253.7,694834
sa3019836,Jacob Campbell,,OF,,69,263,150.5,150.5,680775
sa3023070,Alex Mooney,CLE,2B/3B/SS,,122,461,302.6,302.6,695612
sa3022594,Drew Bowser,CHC,1B/2B,,93,344,208.4,208.4,690958
sa3015057,Jacob Wetzel,,OF,,84,329,234.8,234.8,689047
sa3015659,Manuel Palencia,NYY,C,,65,252,141.2,141.2,692633
sa3020099,Peyton Williams,TOR,1B,,93,370,282.2,282.2,805268
sa3015314,Juan Montero,BOS,C,,39,132,63.1,63.1,695467
sa3022688,Jared Dickey,ATH,OF,,121,503,418.8,418.8,801406
sa3022674,Elijah Nunez,WSN,OF,,73,274,178.8,178.8,694399
13602,Patrick Wisdom,SEA,3B,,101,361,280.3,280.3,621550
sa3022679,Bennett Lee,DET,C,,65,238,71.2,71.2,700939
sa3015591,Enmanuel Terrero,,OF,,65,256,154.6,154.6,691927
sa3020118,Trey Faltine,CIN,2B/OF,,60,174,63.3,63.3,683104
sa3008938,Omar De Los Santos,,OF,,96,340,240.2,240.2,684519
sa3025310,J.R. Freethy,TOR,2B/OF,,91,379,274.3,274.3,701540
sa3019825,Jacob Berry,KCR,3B/OF,,123,486,410.9,410.9,694351
sa3019986,Luke Gold,,1B,,98,394,310.9,310.9,688780
sa3015525,Ronald Rosario,BOS,C,,99,407,263.9,263.9,691385
sa3014691,Ian Lewis Jr.,MIA,2B/3B,,99,389,304.5,304.5,691588
sa3010876,William Lugo,,3B/SS,,114,451,320,320,683493
sa3017407,Austin Callahan,,3B,,107,376,221,221,702472
sa3022675,Jack Payton,SFG,1B/OF,,73,295,226.3,226.3,694552
sa3015694,Wilman Diaz,,2B/SS,,91,337,226.4,226.4,694180
sa3020268,Josh Hood,SEA,3B/SS,,113,464,301.3,301.3,681377
sa3008941,Wilber Sanchez,,2B/SS,,79,286,125.7,125.7,684712
sa3015547,Fernando Caldera,,C,,37,111,42.7,42.7,691464
sa3022574,Aidan Longwell,COL,1B,,110,475,423.8,423.8,815067
sa3017158,Cody Morissette,MIN,2B,,104,412,254.3,254.3,681357
sa3023757,Justin Gonzales,BOS,OF,,97,415,361.8,361.8,821100
sa3018407,Samuel Munoz,LAD,OF,,122,537,422.8,422.8,703153
sa3025221,Mac Guscette,,C,,77,281,139.9,139.9,691944
17766,DJ Stewart,,OF,,91,307,238.6,238.6,621466
sa3019936,Drake Logan,,OF,,88,335,231,231,805763
sa3025336,Eric Rataczak,,OF,,85,325,221.3,221.3,827388
26468,Victor Bericoto,SFG,OF,,122,499,438.7,438.7,682674
sa3018484,Engelth Urena,NYY,C,,110,473,283.6,283.6,800246
sa3022813,Austin Deming,,3B,,83,327,238.9,238.9,801471
sa3019805,Hogan Windish,,1B/2B,,100,405,292.4,292.4,702112
sa3025525,Blake Wright,COL,3B,,122,510,406.7,406.7,694543
sa3011821,Willy Vasquez,,3B,,100,385,294,294,691938
sa3018401,Guillermo Williamson,,1B,,64,250,201.1,201.1,702908
sa3023367,Sam Brown,WSN,1B,,133,517,425.1,425.1,694848
sa3008907,Rodolfo Nolasco,,OF,,97,399,274.2,274.2,683616
sa3015601,Axel Sanchez,SEA,2B/SS,,82,311,158.2,158.2,692046
sa3011329,Jeremy De La Rosa,,OF,,90,365,270.4,270.4,682707
sa3011502,Ethan Hearn,CHC,C,,85,324,199.5,199.5,683001
sa3020223,Cameron Decker,LAD,1B/OF,,75,314,221.1,221.1,806306
sa3014707,Aeverson Arteaga,SFG,SS,,132,498,256.8,256.8,692348
sa3028297,Ali Camarillo,ATH,SS,,107,460,268.9,268.9,701548
sa3023289,Joe Olsavsky,ATL,1B/3B,,95,330,206.7,206.7,815586
13663,Jack López,,2B,,101,368,193.8,193.8,605346
sa3008297,Jaylen Palmer,,3B/OF,,119,439,297,297,681941
sa3019890,Sean McLain,LAD,SS,,114,436,241.2,241.2,683169
sa3023426,Nelly Taylor,BOS,OF,,118,504,371.6,371.6,807511
sa3015864,Adrian De Leon,ARI,C,,88,344,155.5,155.5,700369
sa3022964,Colin Houck,NYM,3B/SS,,126,522,340.2,340.2,806124
sa3022673,Cole Foster,,SS,,68,272,108.2,108.2,694369
sa3020129,Nick Cimillo,PIT,1B,,113,431,387.6,387.6,701177
sa3025538,Jake Steels,,OF,,74,247,98.4,98.4,809921
sa3019526,Won-Bin Cho,STL,OF,,110,440,303,303,800231
sa3011559,Jake Snider,,OF,,97,356,232.7,232.7,686744
sa3016143,Daniel Vazquez,KCR,SS,,125,516,350.8,350.8,694187
5827,Wilmer Flores,,1B,,100,370,301.1,301.1,527038
sa3010335,GJ Hill,COL,OF,,74,247,187.3,187.3,677338
sa3018566,Thomas Sosa,BAL,OF,,89,349,244.4,244.4,800449
sa3022893,Nazzan Zanetello,BOS,2B/SS,,89,389,252.4,252.4,805801
sa3019987,Anthony Hall,,OF,,69,270,162.9,162.9,689141
sa3005576,Carlos Arroyo,,2B,,49,169,65.6,65.6,678863
sa3017401,Mike Jarvis,PIT,2B,,96,321,184.4,184.4,690448
sa3025167,Ryan Nicholson,LAA,1B,,121,503,422,422,690804
sa3019899,Adrian Rodriguez,ARI,SS,,98,357,171.5,171.5,703641
sa3010155,Omar Hernandez,KCR,C,,84,322,143.9,143.9,683427
sa3008080,Connor Scott,,OF,,80,293,182.8,182.8,669002
sa3022829,Coby Morales,NYY,1B/OF,,120,484,366.3,366.3,815089
sa3025158,Josh Kross,STL,C/1B,,104,438,318.8,318.8,811339
sa3025441,Garrett Howe,CLE,2B/SS,,103,389,195.5,195.5,827628
sa3020274,Kaden Hollow,,1B/OF,,90,355,230.5,230.5,687701
sa1169620,Marcus Smith,CIN,OF,,98,346,218.4,218.4,687526
sa3025170,Carter Cunningham,TOR,1B/OF,,102,414,323.2,323.2,701860
sa3022658,Mike Boeve,MIL,1B/3B,,74,312,235.2,235.2,801670
sa3022961,Ethan Long,SDP,1B,,56,220,112.6,112.6,690994
sa3025169,Mitchell Daly,,DH,,84,320,129.1,129.1,699475
sa3022494,Johnny Olmstead,MIA,2B/SS,,125,485,358,358,675394
sa3066528,Kyle Dernedde,CLE,2B/3B,,76,262,112.8,112.8,686952
sa3018558,Marvin Alcantara,BOS,2B/SS,,129,527,313.6,313.6,800421
sa3022436,Caleb Ketchup,,2B/OF,,109,424,274,274,810053
sa3022695,Jared Wegner,,OF,,73,266,164.3,164.3,808767
sa3018526,Edwin Amparo,BAL,2B/SS,,94,363,246.7,246.7,800348
sa3015365,Diego Guzman,,2B/3B,,59,210,75.7,75.7,699321
sa3025335,David Mershon,LAA,2B/SS,,97,369,213.6,213.6,702574
sa3025496,Sean Barnett,SDP,P,,78,264,173.4,173.4,826141
sa3007977,Miguel Pabon,,C,,74,274,123.7,123.7,682196
sa3015352,Blayberg Diaz,MIL,C,,72,265,110.6,110.6,691600
sa3017429,Jordan Viars,,OF,,76,286,187.3,187.3,701833
sa3010043,DJ Gladney,NYY,OF,,109,446,365.5,365.5,687554
sa3014692,Hedbert Perez,TOR,OF,,87,355,282.3,282.3,691616
sa3017660,Anthony Vilar,SDP,C,,102,381,249.7,249.7,681036
sa3067039,Luke Davis,PHI,C/1B,,87,316,194,194,701592
sa3015539,Kevin Rivas,CLE,1B,,47,154,56.3,56.3,691422
sa3014687,Arol Vera,LAA,2B/SS,,120,444,241,241,691186
sa3017080,Cal Conley,ATL,2B/SS,,125,512,310.6,310.6,695462
11737,Nick Castellanos,,3B/OF,,124,499,452.4,452.4,592206
sa3015705,Victor Acosta,CIN,2B/SS,,107,435,244.7,244.7,694193
sa3008757,Alexander Ramirez,CHC,OF,,87,324,193.9,193.9,682643
sa3015826,Yohairo Cuevas,NYM,1B/OF,,112,445,280.2,280.2,699293
sa3017172,Wes Kath,CHW,3B,,95,374,220.9,220.9,695770
sa3022962,Boston Baro,NYM,3B/SS,,111,473,313.8,313.8,805951
sa3010023,Jairo Pomares,,OF,,87,345,251.4,251.4,682646
sa3019991,Caeden Trenkle,,OF,,75,276,148,148,689959
sa3020115,Josh Hatcher,,1B/OF,,98,399,272.3,272.3,677049
sa3015611,Lizandro Espinoza,ATL,SS,,117,450,269.7,269.7,692371
sa3015747,Anderson De Los Santos,BAL,3B,,114,435,332.8,332.8,698945
sa3022816,Pierce Bennett,,OF,,79,305,172.8,172.8,803139
sa3015818,Anderdson Rojas,ARI,OF,,128,505,295.1,295.1,699232
sa3005712,Dalvy Rosario,,OF,,94,334,200.7,200.7,672537
sa3016959,Caleb Roberts,MIN,C/OF,,109,451,358.1,358.1,681134
11615,Brandon Drury,,2B/3B,,86,348,283.6,283.6,592273
sa3015565,Brenny Escanio,,2B/SS,,96,354,190.2,190.2,691601
sa3018487,Yonatan Henriquez,NYM,3B/OF,,115,444,319.9,319.9,800257
sa3020010,Tyler Robertson,,OF,,75,287,179.7,179.7,805234
sa3022591,Brian Kalmer,,1B,,92,369,268.4,268.4,687260
sa3025603,Jakob Christian,SFG,1B/OF,,99,437,367.5,367.5,814451
sa3015293,Miguel Ugueto,STL,OF,,66,264,150.8,150.8,692568
sa3025526,Vance Honeycutt,BAL,OF,,112,455,247.3,247.3,701689
sa3025415,Ivan Brethowr,PIT,OF,,108,430,317.2,317.2,814442
15429,Kris Bryant,COL,3B/OF,,63,259,206.2,206.2,592178
sa3022593,Zach Arnold,,3B,,91,344,208,208,689984
6887,Martín Maldonado,,C,,71,216,103.2,103.2,455117
sa3025269,Edgar Alvarez,CHC,1B/OF,,107,432,309.1,309.1,827294
sa3022652,Carson Jones,,DH,,88,358,188.5,188.5,687982
sa3022667,Gavin Dugas,,2B/3B,,96,356,185.3,185.3,681171
sa3008905,Leandro Pineda,WSN,OF,,112,430,310.6,310.6,683610
sa3015699,Shalin Polanco,PIT,OF,,109,416,284.2,284.2,694186
sa3022687,Cam Fisher,,1B/OF,,78,295,196.8,196.8,801176
sa3006903,Carlos De La Cruz,,OF,,117,482,380.3,380.3,678926
sa3017661,Logan Cerny,,OF,,91,359,222.1,222.1,681488
sa3022597,Bryson Ware,PHI,3B/OF,,102,397,306.5,306.5,694310
sa3014949,Paul Witt,,3B,,62,227,148.5,148.5,700685
sa3022568,Jackson Feltner,,1B,,72,267,161,161,801822
sa3015534,Maick Collado,CLE,1B/3B,,93,368,239.5,239.5,691408
sa3022558,Tevin Tucker,COL,2B,,89,313,181.4,181.4,686683
sa3011501,T.J. Schofield-Sam,,1B/3B,,114,483,339.1,339.1,672013
sa3025512,Peyton Stovall,CIN,1B/2B,,73,309,177.7,177.7,696510
sa3025251,Dylan Dreiling,TEX,OF,,112,491,370.2,370.2,702662
sa3017397,Brenden Dixon,,1B/3B,,76,269,173.7,173.7,686981
sa969045,Kevin Maitan,,3B,,70,273,159.2,159.2,670867
sa3005617,Darlin Moquete,,OF,,88,328,220.4,220.4,680642
sa3015709,Abel Bastidas,,2B/3B/SS,,64,234,114.2,114.2,694201
sa3020217,Brenner Cox,WSN,OF,,88,337,207.1,207.1,702685
sa3025405,Ryan Stafford,BAL,C,,96,338,173.4,173.4,701696
sa3014882,Sahid Valenzuela,,2B,,94,341,163.9,163.9,684541
sa3018963,Samuel Gil,DET,2B/SS,,107,419,234.9,234.9,800510
sa3016076,Luis Valdez,,2B/OF,,81,269,152.3,152.3,687667
sa3017116,Shawn Goosenberg,,1B/OF,,95,383,279.3,279.3,700361
sa3022889,Sam Shaw,TOR,2B/OF,,76,333,235.3,235.3,802511
sa3010025,Joe Naranjo,,1B,,105,420,268.2,268.2,683172
sa3016835,Raudelis Martinez,,C/1B,,82,320,188.8,188.8,696020
sa3022507,Isaiah Drake,ATL,OF,,120,504,334.3,334.3,806061
sa3023270,Cole Urman,,C/1B,,78,276,155.7,155.7,805366
sa3017988,Anthony Scull,LAA,OF,,118,531,381.4,381.4,703430
sa3011739,Karson Simas,CHC,2B/OF,,90,324,170.2,170.2,689302
sa3023579,John Michael Faile,CIN,C/1B,,94,365,311.5,311.5,702114
sa3010008,Carter Aldrete,,1B/3B,,89,340,215,215,666177
sa3015580,Carlos Franco,ATH,C,,70,285,120.8,120.8,691863
sa3022824,Carter Graham,CIN,1B/3B,,105,411,274.5,274.5,807728
sa3023054,Kalae Harrison,,2B/3B,,54,187,57,57,695013
sa3017558,Branden Boissiere,WSN,1B,,112,451,325.2,325.2,680998
sa3008865,Gabriel Martinez,,OF,,107,405,267.2,267.2,683447
sa3014521,Austin Hendrick,CIN,OF,,114,441,317.6,317.6,690988
sa3019840,R.J. Yeager,,1B,,102,408,280.7,280.7,694271
sa3020087,Kevin Graham,,OF,,73,271,143.8,143.8,681184
sa3016162,Jose Perez,TBR,3B/OF,,75,247,137.7,137.7,699077
sa3015744,Angel Tejada,,2B,,74,233,121,121,698941
sa3015188,Vincent Perozo,NYM,C,,88,329,186,186,691710
sa3014702,Reginald Preciado,CHC,3B,,94,352,168.8,168.8,691262
sa3022918,Hunter Haas,,2B/3B/SS,,96,359,154.7,154.7,690983
sa3022598,Jack Moss,HOU,1B,,60,214,131.2,131.2,694380
sa3014676,Juan Chacon,,OF,,73,262,136.9,136.9,691370
sa3025201,Jacob Jenkins-Cowart,MIA,OF,,86,332,170.9,170.9,801881
sa3018413,Alexis Hernandez,CHC,2B/SS,,73,291,148.1,148.1,703161
sa3018433,Leandro Arias,BAL,2B/SS,,94,362,216.1,216.1,703202
sa3008807,Elio Prado,,OF,,88,347,195.6,195.6,682799
sa3022618,Arturo Disla,TEX,1B,,108,441,327,327,815697
sa3022497,Jordan Thompson,,2B/SS,,106,424,261.9,261.9,691948
sa3025224,Colby Jones,ATL,2B/3B,,131,511,269.2,269.2,803475
sa3025357,Hudson White,BOS,C,,72,278,112.9,112.9,695742
sa3009279,Miguel Palma,NYY,C,,68,251,169.7,169.7,682692
sa3025307,Lyle Miller-Green,,1B,,100,402,290.3,290.3,688509
sa3018641,Erick Torres,KCR,OF,,122,511,297.5,297.5,805075
sa3018536,Eduardo Guerrero,LAD,2B/SS,,110,415,247.6,247.6,800370
sa3008771,Cristian Gonzalez,,3B/SS,,75,306,124.2,124.2,682685
sa828685,Jake Gatewood,,1B/3B,,86,334,199.1,199.1,656449
sa3014695,Alex Ramírez,CHC,OF,,111,456,272.1,272.1,691267
sa3026520,Teo Banks,WSN,OF,,72,192,56.7,56.7,695493
sa3014549,Zavier Warren,,1B/3B,,111,437,313.3,313.3,680518
sa3022564,Jack Hurley,ARI,OF,,103,401,240.3,240.3,694815
sa3025156,Bryce Madron,,OF,,53,218,72.4,72.4,809244
sa3018406,Anthony Gutierrez,TEX,OF,,97,396,291.1,291.1,703152
sa3020093,Harrison Spohn,,SS,,92,319,123.6,123.6,695461
sa3025368,Rafe Perich,TEX,3B,,104,420,243.4,243.4,825927
sa3019204,Reylin Perez,,2B/SS,,70,242,112.5,112.5,800139
sa3020002,Chase Valentine,,2B/SS,,85,288,113.5,113.5,701106
sa3022704,Jackson Hornung,,1B/OF,,105,431,331.5,331.5,814408
sa3022501,Joe Vetrano,LAD,1B,,105,420,297.3,297.3,694838
sa3015574,Jefrey De Los Santos,,2B/OF,,87,323,199.5,199.5,691645
sa3015693,Arxy Hernandez,,3B,,121,500,283.6,283.6,694065
sa3018430,Kenni Gomez,HOU,OF,,108,435,280.4,280.4,703198
sa3025384,Rodney Green Jr.,ATH,OF,,116,500,323.7,323.7,701587
sa3020125,Tommy Sacco Jr.,,SS,,113,444,248,248,690474
sa3021057,Antonis Macias,TEX,2B,,113,467,327.3,327.3,805950
sa3015712,Maikol Hernández,,3B/SS,,107,405,198.3,198.3,694204
sa3017629,Kay-Lan Nicasia,,OF,,87,316,184.2,184.2,702461
sa3025631,Miguel Santos,,DH,,82,343,190.1,190.1,801533
sa3019866,Sonny DiChiara,,1B,,78,323,217.5,217.5,800685
sa3067759,Luis Sanchez,CHC,OF,,67,266,106,106,829829
sa3009866,Evan Edwards,,1B,,79,296,188.6,188.6,657212
sa3041782,Cody Schrier,MIA,1B,,78,310,208.2,208.2,691794
sa3008868,Brayan Buelvas,ATH,OF,,105,420,286.2,286.2,683454
sa3017157,EJ Andrews Jr.,,OF,,91,322,206.9,206.9,681044
sa3022592,Trevor Werner,KCR,3B,,99,414,277.5,277.5,687731
sa3018445,Modeifi Marte,ARI,1B,,100,391,266,266,800029
sa3008883,Milkar Perez,,1B/3B,,92,374,220.9,220.9,683529
sa3031322,Victor Figueroa,BAL,1B,,100,413,312.9,312.9,809372
sa3022441,Alberto Rios,LAA,C,,61,225,75.7,75.7,814362
sa3016825,Diego Mosquera,,2B/SS/OF,,78,265,107.7,107.7,699305
sa3041172,Jackson Ross,WSN,1B/3B,,91,352,224.6,224.6,824605
sa3016171,Luis Ravelo,,2B/SS,,81,309,149.3,149.3,699144
sa3025670,Nolan Clifford,,DH,,73,243,115.3,115.3,823089
sa3014710,Jhon Diaz,TBR,OF,,112,429,294.7,294.7,691252
sa3008249,Korey Holland,,OF,,94,351,216.6,216.6,680690
sa3020273,Jared McKenzie,,OF,,96,381,219,219,686982
sa3019946,Adam Retzbach,,C/1B,,110,415,269.6,269.6,806273
sa3015169,Juan Corniel,,SS,,95,348,146.8,146.8,691284
sa3025356,Casey Cook,TEX,2B,,120,496,270.9,270.9,695517
sa3019963,Skyler Messinger,COL,1B/3B,,107,417,294.1,294.1,676038
sa3020534,Carter Young,,SS,,99,396,186.5,186.5,677356
sa3020201,Kamren James,TBR,3B,,76,282,137.7,137.7,687553
sa3020138,Christopher Paciolla,,3B,,66,264,98.2,98.2,800627
sa3020133,Haydn McGeary,,1B,,100,401,285,285,702333
sa3017152,Donta' Williams,,OF,,79,294,146.8,146.8,676024
sa3018435,Esmith Pineda,CIN,OF,,122,483,364.6,364.6,703204
sa3015117,Yhoswar Garcia,,OF,,91,341,179.4,179.4,694070
sa3022434,Brayden Jobert,,1B/OF,,97,373,211.2,211.2,801430
sa3018546,Fernando Peguero,BAL,2B/OF,,101,354,201.4,201.4,800387
sa3018387,Dyan Jorge,COL,SS,,121,486,310.8,310.8,694170
sa3006621,Bladimir Restituyo,,OF,,112,430,229.3,229.3,678837
sa3022678,Brandon Pimentel,,1B,,88,347,211.7,211.7,699615
sa3018219,Wyatt Hoffman,SDP,2B,,86,279,95.1,95.1,703715
sa3037490,Cole McConnell,,OF,,94,389,223.2,223.2,823277
sa3018505,Mairo Martinus,LAD,3B/OF,,101,425,265.7,265.7,800302
sa3020458,Andy Garriola,CHC,OF,,106,418,253.9,253.9,696513
sa3025369,Drew Vogel,,DH,,109,418,183.7,183.7,826164
sa3015595,Jose Sanabria,,2B/3B,,53,198,65.4,65.4,692027
sa3025450,Corey Collins,NYM,1B,,77,288,143.7,143.7,690970
sa3015643,Johnfrank Salazar,,1B/3B,,84,317,187.6,187.6,692564
sa3025225,Titus Dumitru,PIT,OF,,111,468,322.3,322.3,828335
sa3023167,Antonio Anderson,BOS,3B,,106,442,263.8,263.8,702995
sa3020239,Ryan Wrobleski,,C/1B,,67,258,154.1,154.1,696141
sa3018556,Alfredo Velásquez,,2B/3B,,100,370,187.2,187.2,800414
sa3025222,Mason Guerra,ATL,1B,,106,413,262,262,701653
sa3017398,Nathan Hickey,BOS,C/1B,,120,475,426.7,426.7,687208
sa3019978,Nathan Martorella,,1B,,131,530,391.9,391.9,687210
sa3017697,T.J. White,WSN,OF,,120,472,340.7,340.7,695604
sa3018975,Elvis Rijo,,2B/3B,,46,163,37.9,37.9,804879
sa3008759,Juan Guerrero,,OF,,114,476,377.2,377.2,682648
sa3009324,Darlyn Montero,,1B,,74,295,172.2,172.2,683887
sa3017109,Tyler Miller,,1B,,96,374,246,246,682011
sa3011632,Jean Perez,,2B,,80,269,136.8,136.8,691685
sa3019929,Tayden Hall,MIL,1B,,96,377,212.7,212.7,695554
sa3015176,Yerlin Confidan,CIN,OF,,115,466,304.5,304.5,691398
sa3015548,Luis Encarnacion,,1B,,91,348,208.1,208.1,691476
sa3025437,Joel Dragoo,PHI,OF,,76,300,121,121,811780
sa3025417,Nick Roselli,,2B/OF,,94,362,225.4,225.4,815874
sa3025242,Jack Costello,SDP,1B/OF,,104,426,277.2,277.2,694320
sa3014472,Anthony Servideo,,2B/3B/SS,,101,376,140,140,676545
sa3015708,Ariel Almonte,,OF,,112,453,300.8,300.8,694200
sa3009534,Rafael Morel,,OF,,110,409,203.2,203.2,682662
sa3032524,Gunner Gouldsmith,ATH,2B/SS,,86,321,88.7,88.7,802005
sa3018468,Ruben Santana,,1B/3B,,119,488,298.7,298.7,800185
sa3025243,Brandon Eike,SEA,1B/3B,,97,397,184,184,694806
sa3042608,Myles Smith,,OF,,88,292,133.4,133.4,701737
sa3018525,Juan Baez,MIL,3B,,118,472,185,185,800345
sa3015695,Armando Cruz,,SS,,105,385,135.9,135.9,694182
sa3018426,Randy De Jesus,LAA,OF,,127,517,376,376,703194
sa3015587,Jesus Castillo,PIT,2B,,111,422,186,186,691913
sa3008799,Albert Feliz,,1B,,82,284,162.9,162.9,682765
sa3014891,Bryson Horne,,1B,,88,344,196.8,196.8,695587
sa3015515,Yiddi Cappe,,2B/SS,,92,395,268,268,691268
sa3008805,Bryan Gonzalez,,1B/OF,,94,378,253.2,253.2,682793
sa3022444,Mac McCroskey,LAA,2B/SS,,98,310,101.1,101.1,815151
sa3015741,Aneudis Mordán,,C/1B,,72,244,133,133,698937
sa3067090,Peyton Powell,,1B/OF,,80,318,143,143,687334
sa3022505,Jace Grady,,OF,,82,316,146.3,146.3,800056
sa3011857,Jesus Bugarin,,OF,,91,345,219.9,219.9,684109
sa3015353,Jheremy Vargas,MIL,2B/3B,,105,373,172.5,172.5,691621
sa3021210,Luiyin Alastre,MIL,OF,,99,379,187.1,187.1,808236
sa3017376,Tyler Whitaker,HOU,OF,,105,402,218,218,696264
sa3014540,Ed Howard,,2B/SS,,84,321,103.6,103.6,690992
sa3017169,Benny Montgomery,,OF,,105,426,297.6,297.6,695603
sa3018436,Fraymi De Leon,,2B/SS,,94,330,119.6,119.6,703205
sa3014718,Roismar Quintana,,1B/OF,,82,325,182.8,182.8,692453
sa3015720,Yeison Morrobel,TEX,OF,,101,404,206.5,206.5,694218
sa3025246,Jaime Ferrer,MIN,1B/OF,,103,384,238.4,238.4,695634
sa3017162,John Rhodes,,1B/OF,,109,442,264.7,264.7,687981
sa3022537,Brock Vradenburg,,1B,,103,402,245.4,245.4,802544
sa3022610,Caleb Hobson,COL,OF,,102,367,193.5,193.5,805931
sa3038855,Jackson Nicklaus,,1B,,86,324,168.5,168.5,800715
sa3018470,Dario Laverde,LAA,C,,103,432,258.3,258.3,800188
sa3019902,Bubba Alleyne,,OF,,82,330,149.9,149.9,804588
sa3018388,Daniel Guilarte,MIL,2B/SS,,117,428,151.8,151.8,694206
sa3067171,Colin Summerhill,,1B,,112,452,237,237,814394
sa3008808,Noelberth Romero,BAL,2B/3B,,91,329,136.1,136.1,682801
sa3066821,C.J. Pittaro,ATH,1B/OF,,120,507,266.6,266.6,694953
