Name,Team,G,PA,AB,H,1B,2B,3B,HR,R,RBI,BB,IBB,SO,HBP,SF,SH,GDP,SB,CS,AVG,BB%,K%,BB/K,OBP,SLG,wOBA,OPS,ISO,Spd,BABIP,UBR,wSB,wRC,wRAA,wRC+,BsR,Fld,Off,Def,WAR,ADP,InterSD,InterSK,IntraSD,Vol,Skew,Dim,FPTS,FPTS/G,SPTS,SPTS/G,P10,P20,P30,P40,P50,P60,P70,P80,P90,TT10,TT20,TT30,TT40,TT50,TT60,TT70,TT80,TT90,NameASCII,PlayerId,MLBAMID
"Mike Trout","LAA",156,705,591,178,95,38,10,35,113,114,95,7,146,10,9,0,,23,4,0.3011844331641286,0.1347517730496454,0.20709219858156028,0.6506849315068494,0.4014184397163121,0.5769881556683587,0.41892047606429944,0.9784065953846708,0.27580372250423013,7.034717079694741,0.3412887828162291,,2.364069451810792,134.66051787501522,58.91617771601623,178.20167652696176,2.364069451810792,,62.96490107584132,1.5,9.503729095317532,,,,,,,,1249.5,8.009615384615385,1249.5,8.009615384615385,,,,,,,,,,,,,,,,,,,"Mike Trout","10155",545361
"Andrew McCutchen","PIT",151,659,567,166,102,34,6,24,96,88,78,10,121,9,5,0,,20,8,0.2927689594356261,0.11836115326251896,0.18361153262518967,0.6446280991735537,0.38391502276176026,0.5008818342151675,0.38363442206052123,0.8847968569769278,0.20811287477954143,5.842716571365731,0.3325526932084309,,0.308609809493646,108.03941811408993,37.237261851990176,149.4510260411503,0.308609809493646,,36.8893842114802,0.42136978248089374,6.2817267229800136,,,,,,,,997.6,6.606622516556292,997.6,6.606622516556292,,,,,,,,,,,,,,,,,,,"Andrew McCutchen","9847",457705
"Buster Posey","SFG",146,597,529,159,107,31,2,19,72,87,55,6,76,5,8,0,,2,1,0.3005671077504726,0.09212730318257957,0.1273031825795645,0.7236842105263158,0.36683417085427134,0.47448015122873344,0.36613530142456546,0.8413143220830048,0.17391304347826086,2.8109822086840675,0.3167420814479638,,-0.5840942587237805,89.86234540868728,25.721393529364747,139.29867907219446,-0.5840942587237805,,25.751580947350618,12.967813051146384,6.230276436554238,,,,,,,,822.3,5.632191780821917,822.3,5.632191780821917,,,,,,,,,,,,,,,,,,,"Buster Posey","9166",457763
"Giancarlo Stanton","MIA",148,614,525,144,75,29,3,37,87,95,78,12,170,7,4,0,,8,4,0.2742857142857143,0.1270358306188925,0.2768729641693811,0.4588235294117647,0.3729641693811075,0.5523809523809524,0.39622422290402787,0.9253451217620599,0.2780952380952381,4.202717654149186,0.33229813664596275,,-0.46626298781484365,106.59069834146125,40.62328719589337,156.18862345081516,-0.46626298781484365,,38.260298434267185,-2.7680776014109343,5.932766594584673,,,,,,,,989.4000000000001,6.685135135135136,989.4000000000001,6.685135135135136,,,,,,,,,,,,,,,,,,,"Giancarlo Stanton","4949",519317
"Miguel Cabrera","DET",152,657,578,179,108,39,1,31,90,113,69,15,105,3,7,0,,3,1,0.3096885813148789,0.1050228310502283,0.1598173515981735,0.6571428571428571,0.3820395738203957,0.5415224913494809,0.39490812543396636,0.9235620651698766,0.23183391003460202,2.555155055230885,0.32962138084632514,,-0.39917582063935697,113.3923388224114,42.80506012104641,156.11205428001685,-0.39917582063935697,,40.12320386343825,-10.07010582010582,5.5635268715790955,,,,,,,,1053.5000000000002,6.9309210526315805,1053.5000000000002,6.9309210526315805,,,,,,,,,,,,,,,,,,,"Miguel Cabrera","1744",408234
"Josh Donaldson","TOR",147,634,566,150,89,33,2,26,82,91,58,3,124,6,4,0,,7,2,0.26501766784452296,0.0914826498422713,0.19558359621451105,0.46774193548387094,0.33753943217665616,0.46819787985865724,0.35294753398079126,0.8057373120353134,0.20318021201413428,4.0330164041427725,0.29523809523809524,,0.08031878201290965,89.0190347787691,20.902848025853707,126.11614205318354,0.08031878201290965,,18.28033115861468,11.329512051734273,5.435542882675872,,,,,,,,825.1999999999999,5.61360544217687,825.1999999999999,5.61360544217687,,,,,,,,,,,,,,,,,,,"Josh Donaldson","5038",518626
"Yasiel Puig","LAD",154,656,577,169,104,35,8,22,102,85,62,4,133,13,3,1,,15,9,0.292894280762565,0.09451219512195122,0.2027439024390244,0.46616541353383456,0.37251908396946565,0.49566724436741766,0.3794731862167792,0.8681863283368834,0.20277296360485264,6.262856626695189,0.3458823529411765,,-1.0533699181396514,105.45393293416205,34.97409301316444,148.34946633787678,-1.0533699181396514,,34.5497205401313,-5.231040564373897,5.39512368588299,,,,,,,,951.5999999999999,6.1792207792207785,951.5999999999999,6.1792207792207785,,,,,,,,,,,,,,,,,,,"Yasiel Puig","14225",624577
"Jonathan Lucroy","MIL",142,568,513,149,97,34,4,14,64,77,47,2,69,3,4,1,,6,2,0.290448343079922,0.08274647887323944,0.12147887323943662,0.6811594202898551,0.3509700176366843,0.45419103313840153,0.3534688838815267,0.8051610507750858,0.16374269005847952,4.205704602838022,0.31105990783410137,,-0.10082926484756172,79.97918928415106,18.953962035482387,122.63497718645358,-0.10082926484756172,,14.330973015404876,17.43503821281599,5.371234685099315,,,,,,,,730.1999999999999,5.14225352112676,730.1999999999999,5.14225352112676,,,,,,,,,,,,,,,,,,,"Jonathan Lucroy","7870",518960
"Robinson Canó","SEA",155,663,596,178,122,37,2,17,80,85,56,16,84,7,4,0,,7,2,0.2986577181208054,0.08446455505279035,0.12669683257918551,0.6666666666666666,0.363499245852187,0.45302013422818793,0.3530497581365488,0.816519380080375,0.15436241610738255,3.8244501519533642,0.3226452905811623,,0.008681348757818341,93.14286445624901,21.910953072679767,131.45809765011322,0.008681348757818341,,22.93421151962837,4.436067019400353,5.289956595757122,,,,,,,,875.9999999999999,5.651612903225805,875.9999999999999,5.651612903225805,,,,,,,,,,,,,,,,,,,"Robinson Cano","3269",429664
"Troy Tulowitzki","COL",111,457,400,125,77,23,2,23,66,70,49,5,68,4,4,0,,3,2,0.3125,0.10722100656455143,0.1487964989059081,0.7205882352941176,0.38949671772428884,0.5525,0.4065301198083743,0.9419967177242888,0.24,3.423917517328565,0.3258785942492013,,-0.625421449309215,82.94769252319072,33.84816989530062,144.91694397174135,-0.625421449309215,,22.416493746165166,11.03747795414462,5.187646457266586,,,,,,,,753.4,6.787387387387387,753.4,6.787387387387387,,,,,,,,,,,,,,,,,,,"Troy Tulowitzki","3531",453064
"Carlos Gómez","MIL",146,572,517,143,87,28,6,22,87,72,35,1,129,13,4,3,,32,9,0.2765957446808511,0.06118881118881119,0.22552447552447552,0.2713178294573643,0.335676625659051,0.4816247582205029,0.3575482446123177,0.8173013838795539,0.2050290135396518,7.705697354171953,0.327027027027027,,2.501216172706336,82.33206601339428,20.877083643256107,125.42224182016493,2.501216172706336,,18.824293865273127,10.101704879482657,5.073006342104093,,,,,,,,785.5999999999999,5.380821917808219,785.5999999999999,5.380821917808219,,,,,,,,,,,,,,,,,,,"Carlos Gomez","4881",460576
"Jason Heyward","STL",142,597,528,142,95,28,3,16,83,63,60,2,103,6,3,0,,14,4,0.2689393939393939,0.10050251256281408,0.17252931323283083,0.5825242718446602,0.34840871021775544,0.42424242424242425,0.3428493096047089,0.7726511344601796,0.15530303030303033,5.245167626862509,0.3058252427184466,,0.6922627266030759,79.20013279452229,15.059180915199756,119.78175166283337,0.6922627266030759,,13.948835189065498,11.419312169312171,4.765800657775535,,,,,,,,729.3,5.135915492957746,729.3,5.135915492957746,,,,,,,,,,,,,,,,,,,"Jason Heyward","4940",518792
"Alex Gordon","KCR",153,663,590,159,103,34,3,19,88,74,61,5,135,8,4,0,,12,4,0.26949152542372884,0.09200603318250378,0.20361990950226244,0.45185185185185184,0.3438914027149321,0.43389830508474575,0.34239291827729407,0.7777897077996778,0.1644067796610169,4.8622974154231695,0.3181818181818182,,0.262099590850994,87.72385093202438,16.49193954845514,117.80502024108168,0.262099590850994,,13.237757981574124,8.691798941798941,4.693172996444165,,,,,,,,813.3,5.315686274509804,813.3,5.315686274509804,,,,,,,,,,,,,,,,,,,"Alex Gordon","5209",460086
"José Bautista","TOR",120,524,435,116,66,21,0,29,78,84,79,7,86,6,4,0,,6,2,0.26666666666666666,0.15076335877862596,0.16412213740458015,0.9186046511627907,0.383587786259542,0.5149425287356322,0.39007720818141445,0.8985303149951742,0.2482758620689655,3.112615333385486,0.26851851851851855,,-0.09705887362360954,88.49621747462726,32.19829656212307,152.02367159421647,-0.09705887362360954,,29.867348287540445,-3.776014109347442,4.670036054597826,,,,,,,,808.8999999999999,6.740833333333332,808.8999999999999,6.740833333333332,,,,,,,,,,,,,,,,,,,"Jose Bautista","1887",430832
"Yadier Molina","STL",127,508,465,136,96,29,0,11,50,55,32,4,56,4,5,2,,5,2,0.2924731182795699,0.06299212598425197,0.11023622047244094,0.5714285714285714,0.33992094861660077,0.4258064516129032,0.33558228291363357,0.765727400229504,0.1333333333333333,2.6791909309446265,0.31017369727047145,,-0.236732617020607,64.56169407702318,9.98279365039697,114.81648190000382,-0.236732617020607,,8.212183153995182,18.332745443856552,4.599225202021389,,,,,,,,595.9999999999999,4.69291338582677,595.9999999999999,4.69291338582677,,,,,,,,,,,,,,,,,,,"Yadier Molina","7007",425877
"Adrian Beltré","TEX",138,579,530,159,109,28,1,21,70,72,40,9,71,4,5,0,,1,1,0.3,0.0690846286701209,0.1226252158894646,0.5633802816901409,0.35060449050086356,0.47547169811320755,0.35758854213513824,0.8260761886140711,0.17547169811320756,1.9837233978512634,0.3115124153498871,,-0.7199976108968258,83.35752140510888,21.150467572399094,126.7444490803962,-0.7199976108968258,,16.301023998894408,7.12742504409171,4.567732411101607,,,,,,,,775.8,5.621739130434782,775.8,5.621739130434782,,,,,,,,,,,,,,,,,,,"Adrian Beltre","639",134181
"Manny Machado","BAL",123,547,509,145,96,31,2,16,64,54,27,1,87,3,3,5,,5,3,0.28487229862475444,0.04936014625228519,0.1590493601462523,0.3103448275862069,0.32287822878228783,0.44793713163064836,0.33802735353794205,0.7708153604129362,0.16306483300589392,3.648088422012994,0.3154034229828851,,-0.6024827209766954,70.54398863866528,11.774975777711482,115.08088525477275,-0.6024827209766954,,8.465017297645794,15.009847148736037,4.462404004365701,,,,,,,,645.8,5.25040650406504,645.8,5.25040650406504,,,,,,,,,,,,,,,,,,,"Manny Machado","11493",592518
"Ben Zobrist","OAK",144,634,550,145,94,33,4,14,82,65,73,4,91,3,6,2,,11,5,0.2636363636363636,0.11514195583596215,0.14353312302839116,0.8021978021978022,0.34968354430379744,0.41454545454545455,0.33805526517758705,0.764228998849252,0.15090909090909094,4.842004240698466,0.29046563192904656,,-0.311191298533231,81.77753717579387,13.661350422878495,121.01844583902125,-0.311191298533231,,14.336300418586216,6.329512051734273,4.454487200275059,,,,,,,,747,5.1875,747,5.1875,,,,,,,,,,,,,,,,,,,"Ben Zobrist","7435",450314
"Kris Bryant","CHC",132,557,492,126,68,25,4,29,91,96,52,4,183,11,2,0,,10,4,0.25609756097560976,0.0933572710951526,0.32854578096947934,0.28415300546448086,0.3393177737881508,0.5,0.36561741524967106,0.8393177737881508,0.24390243902439024,6.064092455395447,0.34397163120567376,,0.01291523384861648,83.62017563930704,23.776774974679487,134.25809408288515,0.01291523384861648,,21.432476271781983,2.0465902410346852,4.425712082118549,,,,,,,,778.3,5.896212121212121,778.3,5.896212121212121,,,,,,,,,,,,,,,,,,,"Kris Bryant","15429",592178
"Anthony Rizzo","CHC",152,651,568,153,88,33,2,30,91,94,70,6,130,10,3,0,,6,5,0.26936619718309857,0.10752688172043011,0.19969278033794163,0.5384615384615384,0.3579109062980031,0.49295774647887325,0.3712441446245179,0.8508686527768763,0.22359154929577468,3.531305444593745,0.29927007299270075,,-1.2961097485385835,100.54142959513712,30.598783575976384,138.10261405181038,-1.2961097485385835,,26.54765358897869,-5.959876543209877,4.420835824809847,,,,,,,,915.2999999999998,6.021710526315789,915.2999999999998,6.021710526315789,,,,,,,,,,,,,,,,,,,"Anthony Rizzo","3473",519203
"Anthony Rendon","WSN",137,583,518,143,88,32,5,18,85,72,52,2,101,6,5,2,,10,2,0.27606177606177607,0.08919382504288165,0.1732418524871355,0.5148514851485149,0.3459552495697074,0.4613899613899614,0.3539034947624272,0.8073452109596688,0.18532818532818535,5.720962375450745,0.3094059405940594,,0.7029411382973194,82.28564914724711,19.64884019306783,125.33092452772654,0.7029411382973194,,17.280163735513728,5.14212228101117,4.396166617260847,,,,,,,,760.6999999999999,5.552554744525547,760.6999999999999,5.552554744525547,,,,,,,,,,,,,,,,,,,"Anthony Rendon","12861",543685
"Paul Goldschmidt","ARI",139,595,509,144,78,36,2,28,89,95,78,11,140,3,5,0,,14,4,0.2829076620825147,0.13109243697478992,0.23529411764705882,0.5571428571428572,0.37815126050420167,0.5265225933202358,0.38891929980010204,0.9046738538244374,0.24361493123772104,4.956300344507434,0.3352601156069364,,0.7337370300665498,99.95870911475417,36.03263479616639,144.99262725157132,0.7337370300665498,,30.784153329731495,-8.931069958847736,4.3735952797146345,,,,,,,,934.7999999999998,6.725179856115107,934.7999999999998,6.725179856115107,,,,,,,,,,,,,,,,,,,"Paul Goldschmidt","9218",502671
"Christian Yelich","MIA",143,643,570,159,110,29,7,13,97,61,66,2,142,3,2,2,,19,6,0.2789473684210526,0.1026438569206843,0.2208398133748056,0.4647887323943662,0.35569422776911075,0.42280701754385963,0.34546776360749076,0.7785012453129704,0.14385964912280702,6.6149649330408815,0.3501199040767386,,0.870273144217208,86.59397651572888,17.510840739507135,121.50875734781998,0.870273144217208,,16.39480334209455,2.9122574955908282,4.2537805236482145,,,,,,,,792.9000000000001,5.544755244755246,792.9000000000001,5.544755244755246,,,,,,,,,,,,,,,,,,,"Christian Yelich","11477",592885
"Chase Headley","NYY",139,570,501,127,81,25,1,20,74,73,59,3,145,8,2,0,,9,4,0.25349301397205587,0.10350877192982456,0.2543859649122807,0.4068965517241379,0.34035087719298246,0.42714570858283435,0.3403938858387121,0.7674965857758168,0.17365269461077848,4.011702206085936,0.3165680473372781,,-0.2549518111627549,74.54477278452616,13.304667975122745,118.35886798950888,-0.2549518111627549,,11.247598935451995,9.094356261022927,4.1981245723690375,,,,,,,,683.2999999999998,4.915827338129495,683.2999999999998,4.915827338129495,,,,,,,,,,,,,,,,,,,"Chase Headley","4720",452104
"José Abreu","CHW",138,582,511,149,87,28,1,33,83,88,56,7,108,11,4,0,,3,4,0.29158512720156554,0.09621993127147767,0.18556701030927836,0.5185185185185185,0.3711340206185567,0.5440313111545988,0.39530387329018635,0.9151653317731555,0.25244618395303325,2.624892034524689,0.31016042780748665,,-1.4624926114920527,100.62466042061523,38.095290246803316,156.29256317783967,-1.4624926114920527,,34.54952151250281,-14.692239858906524,4.1863689098137105,,,,,,,,916,6.63768115942029,916,6.63768115942029,,,,,,,,,,,,,,,,,,,"Jose Abreu","15676",547989
"Ian Kinsler","DET",148,675,615,167,113,35,4,15,88,76,45,1,72,7,5,3,,15,7,0.27154471544715447,0.06666666666666667,0.10666666666666667,0.625,0.32589285714285715,0.4146341463414634,0.3272588491084501,0.7405270034843205,0.14308943089430892,5.098980235082893,0.2851782363977486,,-0.2577730594202876,81.47663542986245,8.955458681884727,108.90922628419781,-0.2577730594202876,,6.352465995441696,10.48015873015873,4.175506442747189,,,,,,,,750.4,5.07027027027027,750.4,5.07027027027027,,,,,,,,,,,,,,,,,,,"Ian Kinsler","6195",435079
"Kyle Seager","SEA",156,658,593,155,100,31,3,21,79,88,53,2,116,7,4,1,,9,5,0.26138279932546377,0.08054711246200608,0.1762917933130699,0.45689655172413796,0.3272450532724505,0.4300168634064081,0.33415816085029193,0.7572619166788586,0.16863406408094433,4.2286876689938095,0.29130434782608694,,-0.6810281747020781,82.90648024924693,12.21176276751455,118.27633332526534,-0.6810281747020781,,12.537660280006342,4.417695473251029,4.130308171973165,,,,,,,,762.5,4.887820512820513,762.5,4.887820512820513,,,,,,,,,,,,,,,,,,,"Kyle Seager","9785",572122
"Adam Jones","BAL",156,667,627,175,112,32,2,29,89,96,24,2,127,11,5,0,,11,3,0.27910685805422647,0.035982008995502246,0.1904047976011994,0.1889763779527559,0.3148425787106447,0.47527910685805425,0.34465755385563784,0.790121685568699,0.19617224880382778,4.767366844644988,0.3067226890756303,,0.5221094724256545,89.41162197656824,17.749955471529503,119.70716098414036,0.5221094724256545,,14.970627409563278,1.450764256319812,4.102794071820251,,,,,,,,847.3,5.431410256410256,847.3,5.431410256410256,,,,,,,,,,,,,,,,,,,"Adam Jones","6368",430945
"Jacoby Ellsbury","NYY",134,592,540,152,107,27,4,14,76,62,43,3,86,4,4,1,,33,6,0.2814814814814815,0.07263513513513513,0.14527027027027026,0.5,0.33671742808798644,0.42407407407407405,0.3349002270268745,0.7607915021620605,0.14259259259259255,6.5036048385806025,0.3108108108108108,,3.768303357763216,74.9275649581749,11.323806980689245,114.52562325951206,3.768303357763216,,13.220437708142402,5.175191064079953,4.060548800371566,,,,,,,,730.8000000000001,5.453731343283582,730.8000000000001,5.453731343283582,,,,,,,,,,,,,,,,,,,"Jacoby Ellsbury","4727",453056
"Ian Desmond","WSN",152,636,586,157,101,31,3,22,74,83,40,1,150,5,3,2,,24,7,0.26791808873720135,0.06289308176100629,0.2358490566037736,0.26666666666666666,0.3186119873817035,0.44368600682593856,0.335202875578008,0.762297994207642,0.1757679180887372,5.44397143145757,0.3237410071942446,,1.6138644006568938,80.64413538003667,12.313071066386538,112.5535366179476,1.6138644006568938,,10.57607990793279,7.010582010582009,4.041819127637868,,,,,,,,768,5.052631578947368,768,5.052631578947368,,,,,,,,,,,,,,,,,,,"Ian Desmond","6885",435622
"Jose Altuve","HOU",156,688,639,198,147,39,4,8,84,57,36,4,70,4,6,3,,43,11,0.30985915492957744,0.05232558139534884,0.10174418604651163,0.5142857142857142,0.34744525547445254,0.4209702660406886,0.33721930926416765,0.7684155215151411,0.11111111111111116,6.160372773206594,0.3350970017636684,,3.762344480259344,88.3017031416532,14.383822248899612,118.91961175328815,3.762344480259344,,18.070184039301473,-3.5,3.9722011071199645,,,,,,,,851.8000000000001,5.46025641025641,851.8000000000001,5.46025641025641,,,,,,,,,,,,,,,,,,,"Jose Altuve","5417",514888
"Evan Longoria","TBR",141,609,538,137,85,27,2,23,76,80,58,9,122,6,7,0,,3,1,0.25464684014869887,0.09523809523809523,0.20032840722495895,0.47540983606557374,0.33004926108374383,0.44052044609665425,0.3348423816760381,0.7705697071803981,0.18587360594795538,3.369934775285348,0.285,,-0.3049160400405526,77.05218244083838,11.621965197107365,117.91161227155101,-0.3049160400405526,,11.685254920466413,5.237654320987654,3.9576691037672123,,,,,,,,730,5.177304964539007,730,5.177304964539007,,,,,,,,,,,,,,,,,,,"Evan Longoria","9368",446334
"Dustin Pedroia","BOS",143,642,579,161,116,34,1,10,75,62,55,3,74,2,6,0,,12,6,0.27806563039723664,0.08566978193146417,0.11526479750778816,0.7432432432432432,0.3395638629283489,0.3920552677029361,0.3244242802472182,0.7316191306312849,0.11398963730569944,3.73933476546562,0.3013972055888224,,-0.5033341380767524,76.09760680956117,7.121909813706801,102.82547984071849,-0.5033341380767524,,1.4905533327097453,14.358906525573193,3.9537944949470942,,,,,,,,697.8999999999999,4.88041958041958,697.8999999999999,4.88041958041958,,,,,,,,,,,,,,,,,,,"Dustin Pedroia","8370",456030
"Yoenis Cespedes","DET",147,627,579,159,98,29,5,27,88,103,39,4,120,5,4,0,,10,4,0.27461139896373055,0.06220095693779904,0.19138755980861244,0.325,0.3237639553429027,0.48186528497409326,0.3501315034603039,0.805629240316996,0.2072538860103627,5.327379106819259,0.30275229357798167,,-0.028559069614857435,86.68197366446701,19.31785837412325,124.8688052748625,-0.028559069614857435,,17.110850850962823,-1.9113756613756614,3.8307395667725515,,,,,,,,817.5999999999999,5.561904761904762,817.5999999999999,5.561904761904762,,,,,,,,,,,,,,,,,,,"Yoenis Cespedes","13110",493316
"Starling Marte","PIT",146,607,554,151,97,30,10,14,85,59,30,2,145,18,2,3,,30,13,0.27256317689530685,0.04942339373970346,0.23887973640856672,0.20689655172413793,0.3294701986754967,0.43862815884476536,0.3380357992411452,0.768098357520262,0.1660649819494585,7.9084364820069855,0.345088161209068,,0.559037535218522,78.28583520018732,13.070495517191048,118.29530407445213,0.559037535218522,,13.024847343529146,3.3090828924162263,3.8080722019206807,,,,,,,,731.8,5.012328767123288,731.8,5.012328767123288,,,,,,,,,,,,,,,,,,,"Starling Marte","9241",516782
"Jhonny Peralta","STL",136,543,494,131,84,31,1,15,53,61,43,2,96,3,3,0,,2,2,0.2651821862348178,0.07918968692449356,0.17679558011049723,0.4479166666666667,0.3259668508287293,0.4230769230769231,0.3303990721041526,0.7490437739056524,0.15789473684210525,2.283620466156302,0.3005181347150259,,-0.8367326259613037,66.85121845139528,8.51196071191097,111.27500049354447,-0.8367326259613037,,6.035669644012696,11.985449735449734,3.780531578038932,,,,,,,,612.3999999999997,4.5029411764705864,612.3999999999997,4.5029411764705864,,,,,,,,,,,,,,,,,,,"Jhonny Peralta","1738",425509
"Russell Martin","TOR",114,453,388,92,58,18,0,16,47,63,50,3,102,10,3,2,,6,4,0.23711340206185566,0.11037527593818984,0.2251655629139073,0.49019607843137253,0.3370288248337029,0.4072164948453608,0.3316591138552342,0.7442453196790637,0.17010309278350516,2.703080529654353,0.2783882783882784,,-0.7418400833848864,56.20869153243085,7.538924026010229,111.26197526721337,-0.7418400833848864,,4.865878029200851,15.322310405643737,3.7775363673479543,,,,,,,,509.99999999999994,4.473684210526315,509.99999999999994,4.473684210526315,,,,,,,,,,,,,,,,,,,"Russell Martin","4616",431145
"Ryan Braun","MIL",147,630,568,163,100,32,4,27,88,103,52,8,118,7,3,0,,17,6,0.2869718309859155,0.08253968253968254,0.1873015873015873,0.4406779661016949,0.3523809523809524,0.5,0.36941638780560143,0.8523809523809525,0.2130281690140845,5.361791939792653,0.3192488262910798,,0.5683033100795001,96.4150020686599,28.728570437214017,133.53127114448455,0.5683033100795001,,24.281097962443397,-8.944444444444445,3.775087720662459,,,,,,,,906.7,6.168027210884354,906.7,6.168027210884354,,,,,,,,,,,,,,,,,,,"Ryan Braun","3410",460075
"Freddie Freeman","ATL",156,669,580,166,105,36,3,22,97,91,76,6,138,8,5,0,,3,2,0.28620689655172415,0.11360239162929746,0.2062780269058296,0.5507246376811594,0.37369207772795215,0.4724137931034483,0.3705892517016484,0.8461058708314004,0.18620689655172412,3.576821164733291,0.3388235294117647,,-0.844104140298441,102.98534956481089,31.108805499037402,137.64464481061637,-0.844104140298441,,27.425615079465928,-13.290564373897707,3.77284244443576,,,,,,,,929.9999999999999,5.961538461538461,929.9999999999999,5.961538461538461,,,,,,,,,,,,,,,,,,,"Freddie Freeman","5361",518692
"Howie Kendrick","LAD",145,609,561,163,118,29,5,11,72,73,36,5,97,5,3,4,,12,5,0.2905525846702317,0.059113300492610835,0.1592775041050903,0.3711340206185567,0.3371900826446281,0.41889483065953653,0.33173207541306815,0.7560849133041646,0.12834224598930483,5.210252086793879,0.3333333333333333,,-0.06594660086557269,75.5994062479476,10.169189004216573,115.72986770496122,-0.06594660086557269,,10.68717448272579,5.237654320987654,3.7698424780008657,,,,,,,,699.5999999999999,4.824827586206896,699.5999999999999,4.824827586206896,,,,,,,,,,,,,,,,,,,"Howie Kendrick","4229",435062
"David Wright","NYM",128,558,498,137,93,28,3,13,67,70,52,7,102,4,4,0,,11,5,0.2751004016064257,0.0931899641577061,0.1827956989247312,0.5098039215686274,0.34587813620071683,0.42168674698795183,0.33647897823319894,0.7675648831886687,0.14658634538152615,4.542060708463456,0.32041343669250644,,-0.22070190915837884,71.29994946065614,11.349110015661205,118.36579574129718,-0.22070190915837884,,11.282960342702205,6.050264550264551,3.7549070179080735,,,,,,,,664.5999999999999,5.192187499999999,664.5999999999999,5.192187499999999,,,,,,,,,,,,,,,,,,,"David Wright","3787",431151
"Salvador Perez","KCR",141,560,531,147,103,27,2,15,56,71,22,2,71,3,4,0,,0,0,0.2768361581920904,0.039285714285714285,0.12678571428571428,0.30985915492957744,0.30714285714285716,0.4199623352165725,0.31847833113003804,0.7271051923594296,0.1431261770244821,1.9318181818181814,0.29398663697104677,,-0.47506929421797395,63.82417126148078,3.658454255751101,101.11842424157398,-0.47506929421797395,,0.21337372724967985,16.288065843621396,3.742358739855817,,,,,,,,597.8999999999999,4.240425531914893,597.8999999999999,4.240425531914893,,,,,,,,,,,,,,,,,,,"Salvador Perez","7304",521692
"Todd Frazier","CIN",151,605,546,141,87,26,3,25,80,84,46,2,129,8,4,1,,13,6,0.25824175824175827,0.07603305785123966,0.21322314049586777,0.35658914728682173,0.3228476821192053,0.4542124542124542,0.341043320308096,0.7770601363316595,0.19597069597069594,4.921618805588242,0.29292929292929293,,-0.18645200715400279,79.42343185449884,14.422969732237325,115.67580174935384,-0.18645200715400279,,10.459323664698095,5.222957084068195,3.7299499423390663,,,,,,,,741,4.9072847682119205,741,4.9072847682119205,,,,,,,,,,,,,,,,,,,"Todd Frazier","785",453943
"Bryce Harper","WSN",121,488,425,119,75,19,3,22,65,54,55,4,108,3,2,3,,8,4,0.28,0.11270491803278689,0.22131147540983606,0.5092592592592593,0.3649484536082474,0.49411764705882355,0.3751376801617676,0.859066100667071,0.21411764705882352,4.428433751393009,0.3265993265993266,,-0.39462555455975235,76.8247392231076,24.39461440382889,139.83939727506691,-0.39462555455975235,,21.428892130957827,-2.379188712522046,3.7106473256004713,,,,,,,,698.4000000000001,5.771900826446282,698.4000000000001,5.771900826446282,,,,,,,,,,,,,,,,,,,"Bryce Harper","11579",547180
"Yan Gomes","CLE",125,470,435,117,73,24,3,17,58,64,25,1,112,5,5,0,,1,0,0.2689655172413793,0.05319148936170213,0.23829787234042554,0.22321428571428573,0.3127659574468085,0.45517241379310347,0.33523384594459776,0.7679383712399119,0.18620689655172418,3.6193163237521206,0.3215434083601286,,-0.18457990186288953,59.60667291796766,9.110446145301678,113.88961487198075,-0.18457990186288953,,6.991073695020743,11.634626690182245,3.664810112955373,,,,,,,,558.6,4.4688,558.6,4.4688,,,,,,,,,,,,,,,,,,,"Yan Gomes","9627",543228
"Joc Pederson","LAD",136,573,502,120,77,17,4,22,80,73,63,1,170,4,2,2,,20,8,0.23904382470119523,0.1099476439790576,0.29668411867364747,0.37058823529411766,0.3274956217162872,0.4203187250996016,0.3326301791166004,0.7478143468158889,0.18127490039840638,6.019837619668717,0.3141025641025641,,0.4443438935559243,71.52516878569217,9.96274763518662,116.34350617810877,0.4443438935559243,,10.956505455641977,4.105379188712522,3.555596956480177,,,,,,,,665.5000000000001,4.8933823529411775,665.5000000000001,4.8933823529411775,,,,,,,,,,,,,,,,,,,"Joc Pederson","11899",592626
"Joey Votto","CIN",106,468,373,104,64,24,1,15,61,51,87,11,94,4,4,0,,4,3,0.27882037533512066,0.1858974358974359,0.20085470085470086,0.925531914893617,0.4166666666666667,0.4691689008042895,0.3868460605650553,0.8858355674709562,0.19034852546916886,2.8216217941802286,0.332089552238806,,-0.874120157212019,77.8788122822569,27.597463070325666,146.97098902751745,-0.874120157212019,,23.801480400286728,-5.597883597883598,3.5514000764067104,,,,,,,,697.9000000000001,6.583962264150944,697.9000000000001,6.583962264150944,,,,,,,,,,,,,,,,,,,"Joey Votto","4314",458015
"Andrelton Simmons","ATL",144,590,546,141,103,24,5,9,60,53,34,3,59,2,4,4,,7,6,0.25824175824175827,0.0576271186440678,0.1,0.576271186440678,0.30204778156996587,0.36996336996337,0.29642644836399606,0.6720111515333358,0.11172161172161171,4.147429974053802,0.27385892116182575,,-1.3751408513635397,57.26457763239008,-6.124302784360825,86.97215651614576,-1.3751408513635397,,-10.003271595023453,24.50352733686067,3.5504661796143,,,,,,,,530.8,3.686111111111111,530.8,3.686111111111111,,,,,,,,,,,,,,,,,,,"Andrelton Simmons","10847",592743
"Albert Pujols","LAA",144,630,573,157,93,37,1,26,77,97,45,13,69,5,7,0,,6,1,0.27399650959860383,0.07142857142857142,0.10952380952380952,0.6521739130434783,0.32857142857142857,0.4781849912739965,0.34553209811787167,0.8067564198454251,0.20418848167539266,3.4285946706688084,0.27010309278350514,,0.33278788113966584,84.8743287863906,17.187897154944725,126.99434410216874,0.33278788113966584,,19.026120443246104,-6.574074074074074,3.5397305630702443,,,,,,,,822.1999999999999,5.709722222222222,822.1999999999999,5.709722222222222,,,,,,,,,,,,,,,,,,,"Albert Pujols","1177",405395
"Starlin Castro","CHC",156,674,630,180,125,35,5,15,75,71,36,3,111,5,3,0,,12,7,0.2857142857142857,0.05341246290801187,0.16468842729970326,0.32432432432432434,0.327893175074184,0.42857142857142855,0.33218465290197496,0.7564646036456125,0.14285714285714285,4.578338990655846,0.3254437869822485,,-0.8540026771370322,83.90226273574245,11.48852476813209,111.41481979344977,-0.8540026771370322,,7.782166268074258,3.4294532627865966,3.4687860074689363,,,,,,,,775.1999999999998,4.9692307692307685,775.1999999999998,4.9692307692307685,,,,,,,,,,,,,,,,,,,"Starlin Castro","4579",516770
"Edwin Encarnación","TOR",132,559,488,132,74,27,1,30,76,97,64,7,79,4,3,0,,6,1,0.27049180327868855,0.11449016100178891,0.1413237924865832,0.810126582278481,0.35778175313059035,0.514344262295082,0.3776860715470452,0.8721260154256724,0.24385245901639346,3.663477372618952,0.2670157068062827,,0.31393592501990497,89.09469650729494,29.03641828193265,143.37765610085918,0.31393592501990497,,26.967254636082156,-13.269694297472077,3.4313553311838403,,,,,,,,829.8,6.286363636363636,829.8,6.286363636363636,,,,,,,,,,,,,,,,,,,"Edwin Encarnacion","2151",429665
"Adrián González","LAD",153,642,580,161,104,34,1,22,76,111,50,8,106,3,9,0,,1,0,0.2775862068965517,0.0778816199376947,0.16510903426791276,0.4716981132075472,0.3333333333333333,0.453448275862069,0.3407898470994426,0.7867816091954023,0.17586206896551726,2.1778957161608394,0.30151843817787416,,-0.3617882893886417,84.15592380255792,15.180226806703546,121.91868216579176,-0.3617882893886417,,15.43401223645877,-3.794532627865962,3.4094144784046185,,,,,,,,793.5999999999999,5.186928104575163,793.5999999999999,5.186928104575163,,,,,,,,,,,,,,,,,,,"Adrian Gonzalez","1908",408236
"Matt Carpenter","STL",149,630,544,150,102,35,4,9,88,62,69,2,98,7,8,2,,4,3,0.2757352941176471,0.10952380952380952,0.15555555555555556,0.7040816326530612,0.35987261146496813,0.40441176470588236,0.3399819293722939,0.7642843761708504,0.12867647058823528,4.190071316066848,0.31685393258426964,,-0.9947726763784885,82.19253732465491,14.506105693209026,117.82258500887977,-0.9947726763784885,,11.609082890826318,0.3148148148148149,3.4007482780020246,,,,,,,,732.1000000000001,4.913422818791947,732.1000000000001,4.913422818791947,,,,,,,,,,,,,,,,,,,"Matt Carpenter","8090",572761
"Nolan Arenado","COL",138,568,527,152,95,38,3,16,59,67,29,2,73,4,6,2,,2,2,0.2884250474383302,0.051056338028169015,0.12852112676056338,0.3972602739726027,0.32685512367491165,0.4629981024667932,0.34398231333029183,0.7898532261417048,0.174573055028463,2.922525222914692,0.3063063063063063,,-0.8291918435133994,75.8464706025674,14.821243353898714,102.18052019909362,-0.8291918435133994,,0.5610828681505122,13.087007642563197,3.3839104473092685,,,,,,,,699.0999999999999,5.065942028985506,699.0999999999999,5.065942028985506,,,,,,,,,,,,,,,,,,,"Nolan Arenado","9777",571448
"Michael Brantley","CLE",155,651,590,175,122,37,3,13,83,84,49,5,65,5,6,1,,18,4,0.2966101694915254,0.07526881720430108,0.09984639016897082,0.7538461538461538,0.3523076923076923,0.43559322033898307,0.3454732163931972,0.7879009126466754,0.13898305084745766,5.3204559853439335,0.3127413127413127,,1.4470180438365787,87.67407359056159,17.731427571400847,121.03421816004885,1.4470180438365787,,16.49855210668392,-6.175925925925926,3.3786209305906922,,,,,,,,821.5999999999999,5.300645161290322,821.5999999999999,5.300645161290322,,,,,,,,,,,,,,,,,,,"Michael Brantley","4106",488726
"Adam Eaton","CHW",144,653,576,158,118,28,7,5,83,50,58,1,111,14,2,3,,26,12,0.2743055555555556,0.0888208269525268,0.16998468606431852,0.5225225225225225,0.35384615384615387,0.3732638888888889,0.3276377948480321,0.7271100427350428,0.09895833333333331,6.302519190916701,0.33116883116883117,,-0.03733919537626207,79.01088852645364,8.853364946558147,109.07801136966512,-0.03733919537626207,,6.47860425943975,3.399323927101705,3.3367439830058543,,,,,,,,708.6999999999998,4.921527777777777,708.6999999999998,4.921527777777777,,,,,,,,,,,,,,,,,,,"Adam Eaton","11205",594809
"Gregory Polanco","PIT",153,612,559,145,99,27,5,14,86,73,44,1,108,2,5,2,,26,9,0.259391771019678,0.0718954248366013,0.17647058823529413,0.4074074074074074,0.31311475409836065,0.4007155635062612,0.31535004081788715,0.7138303176046219,0.14132379248658322,6.6613426782197935,0.29638009049773756,,1.2635122425854206,68.28232727189081,2.529793687057659,102.79502932189153,1.2635122425854206,,3.183639284116193,8.248677248677248,3.287032251953277,,,,,,,,653.5999999999999,4.2718954248366,653.5999999999999,4.2718954248366,,,,,,,,,,,,,,,,,,,"Gregory Polanco","12907",570256
"Mookie Betts","BOS",147,653,586,156,103,36,4,13,88,65,60,0,85,3,2,2,,30,8,0.26621160409556316,0.09188361408882083,0.13016845329249618,0.7058823529411765,0.33640552995391704,0.40784982935153585,0.3315364122390747,0.7442553593054528,0.1416382252559727,6.3045332481451615,0.29183673469387755,,2.3576249252073467,80.9634380766405,10.805914496745002,107.78802728142986,2.3576249252073467,,7.947653767860514,1.399323927101705,3.278504916976475,,,,,,,,760.5999999999999,5.174149659863945,760.5999999999999,5.174149659863945,,,,,,,,,,,,,,,,,,,"Mookie Betts","13611",605141
"Lucas Duda","NYM",147,562,484,126,73,26,1,26,75,92,64,7,119,9,5,0,,3,1,0.2603305785123967,0.11387900355871886,0.2117437722419929,0.5378151260504201,0.3540925266903915,0.4793388429752066,0.3628419763333089,0.8334313696655982,0.2190082644628099,3.104449116936241,0.29069767441860467,,-0.30114564881660044,83.17448863262915,22.793894066164725,136.37858183506054,-0.30114564881660044,,22.648408554882266,-10.324808935920046,3.218697498568924,,,,,,,,769,5.2312925170068025,769,5.2312925170068025,,,,,,,,,,,,,,,,,,,"Lucas Duda","2502",446263
"Neil Walker","PIT",138,573,511,136,88,27,3,18,72,74,47,3,94,9,4,2,,4,3,0.26614481409001955,0.08202443280977312,0.16404886561954624,0.5,0.3362521891418564,0.436399217221135,0.340241160925845,0.7726514063629915,0.17025440313111545,3.7419252858211682,0.29280397022332505,,-0.8628089835401624,74.86999511158812,13.30757396108258,119.80213983474881,-0.8628089835401624,,11.873949637857931,0.10537918871252216,3.217476595620918,,,,,,,,682.4,4.944927536231884,682.4,4.944927536231884,,,,,,,,,,,,,,,,,,,"Neil Walker","7539",435522
"AJ Pollock","ARI",109,399,368,104,63,25,7,9,57,34,27,0,69,2,0,2,,15,3,0.2826086956521739,0.06766917293233082,0.17293233082706766,0.391304347826087,0.3350125944584383,0.46195652173913043,0.35000156275271166,0.7969691161975687,0.17934782608695654,7.682035437811818,0.3275862068965517,,1.5219402192160487,55.121491389198106,12.253418022615715,118.40168831412744,1.5219402192160487,,9.76375289711903,7.466049382716049,3.2153708220957578,,,,,,,,518.5,4.756880733944954,518.5,4.756880733944954,,,,,,,,,,,,,,,,,,,"AJ Pollock","9256",572041
"Justin Upton","SDP",153,647,566,146,91,29,3,23,92,77,68,3,158,7,6,0,,12,5,0.2579505300353357,0.10510046367851623,0.24420401854714066,0.43037974683544306,0.3415765069551777,0.4416961130742049,0.34504217492497485,0.7832726200293827,0.18374558303886923,4.90371376629831,0.3145780051150895,,-0.09988012188114226,86.92147412852302,17.408583230831773,124.26557126172095,-0.09988012188114226,,17.523409321232812,-8.131834215167547,3.179455425449382,,,,,,,,802.8,5.247058823529412,802.8,5.247058823529412,,,,,,,,,,,,,,,,,,,"Justin Upton","5222",457708
"Matt Holliday","STL",136,584,509,140,89,30,1,20,79,80,61,4,97,11,3,0,,4,2,0.275049115913556,0.10445205479452055,0.1660958904109589,0.6288659793814433,0.363013698630137,0.45579567779960706,0.3610416487373155,0.818809376429744,0.18074656188605104,3.3268907067831703,0.3037974683544304,,-0.5460739654954523,85.62404407545925,22.879796340912584,132.21185206706153,-0.5460739654954523,,20.570366703057665,-9.437389770723103,3.1611832614271456,,,,,,,,773.7,5.688970588235295,773.7,5.688970588235295,,,,,,,,,,,,,,,,,,,"Matt Holliday","1873",407812
"Brian McCann","NYY",124,488,441,110,73,15,1,21,54,74,39,4,81,5,3,0,,1,1,0.2494331065759637,0.07991803278688525,0.16598360655737704,0.48148148148148145,0.3155737704918033,0.4308390022675737,0.3275541876219521,0.746412772759377,0.18140589569161,2.199282249113236,0.260233918128655,,-0.6031154829543084,59.015129435107184,6.585004615828465,109.39986503539532,-0.6031154829543084,,4.439023856537487,8.965314520870075,3.1541987441850066,,,,,,,,552.7,4.45725806451613,552.7,4.45725806451613,,,,,,,,,,,,,,,,,,,"Brian McCann","4810",435263
"George Springer","HOU",113,493,425,101,56,17,2,26,72,74,56,3,160,9,2,1,,17,4,0.2376470588235294,0.11359026369168357,0.32454361054766734,0.35,0.33739837398373984,0.47058823529411764,0.3549176515489512,0.8079866092778575,0.23294117647058823,6.004221508546594,0.3112033195020747,,1.4468487757258117,69.96635929703078,16.99904057591519,131.26877277993265,1.4468487757258117,,18.391442453240217,-5.434303350970018,3.1223992760141757,,,,,,,,661.7999999999998,5.856637168141591,661.7999999999998,5.856637168141591,,,,,,,,,,,,,,,,,,,"George Springer","12856",543807
"Billy Hamilton","CIN",148,621,568,149,110,24,9,6,82,51,43,0,128,1,3,6,,63,18,0.2623239436619718,0.06924315619967794,0.20611916264090177,0.3359375,0.31382113821138213,0.36795774647887325,0.3036438401152448,0.6817788846902554,0.10563380281690143,8.424301431681226,0.32723112128146453,,5.232256941962987,63.71095330494425,-3.0085293031952687,90.12222722138853,5.232256941962987,,-1.6533591570987713,11.281746031746032,3.119059900266605,,,,,,,,645.0000000000001,4.358108108108109,645.0000000000001,4.358108108108109,,,,,,,,,,,,,,,,,,,"Billy Hamilton","10199",571740
"Lorenzo Cain","KCR",138,530,494,137,99,28,4,6,58,56,27,2,109,5,4,0,,22,5,0.2773279352226721,0.0509433962264151,0.20566037735849058,0.24770642201834864,0.31886792452830187,0.3866396761133603,0.3113069840227113,0.7055076006416622,0.10931174089068824,6.299426166314472,0.34203655352480417,,2.028313209535554,57.489909680188994,0.5473560854805511,96.11455897660616,2.028313209535554,,-0.23523419457358585,11.947383891828336,3.1135111851152466,,,,,,,,557.3999999999999,4.039130434782607,557.3999999999999,4.039130434782607,,,,,,,,,,,,,,,,,,,"Lorenzo Cain","9077",456715
"Leonys Martin","TEX",138,516,469,128,94,19,6,9,63,45,33,2,100,4,2,8,,28,11,0.27292110874200426,0.06395348837209303,0.1937984496124031,0.33,0.3248031496062992,0.39658848614072495,0.3190878524846239,0.7213916357470241,0.12366737739872069,6.970784356734275,0.3287292817679558,,0.9659455616492778,59.05063693710428,3.61222626753908,99.88028245503698,0.9659455616492778,,0.8980438210611452,10.89594356261023,3.0741792332583247,,,,,,,,555.1000000000001,4.022463768115943,555.1000000000001,4.022463768115943,,,,,,,,,,,,,,,,,,,"Leonys Martin","11846",547982
"Denard Span","WSN",139,620,571,160,115,32,8,5,80,42,42,0,63,1,2,4,,21,6,0.28021015761821366,0.06774193548387097,0.10161290322580645,0.6666666666666666,0.32954545454545453,0.3905429071803853,0.3198057608557986,0.7200883617258398,0.11033274956217165,6.755467353920968,0.3069306930693069,,1.3419105834327638,71.29369640684065,4.68165257906852,102.03330166974052,1.3419105834327638,,2.7570058564500295,6.278071722516167,3.0506588400337664,,,,,,,,662.5000000000001,4.766187050359713,662.5000000000001,4.766187050359713,,,,,,,,,,,,,,,,,,,"Denard Span","8347",452655
"Josh Harrison","PIT",140,482,451,128,82,29,7,10,66,52,18,0,68,6,2,5,,16,6,0.2838137472283814,0.03734439834024896,0.14107883817427386,0.2647058823529412,0.31865828092243187,0.44567627494456763,0.33509134246618244,0.7643345558669995,0.16186252771618626,6.9560056396628225,0.31466666666666665,,0.5379709121771157,61.075864811002326,9.290372673927864,116.28347409030798,0.5379709121771157,,9.348181293386093,3.7710170487948265,3.04020843116851,,,,,,,,569.4,4.067142857142857,569.4,4.067142857142857,,,,,,,,,,,,,,,,,,,"Josh Harrison","8202",543281
"Juan Lagares","NYM",138,542,503,133,97,25,5,6,58,55,26,2,114,5,4,4,,13,6,0.2644135188866799,0.04797047970479705,0.21033210332103322,0.22807017543859648,0.3048327137546468,0.3697813121272366,0.29791859859850867,0.6746140258818834,0.10536779324055667,5.754739192067495,0.3281653746770026,,-0.13743692124262452,53.226047859907354,-5.005771099209578,92.01902488403688,-0.13743692124262452,,-4.9930873895918735,15.991475602586714,3.0068980511221617,,,,,,,,500.09999999999997,3.6239130434782605,500.09999999999997,3.6239130434782605,,,,,,,,,,,,,,,,,,,"Juan Lagares","5384",501571
"Pablo Sandoval","BOS",144,588,538,150,97,31,3,19,70,83,39,6,85,4,7,0,,0,1,0.2788104089219331,0.0663265306122449,0.1445578231292517,0.4588235294117647,0.3282312925170068,0.45353159851301117,0.33909432933092937,0.781762891030018,0.17472118959107807,2.5562474734687655,0.29705215419501135,,-0.8822937016375363,76.31274652679605,13.138743670779894,113.0616248699219,-0.8822937016375363,,7.559756608336846,1.1604938271604937,2.9854703763954364,,,,,,,,713.8000000000001,4.956944444444445,713.8000000000001,4.956944444444445,,,,,,,,,,,,,,,,,,,"Pablo Sandoval","5409",467055
"J.J. Hardy","BAL",143,599,558,143,102,26,0,15,63,62,32,2,91,2,3,4,,0,0,0.25627240143369173,0.05342237061769616,0.15191986644407346,0.3516483516483517,0.29747899159663865,0.3835125448028674,0.30090977550558057,0.680991536399506,0.12724014336917566,1.3928571428571423,0.2813186813186813,,-0.5052324240095913,60.19781243907459,-4.158017000982689,89.18179591267284,-0.5052324240095913,,-7.628108620045857,15.602733686067019,2.941640733495539,,,,,,,,561.1999999999999,3.924475524475524,561.1999999999999,3.924475524475524,,,,,,,,,,,,,,,,,,,"J.J. Hardy","3797",429666
"José Reyes","TOR",134,609,561,160,114,31,5,10,80,50,41,4,60,1,4,2,,26,6,0.28520499108734404,0.06732348111658457,0.09852216748768473,0.6833333333333333,0.33278418451400327,0.4117647058823529,0.32695132345702516,0.7445488903963562,0.12655971479500888,6.252043487292267,0.30303030303030304,,2.364532945677638,73.36639057725816,7.936173333527137,107.97707655909204,2.364532945677638,,7.704449322746683,-0.2870370370370372,2.915027136903062,,,,,,,,706,5.268656716417911,706,5.268656716417911,,,,,,,,,,,,,,,,,,,"Jose Reyes","1736",408314
"Hanley Ramirez","BOS",122,495,442,120,72,31,1,16,67,70,46,3,95,5,2,0,,14,5,0.27149321266968324,0.09292929292929293,0.1919191919191919,0.4842105263157895,0.34545454545454546,0.45475113122171945,0.3516381353866763,0.8002056766762649,0.18325791855203621,4.7580285079438855,0.3123123123123123,,0.4622467067092657,69.00512999541294,15.822933713562591,121.81416668298202,0.4622467067092657,,12.331331417552931,-1.4563492063492056,2.9009122172673902,,,,,,,,641.6,5.259016393442623,641.6,5.259016393442623,,,,,,,,,,,,,,,,,,,"Hanley Ramirez","8001",434670
"Devin Mesoraco","CIN",108,401,357,91,53,20,0,18,49,63,34,4,83,6,4,0,,1,2,0.2549019607843137,0.08478802992518704,0.20698254364089774,0.40963855421686746,0.3266832917705736,0.46218487394957986,0.3434599336208565,0.7888681657201535,0.20728291316526615,1.8489452998980154,0.28076923076923077,,-0.8896873712074012,53.385879550114176,10.30292862279703,117.32697732918724,-0.8896873712074012,,6.909679568590494,7.366990005878893,2.8980905884831163,,,,,,,,496.0999999999999,4.5935185185185174,496.0999999999999,4.5935185185185174,,,,,,,,,,,,,,,,,,,"Devin Mesoraco","5666",519023
"Kole Calhoun","LAA",135,575,526,140,88,29,4,19,85,71,43,0,110,2,3,1,,7,5,0.2661596958174905,0.07478260869565218,0.19130434782608696,0.39090909090909093,0.32229965156794427,0.4448669201520912,0.33771571828513197,0.7671665717200356,0.17870722433460073,4.860370561356085,0.3025,,-0.9867684000637382,74.01758195256761,12.240283241327324,121.5404020523018,-0.9867684000637382,,12.62752334780007,-4.338183421516755,2.89334655129388,,,,,,,,677.8,5.020740740740741,677.8,5.020740740740741,,,,,,,,,,,,,,,,,,,"Kole Calhoun","11200",594777
"Martín Prado","MIA",148,625,576,161,118,30,3,10,67,65,39,1,67,4,5,1,,6,3,0.2795138888888889,0.0624,0.1072,0.582089552238806,0.3269230769230769,0.3940972222222222,0.31945600153737813,0.7210202991452992,0.11458333333333331,3.90560459945243,0.2996031746031746,,-0.5344464108347893,71.70098629861995,4.551748569010948,103.73595683736315,-0.5344464108347893,,2.086595955192302,5.296443268665491,2.886059342168115,,,,,,,,655.6999999999999,4.430405405405405,655.6999999999999,4.430405405405405,,,,,,,,,,,,,,,,,,,"Martin Prado","3312",445988
"Jason Castro","HOU",118,464,414,100,60,24,2,14,51,55,40,2,126,5,4,1,,1,0,0.24154589371980675,0.08620689655172414,0.27155172413793105,0.31746031746031744,0.31317494600431967,0.4106280193236715,0.319406067083818,0.7238029653279912,0.16908212560386474,3.155817905817906,0.30935251798561153,,-0.1883502930868417,53.21304185487786,3.3614477644161296,106.49027839810248,-0.1883502930868417,,3.121853331657962,8.524397413286302,2.87854234431096,,,,,,,,495.5,4.1991525423728815,495.5,4.1991525423728815,,,,,,,,,,,,,,,,,,,"Jason Castro","8722",488771
"Brett Gardner","NYY",120,495,435,113,75,21,7,10,72,44,44,0,100,5,3,8,,18,6,0.2597701149425287,0.08888888888888889,0.20202020202020202,0.44,0.3326488706365503,0.4091954022988506,0.32964994652804896,0.7418442729354009,0.14942528735632188,7.303229836632071,0.31402439024390244,,0.870103876106441,60.6573129125294,7.475116630679062,110.86219770971961,0.870103876106441,,6.7802239662390855,3.5436507936507944,2.840462168241378,,,,,,,,557,4.641666666666667,557,4.641666666666667,,,,,,,,,,,,,,,,,,,"Brett Gardner","9927",458731
"Josh Reddick","OAK",130,506,457,112,67,22,5,18,64,66,43,2,100,1,5,0,,6,2,0.24507658643326038,0.08498023715415019,0.1976284584980237,0.43,0.308300395256917,0.43326039387308535,0.32449807829800104,0.7415607891300023,0.18818380743982496,5.2542924925738115,0.27325581395348836,,0.034904819214716554,60.005881547701456,5.641858681809994,111.5588093854839,0.034904819214716554,,6.463810022926795,3.4223985890652555,2.830412054175726,,,,,,,,569.4999999999999,4.38076923076923,569.4999999999999,4.38076923076923,,,,,,,,,,,,,,,,,,,"Josh Reddick","3892",502210
"Yasmani Grandal","LAD",102,381,328,80,49,17,1,13,51,55,47,2,94,2,4,0,,1,0,0.24390243902439024,0.12335958005249344,0.24671916010498687,0.5,0.33858267716535434,0.42073170731707316,0.33601802634689615,0.7593143844824275,0.17682926829268292,3.2404256758454233,0.29777777777777775,,-0.16195755451917648,48.548601541223455,7.614426221253804,118.65828719223822,-0.16195755451917648,,7.817785780432157,5.999559082892415,2.781268795626597,,,,,,,,446.09999999999997,4.373529411764705,446.09999999999997,4.373529411764705,,,,,,,,,,,,,,,,,,,"Yasmani Grandal","11368",518735
"David Ortiz","BOS",126,537,466,129,72,27,1,29,59,88,64,21,88,2,5,0,,1,0,0.27682403433476394,0.1191806331471136,0.16387337057728119,0.7272727272727273,0.36312849162011174,0.5257510729613734,0.37493900192338364,0.8888795645814851,0.24892703862660942,1.8606722967947693,0.2824858757062147,,-0.24113577022217214,84.45687052157646,26.762245464296395,138.07253417819908,-0.24113577022217214,,22.231782594154904,-13.811728395061728,2.7765610642814313,,,,,,,,812.9,6.451587301587302,812.9,6.451587301587302,,,,,,,,,,,,,,,,,,,"David Ortiz","745",120074
"Desmond Jennings","TBR",136,591,522,127,83,27,4,13,81,45,54,1,123,6,2,7,,20,6,0.24329501915708812,0.09137055837563451,0.20812182741116753,0.43902439024390244,0.3202054794520548,0.3850574712643678,0.3152593543967088,0.7052629507164225,0.14176245210727967,6.1997462660927765,0.29381443298969073,,1.2022368400357664,65.89819997367803,2.4018807765597523,104.24739709420474,1.2022368400357664,,3.9614404510276433,2.1715167548500887,2.7120263761989274,,,,,,,,613.7,4.5125,613.7,4.5125,,,,,,,,,,,,,,,,,,,"Desmond Jennings","1965",457775
"Carlos Santana","CLE",145,619,515,128,75,29,1,23,73,84,96,5,114,3,5,0,,4,2,0.24854368932038834,0.15508885298869143,0.1841680129240711,0.8421052631578947,0.3667205169628433,0.44271844660194176,0.35783449533707934,0.8094389635647851,0.19417475728155342,2.7818121619750524,0.2741514360313316,,-0.5913186601828784,89.23301216084526,22.728407113440493,129.65940020913348,-0.5913186601828784,,19.588925501192147,-14.371987066431512,2.7081669984687773,,,,,,,,806.8,5.564137931034482,806.8,5.564137931034482,,,,,,,,,,,,,,,,,,,"Carlos Santana","2396",467793
"Jay Bruce","CIN",149,615,549,140,80,30,2,28,87,95,57,9,165,3,5,1,,10,3,0.2550091074681239,0.09268292682926829,0.2682926829268293,0.34545454545454546,0.3257328990228013,0.46994535519125685,0.34399510326464317,0.7956782542140581,0.21493624772313297,4.647502886825211,0.31024930747922436,,0.37489494658075273,82.12853181837255,16.053681892437286,117.69263742144226,0.37489494658075273,,12.588949818957023,-6.779100529100528,2.680279166318564,,,,,,,,787.1999999999999,5.283221476510066,787.1999999999999,5.283221476510066,,,,,,,,,,,,,,,,,,,"Jay Bruce","9892",457803
"Marlon Byrd","CIN",139,563,524,142,87,26,3,26,74,91,28,5,159,7,4,0,,2,3,0.27099236641221375,0.0497335701598579,0.2824156305506217,0.1761006289308176,0.31438721136767317,0.48091603053435117,0.34452269677620206,0.7953032419020243,0.20992366412213742,3.5341399009183636,0.33819241982507287,,-1.1723196001257747,75.41214774302145,14.924114396189646,118.05312104443841,-1.1723196001257747,,10.236819166316957,-3.2059082892416217,2.6414733380036397,,,,,,,,708.4999999999999,5.097122302158272,708.4999999999999,5.097122302158272,,,,,,,,,,,,,,,,,,,"Marlon Byrd","950",407781
"Chase Utley","PHI",120,507,451,117,76,24,5,12,64,64,40,7,69,10,6,0,,8,1,0.25942350332594233,0.07889546351084813,0.13609467455621302,0.5797101449275363,0.32938856015779094,0.4146341463414634,0.3246135195493698,0.7440227064992544,0.15521064301552107,5.892855282129247,0.27925531914893614,,0.7742621905636042,60.16936000315334,5.697898356894512,106.83443272292013,0.7742621905636042,,4.663841269396726,3.862874779541446,2.619515823564483,,,,,,,,577.5,4.8125,577.5,4.8125,,,,,,,,,,,,,,,,,,,"Chase Utley","1679",400284
"Erick Aybar","LAA",149,614,570,156,113,31,4,8,72,63,28,2,63,5,5,6,,16,7,0.2736842105263158,0.04560260586319218,0.10260586319218241,0.4444444444444444,0.31085526315789475,0.38421052631578945,0.3063684269146557,0.6950657894736842,0.11052631578947364,5.5012853096064696,0.29365079365079366,,0.017634768038988113,64.2758553571036,-1.6915557884642973,99.66757675295266,0.017634768038988113,,-0.20671889344548133,4.768077601410934,2.6190044934840038,,,,,,,,601.2999999999998,4.035570469798657,601.2999999999998,4.035570469798657,,,,,,,,,,,,,,,,,,,"Erick Aybar","4082",430947
"Arismendy Alcántara","CHC",153,645,594,148,86,34,9,19,83,79,40,0,171,2,4,5,,25,7,0.24915824915824916,0.06201550387596899,0.2651162790697674,0.23391812865497075,0.296875,0.43265993265993263,0.31966300401836634,0.7295349326599326,0.18350168350168347,7.362219713366129,0.3161764705882353,,1.877961054444313,74.09782106110862,4.79980772415212,102.85927607170922,1.877961054444313,,3.9481404317360242,0.36992945326278637,2.616307250754129,,,,,,,,717.1999999999999,4.687581699346405,717.1999999999999,4.687581699346405,,,,,,,,,,,,,,,,,,,"Arismendy Alcantara","10711",570489
"Chris Davis","BAL",136,562,493,119,62,23,0,34,76,96,56,9,176,8,5,0,,3,2,0.2413793103448276,0.099644128113879,0.31316725978647686,0.3181818181818182,0.32562277580071175,0.4949290060851927,0.35362469643408306,0.8205517818859045,0.2535496957403651,2.48556967050683,0.2951388888888889,,-0.5952583195175976,79.20149967313121,18.82090510666678,125.96405701814399,-0.5952583195175976,,15.443925806147327,-9.324808935920046,2.6104404595445057,,,,,,,,751.8000000000001,5.527941176470589,751.8000000000001,5.527941176470589,,,,,,,,,,,,,,,,,,,"Chris Davis","9272",448801
"Kolten Wong","STL",138,552,511,135,98,21,5,11,65,50,31,2,84,4,2,4,,21,5,0.26418786692759294,0.05615942028985507,0.15217391304347827,0.36904761904761907,0.3102189781021898,0.38943248532289626,0.30924347326869056,0.6996514634250861,0.12524461839530332,6.317934979977476,0.2966507177033493,,1.8207724241074175,59.00266024560864,-0.3035465171820483,96.82022281379878,1.8207724241074175,,-0.14950753681166074,7.0282186948853616,2.588237225931884,,,,,,,,568.6999999999999,4.1210144927536225,568.6999999999999,4.1210144927536225,,,,,,,,,,,,,,,,,,,"Kolten Wong","12532",543939
"Brian Dozier","MIN",147,639,562,137,87,30,3,17,86,67,60,1,121,7,6,4,,16,7,0.24377224199288255,0.09389671361502347,0.18935837245696402,0.49586776859504134,0.32125984251968503,0.398576512455516,0.32015036869124286,0.719836354975201,0.15480427046263345,5.3348953415442315,0.27906976744186046,,-0.016298752976581454,73.64739336333196,4.994012708579701,103.05284565957426,-0.016298752976581454,,2.127969471774575,1.3478835978835977,2.586202545765553,,,,,,,,680.8999999999999,4.631972789115645,680.8999999999999,4.631972789115645,,,,,,,,,,,,,,,,,,,"Brian Dozier","9810",572821
"Marcell Ozuna","MIA",133,542,503,131,81,26,5,19,68,76,34,0,142,2,3,0,,5,1,0.26043737574552683,0.06273062730627306,0.26199261992619927,0.23943661971830985,0.3081180811808118,0.44532803180914515,0.33060928145457896,0.753446112989957,0.18489065606361832,5.1665865760189424,0.32463768115942027,,0.18180296407081187,66.81548739836605,8.583668439249104,111.35654857087951,0.18180296407081187,,7.091162984092316,-0.008524397413286477,2.577386063359946,,,,,,,,627.8,4.720300751879699,627.8,4.720300751879699,,,,,,,,,,,,,,,,,,,"Marcell Ozuna","10324",542303
"Matt Wieters","BAL",96,385,347,88,55,18,0,15,43,55,32,2,69,1,5,0,,1,0,0.25360230547550433,0.08311688311688312,0.17922077922077922,0.463768115942029,0.3142857142857143,0.43515850144092216,0.32782052297816267,0.7494442157266364,0.18155619596541783,2.087689948943984,0.27238805970149255,,-0.12425364227965474,46.63771168265504,5.273781241215886,107.95898693649006,-0.12425364227965474,,3.2439002365061356,8.07304526748971,2.569822934512885,,,,,,,,439.8999999999999,4.5822916666666655,439.8999999999999,4.5822916666666655,,,,,,,,,,,,,,,,,,,"Matt Wieters","4298",446308
"Elvis Andrus","TEX",156,690,617,167,130,30,4,3,79,51,51,0,95,4,5,13,,32,11,0.2706645056726094,0.07391304347826087,0.13768115942028986,0.5368421052631579,0.32791728212703103,0.34683954619124796,0.3033515828574954,0.674756828318279,0.07617504051863855,5.797140540408808,0.31297709923664124,,1.554803665028885,70.63528289700686,-3.497475556481499,88.90017344498679,1.554803665028885,,-6.863773297669235,8.5,2.5603983170007982,,,,,,,,651.1999999999999,4.174358974358974,651.1999999999999,4.174358974358974,,,,,,,,,,,,,,,,,,,"Elvis Andrus","8709",462101
"Marcus Semien","OAK",144,625,553,131,83,28,4,16,80,71,61,1,132,5,3,3,,12,4,0.23688969258589512,0.0976,0.2112,0.4621212121212121,0.3167202572347267,0.3887884267631103,0.31495771008797124,0.7055086839978371,0.1518987341772152,5.33507287286357,0.2818627450980392,,0.3337370241060853,69.54470272447546,2.3954649948664537,104.90194054526309,0.3337370241060853,,3.701344462033414,-0.11067019400352773,2.5504884998360176,,,,,,,,644.5999999999998,4.476388888888888,644.5999999999998,4.476388888888888,,,,,,,,,,,,,,,,,,,"Marcus Semien","12533",543760
"Kevin Kiermaier","TBR",132,497,454,115,79,18,9,9,53,41,30,1,103,5,2,6,,15,7,0.2533039647577093,0.060362173038229376,0.20724346076458752,0.2912621359223301,0.3054989816700611,0.3920704845814978,0.3082661474237637,0.6975694662515589,0.13876651982378851,6.646532794921623,0.3081395348837209,,-0.06548310699872673,52.75123102807732,-0.6458428145077704,99.36783054430236,-0.06548310699872673,,-0.41083616057119055,7.826131687242798,2.5283262333449965,,,,,,,,492,3.727272727272727,492,3.727272727272727,,,,,,,,,,,,,,,,,,,"Kevin Kiermaier","11038",595281
"Nelson Cruz","SEA",146,612,557,139,82,27,1,29,68,83,45,4,143,5,5,0,,6,4,0.2495511669658887,0.07352941176470588,0.23366013071895425,0.3146853146853147,0.3088235294117647,0.4578096947935368,0.33416253916527094,0.7666332242053016,0.2082585278276481,3.092688158932816,0.28205128205128205,,-0.7908551692962646,77.11264161087827,11.360108026045127,118.27938832984324,-0.7908551692962646,,11.505785562771125,-7.746031746031745,2.524176574628265,,,,,,,,728.1999999999999,4.987671232876711,728.1999999999999,4.987671232876711,,,,,,,,,,,,,,,,,,,"Nelson Cruz","2434",443558
"Rusney Castillo","BOS",142,583,536,144,106,24,3,11,66,50,34,0,82,12,1,0,,21,9,0.26865671641791045,0.058319039451114926,0.14065180102915953,0.4146341463414634,0.3259005145797599,0.38619402985074625,0.31866341737285897,0.7120945444305061,0.1175373134328358,5.335806909275307,0.29954954954954954,,0.23334909789264202,66.52828124387173,3.891472289692435,98.80579132169574,0.23334909789264202,,-0.5319341045061017,5.14212228101117,2.5173914950615894,,,,,,,,613.1999999999999,4.318309859154929,613.1999999999999,4.318309859154929,,,,,,,,,,,,,,,,,,,"Rusney Castillo","17016",628329
"Alex Avila","DET",122,454,388,89,56,20,1,12,43,53,60,2,138,2,3,1,,1,1,0.22938144329896906,0.13215859030837004,0.3039647577092511,0.43478260869565216,0.3333333333333333,0.3788659793814433,0.31988127400764077,0.7121993127147765,0.14948453608247422,2.2489343231181116,0.31950207468879666,,-0.6144266566261649,52.231678146629214,3.454471859841224,103.76146377401132,-0.6144266566261649,,1.262667854076799,7.340681951793062,2.510265524674675,,,,,,,,471.99999999999994,3.868852459016393,471.99999999999994,3.868852459016393,,,,,,,,,,,,,,,,,,,"Alex Avila","7476",488671
"Brett Lawrie","OAK",108,450,410,104,72,18,2,12,48,51,30,0,75,7,2,1,,8,3,0.25365853658536586,0.06666666666666667,0.16666666666666666,0.4,0.31403118040089084,0.3951219512195122,0.3160498945378514,0.709153131620403,0.14146341463414636,4.545946980051666,0.28307692307692306,,0.057843547547236085,50.4491385844802,2.1016874191617143,105.664021051185,0.057843547547236085,,2.8594735257127804,5.6534391534391535,2.486543174137672,,,,,,,,466.59999999999997,4.32037037037037,466.59999999999997,4.32037037037037,,,,,,,,,,,,,,,,,,,"Brett Lawrie","5247",543434
"Carlos Ruiz","PHI",109,415,368,97,68,23,0,6,44,43,31,4,54,11,3,2,,3,1,0.26358695652173914,0.0746987951807229,0.13012048192771083,0.5740740740740741,0.3365617433414044,0.375,0.3166066440218527,0.7115617433414043,0.11141304347826086,2.909539489737173,0.29260450160771706,,-0.1767227384261787,46.7025258626414,2.1154320101810153,101.36365373151429,-0.1767227384261787,,0.45852682521543464,9.62419165196943,2.484570616194248,,,,,,,,427.19999999999993,3.919266055045871,427.19999999999993,3.919266055045871,,,,,,,,,,,,,,,,,,,"Carlos Ruiz","2579",434563
"Alexei Ramirez","CHW",154,641,604,163,119,32,2,10,71,62,25,1,72,5,4,3,,19,6,0.26986754966887416,0.0390015600624025,0.11232449297971919,0.3472222222222222,0.30250783699059564,0.3791390728476821,0.301276947677229,0.6816469098382778,0.10927152317880795,4.923381972034257,0.2908745247148289,,0.9796144897118211,64.59920610280685,-4.269052112680161,90.68451771512682,0.9796144897118211,,-5.583904967848444,8.06569664902998,2.4840668518383304,,,,,,,,616.3000000000001,4.001948051948053,616.3000000000001,4.001948051948053,,,,,,,,,,,,,,,,,,,"Alexei Ramirez","5133",493351
"Chris Owings","ARI",129,518,490,135,94,25,7,9,61,49,21,0,97,3,1,3,,16,3,0.2755102040816326,0.04054054054054054,0.18725868725868725,0.21649484536082475,0.3087378640776699,0.41020408163265304,0.3168406511973409,0.718941945710323,0.1346938775510204,6.7491274799914756,0.32727272727272727,,1.6239100503735244,58.386723967960954,2.7334357376610035,95.7441588384261,1.6239100503735244,,-0.8507032559784955,7.709876543209877,2.4731474448762394,,,,,,,,557,4.317829457364341,557,4.317829457364341,,,,,,,,,,,,,,,,,,,"Chris Owings","10030",572008
"Michael Saunders","TOR",119,442,391,96,57,22,3,14,66,60,44,2,113,1,4,2,,10,4,0.24552429667519182,0.09954751131221719,0.25565610859728505,0.3893805309734513,0.32045454545454544,0.42455242966751916,0.32764990988387366,0.7450069751220646,0.17902813299232734,5.970919566750384,0.30597014925373134,,0.11471579689532518,53.48467779939698,5.996736877017479,108.46452087095832,0.11471579689532518,,4.227141385317605,4.127865961199295,2.4416178953381693,,,,,,,,501.8999999999999,4.217647058823529,501.8999999999999,4.217647058823529,,,,,,,,,,,,,,,,,,,"Michael Saunders","9981",459431
"Scott Van Slyke","LAD",117,388,339,89,54,20,1,14,49,52,42,1,102,4,3,0,,6,3,0.26253687315634217,0.10824742268041238,0.26288659793814434,0.4117647058823529,0.3479381443298969,0.45132743362831856,0.3526564437597605,0.7992655779582154,0.1887905604719764,4.023123648091168,0.33185840707964603,,-0.30445254617370665,54.39190214085376,12.705655358312484,130.02665480576178,-0.30445254617370665,,12.773231788817625,-2.276895943562611,2.440246637813172,,,,,,,,495.69999999999993,4.236752136752136,495.69999999999993,4.236752136752136,,,,,,,,,,,,,,,,,,,"Scott Van Slyke","4365",475100
"Jayson Werth","WSN",121,511,446,123,82,25,1,15,67,64,56,3,100,6,3,0,,9,1,0.2757847533632287,0.1095890410958904,0.19569471624266144,0.56,0.36203522504892366,0.437219730941704,0.35375185991366076,0.7992549559906277,0.1614349775784753,4.437713051796811,0.32335329341317365,,0.8913135866168886,72.06401308034661,17.162796312618276,125.22731847788282,0.8913135866168886,,15.361834442150986,-8.632716049382715,2.4356282089793178,,,,,,,,662.3000000000001,5.473553719008265,662.3000000000001,5.473553719008265,,,,,,,,,,,,,,,,,,,"Jayson Werth","1327",150029
"Jimmy Rollins","LAD",134,585,531,129,88,24,3,14,74,56,48,3,86,1,3,2,,21,6,0.24293785310734464,0.08205128205128205,0.147008547008547,0.5581395348837209,0.3053173241852487,0.3785310734463277,0.303070729970932,0.6838483976315763,0.13559322033898305,5.803507413998686,0.26497695852534564,,1.432399972807616,59.76042317460215,-3.091263340311885,96.14671245652589,1.432399972807616,,-1.0979433897797168,5.448412698412699,2.4205433745259652,,,,,,,,579.8000000000001,4.326865671641792,579.8000000000001,4.326865671641792,,,,,,,,,,,,,,,,,,,"Jimmy Rollins","971",276519
"J.D. Martinez","DET",135,527,487,138,86,28,3,21,57,90,32,2,126,3,5,0,,5,2,0.28336755646817247,0.06072106261859583,0.23908918406072105,0.25396825396825395,0.32827324478178366,0.48254620123203285,0.35272135110128494,0.8108194460138165,0.19917864476386038,3.9083381760224065,0.3391304347826087,,-0.20279909600503743,73.90389599627645,17.28365874267012,126.6758923476697,-0.20279909600503743,,15.249851137863622,-9.809082892416225,2.415262065356482,,,,,,,,690.4,5.1140740740740736,690.4,5.1140740740740736,,,,,,,,,,,,,,,,,,,"J.D. Martinez","6184",502110
"Hunter Pence","SFG",156,674,618,164,109,30,6,19,94,85,48,3,125,4,4,0,,11,4,0.26537216828478966,0.0712166172106825,0.18545994065281898,0.384,0.32047477744807124,0.4255663430420712,0.3277875186789409,0.7460411204901425,0.16019417475728154,5.550263292527746,0.303347280334728,,0.09603310888633132,81.62921850816521,9.215480540554843,113.09716719770992,0.09603310888633132,,10.005024286128453,-8.429453262786597,2.411824060560276,,,,,,,,765.8999999999999,4.909615384615384,765.8999999999999,4.909615384615384,,,,,,,,,,,,,,,,,,,"Hunter Pence","8252",452254
"Javier Báez","CHC",151,650,600,140,76,30,4,30,90,90,38,1,212,6,6,0,,18,7,0.23333333333333334,0.05846153846153846,0.3261538461538461,0.1792452830188679,0.28307692307692306,0.44666666666666666,0.3184491534629845,0.7297435897435898,0.21333333333333332,6.342128012539915,0.3021978021978022,,0.511894554598257,74.06708140381716,4.231874165023774,102.02990035651706,0.511894554598257,,1.9929804630960373,0.16490299823633237,2.395969846272307,,,,,,,,722.4,4.784105960264901,722.4,4.784105960264901,,,,,,,,,,,,,,,,,,,"Javier Baez","12979",595879
"Eric Hosmer","KCR",154,644,587,172,120,33,2,17,76,75,49,5,101,2,6,0,,10,3,0.293015332197615,0.07608695652173914,0.15683229813664595,0.48514851485148514,0.34627329192546585,0.44293015332197616,0.34531634234486613,0.789203445247442,0.14991482112436116,4.145428546542529,0.3263157894736842,,0.24293125374242663,86.65385704448741,17.463282487898294,119.84486295508854,0.24293125374242663,,14.290700822214756,-12.831275720164609,2.3822770227451118,,,,,,,,806.6999999999999,5.238311688311688,806.6999999999999,5.238311688311688,,,,,,,,,,,,,,,,,,,"Eric Hosmer","3516",543333
"Luis Valbuena","HOU",136,504,443,106,65,25,2,14,60,52,55,3,112,2,3,1,,2,3,0.23927765237020315,0.10912698412698413,0.2222222222222222,0.49107142857142855,0.3240556660039761,0.39954853273137697,0.32094437777996065,0.7236041987353531,0.16027088036117382,3.1370029996778666,0.2875,,-1.179860382573679,58.39501132849804,4.245866023341337,107.56364708936165,-1.179860382573679,,3.0103439028488044,2.851851851851852,2.3821236276348388,,,,,,,,532.4999999999999,3.9154411764705874,532.4999999999999,3.9154411764705874,,,,,,,,,,,,,,,,,,,"Luis Valbuena","4969",472528
"Jon Jay","STL",144,530,468,133,104,21,3,5,61,50,35,4,81,16,4,7,,10,5,0.2841880341880342,0.0660377358490566,0.15283018867924528,0.43209876543209874,0.35181644359464626,0.37393162393162394,0.32400312118217894,0.7257480675262702,0.08974358974358976,4.681299186373332,0.3316062176165803,,-0.45463543315418065,62.650813220415515,5.708259625707073,106.90490209327035,-0.45463543315418065,,3.6533185309937872,1.9473838918283364,2.3749714361950747,,,,,,,,559.8,3.8874999999999997,559.8,3.8874999999999997,,,,,,,,,,,,,,,,,,,"Jon Jay","5227",445055
"Juan Uribe","LAD",97,343,322,84,59,16,1,8,33,48,16,2,69,2,2,1,,1,1,0.2608695652173913,0.04664723032069971,0.20116618075801748,0.2318840579710145,0.2982456140350877,0.391304347826087,0.3027492812451194,0.6895499618611747,0.13043478260869568,2.6684531110421106,0.3076923076923077,,-0.45984061644412577,34.954453625429636,-1.8970480405797918,95.92707935120958,-0.45984061644412577,,-2.0280073709392656,13.260288065843621,2.371482904182274,,,,,,,,328.79999999999995,3.389690721649484,328.79999999999995,3.389690721649484,,,,,,,,,,,,,,,,,,,"Juan Uribe","454",346874
"Miguel Montero","CHC",130,529,458,110,77,20,1,12,46,64,58,8,112,8,5,0,,0,2,0.24017467248908297,0.10964083175803403,0.21172022684310018,0.5178571428571429,0.332703213610586,0.36681222707423583,0.31056602548042783,0.6995154406848219,0.12663755458515286,1.6718799296439046,0.2890855457227139,,-1.2631253704894334,57.08081124586642,0.24569643152535645,96.64367313151256,-1.2631253704894334,,-3.256147381582924,8.718547912992358,2.3564793725284217,,,,,,,,526.9,4.053076923076923,526.9,4.053076923076923,,,,,,,,,,,,,,,,,,,"Miguel Montero","3364",471083
"Jason Kipnis","CLE",144,625,554,142,98,28,3,13,80,68,60,2,122,3,5,3,,25,5,0.2563176895306859,0.096,0.1952,0.4918032786885246,0.3295819935691318,0.388086642599278,0.3195126722897253,0.7176686361684098,0.1317689530685921,5.917789151745268,0.30424528301886794,,2.5152014817576855,71.72815177106544,4.578914041456428,102.92003919828731,2.5152014817576855,,4.5212530918071385,-2.7035567313345092,2.35601353641761,,,,,,,,684.1999999999999,4.751388888888888,684.1999999999999,4.751388888888888,,,,,,,,,,,,,,,,,,,"Jason Kipnis","9776",543401
"Xander Bogaerts","BOS",147,607,548,144,96,30,4,14,69,53,44,1,130,7,6,2,,5,3,0.26277372262773724,0.07248764415156507,0.214168039538715,0.3384615384615385,0.32231404958677684,0.40875912408759124,0.32317381939351164,0.7310731736743681,0.145985401459854,4.118139691083831,0.3170731707317073,,-0.6816609366796911,71.36683049458725,6.151490811590984,101.95296069788249,-0.6816609366796911,,0.6213726129913173,1.6909171075837737,2.348153605613884,,,,,,,,653.9,4.448299319727891,653.9,4.448299319727891,,,,,,,,,,,,,,,,,,,"Xander Bogaerts","12161",593428
"Derek Norris","SDP",117,420,363,86,57,17,1,11,47,42,51,1,98,3,2,1,,5,2,0.2369146005509642,0.12142857142857143,0.23333333333333334,0.5204081632653061,0.3341288782816229,0.38016528925619836,0.321486475935393,0.7142941675378213,0.14325068870523416,3.803148772341845,0.29296875,,-0.16886557498946786,48.837134065515485,3.7128463112182244,108.17090078542766,-0.16886557498946786,,3.683357257339291,4.716049382716049,2.3165407827073228,,,,,,,,442.9,3.7854700854700853,442.9,3.7854700854700853,,,,,,,,,,,,,,,,,,,"Derek Norris","6867",519083
"Melky Cabrera","CHW",137,598,550,163,116,29,4,14,81,67,40,2,72,1,5,2,,9,4,0.2963636363636364,0.06688963210702341,0.12040133779264214,0.5555555555555556,0.3422818791946309,0.44,0.34337604878727435,0.7822818791946309,0.14363636363636362,4.872592257190735,0.31769722814498935,,-0.29265572340227664,79.57438417652749,15.325993516837578,120.05950494949171,-0.29265572340227664,,12.892789474810805,-10.591710758377424,2.315868367305059,,,,,,,,730.1999999999999,5.329927007299269,730.1999999999999,5.329927007299269,,,,,,,,,,,,,,,,,,,"Melky Cabrera","4022",466320
"Trevor Plouffe","MIN",134,552,498,127,78,30,2,17,63,71,44,1,108,5,4,1,,2,2,0.25502008032128515,0.07971014492753623,0.1956521739130435,0.4074074074074074,0.3194192377495463,0.42570281124497994,0.3288043282248757,0.7451220489945263,0.1706827309236948,2.9182605037768585,0.2917771883289125,,-0.8291918435133994,67.28408723392211,7.977880471131424,109.09121569894116,-0.8291918435133994,,4.686937524216841,-0.9717813051146384,2.312247924994823,,,,,,,,616.5999999999998,4.601492537313431,616.5999999999998,4.601492537313431,,,,,,,,,,,,,,,,,,,"Trevor Plouffe","7462",461858
"Ender Inciarte","ARI",143,576,535,147,113,23,6,5,66,42,31,1,77,2,2,6,,31,7,0.27476635514018694,0.05381944444444445,0.13368055555555555,0.4025974025974026,0.3157894736842105,0.36822429906542054,0.30378388698574527,0.684013772749631,0.0934579439252336,6.9514185613968,0.3120879120879121,,3.0138644215185195,59.15608670953235,-2.7286507820753156,86.82299213625211,3.0138644215185195,,-5.505976031119541,9.116402116402117,2.3094716214002413,,,,,,,,574.3999999999999,4.016783216783216,574.3999999999999,4.016783216783216,,,,,,,,,,,,,,,,,,,"Ender Inciarte","4922",542255
"Jean Segura","MIL",145,589,546,151,115,19,8,9,72,49,29,4,79,5,2,7,,28,9,0.2765567765567766,0.04923599320882852,0.13412563667232597,0.3670886075949367,0.3178694158075601,0.3901098901098901,0.3114793431593885,0.7079793059174502,0.11355311355311354,7.014741236862861,0.30869565217391304,,1.659741857321933,63.96759222974341,0.6861505933598823,93.94519720273894,1.659741857321933,,-2.343459830709806,5.492504409171075,2.3020489650565263,,,,,,,,614.9,4.240689655172414,614.9,4.240689655172414,,,,,,,,,,,,,,,,,,,"Jean Segura","5933",516416
"Mike Napoli","BOS",115,467,395,95,55,20,1,19,50,54,65,3,136,5,2,0,,2,1,0.24050632911392406,0.139186295503212,0.291220556745182,0.47794117647058826,0.3533190578158458,0.44050632911392407,0.3518231064081192,0.7938253869297699,0.2,2.6294007063652507,0.3140495867768595,,-0.4370490009896457,65.16806148778979,14.994151056225931,121.94323170457022,-0.4370490009896457,,10.826905117317622,-4.579512051734273,2.2967025704382475,,,,,,,,590.3,5.133043478260869,590.3,5.133043478260869,,,,,,,,,,,,,,,,,,,"Mike Napoli","3057",435063
"Eugenio Suárez","CIN",143,567,513,127,85,25,4,13,62,50,40,1,129,8,2,4,,10,8,0.2475633528265107,0.07054673721340388,0.2275132275132275,0.31007751937984496,0.3108348134991119,0.38791423001949316,0.3110428970055224,0.698749043518605,0.14035087719298245,4.826048329714736,0.30563002680965146,,-1.5141818327829242,61.38851218743831,0.47072371913701594,95.17770795821717,-1.5141818327829242,,-4.5834069272631375,8.25,2.2857348265724147,,,,,,,,556.3,3.89020979020979,556.3,3.89020979020979,,,,,,,,,,,,,,,,,,,"Eugenio Suarez","12552",553993
"Brandon Crawford","SFG",147,532,475,115,78,22,6,9,56,60,46,7,111,3,6,2,,3,3,0.24210526315789474,0.08646616541353383,0.20864661654135339,0.4144144144144144,0.30943396226415093,0.3705263157894737,0.2979648019797943,0.6799602780536247,0.12842105263157896,4.411580577267526,0.29362880886426596,,-0.983630770817399,52.2628697269178,-4.8945614285253916,92.72049324747388,-0.983630770817399,,-5.330792112224642,9.864197530864196,2.264545347486025,,,,,,,,495.90000000000003,3.3734693877551023,495.90000000000003,3.3734693877551023,,,,,,,,,,,,,,,,,,,"Brandon Crawford","5343",543063
"Chris Taylor","SEA",116,501,450,116,88,21,4,3,61,38,40,1,115,5,4,2,,18,6,0.2577777777777778,0.07984031936127745,0.22954091816367264,0.34782608695652173,0.3226452905811623,0.3422222222222222,0.2988568451031145,0.6648675128033845,0.08444444444444443,6.226003766472175,0.33630952380952384,,0.8399407463148236,49.560246182673986,-4.266582781380597,93.64455563673441,0.8399407463148236,,-2.659970653175,7.522486772486772,2.262118609808082,,,,,,,,463.89999999999986,3.9991379310344817,463.89999999999986,3.9991379310344817,,,,,,,,,,,,,,,,,,,"Chris Taylor","13757",621035
"Dexter Fowler","CHC",130,526,445,118,83,19,6,10,62,39,73,1,117,3,2,3,,13,6,0.2651685393258427,0.13878326996197718,0.2224334600760456,0.6239316239316239,0.37093690248565964,0.40224719101123596,0.3473777837223477,0.7731840934968957,0.13707865168539324,5.525981436450924,0.3375,,-0.2580894404090941,71.60792625682049,15.095127783581544,121.7956806698459,-0.2580894404090941,,12.611015846352954,-8.067313345091122,2.245743045703664,,,,,,,,635,4.884615384615385,635,4.884615384615385,,,,,,,,,,,,,,,,,,,"Dexter Fowler","4062",451594
"Brad Miller","SEA",139,555,503,125,87,21,5,12,72,55,43,1,118,2,4,3,,8,4,0.2485089463220676,0.07747747747747748,0.2126126126126126,0.3644067796610169,0.3079710144927536,0.3817097415506958,0.3061597768061823,0.6896807560434495,0.1332007952286282,5.530026888828025,0.29973474801061006,,-0.4021663370076567,58.01069522493159,-1.617827878961215,98.74023511431515,-0.4021663370076567,,-1.1706875953114277,4.117724867724868,2.238346090900155,,,,,,,,538.2,3.8719424460431657,538.2,3.8719424460431657,,,,,,,,,,,,,,,,,,,"Brad Miller","12775",543543
"Joe Mauer","MIN",128,555,485,138,100,29,2,7,65,61,67,10,94,1,2,0,,3,2,0.2845360824742268,0.12072072072072072,0.16936936936936936,0.7127659574468085,0.37117117117117115,0.3958762886597938,0.33868522731536027,0.7670474598309649,0.111340206185567,3.090119860987325,0.3393782383419689,,-0.7498443596996367,71.85574656753585,12.227223463643035,115.9856927066171,-0.7498443596996367,,9.002248918458513,-6.196208112874778,2.22288042569815,,,,,,,,653.1999999999999,5.1031249999999995,653.1999999999999,5.1031249999999995,,,,,,,,,,,,,,,,,,,"Joe Mauer","1857",408045
"Enrique Hernández","LAD",138,552,508,130,89,24,5,12,63,60,34,1,70,4,3,3,,5,4,0.2559055118110236,0.06159420289855073,0.12681159420289856,0.4857142857142857,0.30601092896174864,0.3937007874015748,0.30942393458672685,0.6997117163633235,0.13779527559055121,4.451067450132107,0.27505827505827507,,-0.9833143898285925,59.07906167248286,-0.2271450903078229,100.48760400913521,-0.9833143898285925,,-0.6811811421809404,4.0282186948853616,2.200853890650383,,,,,,,,543.2,3.9362318840579715,543.2,3.9362318840579715,,,,,,,,,,,,,,,,,,,"Enrique Hernandez","10472",571771
"Austin Barnes","LAD",123,542,487,116,84,20,3,9,63,54,42,0,93,6,3,4,,6,2,0.23819301848049282,0.07749077490774908,0.17158671586715868,0.45161290322580644,0.3048327137546468,0.3470225872689938,0.2935864861126726,0.6518553010236406,0.108829568788501,4.580509450533344,0.2757731958762887,,-0.05181417893618345,51.42519894649472,-6.806620012622221,89.66650655463329,-0.05181417893618345,,-6.338744229290529,9.95737801293357,2.19742520514499,,,,,,,,472.09999999999985,3.83821138211382,472.09999999999985,3.83821138211382,,,,,,,,,,,,,,,,,,,"Austin Barnes","12158",605131
"Rougned Odor","TEX",149,597,555,150,100,25,8,17,66,70,25,1,113,8,4,5,,15,10,0.2702702702702703,0.04187604690117253,0.18927973199329984,0.22123893805309736,0.3091216216216216,0.436036036036036,0.32642571252413005,0.7451576576576576,0.16576576576576574,5.723715775578929,0.31002331002331,,-1.2683043731376529,71.68008016729476,7.539128287972235,105.0003334609863,-1.2683043731376529,,2.0130013938036795,-0.8064373897707231,2.1923622765926822,,,,,,,,662.4000000000001,4.445637583892618,662.4000000000001,4.445637583892618,,,,,,,,,,,,,,,,,,,"Rougned Odor","12282",596059
"Josmil Pinto","MIN",124,495,444,109,71,23,1,14,57,53,45,0,109,3,3,0,,0,1,0.24549549549549549,0.09090909090909091,0.2202020202020202,0.41284403669724773,0.31717171717171716,0.3963963963963964,0.3182168400648868,0.7135681135681136,0.15090090090090091,2.126241675316164,0.2932098765432099,,-0.8257378332782537,56.31673342882338,3.134537146973047,101.70371047096248,-0.8257378332782537,,0.10125076988394888,4.093915343915343,2.1682144291859737,,,,,,,,511.59999999999997,4.125806451612903,511.59999999999997,4.125806451612903,,,,,,,,,,,,,,,,,,,"Josmil Pinto","6806",500887
"Victor Martinez","DET",126,530,478,145,100,27,0,18,58,79,44,14,46,2,6,0,,1,1,0.303347280334728,0.0830188679245283,0.08679245283018867,0.9565217391304348,0.360377358490566,0.47280334728033474,0.3572579728540524,0.8331807057709008,0.16945606694560672,1.488027763848434,0.30238095238095236,,-0.6747529162093997,76.16871079567106,19.226157200962618,129.84135675334295,-0.6747529162093997,,16.709972577609435,-13.631687242798355,2.1664771307772037,,,,,,,,718.6,5.703174603174603,718.6,5.703174603174603,,,,,,,,,,,,,,,,,,,"Victor Martinez","393",400121
"Nick Castellanos","DET",154,621,572,160,105,34,4,17,61,77,40,2,122,3,6,0,,3,2,0.27972027972027974,0.0644122383252818,0.1964573268921095,0.32786885245901637,0.32689210950080516,0.4423076923076923,0.3367076958130943,0.7691998018084975,0.16258741258741255,3.2837841029985535,0.32574031890660593,,-0.7045996650122106,79.45887925031319,12.739396642173682,115.50223525612014,-0.7045996650122106,,9.877194920300548,-9.718253968253968,2.1602649924556574,,,,,,,,734.3000000000001,4.7681818181818185,734.3000000000001,4.7681818181818185,,,,,,,,,,,,,,,,,,,"Nick Castellanos","11737",592206
"Colby Rasmus","HOU",124,479,435,104,61,22,2,19,58,54,39,2,138,3,1,1,,3,1,0.23908045977011494,0.081419624217119,0.2881002087682672,0.2826086956521739,0.3054393305439331,0.4298850574712644,0.3237722224297644,0.7353243880151974,0.19080459770114944,3.8683263130196144,0.3046594982078853,,-0.15787078230641782,56.537322815636216,5.074147019663869,109.53679849398705,-0.15787078230641782,,4.863375498343302,-0.24000587889476788,2.159973534096334,,,,,,,,530.1000000000001,4.275000000000001,530.1000000000001,4.275000000000001,,,,,,,,,,,,,,,,,,,"Colby Rasmus","9893",458675
"Adam LaRoche","CHW",121,494,424,102,59,17,1,25,61,74,63,7,118,1,6,0,,2,0,0.24056603773584906,0.12753036437246965,0.2388663967611336,0.5338983050847458,0.3360323886639676,0.46226415094339623,0.34651210787849507,0.7982965396073638,0.22169811320754718,2.818335418885656,0.2682926829268293,,-0.03736537601798773,66.92356058151258,13.848803080029613,122.24771546567399,-0.03736537601798773,,12.04315865819139,-8.07554379776602,2.1398041015175764,,,,,,,,632.9999999999999,5.231404958677685,632.9999999999999,5.231404958677685,,,,,,,,,,,,,,,,,,,"Adam LaRoche","1904",425560
"Wilson Ramos","WSN",83,330,307,82,57,11,0,14,34,50,20,2,51,1,2,0,,0,1,0.2671009771986971,0.06060606060606061,0.15454545454545454,0.39215686274509803,0.31212121212121213,0.43973941368078173,0.32911997306637647,0.7518606258019939,0.17263843648208466,1.2024566042389666,0.2786885245901639,,-0.6636110106483102,40.3040723061994,4.849274784965845,108.39733172216307,-0.6636110106483102,,2.4470123049676733,7.0626102292768955,2.139341924325395,,,,,,,,375.9,4.528915662650602,375.9,4.528915662650602,,,,,,,,,,,,,,,,,,,"Wilson Ramos","1433",467092
"Gerardo Parra","MIL",149,566,514,138,97,26,4,11,69,47,39,5,99,4,3,6,,10,7,0.26848249027237353,0.06890459363957598,0.17491166077738515,0.3939393939393939,0.32321428571428573,0.39883268482490275,0.31744343686748194,0.7220469705391885,0.13035019455252922,4.7892620842256015,0.31203931203931207,,-1.1484317288268358,64.05874898715962,3.248399299225693,98.02022477733787,-1.1484317288268358,,-2.4062690871014096,4.761022927689595,2.138519426626741,,,,,,,,588.8,3.951677852348993,588.8,3.951677852348993,,,,,,,,,,,,,,,,,,,"Gerardo Parra","8553",467827
"Shin-Soo Choo","TEX",127,560,470,122,83,23,2,14,71,46,71,3,129,15,3,1,,11,7,0.25957446808510637,0.12678571428571428,0.23035714285714284,0.5503875968992248,0.37209302325581395,0.40638297872340423,0.3495878437868983,0.7784760019792182,0.14680851063829786,4.398729640040415,0.32727272727272727,,-1.065313853789121,77.1858031119078,17.02008610617813,121.16189730022353,-1.065313853789121,,11.960834879227694,-10.172839506172838,2.1284658030445396,,,,,,,,682.1999999999998,5.371653543307085,682.1999999999998,5.371653543307085,,,,,,,,,,,,,,,,,,,"Shin-Soo Choo","3174",425783
"Daniel Murphy","NYM",151,643,602,172,124,35,3,10,84,70,34,3,83,2,5,0,,13,4,0.2857142857142857,0.05287713841368585,0.1290824261275272,0.40963855421686746,0.3234836702954899,0.40365448504983387,0.3195523605681956,0.7271381553453238,0.11794019933554817,5.215140563899834,0.3151750972762646,,0.49980350607074797,73.81349527638932,4.730359500167569,106.80051237963923,0.49980350607074797,,5.408258145801401,-5.637419165196943,2.110885220330953,,,,,,,,695.3,4.604635761589404,695.3,4.604635761589404,,,,,,,,,,,,,,,,,,,"Daniel Murphy","4316",502517
"Byron Buxton","MIN",84,382,347,87,63,10,5,9,48,38,30,0,109,3,1,1,,22,12,0.2507204610951009,0.07853403141361257,0.28534031413612565,0.27522935779816515,0.31496062992125984,0.3861671469740634,0.31294383558388456,0.7011277768953232,0.13544668587896252,7.150072301340073,0.3391304347826087,,-0.4866928234696388,41.91569238727756,0.8740782869405339,98.02442907938827,-0.4866928234696388,,-1.3162176551871707,8.403586125808348,2.0955359058155487,,,,,,,,389.5,4.636904761904762,389.5,4.636904761904762,,,,,,,,,,,,,,,,,,,"Byron Buxton","14161",621439
"Khris Davis","MIL",128,481,431,109,58,28,2,21,65,69,36,0,116,9,5,0,,5,2,0.2529002320185615,0.07484407484407485,0.24116424116424118,0.3103448275862069,0.3201663201663202,0.4733178654292343,0.3472979394660918,0.7934841855955546,0.22041763341067283,4.50311715942584,0.29431438127090304,,-0.14247283642180264,65.45231732751974,13.774263970812633,118.41861676607827,-0.14247283642180264,,9.802286130402088,-5.302028218694884,2.0914893959086585,,,,,,,,608.3,4.75234375,608.3,4.75234375,,,,,,,,,,,,,,,,,,,"Khris Davis","9112",501981
"Lonnie Chisenhall","CLE",130,485,443,120,79,26,1,14,59,59,30,2,93,7,3,2,,3,1,0.2708803611738149,0.061855670103092786,0.19175257731958764,0.3225806451612903,0.3250517598343685,0.4288939051918736,0.33194463664429597,0.7539456650262422,0.15801354401805867,3.4356319033255396,0.31268436578171094,,-0.2068858682177961,60.28549229740625,8.177683819229655,111.59454256259917,-0.2068858682177961,,5.974256704240046,-2.2179600235155794,2.0855694438275187,,,,,,,,555.6,4.273846153846154,555.6,4.273846153846154,,,,,,,,,,,,,,,,,,,"Lonnie Chisenhall","7571",502082
"Wil Myers","SDP",128,552,494,132,86,27,2,17,67,57,51,4,134,2,5,0,,9,2,0.26720647773279355,0.09239130434782608,0.2427536231884058,0.3805970149253731,0.3351449275362319,0.4331983805668016,0.3370768389780156,0.7683433081030335,0.16599190283400805,4.641083963299945,0.33045977011494254,,0.5368746563326567,70.7863980462879,11.480191283497211,118.82317461044849,0.5368746563326567,,12.200246510432285,-9.97178130511464,2.078159572006223,,,,,,,,665.1999999999999,5.1968749999999995,665.1999999999999,5.1968749999999995,,,,,,,,,,,,,,,,,,,"Wil Myers","10047",571976
"Wilmer Flores","NYM",142,570,533,142,94,27,4,17,73,76,25,2,85,3,6,3,,1,2,0.26641651031894936,0.043859649122807015,0.14912280701754385,0.29411764705882354,0.2998236331569665,0.4277673545966229,0.31733736042427807,0.7275909877535893,0.16135084427767354,3.5253934662172224,0.28604118993135014,,-1.0065694991499186,64.46508725959102,3.224982450187603,105.28709104423066,-1.0065694991499186,,2.3762888912413516,-0.7169312169312168,2.0755304388731735,,,,,,,,603.3999999999999,4.249295774647886,603.3999999999999,4.249295774647886,,,,,,,,,,,,,,,,,,,"Wilmer Flores","5827",527038
"José Ramírez","CLE",138,584,533,140,106,23,4,7,67,47,33,1,67,1,5,12,,27,12,0.2626641651031895,0.05650684931506849,0.11472602739726027,0.4925373134328358,0.3041958041958042,0.3602251407129456,0.29469447952227085,0.6644209449087498,0.09756097560975607,6.041224688737164,0.28663793103448276,,0.3511803688015789,55.90645919680491,-6.83778853774175,85.60294509173345,0.3511803688015789,,-8.89069082484685,9.437389770723103,2.0751248122628443,,,,,,,,526,3.8115942028985508,526,3.8115942028985508,,,,,,,,,,,,,,,,,,,"Jose Ramirez","13510",608070
"Ben Revere","PHI",141,587,554,168,145,15,7,1,75,34,21,1,50,3,2,7,,41,9,0.30324909747292417,0.03577512776831346,0.08517887563884156,0.42,0.3310344827586207,0.36101083032490977,0.30749794588599594,0.6920453130835305,0.0577617328519856,7.409411836497666,0.3306930693069307,,4.173022897914052,61.95791483949487,-1.108649236153921,95.14004325706053,4.173022897914052,,0.9707180084622298,0.1568195179306291,2.0736693341423384,,,,,,,,604.2999999999998,4.285815602836879,604.2999999999998,4.285815602836879,,,,,,,,,,,,,,,,,,,"Ben Revere","4712",519184
"Coco Crisp","OAK",118,505,447,113,77,21,4,11,67,49,51,2,62,0,5,2,,22,5,0.25279642058165547,0.100990099009901,0.12277227722772277,0.8225806451612904,0.3260437375745527,0.39149888143176736,0.31814532555981784,0.7175426190063201,0.1387024608501119,6.531012969722165,0.2691292875989446,,2.0396243832074106,57.42674623490766,3.1701621493835757,107.12612494171367,2.0396243832074106,,5.995277626584173,-3.144473838918284,2.0552597233918397,,,,,,,,553.6999999999999,4.692372881355932,553.6999999999999,4.692372881355932,,,,,,,,,,,,,,,,,,,"Coco Crisp","1572",424825
"Austin Jackson","SEA",149,659,592,145,102,27,7,9,78,45,55,0,165,3,6,3,,14,6,0.24493243243243243,0.0834597875569044,0.2503793626707132,0.3333333333333333,0.3094512195121951,0.3597972972972973,0.29925375340915306,0.6692485168094924,0.11486486486486489,6.030707485578326,0.32075471698113206,,-0.0656302198767662,65.39063501622017,-5.4115212458795705,93.92150160744812,-0.0656302198767662,,-4.468695496363083,2.4213697824808937,2.0493866298486187,,,,,,,,606.6,4.071140939597315,606.6,4.071140939597315,,,,,,,,,,,,,,,,,,,"Austin Jackson","9848",457706
"Asdrúbal Cabrera","TBR",144,613,550,134,87,30,3,14,74,64,47,2,109,8,5,3,,10,3,0.24363636363636362,0.0766721044045677,0.17781402936378465,0.43119266055045874,0.30983606557377047,0.38545454545454544,0.308617679696334,0.6952906110283159,0.14181818181818182,4.97457701780902,0.2777777777777778,,0.34096142556518316,65.22866335145426,-0.6313090137462638,99.6131150218077,0.34096142556518316,,0.08027660387795943,-0.7476484420928866,2.0420232243099377,,,,,,,,611.7,4.247916666666667,611.7,4.247916666666667,,,,,,,,,,,,,,,,,,,"Asdrubal Cabrera","4962",452678
"Christian Bethancourt","ATL",117,473,449,118,85,22,1,10,49,51,14,0,94,3,5,2,,10,4,0.26280623608017817,0.02959830866807611,0.19873150105708245,0.14893617021276595,0.28662420382165604,0.3830734966592428,0.2946977144593646,0.6696977004808988,0.12026726057906462,4.383523889393081,0.30857142857142855,,0.10717501444742084,45.28157629973997,-5.536966814028133,85.79098152539109,0.10717501444742084,,-7.437097943222184,11.689741328630218,2.0377532798965454,,,,,,,,434.09999999999997,3.71025641025641,434.09999999999997,3.71025641025641,,,,,,,,,,,,,,,,,,,"Christian Bethancourt","10028",542194
"Brandon Phillips","CIN",134,569,524,138,99,25,1,13,66,72,29,3,79,7,6,3,,6,4,0.2633587786259542,0.050966608084358524,0.13884007029876977,0.3670886075949367,0.30742049469964666,0.3893129770992366,0.30674732832459745,0.6967334717988833,0.12595419847328243,3.682237290460277,0.2853881278538813,,-0.8059367341920733,59.73043897928903,-1.4022270497470088,92.24271704759506,-0.8059367341920733,,-5.76059918949147,7.090681951793063,2.0360908659138355,,,,,,,,557.3999999999999,4.159701492537312,557.3999999999999,4.159701492537312,,,,,,,,,,,,,,,,,,,"Brandon Phillips","791",408252
"Scooter Gennett","MIL",151,581,542,155,111,29,4,11,67,59,25,2,89,2,4,8,,8,5,0.2859778597785978,0.043029259896729774,0.153184165232358,0.2808988764044944,0.31762652705061084,0.4151291512915129,0.32133559525117356,0.7327556783421237,0.1291512915129151,4.557001469873591,0.32286995515695066,,-0.7980795707553625,67.49080159751865,5.068870204074111,100.67958150688195,-0.7980795707553625,,-0.3548692571541405,1.13477366255144,2.015606270588374,,,,,,,,618.5000000000001,4.096026490066226,618.5000000000001,4.096026490066226,,,,,,,,,,,,,,,,,,,"Scooter Gennett","10339",571697
"Jed Lowrie","HOU",126,525,472,121,82,26,2,11,57,51,43,3,82,3,5,2,,1,0,0.2563559322033898,0.08190476190476191,0.15619047619047619,0.524390243902439,0.3193116634799235,0.3898305084745763,0.31337222697643136,0.7091421719544998,0.13347457627118647,2.8673828989430374,0.2864583333333333,,-0.27129890001378953,57.7791410097662,1.3737813168946265,102.28011781378564,-0.27129890001378953,,1.0445014398820307,0.7870370370370372,2.0124704978965458,,,,,,,,535.6999999999998,4.2515873015873,535.6999999999998,4.2515873015873,,,,,,,,,,,,,,,,,,,"Jed Lowrie","4418",476704
"Addison Russell","CHC",92,407,374,91,58,18,3,12,50,44,27,0,101,5,1,0,,10,4,0.24331550802139038,0.06633906633906633,0.24815724815724816,0.26732673267326734,0.3022113022113022,0.4037433155080214,0.31338499424205657,0.7059546177193237,0.16042780748663102,5.774612259634327,0.3015267175572519,,0.15241970913484693,44.796576608549124,1.0689929990277303,98.56976215656952,0.15241970913484693,,-0.5010039386160063,6.486331569664903,2.0085590133990965,,,,,,,,421.49999999999994,4.581521739130435,421.49999999999994,4.581521739130435,,,,,,,,,,,,,,,,,,,"Addison Russell","14106",608365
"Ryan Zimmerman","WSN",109,462,414,114,73,24,2,15,59,70,43,3,85,1,4,0,,3,1,0.2753623188405797,0.09307359307359307,0.18398268398268397,0.5058823529411764,0.341991341991342,0.45169082125603865,0.34741161877293475,0.7936821632473807,0.17632850241545894,3.802293392995131,0.3113207547169811,,-0.2068858682177961,62.9071638866245,13.270447356897526,120.89528435122179,-0.2068858682177961,,10.629449431589924,-6.487654320987655,1.9890529381595545,,,,,,,,581.3000000000001,5.33302752293578,581.3000000000001,5.33302752293578,,,,,,,,,,,,,,,,,,,"Ryan Zimmerman","4220",475582
"Curtis Granderson","NYM",123,521,455,105,62,19,3,21,71,60,56,1,131,5,4,1,,9,3,0.23076923076923078,0.10748560460652591,0.2514395393474088,0.42748091603053434,0.3192307692307692,0.42417582417582417,0.32932169382282767,0.7434065934065934,0.19340659340659339,5.205701798150602,0.2736156351791531,,0.20882846461609006,63.712186675818295,7.736582104416225,113.47550850588189,0.20882846461609006,,8.08971471788514,-5.742945326278659,1.9881553399849679,,,,,,,,594.3000000000001,4.831707317073171,594.3000000000001,4.831707317073171,,,,,,,,,,,,,,,,,,,"Curtis Granderson","4747",434158
"Pedro Álvarez","PIT",136,523,471,109,63,19,2,25,57,76,48,6,157,2,2,0,,4,1,0.23142250530785563,0.09177820267686425,0.30019120458891013,0.3057324840764331,0.30401529636711283,0.4394904458598726,0.324154042528953,0.7435057422269855,0.208067940552017,3.627427405143772,0.28865979381443296,,0.01950687333010137,61.88388800624844,5.693405874111621,108.8104528707744,0.01950687333010137,,5.1919067742218505,-3.0783362727807173,1.9692200699259657,,,,,,,,595.7,4.38014705882353,595.7,4.38014705882353,,,,,,,,,,,,,,,,,,,"Pedro Alvarez","2495",476883
"Blake Swihart","BOS",113,461,433,105,69,25,3,8,47,45,25,1,97,1,2,0,,5,4,0.24249422632794457,0.05422993492407809,0.210412147505423,0.25773195876288657,0.2841648590021692,0.3695150115473441,0.2887724306272424,0.6536798705495133,0.12702078521939955,4.268325526755533,0.29393939393939394,,-0.862661870662123,42.03776280959448,-7.491514939765125,77.94911431617304,-0.862661870662123,,-12.036448305888712,15.46928277483833,1.9672746924084714,,,,,,,,396.1,3.5053097345132747,396.1,3.5053097345132747,,,,,,,,,,,,,,,,,,,"Blake Swihart","13176",596119
"Kevin Plawecki","NYM",105,437,398,100,71,20,1,8,51,44,25,1,63,9,4,1,,0,0,0.25125628140703515,0.057208237986270026,0.14416475972540047,0.3968253968253968,0.3073394495412844,0.36683417085427134,0.30048676770308924,0.6741736203955557,0.11557788944723618,2.31486568986569,0.27794561933534745,,-0.3921206872910261,43.77549109052534,-3.175255930017283,93.7737524972528,-0.3921206872910261,,-3.446338396485498,8.028365667254556,1.9542922153571234,,,,,,,,402.9,3.8371428571428567,402.9,3.8371428571428567,,,,,,,,,,,,,,,,,,,"Kevin Plawecki","13807",608700
"Carlos González","COL",103,423,381,107,61,22,4,20,58,66,38,5,97,2,2,0,,13,3,0.28083989501312334,0.08983451536643026,0.2293144208037825,0.3917525773195876,0.3475177304964539,0.5170603674540682,0.373302912883211,0.8645780979505222,0.2362204724409449,6.070751589099022,0.32706766917293234,,1.1068586483597755,65.99668554640483,20.55008145100545,122.21411751158686,1.1068586483597755,,11.654651832348815,-6.662698412698412,1.9527488581604349,,,,,,,,629.1,6.107766990291262,629.1,6.107766990291262,,,,,,,,,,,,,,,,,,,"Carlos Gonzalez","7287",471865
"Travis d'Arnaud","NYM",100,399,365,93,57,20,2,14,50,49,29,3,75,3,2,0,,1,0,0.2547945205479452,0.07268170426065163,0.18796992481203006,0.38666666666666666,0.3132832080200501,0.43561643835616437,0.3275859106068659,0.7488996463762145,0.18082191780821916,3.4915494078978426,0.2841726618705036,,-0.12425364227965474,48.261832169795035,5.393758803212638,112.28951700159493,-0.12425364227965474,,5.38001831907555,0.3302469135802468,1.9518121864815474,,,,,,,,454.69999999999993,4.547,454.69999999999993,4.547,,,,,,,,,,,,,,,,,,,"Travis d'Arnaud","7739",518595
"Maikel Franco","PHI",151,634,603,156,94,34,5,23,86,82,24,0,101,3,4,0,,2,2,0.25870646766169153,0.03785488958990536,0.15930599369085174,0.2376237623762376,0.2886435331230284,0.4461028192371476,0.32083641533219853,0.734746352360176,0.1873963515754561,4.058722160031302,0.2753623188405797,,-0.8103398873936385,73.40471893506063,5.288532182145241,104.25368792070155,-0.8103398873936385,,2.216901521002251,-3.6704879482657264,1.94668240042033,,,,,,,,693.0999999999999,4.590066225165562,693.0999999999999,4.590066225165562,,,,,,,,,,,,,,,,,,,"Maikel Franco","12179",596748
"Alex Guerrero","LAD",124,527,482,122,85,19,3,15,64,69,35,0,86,7,2,1,,2,3,0.25311203319502074,0.06641366223908918,0.16318785578747627,0.4069767441860465,0.311787072243346,0.3983402489626556,0.31609588555510054,0.7101273212060015,0.14522821576763484,3.339491011921459,0.2793733681462141,,-1.2100235123652965,59.100135993531396,2.479898739925076,105.0462822431139,-1.2100235123652965,,1.7751826262962567,-0.06363903586125841,1.9384102621519717,,,,,,,,535.8,4.320967741935483,535.8,4.320967741935483,,,,,,,,,,,,,,,,,,,"Alex Guerrero","15670",648717
"Brandon Laird","WSN",142,564,529,130,83,29,1,17,61,69,24,1,113,5,5,1,,1,0,0.24574669187145556,0.0425531914893617,0.20035460992907803,0.21238938053097345,0.2824156305506217,0.4007561436672968,0.29998979099704703,0.6831717742179184,0.15500945179584122,2.74735122008082,0.27970297029702973,,-0.2185134228784591,56.28245245288285,-4.313019674316329,88.49383908848483,-0.2185134228784591,,-7.503046517538187,8.072310405643739,1.9360281142372326,,,,,,,,537.5,3.785211267605634,537.5,3.785211267605634,,,,,,,,,,,,,,,,,,,"Brandon Laird","5476",477186
"Michael A. Taylor","WSN",125,527,479,109,69,24,4,12,58,54,40,1,175,4,2,2,,25,10,0.22755741127348644,0.07590132827324478,0.33206831119544594,0.22857142857142856,0.2914285714285714,0.3695198329853862,0.29434336665022465,0.6609484044139576,0.14196242171189977,6.6052907330383706,0.3299319727891156,,0.807103481143713,50.307918214978,-6.312319038628317,84.6358623300104,0.807103481143713,,-8.28178926762817,9.936360964138741,1.932161110969882,,,,,,,,488.1,3.9048000000000003,488.1,3.9048000000000003,,,,,,,,,,,,,,,,,,,"Michael A. Taylor","11489",572191
"Mike Moustakas","KCR",148,567,521,126,79,29,1,17,56,61,36,2,97,5,4,1,,3,2,0.2418426103646833,0.06349206349206349,0.1710758377425044,0.3711340206185567,0.2950530035335689,0.39923224568138194,0.30604928393735953,0.6942852492149508,0.15738963531669864,2.812566959012517,0.26520681265206814,,-0.5990287107415497,59.21693028552351,-1.700858182777784,92.44595635049274,-0.5990287107415497,,-5.307023268231324,5.083333333333334,1.9319617215212044,,,,,,,,557.3,3.7655405405405404,557.3,3.7655405405405404,,,,,,,,,,,,,,,,,,,"Mike Moustakas","4892",519058
"Jordy Mercer","PIT",138,504,461,117,77,27,3,10,54,50,30,7,86,5,4,4,,4,3,0.25379609544468545,0.05952380952380952,0.17063492063492064,0.3488372093023256,0.304,0.39045553145336226,0.3022352833051469,0.6944555314533623,0.1366594360086768,4.076835289746447,0.2899728997289973,,-0.7270748994778842,51.16295880982979,-2.9861864953269217,93.83423810795212,-0.7270748994778842,,-4.215339808768124,6.555555555555555,1.9309631292731542,,,,,,,,487.8,3.5347826086956524,487.8,3.5347826086956524,,,,,,,,,,,,,,,,,,,"Jordy Mercer","6547",474568
"Welington Castillo","CHC",109,417,374,92,61,19,0,12,38,43,32,1,101,8,2,1,,1,0,0.24598930481283424,0.07673860911270983,0.2422062350119904,0.31683168316831684,0.3173076923076923,0.393048128342246,0.31692649513842114,0.7103558206499383,0.14705882352941177,1.826241273267199,0.3041825095057034,,-0.17703911941498518,47.02989511044764,2.227923697252505,100.98952859795997,-0.17703911941498518,,0.28614811172776733,4.660934744268077,1.9278953100845715,,,,,,,,430.9999999999999,3.9541284403669716,430.9999999999999,3.9541284403669716,,,,,,,,,,,,,,,,,,,"Welington Castillo","3256",456078
"Alcides Escobar","KCR",156,617,578,156,119,28,5,4,69,51,22,1,84,5,3,9,,27,4,0.2698961937716263,0.03565640194489465,0.13614262560777957,0.2619047619047619,0.30098684210526316,0.356401384083045,0.2912795049747486,0.6573882261883082,0.08650519031141868,6.5723775315413375,0.30831643002028397,,3.3450482424814254,57.44952154320115,-8.840205943468867,82.14022399418923,3.3450482424814254,,-8.767473650189025,6.8011463844797175,1.9133454434056403,,,,,,,,563.9999999999998,3.615384615384614,563.9999999999998,3.615384615384614,,,,,,,,,,,,,,,,,,,"Alcides Escobar","6310",444876
"Yasmany Tomás","ARI",132,520,494,132,81,26,4,21,61,60,23,0,95,2,1,0,,4,4,0.26720647773279355,0.04423076923076923,0.18269230769230768,0.24210526315789474,0.3019230769230769,0.46356275303643724,0.335081953727282,0.7654858299595142,0.1963562753036437,4.077179270459997,0.2928759894459103,,-1.1079065683297813,65.88723002768899,10.019064236654291,108.20771398096822,-1.1079065683297813,,3.6830003268442546,-2.0893592004703114,1.9022240058978364,,,,,,,,612.1999999999999,4.637878787878788,612.1999999999999,4.637878787878788,,,,,,,,,,,,,,,,,,,"Yasmany Tomas","17171",630111
"Anthony Gose","DET",156,575,523,133,102,19,6,6,66,44,40,0,131,6,1,5,,34,13,0.25430210325047803,0.06956521739130435,0.22782608695652173,0.3053435114503817,0.3140350877192982,0.3479923518164436,0.2979531869553683,0.6620274395357418,0.09369024856596558,6.858094676515422,0.3281653746770026,,1.34018559101969,56.48200192043037,-5.295296790809926,88.46096423244637,1.34018559101969,,-5.9528908820688695,5.112727807172252,1.891946728648106,,,,,,,,533.7,3.4211538461538464,533.7,3.4211538461538464,,,,,,,,,,,,,,,,,,,"Anthony Gose","5097",543238
"Brandon Belt","SFG",117,428,378,98,60,22,2,14,56,51,44,4,107,4,2,0,,7,3,0.25925925925925924,0.102803738317757,0.25,0.411214953271028,0.3411214953271028,0.43915343915343913,0.3427775901443553,0.780274934480542,0.17989417989417988,4.5812555802226775,0.32432432432432434,,-0.12330449931323528,56.75645184953766,10.772653852301408,123.33928570833596,-0.12330449931323528,,11.089738896759917,-6.863021751910639,1.885421188326039,,,,,,,,526.4999999999999,4.499999999999999,526.4999999999999,4.499999999999999,,,,,,,,,,,,,,,,,,,"Brandon Belt","10264",474832
"Didi Gregorius","NYY",132,539,491,123,89,19,6,9,62,48,35,3,95,6,2,5,,4,3,0.2505091649694501,0.06493506493506493,0.17625231910946196,0.3684210526315789,0.30711610486891383,0.36863543788187375,0.29968802976069475,0.6757515427507876,0.11812627291242367,4.715836707850368,0.2930591259640103,,-0.810023506404832,53.66291578688993,-4.246586831124875,89.95602870963793,-0.810023506404832,,-6.7607176816802514,6.9413580246913575,1.879694849412546,,,,,,,,493.90000000000003,3.741666666666667,493.90000000000003,3.741666666666667,,,,,,,,,,,,,,,,,,,"Didi Gregorius","6012",544369
"Zack Cozart","CIN",143,570,529,129,90,26,4,9,66,48,27,2,92,4,4,6,,5,0,0.2438563327032136,0.04736842105263158,0.16140350877192983,0.29347826086956524,0.28368794326241137,0.3591682419659735,0.28374581542727784,0.642856185228385,0.11531190926275992,5.155870091803886,0.2777777777777778,,0.5513234592508525,49.77977783935624,-11.460326970047175,76.5266998450361,0.5513234592508525,,-14.467682212316289,14.283068783068783,1.8732683512405943,,,,,,,,478.7,3.3475524475524474,478.7,3.3475524475524474,,,,,,,,,,,,,,,,,,,"Zack Cozart","2616",446359
"Dee Strange-Gordon","MIA",135,567,526,148,119,19,9,1,78,37,33,1,93,3,2,3,,50,15,0.2813688212927757,0.0582010582010582,0.164021164021164,0.3548387096774194,0.3262411347517731,0.3574144486692015,0.30468041562271797,0.6836555834209745,0.07604562737642584,8.322917052114308,0.3387096774193548,,3.763440736103803,58.62164794834519,-2.296140519956109,93.64038775678554,3.763440736103803,,-0.284236451199261,0.08333333333333348,1.8615156769809977,,,,,,,,579.5999999999999,4.293333333333333,579.5999999999999,4.293333333333333,,,,,,,,,,,,,,,,,,,"Dee Strange-Gordon","8203",543829
"Corey Dickerson","COL",138,542,498,144,82,31,9,22,68,76,37,3,112,2,5,0,,9,8,0.2891566265060241,0.06826568265682657,0.2066420664206642,0.33035714285714285,0.3376383763837638,0.5200803212851406,0.37001816240002805,0.8577186976689044,0.2309236947791165,5.5434108020548285,0.33062330623306235,,-1.661396358627826,83.19766599170957,24.965847032592627,119.96977839657879,-1.661396358627826,,10.488279892113987,-9.97442680776014,1.85686703442963,,,,,,,,768.1,5.565942028985507,768.1,5.565942028985507,,,,,,,,,,,,,,,,,,,"Corey Dickerson","10762",572816
"Aramis Ramirez","MIL",108,425,389,108,74,19,1,14,44,61,23,1,65,10,3,0,,2,0,0.2776349614395887,0.05411764705882353,0.15294117647058825,0.35384615384615387,0.33176470588235296,0.43958868894601544,0.3402328952303473,0.7713533948283684,0.16195372750642673,2.9544632150070544,0.3003194888178914,,0.00033853622153401375,55.52915198293508,9.867670326800956,113.59135356641546,0.00033853622153401375,,6.4843505954648695,-2.4384185773074663,1.8556252862487284,,,,,,,,510.99999999999994,4.731481481481481,510.99999999999994,4.731481481481481,,,,,,,,,,,,,,,,,,,"Aramis Ramirez","1002",133380
"Ty Kelly","STL",135,555,492,125,94,20,2,9,67,53,56,0,90,3,2,2,,7,3,0.2540650406504065,0.1009009009009009,0.16216216216216217,0.6222222222222222,0.33273056057866185,0.35772357723577236,0.3123249840563935,0.6904541378144342,0.10365853658536583,4.121313116466268,0.2936708860759494,,-0.3080536692868918,60.63502815747264,1.0065050535798363,98.92569634354444,-0.3080536692868918,,-0.9773403933774389,1.0392416225749557,1.8504787007104546,,,,,,,,543.9,4.028888888888889,543.9,4.028888888888889,,,,,,,,,,,,,,,,,,,"Ty Kelly","7740",571841
"Adam Lind","MIL",121,447,402,117,78,22,2,15,51,62,41,3,79,1,3,0,,1,0,0.291044776119403,0.09172259507829977,0.1767337807606264,0.5189873417721519,0.35570469798657717,0.46766169154228854,0.3603047998370351,0.8233663895288656,0.17661691542288555,2.8783933105275,0.3279742765273312,,-0.24113577022217214,65.28496371759555,17.259828893379183,127.30568616249387,-0.24113577022217214,,13.459880780572878,-10.212081128747796,1.841162651925103,,,,,,,,597.2999999999998,4.936363636363635,597.2999999999998,4.936363636363635,,,,,,,,,,,,,,,,,,,"Adam Lind","8027",452252
"Zach Walters","CLE",138,492,464,108,55,24,5,24,57,64,20,0,156,3,3,2,,2,3,0.23275862068965517,0.04065040650406504,0.3170731707317073,0.1282051282051282,0.2673469387755102,0.46120689655172414,0.3167193539288579,0.7285538353272343,0.22844827586206898,4.356662061987093,0.2926829268292683,,-1.02527434239164,55.410344780752695,2.5504648400044765,100.97097879014439,-1.02527434239164,,-0.500166808390734,1.8077601410934743,1.8411295888276407,,,,,,,,528.9,3.8326086956521737,528.9,3.8326086956521737,,,,,,,,,,,,,,,,,,,"Zach Walters","10622",595025
"Tim Federowicz","SDP",103,405,368,86,57,20,1,8,41,37,29,2,105,2,4,2,,1,0,0.23369565217391305,0.07160493827160494,0.25925925925925924,0.2761904761904762,0.2903225806451613,0.358695652173913,0.2873934584662801,0.6490182328190743,0.12499999999999997,3.0796085379929936,0.30115830115830117,,-0.12425364227965474,36.502883138436026,-7.00982291035062,84.87650048125641,-0.12425364227965474,,-6.999677764416545,11.44047619047619,1.8324982799549345,,,,,,,,347.3999999999999,3.3728155339805816,347.3999999999999,3.3728155339805816,,,,,,,,,,,,,,,,,,,"Tim Federowicz","8609",543148
"David Dahl","COL",103,467,444,119,75,26,6,12,46,48,19,0,96,1,1,2,,15,5,0.268018018018018,0.04068522483940043,0.20556745182012848,0.19791666666666666,0.2989247311827957,0.4346846846846847,0.32143084169715963,0.7336094158674804,0.16666666666666669,6.11480558620352,0.31750741839762614,,0.7565064902883023,54.28231513755493,4.108404705991077,86.77199825918997,0.7565064902883023,,-6.177804219079164,8.715902410346855,1.8297559310432998,,,,,,,,519.3,5.041747572815534,519.3,5.041747572815534,,,,,,,,,,,,,,,,,,,"David Dahl","13744",621311
"Chris Carter","HOU",137,553,483,110,56,23,1,30,70,85,61,3,184,4,5,0,,4,1,0.2277432712215321,0.11030741410488246,0.33273056057866185,0.33152173913043476,0.31645569620253167,0.4658385093167702,0.34180784962394023,0.7822942055193018,0.23809523809523808,3.340070164135567,0.291970802919708,,-0.021967430133372545,72.92121817513255,13.507572631974496,122.1213027856063,-0.021967430133372545,,13.424531906069047,-14.223251028806583,1.8205791474894502,,,,,,,,687.2,5.016058394160584,687.2,5.016058394160584,,,,,,,,,,,,,,,,,,,"Chris Carter","9911",474892
"Craig Gentry","OAK",108,286,256,65,53,9,2,1,35,18,19,2,49,7,1,3,,18,4,0.25390625,0.06643356643356643,0.17132867132867133,0.3877551020408163,0.3215547703180212,0.31640625,0.28815943469356387,0.6379610203180213,0.0625,6.993786286172926,0.30917874396135264,,1.801434818888083,25.94536409854488,-4.7821270865242065,86.20322782082735,1.801434818888083,,-2.535839885691467,10.050852439741329,1.8111845630574779,,,,,,,,255.90000000000003,2.369444444444445,255.90000000000003,2.369444444444445,,,,,,,,,,,,,,,,,,,"Craig Gentry","9571",502226
"Brandon Moss","CLE",137,523,461,109,57,22,2,28,66,77,52,4,158,7,3,0,,3,1,0.23644251626898047,0.0994263862332696,0.30210325047801145,0.3291139240506329,0.32122370936902483,0.4750542299349241,0.3472814798814483,0.796277939303949,0.2386117136659436,3.6241202671324153,0.29136690647482016,,-0.19934508576989174,71.16088613277586,14.970404000639038,122.29594858856552,-0.19934508576989174,,12.61808763226779,-12.608318636096413,1.8057424417732677,,,,,,,,667.7,4.8737226277372265,667.7,4.8737226277372265,,,,,,,,,,,,,,,,,,,"Brandon Moss","4467",461235
"Dustin Ackley","SEA",148,598,543,135,92,27,4,12,79,62,48,2,107,2,2,3,,7,3,0.24861878453038674,0.0802675585284281,0.17892976588628762,0.4485981308411215,0.31092436974789917,0.37937384898710863,0.3068642652456917,0.6902982187350077,0.1307550644567219,4.97060855377061,0.2887323943661972,,-0.25903858337551355,62.82832973186365,-1.4200609278262566,99.2317976031021,-0.25903858337551355,,-0.7639907559708665,-1.5917107583774248,1.8050739794175246,,,,,,,,581.8000000000001,3.9310810810810817,581.8000000000001,3.9310810810810817,,,,,,,,,,,,,,,,,,,"Dustin Ackley","10099",554429
"Nick Franklin","TBR",135,565,504,118,81,23,3,11,64,53,51,2,134,2,4,4,,10,3,0.23412698412698413,0.09026548672566372,0.23716814159292035,0.3805970149253731,0.3048128342245989,0.35714285714285715,0.2957629585948528,0.661955691367456,0.12301587301587302,5.115390550276582,0.29476584022038566,,0.37112455535680056,54.55059718858253,-6.152313718984018,90.64362972875398,0.37112455535680056,,-5.439586115481446,4.075984714873604,1.8000255237543163,,,,,,,,513.6,3.8044444444444445,513.6,3.8044444444444445,,,,,,,,,,,,,,,,,,,"Nick Franklin","10166",545338
"Chris Young","NYY",115,409,365,82,46,20,1,15,50,48,38,2,99,3,2,1,,10,4,0.22465753424657534,0.09290953545232274,0.24205378973105135,0.3838383838383838,0.3014705882352941,0.40821917808219177,0.313576854948927,0.7096897663174859,0.18356164383561643,4.874655581749287,0.2648221343873518,,0.1712716652546078,45.07689211607843,1.1344309458222976,99.64706846695233,0.1712716652546078,,0.012604459393098066,3.491622574955908,1.7956737171488977,,,,,,,,429.7,3.736521739130435,429.7,3.736521739130435,,,,,,,,,,,,,,,,,,,"Chris Young","3882",455759
"Michael Bourn","CLE",131,591,540,139,103,22,9,5,73,43,42,1,137,3,3,3,,22,9,0.2574074074074074,0.07106598984771574,0.23181049069373943,0.30656934306569344,0.3129251700680272,0.3592592592592593,0.29959956009505756,0.6721844293272865,0.10185185185185186,7.233772269981419,0.3341645885286783,,0.45220105699263513,58.79994164313206,-4.696377553986223,89.02550460986912,0.45220105699263513,,-6.677075212132023,4.171516754850089,1.764482128511754,,,,,,,,552.0999999999999,4.214503816793893,552.0999999999999,4.214503816793893,,,,,,,,,,,,,,,,,,,"Michael Bourn","6387",456422
"Stephen Vogt","OAK",116,448,415,104,71,19,3,11,45,50,28,2,69,1,3,1,,1,1,0.25060240963855424,0.0625,0.15401785714285715,0.4057971014492754,0.2975391498881432,0.39036144578313253,0.3027127860637193,0.6879005956712757,0.1397590361445783,3.1305165173092515,0.27514792899408286,,-0.5465596145950258,45.64225673741086,-2.4903168671728744,96.35794607949192,-0.5465596145950258,,-2.340044778581865,4.230452674897119,1.753230540577935,,,,,,,,429.09999999999997,3.6991379310344823,429.09999999999997,3.6991379310344823,,,,,,,,,,,,,,,,,,,"Stephen Vogt","5000",519390
"Yangervis Solarte","SDP",136,572,519,135,101,25,1,8,60,47,42,1,59,3,6,2,,1,1,0.26011560693641617,0.07342657342657342,0.10314685314685315,0.711864406779661,0.3157894736842105,0.3583815028901734,0.3009812401342476,0.674170976574384,0.09826589595375723,2.195654296076701,0.27729257641921395,,-0.723768002120778,57.515740519563586,-3.939241850574582,94.16049025148045,-0.723768002120778,,-4.4731923048972035,3.101704879482657,1.749726063484314,,,,,,,,524.5,3.8566176470588234,524.5,3.8566176470588234,,,,,,,,,,,,,,,,,,,"Yangervis Solarte","5352",500208
"Dilson Herrera","NYM",139,612,561,137,94,23,4,16,77,70,37,0,152,6,6,2,,14,6,0.24420677361853832,0.06045751633986928,0.24836601307189543,0.24342105263157895,0.29508196721311475,0.3850267379679144,0.3013893423510379,0.6801087051810292,0.1408199643493761,5.576409717006133,0.3032581453634085,,0.0210887782741338,61.7293775478451,-4.023156036988049,94.3904457885627,0.0210887782741338,,-3.8325583544952417,1.2486772486772484,1.7496191170148738,,,,,,,,584.9,4.207913669064748,584.9,4.207913669064748,,,,,,,,,,,,,,,,,,,"Dilson Herrera","14335",599096
"Tony Kemp","HOU",116,540,480,124,95,19,4,6,66,42,42,1,80,8,4,6,,21,12,0.25833333333333336,0.07777777777777778,0.14814814814814814,0.525,0.3258426966292135,0.35208333333333336,0.30479699787011066,0.6779260299625469,0.09375,5.736842563895172,0.2964824120603015,,-0.8676716051995754,55.87842503754232,-2.1385163608398705,96.29668256486012,-0.8676716051995754,,-3.065825542381075,1.984126984126984,1.7446816329488621,,,,,,,,505,4.353448275862069,505,4.353448275862069,,,,,,,,,,,,,,,,,,,"Tony Kemp","14894",643393
"Dioner Navarro","TOR",108,380,349,93,68,15,0,10,34,49,25,2,56,1,4,1,,1,0,0.2664756446991404,0.06578947368421052,0.14736842105263157,0.44642857142857145,0.31398416886543534,0.3954154727793696,0.3124519080635091,0.709399641644805,0.1289398280802292,1.8029404363057586,0.289198606271777,,-0.1468759896233678,41.552866949651815,0.7261304100495384,97.85999256300025,-0.1468759896233678,,-1.0407417100402907,4.981187536743091,1.7434540289633542,,,,,,,,389.19999999999993,3.603703703703703,389.19999999999993,3.603703703703703,,,,,,,,,,,,,,,,,,,"Dioner Navarro","3179",425900
"A.J. Ellis","LAD",104,393,331,76,54,14,1,7,34,45,49,5,73,5,4,4,,0,1,0.229607250755287,0.12468193384223919,0.18575063613231552,0.6712328767123288,0.3341902313624679,0.3413897280966767,0.3037111108812193,0.6755799594591446,0.11178247734138971,1.9069880593928166,0.27058823529411763,,-0.7654115736950189,40.339768884150686,-1.8836718002274582,96.58425921474102,-0.7654115736950189,,-2.272260209399829,6.220017636684303,1.7385538995055887,,,,,,,,365.8999999999999,3.51826923076923,365.8999999999999,3.51826923076923,,,,,,,,,,,,,,,,,,,"A.J. Ellis","5677",454560
"Mike Zunino","SEA",126,491,446,97,59,19,2,17,62,58,28,2,144,12,5,0,,1,2,0.21748878923766815,0.05702647657841141,0.29327902240325865,0.19444444444444445,0.2790224032586558,0.3834080717488789,0.29269623719841426,0.6624304750075347,0.16591928251121077,3.6423643030132804,0.27586206896551724,,-0.9198505009990185,46.25104459056331,-6.501396569817532,89.34594179974405,-0.9198505009990185,,-6.669878510919604,7.020429159318047,1.7327025735629003,,,,,,,,439.7999999999999,3.4904761904761896,439.7999999999999,3.4904761904761896,,,,,,,,,,,,,,,,,,,"Mike Zunino","13265",572287
"J.T. Realmuto","MIA",117,475,438,107,75,22,4,6,54,49,30,1,92,3,4,0,,10,4,0.24429223744292236,0.06315789473684211,0.1936842105263158,0.32608695652173914,0.29473684210526313,0.3538812785388128,0.28816780875503767,0.648618120644076,0.10958904109589043,5.635488963910774,0.2936046511627907,,0.08832305832765996,43.0941274969367,-7.939293177566147,82.35798147551007,0.08832305832765996,,-9.318306833506217,10.726484420928864,1.7323925365085127,,,,,,,,410.99999999999994,3.5128205128205123,410.99999999999994,3.5128205128205123,,,,,,,,,,,,,,,,,,,"J.T. Realmuto","11739",592663
"Peter Bourjos","STL",111,311,279,70,48,11,5,6,40,29,19,0,75,6,2,5,,9,2,0.25089605734767023,0.06109324758842444,0.24115755627009647,0.25333333333333335,0.3104575163398693,0.3906810035842294,0.3114970651716968,0.7011385199240987,0.13978494623655918,7.490073583873055,0.32,,0.7706389122176915,33.77998471631248,0.36652402205903256,98.3600123603951,0.7706389122176915,,0.19811564985241914,6.142710170487948,1.7286446684267243,,,,,,,,316.3,2.8495495495495495,316.3,2.8495495495495495,,,,,,,,,,,,,,,,,,,"Peter Bourjos","2578",488721
"Matt Joyce","LAA",134,473,411,100,62,22,2,14,56,59,52,3,104,4,6,0,,5,4,0.24330900243309003,0.10993657505285412,0.21987315010570824,0.5,0.3298097251585624,0.40875912408759124,0.32622437895612516,0.7385688492461536,0.1654501216545012,3.8171068801484687,0.28762541806020064,,-0.9418400863651186,56.718716177389176,5.900173063621078,113.52222738360835,-0.9418400863651186,,6.0886043226329285,-5.2138447971781305,1.7280911189819612,,,,,,,,522.0999999999999,3.8962686567164173,522.0999999999999,3.8962686567164173,,,,,,,,,,,,,,,,,,,"Matt Joyce","3353",459964
"Josh Phegley","OAK",119,484,452,103,66,24,2,11,56,64,20,1,87,6,5,1,,2,1,0.22787610619469026,0.04132231404958678,0.1797520661157025,0.22988505747126436,0.2670807453416149,0.36283185840707965,0.27761907016093307,0.6299126037486946,0.1349557522123894,3.8591012334962573,0.2562674094707521,,-0.3201668730471283,39.994814836636344,-12.005554861172875,78.84860348378415,-0.3201668730471283,,-11.572894626313662,11.89182833627278,1.7050802697962175,,,,,,,,388.19999999999993,3.2621848739495793,388.19999999999993,3.2621848739495793,,,,,,,,,,,,,,,,,,,"Josh Phegley","9308",572033
"Cody Asche","PHI",142,556,511,131,86,28,3,14,64,67,38,3,128,3,2,2,,5,3,0.2563600782778865,0.0683453237410072,0.2302158273381295,0.296875,0.3104693140794224,0.4050880626223092,0.31520600327562726,0.7155573767017316,0.1487279843444227,4.233500592219323,0.31536388140161725,,-0.5987123297527432,61.9728485017927,2.2368866175325177,100.40665172210083,-0.5987123297527432,,-0.3449135201139786,-0.9570840681951793,1.7041968962601046,,,,,,,,576.5999999999999,4.06056338028169,576.5999999999999,4.06056338028169,,,,,,,,,,,,,,,,,,,"Cody Asche","11997",605125
"Andrew Susac","SFG",101,393,349,80,57,15,1,7,46,37,38,0,115,4,1,1,,1,1,0.22922636103151864,0.09669211195928754,0.2926208651399491,0.33043478260869563,0.3112244897959184,0.33810888252148996,0.2952136465785455,0.6493333723174084,0.10888252148997132,3.0904720449777745,0.3201754385964912,,-0.550330005818978,37.778470556125555,-4.444970128252597,90.84073838934987,-0.550330005818978,,-4.590923753926025,8.220017636684304,1.7036002314985828,,,,,,,,339.09999999999997,3.3574257425742573,339.09999999999997,3.3574257425742573,,,,,,,,,,,,,,,,,,,"Andrew Susac","13132",572180
"Norichika Aoki","SFG",140,585,522,144,114,22,5,3,69,42,45,1,45,9,2,7,,17,8,0.27586206896551724,0.07692307692307693,0.07692307692307693,1,0.34256055363321797,0.3544061302681992,0.31414633493489574,0.6969666839014172,0.07854406130268199,5.639306109845892,0.296218487394958,,-0.2461455047596246,64.72979610769103,1.8781095927769955,103.77668991685836,-0.2461455047596246,,2.2338983943408994,-4.448412698412699,1.7004413684709472,,,,,,,,576.8,4.12,576.8,4.12,,,,,,,,,,,,,,,,,,,"Norichika Aoki","13075",493114
"Matt Adams","STL",132,501,470,132,85,28,2,17,54,64,25,3,111,2,4,0,,2,1,0.28085106382978725,0.0499001996007984,0.2215568862275449,0.22522522522522523,0.31736526946107785,0.4574468085106383,0.3370961177061839,0.7748120779717161,0.17659574468085104,3.1632242491243634,0.33236994219653176,,-0.38803391507826746,64.25375828810739,10.426929324052805,115.85082489073493,-0.38803391507826746,,8.526153642104516,-8.204144620811286,1.6996235437194969,,,,,,,,603.5999999999999,4.572727272727272,603.5999999999999,4.572727272727272,,,,,,,,,,,,,,,,,,,"Matt Adams","9393",571431
"James McCann","DET",111,437,409,100,71,23,0,6,39,40,16,0,93,6,5,1,,6,2,0.24449877750611246,0.036613272311212815,0.2128146453089245,0.17204301075268819,0.2798165137614679,0.34474327628361856,0.27746104879663624,0.6245597900450864,0.1002444987775061,3.45744051851137,0.2984126984126984,,0.09523107879795134,36.058057476123665,-10.892689544418959,74.1624096090565,0.09523107879795134,,-12.315771024152768,14.028365667254556,1.6957697547583117,,,,,,,,345.9,3.116216216216216,345.9,3.116216216216216,,,,,,,,,,,,,,,,,,,"James McCann","12859",543510
"Josh Hamilton","LAA",117,499,449,114,71,23,2,18,57,69,39,7,130,4,7,0,,4,2,0.25389755011135856,0.0781563126252505,0.2605210420841683,0.3,0.31462925851703405,0.43429844097995546,0.3240913427699872,0.7489276994969896,0.1804008908685969,3.7617361477295823,0.3116883116883117,,-0.3575544042978436,59.020095676161844,5.40814427284201,112.0338841865777,-0.3575544042978436,,6.242990294216698,-6.500440917107584,1.6936168457135243,,,,,,,,567.6999999999999,4.852136752136752,567.6999999999999,4.852136752136752,,,,,,,,,,,,,,,,,,,"Josh Hamilton","1875",285078
"Justin Turner","LAD",111,319,290,84,60,18,1,5,36,37,21,1,50,5,2,1,,4,1,0.2896551724137931,0.06583072100313479,0.15673981191222572,0.42,0.34591194968553457,0.4103448275862069,0.3352938004848709,0.7562567772717415,0.12068965517241376,4.157357704483482,0.3333333333333333,,0.1024554802570492,40.47111263896627,6.1981417017738325,118.1634525195392,0.1024554802570492,,6.606466366465295,-0.8278953556731334,1.6935475796982289,,,,,,,,368.09999999999997,3.316216216216216,368.09999999999997,3.316216216216216,,,,,,,,,,,,,,,,,,,"Justin Turner","5235",457759
"Alejandro De Aza","BAL",145,593,538,141,97,27,6,11,71,52,41,2,118,6,3,5,,19,11,0.2620817843866171,0.06913996627318718,0.19898819561551434,0.3474576271186441,0.3197278911564626,0.395910780669145,0.3167649413945325,0.7156386718256076,0.13382899628252787,5.957978877402466,0.3155339805825243,,-0.8830695510841906,66.80596640843089,3.0947696505778524,100.24486574804206,-0.8830695510841906,,-0.7234610067947713,-2.5365961199294524,1.6886236661405682,,,,,,,,613.8,4.233103448275862,613.8,4.233103448275862,,,,,,,,,,,,,,,,,,,"Alejandro De Aza","3371",457477
"Jarrod Saltalamacchia","MIA",115,437,389,92,55,22,1,14,49,50,43,3,133,1,4,0,,1,1,0.2365038560411311,0.09839816933638444,0.30434782608695654,0.3233082706766917,0.3112128146453089,0.40616966580976865,0.3158512030329023,0.7173824804550776,0.16966580976863754,2.686539707308179,0.3170731707317073,,-0.5390188321471214,48.92512442715786,1.97437740661524,101.27294166262206,-0.5390188321471214,,0.08540879734180606,2.0283656672545565,1.6835537181983165,,,,,,,,458.3999999999999,3.9860869565217385,458.3999999999999,3.9860869565217385,,,,,,,,,,,,,,,,,,,"Jarrod Saltalamacchia","5557",457454
"Steve Pearce","BAL",84,297,260,68,39,16,0,13,35,40,30,2,61,4,2,1,,3,1,0.26153846153846155,0.10101010101010101,0.2053872053872054,0.4918032786885246,0.34459459459459457,0.47307692307692306,0.3579671421424061,0.8176715176715177,0.2115384615384615,2.856564763622369,0.2925531914893617,,-0.0447590455878526,42.844762650391075,10.935444881280867,128.99403352321178,-0.0447590455878526,,9.42063044181837,-3.4563492063492056,1.6790442032937904,,,,,,,,394.29999999999995,4.694047619047619,394.29999999999995,4.694047619047619,,,,,,,,,,,,,,,,,,,"Steve Pearce","9957",456665
"Joey Gallo","TEX",125,531,473,99,49,17,2,31,74,78,50,3,224,4,3,1,,8,3,0.20930232558139536,0.09416195856873823,0.4218455743879473,0.22321428571428573,0.28867924528301886,0.4503171247357294,0.3230441026036156,0.7389963700187483,0.24101479915433402,5.191302948353184,0.3076923076923077,,0.09177706856280565,62.37845146848723,5.32845909341141,102.64078787384759,0.09177706856280565,,1.6331276884944677,-3.048941798941799,1.6769775380923673,,,,,,,,602.3000000000001,4.8184000000000005,602.3000000000001,4.8184000000000005,,,,,,,,,,,,,,,,,,,"Joey Gallo","14128",608336
"Ángel Pagán","SFG",111,472,436,121,88,23,5,5,66,39,31,2,58,1,3,1,,16,7,0.2775229357798165,0.06567796610169492,0.1228813559322034,0.5344827586206896,0.3248407643312102,0.3876146788990826,0.31453980997935543,0.7124554432302928,0.11009174311926606,6.5089551706560025,0.30851063829787234,,0.11566493986174464,52.36887558440659,1.6577712510058653,104.04553573561432,0.11566493986174464,,2.2590994260551405,-1.2657260435038211,1.6769274755126555,,,,,,,,490.59999999999985,4.419819819819819,490.59999999999985,4.419819819819819,,,,,,,,,,,,,,,,,,,"Angel Pagan","2918",434636
"Hernán Pérez","DET",143,572,539,141,107,24,4,6,56,45,22,0,79,2,3,6,,20,6,0.26159554730983303,0.038461538461538464,0.1381118881118881,0.27848101265822783,0.2915194346289753,0.35435992578849723,0.2864615654987497,0.6458793604174725,0.0927643784786642,5.717081645697274,0.29540481400437635,,1.2437111434992403,51.14586155666527,-10.3091208134729,80.44259270693702,1.2437111434992403,,-11.05276615390997,8.305114638447971,1.6723656904856827,,,,,,,,492.59999999999997,3.4447552447552443,492.59999999999997,3.4447552447552443,,,,,,,,,,,,,,,,,,,"Hernan Perez","5751",541650
"Jarrod Dyson","KCR",118,343,308,77,63,8,5,1,43,23,26,1,60,1,2,6,,35,6,0.25,0.07580174927113703,0.1749271137026239,0.43333333333333335,0.3086053412462908,0.3181818181818182,0.28182314424997285,0.6267871594281089,0.06818181818181818,8.701857813089967,0.30522088353413657,,4.402067619608715,29.449401303661965,-7.402100362347461,75.54197205413638,4.402067619608715,,-4.8191646237373575,9.260288065843621,1.670699812059299,,,,,,,,314.99999999999994,2.6694915254237284,314.99999999999994,2.6694915254237284,,,,,,,,,,,,,,,,,,,"Jarrod Dyson","4866",502481
"Jonathan Schoop","BAL",128,468,441,105,67,19,0,19,55,53,16,0,105,7,1,3,,2,1,0.23809523809523808,0.03418803418803419,0.22435897435897437,0.1523809523809524,0.2752688172043011,0.41043083900226757,0.30270448782110726,0.6856996562065687,0.17233560090702948,2.8248844416912284,0.27044025157232704,,-0.31639648182317615,47.67687889790382,-2.6044703140274086,90.43407090116125,-0.31639648182317615,,-5.237317719531844,5.71957671957672,1.667785328932813,,,,,,,,450.7,3.52109375,450.7,3.52109375,,,,,,,,,,,,,,,,,,,"Jonathan Schoop","11265",570731
"Prince Fielder","TEX",138,592,508,133,86,26,0,21,62,72,70,16,102,10,4,0,,1,1,0.2618110236220472,0.11824324324324324,0.17229729729729729,0.6862745098039216,0.3597972972972973,0.43700787401574803,0.346023200907641,0.7968051713130453,0.1751968503937008,1.4104055802342428,0.2879177377892031,,-0.7426199582405388,79.97790814648575,16.374150169000096,118.67463899037169,-0.7426199582405388,,11.409367844846166,-14.875955320399763,1.6625190861213077,,,,,,,,748.6999999999999,5.4253623188405795,748.6999999999999,5.4253623188405795,,,,,,,,,,,,,,,,,,,"Prince Fielder","4613",425902
"Christian Vázquez","BOS",115,460,415,102,76,22,0,4,44,38,35,1,90,2,4,4,,2,3,0.2457831325301205,0.07608695652173914,0.1956521739130435,0.3888888888888889,0.3048245614035088,0.327710843373494,0.284392726290357,0.6325354047770028,0.0819277108433735,2.0866477320038603,0.30153846153846153,,-1.1534676440060139,40.40138815129835,-9.020450817693888,74.89314030261856,-1.1534676440060139,,-13.8482023834185,14.450911228689007,1.653392361224744,,,,,,,,364,3.1652173913043478,364,3.1652173913043478,,,,,,,,,,,,,,,,,,,"Christian Vazquez","9774",543877
"John Jaso","TBR",92,316,273,69,46,14,2,7,36,33,35,1,55,5,2,1,,2,1,0.25274725274725274,0.11075949367088607,0.17405063291139242,0.6363636363636364,0.346031746031746,0.3956043956043956,0.33195390917692974,0.7416361416361417,0.14285714285714285,3.857847542788031,0.29107981220657275,,-0.2975445257034153,39.28104229520922,5.330387699118902,115.89615729624573,-0.2975445257034153,,5.223899037511175,-0.19459141681363867,1.642050178528652,,,,,,,,352.2,3.8282608695652174,352.2,3.8282608695652174,,,,,,,,,,,,,,,,,,,"John Jaso","5887",444379
"Francisco Lindor","CLE",124,552,508,124,92,17,4,11,61,49,36,1,113,1,3,4,,19,11,0.2440944881889764,0.06521739130434782,0.20471014492753623,0.3185840707964602,0.2937956204379562,0.35826771653543305,0.29013346862967315,0.6520633369733893,0.11417322834645666,5.437055825724791,0.29198966408268734,,-0.8302840739488602,50.9121085535256,-8.394098209265076,82.42046296709998,-0.8302840739488602,,-11.496734382632576,9.084656084656086,1.6401618806703233,,,,,,,,478.2,3.856451612903226,478.2,3.856451612903226,,,,,,,,,,,,,,,,,,,"Francisco Lindor","12916",596019
"Carlos Correa","HOU",95,431,392,97,69,19,3,6,51,45,32,0,93,5,2,0,,12,8,0.24744897959183673,0.07424593967517401,0.21577726218097448,0.34408602150537637,0.3109048723897912,0.35714285714285715,0.2999352241613472,0.6680477295326483,0.10969387755102042,5.328645386654156,0.30847457627118646,,-1.0161516549997032,42.99213416784351,-3.3139801704948684,92.90434076026945,-1.0161516549997032,,-4.377731446611687,5.750881834215168,1.6378330041119962,,,,,,,,391.2,4.117894736842105,391.2,4.117894736842105,,,,,,,,,,,,,,,,,,,"Carlos Correa","14162",621043
"Corey Seager","LAD",119,519,480,116,71,26,3,16,61,69,32,1,144,3,3,1,,6,3,0.24166666666666667,0.06165703275529865,0.2774566473988439,0.2222222222222222,0.2915057915057915,0.4083333333333333,0.3080339151609336,0.6998391248391248,0.16666666666666666,4.665925136687541,0.30959752321981426,,-0.3270748935174197,54.993853826349586,-0.7668731843177332,99.53785912473658,-0.3270748935174197,,-0.5963113796487551,-0.2791005291005293,1.6280757710637594,,,,,,,,520.4999999999999,4.3739495798319314,520.4999999999999,4.3739495798319314,,,,,,,,,,,,,,,,,,,"Corey Seager","13624",608369
"Wilmer Difo","WSN",117,507,477,123,91,18,5,9,57,51,21,0,73,4,4,1,,25,8,0.2578616352201258,0.04142011834319527,0.14398422090729784,0.2876712328767123,0.2924901185770751,0.3731656184486373,0.29441188729327655,0.6656557370257123,0.11530398322851154,6.573668774480946,0.2857142857142857,,1.5461444715037942,48.42534381238036,-6.046117833878466,84.68267975500943,1.5461444715037942,,-7.1711742561940035,6.588624338624338,1.6203357672004983,,,,,,,,477.2,4.078632478632478,477.2,4.078632478632478,,,,,,,,,,,,,,,,,,,"Wilmer Difo","14320",594694
"Kevan Smith","CHW",108,459,419,97,65,20,1,11,48,47,28,1,100,8,3,1,,1,2,0.2315035799522673,0.06100217864923747,0.2178649237472767,0.28,0.2903930131004367,0.3627684964200477,0.2912798663458626,0.6531615095204844,0.1312649164677804,2.5449562791683062,0.2765273311897106,,-0.9311616746708751,42.73810191423083,-6.576298274394029,83.70897361212637,-0.9311616746708751,,-9.150456066537553,9.432539682539682,1.6147729057493234,,,,,,,,395.5999999999999,3.662962962962962,395.5999999999999,3.662962962962962,,,,,,,,,,,,,,,,,,,"Kevan Smith","12284",607345
"Tucker Barnhart","CIN",105,392,354,85,64,14,3,4,37,31,30,1,72,1,3,4,,1,1,0.2401129943502825,0.07653061224489796,0.1836734693877551,0.4166666666666667,0.29896907216494845,0.3305084745762712,0.2821041173097083,0.6294775467412197,0.0903954802259887,3.5055758044893164,0.28825622775800713,,-0.5314780496992171,33.74093379113776,-8.37506811287301,75.40499293939435,-0.5314780496992171,,-11.35391818186315,14.201646090534979,1.6145715506408136,,,,,,,,309.3999999999999,2.946666666666666,309.3999999999999,2.946666666666666,,,,,,,,,,,,,,,,,,,"Tucker Barnhart","10200",571466
"Dixon Machado","DET",106,432,390,96,70,20,2,4,43,31,33,0,71,2,2,5,,6,4,0.24615384615384617,0.0763888888888889,0.16435185185185186,0.4647887323943662,0.30679156908665106,0.3384615384615385,0.29054868067734696,0.6452531075481895,0.09230769230769231,4.150581944678516,0.2902208201892745,,-0.7041361711453646,39.98183147268889,-6.431721646016858,83.29441027622062,-0.7041361711453646,,-8.636798378456778,9.761904761904761,1.6140760882316942,,,,,,,,359.7999999999999,3.3943396226415086,359.7999999999999,3.3943396226415086,,,,,,,,,,,,,,,,,,,"Dixon Machado","11472",553988
"Ryan Brett","TBR",105,457,430,109,80,18,4,7,50,36,18,1,89,4,2,3,,20,7,0.2534883720930233,0.03938730853391685,0.19474835886214442,0.20224719101123595,0.28854625550660795,0.3627906976744186,0.28808565473977565,0.6513369531810266,0.10930232558139535,6.4355044959110455,0.30357142857142855,,0.9797616025898606,41.432291466353476,-7.667231161536636,85.28672906363694,0.9797616025898606,,-6.4111640846058595,6.679159318048207,1.6063263476321834,,,,,,,,405.59999999999997,3.8628571428571425,405.59999999999997,3.8628571428571425,,,,,,,,,,,,,,,,,,,"Ryan Brett","12138",592166
"Jake Marisnick","HOU",137,562,518,124,87,22,4,11,59,51,24,2,150,11,4,5,,21,7,0.23938223938223938,0.042704626334519574,0.2669039145907473,0.16,0.28545780969479356,0.361003861003861,0.28633597562978935,0.6464616706986546,0.12162162162162163,6.303587105279067,0.31301939058171746,,1.1081241723150015,50.19756925363155,-10.183025312832878,83.41535544993586,1.1081241723150015,,-9.136968395895646,6.064961787184009,1.6022815903776646,,,,,,,,491.69999999999993,3.5890510948905106,491.69999999999993,3.5890510948905106,,,,,,,,,,,,,,,,,,,"Jake Marisnick","11339",545350
"Joe Panik","SFG",149,642,588,155,121,25,5,4,75,55,43,1,76,4,4,3,,5,3,0.26360544217687076,0.06697819314641744,0.11838006230529595,0.5657894736842105,0.3161189358372457,0.3435374149659864,0.29545049803757745,0.659656350803232,0.07993197278911562,4.351264585509768,0.294921875,,-0.7608391523826867,61.831072467085875,-7.144624528768503,91.0025695532917,-0.7608391523826867,,-7.244879365493574,2.3589065255731922,1.59676540550947,,,,,,,,560.7,3.763087248322148,560.7,3.763087248322148,,,,,,,,,,,,,,,,,,,"Joe Panik","11936",605412
"Tyler Flowers","CHW",99,338,308,71,44,13,1,13,35,36,22,0,113,6,1,1,,1,1,0.2305194805194805,0.0650887573964497,0.3343195266272189,0.19469026548672566,0.29376854599406527,0.40584415584415584,0.3109618184828263,0.6996127018382211,0.17532467532467533,2.7284957346546936,0.31693989071038253,,-0.44852944277226925,36.57389709918438,0.25958933501182146,97.44221440649416,-0.44852944277226925,,-1.3988152443742936,5.209582598471487,1.5843040455709836,,,,,,,,338.2999999999999,3.417171717171716,338.2999999999999,3.417171717171716,,,,,,,,,,,,,,,,,,,"Tyler Flowers","9134",452095
"Chris Iannetta","LAA",101,350,291,66,44,14,0,8,34,37,50,2,89,5,4,0,,2,1,0.2268041237113402,0.14285714285714285,0.2542857142857143,0.5617977528089888,0.3457142857142857,0.35738831615120276,0.3188743243614833,0.7031026018654885,0.13058419243986255,2.1647148826326985,0.29292929292929293,,-0.34278922039084136,39.99640723653919,2.3928341079581448,108.39366752849133,-0.34278922039084136,,2.886397891546032,0.4300411522633736,1.5714893678239243,,,,,,,,360.4,3.568316831683168,360.4,3.568316831683168,,,,,,,,,,,,,,,,,,,"Chris Iannetta","8267",455104
"Casey McGehee","SFG",136,543,488,126,93,25,1,7,49,61,48,2,102,1,6,0,,2,2,0.2581967213114754,0.08839779005524862,0.1878453038674033,0.47058823529411764,0.32228360957642727,0.35655737704918034,0.30313119892712664,0.6788409866256075,0.09836065573770492,2.32947707007927,0.3090909090909091,,-0.8819773206487298,55.49511443429794,-2.844143305186373,96.25048641192285,-0.8819773206487298,,-3.1674021158630072,0.9951499118165781,1.5655546269680518,,,,,,,,506.79999999999984,3.726470588235293,506.79999999999984,3.726470588235293,,,,,,,,,,,,,,,,,,,"Casey McGehee","6086",431171
"Mark Teixeira","NYY",90,377,326,77,47,13,0,17,47,65,41,2,73,5,5,0,,1,1,0.2361963190184049,0.10875331564986737,0.19363395225464192,0.5616438356164384,0.32625994694960214,0.4325153374233129,0.33432886584599814,0.758775284372915,0.19631901840490798,2.024342116527011,0.24896265560165975,,-0.5201668760273606,47.55048820401789,7.046068005517737,114.12695138880909,-0.5201668760273606,,5.333974471336843,-2.9260728982951196,1.5649999877710297,,,,,,,,439.79999999999995,4.886666666666666,439.79999999999995,4.886666666666666,,,,,,,,,,,,,,,,,,,"Mark Teixeira","1281",407893
"Nick Markakis","ATL",143,642,579,160,120,27,2,11,74,51,54,4,70,4,5,0,,4,2,0.2763385146804836,0.08411214953271028,0.10903426791277258,0.7714285714285715,0.3395638629283489,0.38687392055267705,0.3224604225083952,0.726437783481026,0.11053540587219346,3.40020269756693,0.2962226640159046,,-0.6101706163026392,75.13061383391397,6.1549168380596,104.76013365185973,-0.6101706163026392,,2.820241899943378,-8.076719576719578,1.5561253533764168,,,,,,,,686.1,4.797902097902098,686.1,4.797902097902098,,,,,,,,,,,,,,,,,,,"Nick Markakis","5930",455976
"René Rivera","TBR",99,332,304,68,46,14,1,7,31,36,20,2,80,3,3,2,,0,1,0.2236842105263158,0.060240963855421686,0.24096385542168675,0.25,0.27575757575757576,0.34539473684210525,0.2747687822798403,0.621152312599681,0.12171052631578946,2.4164643196351827,0.2772727272727273,,-0.6296774896327406,26.708679629576842,-8.960995452391465,75.99477393400768,-0.6296774896327406,,-9.389943363290762,13.099353321575546,1.5524826419520945,,,,,,,,255.09999999999997,2.5767676767676764,255.09999999999997,2.5767676767676764,,,,,,,,,,,,,,,,,,,"Rene Rivera","3648",425784
"Dalton Pompey","TOR",132,561,515,123,89,20,6,8,59,47,41,0,137,3,1,1,,28,7,0.23883495145631067,0.07308377896613191,0.24420677361853832,0.29927007299270075,0.2982142857142857,0.34757281553398056,0.28985782851065905,0.6457871012482663,0.10873786407766989,6.978818205416327,0.30997304582210244,,2.459109107265249,51.62359758913057,-8.649558196966481,82.09479138442147,2.459109107265249,,-8.58207495599514,5.061287477954144,1.5496049583821714,,,,,,,,506.79999999999995,3.839393939393939,506.79999999999995,3.839393939393939,,,,,,,,,,,,,,,,,,,"Dalton Pompey","12797",592647
"Conor Gillaspie","CHW",137,522,475,124,85,23,4,12,57,57,40,3,87,2,4,1,,1,3,0.26105263157894737,0.07662835249042145,0.16666666666666666,0.45977011494252873,0.31861804222648754,0.40210526315789474,0.31736402368913746,0.7207233053843822,0.14105263157894737,3.3642055123683607,0.29473684210526313,,-1.3987123416736722,59.047123190220404,2.9640798384509615,101.90940470862392,-1.3987123416736722,,-0.303137891721017,-2.0820105820105823,1.5395973606839966,,,,,,,,541.2,3.95036496350365,541.2,3.95036496350365,,,,,,,,,,,,,,,,,,,"Conor Gillaspie","9009",543216
"Jett Bandy","LAA",97,377,343,78,53,17,0,8,36,37,17,1,72,13,3,1,,1,3,0.22740524781341107,0.04509283819628647,0.1909814323607427,0.2361111111111111,0.2872340425531915,0.3469387755102041,0.2841456530888875,0.6341728180633956,0.11953352769679301,2.240228973826701,0.2631578947368421,,-1.2403559102676809,33.04013183576813,-7.464288362732024,84.16145713919312,-1.2403559102676809,,-7.803772608714045,9.92607289829512,1.5336728635488313,,,,,,,,301.79999999999995,3.1113402061855666,301.79999999999995,3.1113402061855666,,,,,,,,,,,,,,,,,,,"Jett Bandy","12508",542908
"Alex Rios","KCR",140,571,540,152,104,32,6,10,68,64,25,3,89,2,4,0,,21,7,0.2814814814814815,0.043782837127845885,0.15586690017513136,0.2808988764044944,0.3134851138353765,0.4185185185185185,0.31960331386243795,0.732003632353895,0.137037037037037,6.400675812308396,0.31910112359550563,,1.077961042523384,65.57053500655603,4.222991416785233,101.90339001356863,1.077961042523384,,2.2726017186374596,-6.2940917107583765,1.5291898778069055,,,,,,,,633.4999999999999,4.5249999999999995,633.4999999999999,4.5249999999999995,,,,,,,,,,,,,,,,,,,"Alex Rios","2090",425567
"Albert Almora Jr.","CHC",134,576,552,144,102,28,5,9,67,59,17,1,98,3,3,1,,6,6,0.2608695652173913,0.029513888888888888,0.1701388888888889,0.17346938775510204,0.2852173913043478,0.3786231884057971,0.29170126107096256,0.663840579710145,0.11775362318840582,4.765783558615281,0.3013392857142857,,-1.5185849859844893,53.81828938188114,-8.066448109726526,83.75413133028924,-1.5185849859844893,,-12.022654689186357,8.116402116402117,1.4849797871678043,,,,,,,,503.3,3.7559701492537316,503.3,3.7559701492537316,,,,,,,,,,,,,,,,,,,"Albert Almora Jr.","14109",546991
"David Freese","LAA",133,509,457,114,80,22,1,11,49,58,42,1,119,7,3,0,,1,2,0.24945295404814005,0.0825147347740668,0.2337917485265226,0.35294117647058826,0.32023575638506874,0.3741794310722101,0.3109895056626928,0.6944151874572788,0.12472647702407003,2.0729757203641697,0.31212121212121213,,-1.036732628941536,55.088067973638445,0.4017287666448642,102.8919717080315,-1.036732628941536,,0.5812923634895375,-3.1297766019988242,1.4768233590710134,,,,,,,,497.5999999999999,3.741353383458646,497.5999999999999,3.741353383458646,,,,,,,,,,,,,,,,,,,"David Freese","9549",501896
"J.P. Crawford","PHI",124,537,487,121,88,21,1,11,66,51,45,0,103,1,2,2,,17,16,0.24845995893223818,0.08379888268156424,0.19180633147113593,0.4368932038834951,0.3121495327102804,0.36344969199178645,0.30328538417816164,0.6755992247020668,0.11498973305954827,4.378415686296602,0.29333333333333333,,-3.1382128153927624,54.94541191693459,-2.7492131403454754,92.26176770350422,-3.1382128153927624,,-7.802746374513319,4.919312169312168,1.4676144984668054,,,,,,,,486.09999999999985,3.9201612903225795,486.09999999999985,3.9201612903225795,,,,,,,,,,,,,,,,,,,"J.P. Crawford","15491",641487
"Jake Lamb","ARI",110,464,422,103,61,26,3,13,54,54,33,1,129,4,5,0,,3,1,0.24407582938388625,0.07112068965517242,0.27801724137931033,0.2558139534883721,0.3017241379310345,0.41232227488151657,0.3139176851472381,0.714046412812551,0.16824644549763032,4.520841831773953,0.3157894736842105,,-0.14278921741060913,51.25986947748622,1.4082753870244937,93.74701261022018,-0.14278921741060913,,-3.3996388427838813,2.70487948265726,1.4651833402016539,,,,,,,,483.3999999999999,4.394545454545454,483.3999999999999,4.394545454545454,,,,,,,,,,,,,,,,,,,"Jake Lamb","13329",571875
"Yunel Escobar","WSN",139,552,497,133,102,22,1,8,50,48,43,2,58,4,3,5,,3,2,0.2676056338028169,0.07789855072463768,0.10507246376811594,0.7413793103448276,0.3290676416819013,0.3641851106639839,0.3101355389717522,0.6932527523458851,0.09657947686116702,2.618180153829131,0.2880184331797235,,-0.7083700562361628,59.38033172291529,0.07412496012460827,95.42602439364687,-0.7083700562361628,,-3.5425348266604133,0.08465608465608465,1.4544340724237008,,,,,,,,533.6,3.8388489208633096,533.6,3.8388489208633096,,,,,,,,,,,,,,,,,,,"Yunel Escobar","4191",488862
"Caleb Joseph","BAL",114,441,408,96,65,18,1,12,41,48,23,0,96,3,4,3,,2,1,0.23529411764705882,0.05215419501133787,0.21768707482993196,0.23958333333333334,0.2785388127853881,0.37254901960784315,0.2883954030465862,0.6510878323932312,0.13725490196078433,2.809682179641526,0.27631578947368424,,-0.3201668730471283,40.08647526869792,-7.294026873314204,80.4497916290628,-0.3201668730471283,,-9.797003270599442,9.101851851851851,1.44547059485333,,,,,,,,379.2999999999999,3.3271929824561393,379.2999999999999,3.3271929824561393,,,,,,,,,,,,,,,,,,,"Caleb Joseph","7087",543376
"Danny Santana","MIN",134,589,554,150,110,27,7,6,71,49,24,0,128,4,2,5,,21,8,0.27075812274368233,0.04074702886247878,0.21731748726655348,0.1875,0.3047945205479452,0.37725631768953066,0.30203200121448465,0.6820508382374759,0.10649819494584833,6.792202049063694,0.3412322274881517,,0.6631958526559174,59.699800706773345,-3.5816409296101868,90.41060866866832,0.6631958526559174,,-5.545204859387779,0.16416813639035865,1.4421745287648344,,,,,,,,562.1,4.194776119402985,562.1,4.194776119402985,,,,,,,,,,,,,,,,,,,"Danny Santana","10322",542454
"Yolmer Sánchez","CHW",135,582,533,135,105,20,4,6,57,44,31,0,104,4,5,9,,15,6,0.25328330206378985,0.05326460481099656,0.17869415807560138,0.2980769230769231,0.29668411867364747,0.3395872420262664,0.2842449444958885,0.6362713606999139,0.08630393996247654,5.242971880412784,0.3014018691588785,,0.20977760758250952,51.05057261248757,-11.478797561324342,78.80030017044011,0.20977760758250952,,-13.352296076550289,8.138447971781305,1.4363588719933231,,,,,,,,476.90000000000003,3.532592592592593,476.90000000000003,3.532592592592593,,,,,,,,,,,,,,,,,,,"Yolmer Sanchez","11602",570560
"Tommy La Stella","CHC",114,459,408,109,80,22,3,4,45,46,40,1,50,5,4,2,,5,2,0.26715686274509803,0.08714596949891068,0.10893246187363835,0.8,0.33698030634573306,0.36519607843137253,0.3146533401388871,0.7021763847771056,0.0980392156862745,4.207069382717345,0.29329608938547486,,-0.2216510521247983,50.9664795454983,1.652079356873442,99.43637236705298,-0.2216510521247983,,-0.5120514025520193,-0.3134920634920637,1.4342280421436433,,,,,,,,459.8,4.033333333333333,459.8,4.033333333333333,,,,,,,,,,,,,,,,,,,"Tommy La Stella","12371",600303
"Garin Cecchini","BOS",130,541,488,125,88,28,3,6,59,47,45,1,123,6,2,0,,16,5,0.25614754098360654,0.08317929759704251,0.22735674676524953,0.36585365853658536,0.32532347504621073,0.36270491803278687,0.30879573424657186,0.6880283930789977,0.10655737704918034,5.488319658095946,0.3296398891966759,,0.794379670638591,57.641101945660914,-0.48327823308864704,91.92053585959567,0.794379670638591,,-4.0101759573408415,-0.012198706643151036,1.4255744325439337,,,,,,,,536.1,4.123846153846154,536.1,4.123846153846154,,,,,,,,,,,,,,,,,,,"Garin Cecchini","11608",594555
"Rubén Tejada","NYM",129,507,453,113,88,21,1,3,48,39,39,5,77,7,3,5,,3,2,0.24944812362030905,0.07692307692307693,0.15187376725838264,0.5064935064935064,0.31673306772908366,0.3200883002207506,0.2855605060905518,0.6368213679498342,0.07064017660044153,3.0067245942482925,0.2925531914893617,,-0.6405030142050236,44.98345155721819,-9.488010089040637,83.57523271641392,-0.6405030142050236,,-9.988086609064505,7.588624338624338,1.4210417084009905,,,,,,,,412.69999999999993,3.19922480620155,412.69999999999993,3.19922480620155,,,,,,,,,,,,,,,,,,,"Ruben Tejada","5519",514913
"Jung Ho Kang","PIT",118,502,452,104,62,26,2,14,57,57,38,2,153,8,3,1,,5,3,0.23008849557522124,0.07569721115537849,0.3047808764940239,0.24836601307189543,0.2994011976047904,0.3893805309734513,0.30537422362692607,0.6887817285782417,0.1592920353982301,4.194648857247664,0.3125,,-0.5308452877216041,52.16848236464598,-1.765785379775979,95.97895094989029,-0.5308452877216041,,-2.796716706802316,0.5335097001763662,1.4193775094810364,,,,,,,,487.9,4.134745762711864,487.9,4.134745762711864,,,,,,,,,,,,,,,,,,,"Jung Ho Kang","17182",628356
"Matt Duffy","SFG",126,494,448,111,84,20,3,4,54,48,36,1,92,4,4,2,,15,5,0.24776785714285715,0.0728744939271255,0.1862348178137652,0.391304347826087,0.30691056910569103,0.3325892857142857,0.2871750895457452,0.6394998548199767,0.08482142857142855,5.658821716807946,0.300561797752809,,0.6509355360176414,44.44176808126869,-8.632989420214274,85.34831268782295,0.6509355360176414,,-7.473753803301209,5.4453262786596115,1.4185543805480743,,,,,,,,420.7999999999999,3.339682539682539,420.7999999999999,3.339682539682539,,,,,,,,,,,,,,,,,,,"Matt Duffy","13836",622110
"Drew Stubbs","COL",139,489,444,117,79,21,3,14,69,51,38,1,137,2,2,3,,22,5,0.2635135135135135,0.07770961145194274,0.28016359918200406,0.2773722627737226,0.3230452674897119,0.4189189189189189,0.3280745267868042,0.7419641864086308,0.15540540540540543,6.515798200558215,0.34915254237288135,,2.069787512999028,59.33121436274768,6.793650763101592,91.31136354456673,2.069787512999028,,-2.6994907134289896,0.7967372134038799,1.4157295433048063,,,,,,,,568.5999999999999,4.090647482014388,568.5999999999999,4.090647482014388,,,,,,,,,,,,,,,,,,,"Drew Stubbs","9328",453211
"Carl Crawford","LAD",101,385,360,100,72,17,4,7,55,45,18,1,60,4,3,0,,15,5,0.2777777777777778,0.046753246753246755,0.15584415584415584,0.3,0.3168831168831169,0.40555555555555556,0.31793767074123025,0.7224386724386724,0.12777777777777777,6.966547167055062,0.3141891891891892,,0.7640472727362067,43.71946971784089,2.3555392764017395,106.30470066966902,0.7640472727362067,,3.4887390131105143,-2.2438271604938267,1.4155076210374296,,,,,,,,418.40000000000003,4.142574257425743,418.40000000000003,4.142574257425743,,,,,,,,,,,,,,,,,,,"Carl Crawford","1201",408307
"Dariel Álvarez","BAL",98,408,389,105,73,20,2,10,45,44,12,0,56,1,5,1,,4,4,0.2699228791773779,0.029411764705882353,0.13725490196078433,0.21428571428571427,0.28992628992628994,0.4087403598971722,0.30553078563558966,0.6986666498234622,0.13881748071979433,3.8818279530210513,0.2896341463414634,,-1.0324987438507378,42.448874041234724,-1.386148348654037,92.4061429889694,-1.0324987438507378,,-4.43811712853459,4.499118165784832,1.4145414376243735,,,,,,,,397.8,4.059183673469388,397.8,4.059183673469388,,,,,,,,,,,,,,,,,,,"Dariel Alvarez","15580",645848
"Cody Stanley","STL",95,385,360,87,65,14,2,6,36,34,17,1,86,2,5,1,,5,1,0.24166666666666667,0.04415584415584416,0.22337662337662337,0.19767441860465115,0.2760416666666667,0.3416666666666667,0.2727450874704605,0.6177083333333333,0.1,4.554578199047358,0.2967032967032967,,0.3099962656851858,30.3748511970591,-10.989079244380047,71.88233017902948,0.3099962656851858,,-11.84156916680855,13.07304526748971,1.4140338760149886,,,,,,,,299.3,3.150526315789474,299.3,3.150526315789474,,,,,,,,,,,,,,,,,,,"Cody Stanley","10838",592774
"Shane Victorino","BOS",94,402,364,95,66,18,3,8,47,37,24,0,59,7,2,5,,15,2,0.260989010989011,0.05970149253731343,0.14676616915422885,0.4067796610169492,0.31738035264483627,0.39285714285714285,0.3161567823412436,0.7102374955019791,0.13186813186813184,6.2942988205298604,0.2909698996655518,,1.8801495407242328,45.10085298202147,1.9104632743369543,97.05676651799645,1.8801495407242328,,0.5796081704288476,-0.4312169312169303,1.4034234404134078,,,,,,,,428.4,4.557446808510638,428.4,4.557446808510638,,,,,,,,,,,,,,,,,,,"Shane Victorino","1677",425664
"Jedd Gyorko","SDP",128,535,489,117,75,24,1,17,66,68,40,2,122,3,3,0,,3,2,0.2392638036809816,0.07476635514018691,0.22803738317757008,0.32786885245901637,0.29906542056074764,0.3967280163599182,0.30759118399521646,0.6957934369206659,0.15746421267893662,3.3312862558588208,0.28328611898017,,-0.5914879282936454,56.50756738138232,-0.9721801151629927,98.67680149981757,-0.5914879282936454,,-1.3861289034706,-2.03424456202234,1.402074610657866,,,,,,,,530.4,4.14375,530.4,4.14375,,,,,,,,,,,,,,,,,,,"Jedd Gyorko","10816",576397
"Max Stassi","HOU",98,407,377,86,57,18,1,10,43,41,18,0,114,6,4,2,,2,1,0.22811671087533156,0.044226044226044224,0.2800982800982801,0.15789473684210525,0.2716049382716049,0.36074270557029176,0.2805763319686607,0.6323476438418967,0.1326259946949602,3.6372204108345034,0.29571984435797666,,-0.2824629608076066,34.55513250450168,-9.172451105019707,79.39651764677492,-0.2824629608076066,,-9.499863127995912,9.477219282774836,1.4019159576394524,,,,,,,,329.49999999999994,3.362244897959183,329.49999999999994,3.362244897959183,,,,,,,,,,,,,,,,,,,"Max Stassi","10059",545358
"Brandon Drury","ARI",143,625,582,143,88,37,3,15,73,73,33,1,123,6,4,0,,3,3,0.24570446735395188,0.0528,0.1968,0.2682926829268293,0.2912,0.39690721649484534,0.3032669447935544,0.6881072164948454,0.15120274914089346,3.72591690766778,0.2857142857142857,,-1.006253118161112,63.94066273350216,-3.2085749961068557,86.4697861353483,-1.006253118161112,,-10.49867107277789,4.296443268665491,1.3959142608152133,,,,,,,,598.5000000000001,4.185314685314686,598.5000000000001,4.185314685314686,,,,,,,,,,,,,,,,,,,"Brandon Drury","11615",592273
"Justin Morneau","COL",126,521,472,138,92,28,2,16,56,81,36,4,69,6,7,0,,0,1,0.2923728813559322,0.0690978886756238,0.1324376199616123,0.5217391304347826,0.345489443378119,0.461864406779661,0.35156926495424784,0.8073538501577799,0.1694915254237288,2.0229511511852243,0.3096446700507614,,-0.8672121367417276,72.60212185048746,16.626517279085398,107.36438192024893,-0.8672121367417276,,3.4397018631106917,-6.571575543797765,1.3872121999010893,,,,,,,,667,5.2936507936507935,667,5.2936507936507935,,,,,,,,,,,,,,,,,,,"Justin Morneau","1737",408047
"Hank Conger","HOU",85,282,255,61,41,13,0,7,28,29,21,1,62,3,1,2,,0,1,0.23921568627450981,0.07446808510638298,0.2198581560283688,0.3387096774193548,0.30357142857142855,0.37254901960784315,0.3015343749822254,0.6761204481792717,0.13333333333333333,1.5785718821435375,0.2887700534759358,,-0.6183663159608841,28.475297323090025,-1.8224387405095608,94.02016113910199,-0.6183663159608841,,-2.471949124115518,6.180776014109347,1.379888007680873,,,,,,,,259.29999999999995,3.050588235294117,259.29999999999995,3.050588235294117,,,,,,,,,,,,,,,,,,,"Hank Conger","2505",474233
"Billy Butler","OAK",156,641,573,156,111,30,0,15,61,82,57,8,100,5,6,0,,1,0,0.27225130890052357,0.08892355694227769,0.15600624024961,0.57,0.34009360374414976,0.4031413612565445,0.3267909187652865,0.7432349650006942,0.13089005235602091,1.5824124979486054,0.30387931034482757,,-0.4221145489718765,77.14257963390294,8.274321418415937,113.15865730814835,-0.4221145489718765,,8.849236159047294,-16.486625514403293,1.3741109107537506,,,,,,,,716.4999999999999,4.592948717948717,716.4999999999999,4.592948717948717,,,,,,,,,,,,,,,,,,,"Billy Butler","7399",456714
"Alex Rodriguez","NYY",99,407,358,82,51,16,0,15,52,57,40,2,99,5,4,0,,6,3,0.22905027932960895,0.09828009828009827,0.24324324324324326,0.40404040404040403,0.31203931203931207,0.3994413407821229,0.31562289867872073,0.711480652821435,0.17039106145251395,3.5815496628616845,0.2701612903225806,,-0.2856005900539458,45.495153496790024,1.7675698872686394,101.07471197616972,-0.2856005900539458,,0.19519436387652833,-0.5045561434450323,1.3704663498603904,,,,,,,,426.6,4.3090909090909095,426.6,4.3090909090909095,,,,,,,,,,,,,,,,,,,"Alex Rodriguez","1274",121347
"Johnny Giavotella","LAA",134,570,527,134,98,27,2,7,62,56,36,2,72,3,4,0,,10,4,0.25426944971537,0.06315789473684211,0.12631578947368421,0.5,0.30350877192982456,0.35294117647058826,0.2919411519673509,0.6564499484004128,0.09867172675521824,4.499668592148948,0.2809734513274336,,-0.017247895943000913,53.36255597310021,-7.877548836303211,89.60082933485569,-0.017247895943000913,,-6.532736125766567,1.094356261022928,1.370322998207084,,,,,,,,503.7,3.758955223880597,503.7,3.758955223880597,,,,,,,,,,,,,,,,,,,"Johnny Giavotella","6740",543213
"Ezequiel Carrera","TOR",143,548,503,127,96,20,5,6,63,42,33,1,105,4,2,6,,35,10,0.2524850894632207,0.060218978102189784,0.19160583941605838,0.3142857142857143,0.3025830258302583,0.34791252485089463,0.29052287703741503,0.650495550681153,0.09542743538767395,6.969367077463666,0.30710659898477155,,2.731695686466992,50.70684837163103,-8.169603269690151,82.55883435609024,2.731695686466992,,-7.774112529264267,3.0135214579659024,1.3687550119577228,,,,,,,,500.5999999999999,3.5006993006993,500.5999999999999,3.5006993006993,,,,,,,,,,,,,,,,,,,"Ezequiel Carrera","9048",485567
"Eury Pérez","ATL",110,446,417,113,90,16,4,3,48,32,14,0,81,7,1,7,,30,9,0.2709832134292566,0.03139013452914798,0.18161434977578475,0.1728395061728395,0.3052391799544419,0.3501199040767386,0.29250356154452695,0.6553590840311805,0.07913669064748202,6.975842240201074,0.32934131736526945,,2.1879351648967713,41.946242205155,-5.97145383869399,84.29180427089615,2.1879351648967713,,-5.676242859979241,4.638741916519694,1.3677932782851807,,,,,,,,407.99999999999994,3.7090909090909085,407.99999999999994,3.7090909090909085,,,,,,,,,,,,,,,,,,,"Eury Perez","10299",516811
"Ryan Hanigan","BOS",87,286,246,59,44,11,0,4,21,29,32,5,37,4,2,2,,0,0,0.23983739837398374,0.11188811188811189,0.12937062937062938,0.8648648648648649,0.3345070422535211,0.3333333333333333,0.29885033915974335,0.6678403755868545,0.09349593495934957,0.7391215106732345,0.26570048309178745,,-0.28277934179641306,28.290449961797666,-2.4370412232714216,84.9810562504552,-0.28277934179641306,,-5.004266655527658,8.254262198706643,1.3433620235703552,,,,,,,,261.9,3.0103448275862066,261.9,3.0103448275862066,,,,,,,,,,,,,,,,,,,"Ryan Hanigan","4952",452672
"Oswaldo Arcia","MIN",132,532,484,122,72,25,4,21,61,72,39,2,152,7,2,0,,3,3,0.25206611570247933,0.07330827067669173,0.2857142857142857,0.2565789473684211,0.3157894736842105,0.45041322314049587,0.3362231058894463,0.7662026968247064,0.19834710743801653,3.809459805492444,0.3226837060702875,,-0.9685492059215903,67.8733265288602,10.71589537341701,114.26772763019837,-0.9685492059215903,,7.37478894465225,-11.864197530864196,1.3432907453304481,,,,,,,,627.2,4.751515151515152,627.2,4.751515151515152,,,,,,,,,,,,,,,,,,,"Oswaldo Arcia","10306",542455
"Dean Anna","STL",109,424,371,90,62,19,4,5,54,40,40,1,63,6,5,2,,2,3,0.24258760107816713,0.09433962264150944,0.14858490566037735,0.6349206349206349,0.3222748815165877,0.3557951482479784,0.3042251866956788,0.6780700297645661,0.1132075471698113,4.4367731527825915,0.275974025974026,,-1.134615687886253,43.68896126310658,-1.8650816126601775,93.3914275662473,-1.134615687886253,,-4.279941829793715,3.673721340388007,1.3420165436261293,,,,,,,,391.3,3.589908256880734,391.3,3.589908256880734,,,,,,,,,,,,,,,,,,,"Dean Anna","8353",542883
"Matt Kemp","SDP",130,529,476,129,85,26,2,16,73,71,46,6,130,2,5,0,,12,4,0.2710084033613445,0.08695652173913043,0.24574669187145556,0.35384615384615387,0.33459357277882795,0.43487394957983194,0.33572218693921035,0.7694675223586599,0.16386554621848742,5.166353192702159,0.3373134328358209,,0.41291523980908096,67.2873458497918,10.452231035450733,117.89759485226546,0.41291523980908096,,11.04069432208713,-14.831128747795415,1.3415514751575843,,,,,,,,639.1999999999998,4.916923076923076,639.1999999999998,4.916923076923076,,,,,,,,,,,,,,,,,,,"Matt Kemp","5631",461314
"Darwin Barney","LAD",127,456,415,98,69,21,2,6,46,44,29,4,56,5,4,3,,4,1,0.236144578313253,0.06359649122807018,0.12280701754385964,0.5178571428571429,0.2913907284768212,0.3397590361445783,0.27923562757687476,0.6311497646213995,0.10361445783132531,4.040454846130898,0.25770308123249297,,0.049670003121718764,38.246437149545116,-10.745646697977621,79.86113676757154,0.049670003121718764,,-10.25874676350138,8.675485008818342,1.3411493122960145,,,,,,,,369.3,2.9078740157480314,369.3,2.9078740157480314,,,,,,,,,,,,,,,,,,,"Darwin Barney","2430",446381
"José Pirela","NYY",129,555,515,130,93,20,6,11,67,53,29,1,88,5,3,3,,10,4,0.2524271844660194,0.05225225225225225,0.15855855855855855,0.32954545454545453,0.2971014492753623,0.3786407766990291,0.29904540632251386,0.6757422259743915,0.1262135922330097,5.8193577807625525,0.2840095465393795,,0.016685625072568655,54.982333647313986,-4.646189456578817,89.50763302433047,0.016685625072568655,,-6.384196922421928,1.0392416225749557,1.3288113779844066,,,,,,,,518.4,4.01860465116279,518.4,4.01860465116279,,,,,,,,,,,,,,,,,,,"Jose Pirela","5485",517369
"DJ LeMahieu","COL",152,573,531,151,117,23,6,5,55,48,30,4,90,2,4,6,,14,9,0.2843691148775895,0.05235602094240838,0.15706806282722513,0.3333333333333333,0.32275132275132273,0.3785310734463277,0.3084572069810085,0.7012823961976504,0.09416195856873821,5.153919581095188,0.33181818181818185,,-1.1402581844013184,60.90178331444209,-0.6606378360634484,77.9076306287239,-1.1402581844013184,,-15.350095020465721,10.105379188712522,1.3282001187021883,,,,,,,,559.8999999999999,3.6835526315789466,559.8999999999999,3.6835526315789466,,,,,,,,,,,,,,,,,,,"DJ LeMahieu","9874",518934
"Gary Sánchez","NYY",115,500,461,100,67,20,0,13,58,63,32,0,118,4,3,0,,2,1,0.21691973969631237,0.064,0.236,0.2711864406779661,0.272,0.34490238611713664,0.27618581616878507,0.6169023861171367,0.12798264642082427,2.9073211035995072,0.26126126126126126,,-0.3654115677345544,40.767326207973916,-12.952063975713296,73.55716968324101,-0.3654115677345544,,-14.898280129858373,11.185773074661963,1.318088132797047,,,,,,,,388.2,3.375652173913043,388.2,3.375652173913043,,,,,,,,,,,,,,,,,,,"Gary Sanchez","11442",596142
"Eric Stamets","LAA",124,493,457,107,81,19,2,5,48,37,19,0,79,5,2,10,,10,3,0.23413566739606126,0.038539553752535496,0.16024340770791076,0.24050632911392406,0.2712215320910973,0.3172866520787746,0.26343224396616777,0.5885081841698718,0.08315098468271334,4.957475823854274,0.272,,0.47292511840350926,35.37425247793334,-17.593066243182253,69.70850891662681,0.47292511840350926,,-15.94207817917442,12.43430335097002,1.3163905712989,,,,,,,,338.29999999999995,2.7282258064516127,338.29999999999995,2.7282258064516127,,,,,,,,,,,,,,,,,,,"Eric Stamets","13795",608715
"Jordan Danks","PHI",133,462,410,95,66,17,2,10,54,45,44,2,129,2,5,1,,8,3,0.23170731707317074,0.09523809523809523,0.2792207792207792,0.34108527131782945,0.30585683297180044,0.35609756097560974,0.295570730124164,0.6619543939474102,0.124390243902439,4.781378318571781,0.3079710144927536,,0.05407315632328391,44.53786080028498,-5.098855729441999,86.9906520005651,0.05407315632328391,,-6.692600140109567,4.697530864197531,1.3159106096601463,,,,,,,,421.50000000000006,3.1691729323308273,421.50000000000006,3.1691729323308273,,,,,,,,,,,,,,,,,,,"Jordan Danks","9187",458668
"Eduardo Escobar","MIN",126,443,410,106,73,24,3,6,49,37,24,0,89,2,2,5,,4,3,0.25853658536585367,0.05417607223476298,0.20090293453724606,0.2696629213483146,0.3013698630136986,0.375609756097561,0.30038825847786854,0.6769796191112596,0.11707317073170731,4.305510414181223,0.31545741324921134,,-0.7044525521341711,44.343057336085764,-3.2523223666611076,89.26367392109584,-0.7044525521341711,,-5.9324193731552874,3.8831569664903,1.3038416661928407,,,,,,,,403.9,3.2055555555555553,403.9,3.2055555555555553,,,,,,,,,,,,,,,,,,,"Eduardo Escobar","6153",500871
"Odúbel Herrera","PHI",134,564,522,143,118,18,5,2,56,40,32,1,104,2,3,5,,15,9,0.2739463601532567,0.05673758865248227,0.18439716312056736,0.3076923076923077,0.31663685152057247,0.3390804597701149,0.2930932398551681,0.6557173112906873,0.06513409961685823,5.168107545342751,0.33651551312649164,,-0.9628805287647992,53.29920463318645,-7.2962674940127235,85.29788162235013,-0.9628805287647992,,-10.270769468194928,5.072310405643739,1.3033762887094757,,,,,,,,483.59999999999997,3.6089552238805966,483.59999999999997,3.6089552238805966,,,,,,,,,,,,,,,,,,,"Odubel Herrera","11476",546318
"Daniel Nava","BOS",121,455,399,103,73,23,0,7,49,44,39,2,92,12,4,1,,3,2,0.2581453634085213,0.08571428571428572,0.2021978021978022,0.42391304347826086,0.3392070484581498,0.3684210526315789,0.3179229176149959,0.7076281010897287,0.11027568922305764,2.632655996802666,0.3157894736842105,,-0.6141102756373584,51.66331579491979,2.778670727764427,98.28910164517703,-0.6141102756373584,,-1.4697856008771963,-1.015432098765432,1.2974298264944824,,,,,,,,463.3999999999999,3.829752066115702,463.3999999999999,3.829752066115702,,,,,,,,,,,,,,,,,,,"Daniel Nava","5450",537953
"Ben Guez","MIL",121,474,424,97,57,21,3,16,52,49,35,0,128,11,2,2,,7,7,0.22877358490566038,0.07383966244725738,0.270042194092827,0.2734375,0.3029661016949153,0.4056603773584906,0.3154509682524002,0.7086264790534058,0.1768867924528302,4.606724231757961,0.2872340425531915,,-1.627779218601063,52.922023438410655,1.9960415442751809,96.65885036818617,-1.627779218601063,,-3.4055118362607346,0.7751322751322753,1.286088036363459,,,,,,,,479.2999999999999,3.9611570247933874,479.2999999999999,3.9611570247933874,,,,,,,,,,,,,,,,,,,"Ben Guez","sa454544",457746
"Yonder Alonso","SDP",116,435,394,105,72,23,1,9,44,47,35,4,62,2,4,0,,6,1,0.26649746192893403,0.08045977011494253,0.1425287356321839,0.5645161290322581,0.3264367816091954,0.39847715736040606,0.318696953166112,0.7249139389696015,0.13197969543147203,3.843420614998475,0.29357798165137616,,0.4270476617384702,49.650643739767,2.9147742799591256,106.2649310335833,0.4270476617384702,,3.4861761957049353,-4.991622574955908,1.2799235498212087,,,,,,,,470.59999999999997,4.0568965517241375,470.59999999999997,4.0568965517241375,,,,,,,,,,,,,,,,,,,"Yonder Alonso","2530",475174
"Brock Holt","BOS",137,581,529,141,107,25,5,4,69,43,38,0,103,4,5,5,,14,6,0.2665406427221172,0.06540447504302926,0.17728055077452667,0.36893203883495146,0.3177083333333333,0.3553875236294896,0.3007962168711755,0.6730958569628229,0.08884688090737242,5.6792936269063885,0.32084309133489464,,-0.02415591641329229,58.338260348998126,-4.083671044446417,86.33880811274655,-0.02415591641329229,,-8.748607305465155,2.13477366255144,1.2793462003986933,,,,,,,,535,3.9051094890510947,535,3.9051094890510947,,,,,,,,,,,,,,,,,,,"Brock Holt","9345",571788
"Andre Ethier","LAD",133,472,421,109,74,23,3,9,50,61,43,6,90,6,2,0,,2,2,0.2589073634204275,0.09110169491525423,0.1906779661016949,0.4777777777777778,0.3347457627118644,0.3919239904988123,0.32067668092608964,0.7266697532106767,0.1330166270783848,3.370443048150168,0.30864197530864196,,-0.7952583224978298,54.5904826909298,3.8793783575290695,108.1761571853946,-0.7952583224978298,,3.536691367485921,-6.202821869488536,1.2755226519981446,,,,,,,,503,3.781954887218045,503,3.781954887218045,,,,,,,,,,,,,,,,,,,"Andre Ethier","6265",444843
"Ronald Torreyes","HOU",129,529,480,128,100,21,4,3,57,42,22,0,39,8,3,16,,8,5,0.26666666666666666,0.04158790170132325,0.07372400756143667,0.5641025641025641,0.3079922027290448,0.3458333333333333,0.29234852312136345,0.6538255360623781,0.07916666666666666,4.862976635357379,0.2834467120181406,,-0.7754572234116495,49.68947817108334,-7.145636643257732,87.61065893989229,-0.7754572234116495,,-7.97951660349294,2.9437095825984714,1.2730053797057166,,,,,,,,439.8999999999999,3.4100775193798443,439.8999999999999,3.4100775193798443,,,,,,,,,,,,,,,,,,,"Ronald Torreyes","11400",591720
"Everth Cabrera","SDP",108,467,419,105,81,18,3,3,59,29,36,1,98,2,2,8,,33,9,0.25059665871121717,0.07708779443254818,0.20985010706638116,0.3673469387755102,0.3115468409586057,0.32935560859188545,0.2886108584279056,0.6409024495504911,0.07875894988066828,7.02455817955363,0.31875,,2.761542435269803,42.52702093734293,-7.6468894942209165,85.70830136429875,2.761542435269803,,-4.730373641430591,2.147707231040564,1.2680678782272765,,,,,,,,418,3.8703703703703702,418,3.8703703703703702,,,,,,,,,,,,,,,,,,,"Everth Cabrera","8155",465784
"Abraham Almonte","SDP",130,537,488,119,84,22,5,8,62,42,40,0,116,1,2,6,,15,6,0.24385245901639344,0.074487895716946,0.21601489757914338,0.3448275862068966,0.3013182674199623,0.35860655737704916,0.29502829039388684,0.6599248247970115,0.11475409836065573,6.073009113733274,0.30327868852459017,,0.26633347594179213,51.54462226977793,-6.1500027875021335,90.09307690597045,0.26633347594179213,,-5.705466473854729,0.9731040564373896,1.2648086739264375,,,,,,,,480.59999999999997,3.6969230769230768,480.59999999999997,3.6969230769230768,,,,,,,,,,,,,,,,,,,"Abraham Almonte","5486",501659
"Robinson Chirinos","TEX",94,360,325,76,51,15,0,10,39,35,24,1,75,6,3,2,,1,1,0.23384615384615384,0.06666666666666667,0.20833333333333334,0.32,0.29608938547486036,0.3723076923076923,0.2976155832034199,0.6683970777825526,0.13846153846153844,2.2301652485377255,0.2716049382716049,,-0.47869257256388664,35.26942920237268,-3.408531729882116,84.89783343838306,-0.47869257256388664,,-6.454755470906848,6.613756613756613,1.2596614529580887,,,,,,,,327.19999999999993,3.4808510638297867,327.19999999999993,3.4808510638297867,,,,,,,,,,,,,,,,,,,"Robinson Chirinos","3142",455139
"Taylor Lindsey","SDP",130,550,505,126,88,22,6,10,58,44,36,1,79,4,2,3,,5,4,0.2495049504950495,0.06545454545454546,0.14363636363636365,0.45569620253164556,0.30347349177330896,0.37623762376237624,0.3019237397136269,0.6797111155356852,0.12673267326732673,4.574368984897552,0.27751196172248804,,-0.9870847810525447,55.70117444898956,-3.390154753066368,94.80446265751536,-0.9870847810525447,,-4.194722661236069,-0.979129923574368,1.2595678651348863,,,,,,,,510.8999999999999,3.9299999999999993,510.8999999999999,3.9299999999999993,,,,,,,,,,,,,,,,,,,"Taylor Lindsey","sa548170",592506
"Billy Burns","OAK",122,519,462,108,90,13,4,1,55,33,41,0,96,7,2,7,,38,6,0.23376623376623376,0.0789980732177264,0.18497109826589594,0.4270833333333333,0.3046875,0.2857142857142857,0.27129815705120564,0.5904017857142857,0.05194805194805194,7.280265243257488,0.29155313351498635,,4.817318458575755,40.37091606986756,-15.389810940799762,74.43813539748413,4.817318458575755,,-9.765225397506256,4.906966490299824,1.2579741978505075,,,,,,,,412.0999999999999,3.3778688524590157,412.0999999999999,3.3778688524590157,,,,,,,,,,,,,,,,,,,"Billy Burns","12701",542993
"Jorge Polanco","MIN",135,596,548,135,98,24,5,8,63,58,39,1,116,1,5,3,,9,9,0.24635036496350365,0.06543624161073826,0.19463087248322147,0.33620689655172414,0.2951096121416526,0.3521897810218978,0.2877156145467952,0.6472993931635505,0.10583941605839414,4.64081137305616,0.29603729603729606,,-2.1100950695108622,53.86508514360155,-10.1684279553536,80.42123444173824,-2.1100950695108622,,-14.936500665493277,7.569664902998236,1.248509868471403,,,,,,,,493.2,3.6533333333333333,493.2,3.6533333333333333,,,,,,,,,,,,,,,,,,,"Jorge Polanco","13152",593871
"Omar Infante","KCR",135,558,521,140,106,23,4,7,53,55,26,2,59,1,5,5,,8,3,0.2687140115163148,0.04659498207885305,0.1057347670250896,0.4406779661016949,0.30198915009041594,0.3685220729366603,0.2953815294696718,0.6705112230270762,0.09980806142034548,4.545255240458246,0.2891304347826087,,-0.025105059379711747,53.71150918274379,-6.239330262251141,85.00244465914943,-0.025105059379711747,,-9.223839372934716,3.0502645502645502,1.2482733374934918,,,,,,,,506.1,3.748888888888889,506.1,3.748888888888889,,,,,,,,,,,,,,,,,,,"Omar Infante","1609",408299
"Michael McKenry","COL",74,248,222,61,38,13,0,10,26,35,22,1,53,2,1,1,,1,2,0.2747747747747748,0.08870967741935484,0.21370967741935484,0.41509433962264153,0.3441295546558704,0.46846846846846846,0.3570200939004014,0.8125980231243388,0.19369369369369366,1.5434587199485548,0.31875,,-0.7841164169367403,35.59596146866544,8.951143937556587,111.08871613549697,-0.7841164169367403,,2.302801775418736,1.5561434450323341,1.2471277612906917,,,,,,,,319.5999999999999,4.318918918918918,319.5999999999999,4.318918918918918,,,,,,,,,,,,,,,,,,,"Michael McKenry","9628",502374
"Daniel Robertson","TBR",127,602,547,129,95,24,1,9,65,42,41,1,125,10,3,1,,3,6,0.23583180987202926,0.0681063122923588,0.20764119601328904,0.328,0.2995008319467554,0.3327239488117002,0.2852109975616137,0.6322247807584556,0.09689213893967094,2.967655463884558,0.28846153846153844,,-2.209074384300038,53.25092980883292,-11.427215972326476,83.28091383991158,-2.209074384300038,,-13.272316843380931,5.635802469135801,1.2396329567361861,,,,,,,,477.19999999999993,3.7574803149606293,477.19999999999993,3.7574803149606293,,,,,,,,,,,,,,,,,,,"Daniel Robertson","14145",621002
"Sandy León","WSN",83,310,281,61,43,13,0,5,30,26,26,1,65,1,1,1,,1,0,0.21708185053380782,0.08387096774193549,0.20967741935483872,0.4,0.284789644012945,0.3167259786476868,0.2715698501893452,0.6015156226606317,0.09964412811387899,2.4721701321699263,0.2641509433962264,,-0.06015699147246778,24.178247224625693,-9.12777468926038,69.07562600730972,-0.06015699147246778,,-10.821210333758476,12.695179306290417,1.2353606949390268,,,,,,,,228.19999999999996,2.749397590361445,228.19999999999996,2.749397590361445,,,,,,,,,,,,,,,,,,,"Sandy Leon","5273",506702
"Jason Rogers","MIL",134,547,498,124,82,25,3,14,62,62,42,1,119,3,4,0,,5,1,0.24899598393574296,0.07678244972577697,0.21755027422303475,0.35294117647058826,0.30895795246800734,0.39558232931726905,0.3120897167768234,0.7045402817852764,0.1465863453815261,4.5078635493339085,0.2981029810298103,,0.1478694430552423,59.66230746745421,0.8932946065003989,94.36224117347327,0.1478694430552423,,-3.313803179512638,-1.9901528512639626,1.235331151337984,,,,,,,,559.3000000000001,4.173880597014926,559.3000000000001,4.173880597014926,,,,,,,,,,,,,,,,,,,"Jason Rogers","11773",595386
"Wilfredo Tovar","NYM",120,436,402,103,85,12,3,3,51,36,24,2,47,6,2,2,,9,8,0.2562189054726368,0.05504587155963303,0.10779816513761468,0.5106382978723404,0.3064516129032258,0.32338308457711445,0.28235994927861074,0.6298346974803403,0.06716417910447764,4.985728902425321,0.2824858757062147,,-1.642544402508065,37.613731373993794,-9.229576866181453,81.38841978203108,-1.642544402508065,,-10.751360023200398,8.80599647266314,1.2349917374277604,,,,,,,,339.6,2.83,339.6,2.83,,,,,,,,,,,,,,,,,,,"Wilfredo Tovar","10416",541600
"Seth Smith","SEA",125,458,404,99,62,24,2,11,54,45,47,4,101,4,3,0,,2,1,0.24504950495049505,0.10262008733624454,0.2205240174672489,0.46534653465346537,0.32751091703056767,0.39603960396039606,0.32015045348243043,0.7235505209909637,0.150990099009901,3.52915699672534,0.2983050847457627,,-0.38803391507826746,52.786424402008386,3.579462993750897,108.50234256859648,-0.38803391507826746,,3.8922983259899437,-7.048500881834214,1.2341824673448452,,,,,,,,488.79999999999995,3.9103999999999997,488.79999999999995,3.9103999999999997,,,,,,,,,,,,,,,,,,,"Seth Smith","7331",452234
"Aaron Judge","NYY",132,566,502,115,76,17,3,19,73,68,59,2,180,2,3,0,,1,0,0.2290836653386454,0.10424028268551237,0.31802120141342755,0.3277777777777778,0.31095406360424027,0.3884462151394422,0.3116594336345686,0.6994002787436825,0.1593625498007968,3.6284311643590095,0.3137254901960784,,-0.3090028122533113,61.547884784364584,0.7375350964306658,98.30917228515624,-0.3090028122533113,,-1.3609385076393568,-5.238977072310405,1.2291136457588507,,,,,,,,571.9,4.332575757575757,571.9,4.332575757575757,,,,,,,,,,,,,,,,,,,"Aaron Judge","15640",592450
"Steven Souza Jr.","TBR",110,428,381,87,54,17,1,15,49,46,39,2,130,4,4,0,,16,7,0.2283464566929134,0.0911214953271028,0.3037383177570093,0.3,0.3037383177570093,0.3963254593175853,0.3098772981077293,0.7000637770745946,0.16797900262467189,5.055559294359069,0.3,,0.20238393801264465,45.956500757619985,-0.027297239616271993,100.49202392435615,0.20238393801264465,,0.4338585649563549,-2.7178130511463845,1.2263394833416656,,,,,,,,441.99999999999994,4.018181818181818,441.99999999999994,4.018181818181818,,,,,,,,,,,,,,,,,,,"Steven Souza Jr.","5667",519306
"Aaron Hill","ARI",125,518,475,125,84,26,3,12,57,59,33,2,73,5,5,0,,6,5,0.2631578947368421,0.0637065637065637,0.14092664092664092,0.4520547945205479,0.31467181467181465,0.4063157894736842,0.3173369746799617,0.7209876041454988,0.1431578947368421,3.916495624816685,0.28607594936708863,,-1.1377533171325922,58.58390850270922,2.930620272409272,96.08327689669136,-1.1377533171325922,,-3.4151820887363438,-1.0967078189300412,1.225874656292588,,,,,,,,541.6999999999999,4.3336,541.6999999999999,4.3336,,,,,,,,,,,,,,,,,,,"Aaron Hill","6104",431094
"Mark Trumbo","ARI",128,528,485,127,72,25,2,28,66,94,37,5,122,2,4,0,,4,3,0.2618556701030928,0.07007575757575757,0.23106060606060605,0.30327868852459017,0.3143939393939394,0.4948453608247423,0.34955832265303194,0.8092393002186817,0.2329896907216495,3.549180649815347,0.2920353982300885,,-0.7308452907018363,72.76323091116309,16.035554877189405,118.09884001616864,-0.7308452907018363,,9.996119055138386,-14.82010582010582,1.224860896239758,,,,,,,,689.5,5.38671875,689.5,5.38671875,,,,,,,,,,,,,,,,,,,"Mark Trumbo","6876",444432
"Tyler Saladino","CHW",108,456,409,93,66,15,3,9,49,41,36,0,105,4,4,3,,14,5,0.2273838630806846,0.07894736842105263,0.23026315789473684,0.34285714285714286,0.293598233995585,0.34474327628361856,0.28677382742858615,0.6383415102792036,0.11735941320293397,5.596784620956979,0.2809364548494983,,0.5150321838445961,40.8828338333853,-8.109250014137437,80.56484862649896,0.5150321838445961,,-9.226475411049982,6.026455026455026,1.2224749362986116,,,,,,,,389.59999999999997,3.607407407407407,389.59999999999997,3.607407407407407,,,,,,,,,,,,,,,,,,,"Tyler Saladino","10807",573135
"Matt Dominguez","HOU",156,606,561,134,93,23,1,17,61,70,32,2,110,5,6,2,,0,1,0.23885918003565063,0.052805280528052806,0.18151815181518152,0.2909090909090909,0.28311258278145696,0.37433155080213903,0.29009852516294715,0.657444133583596,0.1354723707664884,2.0400758663925878,0.26590909090909093,,-0.8596713542938232,55.876399758189585,-9.231501144439308,86.04070472322006,-0.8596713542938232,,-10.158099112183182,2.2266313932980597,1.221082474938579,,,,,,,,529.8,3.396153846153846,529.8,3.396153846153846,,,,,,,,,,,,,,,,,,,"Matt Dominguez","4903",518625
"Miguel Sanó","MIN",98,413,372,81,41,17,3,20,52,57,33,1,143,5,3,0,,6,4,0.21774193548387097,0.07990314769975787,0.34624697336561744,0.23076923076923078,0.288135593220339,0.44086021505376344,0.3195122665571935,0.7289958082741024,0.22311827956989247,5.286834021548609,0.28773584905660377,,-0.6023356080986559,47.39783417107981,3.0256178793541744,102.60760475067873,-0.6023356080986559,,0.5814286377325311,-2.4825102880658436,1.216576956926949,,,,,,,,450.2,4.593877551020408,450.2,4.593877551020408,,,,,,,,,,,,,,,,,,,"Miguel Sano","12164",593934
"Jose Iglesias","DET",110,413,379,96,81,11,1,3,38,30,19,0,62,6,2,7,,9,4,0.2532981530343008,0.04600484261501211,0.15012106537530268,0.3064516129032258,0.29802955665024633,0.3113456464379947,0.2753526245431947,0.6093752030882411,0.05804749340369392,4.220769971270411,0.29430379746835444,,-0.1079065534286201,33.40989089348415,-10.962325398241484,72.69123958650482,-0.1079065534286201,,-12.505158923463279,10.552469135802468,1.2109161471807717,,,,,,,,305.29999999999995,2.775454545454545,305.29999999999995,2.775454545454545,,,,,,,,,,,,,,,,,,,"Jose Iglesias","10231",578428
"Kurt Suzuki","MIN",119,442,401,104,75,24,0,5,36,50,27,2,54,6,6,2,,1,1,0.2593516209476309,0.06108597285067873,0.12217194570135746,0.5,0.31136363636363634,0.3566084788029925,0.2965550912569647,0.6679721151666289,0.09725685785536159,1.6554626252887605,0.28448275862068967,,-0.5767227443866432,42.94351394607463,-4.544426976304864,86.58905058681357,-0.5767227443866432,,-7.092334481023615,4.120223398001174,1.1991653341240087,,,,,,,,396.09999999999997,3.3285714285714283,396.09999999999997,3.3285714285714283,,,,,,,,,,,,,,,,,,,"Kurt Suzuki","8259",435559
"Nick Ahmed","ARI",138,573,531,129,94,25,4,6,60,46,31,1,100,4,2,5,,18,8,0.24293785310734464,0.05410122164048865,0.17452006980802792,0.31,0.2887323943661972,0.3389830508474576,0.28005225486015306,0.6277154452136549,0.09604519774011297,5.637211592604807,0.28805620608899296,,0.10089975595474243,48.41855394655039,-13.143867203955157,70.60811355867514,0.10089975595474243,,-18.80399467236231,12.316137566137566,1.1918420440492135,,,,,,,,459.90000000000003,3.332608695652174,459.90000000000003,3.332608695652174,,,,,,,,,,,,,,,,,,,"Nick Ahmed","12147",605113
"B.J. Upton","ATL",138,553,494,109,66,22,4,17,67,47,50,3,159,2,4,3,,20,7,0.22064777327935223,0.09041591320072333,0.2875226039783002,0.31446540880503143,0.2927272727272727,0.38461538461538464,0.2993491908749889,0.6773426573426573,0.1639676113360324,6.20141274742522,0.2857142857142857,,0.9269761254545301,54.9130445609268,-4.500600982231255,88.96915000898538,0.9269761254545301,,-5.920433096594344,0.03189300411522611,1.1911408806961505,,,,,,,,537.1999999999999,3.8927536231884052,537.1999999999999,3.8927536231884052,,,,,,,,,,,,,,,,,,,"B.J. Upton","5015",425834
"Jorge Soler","CHC",87,345,313,79,41,23,3,12,51,59,27,1,77,1,4,0,,3,1,0.2523961661341853,0.0782608695652174,0.22318840579710145,0.35064935064935066,0.3101449275362319,0.46006389776357826,0.33496472343455913,0.7702088252998102,0.20766773162939295,5.528209000871884,0.29385964912280704,,-0.033447871915996075,43.68262332642555,6.616244099681378,113.31433120861026,-0.033447871915996075,,5.122762460840047,-4.802910052910053,1.1811609307533377,,,,,,,,412.9,4.7459770114942526,412.9,4.7459770114942526,,,,,,,,,,,,,,,,,,,"Jorge Soler","14221",624585
"Christian Colón","KCR",120,509,463,122,97,17,1,7,56,42,29,0,51,4,4,9,,13,5,0.2634989200863931,0.05697445972495088,0.10019646365422397,0.5686274509803921,0.31,0.34989200863930886,0.295489422082901,0.6598920086393089,0.08639308855291578,4.598493584637216,0.28117359413202936,,0.22454279148951173,49.03702706358173,-5.649312143411854,85.0777275999421,0.22454279148951173,,-8.124297420226405,2.8702233980011758,1.1800517681952352,,,,,,,,450.69999999999993,3.755833333333333,450.69999999999993,3.755833333333333,,,,,,,,,,,,,,,,,,,"Christian Colon","11145",518568
"Wilin Rosario","COL",119,457,431,117,74,23,1,19,53,67,21,3,98,1,4,0,,3,2,0.271461716937355,0.045951859956236324,0.21444201312910285,0.21428571428571427,0.3041575492341357,0.4617169373549884,0.33218116316501267,0.765874486589124,0.19025522041763343,3.0377267844258355,0.3081761006289308,,-0.5047689301427454,56.887996517818905,7.7884738899288015,94.11726454128332,-0.5047689301427454,,-3.5225497400401844,0.3957965902410354,1.1751683001951116,,,,,,,,541.3,4.548739495798319,541.3,4.548739495798319,,,,,,,,,,,,,,,,,,,"Wilin Rosario","8002",501647
"Tyrone Taylor","MIL",139,599,554,137,91,33,3,10,69,66,30,1,97,6,4,5,,16,8,0.24729241877256317,0.05008347245409015,0.16193656093489148,0.30927835051546393,0.29124579124579125,0.37184115523465705,0.2934866608897912,0.6630869464804483,0.12454873646209388,5.379166990232925,0.28159645232815966,,-0.2915594675578177,56.78752287941156,-7.568306560645713,81.65151437711398,-0.2915594675578177,,-12.628833798243566,5.200911228689007,1.1750988547691739,,,,,,,,536,3.856115107913669,536,3.856115107913669,,,,,,,,,,,,,,,,,,,"Tyrone Taylor","13675",621438
"Ed Easley","STL",82,310,285,71,50,14,1,6,33,30,19,0,56,3,2,1,,1,2,0.24912280701754386,0.06129032258064516,0.18064516129032257,0.3392857142857143,0.30097087378640774,0.3684210526315789,0.29852520686523043,0.6693919264179866,0.11929824561403507,2.8786229073466956,0.28888888888888886,,-0.8255907204002142,30.58717007247012,-2.718851841415951,89.4968584798806,-0.8255907204002142,,-4.480470401596019,5.6951793062904175,1.1630475673871072,,,,,,,,277.5999999999999,3.3853658536585356,277.5999999999999,3.3853658536585356,,,,,,,,,,,,,,,,,,,"Ed Easley","2487",446225
"Jake Goebbert","SDP",128,481,425,98,61,19,6,12,63,50,47,2,105,5,3,1,,4,2,0.23058823529411765,0.09771309771309772,0.2182952182952183,0.44761904761904764,0.3125,0.38823529411764707,0.31133565705690425,0.700735294117647,0.15764705882352942,5.621412337953457,0.2765273311897106,,-0.37263596919365227,52.18538266301714,0.5073293063100405,101.23525073377478,-0.37263596919365227,,0.294312638673929,-4.302028218694884,1.158264099351947,,,,,,,,483.9,3.78046875,483.9,3.78046875,,,,,,,,,,,,,,,,,,,"Jake Goebbert","9431",572876
"Luis Sardinas","MIL",137,569,537,149,117,25,4,3,59,44,21,0,84,4,2,5,,19,9,0.2774674115456238,0.03690685413005272,0.14762741652021089,0.25,0.30851063829787234,0.35567970204841715,0.29553835358180053,0.6641903403462894,0.07821229050279332,5.482830382312163,0.3230088495575221,,-0.12894699582830071,54.83877717196823,-6.293888857067817,83.05335423807986,-0.12894699582830071,,-10.952957156990909,4.272045855379189,1.157378406562837,,,,,,,,506.8,3.6992700729927006,506.8,3.6992700729927006,,,,,,,,,,,,,,,,,,,"Luis Sardinas","13153",596143
"Kyle Schwarber","CHC",146,591,534,125,69,30,5,21,86,76,49,2,150,3,5,0,,5,2,0.2340823970037453,0.0829103214890017,0.25380710659898476,0.32666666666666666,0.29949238578680204,0.42696629213483145,0.3184682828056387,0.7264586779216335,0.19288389513108614,5.5126304911567985,0.2826086956521739,,-0.20279909600503743,67.35274033174713,3.8564211346288486,102.04297067409003,-0.20279909600503743,,1.1525207161517157,-8.514550264550266,1.1557508541209702,,,,,,,,638.8,4.375342465753424,638.8,4.375342465753424,,,,,,,,,,,,,,,,,,,"Kyle Schwarber","16478",656941
"Gordon Beckham","CHW",137,528,482,118,80,27,0,11,60,46,31,1,85,7,4,4,,5,1,0.24481327800829875,0.058712121212121215,0.16098484848484848,0.36470588235294116,0.29770992366412213,0.36929460580912865,0.2967068821932572,0.6670045294732507,0.1244813278008299,3.5659905437133435,0.2743589743589744,,0.18180296407081187,51.36050855026852,-5.367167483705173,87.49571767635706,0.18180296407081187,,-7.0753469815636825,0.9400352733686066,1.148951947042808,,,,,,,,481.2,3.5124087591240873,481.2,3.5124087591240873,,,,,,,,,,,,,,,,,,,"Gordon Beckham","9015",493596
"John Ryan Murphy","NYY",107,407,374,88,58,18,1,11,44,43,26,0,87,2,4,1,,1,1,0.23529411764705882,0.06388206388206388,0.21375921375921375,0.2988505747126437,0.2857142857142857,0.3770053475935829,0.29381164835004386,0.6627196333078686,0.14171122994652408,2.6772139607392704,0.275,,-0.5013149199075997,38.68662533373641,-5.0409582757849805,85.85573620051973,-0.5013149199075997,,-6.829048129030745,4.477219282774837,1.1464315740268916,,,,,,,,363.1999999999999,3.394392523364485,363.1999999999999,3.394392523364485,,,,,,,,,,,,,,,,,,,"John Ryan Murphy","10346",571974
"Randal Grichuk","STL",151,593,560,139,83,31,5,20,73,67,24,1,127,6,2,1,,8,7,0.24821428571428572,0.04047217537942664,0.21416526138279932,0.1889763779527559,0.28547297297297297,0.42857142857142855,0.31273493306890965,0.7140444015444015,0.18035714285714283,5.0299622359492595,0.28674698795180725,,-1.4617127366364002,64.97306585002545,1.2618690921724076,99.2057981682217,-1.4617127366364002,,-1.9903743186235197,-5.536596119929452,1.1443026892303725,,,,,,,,610.4,4.042384105960265,610.4,4.042384105960265,,,,,,,,,,,,,,,,,,,"Randal Grichuk","10243",545341
"Gio Urshela","CLE",133,542,514,132,91,28,4,9,61,62,21,1,76,3,2,2,,1,2,0.25680933852140075,0.03874538745387454,0.14022140221402213,0.27631578947368424,0.28888888888888886,0.37937743190661477,0.2945322576834231,0.6682663207955036,0.12256809338521402,3.4664566504337095,0.2853828306264501,,-0.9839471518062055,51.81835395137774,-6.413465007739201,85.48975349572216,-0.9839471518062055,,-9.628598460061536,2.9914756025867133,1.142217716417211,,,,,,,,482.0999999999999,3.624812030075187,482.0999999999999,3.624812030075187,,,,,,,,,,,,,,,,,,,"Gio Urshela","10681",570482
"Devon Travis","TOR",116,505,467,114,80,17,4,13,56,50,27,1,85,5,4,2,,11,5,0.24411134903640258,0.053465346534653464,0.16831683168316833,0.3176470588235294,0.29025844930417494,0.3811563169164882,0.2967307737386559,0.6714147662206631,0.13704496788008563,5.444736492691531,0.2707774798927614,,-0.10381978121586144,49.1324673376729,-5.124116747851181,86.89044433214494,-0.10381978121586144,,-7.380826123502734,1.8555261610817164,1.1364989969080919,,,,,,,,468.59999999999997,4.039655172413793,468.59999999999997,4.039655172413793,,,,,,,,,,,,,,,,,,,"Devon Travis","13862",581527
"Justin O'Conner","TBR",105,444,422,89,59,19,1,10,41,39,16,0,141,4,2,0,,2,0,0.2109004739336493,0.036036036036036036,0.31756756756756754,0.11347517730496454,0.24549549549549549,0.33175355450236965,0.25647801550121996,0.5772490499978651,0.12085308056872035,3.4364041906829765,0.2893772893772894,,0.10213909926824272,29.49019777961217,-18.212620703502076,63.23224394021373,0.10213909926824272,,-17.842036023036094,14.156966490299823,1.1278633485581169,,,,,,,,294.99999999999994,2.809523809523809,294.99999999999994,2.809523809523809,,,,,,,,,,,,,,,,,,,"Justin O'Conner","sa548314",592604
"Carlos Pérez","LAA",96,381,349,80,57,17,1,5,36,35,23,0,71,2,3,4,,2,1,0.22922636103151864,0.06036745406824147,0.18635170603674542,0.323943661971831,0.27851458885941643,0.32664756446991405,0.27117548918534334,0.6051621533293305,0.09742120343839542,3.166210465480187,0.2717391304347826,,-0.28623335203155875,29.60060738615763,-11.333567933812024,75.11142070021273,-0.28623335203155875,,-10.709371301512451,8.999559082892414,1.127137344821812,,,,,,,,277,2.8854166666666665,277,2.8854166666666665,,,,,,,,,,,,,,,,,,,"Carlos Perez","10642",542208
"Sean Coyle","BOS",91,376,341,79,47,17,1,14,45,40,27,1,122,4,3,1,,10,2,0.2316715542521994,0.07180851063829788,0.324468085106383,0.22131147540983606,0.29333333333333333,0.41055718475073316,0.3102894764851759,0.7038905180840664,0.17888563049853376,5.294068099050495,0.3125,,0.9555573503021151,40.49186493270633,0.09488351457354588,92.96280655026266,0.9555573503021151,,-1.9528868624421492,0.3815402704291593,1.125072338569108,,,,,,,,394.4,4.334065934065934,394.4,4.334065934065934,,,,,,,,,,,,,,,,,,,"Sean Coyle","sa548268",592231
"Freddy Galvis","PHI",108,400,373,89,55,20,5,9,41,45,18,1,78,1,2,6,,4,2,0.2386058981233244,0.045,0.195,0.23076923076923078,0.27411167512690354,0.3914209115281501,0.2913987061752921,0.6655325866550537,0.15281501340482573,5.252213074889533,0.2777777777777778,,-0.22936110268346965,37.28099188294055,-5.694520264009217,84.1400742823664,-0.22936110268346965,,-7.350563242875243,5.409171075837743,1.1158367231072304,,,,,,,,355.5,3.2916666666666665,355.5,3.2916666666666665,,,,,,,,,,,,,,,,,,,"Freddy Galvis","6609",520471
"David Peralta","ARI",112,458,434,123,81,24,7,11,55,55,19,1,73,2,2,1,,5,2,0.2834101382488479,0.04148471615720524,0.15938864628820962,0.2602739726027397,0.3150984682713348,0.4470046082949309,0.33285316759557054,0.7621030765662657,0.16359447004608296,5.622158895848142,0.3181818181818182,,-0.1349320539738983,57.248534365867016,8.041572957609528,106.68487322944166,-0.1349320539738983,,3.301840783639559,-7.048500881834214,1.1104937120063183,,,,,,,,534.5999999999999,4.7732142857142845,534.5999999999999,4.7732142857142845,,,,,,,,,,,,,,,,,,,"David Peralta","2136",444482
"Peter O'Brien","ARI",114,469,439,106,52,26,2,26,68,78,22,1,148,4,4,0,,0,0,0.24145785876993167,0.046908315565031986,0.31556503198294245,0.14864864864864866,0.2814498933901919,0.4874715261958998,0.3330369009676143,0.7689214195860916,0.2460136674259681,3.0913865546218484,0.29739776951672864,,-0.2903201242443174,58.68958968296157,8.30080169066296,106.81041092118456,-0.2903201242443174,,3.2950858103527967,-7.383744855967079,1.1095220039106375,,,,,,,,563.8,4.9456140350877185,563.8,4.9456140350877185,,,,,,,,,,,,,,,,,,,"Peter O'Brien","13288",598284
"Matthew den Dekker","NYM",132,519,473,114,75,24,6,9,66,52,36,1,138,4,4,2,,14,6,0.24101479915433405,0.06936416184971098,0.2658959537572254,0.2608695652173913,0.2978723404255319,0.37420718816067655,0.29785025212191796,0.6720795285862085,0.1331923890063425,6.6021922245485785,0.3181818181818182,,0.10780777642503381,50.94017211634622,-4.820554894321105,91.97232646004065,0.10780777642503381,,-4.568996919710627,-1.0930335097001762,1.1030396396287936,,,,,,,,483.6,3.663636363636364,483.6,3.663636363636364,,,,,,,,,,,,,,,,,,,"Matthew den Dekker","11385",544925
"Todd Cunningham","ATL",125,530,483,122,92,21,4,5,60,42,29,1,88,8,2,8,,15,6,0.2525879917184265,0.05471698113207547,0.1660377358490566,0.32954545454545453,0.3045977011494253,0.34368530020703936,0.29030683447898237,0.6482830013564647,0.09109730848861286,5.71377586189099,0.29846938775510207,,0.2550223022699356,48.953474954868085,-7.989078639840364,82.79086820179748,0.2550223022699356,,-9.983257724737406,3.9473838918283364,1.098574966728207,,,,,,,,453.5999999999999,3.628799999999999,453.5999999999999,3.628799999999999,,,,,,,,,,,,,,,,,,,"Todd Cunningham","10822",592239
"Rob Refsnyder","NYY",117,497,448,108,72,23,3,10,59,47,41,0,106,5,2,1,,9,5,0.24107142857142858,0.08249496981891348,0.21327967806841047,0.3867924528301887,0.31048387096774194,0.37276785714285715,0.30609534464536176,0.6832517281105991,0.13169642857142858,4.985825222761891,0.2934131736526946,,-0.5302125257439911,51.923755756123356,-1.4733180864617261,94.42678433103858,-0.5302125257439911,,-3.5748503710977766,-2.173868312757202,1.0843876647258701,,,,,,,,475.69999999999993,4.065811965811966,475.69999999999993,4.065811965811966,,,,,,,,,,,,,,,,,,,"Rob Refsnyder","13770",608701
"Raffy Lopez","CHC",101,394,355,83,61,16,1,5,41,36,34,2,85,2,2,1,,1,1,0.23380281690140844,0.08629441624365482,0.21573604060913706,0.4,0.30279898218829515,0.3267605633802817,0.28317462711992775,0.6295595455685769,0.09295774647887325,2.6532628307831203,0.29213483146067415,,-0.5352484409231693,34.23657460074349,-8.094304864002037,77.9282221193346,-0.5352484409231693,,-10.29695418657327,8.238389182833629,1.0830524603585772,,,,,,,,315.99999999999994,3.128712871287128,315.99999999999994,3.128712871287128,,,,,,,,,,,,,,,,,,,"Raffy Lopez","12606",607257
"Jurickson Profar","TEX",98,402,360,87,59,17,3,8,42,35,32,1,74,4,2,4,,8,5,0.24166666666666667,0.07960199004975124,0.18407960199004975,0.43243243243243246,0.30904522613065327,0.37222222222222223,0.30390652751442165,0.6812674483528756,0.13055555555555556,4.96856961257585,0.28214285714285714,,-0.6397231393493712,41.323831605502654,-1.8665581021818622,89.28739055374108,-0.6397231393493712,,-5.373357712979178,2.477072310405644,1.0694579826328885,,,,,,,,378,3.857142857142857,378,3.857142857142857,,,,,,,,,,,,,,,,,,,"Jurickson Profar","10815",595777
"Tyler Heineman","HOU",85,343,309,71,51,15,2,3,39,30,19,0,49,10,3,2,,3,3,0.2297734627831715,0.05539358600583091,0.14285714285714285,0.3877551020408163,0.2932551319648094,0.32038834951456313,0.27771628881829225,0.6136434814793725,0.09061488673139162,4.363921266376542,0.26153846153846155,,-0.8328151218593121,28.36900820317806,-8.482493462831371,77.40089947877182,-0.8328151218593121,,-9.353189489663237,8.301440329218106,1.0681958587444385,,,,,,,,255.99999999999997,3.0117647058823525,255.99999999999997,3.0117647058823525,,,,,,,,,,,,,,,,,,,"Tyler Heineman","13897",623168
"Gregorio Petit","HOU",125,478,446,107,77,21,1,8,51,43,21,0,91,4,3,4,,2,2,0.2399103139013453,0.043933054393305436,0.1903765690376569,0.23076923076923078,0.27848101265822783,0.3452914798206278,0.27777459274364424,0.6237724924788557,0.10538116591928251,3.1281501028869356,0.28285714285714286,,-0.7387024541385472,39.556027724691994,-11.799709290912986,77.44158151277657,-0.7387024541385472,,-12.591202044109494,7.268959435626102,1.065605450006208,,,,,,,,368.19999999999993,2.9455999999999993,368.19999999999993,2.9455999999999993,,,,,,,,,,,,,,,,,,,"Gregorio Petit","3812",463610
"Dan Butler","WSN",94,364,330,77,51,19,0,7,33,35,26,0,73,5,3,0,,1,0,0.23333333333333334,0.07142857142857142,0.20054945054945056,0.3561643835616438,0.2967032967032967,0.35454545454545455,0.2920869749325972,0.6512487512487513,0.12121212121212122,2.162130976615848,0.2766798418972332,,-0.10917207738384604,34.11785142670078,-4.989864627023508,83.09415978164992,-0.10917207738384604,,-7.016821961508413,5.687242798353909,1.0633548333554554,,,,,,,,316.99999999999994,3.3723404255319145,316.99999999999994,3.3723404255319145,,,,,,,,,,,,,,,,,,,"Dan Butler","9968",576788
"Adam Duvall","SFG",122,508,468,106,67,21,3,15,59,58,31,0,120,6,2,1,,3,1,0.2264957264957265,0.0610236220472441,0.23622047244094488,0.25833333333333336,0.28205128205128205,0.3803418803418803,0.2944869976307043,0.6623931623931624,0.15384615384615383,4.3910992907326065,0.2716417910447761,,-0.16918195597827435,48.55012185036028,-6.028778576265925,90.3442481186675,-0.16918195597827435,,-5.675255185898298,-0.13345091122868924,1.0504094514476185,,,,,,,,458.4999999999999,3.7581967213114744,458.4999999999999,3.7581967213114744,,,,,,,,,,,,,,,,,,,"Adam Duvall","10950",594807
"Zach Lutz","NYM",94,381,340,83,56,15,2,10,47,42,32,1,98,5,3,1,,1,1,0.24411764705882352,0.08398950131233596,0.2572178477690289,0.32653061224489793,0.3157894736842105,0.38823529411764707,0.313374703981002,0.7040247678018576,0.14411764705882354,3.6194790948512185,0.31063829787234043,,-0.5239372672513127,41.931871866206535,0.9976965462368799,102.57956579976664,-0.5239372672513127,,0.5792868811217025,-2.6000881834215166,1.0440091924210058,,,,,,,,383.7999999999999,4.0829787234042545,383.7999999999999,4.0829787234042545,,,,,,,,,,,,,,,,,,,"Zach Lutz","3735",518963
"Derek Dietrich","MIA",112,459,415,98,60,20,5,13,61,49,25,1,111,15,2,2,,3,2,0.236144578313253,0.054466230936819175,0.24183006535947713,0.22522522522522523,0.30196936542669583,0.40240963855421685,0.3123960768183072,0.7043790039809127,0.16626506024096385,5.525207264504992,0.2901023890784983,,-0.5273912774864584,50.17183450559485,0.8574343169699911,98.91219159944181,-0.5273912774864584,,-1.0878675959878112,-3.3134920634920637,1.042002780652663,,,,,,,,462.5999999999999,4.130357142857142,462.5999999999999,4.130357142857142,,,,,,,,,,,,,,,,,,,"Derek Dietrich","10542",518618
"Evan Gattis","HOU",106,413,383,95,54,20,1,20,46,58,21,3,98,7,2,0,,1,1,0.24804177545691905,0.05084745762711865,0.23728813559322035,0.21428571428571427,0.29782082324455206,0.4621409921671018,0.33073042035102845,0.7599618154116539,0.21409921671018275,2.3985368964815903,0.2808988764044944,,-0.47492218133993447,50.9512800730589,6.579063781333267,114.39193719580945,-0.47492218133993447,,6.058529898087605,-9.552469135802468,1.0418590883531937,,,,,,,,483.79999999999995,4.564150943396226,483.79999999999995,4.564150943396226,,,,,,,,,,,,,,,,,,,"Evan Gattis","11003",594828
"Kirk Nieuwenhuis","NYM",109,364,326,73,42,17,3,11,46,41,32,2,112,2,2,2,,6,3,0.22392638036809817,0.08791208791208792,0.3076923076923077,0.2857142857142857,0.2955801104972376,0.39570552147239263,0.30491046375698516,0.6912856319696302,0.17177914110429446,5.649324033418574,0.3024390243902439,,-0.2101927655749023,37.69787468484845,-1.4098413688758358,96.79628773622927,-0.2101927655749023,,-1.519215112987344,-0.012345679012344846,1.0411998083472889,,,,,,,,357.59999999999997,3.280733944954128,357.59999999999997,3.280733944954128,,,,,,,,,,,,,,,,,,,"Kirk Nieuwenhuis","6400",543590
"Austin Wates","MIA",93,405,365,95,74,14,4,3,45,33,30,1,69,5,1,4,,20,5,0.2602739726027397,0.07407407407407407,0.17037037037037037,0.43478260869565216,0.32418952618453867,0.3452054794520548,0.301192007958889,0.6693950056365935,0.08493150684931511,6.732470209630106,0.3129251700680272,,1.7074914192780852,40.78902682149203,-2.723679227294612,91.25689780553702,1.7074914192780852,,-2.267285427550066,-0.5119047619047619,1.040549877271212,,,,,,,,387.6,4.167741935483871,387.6,4.167741935483871,,,,,,,,,,,,,,,,,,,"Austin Wates","sa526661",534909
"Dayan Viciedo","CHW",148,570,528,134,85,24,3,22,66,71,33,2,119,5,4,0,,0,1,0.2537878787878788,0.05789473684210526,0.20877192982456141,0.2773109243697479,0.3017543859649123,0.4356060606060606,0.32293191310805336,0.7373604465709729,0.18181818181818182,2.600328373387332,0.2864450127877238,,-0.833278615726158,66.91087346074319,5.670768651339762,105.79444444321304,-0.833278615726158,,2.797168059667178,-11.283068783068783,1.0360455630635763,,,,,,,,627.1000000000001,4.237162162162163,627.1000000000001,4.237162162162163,,,,,,,,,,,,,,,,,,,"Dayan Viciedo","3917",493364
"Will Middlebrooks","SDP",114,444,413,97,67,16,1,13,39,46,24,1,110,4,3,0,,4,1,0.23486682808716708,0.05405405405405406,0.24774774774774774,0.21818181818181817,0.28153153153153154,0.3728813559322034,0.28982443384338447,0.6544128874637349,0.13801452784503632,3.271795222345368,0.28668941979522183,,0.06852195924147964,40.84580680114318,-6.857011681971057,86.53748908735895,0.06852195924147964,,-6.641148828984155,2.6313932980599644,1.035127749967416,,,,,,,,393.29999999999995,3.4499999999999997,393.29999999999995,3.4499999999999997,,,,,,,,,,,,,,,,,,,"Will Middlebrooks","7002",519025
"Danny Muno","NYM",114,469,407,92,66,16,2,8,58,43,50,0,105,5,3,4,,10,6,0.22604422604422605,0.10660980810234541,0.22388059701492538,0.47619047619047616,0.3161290322580645,0.33415233415233414,0.29633336285109163,0.6502813664103986,0.10810810810810809,4.908203446371139,0.2828282828282828,,-0.7185849740635604,45.48700260568244,-4.9017853866161625,90.93589646601788,-0.7185849740635604,,-5.490468929178811,0.7232510288065841,1.0350920248940907,,,,,,,,408.3999999999999,3.5824561403508763,408.3999999999999,3.5824561403508763,,,,,,,,,,,,,,,,,,,"Danny Muno","12214",594940
"Trayce Thompson","CHW",135,594,535,109,61,24,4,20,68,63,47,0,208,5,5,2,,15,5,0.20373831775700935,0.07912457912457913,0.3501683501683502,0.22596153846153846,0.2719594594594595,0.37570093457943926,0.2878780223026469,0.6476603940388987,0.17196261682242991,6.204208281912904,0.28525641025641024,,0.6886394482571632,53.758319560221416,-10.060315977998995,81.33530950273006,0.6886394482571632,,-11.497906799412318,2.1825396825396823,1.0278775157226867,,,,,,,,526.3,3.898518518518518,526.3,3.898518518518518,,,,,,,,,,,,,,,,,,,"Trayce Thompson","9952",572204
"Donovan Solano","MIA",126,437,399,103,80,17,2,4,41,40,24,1,76,5,4,5,,4,1,0.2581453634085213,0.05491990846681922,0.17391304347826086,0.3157894736842105,0.3055555555555556,0.3408521303258145,0.2886387065502441,0.6464076858813701,0.08270676691729323,4.100555350482521,0.3065015479876161,,0.015736482106149197,39.80442613581383,-7.146320884728795,82.67972717472335,0.015736482106149197,,-8.480534179748958,4.605673133450911,1.0266703656516591,,,,,,,,367.9,2.9198412698412697,367.9,2.9198412698412697,,,,,,,,,,,,,,,,,,,"Donovan Solano","8623",456781
"José Peraza","ATL",121,538,506,131,102,18,8,3,59,43,19,1,81,4,4,5,,43,14,0.25889328063241107,0.03531598513011153,0.15055762081784388,0.2345679012345679,0.28893058161350843,0.3438735177865613,0.2797047020797443,0.6328040994000697,0.0849802371541502,8.067532890867689,0.3004694835680751,,2.8536137295886874,45.31764003260664,-12.484423805040798,75.54685360527716,2.8536137295886874,,-11.913961672236702,4.976778365667254,1.0262875423959805,,,,,,,,465.0999999999999,3.8438016528925614,465.0999999999999,3.8438016528925614,,,,,,,,,,,,,,,,,,,"Jose Peraza","13593",606299
"Yadiel Rivera","MIL",133,506,475,112,83,17,5,7,52,41,22,1,117,5,1,3,,9,7,0.23578947368421052,0.043478260869565216,0.23122529644268774,0.18803418803418803,0.27634194831013914,0.3368421052631579,0.27292637247963253,0.6131840535732971,0.10105263157894737,5.36572937002018,0.29829545454545453,,-1.2504015599843115,39.991587306743,-14.372435559148451,67.60348858915455,-1.2504015599843115,,-19.65138084474254,13.577601410934744,1.0146900793504634,,,,,,,,374.29999999999995,2.814285714285714,374.29999999999995,2.814285714285714,,,,,,,,,,,,,,,,,,,"Yadiel Rivera","11863",592680
"Mike Ohlman","STL",101,413,376,95,66,23,2,4,41,34,31,0,96,2,3,1,,2,0,0.2526595744680851,0.07506053268765134,0.2324455205811138,0.3229166666666667,0.3106796116504854,0.35638297872340424,0.2984645507000025,0.6670625903738896,0.10372340425531912,3.7642528164618376,0.32616487455197135,,0.026731274789199233,40.73079064205827,-3.6414256496673674,89.45541453919638,0.026731274789199233,,-4.861725013036489,1.587448559670781,1.0128203932940267,,,,,,,,374.5,3.707920792079208,374.5,3.707920792079208,,,,,,,,,,,,,,,,,,,"Mike Ohlman","10347",572000
"Josh Willingham","KCR",105,431,365,82,46,17,1,18,51,55,51,3,117,11,4,0,,2,0,0.22465753424657534,0.11832946635730858,0.271461716937355,0.4358974358974359,0.33410672853828305,0.4246575342465753,0.33626000221087554,0.7587642627848583,0.19999999999999998,3.3871983318223418,0.27350427350427353,,0.004108927445486188,54.999797598733046,8.69368326039467,113.52572860752494,0.004108927445486188,,6.41194425573986,-10.750881834215168,1.0112836864296342,,,,,,,,508.2,4.84,508.2,4.84,,,,,,,,,,,,,,,,,,,"Josh Willingham","2103",425545
"J.P. Arencibia","BAL",99,356,332,72,41,15,0,16,37,56,17,1,101,5,2,0,,0,1,0.21686746987951808,0.047752808988764044,0.28370786516853935,0.16831683168316833,0.2640449438202247,0.4066265060240964,0.2946414097933702,0.6706714498443211,0.1897590361445783,1.6418967514070322,0.25806451612903225,,-0.6108255335129797,34.065474627687905,-4.182731183097387,84.80799319666727,-0.6108255335129797,,-6.555643316675598,4.5402704291593174,1.0073555699496586,,,,,,,,328.3,3.316161616161616,328.3,3.316161616161616,,,,,,,,,,,,,,,,,,,"J.P. Arencibia","697",450317
"Pete Kozma","STL",141,490,443,99,68,24,2,5,52,45,36,3,92,3,4,4,,7,4,0.2234762979683973,0.07346938775510205,0.18775510204081633,0.391304347826087,0.2839506172839506,0.32054176072234764,0.26970857492885236,0.6044923780062983,0.09706546275395034,4.3726423154207446,0.26857142857142857,,-0.5003657769411802,37.51773394094881,-15.127268439064654,69.8076021577583,-0.5003657769411802,,-17.107162091786893,11.401234567901234,1.0018877458612667,,,,,,,,358.5,2.5425531914893615,358.5,2.5425531914893615,,,,,,,,,,,,,,,,,,,"Pete Kozma","2539",518902
"Buck Britton","LAD",119,492,460,118,84,22,2,10,52,54,24,1,70,3,3,2,,3,2,0.2565217391304348,0.04878048780487805,0.14227642276422764,0.34285714285714286,0.29591836734693877,0.3782608695652174,0.2980583815974448,0.6741792369121562,0.12173913043478257,3.423984881605601,0.2819843342036554,,-0.5688655809499323,48.36864283835695,-4.49123710239127,92.72197454408523,-0.5688655809499323,,-4.588354599511322,-1.1922398589065257,1.000341579265423,,,,,,,,451.0999999999999,3.790756302521008,451.0999999999999,3.790756302521008,,,,,,,,,,,,,,,,,,,"Buck Britton","sa455619",542970
"Zelous Wheeler","NYY",112,431,395,94,63,19,1,11,47,43,27,0,89,6,2,1,,3,1,0.2379746835443038,0.06264501160092807,0.20649651972157773,0.30337078651685395,0.29534883720930233,0.37468354430379747,0.2990818550420362,0.6700323815130997,0.13670886075949368,3.5282790347225514,0.27946127946127947,,-0.13901882618665695,42.71004107004042,-3.5960732682979573,89.53306541225436,-0.13901882618665695,,-5.097745647970484,0.5836272780717224,0.992068400182429,,,,,,,,397.49999999999994,3.5491071428571423,397.49999999999994,3.5491071428571423,,,,,,,,,,,,,,,,,,,"Zelous Wheeler","8822",519412
"Mike Olt","CHC",114,423,375,78,44,17,1,16,44,49,41,1,138,3,4,0,,2,1,0.208,0.09692671394799054,0.3262411347517731,0.2971014492753623,0.28841607565011823,0.38666666666666666,0.29993884893955214,0.6750827423167849,0.17866666666666667,3.0879263829100534,0.27555555555555555,,-0.3050853081513196,42.19531229822946,-3.2512917971699182,89.38254687096575,-0.3050853081513196,,-5.3465054630296915,1.5542328042328042,0.9892218801967272,,,,,,,,400.19999999999993,3.5105263157894733,400.19999999999993,3.5105263157894733,,,,,,,,,,,,,,,,,,,"Mike Olt","10698",592609
"Collin Cowgill","LAA",113,371,337,80,58,14,2,6,40,32,26,0,86,4,1,3,,7,2,0.23738872403560832,0.07008086253369272,0.23180592991913745,0.3023255813953488,0.29891304347826086,0.34421364985163205,0.2895624469155851,0.6431266933298929,0.10682492581602374,5.240895113491598,0.3008130081300813,,0.31408303789794445,34.05562011524156,-5.80416740105435,87.94106870606481,0.31408303789794445,,-4.603550178938953,1.9104938271604937,0.9847808145910784,,,,,,,,317.09999999999997,2.8061946902654866,317.09999999999997,2.8061946902654866,,,,,,,,,,,,,,,,,,,"Collin Cowgill","7250",518577
"Brandon Nimmo","NYM",125,545,483,110,79,16,7,8,68,48,56,1,153,4,0,2,,8,5,0.2277432712215321,0.10275229357798166,0.28073394495412846,0.3660130718954248,0.31307550644567217,0.33954451345755693,0.29572541533361063,0.652620019903229,0.11180124223602483,5.876815579436543,0.3167701863354037,,-0.8056203532032669,52.603909569297386,-5.950225730921674,90.52051015270725,-0.8056203532032669,,-6.60489452726354,-0.9975014697236917,0.9765752150464986,,,,,,,,475.7,3.8056,475.7,3.8056,,,,,,,,,,,,,,,,,,,"Brandon Nimmo","12927",607043
"Domonic Brown","PHI",138,515,472,121,76,24,3,18,61,76,38,4,95,1,4,0,,7,3,0.2563559322033898,0.07378640776699029,0.18446601941747573,0.4,0.3106796116504854,0.4343220338983051,0.3249327573057723,0.7450016455487904,0.17796610169491528,4.5794241022062545,0.2837465564738292,,-0.1496972378809005,61.24487345826234,5.913901569064514,107.05255516094086,-0.1496972378809005,,3.9273514155985723,-10.676807760141093,0.9704738730981493,,,,,,,,583.4,4.2275362318840575,583.4,4.2275362318840575,,,,,,,,,,,,,,,,,,,"Domonic Brown","3154",502126
"Luis Jimenez","MIL",124,505,476,123,80,28,2,13,56,58,17,1,84,4,5,3,,10,4,0.25840336134453784,0.033663366336633666,0.16633663366336635,0.20238095238095238,0.2868525896414343,0.40756302521008403,0.30375757474385334,0.6944156148515184,0.1491596638655462,4.74625842720024,0.2864583333333333,,0.11471579689532518,51.85408615926703,-2.402497926257058,88.66922054005303,0.11471579689532518,,-6.308364306106671,-0.14447383891828358,0.9697898052235258,,,,,,,,498.3999999999999,4.019354838709677,498.3999999999999,4.019354838709677,,,,,,,,,,,,,,,,,,,"Luis Jimenez","6341",499864
"David DeJesus","TBR",108,391,344,81,53,18,3,7,44,29,37,1,72,7,2,1,,4,4,0.23546511627906977,0.09462915601023018,0.18414322250639387,0.5138888888888888,0.32051282051282054,0.36627906976744184,0.3086433928546072,0.6867918902802623,0.13081395348837208,4.3934340963258025,0.27715355805243447,,-1.0702026560902596,41.61359577591167,-0.39496734773172937,99.63105658531173,-1.0702026560902596,,-1.2287686023618183,-2.309964726631393,0.9610322013163974,,,,,,,,373.09999999999997,3.4546296296296295,373.09999999999997,3.4546296296296295,,,,,,,,,,,,,,,,,,,"David DeJesus","1825",430203
"A.J. Jimenez","TOR",77,317,298,73,51,17,1,4,28,28,13,0,60,1,4,1,,3,2,0.24496644295302014,0.04100946372239748,0.1892744479495268,0.21666666666666667,0.27531645569620256,0.348993288590604,0.27573610276361055,0.6243097442868066,0.10402684563758388,3.588075293765116,0.28991596638655465,,-0.3991979758720845,25.737146252718045,-8.320947123739648,72.24124338437238,-0.3991979758720845,,-10.071562924237702,8.823780129335685,0.9569773064168986,,,,,,,,245.49999999999994,3.1883116883116878,245.49999999999994,3.1883116883116878,,,,,,,,,,,,,,,,,,,"A.J. Jimenez","7077",543362
"Grégor Blanco","SFG",136,443,390,96,71,16,5,4,53,37,44,2,86,2,2,5,,16,6,0.24615384615384617,0.09932279909706546,0.19413092550790068,0.5116279069767442,0.3242009132420091,0.3435897435897436,0.30030729751521296,0.6677906568317526,0.09743589743589742,6.5411705810037795,0.304635761589404,,0.5040373911615461,44.31554942217599,-3.279830280570874,94.32102710348154,0.5040373911615461,,-2.3199691326549297,-2.3722810111699006,0.9569441023544383,,,,,,,,411.6999999999999,3.0272058823529404,411.6999999999999,3.0272058823529404,,,,,,,,,,,,,,,,,,,"Gregor Blanco","3123",453923
"Francisco Cervelli","PIT",57,211,187,47,34,10,1,2,22,18,16,0,40,6,1,1,,2,0,0.25133689839572193,0.07582938388625593,0.1895734597156398,0.4,0.32857142857142857,0.34759358288770054,0.3066951564380101,0.6761650114591291,0.0962566844919786,4.562074559151204,0.3082191780821918,,0.18885809741914272,22.141157385558344,-0.528425271957658,96.88149170340917,0.18885809741914272,,-0.54976270101919,2.8763962375073477,0.9561384803842861,,,,,,,,199.5,3.5,199.5,3.5,,,,,,,,,,,,,,,,,,,"Francisco Cervelli","5275",465041
"César Puello","NYM",100,377,339,82,55,16,3,8,50,41,19,1,100,17,1,1,,14,3,0.24188790560471976,0.050397877984084884,0.26525198938992045,0.19,0.31382978723404253,0.3775811209439528,0.3099358361562093,0.6914109081779953,0.13569321533923304,7.121108652540025,0.31896551724137934,,1.3294809986837208,40.49730180454847,-0.007118393951685175,100.22992444647694,1.3294809986837208,,1.4267823055334081,-4.155643738977072,0.9530554204046551,,,,,,,,385.1,3.8510000000000004,385.1,3.8510000000000004,,,,,,,,,,,,,,,,,,,"Cesar Puello","7216",527049
"Trea Turner","WSN",84,389,359,90,70,13,2,5,51,33,24,1,96,4,1,1,,18,6,0.25069637883008355,0.061696658097686374,0.2467866323907455,0.25,0.30412371134020616,0.3398328690807799,0.28881360132256834,0.6439565804209861,0.08913649025069637,6.311648644628803,0.3281853281853282,,0.9719044391531497,35.484495330616895,-6.309190232291756,80.85759403072441,0.9719044391531497,,-7.3867870706449565,4.287918871252204,0.9523335437293796,,,,,,,,342.4999999999999,4.077380952380951,342.4999999999999,4.077380952380951,,,,,,,,,,,,,,,,,,,"Trea Turner","16252",607208
"Marwin Gonzalez","HOU",113,361,334,84,61,17,1,5,38,25,18,0,58,2,1,6,,4,3,0.25149700598802394,0.04986149584487535,0.16066481994459833,0.3103448275862069,0.29295774647887324,0.3532934131736527,0.28831582992849214,0.646251159652526,0.10179640718562877,3.653217967125967,0.29044117647058826,,-0.636585510103032,32.79252042287074,-5.9928792897514285,84.79681474994024,-0.636585510103032,,-6.669333624038401,3.9792768959435625,0.9506037025673901,,,,,,,,297.6,2.633628318584071,297.6,2.633628318584071,,,,,,,,,,,,,,,,,,,"Marwin Gonzalez","5497",503556
"Orlando Arcia","MIL",132,554,520,127,92,24,4,7,62,51,29,0,84,2,1,2,,20,12,0.24423076923076922,0.052346570397111915,0.15162454873646208,0.34523809523809523,0.286231884057971,0.34615384615384615,0.2821120240766069,0.6323857302118172,0.10192307692307692,5.72864983840684,0.27906976744186046,,-0.988493392476812,47.688250718504754,-11.832833605020674,73.8796782971622,-0.988493392476812,,-17.232025068619656,9.106701940035272,0.9491138750467922,,,,,,,,446.79999999999995,3.3848484848484843,446.79999999999995,3.3848484848484843,,,,,,,,,,,,,,,,,,,"Orlando Arcia","13185",606115
"Matt Davidson","CHW",140,576,518,111,69,21,1,20,62,61,46,2,191,8,4,0,,1,1,0.21428571428571427,0.0798611111111111,0.3315972222222222,0.24083769633507854,0.2864583333333333,0.3745173745173745,0.29425364701590057,0.6609757078507078,0.16023166023166022,2.4868150887879805,0.29260450160771706,,-0.6332786127459258,54.94586868228436,-6.938868809323298,85.78395305151687,-0.6332786127459258,,-9.633946471446666,0.11640211640211628,0.9435899903996785,,,,,,,,519.3,3.709285714285714,519.3,3.709285714285714,,,,,,,,,,,,,,,,,,,"Matt Davidson","7226",571602
"Scott Sizemore","MIA",90,352,317,77,50,17,3,7,42,39,28,0,92,3,2,2,,2,2,0.24290220820189273,0.07954545454545454,0.26136363636363635,0.30434782608695654,0.30857142857142855,0.38170347003154576,0.3077192032337189,0.6902748986029743,0.13880126182965302,4.4849911146145605,0.3181818181818182,,-0.6595242384355515,37.21337247375731,-0.6050782155584836,95.71667024231624,-0.6595242384355515,,-2.351976187514543,0.29335684891240454,0.9435241003156329,,,,,,,,337.59999999999997,3.751111111111111,337.59999999999997,3.751111111111111,,,,,,,,,,,,,,,,,,,"Scott Sizemore","2881",502003
"Carlos Beltrán","NYY",113,464,422,107,66,23,1,17,54,62,34,1,81,3,5,0,,2,1,0.25355450236966826,0.07327586206896551,0.17456896551724138,0.41975308641975306,0.3103448275862069,0.43364928909952605,0.326550274894253,0.7439941166857329,0.1800947867298578,2.925862336260467,0.2735562310030395,,-0.36164117651060224,55.755479592434895,5.903885501973165,108.69937683533865,-0.36164117651060224,,4.075257669273598,-10.114638447971782,0.9386351808142076,,,,,,,,521.3999999999999,4.614159292035397,521.3999999999999,4.614159292035397,,,,,,,,,,,,,,,,,,,"Carlos Beltran","589",136860
"Jonathan Villar","HOU",132,527,471,104,72,17,5,10,59,45,42,1,157,3,2,9,,33,10,0.2208067940552017,0.07969639468690702,0.29791271347248577,0.267515923566879,0.2876447876447876,0.34182590233545646,0.2823069639777768,0.629470689980244,0.12101910828025475,7.44551828647082,0.30718954248366015,,2.392021940089762,45.442887455583886,-11.177349798022435,80.6040800848014,2.392021940089762,,-8.843529714843855,0.8090828924162254,0.9371883983299545,,,,,,,,452.9,3.4310606060606057,452.9,3.4310606060606057,,,,,,,,,,,,,,,,,,,"Jonathan Villar","10071",542340
"Jon Singleton","HOU",129,523,450,98,54,21,1,22,69,68,69,3,170,1,3,0,,3,3,0.21777777777777776,0.13193116634799235,0.32504780114722753,0.40588235294117647,0.32122370936902483,0.41555555555555557,0.32675512513289084,0.7367792649245803,0.1977777777777778,3.009587068305888,0.29118773946360155,,-0.9874011620413512,62.92724780767801,6.736765675541187,111.61814290551378,-0.9874011620413512,,5.691604416413406,-13.608318636096413,0.936299835145568,,,,,,,,579.5,4.492248062015504,579.5,4.492248062015504,,,,,,,,,,,,,,,,,,,"Jon Singleton","10441",572138
"César Hernández","PHI",142,529,489,131,103,17,8,3,58,42,32,1,108,1,2,5,,15,10,0.26789366053169733,0.06049149338374291,0.20415879017013233,0.2962962962962963,0.31297709923664124,0.3537832310838446,0.29676504948854904,0.6667603303204859,0.08588957055214724,6.1406302584004715,0.3368421052631579,,-1.2796155468095094,51.48138228450249,-5.353732529838586,87.80668283122458,-1.2796155468095094,,-8.520134857899526,0.9437095825984714,0.9262725092784208,,,,,,,,467.19999999999993,3.290140845070422,467.19999999999993,3.290140845070422,,,,,,,,,,,,,,,,,,,"Cesar Hernandez","10556",514917
"Adeiny Hechavarría","MIA",154,623,581,151,116,22,9,4,57,50,31,3,104,1,5,5,,8,6,0.25989672977624784,0.04975922953451043,0.16693418940609953,0.2980769230769231,0.2961165048543689,0.3493975903614458,0.2844110809690584,0.6455140952158147,0.08950086058519796,5.201161572051938,0.3075313807531381,,-1.209074369398877,54.726302486360076,-12.208057682514186,79.79115907676861,-1.209074369398877,,-15.34165999504737,4.867283950617282,0.9206655849529249,,,,,,,,511.7,3.3227272727272728,511.7,3.3227272727272728,,,,,,,,,,,,,,,,,,,"Adeiny Hechavarria","10459",588751
"James Loney","TBR",152,584,539,148,113,26,0,9,52,60,38,5,73,2,4,1,,3,1,0.274582560296846,0.06506849315068493,0.125,0.5205479452054794,0.32246998284734135,0.37291280148423006,0.30709756967518154,0.6953827843315714,0.09833024118738404,2.2120003348391792,0.30151843817787416,,-0.33507916983217,61.461931852797974,-1.282315881748687,98.55244599827051,-0.33507916983217,,-1.2643044673027504,-8.728982951205174,0.9190114428254224,,,,,,,,572.7,3.7677631578947373,572.7,3.7677631578947373,,,,,,,,,,,,,,,,,,,"James Loney","4556",425766
"Kelly Johnson","ATL",117,405,358,80,51,15,3,11,42,39,41,1,99,3,2,1,,7,3,0.22346368715083798,0.10123456790123457,0.24444444444444444,0.41414141414141414,0.3069306930693069,0.3743016759776536,0.30481936085608696,0.6812323690469606,0.15083798882681565,4.878344896459799,0.276,,-0.08560058707371354,41.915765230834815,-1.596940817951821,92.70669918271284,-0.08560058707371354,,-3.401270766917281,-0.5119047619047619,0.9161649334710436,,,,,,,,390.90000000000003,3.341025641025641,390.90000000000003,3.341025641025641,,,,,,,,,,,,,,,,,,,"Kelly Johnson","2234",430637
"Cameron Maybin","SDP",103,359,327,78,55,14,4,5,47,29,27,2,74,2,2,1,,13,4,0.23853211009174313,0.07520891364902507,0.20612813370473537,0.36486486486486486,0.2988826815642458,0.3516819571865443,0.28900302126166527,0.6505646387507902,0.11314984709480119,7.117453989825796,0.292,,0.782582847867161,32.80005715560947,-5.770464996277945,85.97625060177214,0.782582847867161,,-4.868748407747256,2.319077013521458,0.9129151599492289,,,,,,,,320.69999999999993,3.113592233009708,320.69999999999993,3.113592233009708,,,,,,,,,,,,,,,,,,,"Cameron Maybin","5223",457727
"Martín Maldonado","MIL",77,241,215,48,33,9,0,6,21,30,17,1,62,5,1,3,,0,1,0.22325581395348837,0.07053941908713693,0.2572614107883817,0.27419354838709675,0.29411764705882354,0.3488372093023256,0.2886768408465486,0.6429548563611491,0.12558139534883722,1.4690593231235627,0.28378378378378377,,-0.5806624037213624,21.95868877563473,-3.9340572929025024,78.3651560024167,-0.5806624037213624,,-6.433452973050657,7.427542621987066,0.9096328407790639,,,,,,,,199.49999999999994,2.5909090909090904,199.49999999999994,2.5909090909090904,,,,,,,,,,,,,,,,,,,"Martin Maldonado","6887",455117
"Deven Marrero","BOS",107,468,430,99,73,21,1,4,46,34,32,0,105,2,2,2,,16,6,0.2302325581395349,0.06837606837606838,0.22435897435897437,0.3047619047619048,0.2854077253218884,0.3116279069767442,0.26973683498959683,0.5970356322986325,0.08139534883720931,4.916109430866976,0.29411764705882354,,0.5342005209531635,35.84340797282687,-14.437941239104363,64.66687398061998,0.5342005209531635,,-17.641925229812728,11.158730158730158,0.9037563921360561,,,,,,,,344.19999999999993,3.2168224299065415,344.19999999999993,3.2168224299065415,,,,,,,,,,,,,,,,,,,"Deven Marrero","13325",571918
"Danny Valencia","TOR",115,427,402,100,61,25,2,12,41,55,20,0,85,1,4,0,,2,3,0.24875621890547264,0.0468384074941452,0.1990632318501171,0.23529411764705882,0.28337236533957844,0.41044776119402987,0.3041034836400588,0.6938201265336084,0.16169154228855723,3.011866681767957,0.284789644012945,,-1.0403559072874486,43.95822399511747,-1.918135221751407,92.03481211021868,-1.0403559072874486,,-4.7788552019577475,-0.4310699588477369,0.9019440697922579,,,,,,,,413.1000000000001,3.592173913043479,413.1000000000001,3.592173913043479,,,,,,,,,,,,,,,,,,,"Danny Valencia","6364",502143
"Curt Casali","TBR",93,360,319,67,47,15,0,5,38,27,32,0,87,6,1,2,,1,0,0.21003134796238246,0.08888888888888889,0.24166666666666667,0.367816091954023,0.29329608938547486,0.30407523510971785,0.27433194744520345,0.5973713244951927,0.09404388714733539,2.6632737359514858,0.2719298245614035,,-0.12048325105570257,28.840604789287347,-9.837356142967442,75.68996890604662,-0.12048325105570257,,-9.740180814673627,6.613756613756613,0.8992886751476468,,,,,,,,262.59999999999997,2.8236559139784942,262.59999999999997,2.8236559139784942,,,,,,,,,,,,,,,,,,,"Curt Casali","12510",592200
"Cord Phelps","PHI",108,440,396,97,67,18,3,9,50,44,39,1,82,2,2,1,,3,4,0.24494949494949494,0.08863636363636364,0.18636363636363637,0.47560975609756095,0.3143507972665148,0.37373737373737376,0.30726675750458077,0.6880881710038886,0.1287878787878788,3.7033525510581535,0.28664495114006516,,-1.3116769625339657,46.36403021850461,-0.9090331431401356,94.98208144839286,-1.3116769625339657,,-3.790060169474913,-1.3833039388594943,0.8942056353984927,,,,,,,,418.5999999999999,3.875925925925925,418.5999999999999,3.875925925925925,,,,,,,,,,,,,,,,,,,"Cord Phelps","8631",543647
"Jackie Bradley Jr.","BOS",129,505,451,103,69,25,2,7,58,41,41,1,130,8,4,1,,10,5,0.22838137472283815,0.08118811881188119,0.25742574257425743,0.3153846153846154,0.30158730158730157,0.3392461197339246,0.28856864470847793,0.6408334213212261,0.11086474501108645,5.018086440352954,0.3018867924528302,,-0.3264421315398067,45.97111354718114,-8.28547053834294,77.80692104827874,-0.3264421315398067,,-12.645637410030337,4.855526161081716,0.8880756577228409,,,,,,,,427.49999999999994,3.3139534883720927,427.49999999999994,3.3139534883720927,,,,,,,,,,,,,,,,,,,"Jackie Bradley Jr.","12984",598265
"Tommy Pham","STL",77,284,262,66,45,11,5,5,32,26,19,0,75,2,1,0,,8,2,0.25190839694656486,0.06690140845070422,0.2640845070422535,0.25333333333333335,0.30633802816901406,0.3893129770992366,0.3085218378355805,0.6956510052682507,0.13740458015267176,6.9339128083545525,0.3333333333333333,,0.5970316478051245,30.199254925901496,-0.3133586984328396,96.32715807795459,0.5970316478051245,,-0.5738493296518392,0.04350382128159902,0.8852644754822319,,,,,,,,287.59999999999997,3.7350649350649348,287.59999999999997,3.7350649350649348,,,,,,,,,,,,,,,,,,,"Tommy Pham","2967",502054
"Cristhian Adames","COL",131,545,493,137,107,22,5,3,50,43,30,1,97,3,4,15,,13,10,0.27789046653144023,0.05504587155963303,0.1779816513761468,0.30927835051546393,0.32075471698113206,0.36105476673427994,0.30311638049232037,0.6818094837154121,0.08316430020283977,4.807614988941133,0.33753148614609574,,-1.6946971176657826,55.69332224490915,-2.8608130553099107,74.25845670930374,-1.6946971176657826,,-17.4426191694862,9.007495590828924,0.8852347277835172,,,,,,,,490.4,3.7435114503816793,490.4,3.7435114503816793,,,,,,,,,,,,,,,,,,,"Cristhian Adames","6013",542436
"Jose Lobatón","WSN",80,262,236,57,40,12,1,4,25,23,23,1,57,1,1,1,,0,1,0.24152542372881355,0.08778625954198473,0.21755725190839695,0.40350877192982454,0.3103448275862069,0.3516949152542373,0.2966055661439896,0.6620397428404442,0.11016949152542374,2.301931390173892,0.30113636363636365,,-0.6145959247369319,25.465347830401097,-2.6836126258510027,86.18153310037843,-0.6145959247369319,,-4.678592444435401,4.813345091122868,0.8851348110181796,,,,,,,,230.49999999999997,2.8812499999999996,230.49999999999997,2.8812499999999996,,,,,,,,,,,,,,,,,,,"Jose Lobaton","4243",446653
"Jordany Valdespin","MIA",119,376,340,87,62,13,3,9,44,40,27,1,60,3,1,5,,14,11,0.25588235294117645,0.07180851063829788,0.1595744680851064,0.45,0.31536388140161725,0.3911764705882353,0.3139487003957903,0.7065403519898525,0.13529411764705884,5.553092316621848,0.2867647058823529,,-1.690779613563791,41.54711429126685,1.1501328731340663,99.97303742126888,-1.690779613563791,,-1.7021595921448125,-1.6184597295708407,0.8848245314400773,,,,,,,,372.4,3.1294117647058823,372.4,3.1294117647058823,,,,,,,,,,,,,,,,,,,"Jordany Valdespin","5098",518170
"Kevin Pillar","TOR",154,609,576,153,102,37,3,11,66,64,22,1,106,5,4,2,,20,8,0.265625,0.0361247947454844,0.17405582922824303,0.20754716981132076,0.29654036243822074,0.3975694444444444,0.3050706630492761,0.6941098068826652,0.13194444444444442,5.450443137856331,0.30669546436285094,,0.5008997619152069,63.14627080848885,-2.2839464352421674,92.70966934113278,0.5008997619152069,,-4.379303629785053,-6.712962962962963,0.8847316056214449,,,,,,,,605.2,3.92987012987013,605.2,3.92987012987013,,,,,,,,,,,,,,,,,,,"Kevin Pillar","12434",607680
"Tommy Medica","SDP",115,411,372,87,50,21,3,13,54,49,30,0,118,7,2,0,,4,1,0.23387096774193547,0.072992700729927,0.2871046228710462,0.2542372881355932,0.30170316301703165,0.4112903225806452,0.31608561834279636,0.7129934855976768,0.17741935483870971,5.322662135592839,0.3045267489711934,,0.09491469780914485,46.08814092892972,1.9308021979388335,104.4807100048155,0.09491469780914485,,2.16210677712043,-6.550705467372133,0.8839483383029969,,,,,,,,431.2,3.749565217391304,431.2,3.749565217391304,,,,,,,,,,,,,,,,,,,"Tommy Medica","11147",523265
"Cedric Hunter","ATL",116,432,392,98,61,24,3,10,52,49,31,2,65,4,4,1,,7,4,0.25,0.07175925925925926,0.15046296296296297,0.47692307692307695,0.308584686774942,0.4030612244897959,0.3130637429533027,0.711645911264738,0.15306122448979592,4.921179796822803,0.27414330218068533,,-0.4626618647016585,47.44176858173195,1.0282154630261982,98.33975694907441,-0.4626618647016585,,-1.2677577210266566,-3.761904761904761,0.8833923296272358,,,,,,,,444.59999999999997,3.832758620689655,444.59999999999997,3.832758620689655,,,,,,,,,,,,,,,,,,,"Cedric Hunter","2833",501986
"Christian Villanueva","CHC",134,543,500,116,70,33,1,12,58,57,29,2,142,8,4,2,,6,7,0.232,0.053406998158379376,0.26151012891344383,0.20422535211267606,0.2828096118299446,0.374,0.29013421772141185,0.6568096118299446,0.142,3.5845232255973887,0.29714285714285715,,-1.8353200040291995,50.082331797304086,-8.256925942180226,82.68343305280487,-1.8353200040291995,,-12.39021213589191,3.9951499118165783,0.8829850665429222,,,,,,,,466.59999999999985,3.4820895522388047,466.59999999999985,3.4820895522388047,,,,,,,,,,,,,,,,,,,"Christian Villanueva","11738",570799
"Stephen Drew","NYY",100,382,342,72,42,18,3,9,36,40,37,2,98,0,3,0,,2,1,0.21052631578947367,0.0968586387434555,0.25654450261780104,0.37755102040816324,0.28534031413612565,0.35964912280701755,0.28627060604722876,0.6449894369431433,0.14912280701754388,3.880282576205378,0.2647058823529412,,-0.2673813959117979,34.10090382806651,-6.9407102722705245,80.59391313213735,-0.2673813959117979,,-8.415826372199962,4.4035861258083475,0.8780385021543058,,,,,,,,327.09999999999997,3.2709999999999995,327.09999999999997,3.2709999999999995,,,,,,,,,,,,,,,,,,,"Stephen Drew","4251",452220
"Cliff Pennington","ARI",99,336,302,75,56,13,2,4,35,22,28,1,63,2,1,3,,7,3,0.24834437086092714,0.08333333333333333,0.1875,0.4444444444444444,0.3153153153153153,0.3443708609271523,0.29659049248839,0.6596861762424676,0.09602649006622516,4.9321467264217915,0.3008474576271186,,-0.05166706605814397,32.65396614372311,-3.445464059714699,81.90803231730897,-0.05166706605814397,,-6.875325100267776,4.703703703703704,0.8779777041873873,,,,,,,,299.6,3.0262626262626267,299.6,3.0262626262626267,,,,,,,,,,,,,,,,,,,"Cliff Pennington","3395",460060
"Francisco Peña","KCR",96,355,332,76,53,15,1,7,38,39,15,1,69,3,3,2,,1,2,0.2289156626506024,0.04225352112676056,0.19436619718309858,0.21739130434782608,0.26628895184135976,0.3433734939759036,0.26957308094609866,0.6096624458172634,0.11445783132530121,3.181697664062624,0.26640926640926643,,-0.8180499379523098,27.144323879463567,-10.99644315095435,66.99439161457202,-0.8180499379523098,,-13.697268067782774,10.521898883009994,0.8766669143755407,,,,,,,,258.8999999999999,2.696874999999999,258.8999999999999,2.696874999999999,,,,,,,,,,,,,,,,,,,"Francisco Pena","8298",506747
"Greg Garcia","STL",125,479,422,98,71,19,3,5,52,34,40,2,104,10,2,5,,8,4,0.23222748815165878,0.08350730688935282,0.21711899791231734,0.38461538461538464,0.31223628691983124,0.32701421800947866,0.289547300566051,0.6392505049293099,0.09478672985781988,4.963008959702698,0.29523809523809524,,-0.3569216423202306,43.963821095893366,-7.49935470007898,83.3626128556587,-0.3569216423202306,,-9.302590327091307,2.7599941211052323,0.8735733849335697,,,,,,,,399.99999999999994,3.1999999999999997,399.99999999999994,3.1999999999999997,,,,,,,,,,,,,,,,,,,"Greg Garcia","10951",594824
"Michael Cuddyer","NYM",90,372,340,92,57,21,2,12,42,44,28,2,71,1,3,0,,6,1,0.27058823529411763,0.07526881720430108,0.19086021505376344,0.39436619718309857,0.32526881720430106,0.45,0.33862704264151083,0.7752688172043011,0.17941176470588238,4.601619653833062,0.3076923076923077,,0.5062258774414659,48.146169841960855,8.178943545297571,119.83348255580964,0.5062258774414659,,8.788204246871956,-12.100529100529101,0.8724464900522189,,,,,,,,455.8999999999999,5.065555555555554,455.8999999999999,5.065555555555554,,,,,,,,,,,,,,,,,,,"Michael Cuddyer","1534",150212
"Ryan Lavarnway","BAL",97,383,345,84,59,16,0,9,39,38,31,1,77,4,3,0,,0,0,0.24347826086956523,0.08093994778067885,0.2010443864229765,0.4025974025974026,0.31070496083550914,0.3681159420289855,0.30342947703381484,0.6788209028644947,0.12463768115942028,1.2867250673854445,0.2862595419847328,,-0.3506463838275522,39.23058187692649,-1.9184710037779118,90.93993796973996,-0.3506463838275522,,-4.164845387113845,0.03630217519106349,0.8687320391296003,,,,,,,,361.4,3.7257731958762883,361.4,3.7257731958762883,,,,,,,,,,,,,,,,,,,"Ryan Lavarnway","8879",543432
"Mike O'Neill","STL",120,500,443,123,100,18,4,1,55,33,49,1,48,1,3,4,,8,6,0.27765237020316025,0.098,0.096,1.0208333333333333,0.3487903225806452,0.3431151241534989,0.312579575572351,0.6919054467341441,0.06546275395033863,4.340487736516824,0.30730478589420657,,-1.2241559342946857,54.72378349597344,1.0043933122862327,99.09964858148095,-1.2241559342946857,,-1.7294849442340237,-5.511463844797178,0.8667334652383264,,,,,,,,478.5999999999999,3.9883333333333324,478.5999999999999,3.9883333333333324,,,,,,,,,,,,,,,,,,,"Mike O'Neill","sa546800",595349
"Aaron Altherr","PHI",126,524,484,106,66,26,4,10,55,54,28,1,168,4,5,3,,13,6,0.2190082644628099,0.05343511450381679,0.32061068702290074,0.16666666666666666,0.2648752399232246,0.3512396694214876,0.2722751442056436,0.6161149093447122,0.1322314049586777,6.108711575845007,0.3086816720257235,,-0.02809557574801147,41.15248939265343,-15.145431519850765,71.07370642078885,-0.02809557574801147,,-17.042480353397927,8.925338036449148,0.8503523572646262,,,,,,,,405.6999999999999,3.219841269841269,405.6999999999999,3.219841269841269,,,,,,,,,,,,,,,,,,,"Aaron Altherr","11270",571437
"Keon Broxton","PIT",125,483,444,94,63,17,5,9,48,42,34,2,166,2,2,1,,14,6,0.21171171171171171,0.07039337474120083,0.34368530020703936,0.20481927710843373,0.2697095435684647,0.3333333333333333,0.26847299225628374,0.603042876901798,0.1216216216216216,6.246698897584796,0.31365313653136534,,0.17190442723222077,36.524049140347174,-15.368881777094671,70.76580998801015,0.17190442723222077,,-15.67813582991063,8.774691358024691,0.8472803934529581,,,,,,,,362.6,2.9008000000000003,362.6,2.9008000000000003,,,,,,,,,,,,,,,,,,,"Keon Broxton","9253",542979
"Rosell Herrera","COL",108,459,424,121,93,18,1,9,48,44,29,0,91,1,2,3,,14,12,0.28537735849056606,0.06318082788671024,0.19825708061002179,0.31868131868131866,0.33114035087719296,0.39622641509433965,0.3236095375920597,0.7273667659715326,0.11084905660377359,3.850919461320002,0.34355828220858897,,-2.1884934103582054,54.11941160161796,4.8050114129931005,88.26061434789011,-2.1884934103582054,,-8.237028840297807,2.0595238095238093,0.8471803834666202,,,,,,,,479.0999999999999,4.43611111111111,479.0999999999999,4.43611111111111,,,,,,,,,,,,,,,,,,,"Rosell Herrera","11611",594011
"Jesse Winker","CIN",97,433,386,93,58,17,2,16,59,55,43,0,112,2,2,0,,4,1,0.24093264248704663,0.09930715935334873,0.2586605080831409,0.38392857142857145,0.3187066974595843,0.41968911917098445,0.32802830956549345,0.7383958166305687,0.17875647668393782,4.475871373661903,0.29615384615384616,,0.03458843822591007,52.521289023473955,6.000297124400829,106.78316352875808,0.03458843822591007,,3.3315384086650806,-8.772927689594356,0.8415526718458953,,,,,,,,485.7,5.007216494845361,485.7,5.007216494845361,,,,,,,,,,,,,,,,,,,"Jesse Winker","13590",608385
"Emilio Bonifácio","CHW",118,448,410,103,81,15,3,4,53,27,30,1,94,1,1,6,,28,8,0.25121951219512195,0.06696428571428571,0.20982142857142858,0.3191489361702128,0.3031674208144796,0.33170731707317075,0.28483586341075073,0.6348747378876504,0.0804878048780488,6.700470106024018,0.31629392971246006,,2.164996436564252,39.499701905589,-8.632871698994743,79.21261860772097,2.164996436564252,,-8.071496745279612,1.6460905349794237,0.8410828836415545,,,,,,,,388.79999999999995,3.2949152542372877,388.79999999999995,3.2949152542372877,,,,,,,,,,,,,,,,,,,"Emilio Bonifacio","4054",466988
"Chris Denorfia","CHC",125,395,362,94,69,16,3,6,55,34,29,1,67,1,2,1,,9,3,0.2596685082872928,0.07341772151898734,0.16962025316455695,0.43283582089552236,0.3147208121827411,0.3701657458563536,0.3047796327042519,0.6848865580390947,0.11049723756906077,5.796325256993416,0.3024054982817869,,0.29931785399094224,40.86877229894939,-1.5695459461635082,92.69006152269786,0.29931785399094224,,-2.9418609557537465,-1.3540564373897706,0.840963003303904,,,,,,,,383,3.064,383,3.064,,,,,,,,,,,,,,,,,,,"Chris Denorfia","4400",456121
"Matt Szczur","CHC",138,553,509,127,98,21,4,4,62,40,34,1,99,4,2,4,,23,9,0.24950884086444008,0.06148282097649186,0.17902350813743217,0.3434343434343434,0.3005464480874317,0.3300589390962672,0.2828880023129665,0.630605387183699,0.08055009823182713,6.042676981463193,0.3014705882352941,,0.6974457546602935,47.93128983160675,-11.482355711551303,77.73238281011213,0.6974457546602935,,-13.125195965904663,4.031893004115226,0.8396158339839322,,,,,,,,455.99999999999994,3.304347826086956,455.99999999999994,3.304347826086956,,,,,,,,,,,,,,,,,,,"Matt Szczur","11255",519333
"Juan Centeno","MIL",85,316,291,76,63,10,2,1,31,24,16,1,51,2,3,4,,2,1,0.2611683848797251,0.05063291139240506,0.16139240506329114,0.3137254901960784,0.30128205128205127,0.31958762886597936,0.2771114731908228,0.6208696801480307,0.058419243986254255,4.0583762986559995,0.30991735537190085,,-0.2786925695836544,25.989294675102382,-7.961359920987936,70.46300113796488,-0.2786925695836544,,-10.755901931861493,8.805408583186361,0.8357936295206931,,,,,,,,239.39999999999998,2.816470588235294,239.39999999999998,2.816470588235294,,,,,,,,,,,,,,,,,,,"Juan Centeno","7168",518542
"Chris Johnson","ATL",147,577,544,147,105,28,2,12,50,68,26,3,137,3,3,1,,4,0,0.2702205882352941,0.045060658578856154,0.23743500866551126,0.1897810218978102,0.3055555555555556,0.3952205882352941,0.3079212166459981,0.7007761437908497,0.125,3.432025847341992,0.3391959798994975,,0.30607876158319414,61.08972864489297,-0.9024476270820638,94.82607364176337,0.30607876158319414,,-3.0450277341693335,-6.879923574368019,0.8281208119797812,,,,,,,,579.1999999999999,3.9401360544217683,579.1999999999999,3.9401360544217683,,,,,,,,,,,,,,,,,,,"Chris Johnson","1191",453400
"Austin Hedges","SDP",108,434,406,89,62,20,2,5,43,39,20,1,97,3,3,2,,3,5,0.21921182266009853,0.04608294930875576,0.22350230414746544,0.20618556701030927,0.25925925925925924,0.31527093596059114,0.255539972378317,0.5745301952198504,0.0960591133004926,3.7741807167867463,0.2736156351791531,,-1.6020192420110106,28.513762509711956,-18.114668169728542,63.11228272937808,-1.6020192420110106,,-19.572665006592,13.973251028806583,0.8275411706526341,,,,,,,,269.49999999999994,2.49537037037037,269.49999999999994,2.49537037037037,,,,,,,,,,,,,,,,,,,"Austin Hedges","12976",595978
"Greg Bird","NYY",118,514,450,104,60,26,1,17,65,60,56,1,149,4,4,0,,1,1,0.2311111111111111,0.10894941634241245,0.2898832684824903,0.37583892617449666,0.31906614785992216,0.4066666666666667,0.32276969381243165,0.7257328145265889,0.17555555555555558,2.6740337188609415,0.3020833333333333,,-0.6257378302980214,60.27322311892912,5.049690010098665,106.06144590359048,-0.6257378302980214,,2.7988850649706265,-11.442974720752499,0.8254597253333971,,,,,,,,552.4,4.68135593220339,552.4,4.68135593220339,,,,,,,,,,,,,,,,,,,"Greg Bird","14131",595885
"Scott Moore","STL",126,481,433,101,64,25,1,11,52,48,32,1,108,11,4,1,,1,1,0.23325635103926096,0.06652806652806653,0.22453222453222454,0.2962962962962963,0.3,0.371824480369515,0.29970852293400774,0.671824480369515,0.13856812933025403,2.727599199079161,0.2830188679245283,,-0.5767227443866432,47.895987819032825,-3.7820655376742702,90.30537119710868,-0.5767227443866432,,-5.811141156041913,-1.2326572604350383,0.8252412816178418,,,,,,,,442.2999999999999,3.5103174603174594,442.2999999999999,3.5103174603174594,,,,,,,,,,,,,,,,,,,"Scott Moore","4390",445599
"Rey Navarro","BAL",136,553,515,127,91,24,3,9,59,54,25,0,80,3,5,5,,5,7,0.24660194174757283,0.045207956600361664,0.14466546112115733,0.3125,0.28284671532846717,0.3572815533980582,0.28363984290265687,0.6401282687265254,0.1106796116504854,3.813152653867264,0.2737819025522042,,-2.088105484144762,48.25017121571748,-11.163474327440573,77.13156119570932,-2.088105484144762,,-15.988753659439473,6.095679012345678,0.8230345924363505,,,,,,,,441.4,3.2455882352941177,441.4,3.2455882352941177,,,,,,,,,,,,,,,,,,,"Rey Navarro","6008",519071
"Alberto Callaspo","ATL",129,475,420,106,81,18,0,7,45,46,48,2,47,1,5,1,,2,2,0.2523809523809524,0.10105263157894737,0.09894736842105263,1.0212765957446808,0.3270042194092827,0.34523809523809523,0.30229354763435107,0.6722423146473779,0.09285714285714286,1.9121161822356778,0.2668463611859838,,-0.8367326259613037,48.240284718212735,-2.7931359562901177,90.98091165645505,-0.8367326259613037,,-5.645662278297297,-1.254703115814227,0.8210424370477015,,,,,,,,436.7999999999999,3.386046511627906,436.7999999999999,3.386046511627906,,,,,,,,,,,,,,,,,,,"Alberto Callaspo","3336",430948
"Alen Hanson","PIT",127,560,525,126,82,23,11,10,59,60,25,0,121,2,3,5,,20,13,0.24,0.044642857142857144,0.21607142857142858,0.2066115702479339,0.2756756756756757,0.38285714285714284,0.28940406200048086,0.6585328185328185,0.14285714285714285,6.914013427107356,0.29219143576826195,,-1.3127691929694265,51.33668279728231,-8.829034208447371,85.06717588668964,-1.3127691929694265,,-10.699668305820484,1.1728395061728385,0.8153168476490189,,,,,,,,486.5999999999999,3.8314960629921253,486.5999999999999,3.8314960629921253,,,,,,,,,,,,,,,,,,,"Alen Hanson","12926",593700
"Jace Peterson","ATL",121,507,451,103,75,18,7,3,63,41,44,1,95,3,3,6,,24,10,0.22838137472283815,0.08678500986193294,0.1873767258382643,0.4631578947368421,0.2994011976047904,0.31929046563192903,0.2792216559648514,0.6186916632367194,0.09090909090909088,7.462113906503895,0.2808988764044944,,0.5731699571479112,42.51856628625441,-11.952895360004419,75.21680744330618,0.5731699571479112,,-13.531319937372842,5.588624338624338,0.8130137718161972,,,,,,,,404.69999999999993,3.344628099173553,404.69999999999993,3.344628099173553,,,,,,,,,,,,,,,,,,,"Jace Peterson","12325",607054
"Danny Espinosa","WSN",130,490,444,97,61,22,3,11,49,41,30,3,153,12,2,2,,11,3,0.21846846846846846,0.061224489795918366,0.3122448979591837,0.19607843137254902,0.2848360655737705,0.35585585585585583,0.2850961085447331,0.6406919214296263,0.13738738738738737,5.73406327908625,0.3049645390070922,,0.6917770775035024,43.300603037553365,-9.344399342460104,78.31757934961814,0.6917770775035024,,-11.234256264900335,3.8004115226337447,0.8123554136182511,,,,,,,,421.99999999999994,3.2461538461538457,421.99999999999994,3.2461538461538457,,,,,,,,,,,,,,,,,,,"Danny Espinosa","9219",457787
"Ramón Cabrera","CIN",123,499,460,117,88,23,2,4,47,41,34,1,60,1,3,1,,2,1,0.2543478260869565,0.06813627254509018,0.12024048096192384,0.5666666666666667,0.30522088353413657,0.3391304347826087,0.28820407606466436,0.6443513183167453,0.08478260869565218,3.0609804937961123,0.2832080200501253,,-0.4370490009896457,45.285395141294956,-8.326556262024878,79.57285168658835,-0.4370490009896457,,-11.879009950836389,4.16740152851264,0.8117856400991784,,,,,,,,416.8999999999999,3.3894308943089424,416.8999999999999,3.3894308943089424,,,,,,,,,,,,,,,,,,,"Ramon Cabrera","10327",541608
"Ernesto Mejia","ATL",131,549,506,122,72,24,1,25,62,68,34,1,189,6,3,0,,4,2,0.24110671936758893,0.061930783242258654,0.3442622950819672,0.17989417989417988,0.29508196721311475,0.4407114624505929,0.3231261562909523,0.7357934296637076,0.19960474308300397,3.2086271330349687,0.3288135593220339,,-0.37263596919365227,64.52752529972483,5.54363487803628,105.21500301744011,-0.37263596919365227,,2.841165773833816,-12.085978835978837,0.8097090983783077,,,,,,,,609.4999999999999,4.65267175572519,609.4999999999999,4.65267175572519,,,,,,,,,,,,,,,,,,,"Ernesto Mejia","sa295188",448171
"Alexi Amarista","SDP",150,469,433,106,78,18,4,6,51,46,25,3,69,1,4,6,,9,3,0.24480369515011546,0.053304904051172705,0.14712153518123666,0.36231884057971014,0.28509719222462204,0.3464203233256351,0.2779684798872989,0.6315175155502571,0.10161662817551964,5.590713946342833,0.27624309392265195,,0.2880066803190857,38.8809918793115,-11.507796112987107,78.43678818310231,0.2880066803190857,,-11.064152317427924,4.169753086419752,0.8017650839906343,,,,,,,,378.69999999999993,2.524666666666666,378.69999999999993,2.524666666666666,,,,,,,,,,,,,,,,,,,"Alexi Amarista","9063",506560
"Jared Hoying","TEX",123,504,470,107,69,21,4,13,51,46,26,1,145,4,2,2,,12,6,0.2276595744680851,0.051587301587301584,0.2876984126984127,0.1793103448275862,0.2729083665338645,0.3723404255319149,0.2851725609716541,0.6452487920657795,0.14468085106382977,5.448959636213246,0.29936305732484075,,-0.23186596995219588,44.56731602266055,-9.581829282496166,76.21561435110135,-0.23186596995219588,,-13.408238888293546,4.851851851851852,0.8005735423796795,,,,,,,,431.09999999999997,3.5048780487804874,431.09999999999997,3.5048780487804874,,,,,,,,,,,,,,,,,,,"Jared Hoying","10882",592419
"Stephen Piscotty","STL",131,547,504,134,95,30,1,8,59,47,32,2,68,8,2,1,,10,5,0.26587301587301587,0.05850091407678245,0.12431444241316271,0.47058823529411764,0.31868131868131866,0.376984126984127,0.3094651645378155,0.6956654456654456,0.1111111111111111,4.097822537551814,0.2930232558139535,,-0.3867683911230415,58.561222548072344,-0.2077903128814666,96.97169562407773,-0.3867683911230415,,-2.2461949245192825,-7.029541446208113,0.7996732488759718,,,,,,,,539.3,4.1167938931297705,539.3,4.1167938931297705,,,,,,,,,,,,,,,,,,,"Stephen Piscotty","13367",572039
"Tony Sanchez","PIT",107,403,363,81,51,20,0,10,40,44,30,0,104,6,3,1,,1,1,0.2231404958677686,0.07444168734491315,0.25806451612903225,0.28846153846153844,0.291044776119403,0.3608815426997245,0.2922586296031724,0.6519263188191275,0.1377410468319559,2.042071939350982,0.28174603174603174,,-0.5050853111315519,37.826392049711785,-5.4714364383401035,87.01758818130855,-0.5050853111315519,,-6.377985243176451,1.4037330981775424,0.793133301023047,,,,,,,,349.69999999999993,3.26822429906542,349.69999999999993,3.26822429906542,,,,,,,,,,,,,,,,,,,"Tony Sanchez","6178",506997
"Mark Canha","OAK",126,522,464,109,73,23,2,11,60,55,43,0,135,8,6,1,,3,2,0.2349137931034483,0.08237547892720307,0.25862068965517243,0.31851851851851853,0.30710172744721687,0.3642241379310345,0.3008834887832232,0.6713258653782513,0.1293103448275862,3.817768995090451,0.30246913580246915,,-0.6216510580852628,52.44900526508647,-3.634038086682977,95.08153915284593,-0.6216510580852628,,-3.443755776323797,-5.753968253968254,0.7923374109124862,,,,,,,,480.99999999999994,3.817460317460317,480.99999999999994,3.817460317460317,,,,,,,,,,,,,,,,,,,"Mark Canha","11445",592192
"Brian Goodwin","WSN",104,443,394,87,58,16,6,7,48,40,43,0,125,3,1,2,,10,8,0.22081218274111675,0.09706546275395034,0.28216704288939054,0.344,0.30158730158730157,0.34517766497461927,0.2920554535729544,0.6467649665619208,0.12436548223350252,6.102183642555041,0.3041825095057034,,-1.4086108785122633,41.51184001315982,-6.083539689587051,83.07262249266351,-1.4086108785122633,,-9.826158449681097,3.6277189888300994,0.7917327305255419,,,,,,,,374.20000000000005,3.5980769230769236,374.20000000000005,3.5980769230769236,,,,,,,,,,,,,,,,,,,"Brian Goodwin","12858",571718
"Colin Moran","HOU",129,552,513,129,95,23,2,9,59,51,30,1,118,1,8,0,,2,2,0.25146198830409355,0.05434782608695652,0.213768115942029,0.2542372881355932,0.2898550724637681,0.3567251461988304,0.28565691246527725,0.6465802186625985,0.10526315789473684,3.1269033849233114,0.30456852791878175,,-0.8254214522894472,49.01688091048196,-10.289325852308716,82.94153365177611,-0.8254214522894472,,-11.17571016041405,1.0282186948853616,0.7916774261411559,,,,,,,,463.29999999999995,3.591472868217054,463.29999999999995,3.591472868217054,,,,,,,,,,,,,,,,,,,"Colin Moran","16909",592567
"Ryan Rua","TEX",134,555,511,121,82,24,2,13,57,53,34,0,131,7,2,1,,8,3,0.23679060665362034,0.06126126126126126,0.23603603603603604,0.2595419847328244,0.2924187725631769,0.3679060665362035,0.2949646977095828,0.6603248390993803,0.13111545988258316,4.244384258658204,0.2926829268292683,,0.005058070411905646,53.2453055854184,-6.383217518474402,83.04815671161208,0.005058070411905646,,-10.336436666106302,0.03924162257495567,0.7856085332749037,,,,,,,,499.5999999999999,3.7283582089552234,499.5999999999999,3.7283582089552234,,,,,,,,,,,,,,,,,,,"Ryan Rua","12409",607387
"Sam Fuld","OAK",100,287,254,59,44,9,3,3,31,24,27,1,42,1,1,4,,13,4,0.23228346456692914,0.09407665505226481,0.14634146341463414,0.6428571428571429,0.30742049469964666,0.32677165354330706,0.2862667819709643,0.6341921482429538,0.09448818897637792,6.527988040217612,0.26666666666666666,,0.824057151330635,25.619470804978906,-5.215459160457554,84.88261412363413,0.824057151330635,,-3.9449941992733653,2.0545267489711936,0.782963900870106,,,,,,,,245.29999999999995,2.4529999999999994,245.29999999999995,2.4529999999999994,,,,,,,,,,,,,,,,,,,"Sam Fuld","8254",453539
"Ike Davis","OAK",129,441,379,83,48,19,0,16,50,59,58,4,109,1,3,0,,1,3,0.21899736147757257,0.13151927437641722,0.2471655328798186,0.5321100917431193,0.3219954648526077,0.39577836411609496,0.31871545382986355,0.7177738289687027,0.1767810026385224,1.7687756159694743,0.2607003891050584,,-1.3195341259706765,50.34173775280547,2.961235610793356,107.52393653894387,-1.3195341259706765,,2.3276451926464325,-9.101851851851851,0.7786692543135929,,,,,,,,461.79999999999995,3.5798449612403096,461.79999999999995,3.5798449612403096,,,,,,,,,,,,,,,,,,,"Ike Davis","8433",477195
"Daniel Castro","ATL",130,491,463,120,88,21,5,6,54,46,14,0,63,1,2,11,,8,5,0.2591792656587473,0.028513238289205704,0.12830957230142567,0.2222222222222222,0.28125,0.3650107991360691,0.28489154887696105,0.6462607991360692,0.10583153347732177,5.28498532192098,0.2878787878787879,,-0.6736566603649408,43.311938090662984,-9.440503069717856,79.0908193372702,-0.6736566603649408,,-12.197853845363902,4.412257495590828,0.7770943335659997,,,,,,,,400.99999999999994,3.0846153846153843,400.99999999999994,3.0846153846153843,,,,,,,,,,,,,,,,,,,"Daniel Castro","15450",593495
"Avisaíl García","CHW",109,433,405,109,79,13,4,13,50,55,20,1,104,5,3,0,,9,5,0.2691358024691358,0.046189376443418015,0.24018475750577367,0.19230769230769232,0.3094688221709007,0.41728395061728396,0.3197009079158306,0.7267527727881846,0.14814814814814814,5.391762590794389,0.32989690721649484,,-0.4736566573847085,49.75577620799272,3.234784308919593,103.53998451952921,-0.4736566573847085,,1.2111988522633008,-7.772927689594356,0.7743706805153104,,,,,,,,466.2,4.277064220183486,466.2,4.277064220183486,,,,,,,,,,,,,,,,,,,"Avisail Garcia","5760",541645
"Hanser Alberto","TEX",136,528,499,128,101,18,3,6,52,44,14,0,58,6,4,5,,15,10,0.2565130260521042,0.026515151515151516,0.10984848484848485,0.2413793103448276,0.2829827915869981,0.3406813627254509,0.2769221018422858,0.623664154312449,0.08416833667334672,4.984709735537707,0.27790432801822323,,-1.226830069674179,43.34846276420503,-13.379213269768663,70.45878997213578,-1.226830069674179,,-18.371755719852082,8.82010582010582,0.774219559236464,,,,,,,,404,2.9705882352941178,404,2.9705882352941178,,,,,,,,,,,,,,,,,,,"Hanser Alberto","11902",593643
"Cole Figueroa","NYY",115,459,413,107,84,16,3,4,50,39,34,0,42,2,5,5,,5,2,0.25907990314769974,0.07407407407407407,0.0915032679738562,0.8095238095238095,0.31497797356828194,0.3414043583535109,0.29457906032973974,0.6563823319217928,0.08232445520581116,4.545647451013485,0.2768817204301075,,-0.2065694872289896,43.89954732959944,-5.414852859025417,86.391204096809,-0.2065694872289896,,-7.072600956579266,-0.3134920634920637,0.7736635132240155,,,,,,,,399.19999999999993,3.4713043478260865,399.19999999999993,3.4713043478260865,,,,,,,,,,,,,,,,,,,"Cole Figueroa","8790",502676
"Shane Peterson","MIL",121,537,476,117,78,25,3,11,63,57,50,2,129,3,4,4,,9,2,0.24579831932773108,0.0931098696461825,0.24022346368715083,0.3875968992248062,0.31894934333958724,0.3802521008403361,0.3112144621752076,0.6992014441799234,0.13445378151260504,5.139315037821039,0.31176470588235294,,0.5594970036763698,58.211104068234256,0.5164790109541958,93.76421458117828,0.5594970036763698,,-3.199375725789299,-6.026895943562611,0.7718793296574388,,,,,,,,542.6999999999999,4.485123966942148,542.6999999999999,4.485123966942148,,,,,,,,,,,,,,,,,,,"Shane Peterson","7423",451089
"Shawn O'Malley","SEA",106,421,377,84,65,11,5,3,44,27,28,0,86,5,3,8,,14,4,0.22281167108753316,0.0665083135391924,0.2042755344418052,0.32558139534883723,0.28329297820823246,0.30238726790450926,0.26525548988046715,0.5856802461127417,0.0795755968169761,6.811721521070875,0.27835051546391754,,0.9222565912641585,30.796748740766485,-14.434977793898144,70.19893911056334,0.9222565912641585,,-12.868472396693834,6.640652557319224,0.769589233818706,,,,,,,,296.40000000000003,2.79622641509434,296.40000000000003,2.79622641509434,,,,,,,,,,,,,,,,,,,"Shawn O'Malley","9629",502523
"José Rondon","SDP",107,473,436,104,80,20,3,1,42,30,25,0,77,2,3,7,,12,10,0.23853211009174313,0.052854122621564484,0.16279069767441862,0.3246753246753247,0.2811158798283262,0.30504587155963303,0.2632892156107743,0.5861617513879592,0.0665137614678899,4.8718087840783495,0.2853185595567867,,-1.7740446014795452,33.8873041681219,-16.931238945646204,68.40703183965529,-1.7740446014795452,,-18.548319036446504,11.21384479717813,0.7667818444496195,,,,,,,,306.7,2.866355140186916,306.7,2.866355140186916,,,,,,,,,,,,,,,,,,,"Jose Rondon","14140",602922
"Michael Morse","MIA",118,452,416,110,69,24,2,15,49,53,26,1,103,7,3,0,,0,1,0.2644230769230769,0.05752212389380531,0.22787610619469026,0.2524271844660194,0.3163716814159292,0.43990384615384615,0.3323430786375989,0.7562755275697753,0.17548076923076922,2.4976191871378504,0.31561461794019935,,-0.7578707912471145,56.321720847628335,7.7593921215750985,112.5411830979964,-0.7578707912471145,,5.605234604330059,-12.303938859494414,0.7667571841702209,,,,,,,,518.2,4.391525423728814,518.2,4.391525423728814,,,,,,,,,,,,,,,,,,,"Michael Morse","3035",434604
"Iván De Jesús Jr.","CIN",115,431,392,97,72,17,3,5,44,39,31,0,95,2,4,2,,3,2,0.24744897959183673,0.07192575406032482,0.22041763341067286,0.3263157894736842,0.30303030303030304,0.34438775510204084,0.28995458354483117,0.6474180581323439,0.0969387755102041,3.9638047643275147,0.3108108108108108,,-0.5500136248301715,39.6928938205416,-6.613220517796775,80.76890369387677,-0.5500136248301715,,-9.854094704653448,3.7508818342151677,0.7623144320989379,,,,,,,,363.6999999999999,3.162608695652173,363.6999999999999,3.162608695652173,,,,,,,,,,,,,,,,,,,"Ivan De Jesus Jr.","9886",474443
"Brandon Hicks","SFG",111,410,367,72,42,17,2,11,46,40,36,1,143,4,1,2,,4,2,0.19618528610354224,0.08780487804878048,0.348780487804878,0.2517482517482518,0.27450980392156865,0.34332425068119893,0.2777006730107769,0.6178340546027676,0.14713896457765668,4.675945727047092,0.2850467289719626,,-0.25952423247508705,33.90556576818083,-10.144334182442684,78.87482140433772,-0.25952423247508705,,-9.981989926725213,4.506466784244562,0.7614034621189032,,,,,,,,322.3,2.903603603603604,322.3,2.903603603603604,,,,,,,,,,,,,,,,,,,"Brandon Hicks","4003",518794
"Ryan Flaherty","BAL",105,330,302,69,44,14,1,10,35,39,21,2,79,4,1,2,,2,1,0.22847682119205298,0.06363636363636363,0.23939393939393938,0.26582278481012656,0.2865853658536585,0.38079470198675497,0.2949648632959354,0.6673800678404135,0.152317880794702,3.509624513113157,0.2757009345794392,,-0.22967748367227614,31.659412798538945,-3.795384722694613,85.03368548600918,-0.22967748367227614,,-5.658457088449828,2.212522045855379,0.7607236614469228,,,,,,,,300.69999999999993,2.863809523809523,300.69999999999993,2.863809523809523,,,,,,,,,,,,,,,,,,,"Ryan Flaherty","7888",475247
"Aledmys Díaz","STL",146,567,529,129,85,27,3,14,61,60,17,0,130,9,6,6,,15,6,0.2438563327032136,0.029982363315696647,0.2292768959435626,0.13076923076923078,0.27629233511586454,0.3856332703213611,0.2913135932941063,0.6619256054372256,0.14177693761814747,5.450111344993854,0.29411764705882354,,0.31911895307712257,52.808792795432275,-8.10899567286902,84.56945029382157,0.31911895307712257,,-9.501901833195694,-0.75,0.7590385399842432,,,,,,,,510.09999999999997,3.4938356164383557,510.09999999999997,3.4938356164383557,,,,,,,,,,,,,,,,,,,"Aledmys Diaz","15937",649557
"Nick Hundley","COL",91,302,278,72,49,13,1,9,30,43,18,2,66,2,3,1,,1,1,0.2589928057553957,0.059602649006622516,0.2185430463576159,0.2727272727272727,0.30564784053156147,0.41007194244604317,0.31333056441118884,0.7157197829776046,0.1510791366906475,2.6345978818749454,0.3058252427184466,,-0.4296774866525084,33.22711293222223,0.7806012612751496,81.2374015680893,-0.4296774866525084,,-6.790189834452905,4.548206937095825,0.7573131646796936,,,,,,,,312.29999999999995,3.431868131868131,312.29999999999995,3.431868131868131,,,,,,,,,,,,,,,,,,,"Nick Hundley","3376",460026
"Brett Phillips","HOU",109,463,416,100,64,20,4,12,54,47,29,0,103,3,5,10,,11,12,0.2403846153846154,0.06263498920086392,0.2224622030237581,0.2815533980582524,0.2913907284768212,0.3942307692307692,0.30249794982127004,0.6856214977075904,0.15384615384615383,5.48873004614257,0.2875816993464052,,-2.6866928562521935,47.094167439969375,-2.649987870124984,94.69250325211536,-2.6866928562521935,,-5.387814426092315,-2.2987948265726046,0.7545028476070474,,,,,,,,420.9,3.8614678899082566,420.9,3.8614678899082566,,,,,,,,,,,,,,,,,,,"Brett Phillips","14735",621433
"Justin Ruggiano","SEA",105,359,325,77,50,15,1,11,40,40,28,0,103,3,2,1,,8,5,0.23692307692307693,0.07799442896935933,0.28690807799442897,0.27184466019417475,0.3016759776536313,0.39076923076923076,0.3084031208600412,0.6924452084228621,0.15384615384615383,4.360537494941974,0.30985915492957744,,-0.5907080534379929,38.1417224875515,-0.42879966433592087,100.30554651543365,-0.5907080534379929,,-0.47013640819549507,-3.957231040564374,0.753139785724939,,,,,,,,352.99999999999994,3.3619047619047615,352.99999999999994,3.3619047619047615,,,,,,,,,,,,,,,,,,,"Justin Ruggiano","7620",448605
"Eric Jagielo","NYY",86,359,323,72,45,12,0,15,46,47,27,1,116,7,2,0,,0,0,0.22291021671826625,0.07520891364902507,0.3231197771587744,0.23275862068965517,0.29526462395543174,0.3993808049535604,0.3087112134395365,0.6946454289089921,0.17647058823529413,1.8244047619047619,0.29381443298969073,,-0.2940905154682696,38.22655336393816,-0.3439687879492589,96.25202787328897,-0.2940905154682696,,-1.7730769964602837,-2.680922986478542,0.7502185078634862,,,,,,,,358,4.162790697674419,358,4.162790697674419,,,,,,,,,,,,,,,,,,,"Eric Jagielo","sa550383",592429
"Carlos Quentin","SDP",75,276,236,57,32,15,0,10,33,38,26,0,48,10,4,0,,0,0,0.24152542372881355,0.09420289855072464,0.17391304347826086,0.5416666666666666,0.33695652173913043,0.4322033898305085,0.34154483114463696,0.7691599115696389,0.19067796610169493,1.4870352250489232,0.25824175824175827,,-0.25638660322874784,36.3389999862182,6.685896604822857,121.87597561814665,-0.25638660322874784,,6.521100286895319,-8.042328042328043,0.7500005738223665,,,,,,,,328.7,4.382666666666666,328.7,4.382666666666666,,,,,,,,,,,,,,,,,,,"Carlos Quentin","6274",435041
"Tony Renda","WSN",125,563,513,128,97,27,2,2,65,43,38,0,72,6,4,2,,19,6,0.24951267056530213,0.0674955595026643,0.12788632326820604,0.5277777777777778,0.3065953654188948,0.3216374269005848,0.28373998764789465,0.6282327923194796,0.07212475633528265,5.518015786188957,0.28442437923250563,,1.0060072282794863,49.165930775859415,-11.322102570972383,77.39099597927182,1.0060072282794863,,-13.282340122220084,3.068636096413874,0.7499405455714154,,,,,,,,463.59999999999997,3.7087999999999997,463.59999999999997,3.7087999999999997,,,,,,,,,,,,,,,,,,,"Tony Renda","13443",573113
"Rob Segedin","NYY",94,396,356,81,56,17,1,7,42,38,29,1,88,7,4,0,,2,1,0.22752808988764045,0.07323232323232323,0.2222222222222222,0.32954545454545453,0.29545454545454547,0.3398876404494382,0.2852390791796431,0.6353421859039836,0.11235955056179775,3.281289561788668,0.2792452830188679,,-0.3201668730471283,35.037379787940296,-7.508377237539974,79.87415694332876,-0.3201668730471283,,-9.080541343024237,3.455026455026455,0.7493897112345634,,,,,,,,327.4,3.4829787234042553,327.4,3.4829787234042553,,,,,,,,,,,,,,,,,,,"Rob Segedin","11446",574847
"Brandon Guyer","TBR",93,336,302,77,55,15,3,4,43,28,18,0,60,10,1,5,,9,2,0.25496688741721857,0.05357142857142857,0.17857142857142858,0.3,0.31722054380664655,0.36423841059602646,0.30618699961918716,0.681458954402673,0.1092715231788079,6.519022651429587,0.3054393305439331,,0.7329349999781698,35.12700382990043,-0.9724263735373739,97.91708839999517,0.7329349999781698,,-0.036343366166320834,-3.7037037037037037,0.7491666894750542,,,,,,,,322.9,3.472043010752688,322.9,3.472043010752688,,,,,,,,,,,,,,,,,,,"Brandon Guyer","2636",446386
"Bobby Wilson","TBR",72,251,227,49,38,8,0,3,23,18,16,1,47,1,2,5,,0,1,0.21585903083700442,0.06374501992031872,0.18725099601593626,0.3404255319148936,0.2682926829268293,0.2907488986784141,0.25146066023378955,0.5590415816052434,0.07488986784140966,1.8771389018579014,0.2569832402234637,,-0.5806624037213624,15.70537229793529,-11.261761574275692,59.73134384864684,-0.5806624037213624,,-11.690667579617251,10.611258083480305,0.7477053946401363,,,,,,,,146.99999999999997,2.041666666666666,146.99999999999997,2.041666666666666,,,,,,,,,,,,,,,,,,,"Bobby Wilson","6564",435064
"Pedro Florimón","PIT",134,464,423,96,68,20,3,5,45,39,32,1,119,2,2,5,,14,5,0.22695035460992907,0.06896551724137931,0.25646551724137934,0.2689075630252101,0.28322440087145967,0.32387706855791965,0.27221060228660116,0.6071014694293793,0.09692671394799057,5.556705775313062,0.3023255813953488,,0.533884139964357,36.41740349638456,-13.434190594077174,73.31956998610882,0.533884139964357,,-13.362537374904443,6.114638447971781,0.7463804876121498,,,,,,,,351.29999999999995,2.621641791044776,351.29999999999995,2.621641791044776,,,,,,,,,,,,,,,,,,,"Pedro Florimon","8385",465753
"Andy Wilkins","CHW",137,562,520,126,74,27,1,24,68,75,37,2,136,2,3,0,,2,2,0.2423076923076923,0.06583629893238434,0.24199288256227758,0.27205882352941174,0.29359430604982206,0.43653846153846154,0.3197492692087378,0.7301327675882836,0.19423076923076923,2.809568507232691,0.2809917355371901,,-0.7726359751541167,64.5999361060015,4.219341539537067,103.57372900158059,-0.7726359751541167,,1.4350196863445435,-12.324808935920046,0.7447621669180888,,,,,,,,610.3999999999999,4.455474452554744,610.3999999999999,4.455474452554744,,,,,,,,,,,,,,,,,,,"Andy Wilkins","11251",519421
"Cam Gallagher","KCR",92,347,316,71,53,14,0,4,34,32,22,0,42,2,4,3,,1,0,0.22468354430379747,0.06340057636887608,0.12103746397694524,0.5238095238095238,0.2761627906976744,0.3069620253164557,0.26267356945331705,0.5831248160141301,0.08227848101265825,2.6029494128147235,0.24452554744525548,,-0.09032012126408517,24.696395011086338,-12.584861776392584,62.18020184139764,-0.09032012126408517,,-14.515528144614448,10.374926513815403,0.7431872829390305,,,,,,,,233.69999999999996,2.5402173913043473,233.69999999999996,2.5402173913043473,,,,,,,,,,,,,,,,,,,"Cam Gallagher","12981",595956
"Dustin Garneau","COL",89,351,316,75,48,17,2,8,32,35,24,0,61,6,3,2,,3,4,0.23734177215189872,0.06837606837606838,0.1737891737891738,0.39344262295081966,0.3008595988538682,0.379746835443038,0.30323124717504724,0.6806064342969063,0.14240506329113928,3.5297972991772255,0.268,,-1.2023356170393527,35.89946616370448,-1.8115457452439427,74.33694053642395,-1.2023356170393527,,-11.313652477467127,7.448412698412699,0.7420369821636492,,,,,,,,324.40000000000003,3.6449438202247193,324.40000000000003,3.6449438202247193,,,,,,,,,,,,,,,,,,,"Dustin Garneau","9433",572863
"Allen Craig","BOS",125,506,462,119,79,26,1,13,55,64,34,1,108,6,4,0,,2,1,0.25757575757575757,0.06719367588932806,0.2134387351778656,0.3148148148148148,0.3142292490118577,0.4025974025974026,0.31733685413209517,0.7168266516092603,0.14502164502164505,2.875911135951525,0.3072463768115942,,-0.421967436093837,57.226705538152956,2.8626826722615006,97.88017112469547,-0.421967436093837,,-1.6009970777227935,-7.5776014109347445,0.7392254422759401,,,,,,,,528.6999999999999,4.2296,528.6999999999999,4.2296,,,,,,,,,,,,,,,,,,,"Allen Craig","3433",501800
"Kristopher Negrón","CIN",115,394,361,78,51,16,3,8,41,35,20,0,108,6,2,5,,11,2,0.21606648199445982,0.050761421319796954,0.27411167512690354,0.18518518518518517,0.26735218508997427,0.34349030470914127,0.2727419182390051,0.6108424897991156,0.12742382271468145,6.380238785226773,0.2834008097165992,,1.1555573532823473,31.083954955909398,-11.246924508836125,69.00817537762002,1.1555573532823473,,-12.55122576677986,7.343033509700176,0.7375751465894298,,,,,,,,307.7999999999999,2.676521739130434,307.7999999999999,2.676521739130434,,,,,,,,,,,,,,,,,,,"Kristopher Negron","5306",502117
"Charlie Blackmon","COL",142,567,522,145,99,28,4,14,64,61,29,2,93,9,3,4,,19,6,0.2777777777777778,0.05114638447971781,0.164021164021164,0.3118279569892473,0.325044404973357,0.4272030651340996,0.33105092645753936,0.7522474701074566,0.14942528735632182,5.609754205678581,0.3133971291866029,,1.0286295756231993,70.08944156620635,9.17165309790505,93.34501883653735,1.0286295756231993,,-3.2070398971533223,-7.25,0.7365372909196976,,,,,,,,658.9000000000001,4.640140845070423,658.9000000000001,4.640140845070423,,,,,,,,,,,,,,,,,,,"Charlie Blackmon","7859",453568
"Garrett Jones","NYY",136,471,430,103,57,23,2,21,56,61,36,2,121,1,4,0,,1,1,0.23953488372093024,0.07643312101910828,0.25690021231422505,0.2975206611570248,0.29723991507430997,0.44883720930232557,0.3253530500285915,0.7460771243766355,0.20930232558139533,2.9907120283418767,0.2808219178082192,,-0.5239372672513127,56.16412945627822,5.560463903244864,107.86400353238996,-0.5239372672513127,,3.5474087155948393,-11.65299823633157,0.7361505155486461,,,,,,,,532.4,3.914705882352941,532.4,3.914705882352941,,,,,,,,,,,,,,,,,,,"Garrett Jones","2714",434540
"Darin Ruf","PHI",125,470,417,102,63,24,1,14,55,49,39,1,126,8,6,0,,1,1,0.2446043165467626,0.08297872340425531,0.2680851063829787,0.30952380952380953,0.3170212765957447,0.407673860911271,0.32079331745216844,0.7246951375070156,0.1630695443645084,2.631123915108998,0.31095406360424027,,-0.5880339180584997,54.401211732363286,3.9049849596973125,104.2242408566336,-0.5880339180584997,,1.6405998371243093,-9.180776014109348,0.7342528592967135,,,,,,,,501.1999999999999,4.009599999999999,501.1999999999999,4.009599999999999,,,,,,,,,,,,,,,,,,,"Darin Ruf","9929",573131
"Chris Heisey","LAD",113,308,285,68,44,14,2,8,38,31,13,0,66,4,2,4,,6,2,0.23859649122807017,0.04220779220779221,0.21428571428571427,0.19696969696969696,0.27960526315789475,0.38596491228070173,0.2940332048425549,0.6655701754385965,0.14736842105263157,5.783341771682685,0.28169014084507044,,0.21588359796442091,29.328702676541493,-3.762441676609829,89.97173166199369,0.21588359796442091,,-3.2512361074673533,0.6049382716049383,0.7328963108355584,,,,,,,,279.7999999999999,2.4761061946902645,279.7999999999999,2.4761061946902645,,,,,,,,,,,,,,,,,,,"Chris Heisey","3978",502317
"Ryan Sweeney","CHC",85,266,243,62,42,13,2,5,29,26,19,1,41,1,1,2,,1,0,0.2551440329218107,0.07142857142857142,0.15413533834586465,0.4634146341463415,0.3106060606060606,0.3868312757201646,0.3087280714466545,0.6974373363262252,0.13168724279835392,3.8951139401230286,0.2878787878787879,,-0.029993861680850387,28.327292179257178,-0.25142339846441775,95.38787237869944,-0.029993861680850387,,-1.407124454354367,-0.02263374485596714,0.7268140964534628,,,,,,,,262.19999999999993,3.0847058823529405,262.19999999999993,3.0847058823529405,,,,,,,,,,,,,,,,,,,"Ryan Sweeney","6352",435220
"Will Venable","SDP",145,469,429,104,70,18,5,11,62,44,31,3,107,4,2,3,,17,6,0.24242424242424243,0.06609808102345416,0.2281449893390192,0.2897196261682243,0.2982832618025751,0.38461538461538464,0.30096603521260534,0.6828986464179597,0.1421911421911422,7.047098222415651,0.2971246006389776,,0.7530524800531566,47.15341580157691,-3.2353721907216904,94.1501013344053,0.7530524800531566,,-2.3266825954284367,-5.276748971193416,0.7239925201345413,,,,,,,,458,3.1586206896551725,458,3.1586206896551725,,,,,,,,,,,,,,,,,,,"Will Venable","211",461416
"Mike Hessman","DET",107,438,399,89,47,17,1,24,51,59,32,1,130,2,5,0,,2,2,0.22305764411027568,0.0730593607305936,0.2968036529680365,0.24615384615384617,0.2808219178082192,0.45112781954887216,0.319003607097425,0.7319497373570913,0.22807017543859648,2.967995628144394,0.26,,-0.6557538472115993,50.096077078524935,3.037891277614936,103.14906461099305,-0.6557538472115993,,0.8603504724241344,-8.04673721340388,0.7231060739798573,,,,,,,,480.2,4.48785046728972,480.2,4.48785046728972,,,,,,,,,,,,,,,,,,,"Mike Hessman","1808",425634
"Jemile Weeks","BOS",116,496,437,108,78,22,6,2,56,31,44,0,80,5,3,7,,13,4,0.2471395881006865,0.08870967741935484,0.16129032258064516,0.55,0.3210633946830266,0.33867276887871856,0.29811740835751493,0.6597361635617451,0.09153318077803205,6.3548962436283265,0.29608938547486036,,0.6129152427893132,48.78433862142105,-4.505296440796668,84.46964787375721,0.6129152427893132,,-7.854217774469147,-1.1775426219870664,0.7208257298373835,,,,,,,,445.09999999999997,3.837068965517241,445.09999999999997,3.837068965517241,,,,,,,,,,,,,,,,,,,"Jemile Weeks","2498",457789
"Dan Johnson","HOU",120,492,425,95,60,18,0,17,58,53,58,3,97,4,5,0,,0,0,0.2235294117647059,0.11788617886178862,0.19715447154471544,0.5979381443298969,0.31910569105691056,0.38588235294117645,0.3142840176028464,0.704988043998087,0.16235294117647056,1.4020483193277307,0.2468354430379747,,-0.44867655565030873,54.49137270187584,1.631492761127624,102.91632707491318,-0.44867655565030873,,1.1284797470327197,-10.038800705467372,0.7203437631773012,,,,,,,,505,4.208333333333333,505,4.208333333333333,,,,,,,,,,,,,,,,,,,"Dan Johnson","2167",430681
"Jose Tabata","PIT",130,432,393,104,77,21,3,3,47,37,28,0,61,6,2,3,,6,6,0.26463104325699743,0.06481481481481481,0.1412037037037037,0.45901639344262296,0.32167832167832167,0.356234096692112,0.3042607197672615,0.6779124183704337,0.09160305343511455,4.35851236396027,0.30513595166163143,,-1.4808810737449676,44.525054493517075,-1.8884986251886704,95.21813813328448,-1.4808810737449676,,-3.7997326251879104,-2.761904761904761,0.7153525801330322,,,,,,,,392.19999999999993,3.0169230769230766,392.19999999999993,3.0169230769230766,,,,,,,,,,,,,,,,,,,"Jose Tabata","2411",467798
"Tony Abreu","SFG",99,375,353,87,59,20,3,5,39,36,12,1,64,5,4,1,,3,2,0.24645892351274787,0.032,0.17066666666666666,0.1875,0.27807486631016043,0.3626062322946176,0.28157263003469474,0.640681098604778,0.11614730878186971,4.683397034362118,0.2847222222222222,,-0.43690188811160624,32.1248159998742,-8.164726637891212,81.52037534972858,-0.43690188811160624,,-8.215773201436454,3.3778659611992943,0.7150738107797966,,,,,,,,307.3999999999999,3.1050505050505044,307.3999999999999,3.1050505050505044,,,,,,,,,,,,,,,,,,,"Tony Abreu","5053",473234
"Matt Clark","MIL",128,487,436,106,64,18,1,23,65,70,40,2,141,5,6,0,,0,0,0.24311926605504589,0.08213552361396304,0.28952772073921973,0.28368794326241137,0.31006160164271046,0.44724770642201833,0.3313392094730102,0.7573093080647288,0.20412844036697245,2.1520034843205575,0.29856115107913667,,-0.40343186096288264,60.30795656237857,7.9852705234672285,107.51465248242933,-0.40343186096288264,,3.7045643653265543,-11.946942974720752,0.7137028084698965,,,,,,,,566.6999999999999,4.4273437499999995,566.6999999999999,4.4273437499999995,,,,,,,,,,,,,,,,,,,"Matt Clark","8793",518558
"Torii Hunter","MIN",132,566,531,148,99,32,3,14,64,70,20,0,94,6,8,1,,3,3,0.2787193973634652,0.0353356890459364,0.16607773851590105,0.2127659574468085,0.30796460176991153,0.4293785310734463,0.3225195917408023,0.7373431328433578,0.15065913370998113,3.5190451002520775,0.3109048723897912,,-1.00248272693716,66.26233274152827,5.45198305359435,104.70599014487456,-1.00248272693716,,1.925313506865396,-13.238977072310405,0.7120705607123,,,,,,,,614.6,4.656060606060606,614.6,4.656060606060606,,,,,,,,,,,,,,,,,,,"Torii Hunter","731",116338
"Andy Parrino","OAK",122,471,428,91,65,19,2,5,44,37,35,2,119,5,2,1,,4,1,0.21261682242990654,0.07430997876857749,0.2526539278131635,0.29411764705882354,0.27872340425531916,0.3014018691588785,0.26202016928766525,0.5801252734141977,0.08878504672897197,4.215690721979571,0.28104575163398693,,0.03458843822591007,33.28558364999109,-17.31808190304227,67.96434462931114,0.03458843822591007,,-16.550886919725684,8.191798941798941,0.7083446963229723,,,,,,,,319.9,2.6221311475409834,319.9,2.6221311475409834,,,,,,,,,,,,,,,,,,,"Andy Parrino","3972",519107
"Roberto Pérez","CLE",91,333,289,56,36,14,1,5,32,27,33,1,97,3,2,6,,1,1,0.19377162629757785,0.0990990990990991,0.2912912912912913,0.3402061855670103,0.28134556574923547,0.30103806228373703,0.26561420918242334,0.5823836280329725,0.10726643598615918,3.00620004654876,0.2698412698412698,,-0.4447590515483171,24.451040837110487,-11.326073025225195,65.31195199494567,-0.4447590515483171,,-13.141653180227149,9.117724867724867,0.7076763929276452,,,,,,,,224.99999999999997,2.472527472527472,224.99999999999997,2.472527472527472,,,,,,,,,,,,,,,,,,,"Roberto Perez","2900",547379
"Stuart Turner","MIN",77,304,280,61,43,11,1,6,32,28,17,0,63,4,2,1,,4,1,0.21785714285714286,0.05592105263157895,0.20723684210526316,0.2698412698412698,0.2706270627062706,0.32857142857142857,0.26897334659060235,0.5991984912776992,0.11071428571428571,4.642256241164274,0.25821596244131456,,0.18163369596004486,23.104883431732752,-9.556505799949068,67.3436658609487,0.18163369596004486,,-10.730619088470835,7.584950029394474,0.703943379127627,,,,,,,,223.39999999999995,2.9012987012987006,223.39999999999995,2.9012987012987006,,,,,,,,,,,,,,,,,,,"Stuart Turner","15207",642156
"Kyle Farmer","LAD",81,345,324,81,61,16,2,2,32,32,13,0,60,4,3,1,,6,3,0.25,0.03768115942028986,0.17391304347826086,0.21666666666666667,0.28488372093023256,0.33024691358024694,0.2741137264772903,0.6151306345104794,0.08024691358024694,4.624004949035408,0.2981132075471698,,-0.225274330470711,27.581170654862905,-9.485208571881271,76.3615458428261,-0.225274330470711,,-9.37968394112981,5.338183421516755,0.7027714666639158,,,,,,,,260.2,3.2123456790123455,260.2,3.2123456790123455,,,,,,,,,,,,,,,,,,,"Kyle Farmer","14813",571657
"Elmer Reyes","ATL",123,476,448,106,71,25,4,6,47,43,12,0,113,8,4,4,,4,3,0.23660714285714285,0.025210084033613446,0.23739495798319327,0.10619469026548672,0.2669491525423729,0.35044642857142855,0.2728039661453942,0.6173955811138014,0.1138392857142857,4.741278922659038,0.3003003003003003,,-0.6742894223425537,37.57585676695438,-13.565002687915843,70.83185572062928,-0.6742894223425537,,-16.259329582506474,8.246913580246915,0.7023854389151545,,,,,,,,356.5,2.8983739837398375,356.5,2.8983739837398375,,,,,,,,,,,,,,,,,,,"Elmer Reyes","sa506274",554239
"Leury García","CHW",103,320,298,70,55,9,3,3,31,19,15,1,88,1,1,5,,21,5,0.2348993288590604,0.046875,0.275,0.17045454545454544,0.273015873015873,0.31543624161073824,0.26197723066730866,0.5884521146266113,0.08053691275167785,7.236199772742559,0.32211538461538464,,2.0507662887685,22.6038708337804,-11.776538883779413,63.26282330737844,2.0507662887685,,-10.871216511331713,7.175778953556732,0.6988500146782918,,,,,,,,239.29999999999998,2.3233009708737864,239.29999999999998,2.3233009708737864,,,,,,,,,,,,,,,,,,,"Leury Garcia","5913",544725
"Miguel Olivo","LAD",63,228,218,49,28,9,2,10,25,31,7,0,72,2,1,0,,2,2,0.22477064220183487,0.03070175438596491,0.3157894736842105,0.09722222222222222,0.2543859649122807,0.42201834862385323,0.29560868023780357,0.676404313536134,0.19724770642201836,4.727764056658964,0.2846715328467153,,-0.49362702458165586,21.98635981464122,-2.509682109120149,91.04819122030482,-0.49362702458165586,,-2.7846941680245436,2.188712522045855,0.6920350911314009,,,,,,,,213.1,3.3825396825396825,213.1,3.3825396825396825,,,,,,,,,,,,,,,,,,,"Miguel Olivo","1638",400018
"Ryan Schimpf","TOR",116,476,426,83,42,21,2,18,51,56,40,2,161,6,3,1,,2,2,0.19483568075117372,0.08403361344537816,0.3382352941176471,0.2484472049689441,0.27157894736842103,0.38028169014084506,0.2888252863672269,0.6518606375092661,0.18544600938967135,3.670475909008349,0.26,,-0.6783761945553124,43.42488234265766,-7.715977112212561,81.37432677870507,-0.6783761945553124,,-10.423611617562702,1.7489711934156378,0.6909853473034654,,,,,,,,416.49999999999994,3.59051724137931,416.49999999999994,3.59051724137931,,,,,,,,,,,,,,,,,,,"Ryan Schimpf","9953",572114
"Eric Sogard","OAK",112,362,326,79,61,14,1,3,40,29,28,1,42,2,2,4,,9,4,0.24233128834355827,0.07734806629834254,0.11602209944751381,0.6666666666666666,0.30446927374301674,0.31901840490797545,0.281339582942781,0.6234876786509922,0.07668711656441718,4.601698292787894,0.26855123674911663,,-0.04758029384538531,30.94645180190917,-7.946386691080372,81.44462127490978,-0.04758029384538531,,-7.4309020819048985,2.3300999412110524,0.6896237082159838,,,,,,,,286.8,2.560714285714286,286.8,2.560714285714286,,,,,,,,,,,,,,,,,,,"Eric Sogard","7927",519299
"Nate McLouth","WSN",105,351,311,73,50,15,2,6,38,24,31,1,56,5,1,3,,12,3,0.2347266881028939,0.08831908831908832,0.15954415954415954,0.5535714285714286,0.3132183908045977,0.3536977491961415,0.30025716697104726,0.6669161400007392,0.1189710610932476,5.804442680887287,0.268,,0.9483329488430172,35.09882473338913,-2.6121871755592947,88.6765264371691,0.9483329488430172,,-3.5131471532065843,-0.8690476190476186,0.6853330588023014,,,,,,,,331.5,3.157142857142857,331.5,3.157142857142857,,,,,,,,,,,,,,,,,,,"Nate McLouth","3190",434661
"Dwight Smith Jr.","TOR",124,547,505,125,88,22,4,11,60,53,39,1,108,1,1,1,,14,5,0.24752475247524752,0.0712979890310786,0.19744058500914077,0.3611111111111111,0.3021978021978022,0.3722772277227723,0.30021745382098974,0.6744750299205744,0.12475247524752475,5.304696723554814,0.29457364341085274,,0.4358539681416005,54.68150750267784,-4.0875053582759655,89.32330347184832,0.4358539681416005,,-5.983593188463718,-5.029541446208113,0.6794734156237786,,,,,,,,517.6,4.174193548387097,517.6,4.174193548387097,,,,,,,,,,,,,,,,,,,"Dwight Smith Jr.","13473",596105
"Matt Reynolds","NYM",108,459,419,97,74,14,4,5,52,38,28,0,107,6,5,1,,9,3,0.2315035799522673,0.06100217864923747,0.23311546840958605,0.2616822429906542,0.28602620087336245,0.3198090692124105,0.2724455246238209,0.605835270085773,0.08830548926014317,6.05201200565841,0.2948717948717949,,0.2616139417514205,36.10767643714379,-13.206723751481066,74.6142884836368,0.2616139417514205,,-12.81797813156564,5.059523809523809,0.6737687158563509,,,,,,,,345.29999999999995,3.197222222222222,345.29999999999995,3.197222222222222,,,,,,,,,,,,,,,,,,,"Matt Reynolds","13788",608703
"Tomás Telis","TEX",120,490,464,121,93,22,2,4,44,39,14,1,67,4,4,4,,7,2,0.2607758620689655,0.02857142857142857,0.13673469387755102,0.208955223880597,0.28600823045267487,0.3426724137931034,0.2779175999238319,0.6286806442457783,0.0818965517241379,4.27983156858477,0.2947103274559194,,0.23113443097099662,40.60281035031751,-12.042192029695952,71.15340678499393,0.23113443097099662,,-15.305752800241107,6.0020576131687235,0.6702939788007005,,,,,,,,388.0999999999999,3.234166666666666,388.0999999999999,3.234166666666666,,,,,,,,,,,,,,,,,,,"Tomas Telis","10067",542513
"D.J. Peterson","SEA",106,463,434,101,69,18,0,14,56,52,25,0,125,2,2,0,,4,1,0.23271889400921658,0.05399568034557235,0.26997840172786175,0.2,0.27645788336933047,0.3709677419354839,0.2876371536605044,0.6474256253048143,0.1382488479262673,3.578009801157706,0.29292929292929293,,0.06098117679357529,41.816994400373915,-7.927160909720443,85.81592547100523,0.06098117679357529,,-7.157659074612639,-1.2987948265726046,0.6700598834727003,,,,,,,,401.1999999999999,3.7849056603773574,401.1999999999999,3.7849056603773574,,,,,,,,,,,,,,,,,,,"D.J. Peterson","sa549926",592637
"Sean Rodríguez","PIT",106,295,262,63,38,16,3,6,34,39,18,0,60,7,3,5,,3,2,0.24045801526717558,0.061016949152542375,0.2033898305084746,0.3,0.30344827586206896,0.3931297709923664,0.30889486300534214,0.6965780468544354,0.15267175572519082,5.176044676281913,0.2864321608040201,,-0.39165719342418015,31.45334359463156,-0.2410966137438984,98.38446354735257,-0.39165719342418015,,-0.9266290693093062,-1.9160787771898882,0.6681669224474528,,,,,,,,285.7999999999999,2.6962264150943387,285.7999999999999,2.6962264150943387,,,,,,,,,,,,,,,,,,,"Sean Rodriguez","6589",446481
"Tyler Moore","WSN",121,423,385,93,56,21,1,15,46,55,32,0,115,3,3,0,,1,1,0.24155844155844156,0.07565011820330969,0.2718676122931442,0.2782608695652174,0.30260047281323876,0.41818181818181815,0.3185633470262478,0.720782290995057,0.1766233766233766,2.6706311136132985,0.3023255813953488,,-0.5201668760273606,48.237625205837766,2.7910211104383875,101.18440980749293,-0.5201668760273606,,0.042219169153477676,-6.7711640211640205,0.667103248648783,,,,,,,,447.49999999999994,3.698347107438016,447.49999999999994,3.698347107438016,,,,,,,,,,,,,,,,,,,"Tyler Moore","7244",489138
"Joe Sclafani","HOU",101,417,376,92,73,13,3,3,46,32,31,0,68,3,2,5,,10,4,0.24468085106382978,0.07434052757793765,0.1630695443645084,0.45588235294117646,0.3058252427184466,0.3191489361702128,0.2830163806098179,0.6249741788886594,0.074468085106383,5.377960847563322,0.2899022801302932,,0.08832305832765996,36.1845449537196,-8.617426459475531,81.09908125966211,0.08832305832765996,,-8.575156862878352,1.5321869488536155,0.6663743394450231,,,,,,,,331.99999999999994,3.2871287128712865,331.99999999999994,3.2871287128712865,,,,,,,,,,,,,,,,,,,"Joe Sclafani","sa658257",623159
"Tyler Henson","PHI",118,444,404,93,60,21,3,9,50,44,29,1,145,3,3,5,,10,4,0.2301980198019802,0.06531531531531531,0.32657657657657657,0.2,0.2847380410022779,0.36386138613861385,0.28771256978653337,0.6485994271408917,0.13366336633663364,5.744790874646961,0.33201581027667987,,0.14864931791089475,40.12664403259175,-7.576174450522493,81.62148417243232,0.14864931791089475,,-9.011142015174237,1.6313932980599646,0.6654788678177466,,,,,,,,383.2,3.247457627118644,383.2,3.247457627118644,,,,,,,,,,,,,,,,,,,"Tyler Henson","sa326736",502335
"Rajai Davis","DET",122,431,400,107,78,21,2,6,54,39,21,1,73,5,3,2,,35,10,0.2675,0.048723897911832945,0.16937354988399073,0.2876712328767123,0.31002331002331,0.375,0.3036292171645387,0.6850233100233101,0.10749999999999998,6.9552687875096915,0.3117283950617284,,2.841037031961605,44.21323522007582,-2.092879118262549,92.42146007534848,2.841037031961605,,-0.7493082481480586,-6.750881834215168,0.6645312184888575,,,,,,,,444.39999999999986,3.642622950819671,444.39999999999986,3.642622950819671,,,,,,,,,,,,,,,,,,,"Rajai Davis","3708",434658
"Andrew Aplin","HOU",117,523,462,109,84,17,3,5,58,44,49,2,87,2,6,4,,18,9,0.23593073593073594,0.09369024856596558,0.16634799235181644,0.5632183908045977,0.30828516377649323,0.3181818181818182,0.28262917135393595,0.6264669819583114,0.08225108225108224,5.513079786304914,0.2765957446808511,,-0.2950134777929634,45.22721540463127,-10.963266727505548,80.82890287939627,-0.2950134777929634,,-11.316040302384941,0.9216637272192827,0.6645292203557198,,,,,,,,423.79999999999995,3.622222222222222,423.79999999999995,3.622222222222222,,,,,,,,,,,,,,,,,,,"Andrew Aplin","sa502787",545331
"Erik Kratz","KCR",76,247,227,53,34,12,0,7,25,30,15,2,50,2,3,0,,0,0,0.23348017621145375,0.06072874493927125,0.20242914979757085,0.3,0.2834008097165992,0.3788546255506608,0.2900283402326156,0.66225543526726,0.14537444933920704,1.3621194379391097,0.2658959537572254,,-0.18474916997365654,22.76140825044279,-3.77597050029869,81.26721370752838,-0.18474916997365654,,-5.270706768250939,3.53777189888301,0.6622188418109369,,,,,,,,221.39999999999995,2.9131578947368415,221.39999999999995,2.9131578947368415,,,,,,,,,,,,,,,,,,,"Erik Kratz","4403",456124
"David Adams","MIA",98,398,363,87,60,18,3,6,39,36,25,0,76,7,2,1,,2,1,0.2396694214876033,0.06281407035175879,0.19095477386934673,0.32894736842105265,0.29974811083123426,0.35537190082644626,0.29366234087523646,0.6551200116576805,0.11570247933884295,4.10182706424528,0.2862190812720848,,-0.3239372642710805,37.785570430930136,-4.9750641552848816,86.11217632810693,-0.3239372642710805,,-6.528475129616082,0.46237507348618445,0.6567605312836415,,,,,,,,346.9,3.539795918367347,346.9,3.539795918367347,,,,,,,,,,,,,,,,,,,"David Adams","7389",458691
"Clint Barmes","SDP",89,286,261,59,45,10,0,4,25,20,15,2,59,4,2,4,,1,1,0.2260536398467433,0.05244755244755245,0.2062937062937063,0.2542372881355932,0.2765957446808511,0.3103448275862069,0.261915271622794,0.586940572267058,0.08429118773946362,2.1787527249083687,0.275,,-0.4108255305327475,20.188618632821253,-10.538872552247833,67.4682706613431,-0.4108255305327475,,-10.854789308881502,8.152557319223986,0.6536778256422988,,,,,,,,192.09999999999997,2.1584269662921343,192.09999999999997,2.1584269662921343,,,,,,,,,,,,,,,,,,,"Clint Barmes","1830",425549
"Rangel Ravelo","OAK",128,525,474,120,82,27,2,9,58,53,39,1,90,5,5,2,,8,4,0.25316455696202533,0.07428571428571429,0.17142857142857143,0.43333333333333335,0.3135755258126195,0.3755274261603376,0.3065723323502303,0.689102951972957,0.12236286919831224,4.222409466028454,0.29210526315789476,,-0.37954398966394365,55.041101233381276,-1.3642584594902953,99.0509756194896,-0.37954398966394365,,-0.927202796983104,-9.645061728395062,0.6519182175557421,,,,,,,,508.3,3.97109375,508.3,3.97109375,,,,,,,,,,,,,,,,,,,"Rangel Ravelo","10839",592660
"Conner Crumbliss","OAK",118,533,460,97,66,19,3,9,56,41,60,1,110,6,4,3,,10,3,0.2108695652173913,0.1125703564727955,0.20637898686679174,0.5454545454545454,0.30754716981132074,0.3239130434782609,0.2879768683238832,0.6314602132895817,0.11304347826086958,5.051999645371939,0.25507246376811593,,0.37489494658075273,48.27809179982782,-8.98677813598274,86.07584066439435,0.37489494658075273,,-7.782840113959674,-3.041593180482069,0.6518631581419226,,,,,,,,448.59999999999997,3.801694915254237,448.59999999999997,3.801694915254237,,,,,,,,,,,,,,,,,,,"Conner Crumbliss","sa502365",572792
"Brian Burgamy","LAD",88,381,345,76,48,14,1,13,49,46,32,1,106,2,2,0,,2,2,0.22028985507246376,0.08398950131233596,0.2782152230971129,0.3018867924528302,0.2887139107611549,0.37971014492753624,0.2972619095915242,0.6684240556886911,0.15942028985507248,3.604035705003469,0.27631578947368424,,-0.6595242384355515,37.223463662607934,-3.7107116573617196,92.177776960114,-0.6595242384355515,,-4.004918782099742,-1.6000881834215168,0.6508637041055905,,,,,,,,349.29999999999995,3.9693181818181813,349.29999999999995,3.9693181818181813,,,,,,,,,,,,,,,,,,,"Brian Burgamy","sa201557",457810
"Cameron Rupp","PHI",93,344,317,67,45,14,0,8,33,36,23,0,113,3,1,0,,0,0,0.2113564668769716,0.06686046511627906,0.32848837209302323,0.20353982300884957,0.2703488372093023,0.3312302839116719,0.27087314201648843,0.6015791211209742,0.11987381703470032,1.4233449477351912,0.29949238578680204,,-0.26769777690060437,26.646237163365882,-10.312703283010917,70.11577419167207,-0.26769777690060437,,-11.80734747342852,7.319811875367431,0.6505246675117072,,,,,,,,252,2.7096774193548385,252,2.7096774193548385,,,,,,,,,,,,,,,,,,,"Cameron Rupp","11146",519237
"Chris Gimenez","TEX",87,314,281,66,48,13,1,4,33,25,29,1,66,1,2,1,,0,2,0.23487544483985764,0.09235668789808917,0.21019108280254778,0.4393939393939394,0.30670926517571884,0.3309608540925267,0.2873996058717752,0.6376701192682455,0.09608540925266904,2.6923460732049413,0.29107981220657275,,-1.0444426795002073,28.302481224805106,-5.433295810550462,77.76955288628314,-1.0444426795002073,,-8.717196231430407,4.768665490887713,0.6503849679030976,,,,,,,,253.99999999999991,2.9195402298850563,253.99999999999991,2.9195402298850563,,,,,,,,,,,,,,,,,,,"Chris Gimenez","7324",460269
"Josh Rutledge","LAA",138,526,484,112,76,23,4,9,53,44,26,1,135,8,3,5,,10,4,0.23140495867768596,0.049429657794676805,0.25665399239543724,0.1925925925925926,0.2802303262955854,0.3512396694214876,0.28081554162960787,0.6314699957170731,0.11983471074380164,5.465993442853965,0.30029154518950435,,0.08078227587975562,44.754979339756076,-11.757819133482863,81.8378450186006,0.08078227587975562,,-10.420117771623646,-0.20194003527336868,0.6499070898593184,,,,,,,,427.09999999999997,3.094927536231884,427.09999999999997,3.094927536231884,,,,,,,,,,,,,,,,,,,"Josh Rutledge","11167",592710
"Logan Morrison","SEA",112,432,389,94,60,19,2,13,49,50,37,3,77,4,2,0,,3,1,0.2416452442159383,0.08564814814814815,0.17824074074074073,0.4805194805194805,0.3125,0.40102827763496146,0.3151932421264115,0.7135282776349614,0.15938303341902316,3.8610092227116324,0.2691029900332226,,-0.1465596086345613,48.14733757863033,1.7337844599245817,105.04340837614266,-0.1465596086345613,,2.2483067614233825,-9.936507936507937,0.647359211650737,,,,,,,,451.99999999999994,4.035714285714286,451.99999999999994,4.035714285714286,,,,,,,,,,,,,,,,,,,"Logan Morrison","9205",489149
"Elian Herrera","MIL",117,410,375,96,72,16,5,3,47,31,26,1,90,3,2,4,,12,4,0.256,0.06341463414634146,0.21951219512195122,0.28888888888888886,0.3078817733990148,0.34933333333333333,0.2930669413672553,0.6572151067323482,0.09333333333333332,6.5091117028405865,0.3274647887323944,,0.5147158028557897,38.73760594859527,-5.312294002028244,81.36473675227383,0.5147158028557897,,-8.061813233757453,1.506466784244562,0.642959460511028,,,,,,,,364.29999999999995,3.1136752136752133,364.29999999999995,3.1136752136752133,,,,,,,,,,,,,,,,,,,"Elian Herrera","5432",467070
"Alfonso Soriano","NYY",91,355,333,78,42,19,0,17,45,53,15,2,103,3,4,0,,6,3,0.23423423423423423,0.04225352112676056,0.29014084507042254,0.14563106796116504,0.2704225352112676,0.4444444444444444,0.3094699808288228,0.714866979655712,0.2102102102102102,4.054921773094193,0.28110599078341014,,-0.1498665059916675,38.00722360914676,-0.13354342127115743,96.78146393692074,-0.1498665059916675,,-1.405781183614296,-3.913139329805996,0.6415443759348058,,,,,,,,375.69999999999993,4.128571428571428,375.69999999999993,4.128571428571428,,,,,,,,,,,,,,,,,,,"Alfonso Soriano","847",150093
"Jorge Alfaro","TEX",122,525,486,111,72,22,2,15,58,53,22,1,152,14,3,0,,9,6,0.22839506172839505,0.0419047619047619,0.2895238095238095,0.14473684210526316,0.28,0.37448559670781895,0.2906342668615225,0.6544855967078189,0.1460905349794239,4.830692130566757,0.2981366459627329,,-0.8657994999084622,48.623493363612006,-7.781866329259568,80.02656367216551,-0.8657994999084622,,-12.391982116506764,1.6450617283950617,0.6327605098532744,,,,,,,,460.09999999999997,3.771311475409836,460.09999999999997,3.771311475409836,,,,,,,,,,,,,,,,,,,"Jorge Alfaro","12180",595751
"René García","PHI",85,339,320,77,58,15,1,3,35,28,11,0,48,3,1,4,,3,3,0.240625,0.032448377581120944,0.1415929203539823,0.22916666666666666,0.2716417910447761,0.321875,0.2648887249960828,0.5935167910447761,0.08125000000000002,3.6392095079063354,0.2740740740740741,,-0.8026519920676947,24.702972237706554,-11.718774306833373,66.02686050760994,-0.8026519920676947,,-13.730539188965784,9.22795414462081,0.6322641095305721,,,,,,,,227.89999999999995,2.681176470588235,227.89999999999995,2.681176470588235,,,,,,,,,,,,,,,,,,,"Rene Garcia","sa454693",543200
"Josh Bell","PIT",122,527,492,126,89,25,3,9,59,55,29,1,90,2,2,2,,6,5,0.25609756097560976,0.05502846299810247,0.17077798861480076,0.32222222222222224,0.29904761904761906,0.37398373983739835,0.29824524719751516,0.6730313588850174,0.11788617886178861,4.123577133739694,0.29620253164556964,,-1.13398292590864,51.88503136071073,-4.735205892895595,91.10800542985385,-1.13398292590864,,-6.394179541341276,-3.8090828924162254,0.6314952375396684,,,,,,,,478.19999999999993,3.91967213114754,478.19999999999993,3.91967213114754,,,,,,,,,,,,,,,,,,,"Josh Bell","13145",605137
"Chris Parmelee","BAL",134,491,441,107,68,22,1,16,50,56,42,2,110,4,4,0,,1,2,0.24263038548752835,0.0855397148676171,0.2240325865580448,0.38181818181818183,0.31160896130346233,0.40589569160997735,0.3171896366497734,0.7175046529134397,0.163265306122449,2.0625463779342343,0.2852664576802508,,-0.9764063693583012,55.47482221846232,2.722381058081475,100.54120028660111,-0.9764063693583012,,-0.6843189085578052,-9.020429159318047,0.6297537766978409,,,,,,,,512.3999999999999,3.8238805970149246,512.3999999999999,3.8238805970149246,,,,,,,,,,,,,,,,,,,"Chris Parmelee","2554",476633
"Tyler Marlette","SEA",92,377,355,82,60,16,1,5,41,35,19,0,92,2,1,0,,7,4,0.23098591549295774,0.050397877984084884,0.2440318302387268,0.20652173913043478,0.27320954907161804,0.323943661971831,0.26755269595103176,0.597153211043449,0.09295774647887325,4.436479074694526,0.2972972972972973,,-0.4136467787902802,28.242317824961,-12.262102373539154,71.80183316811458,-0.4136467787902802,,-12.098832763162125,5.92607289829512,0.6238016727045163,,,,,,,,268.4,2.917391304347826,268.4,2.917391304347826,,,,,,,,,,,,,,,,,,,"Tyler Marlette","sa597836",596028
"Jermaine Curtis","CIN",111,385,333,83,68,12,1,2,39,26,38,1,50,9,2,3,,5,1,0.24924924924924924,0.0987012987012987,0.12987012987012986,0.76,0.3403141361256545,0.30930930930930933,0.29901939646152687,0.6496234454349639,0.060060060060060094,3.9682137228321848,0.2862190812720848,,0.1931141377426684,38.13321783616439,-3.2307126052747623,86.96252914680818,0.1931141377426684,,-5.441267415049966,-0.5853909465020579,0.6179013195899447,,,,,,,,338.79999999999995,3.0522522522522517,338.79999999999995,3.0522522522522517,,,,,,,,,,,,,,,,,,,"Jermaine Curtis","7765",543079
"Micah Johnson","CHW",119,544,498,126,96,16,6,8,58,44,32,0,103,2,4,8,,31,18,0.25301204819277107,0.058823529411764705,0.18933823529411764,0.3106796116504854,0.29850746268656714,0.357429718875502,0.2919842571909748,0.6559371815620691,0.10441767068273095,6.464295939260639,0.30179028132992325,,-1.0772537640295923,50.94645933288446,-7.500237186967225,84.20046800363578,-1.0772537640295923,,-10.52474560874218,-1.001175778953557,0.6128748588042381,,,,,,,,473.9,3.98235294117647,473.9,3.98235294117647,,,,,,,,,,,,,,,,,,,"Micah Johnson","13809",608672
"Alex Castellanos","NYM",118,457,415,93,59,19,5,10,59,48,30,2,137,8,2,2,,10,5,0.22409638554216868,0.06564551422319474,0.29978118161925604,0.21897810218978103,0.2879120879120879,0.36626506024096384,0.2904548520020828,0.6541771481530517,0.14216867469879516,6.572524171495356,0.3074074074074074,,-0.2434935246128589,42.26270742939977,-6.8368151984903465,86.919344248741,-0.2434935246128589,,-6.953730995606581,-1.320840681951793,0.6105127477466967,,,,,,,,402.4,3.4101694915254237,402.4,3.4101694915254237,,,,,,,,,,,,,,,,,,,"Alex Castellanos","7223",543008
"Andrew Lambo","PIT",102,392,359,87,53,19,2,13,47,48,26,2,98,3,2,2,,3,2,0.24233983286908078,0.0663265306122449,0.25,0.2653061224489796,0.29743589743589743,0.415041782729805,0.3127865103102222,0.7124776801657025,0.17270194986072424,4.239019614744127,0.296,,-0.4557538442313671,42.96566163755121,0.8496597335404344,101.04347107711007,-0.4557538442313671,,0.003400456226486881,-6.320987654320987,0.6092435583917051,,,,,,,,403.99999999999994,3.9607843137254894,403.99999999999994,3.9607843137254894,,,,,,,,,,,,,,,,,,,"Andrew Lambo","5386",518911
"Adam Rosales","TEX",107,377,345,80,56,16,1,7,40,34,24,0,83,4,3,1,,4,2,0.2318840579710145,0.0636604774535809,0.22015915119363394,0.2891566265060241,0.2872340425531915,0.34492753623188405,0.28314649012494597,0.6321615787850756,0.11304347826086955,4.059145068866563,0.28294573643410853,,-0.27083540614694357,32.75122624602599,-7.753193952474165,74.80190708209341,-0.27083540614694357,,-10.712805054481494,4.385214579659024,0.6068185636207577,,,,,,,,306.9,2.8682242990654205,306.9,2.8682242990654205,,,,,,,,,,,,,,,,,,,"Adam Rosales","9682",489267
"David Lough","BAL",131,418,383,96,69,15,5,7,49,37,19,1,62,4,4,8,,11,5,0.2506527415143603,0.045454545454545456,0.14832535885167464,0.3064516129032258,0.29024390243902437,0.370757180156658,0.291374884636886,0.6610010825956824,0.1201044386422977,6.463496850844427,0.279874213836478,,-0.028411956736817956,38.950999490188124,-5.958410703374384,82.52874893153114,-0.028411956736817956,,-8.055789510749591,0.39241622574955937,0.6017739511604028,,,,,,,,368.2999999999999,2.8114503816793883,368.2999999999999,2.8114503816793883,,,,,,,,,,,,,,,,,,,"David Lough","7215",518953
"L.J. Hoes","HOU",123,480,433,110,84,19,2,5,52,38,39,0,92,3,3,2,,10,6,0.2540415704387991,0.08125,0.19166666666666668,0.42391304347826086,0.3179916317991632,0.3418013856812933,0.2976079341257965,0.6597930174804565,0.08775981524249421,4.573400404022258,0.30973451327433627,,-0.7374369301833212,47.02308962960608,-4.54752494673364,91.28045537358942,-0.7374369301833212,,-5.337973055887298,-4.291005291005291,0.6001080806321476,,,,,,,,424.7,3.4528455284552844,424.7,3.4528455284552844,,,,,,,,,,,,,,,,,,,"L.J. Hoes","6656",543321
"Rob Brantly","CHW",112,433,405,95,71,18,1,5,38,37,22,1,82,2,4,0,,0,1,0.2345679012345679,0.050808314087759814,0.18937644341801385,0.2682926829268293,0.2748267898383372,0.32098765432098764,0.2653197262574125,0.5958144441593248,0.08641975308641975,2.086857748118009,0.2795031055900621,,-0.7314780526794493,31.695898574558576,-14.825093324514548,65.59507655510379,-0.7314780526794493,,-17.10650017646558,8.95487948265726,0.5999781179742254,,,,,,,,301.09999999999997,2.688392857142857,301.09999999999997,2.688392857142857,,,,,,,,,,,,,,,,,,,"Rob Brantly","10655",542963
"Eric Campbell","NYM",120,416,367,92,66,19,1,6,47,39,40,0,87,5,3,1,,7,2,0.2506811989100817,0.09615384615384616,0.2091346153846154,0.45977011494252873,0.3301204819277108,0.3569482288828338,0.3104662408311683,0.6870687108105447,0.10626702997275206,4.2265831880741676,0.3104693140794224,,0.22736403974704444,44.85590847140624,0.1613758385784804,100.59232882540563,0.22736403974704444,,0.5039616171408325,-7.642563198118753,0.59891495799085,,,,,,,,408.0999999999999,3.4008333333333325,408.0999999999999,3.4008333333333325,,,,,,,,,,,,,,,,,,,"Eric Campbell","6938",493472
"Manny Piña","DET",68,262,239,56,41,10,0,5,25,22,16,0,43,3,2,2,,1,0,0.23430962343096234,0.061068702290076333,0.16412213740458015,0.37209302325581395,0.28846153846153844,0.3389121338912134,0.28173768795453585,0.6273736723527519,0.10460251046025104,2.560884072401491,0.26424870466321243,,-0.026223470456898212,22.47770585537516,-5.671254600876937,77.14646906298411,-0.026223470456898212,,-6.607770726563404,3.8133450911228683,0.5975449093215268,,,,,,,,209.49999999999997,3.080882352941176,209.49999999999997,3.080882352941176,,,,,,,,,,,,,,,,,,,"Manny Pina","2829",444489
"Brendan Ryan","NYY",93,306,274,58,44,11,1,2,30,26,21,0,63,4,3,4,,5,3,0.2116788321167883,0.06862745098039216,0.20588235294117646,0.3333333333333333,0.27483443708609273,0.28102189781021897,0.2536648790173183,0.5558563348963117,0.06934306569343066,4.4726206278800476,0.2641509433962264,,-0.39134081243537366,19.664102729623124,-13.212164062793448,57.84300420495681,-0.39134081243537366,,-14.570957282112062,10.373015873015873,0.5954226227761015,,,,,,,,183.29999999999995,1.9709677419354834,183.29999999999995,1.9709677419354834,,,,,,,,,,,,,,,,,,,"Brendan Ryan","6073",453895
"Billy McKinney","CHC",110,475,430,102,72,18,4,8,48,40,35,0,101,5,5,0,,7,3,0.2372093023255814,0.07368421052631578,0.21263157894736842,0.3465346534653465,0.29894736842105263,0.35348837209302325,0.2918685122540123,0.6524357405140759,0.11627906976744184,4.920887859358291,0.2883435582822086,,-0.15346762910485268,44.44233322251043,-6.591087451992424,83.86840739907184,-0.15346762910485268,,-8.75474649932781,-0.254703115814227,0.5897005376461689,,,,,,,,416.29999999999995,3.784545454545454,416.29999999999995,3.784545454545454,,,,,,,,,,,,,,,,,,,"Billy McKinney","15654",641856
"Dian Toscano","ATL",100,467,410,105,85,13,3,4,54,40,53,3,66,3,1,0,,5,3,0.25609756097560976,0.11349036402569593,0.14132762312633834,0.803030303030303,0.34475374732334046,0.33170731707317075,0.30718768670641144,0.6764610643965112,0.07560975609756099,4.241223460159355,0.2961876832844575,,-0.6514978068880737,49.1807745340192,-0.9931358975446534,94.32488186361391,-0.6514978068880737,,-3.626477190860988,-5.147707231040564,0.5889306855636212,,,,,,,,439.5,4.395,439.5,4.395,,,,,,,,,,,,,,,,,,,"Dian Toscano","sa861014",661281
"Charlie Cutler","LAA",87,296,265,64,50,10,1,3,33,27,23,0,49,5,2,1,,1,0,0.24150943396226415,0.0777027027027027,0.16554054054054054,0.46938775510204084,0.31186440677966104,0.32075471698113206,0.28782833915645795,0.6326191237607931,0.0792452830188679,3.5595780919964453,0.2837209302325581,,-0.09409051248803735,26.777378338628022,-5.024500650114808,86.73108103544403,-0.09409051248803735,,-4.411275479237977,0.4379776601998815,0.5855572644797761,,,,,,,,242.19999999999996,2.783908045977011,242.19999999999996,2.783908045977011,,,,,,,,,,,,,,,,,,,"Charlie Cutler","sa454748",475715
"Geovany Soto","CHW",65,235,212,45,27,11,0,7,25,26,20,1,66,1,1,1,,0,1,0.21226415094339623,0.0851063829787234,0.28085106382978725,0.30303030303030304,0.28205128205128205,0.3632075471698113,0.2873313276041219,0.6452588292210933,0.15094339622641506,1.8356015706205593,0.2714285714285714,,-0.5542696651536971,21.169486941468712,-4.078626444864275,80.9538488689676,-0.5542696651536971,,-5.47408148606606,3.3173133450911223,0.5743219205639679,,,,,,,,197.89999999999998,3.0446153846153843,197.89999999999998,3.0446153846153843,,,,,,,,,,,,,,,,,,,"Geovany Soto","3707",434567
"Raywilly Gomez","LAA",97,343,312,75,60,13,0,2,30,27,24,1,50,2,3,2,,1,0,0.2403846153846154,0.06997084548104957,0.1457725947521866,0.48,0.2961876832844575,0.30128205128205127,0.2698128824724871,0.5974697345665088,0.060897435897435875,2.282893816899194,0.27756653992395436,,-0.12048325105570257,26.289854011272542,-10.561647654736888,74.1606508799502,-0.12048325105570257,,-9.862504961893436,4.3014403292181065,0.5735766320941436,,,,,,,,244.4,2.5195876288659793,244.4,2.5195876288659793,,,,,,,,,,,,,,,,,,,"Raywilly Gomez","sa503268",542466
"Robbie Grossman","HOU",139,604,524,123,88,24,2,9,69,49,68,1,162,4,2,6,,13,10,0.23473282442748092,0.11258278145695365,0.2682119205298013,0.41975308641975306,0.32608695652173914,0.33969465648854963,0.30285239389394,0.6657816130102887,0.10496183206106871,4.222627763148793,0.3211267605633803,,-1.770104942144826,61.600215859823564,-3.292807482070588,94.9398194616173,-1.770104942144826,,-5.129618157753088,-8.65784832451499,0.5718465969085428,,,,,,,,543.1,3.907194244604317,543.1,3.907194244604317,,,,,,,,,,,,,,,,,,,"Robbie Grossman","5254",543257
"Carlos Triunfel","SFG",127,478,449,110,81,21,3,5,49,43,15,1,88,7,3,4,,4,3,0.24498886414253898,0.03138075313807531,0.18410041841004185,0.17045454545454544,0.27848101265822783,0.33853006681514475,0.2736463657645292,0.6170110794733725,0.09354120267260577,4.421481368838301,0.2924791086350975,,-0.7157637258060277,38.042571962565226,-13.31316505303975,76.10467481828805,-0.7157637258060277,,-13.537091858465185,4.268959435626102,0.5712919414612315,,,,,,,,357.20000000000005,2.8125984251968505,357.20000000000005,2.8125984251968505,,,,,,,,,,,,,,,,,,,"Carlos Triunfel","193",508892
"Scott Schebler","LAD",136,567,522,120,74,21,8,17,68,71,28,2,157,13,2,2,,9,5,0.22988505747126436,0.04938271604938271,0.2768959435626102,0.17834394904458598,0.2849557522123894,0.39846743295019155,0.301237296147626,0.6834231851625809,0.16858237547892718,6.5018290751911865,0.29428571428571426,,-0.5113605696242303,57.12433210985735,-3.793456358443941,94.89400018340457,-0.5113605696242303,,-3.7611560265812978,-8.25,0.5660689076814239,,,,,,,,542.4,3.988235294117647,542.4,3.988235294117647,,,,,,,,,,,,,,,,,,,"Scott Schebler","12225",594988
"Derrick Chung","TOR",77,301,280,69,56,12,0,1,25,19,14,0,47,3,2,2,,1,3,0.24642857142857144,0.046511627906976744,0.15614617940199335,0.2978723404255319,0.28762541806020064,0.3,0.2651158106765619,0.5876254180602006,0.05357142857142855,2.058003013636065,0.2905982905982906,,-1.2064223892521113,21.986332029022318,-10.35274086155738,64.83084895179765,-1.2064223892521113,,-12.8423707120474,8.529835390946502,0.5655999415380358,,,,,,,,195.1,2.533766233766234,195.1,2.533766233766234,,,,,,,,,,,,,,,,,,,"Derrick Chung","sa621647",623500
"Jhonatan Solano","MIA",74,276,260,63,45,12,1,5,27,26,11,1,41,3,2,0,,1,0,0.2423076923076923,0.03985507246376811,0.14855072463768115,0.2682926829268293,0.27898550724637683,0.35384615384615387,0.279568567276001,0.6328316610925306,0.11153846153846156,3.4149110541593046,0.26851851851851855,,-0.018682688008993864,23.219637223542307,-6.433466157853032,76.48246243392357,-0.018682688008993864,,-7.304748705099697,4.070546737213403,0.5621073147560092,,,,,,,,224.19999999999996,3.029729729729729,224.19999999999996,3.029729729729729,,,,,,,,,,,,,,,,,,,"Jhonatan Solano","7515",500207
"Alex Hassan","BAL",102,422,374,93,66,19,1,7,45,38,42,1,101,4,2,0,,2,2,0.24866310160427807,0.0995260663507109,0.23933649289099526,0.4158415841584158,0.3293838862559242,0.3609625668449198,0.31103615169004134,0.690346453100844,0.11229946524064172,2.7207415636598484,0.3208955223880597,,-0.7726359751541167,45.68732675526145,0.3481614402294414,96.24755654189288,-0.7726359751541167,,-2.5132401114064944,-5.651675485008818,0.5605630732095104,,,,,,,,409.5999999999999,4.015686274509803,409.5999999999999,4.015686274509803,,,,,,,,,,,,,,,,,,,"Alex Hassan","9959",572910
"Corey Brown","TBR",117,445,407,83,51,16,2,14,45,40,31,1,155,3,2,2,,8,4,0.20393120393120392,0.0696629213483146,0.34831460674157305,0.2,0.26410835214446954,0.35626535626535627,0.27602259821481834,0.6203737084098258,0.15233415233415235,4.902560341094453,0.2875,,-0.2249579494819045,36.22721378221559,-11.583043481266024,76.86963411185205,-0.2249579494819045,,-11.53895124238533,2.6350676072898294,0.5588710245607696,,,,,,,,353.19999999999993,3.0188034188034183,353.19999999999993,3.0188034188034183,,,,,,,,,,,,,,,,,,,"Corey Brown","2650",446395
"Travis Snider","BAL",131,395,356,86,55,16,1,14,46,47,34,2,98,2,2,1,,5,3,0.24157303370786518,0.08607594936708861,0.2481012658227848,0.3469387755102041,0.3096446700507614,0.4101123595505618,0.3178320221450864,0.7197570296013232,0.16853932584269662,3.8485797679569353,0.2926829268292683,,-0.46674863691441715,44.82303379297905,2.3847155478661497,100.98942994535403,-0.46674863691441715,,-0.037157266086937035,-7.3540564373897706,0.5522625656083971,,,,,,,,418.4,3.1938931297709923,418.4,3.1938931297709923,,,,,,,,,,,,,,,,,,,"Travis Snider","2830",501983
"Justin Smoak","TOR",133,525,466,112,70,24,0,18,61,68,51,2,115,3,5,0,,0,1,0.24034334763948498,0.09714285714285714,0.21904761904761905,0.4434782608695652,0.3161904761904762,0.40772532188841204,0.32040680070224276,0.7239157980788882,0.16738197424892706,1.5531236005373934,0.2781065088757396,,-0.8370490069501102,60.611676472443584,4.206316779572011,103.41058304004463,-0.8370490069501102,,1.1311152239511317,-12.645061728395062,0.5486267057720995,,,,,,,,559.2,4.204511278195489,559.2,4.204511278195489,,,,,,,,,,,,,,,,,,,"Justin Smoak","9054",475253
"Shane Robinson","MIN",103,259,235,56,43,9,1,3,28,21,20,1,38,2,2,0,,4,2,0.23829787234042554,0.07722007722007722,0.14671814671814673,0.5263157894736842,0.30115830115830117,0.32340425531914896,0.28086215858311614,0.6245625564774502,0.08510638297872342,4.302179628700108,0.27040816326530615,,-0.19542758166790009,22.04640785477177,-5.7802362603782065,75.63918028532974,-0.19542758166790009,,-7.130724595272387,3.9516460905349793,0.5450011426063958,,,,,,,,206.59999999999997,2.0058252427184464,206.59999999999997,2.0058252427184464,,,,,,,,,,,,,,,,,,,"Shane Robinson","4249",453203
"Rey Fuentes","KCR",118,478,428,103,75,19,4,5,58,42,36,1,124,5,2,7,,24,6,0.24065420560747663,0.07531380753138076,0.2594142259414226,0.2903225806451613,0.3057324840764331,0.338785046728972,0.28976330719095594,0.6445175308054051,0.09813084112149534,7.162603824238367,0.32558139534883723,,2.104037415003404,43.95122911564504,-7.404507899959931,81.08228476581331,2.104037415003404,,-7.835587217077041,-2.2436801881246327,0.5438154043553594,,,,,,,,425.49999999999994,3.60593220338983,425.49999999999994,3.60593220338983,,,,,,,,,,,,,,,,,,,"Rey Fuentes","10329",571681
"Daric Barton","TOR",119,469,407,95,64,22,1,8,51,47,52,1,75,5,5,0,,2,1,0.2334152334152334,0.11087420042643924,0.15991471215351813,0.6933333333333334,0.32409381663113007,0.35135135135135137,0.3050484443322206,0.6754451679824814,0.11793611793611797,2.947229692672064,0.26443768996960487,,-0.42950821854174137,48.62189444567079,-1.766893546627816,92.69416605216321,-0.42950821854174137,,-4.195818041982111,-5.616255144032921,0.542067966541111,,,,,,,,441.7,3.7117647058823526,441.7,3.7117647058823526,,,,,,,,,,,,,,,,,,,"Daric Barton","5928",435558
"Andy Dirks","TOR",75,271,249,64,44,12,2,6,33,24,19,1,52,1,1,1,,4,1,0.2570281124497992,0.07011070110701106,0.1918819188191882,0.36538461538461536,0.3111111111111111,0.39357429718875503,0.3116400310541174,0.7046854082998661,0.13654618473895586,5.103274405998659,0.3020833333333333,,0.18540408718399704,29.465007437877176,0.3490979583187081,97.29349883373003,0.18540408718399704,,-0.6208109843825869,-2.9872134038800704,0.5393581532366438,,,,,,,,276.8,3.690666666666667,276.8,3.690666666666667,,,,,,,,,,,,,,,,,,,"Andy Dirks","6453",543108
"Tyson Gillies","PHI",68,274,252,58,42,9,3,4,29,20,12,0,70,5,1,4,,6,3,0.23015873015873015,0.043795620437956206,0.25547445255474455,0.17142857142857143,0.2777777777777778,0.3373015873015873,0.27524357658845405,0.6150793650793651,0.10714285714285718,6.221771151032444,0.3016759776536313,,-0.15363689721561968,22.142483371636345,-7.295742449024248,73.10191798239961,-0.15363689721561968,,-8.426656431424918,5.006760728982951,0.5350949576496512,,,,,,,,207.59999999999994,3.052941176470587,207.59999999999994,3.052941176470587,,,,,,,,,,,,,,,,,,,"Tyson Gillies","sa328244",502265
"Miguel Rojas","MIA",128,385,354,83,68,10,1,4,38,29,22,1,54,3,1,5,,7,4,0.2344632768361582,0.05714285714285714,0.14025974025974025,0.4074074074074074,0.28421052631578947,0.3022598870056497,0.264562016741267,0.5864704133214391,0.06779661016949151,4.108123315650961,0.265993265993266,,-0.45512108225375414,27.958526452899314,-13.405403988539842,66.22908443188646,-0.45512108225375414,,-15.049840091831651,8.243827160493826,0.5324152281936435,,,,,,,,260.19999999999993,2.0328124999999995,260.19999999999993,2.0328124999999995,,,,,,,,,,,,,,,,,,,"Miguel Rojas","7802",500743
"Chris Nelson","PHI",119,445,410,102,73,18,3,8,45,50,28,2,98,2,4,1,,3,3,0.24878048780487805,0.06292134831460675,0.2202247191011236,0.2857142857142857,0.2972972972972973,0.36585365853658536,0.2930397829588722,0.6631509558338826,0.11707317073170731,3.7252941499058876,0.3051948051948052,,-0.9119933375623077,42.0352055418416,-5.775051721640022,85.26135665525199,-0.9119933375623077,,-8.274228646455423,-0.36493239271017064,0.530658011242034,,,,,,,,392.99999999999994,3.3025210084033607,392.99999999999994,3.3025210084033607,,,,,,,,,,,,,,,,,,,"Chris Nelson","8175",455126
"Mike Aviles","CLE",119,414,384,96,69,18,1,8,46,48,15,0,55,2,6,7,,11,6,0.25,0.036231884057971016,0.13285024154589373,0.2727272727272727,0.27764127764127766,0.3645833333333333,0.2828122500412587,0.642224610974611,0.11458333333333331,4.781082426368928,0.2691131498470948,,-0.38662127824500203,35.85940782567516,-8.62024724641785,77.31202366782588,-0.38662127824500203,,-10.711132599226833,2.5211640211640214,0.5302101452487986,,,,,,,,341.79999999999984,2.872268907563024,341.79999999999984,2.872268907563024,,,,,,,,,,,,,,,,,,,"Mike Aviles","5986",449107
"L.J. Mazzilli","NYM",116,493,459,110,80,19,2,9,56,50,25,0,106,4,4,1,,7,3,0.23965141612200436,0.05070993914807302,0.2150101419878296,0.2358490566037736,0.28252032520325204,0.3485838779956427,0.28110172629840974,0.6311042031988947,0.10893246187363836,4.812959965975346,0.29022988505747127,,-0.14215645543299615,42.055368476919114,-10.911950244196476,80.52872615710442,-0.14215645543299615,,-10.917557860119985,0.8114344503233393,0.5292035487512212,,,,,,,,400.00000000000006,3.448275862068966,400.00000000000006,3.448275862068966,,,,,,,,,,,,,,,,,,,"L.J. Mazzilli","sa577753",608687
"Brian Roberts","NYY",80,308,281,68,45,14,3,6,36,27,23,1,47,1,2,1,,4,3,0.24199288256227758,0.07467532467532467,0.1525974025974026,0.48936170212765956,0.2996742671009772,0.37722419928825623,0.2996089968805999,0.6768984663892335,0.13523131672597866,5.091607582470619,0.26956521739130435,,-0.5875704241916537,30.645853630327284,-2.4452907228240384,89.90088288032882,-0.5875704241916537,,-4.006636772244574,-0.8683127572016462,0.5280639683471091,,,,,,,,285.1,3.56375,285.1,3.56375,,,,,,,,,,,,,,,,,,,"Brian Roberts","166",406878
"Steve Tolleson","TOR",116,361,325,75,54,14,2,5,36,31,27,0,85,2,3,4,,8,3,0.23076923076923078,0.07479224376731301,0.23545706371191136,0.3176470588235294,0.2913165266106443,0.3323076923076923,0.28040058622841074,0.6236242189183365,0.10153846153846152,5.161398893565641,0.29411764705882354,,0.1558737193699926,30.600978617961047,-8.184421094661117,75.49592433053436,0.1558737193699926,,-9.567543699234262,2.9792768959435625,0.5230155986549891,,,,,,,,287.8,2.481034482758621,287.8,2.481034482758621,,,,,,,,,,,,,,,,,,,"Steve Tolleson","4450",476270
"Jesús Sucre","SEA",69,252,240,56,46,8,1,1,22,18,7,0,41,1,1,3,,1,1,0.23333333333333334,0.027777777777777776,0.1626984126984127,0.17073170731707318,0.2570281124497992,0.2875,0.24332793601545463,0.5445281124497992,0.05416666666666664,3.223160492552992,0.27638190954773867,,-0.3806624007411301,14.1960799162332,-12.878492736345153,54.89881160470795,-0.3806624007411301,,-12.873524022841822,9.62962962962963,0.5137373018717928,,,,,,,,134.99999999999997,1.9565217391304344,134.99999999999997,1.9565217391304344,,,,,,,,,,,,,,,,,,,"Jesus Sucre","5942",491696
"Michael Taylor","CHW",124,522,464,106,70,23,1,12,56,50,49,1,123,5,4,0,,7,2,0.22844827586206898,0.09386973180076628,0.23563218390804597,0.3983739837398374,0.3065134099616858,0.3599137931034483,0.29916975926071576,0.6664272030651341,0.1314655172413793,3.9644818497186707,0.2822822822822823,,0.18211934505961835,51.762899532120876,-4.320143819648576,89.2142100077561,0.18211934505961835,,-6.006529863087264,-5.753968253968254,0.5112310335297924,,,,,,,,484.4999999999999,3.907258064516128,484.4999999999999,3.907258064516128,,,,,,,,,,,,,,,,,,,"Michael Taylor","2591",446345
"Eric Chavez","ARI",54,139,124,32,20,6,1,5,14,19,12,1,28,0,3,0,,2,0,0.25806451612903225,0.08633093525179857,0.2014388489208633,0.42857142857142855,0.31654676258992803,0.4435483870967742,0.3291379848252172,0.7600951496867022,0.18548387096774194,4.9308275134897315,0.2872340425531915,,0.2831178780179471,16.97848400163059,2.0444935305655467,104.146436884399,0.2831178780179471,,0.9300847346108871,-0.48927101704879483,0.510104820190229,,,,,,,,165.10000000000002,3.057407407407408,165.10000000000002,3.057407407407408,,,,,,,,,,,,,,,,,,,"Eric Chavez","906",136767
"Ryan Roberts","KCR",100,366,333,78,54,15,1,8,38,34,28,1,74,1,2,2,,5,4,0.23423423423423423,0.07650273224043716,0.20218579234972678,0.3783783783783784,0.29395604395604397,0.35735735735735735,0.29045438076838975,0.6513134013134013,0.12312312312312312,3.7949342298601065,0.2766798418972332,,-0.8174171759746969,33.84702509188492,-5.475568522574111,81.5644869264262,-0.8174171759746969,,-8.234100183812632,1.3447971781305113,0.5072485119956416,,,,,,,,313.49999999999994,3.1349999999999993,313.49999999999994,3.1349999999999993,,,,,,,,,,,,,,,,,,,"Ryan Roberts","5653",440251
"Jake Smolinski","TEX",116,468,419,99,67,21,2,9,51,40,39,1,98,6,3,1,,6,2,0.23627684964200477,0.08333333333333333,0.2094017094017094,0.3979591836734694,0.3083511777301927,0.360381861575179,0.2997514361219856,0.6687330393053716,0.12410501193317422,4.489098956946659,0.2857142857142857,,0.027364036766812205,46.61690500166075,-3.6644442102704775,86.38814203317578,0.027364036766812205,,-6.9748706925027655,-3.158730158730159,0.503349524384852,,,,,,,,433.09999999999997,3.7336206896551722,433.09999999999997,3.7336206896551722,,,,,,,,,,,,,,,,,,,"Jake Smolinski","5408",519295
"Bryan Holaday","DET",82,278,254,59,44,11,1,3,23,25,14,0,55,3,3,4,,2,1,0.23228346456692914,0.050359712230215826,0.19784172661870503,0.2545454545454545,0.2773722627737226,0.3188976377952756,0.26713211062180736,0.5962699005689982,0.08661417322834644,3.4378580784970363,0.2814070351758794,,-0.2070551363285631,20.73622394978661,-9.131756992343481,66.95530971784895,-0.2070551363285631,,-10.30469517506067,6.107289829512052,0.4988642427294139,,,,,,,,194.2,2.368292682926829,194.2,2.368292682926829,,,,,,,,,,,,,,,,,,,"Bryan Holaday","11287",592407
"Domingo Santana","HOU",123,520,469,104,64,21,2,17,62,60,44,1,183,5,2,0,,7,5,0.22174840085287847,0.08461538461538462,0.35192307692307695,0.24043715846994534,0.29423076923076924,0.3837953091684435,0.30215281810834,0.6780260783992127,0.16204690831556504,4.369249323627369,0.3210332103321033,,-0.9075901843607426,52.754290600125,-3.113875190909691,94.45168481670521,-0.9075901843607426,,-4.0788941524882985,-7.731922398589065,0.49881046202946255,,,,,,,,491.8,3.9983739837398375,491.8,3.9983739837398375,,,,,,,,,,,,,,,,,,,"Domingo Santana","10348",570267
"David Murphy","CLE",129,453,410,105,71,23,2,9,43,49,36,3,63,2,4,1,,4,4,0.25609756097560976,0.07947019867549669,0.1390728476821192,0.5714285714285714,0.3163716814159292,0.3878048780487805,0.310646776101637,0.7041765594647097,0.13170731707317074,3.3193222781193756,0.2807017543859649,,-1.1079065683297813,48.9082211753775,0.2384536689568881,96.73378864948036,-1.1079065683297813,,-2.7342635896566687,-6.993386243386243,0.4961184049582884,,,,,,,,451.1,3.4968992248062016,451.1,3.4968992248062016,,,,,,,,,,,,,,,,,,,"David Murphy","6035",461815
"Gorkys Hernández","PIT",111,421,380,89,66,17,3,3,43,32,28,0,98,5,3,5,,16,6,0.23421052631578948,0.0665083135391924,0.2327790973871734,0.2857142857142857,0.2932692307692308,0.31842105263157894,0.2761264295818714,0.6116902834008098,0.08421052631578946,6.1595489409002,0.3049645390070922,,0.5643636507447809,34.30691307740562,-10.924813457259017,75.99509873977999,0.5643636507447809,,-10.779844672146293,2.5468841857730746,0.4954863805973989,,,,,,,,325.59999999999997,2.933333333333333,325.59999999999997,2.933333333333333,,,,,,,,,,,,,,,,,,,"Gorkys Hernandez","4146",491676
"Aaron Hicks","MIN",129,500,438,96,65,19,4,8,57,44,54,1,129,1,4,3,,12,7,0.2191780821917808,0.108,0.258,0.4186046511627907,0.3038229376257545,0.3356164383561644,0.28871183734266986,0.6394393759819189,0.11643835616438358,5.62822326746539,0.28852459016393445,,-0.6881054632831365,45.57086622051715,-8.148523963170053,81.11635692986233,-0.6881054632831365,,-11.066476440403537,-0.16284538506760748,0.4935813686455494,,,,,,,,420.8999999999999,3.262790697674418,420.8999999999999,3.262790697674418,,,,,,,,,,,,,,,,,,,"Aaron Hicks","5297",543305
"Brandon Barnes","COL",140,428,397,104,68,24,3,9,49,46,22,0,108,3,1,5,,10,7,0.2619647355163728,0.0514018691588785,0.2523364485981308,0.2037037037037037,0.3049645390070922,0.40554156171284633,0.3140937739512035,0.7105061007199385,0.14357682619647355,5.323870436291935,0.33807829181494664,,-0.9900752974208444,47.34061409129737,1.3568160940611154,81.75887223454384,-0.9900752974208444,,-9.75377782814229,1.2821869488536155,0.49256514768180304,,,,,,,,431.09999999999997,3.079285714285714,431.09999999999997,3.079285714285714,,,,,,,,,,,,,,,,,,,"Brandon Barnes","629",488681
"Jose Martinez","MIN",116,487,447,111,85,18,1,7,49,46,25,1,52,5,6,4,,2,2,0.2483221476510067,0.0513347022587269,0.10677618069815195,0.4807692307692308,0.2919254658385093,0.3400447427293065,0.28133649054404614,0.6319702085678158,0.0917225950782998,2.881339858073046,0.2639593908629442,,-0.7839471488259733,41.631226236384315,-10.691459802527026,75.97014923549209,-0.7839471488259733,,-13.647277942940638,2.7893885949441506,0.48946519570942615,,,,,,,,386.4999999999999,3.331896551724137,386.4999999999999,3.331896551724137,,,,,,,,,,,,,,,,,,,"Jose Martinez","sa291098",456065
"Logan Forsythe","TBR",105,357,317,71,50,12,2,7,41,30,31,1,82,5,3,1,,6,1,0.22397476340694006,0.08683473389355742,0.22969187675070027,0.3780487804878049,0.300561797752809,0.34069400630914826,0.28866643586628876,0.6412558040619573,0.1167192429022082,5.3980846641396125,0.27705627705627706,,0.5024554862175137,32.52516718398823,-5.830477407164435,85.69197377735868,0.5024554862175137,,-5.112177163091983,-1.6882716049382716,0.48593926168661783,,,,,,,,309.19999999999993,2.9447619047619042,309.19999999999993,2.9447619047619042,,,,,,,,,,,,,,,,,,,"Logan Forsythe","7185",523253
"John Buck","ATL",88,331,296,64,45,10,0,9,29,34,30,3,81,4,1,0,,1,0,0.21621621621621623,0.09063444108761329,0.24471299093655588,0.37037037037037035,0.29607250755287007,0.34121621621621623,0.2855631807228414,0.6372887237690863,0.125,1.9885263652775003,0.26570048309178745,,-0.086549730040133,29.368573410040966,-6.193662891559968,79.54971861449437,-0.086549730040133,,-7.684902544528911,2.0809817754262196,0.484884751754386,,,,,,,,279.9,3.1806818181818177,279.9,3.1806818181818177,,,,,,,,,,,,,,,,,,,"John Buck","2041",407833
"Héctor Sánchez","SFG",92,268,249,59,42,12,0,5,21,41,13,1,64,2,4,0,,0,1,0.23694779116465864,0.048507462686567165,0.23880597014925373,0.203125,0.27611940298507465,0.3453815261044177,0.27426574203405485,0.6215009290894924,0.10843373493975905,1.349108643763723,0.29347826086956524,,-0.5882031861692667,21.456619626048916,-7.33697351240743,76.52786994245989,-0.5882031861692667,,-7.649418759953268,3.923574368018812,0.4816041892478835,,,,,,,,205.39999999999998,2.2326086956521736,205.39999999999998,2.2326086956521736,,,,,,,,,,,,,,,,,,,"Hector Sanchez","10289",516949
"Mark Ellis","STL",88,293,264,61,49,9,1,2,27,27,16,2,52,6,3,4,,4,1,0.23106060606060605,0.05460750853242321,0.17747440273037543,0.3076923076923077,0.28719723183391005,0.29545454545454547,0.26173218181324337,0.5826517772884555,0.06439393939393942,4.444761300614788,0.27699530516431925,,0.162781739840284,20.641601326092093,-10.837961321548612,64.35765058375154,0.162781739840284,,-11.559876862532512,7.076572604350382,0.48156873874639383,,,,,,,,198.99999999999994,2.261363636363636,198.99999999999994,2.261363636363636,,,,,,,,,,,,,,,,,,,"Mark Ellis","1443",407885
"Alex Presley","HOU",126,466,430,108,78,15,5,10,53,39,30,0,91,2,2,2,,11,6,0.25116279069767444,0.06437768240343347,0.19527896995708155,0.32967032967032966,0.3017241379310345,0.37906976744186044,0.30265270687382795,0.6807939053728949,0.127906976744186,5.612143325724376,0.29607250755287007,,-0.4771106676198542,47.45462463103552,-2.6118470201609547,94.80048623330617,-0.4771106676198542,,-3.140422707364511,-7.13668430335097,0.4807073480789753,,,,,,,,440.8999999999999,3.4992063492063488,440.8999999999999,3.4992063492063488,,,,,,,,,,,,,,,,,,,"Alex Presley","5305",502100
"Adam Dunn","OAK",123,499,426,87,51,15,0,21,50,66,66,4,155,4,3,0,,1,1,0.20422535211267606,0.13226452905811623,0.3106212424849699,0.4258064516129032,0.31462925851703405,0.3873239436619718,0.31349602528292725,0.7019532021790058,0.18309859154929575,1.4492278033249517,0.2608695652173913,,-0.6181970478501171,54.96507766792155,1.353126264601709,103.88203818733398,-0.6181970478501171,,1.5110877432913945,-12.834362139917694,0.47982525563289946,,,,,,,,511.2,4.15609756097561,511.2,4.15609756097561,,,,,,,,,,,,,,,,,,,"Adam Dunn","319",276055
"Mikie Mahtook","TBR",135,568,524,124,88,24,5,7,57,47,32,2,146,8,4,0,,16,5,0.2366412213740458,0.056338028169014086,0.25704225352112675,0.2191780821917808,0.2887323943661972,0.3416030534351145,0.28059359868929157,0.6303354478013117,0.10496183206106868,6.126100232658637,0.312,,0.8396243653260171,48.231883878776245,-12.79334336989243,80.05908654778278,0.8396243653260171,,-11.610302134926062,-1.912992357436802,0.47660108946430546,,,,,,,,470.7,3.486666666666667,470.7,3.486666666666667,,,,,,,,,,,,,,,,,,,"Mikie Mahtook","13130",543484
"Ichiro Suzuki","MIA",134,415,389,108,88,14,3,3,47,28,20,2,53,1,2,3,,15,3,0.2776349614395887,0.04819277108433735,0.12771084337349398,0.37735849056603776,0.3131067961165049,0.35218508997429304,0.2947600633632846,0.6652918860907979,0.07455012853470433,6.020716584355878,0.31343283582089554,,1.465384350856766,39.74892375824264,-4.83817009421774,86.86220636234046,1.465384350856766,,-4.6547746621422545,-3.5745149911816574,0.4759572566488892,,,,,,,,384.8,2.8716417910447762,384.8,2.8716417910447762,,,,,,,,,,,,,,,,,,,"Ichiro Suzuki","1101",400085
"Engel Beltre","CHW",86,371,344,86,67,12,3,4,37,27,14,0,86,5,2,6,,12,7,0.25,0.03773584905660377,0.23180592991913745,0.16279069767441862,0.2876712328767123,0.3372093023255814,0.2789871633869328,0.6248805352022937,0.08720930232558138,5.7227242097580655,0.3203125,,-0.5636825528927147,31.046467625670754,-8.813319890625158,75.13164100945376,-0.5636825528927147,,-10.7050014840023,3.363168724279835,0.4748643525631544,,,,,,,,287.29999999999995,3.340697674418604,287.29999999999995,3.340697674418604,,,,,,,,,,,,,,,,,,,"Engel Beltre","4918",520976
"Daniel Mayora","LAD",137,567,524,129,100,21,2,6,58,52,29,1,98,6,6,2,,6,4,0.24618320610687022,0.05114638447971781,0.1728395061728395,0.29591836734693877,0.2902654867256637,0.3282442748091603,0.27624796531724594,0.6185097615348241,0.08206106870229007,3.9162679352300427,0.2887323943661972,,-0.8134775166399777,46.25717483686118,-14.660613631440118,77.81978619739952,-0.8134775166399777,,-14.930430246593222,2.0833333333333335,0.4743759583988508,,,,,,,,432.2999999999999,3.155474452554744,432.2999999999999,3.155474452554744,,,,,,,,,,,,,,,,,,,"Daniel Mayora","sa291160",468452
"Brayan Peña","CIN",88,291,274,70,52,13,1,4,21,26,12,1,31,1,3,1,,1,2,0.25547445255474455,0.041237113402061855,0.10652920962199312,0.3870967741935484,0.28620689655172415,0.354014598540146,0.2820576111750619,0.6402214950918701,0.09854014598540145,2.2604164548441643,0.2727272727272727,,-0.7954275906085968,25.0370992901726,-6.227585796733359,75.3732171507586,-0.7954275906085968,,-8.839812513907411,4.346119929453262,0.47378533690095254,,,,,,,,234.29999999999998,2.6624999999999996,234.29999999999998,2.6624999999999996,,,,,,,,,,,,,,,,,,,"Brayan Pena","3231",430910
"Niuman Romero","OAK",122,524,472,113,90,18,1,4,49,38,41,0,85,2,4,5,,7,3,0.23940677966101695,0.07824427480916031,0.16221374045801526,0.4823529411764706,0.30057803468208094,0.3072033898305085,0.2759340867141768,0.6077814245125894,0.06779661016949154,3.7218536526813155,0.28165374677002586,,-0.23264584480784833,42.62298976713923,-13.674931145364962,77.67289269819753,-0.23264584480784833,,-13.092532765910573,0.9253380364491477,0.47352239357358905,,,,,,,,390.2,3.1983606557377047,390.2,3.1983606557377047,,,,,,,,,,,,,,,,,,,"Niuman Romero","5063",462962
"Matt Olson","OAK",140,620,548,112,65,25,0,22,70,66,68,2,188,3,1,0,,2,1,0.20437956204379562,0.10967741935483871,0.3032258064516129,0.3617021276595745,0.29516129032258065,0.3704379562043796,0.2988013536413125,0.6655992465269602,0.16605839416058396,2.301976041512933,0.26548672566371684,,-0.4822936956770718,61.305653813230464,-5.306390014541679,93.62871256982763,-0.4822936956770718,,-4.824318406702363,-10.390358612580835,0.47050809168445507,,,,,,,,572.5,4.089285714285714,572.5,4.089285714285714,,,,,,,,,,,,,,,,,,,"Matt Olson","14344",621566
"Jack Marder","SEA",77,304,274,63,47,10,2,4,34,25,15,0,65,9,2,4,,5,3,0.22992700729927007,0.049342105263157895,0.2138157894736842,0.23076923076923078,0.29,0.3248175182481752,0.2779252380132675,0.6148175182481752,0.0948905109489051,5.265004433364673,0.28502415458937197,,-0.398881594883278,25.19209588077688,-7.4692933509049455,79.03935802332782,-0.398881594883278,,-7.402969157175858,2.116990005878895,0.4691763664567662,,,,,,,,229.89999999999995,2.985714285714285,229.89999999999995,2.985714285714285,,,,,,,,,,,,,,,,,,,"Jack Marder","sa502687",573011
"Deibinson Romero","PIT",120,479,432,99,67,22,2,8,47,44,37,0,97,6,4,0,,1,1,0.22916666666666666,0.07724425887265135,0.20250521920668058,0.38144329896907214,0.2964509394572025,0.3449074074074074,0.2883968417977988,0.6413583468646099,0.11574074074074073,3.0115515095842356,0.27492447129909364,,-0.5918043092824519,43.54116723685128,-7.922008559121068,84.37898245772779,-0.5918043092824519,,-8.99098659913453,-1.2400058788947679,0.468999404050487,,,,,,,,400.9,3.3408333333333333,400.9,3.3408333333333333,,,,,,,,,,,,,,,,,,,"Deibinson Romero","sa328505",466480
"Franklin Gutierrez","HOU",64,260,244,55,33,15,0,7,29,30,12,0,69,1,2,1,,5,2,0.22540983606557377,0.046153846153846156,0.2653846153846154,0.17391304347826086,0.2625482625482625,0.3729508196721312,0.280316542934727,0.6354990822203936,0.1475409836065574,4.214791974935124,0.2823529411764706,,0.07243946334347129,22.022726731393554,-5.911356164123795,79.21524775373179,0.07243946334347129,,-5.867631089389256,1.9553203997648443,0.46802475157267553,,,,,,,,216.20000000000002,3.3781250000000003,216.20000000000002,3.3781250000000003,,,,,,,,,,,,,,,,,,,"Franklin Gutierrez","3255",429711
"Ryan Jackson","KCR",84,343,309,73,56,13,1,3,29,27,25,1,72,1,3,5,,3,0,0.23624595469255663,0.0728862973760933,0.2099125364431487,0.3472222222222222,0.29289940828402367,0.313915857605178,0.27272333996232256,0.6068152658892016,0.07766990291262135,3.8899035278097456,0.29535864978902954,,0.2945983198005706,27.055509935514124,-9.795991730495304,69.19251024291583,0.2945983198005706,,-11.320525291693345,4.780864197530864,0.4662360328470253,,,,,,,,255.0999999999999,3.036904761904761,255.0999999999999,3.036904761904761,,,,,,,,,,,,,,,,,,,"Ryan Jackson","6596",474249
"Zack Cox","MIA",111,408,376,95,69,19,2,5,41,36,26,2,91,3,2,1,,2,0,0.2526595744680851,0.06372549019607843,0.22303921568627452,0.2857142857142857,0.3046683046683047,0.3537234042553192,0.2926980595529815,0.6583917089236239,0.10106382978723405,3.8210181743943172,0.3191489361702128,,0.038042448461055756,38.43321016207353,-5.4018122278152365,85.45332132512009,0.038042448461055756,,-6.624134788662042,-1.5008818342151677,0.46414105654869275,,,,,,,,360.3,3.245945945945946,360.3,3.245945945945946,,,,,,,,,,,,,,,,,,,"Zack Cox","sa455436",543059
"Audry Pérez","COL",79,309,299,79,59,14,0,6,28,33,5,0,50,1,2,2,,0,1,0.26421404682274247,0.016181229773462782,0.16181229773462782,0.1,0.2768729641693811,0.3712374581939799,0.285137914096882,0.648110422363361,0.10702341137123744,1.5842490842490842,0.2979591836734694,,-0.6221367071848363,27.31579813817457,-5.882784995344125,61.97448702401998,-0.6221367071848363,,-13.811557812477119,8.676807760141093,0.46326413625710294,,,,,,,,255.59999999999997,3.235443037974683,255.59999999999997,3.235443037974683,,,,,,,,,,,,,,,,,,,"Audry Perez","9176",542233
"Jake Elmore","TBR",109,433,384,89,69,16,2,2,43,29,39,1,72,3,4,3,,12,7,0.23177083333333334,0.09006928406466513,0.16628175519630484,0.5416666666666666,0.30465116279069765,0.2994791666666667,0.27491976247800815,0.6041303294573643,0.06770833333333334,4.851415558429002,0.2770700636942675,,-0.6541719422675669,34.88405069139759,-11.636941207675532,76.10012158459597,-0.6541719422675669,,-12.029318247558818,2.590975896531452,0.4588397844672324,,,,,,,,320.2,2.9376146788990827,320.2,2.9376146788990827,,,,,,,,,,,,,,,,,,,"Jake Elmore","7290",518653
"Joaquin Arias","SFG",112,280,265,68,53,11,2,2,26,26,8,2,36,2,3,2,,3,1,0.25660377358490566,0.02857142857142857,0.12857142857142856,0.2222222222222222,0.2805755395683453,0.33584905660377357,0.2698544075955515,0.6164245961721189,0.0792452830188679,4.594099105184672,0.28695652173913044,,-0.007055133348330855,21.47002289968289,-8.612835603181948,73.51378090269772,-0.007055133348330855,,-8.331785427520726,4.0288065843621395,0.458162825293547,,,,,,,,210.79999999999995,1.8821428571428567,210.79999999999995,1.8821428571428567,,,,,,,,,,,,,,,,,,,"Joaquin Arias","3817",435078
"Trevor Story","COL",122,519,476,103,62,24,5,12,50,51,36,1,177,5,0,2,,17,4,0.21638655462184875,0.06936416184971098,0.34104046242774566,0.2033898305084746,0.27852998065764023,0.3634453781512605,0.2860356585461964,0.6419753588089008,0.14705882352941174,6.519655844953688,0.3170731707317073,,1.5071750353090465,46.23728655291587,-9.523440457751452,62.58788003307596,1.5071750353090465,,-20.288576558568924,8.720899470899472,0.45525919468841924,,,,,,,,455.79999999999995,3.7360655737704915,455.79999999999995,3.7360655737704915,,,,,,,,,,,,,,,,,,,"Trevor Story","12564",596115
"Steve Clevenger","BAL",89,312,287,71,52,15,1,3,29,27,22,1,47,1,2,0,,1,0,0.24738675958188153,0.07051282051282051,0.15064102564102563,0.46808510638297873,0.30128205128205127,0.33797909407665505,0.2856553018668074,0.6392611453587063,0.09059233449477352,3.1043463835815106,0.28451882845188287,,-0.07900894759222865,27.70480815061514,-5.816091324005679,78.53786393810161,-0.07900894759222865,,-7.439400887385414,1.7319223985890648,0.45054772191150966,,,,,,,,258.8999999999999,2.9089887640449428,258.8999999999999,2.9089887640449428,,,,,,,,,,,,,,,,,,,"Steve Clevenger","9542",502182
"Daniel Fields","DET",104,437,403,97,69,17,4,7,42,37,24,0,119,6,3,1,,14,5,0.24069478908188585,0.05491990846681922,0.2723112128146453,0.20168067226890757,0.29128440366972475,0.3548387096774194,0.28826483715018003,0.6461231133471441,0.11414392059553352,6.016249860931138,0.32142857142857145,,0.5414249224122614,39.679117897353485,-7.271629123189137,81.70084004106405,0.5414249224122614,,-8.248516759308636,-1.3943268665490889,0.4502108380098958,,,,,,,,380.7,3.660576923076923,380.7,3.660576923076923,,,,,,,,,,,,,,,,,,,"Daniel Fields","10390",571665
"Ehire Adrianza","SFG",103,362,323,71,51,15,3,2,37,24,27,1,78,3,2,7,,8,4,0.21981424148606812,0.07458563535911603,0.2154696132596685,0.34615384615384615,0.28450704225352114,0.30340557275541796,0.26545890542746936,0.5879126150089391,0.08359133126934984,5.577898423250181,0.2816326530612245,,-0.2098763845860958,26.537291748609956,-12.355546744379586,70.51050942243286,-0.2098763845860958,,-12.192944122317618,5.330099941211053,0.4497763801443404,,,,,,,,248,2.407766990291262,248,2.407766990291262,,,,,,,,,,,,,,,,,,,"Ehire Adrianza","8418",501303
"Kyle Blanks","TEX",70,245,218,53,32,10,1,10,36,26,19,1,70,5,3,0,,1,0,0.24311926605504589,0.07755102040816327,0.2857142857142857,0.2714285714285714,0.3142857142857143,0.43577981651376146,0.3293540529051765,0.7500655307994757,0.19266055045871558,4.37943710239905,0.3049645390070922,,-0.0073715143371373415,29.9667057298164,3.6442045398096656,107.04360657235897,-0.0073715143371373415,,1.8894854247144526,-5.501028806584362,0.449256207933454,,,,,,,,281.3999999999999,4.019999999999999,281.3999999999999,4.019999999999999,,,,,,,,,,,,,,,,,,,"Kyle Blanks","49",452035
"Brian Bogusevic","PHI",114,391,348,82,56,15,3,8,45,37,35,1,90,5,2,1,,10,5,0.23563218390804597,0.08951406649616368,0.23017902813299232,0.3888888888888889,0.3128205128205128,0.3649425287356322,0.30385938907343807,0.6777630415561451,0.12931034482758624,5.502277183189447,0.29365079365079366,,-0.2434935246128589,40.17894387388748,-1.8296192497559212,92.653962375602,-0.2434935246128589,,-3.4676943083372285,-4.309964726631393,0.4457687734539682,,,,,,,,372,3.263157894736842,372,3.263157894736842,,,,,,,,,,,,,,,,,,,"Brian Bogusevic","4719",460131
"Breyvic Valera","STL",139,603,567,158,135,17,6,0,61,43,29,0,44,1,2,4,,11,11,0.2786596119929453,0.04809286898839138,0.07296849087893864,0.6590909090909091,0.31385642737896496,0.3298059964726631,0.2882841929967495,0.6436624238516281,0.05114638447971781,4.635307763047809,0.30095238095238097,,-2.5697885730769485,54.76068651051879,-10.02489805100799,82.49958178563992,-2.5697885730769485,,-14.415411744688976,0.21560846560846514,0.4455905019273009,,,,,,,,481.3999999999999,3.463309352517985,481.3999999999999,3.463309352517985,,,,,,,,,,,,,,,,,,,"Breyvic Valera","12758",591971
"Miguel Gonzalez","DET",60,214,198,48,36,9,1,2,20,18,11,0,39,2,1,2,,1,1,0.24242424242424243,0.0514018691588785,0.1822429906542056,0.28205128205128205,0.28773584905660377,0.3282828282828283,0.27627933503321883,0.616018677339432,0.08585858585858586,3.387118638781696,0.2911392405063291,,-0.36181044462136924,17.463765012102275,-5.52813398651585,73.33785930276082,-0.36181044462136924,,-6.633465912889615,3.9315108759553197,0.4420584023262812,,,,,,,,159.49999999999994,2.6583333333333323,159.49999999999994,2.6583333333333323,,,,,,,,,,,,,,,,,,,"Miguel Gonzalez","4049",544838
"Kendrys Morales","KCR",114,467,429,112,73,25,0,14,47,62,31,3,82,4,3,0,,0,0,0.26107226107226106,0.06638115631691649,0.17558886509635974,0.3780487804878049,0.3147751605995717,0.4172494172494173,0.32162268369876107,0.732024577848989,0.15617715617715622,1.1166943521594683,0.2916666666666667,,-0.3958910785149783,54.351028127146705,4.177117695582852,103.31242159855178,-0.3958910785149783,,1.30444939133507,-12.011316872427983,0.4370182587799296,,,,,,,,507.29999999999995,4.449999999999999,507.29999999999995,4.449999999999999,,,,,,,,,,,,,,,,,,,"Kendrys Morales","8610",434778
"Nate Freiman","OAK",119,454,412,98,61,22,1,14,47,60,31,1,97,6,5,0,,0,1,0.23786407766990292,0.06828193832599119,0.21365638766519823,0.31958762886597936,0.2973568281938326,0.39805825242718446,0.30716198735416067,0.6954150806210171,0.16019417475728154,2.040825428828627,0.27450980392156865,,-0.7427892263513058,47.802767945796326,-0.9744383409916554,99.46241215272714,-0.7427892263513058,,-1.0110632967035418,-9.340681951793062,0.4311130425271683,,,,,,,,446.09999999999997,3.748739495798319,446.09999999999997,3.748739495798319,,,,,,,,,,,,,,,,,,,"Nate Freiman","6582",474384
"Steve Lombardozzi Jr.","PIT",123,420,392,104,83,16,3,2,40,30,16,1,50,3,4,5,,7,4,0.2653061224489796,0.0380952380952381,0.11904761904761904,0.32,0.2963855421686747,0.336734693877551,0.2806759584641111,0.6331202360462257,0.0714285714285714,4.689823275008756,0.29651162790697677,,-0.4890546032693237,35.69095151137216,-9.433336242925089,79.10361053619967,-0.4890546032693237,,-10.340789524497177,1.5432098765432098,0.43023229289921316,,,,,,,,331.8,2.6975609756097563,331.8,2.6975609756097563,,,,,,,,,,,,,,,,,,,"Steve Lombardozzi Jr.","5422",543459
"Carlos Corporán","TEX",68,232,210,47,33,8,0,6,24,24,14,1,55,5,2,1,,0,0,0.22380952380952382,0.0603448275862069,0.23706896551724138,0.2545454545454545,0.2857142857142857,0.3476190476190476,0.2828935003798941,0.6333333333333333,0.12380952380952379,1.563311688311688,0.271523178807947,,-0.19228995242156088,20.109584531808455,-4.816212513422411,74.62538144768857,-0.19228995242156088,,-6.6631336632965175,3.262198706643151,0.42749951531212615,,,,,,,,189.8,2.7911764705882356,189.8,2.7911764705882356,,,,,,,,,,,,,,,,,,,"Carlos Corporan","5587",449786
"Emmanuel Burriss","WSN",108,417,382,96,79,11,3,3,46,30,23,1,44,5,1,6,,15,8,0.2513089005235602,0.05515587529976019,0.10551558752997602,0.5227272727272727,0.30170316301703165,0.3193717277486911,0.2795750484233949,0.6210748907657228,0.0680628272251309,5.703405843194177,0.2767857142857143,,-0.41615164605900645,35.08391603853579,-9.718055374659343,74.54525897092581,-0.41615164605900645,,-12.331230241078629,3.5965608465608465,0.42716692701957854,,,,,,,,322.8999999999999,2.9898148148148143,322.8999999999999,2.9898148148148143,,,,,,,,,,,,,,,,,,,"Emmanuel Burriss","2917",502034
"Kevin Mattison","MIL",108,388,352,71,44,14,5,8,44,36,28,1,135,4,2,2,,15,8,0.20170454545454544,0.07216494845360824,0.3479381443298969,0.2074074074074074,0.266839378238342,0.3380681818181818,0.2699792080111318,0.6049075600565238,0.13636363636363638,7.443094289432597,0.2985781990521327,,-0.29926951811648905,29.788456089089866,-11.897790693451409,65.58980854591158,-0.29926951811648905,,-15.286141171126385,7.425631981187537,0.42671519363671917,,,,,,,,292,2.7037037037037037,292,2.7037037037037037,,,,,,,,,,,,,,,,,,,"Kevin Mattison","6635",543503
"Anthony Recker","NYM",69,240,217,45,27,10,0,8,26,31,18,0,74,1,2,2,,1,2,0.2073732718894009,0.075,0.30833333333333335,0.24324324324324326,0.2689075630252101,0.3640552995391705,0.28198088267270255,0.6329628625643806,0.15668202764976957,2.3425934374086923,0.27007299270072993,,-0.7275605485774577,20.635030427060748,-5.150276861109115,81.12941867519244,-0.7275605485774577,,-5.811363329600819,2.409171075837742,0.42409011426901594,,,,,,,,192.5,2.789855072463768,192.5,2.789855072463768,,,,,,,,,,,,,,,,,,,"Anthony Recker","4063",489232
"Matt Hague","TOR",125,516,473,112,76,24,1,11,55,58,35,1,105,6,2,0,,2,2,0.23678646934460887,0.06782945736434108,0.20348837209302326,0.3333333333333333,0.29651162790697677,0.36152219873150104,0.2940466568307969,0.6580338266384778,0.12473572938689217,2.8604579622120494,0.28133704735376047,,-0.7914879312738776,49.1404229999754,-6.297987669589806,85.01758011830337,-0.7914879312738776,,-9.289259820128667,-3.104056437389771,0.4211145950807017,,,,,,,,454.0999999999999,3.632799999999999,454.0999999999999,3.632799999999999,,,,,,,,,,,,,,,,,,,"Matt Hague","7772",518755
"John Hicks","SEA",89,369,347,74,55,13,2,4,40,32,16,0,86,3,2,1,,8,4,0.2132564841498559,0.04336043360433604,0.23306233062330622,0.18604651162790697,0.25271739130434784,0.2968299711815562,0.24650807970243951,0.549547362485904,0.08357348703170028,5.4785531636568585,0.2702702702702703,,-0.18725403724238276,21.687135394644834,-17.957774560916327,57.11778250302808,-0.18725403724238276,,-17.580354466586464,9.779100529100528,0.41756998946937035,,,,,,,,215.09999999999997,2.416853932584269,215.09999999999997,2.416853932584269,,,,,,,,,,,,,,,,,,,"John Hicks","12547",543308
"Daniel Carbonell","SFG",36,166,156,39,28,7,2,2,17,15,8,0,37,2,0,0,,6,2,0.25,0.04819277108433735,0.22289156626506024,0.21621621621621623,0.29518072289156627,0.358974358974359,0.29180886012962065,0.6541550818659252,0.10897435897435898,6.578687093430694,0.3162393162393162,,0.3026025961153209,15.523831197393054,-2.3110063435911012,88.51438348212206,0.3026025961153209,,-1.837598457134403,0.6099353321575544,0.41678537427799917,,,,,,,,148.7,4.1305555555555555,148.7,4.1305555555555555,,,,,,,,,,,,,,,,,,,"Daniel Carbonell","sa829978",658135
"Kelly Dugan","PHI",106,430,393,96,64,20,2,10,52,46,26,1,132,9,1,1,,2,2,0.24427480916030533,0.06046511627906977,0.30697674418604654,0.19696969696969696,0.30536130536130535,0.3816793893129771,0.30622882653619643,0.6870406946742824,0.1374045801526718,3.7729671526058857,0.3412698412698413,,-0.7236208892427385,44.96799572236789,-1.2306798356031097,94.27290457698378,-0.7236208892427385,,-3.487983741742096,-5.739858906525574,0.41625708744893797,,,,,,,,411.1999999999999,3.8792452830188666,411.1999999999999,3.8792452830188666,,,,,,,,,,,,,,,,,,,"Kelly Dugan","sa500838",571633
"Sean Ochinko","TOR",68,263,247,56,37,13,0,6,24,26,13,0,57,2,1,0,,0,1,0.22672064777327935,0.049429657794676805,0.21673003802281368,0.22807017543859648,0.26996197718631176,0.3522267206477733,0.27710572531014793,0.622188697834085,0.12550607287449392,1.6657905579903909,0.2702702702702703,,-0.573121621273458,21.629171272191563,-6.6272279644279095,73.1969085591529,-0.573121621273458,,-8.321557433892629,3.8317166372721925,0.4150282866138635,,,,,,,,202.89999999999995,2.983823529411764,202.89999999999995,2.983823529411764,,,,,,,,,,,,,,,,,,,"Sean Ochinko","sa501639",571995
"Luis Martinez","BOS",70,264,243,56,39,15,0,2,22,19,16,0,55,3,1,1,,0,1,0.23045267489711935,0.06060606060606061,0.20833333333333334,0.2909090909090909,0.28517110266159695,0.3168724279835391,0.2717722400512985,0.602043530645136,0.08641975308641975,1.6422856160451729,0.2887700534759358,,-0.595743968617171,20.631487218929056,-7.732350798057791,66.08709427339915,-0.595743968617171,,-10.436814234791722,5.850088183421517,0.4078517196119936,,,,,,,,187.09999999999997,2.672857142857142,187.09999999999997,2.672857142857142,,,,,,,,,,,,,,,,,,,"Luis Martinez","2481",446208
"Sebastian Valle","PIT",94,346,330,75,53,14,1,7,33,36,10,1,92,0,4,2,,0,1,0.22727272727272727,0.028901734104046242,0.2658959537572254,0.10869565217391304,0.24709302325581395,0.3393939393939394,0.256542136648306,0.5864869626497533,0.11212121212121215,2.658291039296699,0.28936170212765955,,-0.6108255335129797,22.998115999865842,-14.17570200724571,62.61393176968323,-0.6108255335129797,,-15.131208356693824,8.356554967666078,0.40629848920442413,,,,,,,,229.29999999999995,2.439361702127659,229.29999999999995,2.439361702127659,,,,,,,,,,,,,,,,,,,"Sebastian Valle","sa455750",516679
"Moisés Sierra","KCR",132,429,398,100,69,18,3,10,49,36,23,1,104,5,3,0,,7,4,0.25125628140703515,0.053613053613053616,0.24242424242424243,0.22115384615384615,0.29836829836829837,0.3869346733668342,0.3028891791250104,0.6853029717351325,0.13567839195979903,5.123935206479166,0.313588850174216,,-0.47020264714956284,43.76457464474474,-2.3266621328588863,90.2409677385183,-0.47020264714956284,,-5.0721055291291615,-4.728835978835979,0.40526443878275653,,,,,,,,411.4,3.1166666666666667,411.4,3.1166666666666667,,,,,,,,,,,,,,,,,,,"Moises Sierra","6050",501213
"Preston Tucker","HOU",120,525,484,118,80,24,0,14,63,58,36,2,117,2,3,0,,3,3,0.24380165289256198,0.06857142857142857,0.22285714285714286,0.3076923076923077,0.29714285714285715,0.38016528925619836,0.29996807670957953,0.6773081463990556,0.13636363636363638,2.694335532700518,0.29213483146067415,,-0.9685492059215903,52.381837284225256,-4.023522408646318,92.92726389068065,-0.9685492059215903,,-5.050052591566715,-7.787037037037037,0.4034933628401377,,,,,,,,489.29999999999995,4.0775,489.29999999999995,4.0775,,,,,,,,,,,,,,,,,,,"Preston Tucker","13633",605512
"Angelys Nina","COL",121,476,447,122,92,19,4,7,45,46,21,0,77,3,2,3,,11,9,0.27293064876957496,0.04411764705882353,0.16176470588235295,0.2727272727272727,0.3086680761099366,0.38031319910514544,0.3055374781122671,0.688981275215082,0.10738255033557048,4.7418885657572565,0.3150684931506849,,-1.630916847847402,49.526129654947894,-1.6147297999223327,75.91269623754764,-1.630916847847402,,-14.501176707107351,3.748971193415638,0.4018625374515904,,,,,,,,447.59999999999997,3.699173553719008,447.59999999999997,3.699173553719008,,,,,,,,,,,,,,,,,,,"Angelys Nina","sa455672",516689
"Juan Francisco","TBR",118,361,329,71,41,14,2,14,36,42,27,2,126,3,2,0,,0,2,0.21580547112462006,0.07479224376731301,0.3490304709141274,0.21428571428571427,0.27977839335180055,0.3981762917933131,0.29825764828073614,0.6779546851451137,0.18237082066869303,3.1243997088422937,0.29842931937172773,,-1.01427954970859,35.54517231349251,-3.2402273991296626,92.38431957115634,-1.01427954970859,,-4.036243762323875,-3.673574368018812,0.39999452074386543,,,,,,,,336.5999999999999,2.8525423728813553,336.5999999999999,2.8525423728813553,,,,,,,,,,,,,,,,,,,"Juan Francisco","6978",464433
"Corban Joseph","ATL",84,349,316,76,50,17,2,7,39,32,29,1,59,1,2,1,,1,1,0.24050632911392406,0.0830945558739255,0.16905444126074498,0.4915254237288136,0.3045977011494253,0.37341772151898733,0.3015072172244619,0.6780154226684126,0.13291139240506328,3.4945711177647176,0.27380952380952384,,-0.47492218133993447,35.2334354592275,-2.262698888986176,90.44364342093158,-0.47492218133993447,,-4.218698964894553,-2.71766607877719,0.39852649563153764,,,,,,,,325.19999999999993,3.8714285714285706,325.19999999999993,3.8714285714285706,,,,,,,,,,,,,,,,,,,"Corban Joseph","5503",543377
"Phil Gosselin","ATL",138,546,508,126,94,23,4,5,58,41,23,1,105,5,3,7,,6,2,0.24803149606299213,0.04212454212454213,0.19230769230769232,0.21904761904761905,0.2857142857142857,0.33858267716535434,0.27750124641067475,0.62429696287964,0.09055118110236221,4.896811868123308,0.30174563591022446,,-0.010339875472709537,45.068777040319816,-13.592797040266618,74.04132014951006,-0.010339875472709537,,-15.920238722141534,3.006172839506173,0.39726904476023944,,,,,,,,423.89999999999986,3.0717391304347816,423.89999999999986,3.0717391304347816,,,,,,,,,,,,,,,,,,,"Phil Gosselin","10953",594838
"Tony Wolters","CLE",94,389,354,79,63,13,1,2,34,26,26,1,95,2,4,3,,3,4,0.2231638418079096,0.06683804627249357,0.2442159383033419,0.2736842105263158,0.2772020725388601,0.2824858757062147,0.2530504780930358,0.5596879482450747,0.05932203389830509,2.9612085659414316,0.2950191570881226,,-1.2475803117267787,24.814522654140568,-16.97916290876808,56.54550732901218,-1.2475803117267787,,-19.82809279780256,11.146531452087007,0.3900228224867879,,,,,,,,229.09999999999997,2.4372340425531913,229.09999999999997,2.4372340425531913,,,,,,,,,,,,,,,,,,,"Tony Wolters","11470",547172
"Austin Romine","NYY",77,270,250,58,41,12,0,5,30,25,16,1,57,1,1,2,,1,0,0.232,0.05925925925925926,0.2111111111111111,0.2807017543859649,0.2798507462686567,0.34,0.2759688353717104,0.6198507462686567,0.10800000000000001,2.9438653252083804,0.2804232804232804,,-0.01491229678504169,21.969423367971146,-7.0390473312199475,73.40576958261866,-0.01491229678504169,,-7.907594104666671,2.9603174603174596,0.3890072131594795,,,,,,,,209.49999999999997,2.7207792207792205,209.49999999999997,2.7207792207792205,,,,,,,,,,,,,,,,,,,"Austin Romine","5491",519222
"Gaby Sanchez","PIT",130,364,321,76,48,20,0,8,38,41,36,1,66,3,4,0,,2,0,0.2367601246105919,0.0989010989010989,0.1813186813186813,0.5454545454545454,0.3159340659340659,0.37383177570093457,0.3080546363326144,0.6897658416350005,0.13707165109034267,2.7865987444991145,0.27091633466135456,,0.0757463607005775,38.57565538107953,-0.5320606726447613,97.81037014308012,0.0757463607005775,,-0.81892649980658,-6.687242798353909,0.3858550543476358,,,,,,,,358.59999999999997,2.758461538461538,358.59999999999997,2.758461538461538,,,,,,,,,,,,,,,,,,,"Gaby Sanchez","3361",459991
"Chris Stewart","PIT",73,223,200,47,38,8,0,1,19,17,13,1,30,4,2,4,,2,1,0.235,0.05829596412556054,0.13452914798206278,0.43333333333333335,0.2922374429223744,0.29,0.26346329210001396,0.5822374429223744,0.05499999999999999,2.92840081516656,0.26900584795321636,,-0.18066239776089787,16.006239914639394,-7.9526081072851005,67.34288149686846,-0.18066239776089787,,-8.355420279478182,5.0968547912992355,0.38337094007662487,,,,,,,,147.8,2.0246575342465754,147.8,2.0246575342465754,,,,,,,,,,,,,,,,,,,"Chris Stewart","3878",455755
"Corey Hart","PIT",103,415,378,94,61,20,2,11,47,46,28,2,82,6,2,1,,3,1,0.24867724867724866,0.06746987951807229,0.19759036144578312,0.34146341463414637,0.30917874396135264,0.3994708994708995,0.3132284371887596,0.7086496434322521,0.1507936507936508,4.029102394393896,0.289198606271777,,-0.12770765251480043,45.62726806780304,1.0401742153426523,101.3454221033913,-0.12770765251480043,,0.4990488211715487,-9.574514991181658,0.3831415783335351,,,,,,,,426.09999999999997,4.136893203883495,426.09999999999997,4.136893203883495,,,,,,,,,,,,,,,,,,,"Corey Hart","1945",430611
"Travis Jankowski","SDP",81,353,324,76,62,10,3,1,41,22,22,1,72,2,3,2,,26,8,0.2345679012345679,0.06232294617563739,0.20396600566572237,0.3055555555555556,0.2849002849002849,0.2932098765432099,0.26017527529171536,0.5781101614434948,0.058641975308642014,7.366442943176116,0.2952755905511811,,1.8630266024265438,24.447032999959262,-13.478856469723905,66.27940050338022,1.8630266024265438,,-11.498687219792554,4.2970311581422695,0.38271501788815376,,,,,,,,256.09999999999997,3.161728395061728,256.09999999999997,3.161728395061728,,,,,,,,,,,,,,,,,,,"Travis Jankowski","13768",608671
"Michael Almanzar","BAL",105,426,395,94,66,18,1,9,42,42,21,0,103,7,3,0,,6,2,0.2379746835443038,0.04929577464788732,0.24178403755868544,0.20388349514563106,0.2863849765258216,0.3569620253164557,0.28711721454987504,0.6433470018422773,0.11898734177215192,4.037907666118524,0.2972027972027972,,0.09146068757399917,38.305368290632,-7.463552145869495,79.5579252997591,0.09146068757399917,,-9.480655760620746,-0.43474426807760125,0.3823578355251077,,,,,,,,363.69999999999993,3.4638095238095232,363.69999999999993,3.4638095238095232,,,,,,,,,,,,,,,,,,,"Michael Almanzar","sa455994",527031
"Dan Uggla","WSN",101,386,331,68,43,12,1,12,45,46,47,2,104,6,2,0,,1,1,0.2054380664652568,0.12176165803108809,0.2694300518134715,0.4519230769230769,0.3134715025906736,0.3564954682779456,0.3029718693966667,0.6699669708686191,0.15105740181268879,2.912515249695339,0.25806451612903225,,-0.5314780496992171,39.402396131168906,-2.068973090637619,90.53137442961727,-0.5314780496992171,,-4.634146495394552,-3.581716637272193,0.3810930937708977,,,,,,,,361.19999999999993,3.5762376237623754,361.19999999999993,3.5762376237623754,,,,,,,,,,,,,,,,,,,"Dan Uggla","3442",462564
"Ryan LaMarre","CIN",86,354,319,75,57,11,2,5,36,27,25,0,94,5,2,3,,15,8,0.23510971786833856,0.07062146892655367,0.2655367231638418,0.26595744680851063,0.29914529914529914,0.329153605015674,0.2840933421058872,0.6282989041609731,0.09404388714733541,5.646616049669928,0.3153153153153153,,-0.34451421280391514,31.01021806062498,-7.023110189425568,76.76415097634884,-0.34451421280391514,,-9.57775117475241,2.3007054673721337,0.37776761640890294,,,,,,,,287.40000000000003,3.3418604651162793,287.40000000000003,3.3418604651162793,,,,,,,,,,,,,,,,,,,"Ryan LaMarre","10700",534606
"Junior Lake","CHC",120,451,423,104,71,20,3,10,51,39,22,0,131,3,2,1,,15,7,0.2458628841607565,0.04878048780487805,0.29046563192904656,0.16793893129770993,0.2866666666666667,0.37825059101654845,0.29453529702292547,0.6649172576832152,0.13238770685579196,5.985799913644474,0.33098591549295775,,-0.0013864561915397644,43.119275731229735,-5.335614214456129,85.69051516610683,-0.0013864561915397644,,-7.245624522483396,-2.9713403880070546,0.3775231309017829,,,,,,,,412.4,3.4366666666666665,412.4,3.4366666666666665,,,,,,,,,,,,,,,,,,,"Junior Lake","4672",516809
"Pedro Ciriaco","ATL",107,363,346,88,66,16,3,3,36,27,9,1,60,2,2,4,,14,4,0.2543352601156069,0.024793388429752067,0.1652892561983471,0.15,0.2757660167130919,0.3439306358381503,0.2727139345760452,0.6196966525512422,0.08959537572254339,6.3751145769162685,0.2982456140350877,,1.0052051981911063,28.630472135807032,-10.369805137549882,70.77034073685502,1.0052051981911063,,-10.905090700758045,3.333774250440917,0.37538721093779626,,,,,,,,286.9,2.6813084112149532,286.9,2.6813084112149532,,,,,,,,,,,,,,,,,,,"Pedro Ciriaco","5278",465674
"Kyle Jensen","LAD",132,537,489,106,60,23,1,22,61,70,39,1,183,6,3,0,,2,1,0.2167689161554192,0.07262569832402235,0.3407821229050279,0.21311475409836064,0.2811918063314711,0.40286298568507156,0.30248779925837443,0.6840547920165427,0.18609406952965235,3.0067456650916506,0.2926829268292683,,-0.3691819589585066,54.61691637009869,-3.0777086871813695,95.74841912915426,-0.3691819589585066,,-2.9319948717158,-9.919312169312168,0.37425529932283086,,,,,,,,519.8,3.9378787878787875,519.8,3.9378787878787875,,,,,,,,,,,,,,,,,,,"Kyle Jensen","7706",571812
"Orlando Calixte","KCR",115,495,461,106,75,20,2,9,48,39,25,0,129,1,3,5,,10,8,0.2299349240780911,0.050505050505050504,0.2606060606060606,0.1937984496124031,0.2693877551020408,0.3405639913232104,0.2713492377680175,0.6099517464252513,0.11062906724511931,4.5117337900230545,0.29754601226993865,,-1.3972997048404068,38.523445695891795,-14.658750585958538,68.23371935778711,-1.3972997048404068,,-18.68132807824592,6.456349206349206,0.36711635469399995,,,,,,,,361.19999999999993,3.1408695652173906,361.19999999999993,3.1408695652173906,,,,,,,,,,,,,,,,,,,"Orlando Calixte","11905",593525
"Jacob Wilson","STL",87,363,329,74,47,19,1,7,37,34,24,0,76,5,4,1,,3,3,0.22492401215805471,0.06611570247933884,0.209366391184573,0.3157894736842105,0.2845303867403315,0.3525835866261398,0.2845565834756714,0.6371139733664712,0.1276595744680851,3.575880003557635,0.268,,-0.8177335569635034,31.927584483081684,-7.07269279027523,79.95265473700599,-0.8177335569635034,,-8.986484753174498,1.3337742504409171,0.36645923428411376,,,,,,,,296.29999999999995,3.405747126436781,296.29999999999995,3.405747126436781,,,,,,,,,,,,,,,,,,,"Jacob Wilson","13254",607111
"Pat Cantwell","TEX",78,329,297,68,53,13,1,1,31,21,13,0,69,14,2,3,,2,2,0.22895622895622897,0.03951367781155015,0.20972644376899696,0.18840579710144928,0.29141104294478526,0.2895622895622896,0.26615080219104975,0.5809733325070748,0.06060606060606061,3.6730865664405723,0.2925764192139738,,-0.6557538472115993,24.29273479995832,-11.054623940907861,62.94302879411199,-0.6557538472115993,,-14.056815994851734,7.044238683127571,0.36605405870694874,,,,,,,,215.79999999999995,2.766666666666666,215.79999999999995,2.766666666666666,,,,,,,,,,,,,,,,,,,"Pat Cantwell","sa602546",607486
"Grant Green","LAA",121,497,467,120,84,25,3,8,50,53,21,0,103,4,4,1,,5,5,0.2569593147751606,0.04225352112676056,0.20724346076458752,0.20388349514563106,0.2923387096774194,0.3747323340471092,0.2949712686240673,0.6670710437245286,0.11777301927194861,4.0697717682031875,0.3111111111111111,,-1.2962790166493505,47.683436035446825,-5.713637807138263,91.71511766317448,-1.2962790166493505,,-5.822295558137818,-6.478395061728395,0.3657128875935608,,,,,,,,440.3,3.638842975206612,440.3,3.638842975206612,,,,,,,,,,,,,,,,,,,"Grant Green","10053",502205
"Tommy Field","TEX",107,441,399,88,61,17,2,8,44,33,30,0,100,5,4,3,,5,1,0.22055137844611528,0.06802721088435375,0.22675736961451248,0.3,0.2808219178082192,0.3333333333333333,0.2758717177665397,0.6141552511415524,0.11278195488721804,4.569903950511417,0.2711864406779661,,0.2609811797738075,35.8505430556138,-11.529959086398321,69.72587601429217,0.2609811797738075,,-14.41420358798905,3.8611111111111107,0.36416962743063885,,,,,,,,341.4,3.1906542056074763,341.4,3.1906542056074763,,,,,,,,,,,,,,,,,,,"Tommy Field","6262",474494
"Cheslor Cuthbert","KCR",130,536,498,121,83,27,2,9,53,50,33,1,102,1,3,1,,8,5,0.2429718875502008,0.061567164179104475,0.19029850746268656,0.3235294117647059,0.2897196261682243,0.35943775100401604,0.288197991999794,0.6491573771722403,0.11646586345381524,3.9906939723162407,0.28717948717948716,,-0.722671746276319,48.64072891795996,-8.946457358952726,79.99007347042372,-0.722671746276319,,-12.511854143757487,-1.0305702527924752,0.3640831282279844,,,,,,,,457.0999999999999,3.5161538461538453,457.0999999999999,3.5161538461538453,,,,,,,,,,,,,,,,,,,"Cheslor Cuthbert","10473",596144
"Andy LaRoche","CHW",85,324,297,70,47,16,0,7,32,33,20,1,56,3,3,1,,1,1,0.2356902356902357,0.06172839506172839,0.1728395061728395,0.35714285714285715,0.28792569659442724,0.3602693602693603,0.28768854167150415,0.6481950568637875,0.1245791245791246,2.1410149820563547,0.26582278481012656,,-0.4372182691004127,29.275634161121015,-5.534530677908296,81.20309786461387,-0.4372182691004127,,-7.131510912283519,0.19047619047619024,0.356648377166243,,,,,,,,275.29999999999995,3.238823529411764,275.29999999999995,3.238823529411764,,,,,,,,,,,,,,,,,,,"Andy LaRoche","6444",451188
"Hak-Ju Lee","TBR",84,343,313,68,54,8,2,4,34,22,26,0,88,1,0,3,,14,6,0.21725239616613418,0.07580174927113703,0.2565597667638484,0.29545454545454547,0.27941176470588236,0.2939297124600639,0.2613538259969038,0.5733414771659462,0.07667731629392971,5.767778609951027,0.2895927601809955,,0.23223068681545556,24.064524582258766,-12.78697708375066,66.63438002605334,0.23223068681545556,,-12.347366139388303,4.780864197530864,0.3536035880541085,,,,,,,,230.79999999999995,2.747619047619047,230.79999999999995,2.747619047619047,,,,,,,,,,,,,,,,,,,"Hak-Ju Lee","sa502536",573349
"Carson Blair","OAK",64,257,229,41,23,10,2,6,25,22,25,0,102,1,2,0,,0,1,0.17903930131004367,0.09727626459143969,0.3968871595330739,0.24509803921568626,0.2607003891050584,0.31877729257641924,0.26214030257458815,0.5794776816814776,0.13973799126637557,3.869657978443118,0.2845528455284553,,-0.5618104476016015,18.185877069240675,-9.425889485174551,68.04816859886711,-0.5618104476016015,,-9.58795496018952,4.7214873603762495,0.3530130448753156,,,,,,,,172.6,2.696875,172.6,2.696875,,,,,,,,,,,,,,,,,,,"Carson Blair","5429",542942
"Robinzon Díaz","MIL",82,297,285,76,59,12,1,4,29,27,9,0,31,0,1,2,,1,1,0.26666666666666666,0.030303030303030304,0.10437710437710437,0.2903225806451613,0.288135593220339,0.35789473684210527,0.2860058129844019,0.6460303300624443,0.0912280701754386,2.940066304510414,0.2868525896414343,,-0.43344787787646055,26.45268915908599,-5.4566286100242145,76.54014909885328,-0.43344787787646055,,-8.254656500758589,2.4563492063492056,0.3506161159957145,,,,,,,,244.79999999999995,2.985365853658536,244.79999999999995,2.985365853658536,,,,,,,,,,,,,,,,,,,"Robinzon Diaz","3248",433697
"Griff Erickson","SDP",63,203,182,38,23,8,1,6,22,18,19,1,56,1,0,1,,1,2,0.2087912087912088,0.09359605911330049,0.27586206896551724,0.3392857142857143,0.2871287128712871,0.3626373626373626,0.29026933214557704,0.6497660755086497,0.15384615384615383,3.540288749127006,0.26666666666666666,,-0.712478983681649,18.7442656372407,-3.065806777336306,86.84147036901902,-0.712478983681649,,-3.7109204424811963,0.729423868312757,0.3473229248871604,,,,,,,,172.4,2.7365079365079366,172.4,2.7365079365079366,,,,,,,,,,,,,,,,,,,"Griff Erickson","sa327827",502245
"George Kottaras","CHW",56,157,131,26,16,4,0,6,16,17,23,1,52,1,1,1,,0,0,0.1984732824427481,0.1464968152866242,0.33121019108280253,0.4423076923076923,0.32051282051282054,0.366412213740458,0.3102961290267206,0.6869250342532786,0.16793893129770993,0.9713455149501657,0.2702702702702703,,-0.1470452577341348,16.90830849287149,0.040419975193704605,96.97772422120399,-0.1470452577341348,,-0.668608703985323,-1.1156672545561435,0.346032102842773,,,,,,,,154.6,2.7607142857142857,154.6,2.7607142857142857,,,,,,,,,,,,,,,,,,,"George Kottaras","5506",435459
"Lewis Brinson","TEX",108,460,425,91,62,14,1,14,47,40,29,0,180,4,1,1,,15,11,0.21411764705882352,0.06304347826086956,0.391304347826087,0.16111111111111112,0.2701525054466231,0.35058823529411764,0.27808535319787486,0.6207407407407408,0.13647058823529412,4.737468157390965,0.33189655172413796,,-1.5058611754793674,38.1761083824929,-11.24573058649933,71.27045798451131,-1.5058611754793674,,-16.03232603278978,4.690182245737802,0.34318157472391475,,,,,,,,359.19999999999993,3.3259259259259255,359.19999999999993,3.3259259259259255,,,,,,,,,,,,,,,,,,,"Lewis Brinson","14352",621446
"Tim Beckham","TBR",81,346,317,76,58,12,2,4,38,25,20,0,82,2,3,4,,7,3,0.23974763406940064,0.057803468208092484,0.23699421965317918,0.24390243902439024,0.28654970760233917,0.3280757097791798,0.2752704501849169,0.614625417381519,0.08832807570977919,5.323271826806405,0.3076923076923077,,-0.0328151099383831,27.968077643445294,-9.205740363666255,76.34481675960141,-0.0328151099383831,,-9.029361394563157,1.2713109935332159,0.3429448005816881,,,,,,,,263.3,3.2506172839506173,263.3,3.2506172839506173,,,,,,,,,,,,,,,,,,,"Tim Beckham","7949",542921
"Logan Watkins","CHC",139,516,463,107,77,20,4,6,61,43,40,1,119,4,2,7,,17,6,0.23110151187904968,0.07751937984496124,0.23062015503875968,0.33613445378151263,0.2966601178781925,0.3304535637149028,0.28233348361150484,0.6271136815930953,0.09935205183585313,6.2699601165110925,0.29705882352941176,,0.6851854380220175,44.50485950330616,-10.933551166259045,77.35350227776557,0.6851854380220175,,-12.432068405725355,-0.104056437389771,0.33906590420597676,,,,,,,,420.9,3.028057553956834,420.9,3.028057553956834,,,,,,,,,,,,,,,,,,,"Logan Watkins","4875",543894
"Darrell Ceciliani","NYM",99,410,380,90,69,12,4,5,45,35,20,0,110,5,3,2,,14,5,0.23684210526315788,0.04878048780487805,0.2682926829268293,0.18181818181818182,0.2818627450980392,0.32894736842105265,0.27333295900447696,0.6108101135190919,0.09210526315789477,6.530315313503841,0.31716417910447764,,0.5602768785320222,32.53210481556755,-11.517795135055966,75.22063703361235,0.5602768785320222,,-10.84395836971078,1.506466784244562,0.3377906418624791,,,,,,,,316.2,3.193939393939394,316.2,3.193939393939394,,,,,,,,,,,,,,,,,,,"Darrell Ceciliani","9954",571553
"Julio Borbon","BAL",115,431,400,99,80,11,3,5,43,30,24,0,70,1,2,4,,18,6,0.2475,0.05568445475638051,0.16241299303944315,0.34285714285714286,0.2903981264637002,0.3275,0.2769993360762853,0.6178981264637002,0.08000000000000002,5.824978854061715,0.2874617737003058,,0.9417413093615323,35.410355574772396,-10.895758763565974,72.49809401681429,0.9417413093615323,,-12.087330163833977,1.5836272780717224,0.3350809528775348,,,,,,,,342.79999999999995,2.980869565217391,342.79999999999995,2.980869565217391,,,,,,,,,,,,,,,,,,,"Julio Borbon","3209",474865
"Steven Moya","DET",129,510,487,115,68,23,3,21,55,64,17,1,167,2,4,0,,10,3,0.23613963039014374,0.03333333333333333,0.32745098039215687,0.10179640718562874,0.2627450980392157,0.42505133470225875,0.2993013947792278,0.6877964327414745,0.18891170431211501,5.247463433843556,0.3102310231023102,,0.5445625516586006,50.62443765744303,-4.169340329917926,89.40168711181667,0.5445625516586006,,-5.396721496454287,-7.621693121693121,0.33184492629208273,,,,,,,,505.80000000000007,3.92093023255814,505.80000000000007,3.92093023255814,,,,,,,,,,,,,,,,,,,"Steven Moya","11854",570615
"Wil Nieves","SDP",52,167,158,40,30,9,0,1,13,12,4,0,35,2,2,1,,1,0,0.25316455696202533,0.023952095808383235,0.20958083832335328,0.11428571428571428,0.27710843373493976,0.3291139240506329,0.26883272521467094,0.6062223577855727,0.07594936708860756,2.8436086361851687,0.31451612903225806,,0.06426591891795397,12.67447396390382,-5.267802357447709,72.19469105521684,0.06426591891795397,,-5.1481176789453285,3.068048206937096,0.3266083182627397,,,,,,,,121.4,2.3346153846153848,121.4,2.3346153846153848,,,,,,,,,,,,,,,,,,,"Wil Nieves","1556",408242
"Casper Wells","DET",59,170,153,33,21,7,1,4,20,15,14,0,46,2,0,1,,1,1,0.21568627450980393,0.08235294117647059,0.27058823529411763,0.30434782608695654,0.28994082840236685,0.35294117647058826,0.2897760638823876,0.6428820048729551,0.13725490196078433,4.1264918485195485,0.2815533980582524,,-0.31656574993394315,15.632853550769646,-2.631739111684006,82.75531067811609,-0.31656574993394315,,-3.5389527676829364,1.1261022927689595,0.3219427982064804,,,,,,,,142.49999999999997,2.415254237288135,142.49999999999997,2.415254237288135,,,,,,,,,,,,,,,,,,,"Casper Wells","9700",489413
"Luke Montz","BOS",58,214,191,39,22,10,0,7,23,27,19,1,64,2,2,0,,1,1,0.20418848167539266,0.08878504672897196,0.29906542056074764,0.296875,0.2803738317757009,0.36649214659685864,0.2875144968570118,0.6468659783725595,0.16230366492146597,2.426285895187779,0.26229508196721313,,-0.335417706053704,19.307809406475197,-3.6840895921429264,77.07138088558008,-0.335417706053704,,-5.728848079170065,1.9315108759553197,0.32190777562723566,,,,,,,,184.29999999999998,3.1775862068965512,184.29999999999998,3.1775862068965512,,,,,,,,,,,,,,,,,,,"Luke Montz","6601",452215
"Rio Ruiz","ATL",131,582,528,121,82,28,1,10,61,54,50,1,124,0,4,0,,5,5,0.22916666666666666,0.0859106529209622,0.21305841924398625,0.4032258064516129,0.29381443298969073,0.3428030303030303,0.2853486463042832,0.6366174632927211,0.11363636363636362,3.1933858172632297,0.27889447236180903,,-1.3792276235762984,51.54323908205789,-10.986131091754025,79.40313579502273,-1.3792276235762984,,-14.835236465011796,0.13844797178130497,0.3213158299565727,,,,,,,,475.9999999999999,3.633587786259541,475.9999999999999,3.633587786259541,,,,,,,,,,,,,,,,,,,"Rio Ruiz","14103",547004
"Marco Scutaro","SFG",54,217,194,52,42,8,1,1,25,12,17,0,19,1,1,4,,1,0,0.26804123711340205,0.07834101382488479,0.08755760368663594,0.8947368421052632,0.3286384976525822,0.33505154639175255,0.30007875133568135,0.6636900440443347,0.0670103092783505,3.7477068361346735,0.2914285714285714,,-0.026223470456898212,21.66957925974705,-1.6446360799732007,94.16487060607497,-0.026223470456898212,,-1.4475779359476961,-2.2026748971193415,0.32047564283074087,,,,,,,,191.4,3.5444444444444447,191.4,3.5444444444444447,,,,,,,,,,,,,,,,,,,"Marco Scutaro","1555",340192
"Darnell Sweeney","LAD",121,542,490,113,76,22,5,10,60,55,38,1,152,4,4,6,,18,13,0.23061224489795917,0.07011070110701106,0.28044280442804426,0.25,0.2891791044776119,0.35714285714285715,0.2876567926362296,0.6463219616204691,0.12653061224489798,5.978104880791309,0.3102409638554217,,-1.7429323287215084,48.96023939412026,-9.27157956499668,85.61498328754683,-1.7429323287215084,,-10.494821931450312,-3.0085243974132867,0.3193440165203069,,,,,,,,452.9,3.74297520661157,452.9,3.74297520661157,,,,,,,,,,,,,,,,,,,"Darnell Sweeney","13284",572182
"Jeff Keppinger","CHW",70,269,251,69,55,9,1,4,27,25,13,1,21,1,3,1,,0,0,0.2749003984063745,0.048327137546468404,0.07806691449814127,0.6190476190476191,0.30970149253731344,0.3665338645418327,0.29868148641193404,0.6762353570791462,0.0916334661354582,2.1108058608058604,0.2838427947598253,,-0.25638660322874784,26.5740129552271,-2.3270189635966196,88.87351369069323,-0.25638660322874784,,-3.5462943589825406,-2.011610817166373,0.3185777833969567,,,,,,,,246.79999999999995,3.525714285714285,246.79999999999995,3.525714285714285,,,,,,,,,,,,,,,,,,,"Jeff Keppinger","3856",433898
"Jonny Gomes","ATL",105,322,273,64,43,10,0,11,36,40,38,2,88,6,5,0,,1,1,0.23443223443223443,0.11801242236024845,0.2732919254658385,0.4318181818181818,0.33540372670807456,0.39194139194139194,0.32437849659472706,0.7273451186494665,0.1575091575091575,1.9201657098888083,0.29608938547486036,,-0.4975445286836475,38.15602857595996,3.560741297665397,106.07067724397655,-0.4975445286836475,,1.6967008318727559,-8.549382716049383,0.3180125890682694,,,,,,,,348.8999999999999,3.322857142857142,348.8999999999999,3.322857142857142,,,,,,,,,,,,,,,,,,,"Jonny Gomes","1845",430404
"Óscar Hernández","ARI",81,342,322,75,51,14,2,8,36,39,14,1,72,2,3,1,,4,6,0.2329192546583851,0.04093567251461988,0.21052631578947367,0.19444444444444445,0.2668621700879765,0.36335403726708076,0.27700776072109445,0.6302162073550572,0.13043478260869568,4.2270667519961895,0.27346938775510204,,-1.7112134746275842,28.10045020175993,-8.643612683882122,68.52793202991532,-1.7112134746275842,,-13.793345025406335,6.283068783068783,0.3123214085714864,,,,,,,,264,3.259259259259259,264,3.259259259259259,,,,,,,,,,,,,,,,,,,"Oscar Hernandez","13490",591712
"Tyler Pastornicky","ATL",103,359,330,86,68,12,3,3,39,27,21,0,56,1,2,5,,8,4,0.2606060606060606,0.0584958217270195,0.15598885793871867,0.375,0.3050847457627119,0.3424242424242424,0.28961684306462604,0.6475089881869542,0.08181818181818179,5.375195694307926,0.304029304029304,,-0.24758029682561755,32.96906817682815,-5.601453975059263,82.31942456302247,-0.24758029682561755,,-7.372549928475342,-0.6809229864785422,0.30921243198886594,,,,,,,,301.7,2.929126213592233,301.7,2.929126213592233,,,,,,,,,,,,,,,,,,,"Tyler Pastornicky","6777",543629
"Humberto Quintero","BOS",66,233,220,51,34,13,1,3,19,23,6,1,50,2,2,3,,1,1,0.2318181818181818,0.02575107296137339,0.2145922746781116,0.12,0.2565217391304348,0.3409090909090909,0.26164920907874295,0.5974308300395257,0.10909090909090907,3.3196898753041784,0.28402366863905326,,-0.33164731482975185,16.39982469245839,-8.63341113313985,59.02366779275761,-0.33164731482975185,,-10.8261631300575,6.280570252792475,0.3053945276030637,,,,,,,,160.29999999999995,2.4287878787878783,160.29999999999995,2.4287878787878783,,,,,,,,,,,,,,,,,,,"Humberto Quintero","1824",279827
"Nyjer Morgan","CLE",75,258,230,56,42,9,1,4,29,21,14,0,59,5,2,7,,5,2,0.24347826086956523,0.05426356589147287,0.22868217054263565,0.23728813559322035,0.29880478087649404,0.34347826086956523,0.2885466493458387,0.6422830417460592,0.1,5.146973064972647,0.3076923076923077,,0.015883594984188676,23.48187986468465,-4.2373254700979475,81.31324701766586,0.015883594984188676,,-5.283519486798558,-0.0520282186948855,0.3050110509402157,,,,,,,,213.89999999999998,2.852,213.89999999999998,2.852,,,,,,,,,,,,,,,,,,,"Nyjer Morgan","4885",460579
"A.J. Pierzynski","ATL",105,391,369,93,69,15,1,8,30,43,11,2,57,6,4,1,,0,1,0.25203252032520324,0.028132992327365727,0.14578005115089515,0.19298245614035087,0.28205128205128205,0.36314363143631434,0.2835261846326061,0.6451949134875964,0.1111111111111111,1.706589519791629,0.275974025974026,,-0.6937741404399276,34.08131691545778,-7.927246208185611,78.1579203558931,-0.6937741404399276,,-10.28033684368646,1.1832745443856556,0.30104564945370865,,,,,,,,324.3999999999999,3.0895238095238087,324.3999999999999,3.0895238095238087,,,,,,,,,,,,,,,,,,,"A.J. Pierzynski","746",150229
"Christian Marrero","CHW",89,337,294,64,39,14,2,9,36,33,37,2,79,1,3,2,,5,2,0.21768707482993196,0.10979228486646884,0.2344213649851632,0.46835443037974683,0.3044776119402985,0.3707482993197279,0.30049544071650003,0.6752259112600264,0.15306122448979595,4.600757328732675,0.2631578947368421,,-0.03690188215114176,33.760457945016014,-2.446411038789164,90.13921493217727,-0.03690188215114176,,-3.6896085453156493,-4.1912110523221635,0.2984229318521432,,,,,,,,318.9,3.58314606741573,318.9,3.58314606741573,,,,,,,,,,,,,,,,,,,"Christian Marrero","sa326115",461842
"Jimmy Paredes","BAL",134,531,507,120,82,23,4,11,60,56,20,1,137,1,2,1,,21,7,0.23668639053254437,0.03766478342749529,0.2580037664783427,0.145985401459854,0.2660377358490566,0.3629191321499014,0.27684918153038096,0.628956867998958,0.12623274161735704,6.579072990716134,0.30193905817174516,,1.1759912143461406,43.565063251367505,-13.484929123708312,72.3933224717499,1.1759912143461406,,-14.937218765077446,0.9510582010582009,0.29815738681185067,,,,,,,,441.19999999999993,3.2925373134328355,441.19999999999993,3.2925373134328355,,,,,,,,,,,,,,,,,,,"Jimmy Paredes","5481",517370
"Delmon Young","BAL",116,418,394,103,73,17,1,12,40,50,17,0,84,4,3,0,,1,0,0.2614213197969543,0.04066985645933014,0.20095693779904306,0.20238095238095238,0.2966507177033493,0.4010152284263959,0.30801942958786155,0.6976659461297452,0.1395939086294416,2.500873403274028,0.3023255813953488,,-0.15441677207127213,44.28713039385255,-0.6222797997099538,94.14261437199907,-0.15441677207127213,,-2.845663422419616,-7.607583774250441,0.29575737610814024,,,,,,,,415.49999999999994,3.5818965517241375,415.49999999999994,3.5818965517241375,,,,,,,,,,,,,,,,,,,"Delmon Young","2140",430321
"Nolan Fontana","HOU",80,374,309,60,41,14,2,3,41,25,55,0,111,2,2,6,,7,6,0.1941747572815534,0.14705882352941177,0.2967914438502674,0.4954954954954955,0.3179347826086957,0.2815533980582524,0.28137600810631463,0.5994881806669481,0.08737864077669902,4.614018901372102,0.2893401015228426,,-1.231865984853357,31.98274947113441,-8.19935438626362,79.95449811941748,-1.231865984853357,,-9.472524914731364,0.3741916519694295,0.2925486086304553,,,,,,,,274.7,3.43375,274.7,3.43375,,,,,,,,,,,,,,,,,,,"Nolan Fontana","13267",545337
"Rafael Ortega","STL",98,420,383,91,70,12,4,5,43,30,29,1,80,2,3,3,,17,11,0.23759791122715404,0.06904761904761905,0.19047619047619047,0.3625,0.29256594724220625,0.3289817232375979,0.27827078791765064,0.6215476704798042,0.09138381201044385,5.992295894608344,0.2857142857142857,,-1.1247131256386638,34.91618037302854,-10.208107381268718,75.65782110746959,-1.1247131256386638,,-12.600987257576861,2.5432098765432096,0.29200332400118,,,,,,,,325.7,3.323469387755102,325.7,3.323469387755102,,,,,,,,,,,,,,,,,,,"Rafael Ortega","10323",542364
"Jabari Blash","SEA",106,442,393,86,56,15,2,13,52,44,38,1,159,8,3,0,,8,6,0.21882951653944022,0.08597285067873303,0.3597285067873303,0.2389937106918239,0.2986425339366516,0.366412213740458,0.298134960960639,0.6650547476771096,0.1475826972010178,4.86410918910567,0.32589285714285715,,-1.0431771555449814,43.4790908089967,-4.008850113382796,93.14085515594557,-1.0431771555449814,,-4.375642536800588,-6.872134038800705,0.29142151110613623,,,,,,,,402.09999999999997,3.793396226415094,402.09999999999997,3.793396226415094,,,,,,,,,,,,,,,,,,,"Jabari Blash","11247",518466
"Cody Ross","ARI",101,350,318,81,56,16,0,9,36,38,26,1,70,3,3,0,,2,1,0.25471698113207547,0.07428571428571429,0.2,0.37142857142857144,0.3142857142857143,0.389937106918239,0.3125112948240045,0.7042228212039533,0.13522012578616355,2.427115505893192,0.2975206611570248,,-0.2937741344794631,38.2883192018807,0.6847460732996491,92.78608214394521,-0.2937741344794631,,-3.1279801179453703,-4.8580246913580245,0.2867152378004072,,,,,,,,354.59999999999997,3.5108910891089105,354.59999999999997,3.5108910891089105,,,,,,,,,,,,,,,,,,,"Cody Ross","1760",425496
"Mitch Moreland","TEX",102,357,323,80,51,17,1,11,37,46,26,2,75,2,4,2,,0,0,0.2476780185758514,0.07282913165266107,0.21008403361344538,0.3466666666666667,0.30422535211267604,0.4086687306501548,0.31270671819492374,0.7128940827628308,0.1609907120743034,1.9783834586466162,0.2863070539419087,,-0.2903201242443174,39.107594111375484,0.7519495202228157,95.42779455486222,-0.2903201242443174,,-2.0845056794118406,-6.558641975308642,0.28381672138155745,,,,,,,,367.4,3.601960784313725,367.4,3.601960784313725,,,,,,,,,,,,,,,,,,,"Mitch Moreland","3086",519048
"Tyler Bortnick","ARI",86,311,276,64,46,12,4,2,34,24,26,0,63,5,1,3,,12,2,0.2318840579710145,0.08360128617363344,0.20257234726688103,0.4126984126984127,0.30844155844155846,0.32608695652173914,0.28813520596398934,0.6345285149632975,0.09420289855072464,7.317242191504887,0.29245283018867924,,1.3555573562625796,28.207536284812452,-5.205924409440994,76.13087195993391,1.3555573562625796,,-6.977207309332952,0.14271017048794832,0.28346566219562835,,,,,,,,268.99999999999994,3.1279069767441854,268.99999999999994,3.1279069767441854,,,,,,,,,,,,,,,,,,,"Tyler Bortnick","sa501942",572726
"Blake Miller","SFG",96,395,364,82,60,16,3,3,38,34,20,0,99,6,4,1,,4,1,0.22527472527472528,0.05063291139240506,0.25063291139240507,0.20202020202020202,0.27411167512690354,0.31043956043956045,0.26254711719938945,0.5845512355664639,0.08516483516483517,5.086733241221532,0.29699248120300753,,0.09868508903309703,28.074301936731064,-14.36401630838183,68.52100055460333,0.09868508903309703,,-13.858896944138829,4.45135214579659,0.28027719419296915,,,,,,,,269.7,2.8093749999999997,269.7,2.8093749999999997,,,,,,,,,,,,,,,,,,,"Blake Miller","sa738430",641875
"Adron Chambers","CHC",101,357,315,74,55,12,2,5,37,27,30,2,80,4,3,5,,8,5,0.23492063492063492,0.08403361344537816,0.22408963585434175,0.375,0.3068181818181818,0.3333333333333333,0.28732182485716684,0.6401515151515151,0.0984126984126984,4.892182119088886,0.296137339055794,,-0.613330400781706,32.15700163616673,-6.198642954985937,80.76183707639504,-0.613330400781706,,-8.32279090589038,0.06481481481481488,0.2801368988864177,,,,,,,,295.8,2.9287128712871286,295.8,2.9287128712871286,,,,,,,,,,,,,,,,,,,"Adron Chambers","7995",518545
"Hiroyuki Nakajima","OAK",108,431,398,96,75,15,1,5,43,38,22,0,85,5,5,1,,5,4,0.24120603015075376,0.05104408352668213,0.19721577726218098,0.25882352941176473,0.28604651162790695,0.32160804020100503,0.27253867914510327,0.607654551828912,0.08040201005025127,3.61483683455934,0.29073482428115016,,-0.8928250004537404,33.935823038406525,-12.370291299931846,75.30371969052963,-0.8928250004537404,,-12.592726871650807,1.5836272780717224,0.2796448383915521,,,,,,,,315.0999999999999,2.917592592592592,315.0999999999999,2.917592592592592,,,,,,,,,,,,,,,,,,,"Hiroyuki Nakajima","14446",493141
"Kyle Wren","MIL",110,471,434,110,85,18,6,1,51,36,25,0,84,2,3,7,,30,11,0.2534562211981567,0.05307855626326964,0.17834394904458598,0.2976190476190476,0.2952586206896552,0.3294930875576037,0.2790713055894293,0.6247517082472589,0.07603686635944701,7.366902873838129,0.3096590909090909,,1.4300422184169292,39.44518350342179,-11.158482049611562,71.80207652088116,1.4300422184169292,,-13.478329346534961,1.7305996472663139,0.27605535509125034,,,,,,,,384.99999999999994,3.4999999999999996,384.99999999999994,3.4999999999999996,,,,,,,,,,,,,,,,,,,"Kyle Wren","sa621577",592881
"Charlie Culberson","COL",127,438,411,105,70,21,4,10,47,59,17,1,97,4,3,3,,9,5,0.25547445255474455,0.03881278538812785,0.22146118721461186,0.17525773195876287,0.2896551724137931,0.39902676399026765,0.30219411273156443,0.6886819364040608,0.1435523114355231,5.550189279725345,0.30944625407166126,,-0.42464157147333026,44.44921699208756,-2.608968808822436,73.6283078987403,-0.42464157147333026,,-13.390589720610631,2.6093474426807757,0.27244299112976234,,,,,,,,420.8,3.3133858267716536,420.8,3.3133858267716536,,,,,,,,,,,,,,,,,,,"Charlie Culberson","3298",518586
"Willy García","PIT",131,506,480,105,63,22,5,15,51,56,18,1,193,2,3,3,,8,6,0.21875,0.03557312252964427,0.3814229249011858,0.09326424870466321,0.2485089463220676,0.37916666666666665,0.27440448657449973,0.6276756129887342,0.16041666666666665,5.58840355743416,0.32727272727272727,,-0.97153972228989,40.56522376004495,-13.79879910584651,74.81856369852048,-0.97153972228989,,-15.274409616758302,2.4223985890652555,0.27119726105669617,,,,,,,,399.7,3.051145038167939,399.7,3.051145038167939,,,,,,,,,,,,,,,,,,,"Willy Garcia","12956",591994
"Jordan Pacheco","ARI",110,357,332,86,63,19,2,2,29,34,17,0,47,3,3,2,,3,1,0.25903614457831325,0.047619047619047616,0.13165266106442577,0.3617021276595745,0.29859154929577464,0.3463855421686747,0.287216253851501,0.6449770914644493,0.08734939759036142,3.77457762011798,0.2937062937062937,,-0.09000374027527869,32.128095426957266,-6.227549164195401,75.50298859971035,-0.09000374027527869,,-9.906884002371548,1.5586419753086416,0.2702357802519208,,,,,,,,297.79999999999995,2.707272727272727,297.79999999999995,2.707272727272727,,,,,,,,,,,,,,,,,,,"Jordan Pacheco","2677",457574
"Mark Reynolds","STL",131,479,418,91,54,17,0,20,57,59,54,2,136,4,3,0,,3,2,0.21770334928229665,0.1127348643006263,0.2839248434237996,0.39705882352941174,0.31106471816283926,0.4019138755980861,0.31738133725380246,0.7129785937609254,0.18421052631578946,2.5410643764867897,0.2679245283018868,,-0.5688655809499323,54.18944877020756,2.726272974235215,102.3805009986745,-0.5688655809499323,,0.7110934085931859,-12.79997060552616,0.26521115536203377,,,,,,,,502.99999999999994,3.839694656488549,502.99999999999994,3.839694656488549,,,,,,,,,,,,,,,,,,,"Mark Reynolds","7619",448602
"Justin Maxwell","SFG",88,302,273,58,37,12,2,7,35,30,23,0,96,4,2,0,,5,3,0.21245421245421245,0.076158940397351,0.31788079470198677,0.23958333333333334,0.2814569536423841,0.34798534798534797,0.28257960002153915,0.6294423016277321,0.13553113553113552,5.368669692402752,0.29651162790697677,,-0.3724888563156128,26.104424455575288,-6.342087215371784,82.20839781617907,-0.3724888563156128,,-6.403833916969951,-0.3289241622574952,0.26472759128256446,,,,,,,,245.89999999999995,2.794318181818181,245.89999999999995,2.794318181818181,,,,,,,,,,,,,,,,,,,"Justin Maxwell","6827",452239
"Josh Satin","CIN",132,506,446,106,73,22,1,10,58,48,55,1,124,2,3,0,,1,3,0.23766816143497757,0.10869565217391304,0.2450592885375494,0.4435483870967742,0.3221343873517787,0.35874439461883406,0.30684974724703495,0.6808787819706128,0.12107623318385649,2.493100307232549,0.3047619047619048,,-1.417564297793433,53.156798607534846,-1.2072242583566104,92.31269581612568,-1.417564297793433,,-5.783896315744961,-7.140799529688419,0.263224585700239,,,,,,,,475.5999999999999,3.603030303030302,475.5999999999999,3.603030303030302,,,,,,,,,,,,,,,,,,,"Josh Satin","6788",543744
"Adalberto Santos","SFG",82,295,264,61,45,12,2,2,30,24,26,1,63,2,1,2,,10,5,0.23106060606060605,0.08813559322033898,0.2135593220338983,0.4126984126984127,0.3037542662116041,0.3143939393939394,0.2798948496171873,0.6181482056055435,0.08333333333333334,5.436551133805167,0.295,,-0.15677452646195889,24.89191387829154,-6.802526330083917,80.37401484634029,-0.15677452646195889,,-6.655761334553669,0.08392122281011183,0.25912467901364306,,,,,,,,231.59999999999997,2.8243902439024384,231.59999999999997,2.8243902439024384,,,,,,,,,,,,,,,,,,,"Adalberto Santos","sa389203",519248
"Nick Evans","ARI",86,329,301,76,48,16,2,10,37,40,24,1,75,1,3,0,,1,1,0.25249169435215946,0.0729483282674772,0.22796352583586627,0.32,0.3069908814589666,0.4186046511627907,0.3186470266522431,0.7255955326217574,0.16611295681063126,3.360439351304324,0.3013698630136986,,-0.44852944277226925,37.5392680744674,2.191909333601216,96.97838320663413,-0.44852944277226925,,-1.5644350425306763,-6.044238683127571,0.2583428493860993,,,,,,,,350.49999999999994,4.075581395348837,350.49999999999994,4.075581395348837,,,,,,,,,,,,,,,,,,,"Nick Evans","7595",452783
"Neftali Soto","CIN",118,452,424,101,68,21,0,12,47,50,22,1,106,3,3,0,,1,1,0.23820754716981132,0.048672566371681415,0.2345132743362832,0.20754716981132076,0.27876106194690264,0.37264150943396224,0.28786290009111626,0.6514025713808649,0.1344339622641509,2.119181102950276,0.28802588996763756,,-0.5239372672513127,40.90176168740155,-7.6605670386516875,79.33973973898223,-0.5239372672513127,,-11.006474083248659,-0.33921222810111695,0.2570375415674703,,,,,,,,389.3999999999999,3.2999999999999994,389.3999999999999,3.2999999999999994,,,,,,,,,,,,,,,,,,,"Neftali Soto","5663",519304
"Andy Marte","ARI",98,377,352,88,60,17,2,9,43,43,21,2,63,1,3,0,,1,0,0.25,0.05570291777188329,0.16710875331564987,0.3333333333333333,0.2917771883289125,0.38636363636363635,0.29761069583892824,0.6781408246925489,0.13636363636363635,3.5689464218331155,0.2791519434628975,,-0.1016312949359417,36.933516856023225,-3.57090334247693,82.60509661385076,-0.1016312949359417,,-7.4629487099860565,-1.614785420340976,0.2566582570718975,,,,,,,,353.99999999999994,3.612244897959183,353.99999999999994,3.612244897959183,,,,,,,,,,,,,,,,,,,"Andy Marte","3203",429708
"Xavier Avery","DET",128,521,472,117,88,21,2,6,58,41,38,0,125,3,2,6,,23,8,0.2478813559322034,0.07293666026871401,0.2399232245681382,0.304,0.3067961165048544,0.3389830508474576,0.2909395330160567,0.645779167352312,0.09110169491525422,5.780518413568677,0.3236151603498542,,1.0971293796319515,48.375010342262264,-7.600594229139804,83.56713064690283,1.0971293796319515,,-8.313626961624667,-5.742945326278659,0.25592790759742023,,,,,,,,456.2,3.5640625,456.2,3.5640625,,,,,,,,,,,,,,,,,,,"Xavier Avery","8471",542897
"David Ross","CHC",45,149,133,26,13,7,0,6,14,13,13,1,51,0,1,2,,0,1,0.19548872180451127,0.087248322147651,0.3422818791946309,0.2549019607843137,0.2653061224489796,0.38345864661654133,0.28529576283611663,0.6487647690655209,0.18796992481203006,1.5905662835021723,0.2597402597402597,,-0.4713210582267493,13.189734259666698,-2.818644015072091,79.37750963156913,-0.4713210582267493,,-3.9205303813332604,1.7373603762492649,0.25550407992233143,,,,,,,,125.50000000000001,2.788888888888889,125.50000000000001,2.788888888888889,,,,,,,,,,,,,,,,,,,"David Ross","1551",424325
"Chris McGuiness","PHI",115,469,418,96,59,25,1,11,49,48,46,2,106,2,3,0,,0,2,0.22966507177033493,0.09808102345415778,0.2260127931769723,0.4339622641509434,0.3070362473347548,0.37320574162679426,0.3031416172899577,0.6802419889615491,0.14354066985645933,2.1808810701954653,0.27960526315789475,,-1.1500136337708682,47.9359919044263,-2.4527960878723016,92.16353751759175,-1.1500136337708682,,-5.275594221467217,-6.616255144032921,0.25360318758569744,,,,,,,,439.5999999999999,3.822608695652173,439.5999999999999,3.822608695652173,,,,,,,,,,,,,,,,,,,"Chris McGuiness","9423",573027
"Chad Wallach","CIN",97,389,348,76,55,16,1,4,46,33,34,1,71,4,2,1,,2,0,0.21839080459770116,0.08740359897172237,0.18251928020565553,0.4788732394366197,0.29381443298969073,0.3045977011494253,0.2722747658574304,0.598412134139116,0.08620689655172414,3.9036187314851682,0.26181818181818184,,0.05312401335686445,30.550113023424135,-11.243572539484516,68.6889887702947,0.05312401335686445,,-13.619090657515839,4.146531452087007,0.2532141018256333,,,,,,,,285.09999999999997,2.9391752577319585,285.09999999999997,2.9391752577319585,,,,,,,,,,,,,,,,,,,"Chad Wallach","17161",595453
"Brent Morel","PIT",110,413,382,88,63,19,2,4,41,37,25,0,87,2,2,2,,7,2,0.23036649214659685,0.06053268765133172,0.2106537530266344,0.28735632183908044,0.2798053527980535,0.3219895287958115,0.2701356086127659,0.601794881593865,0.09162303664921465,4.918769046400263,0.28668941979522183,,0.3065422554500401,31.75735659780265,-12.614859693922986,71.90180949275467,0.3065422554500401,,-12.719742805470664,2.5174897119341564,0.2529022928383446,,,,,,,,303.59999999999997,2.76,303.59999999999997,2.76,,,,,,,,,,,,,,,,,,,"Brent Morel","6402",543569
"Luis Mateo","LAD",107,390,367,82,61,15,1,5,36,32,13,1,84,4,1,5,,9,7,0.22343324250681199,0.03333333333333333,0.2153846153846154,0.15476190476190477,0.2571428571428571,0.3106267029972752,0.25284981774166226,0.5677695601401322,0.0871934604904632,4.352691907903246,0.27598566308243727,,-1.1297490408178419,24.818292032839743,-17.082832310436277,61.83276432421055,-1.1297490408178419,,-17.83863469943775,8.298941798941797,0.24917228168290206,,,,,,,,236.9,2.214018691588785,236.9,2.214018691588785,,,,,,,,,,,,,,,,,,,"Luis Mateo","sa455015",543499
"Renato Núñez","OAK",134,590,556,125,86,22,1,16,58,60,23,0,163,8,3,0,,1,1,0.22482014388489208,0.03898305084745763,0.27627118644067794,0.1411042944785276,0.26440677966101694,0.35431654676258995,0.27512014366812626,0.618723326423607,0.12949640287769787,2.5706762336016435,0.2868421052631579,,-0.6181970478501171,47.623215133297116,-15.765665283453796,77.10495737519062,-0.6181970478501171,,-15.466159865054447,-0.8321575543797763,0.2481269924602426,,,,,,,,455.99999999999994,3.4029850746268653,455.99999999999994,3.4029850746268653,,,,,,,,,,,,,,,,,,,"Renato Nunez","14503",600524
"Brandon Douglas","DET",106,411,381,92,71,15,2,4,36,30,20,0,68,3,2,5,,9,3,0.24146981627296588,0.04866180048661801,0.1654501216545012,0.29411764705882354,0.2832512315270936,0.3228346456692913,0.2716800687935552,0.6060858771963848,0.08136482939632544,4.814926076047726,0.2829581993569132,,0.31439941888675094,32.09041977343567,-12.06691895755522,70.12868420126854,0.31439941888675094,,-13.180497711566762,2.5101410934744264,0.24778871399782726,,,,,,,,304.4,2.8716981132075468,304.4,2.8716981132075468,,,,,,,,,,,,,,,,,,,"Brandon Douglas","sa455065",518628
"Doug Bernier","MIN",105,367,329,74,56,14,2,2,34,27,24,0,82,4,2,8,,3,3,0.22492401215805471,0.0653950953678474,0.22343324250681199,0.2926829268292683,0.2841225626740947,0.2978723404255319,0.26422236025499435,0.5819949030996265,0.07294832826747719,4.037681820367979,0.291497975708502,,-0.8478966867551208,26.55576876597188,-12.87426362885453,64.02862683922892,-0.8478966867551208,,-15.358868023849206,6.045414462081129,0.24479813001101616,,,,,,,,237.49999999999997,2.2619047619047614,237.49999999999997,2.2619047619047614,,,,,,,,,,,,,,,,,,,"Doug Bernier","4518",448674
"Jason Pridie","OAK",102,408,381,84,60,13,3,8,37,34,23,1,100,1,1,2,,11,3,0.2204724409448819,0.056372549019607844,0.24509803921568626,0.23,0.2660098522167488,0.3333333333333333,0.26676787402894764,0.5993431855500821,0.11286089238845143,5.648074447066684,0.2773722627737226,,0.7558737283106893,30.319041066706347,-13.515981323182412,71.27709389213152,0.7558737283106893,,-12.125493008041584,1.4991181657848323,0.24226116027479455,,,,,,,,303.9,2.979411764705882,303.9,2.979411764705882,,,,,,,,,,,,,,,,,,,"Jason Pridie","4611",445095
"Stephen Bruno","CHC",83,344,315,79,57,17,3,2,39,30,15,0,83,11,2,1,,3,4,0.2507936507936508,0.0436046511627907,0.24127906976744187,0.18072289156626506,0.30612244897959184,0.34285714285714286,0.29177652416701916,0.6489795918367347,0.09206349206349207,4.895032607347317,0.33189655172413796,,-1.2211875731591135,32.16133561646661,-4.797604829910195,83.80555560475432,-1.2211875731591135,,-7.474594188061527,-0.7360376249265139,0.24214450828078965,,,,,,,,285.1,3.434939759036145,285.1,3.434939759036145,,,,,,,,,,,,,,,,,,,"Stephen Bruno","sa502917",572738
"Alden Carrithers","OAK",98,376,334,80,67,11,1,1,36,25,32,0,44,4,2,4,,9,3,0.23952095808383234,0.0851063829787234,0.11702127659574468,0.7272727272727273,0.3118279569892473,0.2874251497005988,0.2756982806228822,0.5992531066898461,0.047904191616766456,4.408904721473671,0.27147766323024053,,0.28046589787118137,30.516433492273435,-9.880547925859348,77.50835709674948,0.28046589787118137,,-9.015241134242745,-0.6184597295708407,0.24072626443505615,,,,,,,,277.70000000000005,2.8336734693877554,277.70000000000005,2.8336734693877554,,,,,,,,,,,,,,,,,,,"Alden Carrithers","sa454577",543002
"Taylor Green","MIL",91,302,276,67,45,16,0,6,28,30,20,1,58,3,2,1,,1,1,0.2427536231884058,0.06622516556291391,0.19205298013245034,0.3448275862068966,0.29900332225913623,0.36594202898550726,0.295724551876386,0.6649453512446435,0.12318840579710147,1.9711795140775838,0.2850467289719626,,-0.4296774866525084,29.14912236866286,-3.297389302284215,83.18057611317371,-0.4296774866525084,,-6.131454546118844,-0.8903586125808349,0.23302162598730763,,,,,,,,270.09999999999997,2.968131868131868,270.09999999999997,2.968131868131868,,,,,,,,,,,,,,,,,,,"Taylor Green","9147",488919
"Ronny Cedeno","ARI",94,309,285,71,51,14,3,3,31,29,17,1,60,2,1,4,,3,3,0.24912280701754386,0.05501618122977346,0.1941747572815534,0.2833333333333333,0.29508196721311475,0.3508771929824561,0.28687154991846336,0.6459591601955709,0.10175438596491226,4.610651128536955,0.30493273542600896,,-0.7913408183958381,27.726658853871502,-5.471924279647193,75.26746613796652,-0.7913408183958381,,-9.369997056730337,2.1353615520282183,0.2329312343122687,,,,,,,,252.79999999999993,2.6893617021276586,252.79999999999993,2.6893617021276586,,,,,,,,,,,,,,,,,,,"Ronny Cedeno","2179",430592
"Héctor Gómez","MIL",109,389,364,82,52,17,4,9,38,41,14,1,97,4,2,5,,5,4,0.22527472527472528,0.03598971722365039,0.2493573264781491,0.14432989690721648,0.2604166666666667,0.36813186813186816,0.2761641319053291,0.6285485347985349,0.14285714285714288,5.092109798606261,0.28076923076923077,,-0.7684020900633186,31.710510262601073,-10.083175300307573,69.81572058707346,-0.7684020900633186,,-13.94861989879422,4.287918871252204,0.23257714193065884,,,,,,,,304.20000000000005,2.790825688073395,304.20000000000005,2.790825688073395,,,,,,,,,,,,,,,,,,,"Hector Gomez","2264",467143
"Jairo Perez","NYM",76,317,294,75,52,13,2,8,35,37,14,1,55,6,3,0,,3,3,0.25510204081632654,0.04416403785488959,0.17350157728706625,0.2545454545454545,0.2996845425867508,0.3945578231292517,0.3059478939711293,0.6942423657160025,0.13945578231292516,4.148967778438044,0.2863247863247863,,-0.7988816008437425,33.0825217795069,-0.9755715969507953,97.50512246222002,-0.7988816008437425,,-1.686652017014604,-5.823780129335685,0.22925526001831098,,,,,,,,307.6,4.0473684210526315,307.6,4.0473684210526315,,,,,,,,,,,,,,,,,,,"Jairo Perez","sa504599",516613
"Brett Wallace","SDP",138,548,501,120,82,21,1,16,64,53,37,3,159,8,2,0,,1,1,0.23952095808383234,0.06751824817518248,0.29014598540145986,0.23270440251572327,0.3010948905109489,0.3812375249500998,0.30285460380239226,0.6823324154610487,0.1417165668662675,2.6936209315270743,0.3170731707317073,,-0.6445897864177823,55.88986639149904,-2.9865852498221384,95.4404849964627,-0.6445897864177823,,-3.4493218610766516,-11.067607289829512,0.22809759370192473,,,,,,,,522.1,3.7833333333333337,522.1,3.7833333333333337,,,,,,,,,,,,,,,,,,,"Brett Wallace","8434",477165
"Jordan Parraz","ARI",62,229,211,47,31,9,1,6,25,21,14,0,55,4,0,0,,3,2,0.22274881516587677,0.0611353711790393,0.24017467248908297,0.2545454545454545,0.2838427947598253,0.36018957345971564,0.2889399276029595,0.644032368219541,0.13744075829383887,4.42606612194381,0.2733333333333333,,-0.3388717162888497,20.911517609452506,-3.6919630946762383,76.68070618943803,-0.3388717162888497,,-6.333234870963123,1.4757495590828928,0.22791988645048722,,,,,,,,194.49999999999997,3.137096774193548,194.49999999999997,3.137096774193548,,,,,,,,,,,,,,,,,,,"Jordan Parraz","sa253734",445199
"Melky Mesa","TOR",90,354,334,70,40,16,2,12,37,40,14,0,124,5,1,0,,8,4,0.20958083832335328,0.03954802259887006,0.3502824858757062,0.11290322580645161,0.2514124293785311,0.3772455089820359,0.2777912547696108,0.628657938360567,0.16766467065868262,5.5072447520452394,0.2914572864321608,,-0.13069816888310015,29.29915527304279,-8.734172977007756,73.6752422667507,-0.13069816888310015,,-10.374025435851717,1.3007054673721339,0.22628000339563814,,,,,,,,289.6,3.217777777777778,289.6,3.217777777777778,,,,,,,,,,,,,,,,,,,"Melky Mesa","447",444859
"Chris Dickerson","TOR",99,332,298,65,41,14,2,8,37,29,27,0,105,4,2,1,,10,3,0.2181208053691275,0.08132530120481928,0.31626506024096385,0.2571428571428571,0.29003021148036257,0.35906040268456374,0.2911280494442159,0.6490906141649263,0.14093959731543623,6.049456003240343,0.3048128342245989,,0.597348028793931,30.874304863418978,-4.795370218549329,82.98109828229374,0.597348028793931,,-5.613387230057675,-2.780129335684891,0.22493299624965035,,,,,,,,296.8,2.997979797979798,296.8,2.997979797979798,,,,,,,,,,,,,,,,,,,"Chris Dickerson","7095",447736
"Donnie Murphy","MIL",90,305,275,62,37,13,1,11,36,41,20,1,82,6,3,1,,2,2,0.22545454545454546,0.06557377049180328,0.26885245901639343,0.24390243902439024,0.2894736842105263,0.4,0.3043388364338639,0.6894736842105263,0.17454545454545456,3.6036620516696387,0.2756756756756757,,-0.5878868051804602,31.453786513472455,-1.3150414985767431,89.06637349082519,-0.5878868051804602,,-4.331200707533849,-2.879335684891241,0.22228677775540928,,,,,,,,295.2,3.28,295.2,3.28,,,,,,,,,,,,,,,,,,,"Donnie Murphy","4704",430906
"Juan Diaz","CHW",131,520,488,111,80,21,1,9,51,47,25,1,153,2,3,2,,4,2,0.22745901639344263,0.04807692307692308,0.29423076923076924,0.16339869281045752,0.26640926640926643,0.32991803278688525,0.26518227376144676,0.5963272991961517,0.10245901639344263,3.53047048464566,0.3100303951367781,,-0.3537840130738914,38.00953916995016,-17.858626621084543,65.4991679677976,-0.3537840130738914,,-20.073756998179736,5.731922398589065,0.22118735104884302,,,,,,,,367.7999999999999,2.807633587786259,367.7999999999999,2.807633587786259,,,,,,,,,,,,,,,,,,,"Juan Diaz","9235",501726
"Jeff Kobernus","WSN",99,398,366,93,73,15,2,3,44,31,22,0,78,3,2,5,,28,7,0.2540983606557377,0.05527638190954774,0.19597989949748743,0.28205128205128205,0.30025445292620867,0.33060109289617484,0.2832789636446926,0.6308555458223835,0.07650273224043713,6.613198439744042,0.313588850174216,,2.591072800103575,34.61600317803398,-8.144631408181045,77.07599664868606,2.591072800103575,,-7.650477652929727,-2.387125220458554,0.22113306981879238,,,,,,,,346.49999999999994,3.4999999999999996,346.49999999999994,3.4999999999999996,,,,,,,,,,,,,,,,,,,"Jeff Kobernus","9591",571862
"Manuel Margot","BOS",120,503,463,113,79,22,3,9,52,43,30,0,96,2,2,6,,29,21,0.24406047516198703,0.05964214711729622,0.1908548707753479,0.3125,0.2917505030181087,0.36285097192224625,0.2915417847019326,0.6546014749403549,0.11879049676025921,5.869944412742522,0.28888888888888886,,-2.5368001696188003,46.936044958410875,-7.105661566378454,79.88145345041762,-2.5368001696188003,,-13.660211328659113,-0.1518224573780127,0.22063988014296268,,,,,,,,427.59999999999997,3.563333333333333,427.59999999999997,3.563333333333333,,,,,,,,,,,,,,,,,,,"Manuel Margot","14712",622534
"Adrian Nieto","CHW",77,285,255,54,37,11,0,6,28,23,24,0,93,2,2,2,,2,2,0.21176470588235294,0.08421052631578947,0.3263157894736842,0.25806451612903225,0.2826855123674912,0.3254901960784314,0.27525462594554617,0.6081757084459225,0.11372549019607844,2.537155323644419,0.3037974683544304,,-0.5916571964044124,23.033830424955596,-7.586221979746113,72.52723291518309,-0.5916571964044124,,-9.19804016412374,2.2358906525573197,0.21975840218254705,,,,,,,,211.9,2.751948051948052,211.9,2.751948051948052,,,,,,,,,,,,,,,,,,,"Adrian Nieto","10294",543589
"Joe Benson","ATL",110,436,392,79,51,17,4,7,45,36,33,1,136,7,3,1,,10,5,0.20153061224489796,0.07568807339449542,0.3119266055045872,0.2426470588235294,0.2735632183908046,0.31887755102040816,0.26698993730105564,0.5924407694112128,0.1173469387755102,6.177970719835289,0.2857142857142857,,-0.22464156849309802,32.47401727083027,-14.36929096934498,66.85936148767617,-0.22464156849309802,,-16.444218961998082,5.194003527336861,0.21435819085872443,,,,,,,,313.29999999999995,2.8481818181818177,313.29999999999995,2.8481818181818177,,,,,,,,,,,,,,,,,,,"Joe Benson","2845",501994
"Logan Schafer","MIL",124,397,356,83,55,19,5,4,41,38,29,2,72,3,2,7,,9,4,0.23314606741573032,0.07304785894206549,0.181360201511335,0.4027777777777778,0.2948717948717949,0.34831460674157305,0.2858210901931389,0.6431864016133679,0.11516853932584273,6.036329945809735,0.2801418439716312,,-0.028728337725624442,35.30307281466514,-7.350122991182505,76.41393537638407,-0.028728337725624442,,-10.53958622825019,0.45870076425631967,0.21306351337557256,,,,,,,,331.9,2.676612903225806,331.9,2.676612903225806,,,,,,,,,,,,,,,,,,,"Logan Schafer","7937",502582
"Greg Miclat","STL",80,300,270,64,52,10,1,1,29,17,23,0,63,2,0,5,,14,3,0.23703703703703705,0.07666666666666666,0.21,0.36507936507936506,0.3016949152542373,0.29259259259259257,0.2720531990972616,0.5942875078468299,0.055555555555555525,5.640711627842292,0.3058252427184466,,1.378496084595099,23.509517971154033,-8.722116139058292,71.40959042386706,1.378496084595099,,-8.249453447798535,1.1022927689594357,0.21262854360006284,,,,,,,,225.69999999999996,2.8212499999999996,225.69999999999996,2.8212499999999996,,,,,,,,,,,,,,,,,,,"Greg Miclat","sa454552",476582
"Nevin Ashley","MIL",76,268,240,50,35,11,1,3,27,25,19,0,62,5,2,2,,1,1,0.20833333333333334,0.0708955223880597,0.23134328358208955,0.3064516129032258,0.2781954887218045,0.3,0.2633898981979915,0.5781954887218045,0.09166666666666665,3.3672336771591604,0.2655367231638418,,-0.399514356860891,19.22111267879475,-9.572480459661596,61.0875957202339,-0.399514356860891,,-12.105689912299999,5.923574368018812,0.21217993953658543,,,,,,,,176.9,2.3276315789473685,176.9,2.3276315789473685,,,,,,,,,,,,,,,,,,,"Nevin Ashley","3274",502213
"Tony Campana","CHW",138,436,401,93,79,9,4,1,47,22,25,0,98,2,1,7,,27,9,0.23192019950124687,0.05733944954128441,0.22477064220183487,0.25510204081632654,0.27972027972027974,0.2817955112219451,0.2548408080369998,0.5615157909422248,0.04987531172069826,7.234539604682659,0.30363036303630364,,1.6067871120758355,28.411362595556735,-18.43194564461851,58.28332687783746,1.6067871120758355,,-18.385825868529764,6.601998824221046,0.21191935574795126,,,,,,,,285.2,2.0666666666666664,285.2,2.0666666666666664,,,,,,,,,,,,,,,,,,,"Tony Campana","4964",542999
"Eric Fryer","MIN",71,230,208,43,30,9,1,3,24,18,18,0,54,2,1,1,,5,0,0.20673076923076922,0.0782608695652174,0.23478260869565218,0.3333333333333333,0.27510917030567683,0.30288461538461536,0.26280959204294796,0.5779937856902921,0.09615384615384615,5.792773846822405,0.2631578947368421,,0.8114804537035525,16.393363251552433,-8.317556232943684,63.04285642846648,0.8114804537035525,,-8.531805405657291,3.2254556143445035,0.21159654106225073,,,,,,,,162.29999999999998,2.2859154929577463,162.29999999999998,2.2859154929577463,,,,,,,,,,,,,,,,,,,"Eric Fryer","8145",518700
"Joshua Rodriguez","MIA",121,492,446,102,75,19,2,6,51,39,37,1,120,3,4,2,,5,4,0.22869955156950672,0.07520325203252033,0.24390243902439024,0.30833333333333335,0.2897959183673469,0.32062780269058294,0.2746423005082612,0.6104237210579299,0.09192825112107622,4.032595664873128,0.2962962962962963,,-0.9380696951411664,39.532604674823915,-13.327275265924301,73.11654065252567,-0.9380696951411664,,-15.78519688405436,2.8077601410934743,0.210932058679302,,,,,,,,366.3999999999999,3.028099173553718,366.3999999999999,3.028099173553718,,,,,,,,,,,,,,,,,,,"Joshua Rodriguez","5716",446044
"Heiker Meneses","MIN",121,446,413,97,78,13,3,3,42,32,19,0,93,6,2,6,,12,9,0.23486682808716708,0.042600896860986545,0.2085201793721973,0.20430107526881722,0.2772727272727273,0.3026634382566586,0.261257598481395,0.5799361655293859,0.06779661016949151,5.159133277642116,0.2946708463949843,,-1.3819017589557916,31.257981448221692,-16.659714595627303,61.95994040754564,-1.3819017589557916,,-20.030639891026805,7.916225749559083,0.21016394901384616,,,,,,,,285.79999999999995,2.36198347107438,285.79999999999995,2.36198347107438,,,,,,,,,,,,,,,,,,,"Heiker Meneses","sa506229",542344
"Jarrett Parker","SFG",127,519,463,94,62,17,5,10,57,48,45,1,195,9,1,1,,12,7,0.20302375809935205,0.08670520231213873,0.37572254335260113,0.23076923076923078,0.2857142857142857,0.326133909287257,0.27744278467370187,0.6118481950015426,0.12311015118790494,6.319690744457939,0.32432432432432434,,-0.6730238983873278,42.81683012973635,-12.943896880930971,78.69861657990278,-0.6730238983873278,,-13.082897010118451,-0.7208994708994707,0.20998302098821653,,,,,,,,400.4,3.152755905511811,400.4,3.152755905511811,,,,,,,,,,,,,,,,,,,"Jarrett Parker","11624",592620
"Grady Sizemore","PHI",86,322,295,69,44,16,2,7,35,31,24,0,70,2,1,0,,4,2,0.23389830508474577,0.07453416149068323,0.21739130434782608,0.34285714285714286,0.2950310559006211,0.3728813559322034,0.2979988707518726,0.6679124118328246,0.13898305084745763,4.595713382563082,0.2831050228310502,,-0.21804992901161313,31.6412033412342,-2.954083937060364,88.64970373536413,-0.21804992901161313,,-4.320612776398935,-3.549382716049382,0.2064251711368949,,,,,,,,295,3.4302325581395348,295,3.4302325581395348,,,,,,,,,,,,,,,,,,,"Grady Sizemore","2197",429713
"Andrew Toles","TBR",92,420,400,100,78,17,3,2,41,28,12,0,97,4,2,2,,30,16,0.25,0.02857142857142857,0.23095238095238096,0.12371134020618557,0.27751196172248804,0.3225,0.2671739775598334,0.600011961722488,0.07250000000000001,6.494150741203786,0.3234323432343234,,-0.38739712769165635,31.341594610051406,-13.782693144245851,70.6954377055564,-0.38739712769165635,,-13.916155262696403,2.5432098765432096,0.20177845635294414,,,,,,,,305.40000000000003,3.319565217391305,305.40000000000003,3.319565217391305,,,,,,,,,,,,,,,,,,,"Andrew Toles","13414",592808
"Russ Canzler","PHI",129,521,475,114,70,27,3,14,59,59,40,1,125,2,4,0,,2,2,0.24,0.07677543186180422,0.2399232245681382,0.32,0.29942418426103645,0.39789473684210525,0.308014127268241,0.6973189211031416,0.15789473684210525,3.599577213868518,0.29411764705882354,,-0.7726359751541167,55.197869122622436,-0.7777354487796367,95.49272942684502,-0.7726359751541167,,-3.408624567661533,-10.571575543797765,0.1972775274030656,,,,,,,,514.5999999999999,3.9891472868217046,514.5999999999999,3.9891472868217046,,,,,,,,,,,,,,,,,,,"Russ Canzler","8265",444453
"Justin Bour","MIA",129,506,464,118,81,25,0,12,56,59,36,6,108,2,4,0,,2,1,0.2543103448275862,0.07114624505928854,0.2134387351778656,0.3333333333333333,0.308300395256917,0.3857758620689655,0.30405831825733187,0.6940762573258825,0.13146551724137934,2.427496996500729,0.3045977011494253,,-0.40311547997407615,52.073482082201686,-2.2905407836897695,93.21533341624196,-0.40311547997407615,,-4.256756005599575,-9.296002351557906,0.19433346558453413,,,,,,,,497.09999999999997,3.853488372093023,497.09999999999997,3.853488372093023,,,,,,,,,,,,,,,,,,,"Justin Bour","9744",571506
"Maicer Izturis","TOR",65,232,213,54,41,10,0,3,22,14,15,0,27,1,1,2,,5,2,0.2535211267605634,0.06465517241379311,0.11637931034482758,0.5555555555555556,0.30434782608695654,0.3427230046948357,0.2906422135622605,0.6470708307817923,0.08920187793427231,3.6100100280096106,0.27717391304347827,,0.030965159879997373,21.488367269873475,-3.4374297753573892,82.64210237848259,0.030965159879997373,,-4.3955148846042835,-1.14756025867137,0.19253176266571193,,,,,,,,198.49999999999997,3.053846153846153,198.49999999999997,3.053846153846153,,,,,,,,,,,,,,,,,,,"Maicer Izturis","2437",430895
"Johnny Monell","NYM",99,354,322,71,46,17,1,7,38,35,27,1,92,2,3,0,,3,2,0.2204968944099379,0.07627118644067797,0.2598870056497175,0.29347826086956524,0.2824858757062147,0.3447204968944099,0.2797888162791222,0.6272063726006246,0.12422360248447203,3.8010737059963,0.2831858407079646,,-0.43313149688765407,29.84150782743487,-8.191820422615676,79.63166705752933,-0.43313149688765407,,-8.526902651376842,-0.4964726631393308,0.1862156602245486,,,,,,,,283.49999999999994,2.863636363636363,283.49999999999994,2.863636363636363,,,,,,,,,,,,,,,,,,,"Johnny Monell","2783",476192
"Paulo Orlando","KCR",122,475,443,108,85,15,4,4,45,37,21,1,80,3,3,5,,16,6,0.24379232505643342,0.04421052631578947,0.16842105263157894,0.2625,0.28085106382978725,0.3227990970654628,0.26876893429868004,0.60365016089525,0.07900677200902936,5.887902806969023,0.287292817679558,,0.5304301297292113,36.02691078557525,-15.006509888927605,66.4332918076965,0.5304301297292113,,-16.99528571684953,3.7452968841857732,0.18567246541091598,,,,,,,,351.29999999999995,2.879508196721311,351.29999999999995,2.879508196721311,,,,,,,,,,,,,,,,,,,"Paulo Orlando","8628",449181
"Justin Sellers","PIT",102,363,330,77,56,16,2,3,35,31,21,0,56,4,4,4,,2,1,0.23333333333333334,0.05785123966942149,0.15426997245179064,0.375,0.2841225626740947,0.3212121212121212,0.2715549434127914,0.6053346838862159,0.08787878787878789,3.8217006906769355,0.2690909090909091,,-0.2824629608076066,28.307797360329488,-10.692479913027428,72.87158440421237,-0.2824629608076066,,-11.336558874368139,2.0013227513227516,0.1819058300561452,,,,,,,,263.2,2.580392156862745,263.2,2.580392156862745,,,,,,,,,,,,,,,,,,,"Justin Sellers","4006",451088
"Ramiro Pena","SDP",80,220,200,47,35,8,1,3,18,13,15,1,43,1,1,3,,1,1,0.235,0.06818181818181818,0.19545454545454546,0.3488372093023256,0.2903225806451613,0.33,0.27721579317693357,0.6203225806451613,0.09500000000000003,2.9775388381258727,0.2838709677419355,,-0.3655808358453214,18.111415009972617,-5.525116670849756,77.92250734683535,-0.3655808358453214,,-5.81769075754194,0.8083480305702528,0.1813652449350172,,,,,,,,167.4,2.0925000000000002,167.4,2.0925000000000002,,,,,,,,,,,,,,,,,,,"Ramiro Pena","8841",455369
"Travis Shaw","BOS",129,550,494,112,69,27,2,14,57,52,50,1,143,3,3,0,,6,3,0.22672064777327935,0.09090909090909091,0.26,0.34965034965034963,0.3,0.37449392712550605,0.30101513721469536,0.674493927125506,0.1477732793522267,4.01089317731787,0.28823529411764703,,-0.3874011531006545,55.317895573887924,-3.773433628168008,86.49156154753908,-0.3874011531006545,,-8.554000339845246,-7.104350382128159,0.18029931988591774,,,,,,,,516.5,4.003875968992248,516.5,4.003875968992248,,,,,,,,,,,,,,,,,,,"Travis Shaw","11982",543768
"Xavier Paul","PHI",106,318,290,73,49,13,2,9,36,38,23,2,78,2,2,1,,4,2,0.2517241379310345,0.07232704402515723,0.24528301886792453,0.2948717948717949,0.30914826498422715,0.40344827586206894,0.31354797113509403,0.7125965408462961,0.15172413793103445,4.474113594112937,0.3121951219512195,,-0.22559071145951748,35.0405144932165,0.8749823363914321,99.27378442944321,-0.22559071145951748,,-0.48482046663321743,-7.505291005291005,0.17996200382594874,,,,,,,,329.49999999999994,3.108490566037735,329.49999999999994,3.108490566037735,,,,,,,,,,,,,,,,,,,"Xavier Paul","5963",449082
"Will Rhymes","WSN",116,449,409,101,77,16,5,3,44,35,31,1,48,2,4,3,,5,4,0.2469437652811736,0.06904231625835189,0.10690423162583519,0.6458333333333334,0.3004484304932735,0.33251833740831294,0.28286455280325384,0.6329667679015865,0.08557457212713934,4.686604956357221,0.27071823204419887,,-0.9192177390214056,38.909011747707126,-9.331000637243987,76.79284623410014,-0.9192177390214056,,-12.615838102744446,0.6497648442092887,0.17902245548637935,,,,,,,,356.99999999999994,3.077586206896551,356.99999999999994,3.077586206896551,,,,,,,,,,,,,,,,,,,"Will Rhymes","9802",489242
"Gavin Cecchini","NYM",108,453,416,95,66,19,3,7,52,42,30,1,97,1,5,1,,5,4,0.2283653846153846,0.06622516556291391,0.2141280353200883,0.30927835051546393,0.27876106194690264,0.3389423076923077,0.27444919302828297,0.6177033696392104,0.1105769230769231,4.644873926728012,0.277602523659306,,-0.8702026531100273,36.331829851249054,-12.337937655171558,75.98331526258487,-0.8702026531100273,,-13.082670482119724,0.9933862433862428,0.1787954980193157,,,,,,,,345.3,3.1972222222222224,345.3,3.1972222222222224,,,,,,,,,,,,,,,,,,,"Gavin Cecchini","17005",608325
"Brooks Conrad","SDP",61,214,192,42,24,10,1,7,28,25,18,2,66,1,2,1,,0,1,0.21875,0.08411214953271028,0.308411214953271,0.2727272727272727,0.2863849765258216,0.390625,0.29648084521858614,0.6770099765258216,0.171875,3.6524984870613793,0.2892561983471074,,-0.5316473178099841,20.779469956939266,-2.212429041678862,91.08554973654218,-0.5316473178099841,,-2.6730607034944307,-2.213697824808936,0.17487952797434703,,,,,,,,197.89999999999998,3.244262295081967,197.89999999999998,3.244262295081967,,,,,,,,,,,,,,,,,,,"Brooks Conrad","3664",462405
"Josh Thole","TOR",83,265,239,59,45,10,1,3,23,20,21,2,42,1,1,3,,0,2,0.24686192468619247,0.07924528301886792,0.15849056603773584,0.5,0.30916030534351147,0.33472803347280333,0.2877157846322426,0.6438883388163148,0.08786610878661086,2.3700825375041155,0.28717948717948716,,-0.9991979848127812,23.95011437313925,-4.52116242421497,80.6001629974767,-0.9991979848127812,,-6.65009455264252,-0.13154027042915928,0.17054648322795002,,,,,,,,214.7,2.5867469879518072,214.7,2.5867469879518072,,,,,,,,,,,,,,,,,,,"Josh Thole","9689",489365
"Dan Black","CHW",117,494,443,103,68,20,1,14,55,53,44,1,126,2,4,1,,4,2,0.2325056433408578,0.08906882591093117,0.2550607287449393,0.3492063492063492,0.3022312373225152,0.37697516930022573,0.3026300539088443,0.679206406622741,0.14446952595936793,3.3783876600041296,0.2899022801302932,,-0.3801767516415566,50.29739264200073,-2.777364859482238,91.62865849800339,-0.3801767516415566,,-4.9258206569440315,-9.07554379776602,0.16881699554077156,,,,,,,,469.0999999999999,4.0094017094017085,469.0999999999999,4.0094017094017085,,,,,,,,,,,,,,,,,,,"Dan Black","sa501741",542941
"Dusty Brown","CLE",42,151,135,27,15,8,0,4,14,14,14,0,42,1,1,0,,0,0,0.2,0.09271523178807947,0.2781456953642384,0.3333333333333333,0.2781456953642384,0.34814814814814815,0.281781795798548,0.6262938435123866,0.14814814814814814,1.2070463320463318,0.25555555555555554,,-0.11311173671856523,12.959816573561728,-3.263439261911811,76.59301591167213,-0.11311173671856523,,-3.998154562058301,0.7741034685479127,0.16740190947442368,,,,,,,,122,2.9047619047619047,122,2.9047619047619047,,,,,,,,,,,,,,,,,,,"Dusty Brown","3420",451259
"Chone Figgins","LAD",50,164,138,30,24,5,1,0,15,6,22,1,30,1,1,2,,6,3,0.21739130434782608,0.13414634146341464,0.18292682926829268,0.7333333333333333,0.3271604938271605,0.26811594202898553,0.27729167923423814,0.595276435856146,0.05072463768115945,5.132238063933135,0.27522935779816515,,-0.10462181130424142,13.510781823395632,-4.109178156853771,78.53291432715444,-0.10462181130424142,,-4.056550606881386,0.6025867136978247,0.16594226523215827,,,,,,,,122.19999999999999,2.444,122.19999999999999,2.444,,,,,,,,,,,,,,,,,,,"Chone Figgins","1580",408210
"Jeff Mathis","MIA",73,235,212,42,28,10,0,4,18,22,16,2,73,1,1,5,,0,0,0.19811320754716982,0.06808510638297872,0.31063829787234043,0.2191780821917808,0.2565217391304348,0.3018867924528302,0.2487017300568129,0.558408531583265,0.10377358490566035,1.1382275132275128,0.27941176470588236,,-0.1621268226299435,14.206969234673688,-11.041144151659301,55.39238253827127,-0.1621268226299435,,-11.929216506611175,6.317313345091122,0.16510083337682835,,,,,,,,140.79999999999998,1.928767123287671,140.79999999999998,1.928767123287671,,,,,,,,,,,,,,,,,,,"Jeff Mathis","3448",425772
"Rafael Ynoa","COL",131,543,501,134,99,27,4,4,55,49,34,0,90,1,2,5,,10,8,0.26746506986027946,0.06261510128913444,0.16574585635359115,0.37777777777777777,0.3141263940520446,0.36127744510978044,0.30136333101300944,0.6754038391618251,0.09381237524950098,4.494959869205964,0.31784841075794623,,-1.5217226152308285,54.758860022710074,-3.5803977167742422,73.06066785529327,-1.5217226152308285,,-17.941937185409117,2.9951499118165783,0.16433736997472453,,,,,,,,489.70000000000005,3.738167938931298,489.70000000000005,3.738167938931298,,,,,,,,,,,,,,,,,,,"Rafael Ynoa","2832",501255
"Tyler Horan","SFG",108,452,419,94,58,20,4,12,50,47,27,1,131,4,2,0,,9,5,0.2243436754176611,0.059734513274336286,0.28982300884955753,0.20610687022900764,0.27654867256637167,0.37708830548926014,0.28899396496707214,0.6536369780556318,0.15274463007159905,5.6744612272170505,0.2949640287769784,,-0.4171007890254259,41.29386834624916,-7.268460379804074,86.59107778499255,-0.4171007890254259,,-7.2204768842855085,-4.982363315696649,0.16301777379416815,,,,,,,,397.1,3.6768518518518523,397.1,3.6768518518518523,,,,,,,,,,,,,,,,,,,"Tyler Horan","sa709555",641707
"Tyler Greene","SDP",116,426,395,88,62,17,2,7,48,34,21,1,134,5,3,2,,9,4,0.22278481012658227,0.04929577464788732,0.3145539906103286,0.15671641791044777,0.2688679245283019,0.3291139240506329,0.26641569732210596,0.5979818485789348,0.10632911392405062,5.397513904441747,0.3151750972762646,,-0.03626912017352879,31.54157942808111,-14.227341008420389,70.54323220952314,-0.03626912017352879,,-14.122242514324661,2.6957671957671963,0.16180492169215122,,,,,,,,308.2,2.6568965517241376,308.2,2.6568965517241376,,,,,,,,,,,,,,,,,,,"Tyler Greene","4675",460022
"Chris Valaika","CHC",115,424,391,91,64,18,1,8,41,41,21,1,88,6,4,2,,2,2,0.23273657289002558,0.049528301886792456,0.20754716981132076,0.23863636363636365,0.2796208530805687,0.3452685421994885,0.27786736703541953,0.6248893952800572,0.11253196930946291,2.9354582440314343,0.27759197324414714,,-0.6934577594511211,35.11752489069185,-10.436517985074907,74.30198278634248,-0.6934577594511211,,-12.9243360841676,1.557907113462669,0.16174738073610623,,,,,,,,330.8999999999999,2.8773913043478254,330.8999999999999,2.8773913043478254,,,,,,,,,,,,,,,,,,,"Chris Valaika","1165",453362
"Eduardo Núñez","MIN",96,318,297,75,55,12,3,5,35,29,14,1,48,1,3,3,,15,4,0.25252525252525254,0.0440251572327044,0.1509433962264151,0.2916666666666667,0.2857142857142857,0.36363636363636365,0.28563714653823025,0.6493506493506493,0.1111111111111111,6.633825128559309,0.2834008097165992,,1.2315979397390038,28.233164903494412,-5.932367253330652,78.97096663057916,1.2315979397390038,,-6.118952014464069,-2.4947089947089953,0.15247713269326119,,,,,,,,284.2,2.9604166666666667,284.2,2.9604166666666667,,,,,,,,,,,,,,,,,,,"Eduardo Nunez","6848",456488
"Ruben Gotay","CIN",121,506,459,103,74,16,1,12,58,46,43,1,127,1,3,0,,5,3,0.22440087145969498,0.08498023715415019,0.2509881422924901,0.33858267716535434,0.29051383399209485,0.3420479302832244,0.284020452570207,0.6325617642753192,0.11764705882352941,3.6623924428157446,0.28173374613003094,,-0.572319591185078,44.29705247881866,-10.066970387072798,76.71434846110779,-0.572319591185078,,-13.798397737852794,-0.1407995296884188,0.1519456317373159,,,,,,,,415.79999999999995,3.436363636363636,415.79999999999995,3.436363636363636,,,,,,,,,,,,,,,,,,,"Ruben Gotay","3417",430905
"Mike Carp","WSN",86,273,243,61,40,13,1,7,31,42,23,0,57,4,3,0,,1,2,0.25102880658436216,0.08424908424908426,0.2087912087912088,0.40350877192982454,0.32234432234432236,0.3991769547325103,0.32110451756816205,0.7215212770768327,0.14814814814814814,2.852401556037635,0.2967032967032967,,-0.8067387642804533,31.66416164661881,2.3333746063255933,102.92069037867286,-0.8067387642804533,,0.0882968992193458,-7.015432098765432,0.14706979668207687,,,,,,,,285.0999999999999,3.3151162790697666,285.0999999999999,3.3151162790697666,,,,,,,,,,,,,,,,,,,"Mike Carp","7480",455077
"Rickie Weeks Jr.","SEA",122,415,366,79,50,18,1,10,46,31,39,1,116,9,1,0,,7,3,0.21584699453551912,0.09397590361445783,0.27951807228915665,0.33620689655172414,0.3060240963855422,0.3524590163934426,0.2979400824521475,0.6584831127789847,0.1366120218579235,4.462750106351359,0.2863070539419087,,-0.09691176074557006,40.761099886577526,-3.8259939658828546,93.0048771053875,-0.09691176074557006,,-3.28783861388457,-8.475161669606115,0.14174092313198036,,,,,,,,377.2,3.0918032786885243,377.2,3.0918032786885243,,,,,,,,,,,,,,,,,,,"Rickie Weeks Jr.","1849",430001
"Andrew Brown","OAK",125,471,425,93,56,20,2,15,54,60,36,1,129,4,5,1,,2,1,0.2188235294117647,0.07643312101910828,0.27388535031847133,0.27906976744186046,0.28297872340425534,0.3811764705882353,0.29401831293919445,0.6641551939924906,0.1623529411764706,3.7213546209394037,0.2727272727272727,,-0.335248437942937,44.84468196800895,-5.758983585024404,90.2913073554289,-0.335248437942937,,-5.361625477876665,-8.191798941798941,0.13858667216135945,,,,,,,,427.19999999999993,3.4175999999999993,427.19999999999993,3.4175999999999993,,,,,,,,,,,,,,,,,,,"Andrew Brown","3837",518500
"C.J. Cron","LAA",130,521,492,122,79,24,2,17,51,63,18,1,109,8,3,0,,2,2,0.24796747967479674,0.0345489443378119,0.2092130518234165,0.1651376146788991,0.2840690978886756,0.40853658536585363,0.3043830039409491,0.6926056832545293,0.1605691056910569,2.8624934730684437,0.2845528455284553,,-0.7462432365864515,53.74690394533777,-2.228700626064302,98.28223186506547,-0.7462432365864515,,-1.729972676728131,-13.40020576131687,0.1381658554677112,,,,,,,,508.19999999999993,3.909230769230769,508.19999999999993,3.909230769230769,,,,,,,,,,,,,,,,,,,"C.J. Cron","12546",543068
"Omar Quintanilla","COL",93,320,289,75,55,13,3,4,35,36,24,3,53,2,2,3,,2,2,0.25951557093425603,0.075,0.165625,0.4528301886792453,0.3186119873817035,0.36678200692041524,0.30278577736228895,0.6853939943021188,0.1072664359861592,4.0456941060542375,0.3034188034188034,,-0.648213064763695,32.61952623435806,-1.7608834832017508,74.03256876436778,-0.648213064763695,,-9.975839444999137,1.5273368606701943,0.13632577782415634,,,,,,,,299.59999999999997,3.2215053763440857,299.59999999999997,3.2215053763440857,,,,,,,,,,,,,,,,,,,"Omar Quintanilla","6335",435560
"Andrew Romine","DET",110,397,363,86,72,10,1,3,40,25,25,0,76,2,1,6,,13,5,0.2369146005509642,0.06297229219143577,0.19143576826196473,0.32894736842105265,0.289002557544757,0.29476584022038566,0.2653078470388642,0.5837683977651427,0.05785123966942146,4.86531217516756,0.2912280701754386,,0.34142491943202913,29.057056683037132,-13.59613912281051,65.68241509425599,0.34142491943202913,,-14.634050784012597,3.376102292768959,0.1350281601525472,,,,,,,,273.19999999999993,2.483636363636363,273.19999999999993,2.483636363636363,,,,,,,,,,,,,,,,,,,"Andrew Romine","1159",461865
"James Ramsey","CLE",106,461,411,84,58,14,3,9,47,36,39,1,161,5,3,3,,7,3,0.20437956204379562,0.08459869848156182,0.3492407809110629,0.2422360248447205,0.2794759825327511,0.31873479318734793,0.2704478127951173,0.598210775720099,0.11435523114355231,5.130410294290276,0.3073770491803279,,-0.11199332564137876,35.55867123559752,-13.970606513762085,68.68463788787523,-0.11199332564137876,,-15.980343168809249,2.6938565549676663,0.13336049522808147,,,,,,,,338.6,3.1943396226415097,338.6,3.1943396226415097,,,,,,,,,,,,,,,,,,,"James Ramsey","sa599239",607256
"Ryan Howard","PHI",108,449,398,93,58,16,1,18,51,77,41,7,131,5,5,0,,0,0,0.23366834170854273,0.09131403118040089,0.29175946547884185,0.31297709923664124,0.30957683741648107,0.41457286432160806,0.31527341531412634,0.7241497017380891,0.18090452261306533,2.045874384236453,0.2952755905511811,,-0.3657279487233609,50.069633670060874,1.8296212851097604,100.45271168178438,-0.3657279487233609,,-0.13755706962852,-12.248824221046442,0.1329195746628562,,,,,,,,482.09999999999997,4.463888888888889,482.09999999999997,4.463888888888889,,,,,,,,,,,,,,,,,,,"Ryan Howard","2154",429667
"Antoan Richardson","TEX",107,399,343,76,63,8,3,2,44,22,37,0,88,9,2,8,,21,3,0.22157434402332363,0.09273182957393483,0.22055137844611528,0.42045454545454547,0.31202046035805625,0.27988338192419826,0.2752112349890687,0.5919038422822545,0.05830903790087463,7.001889158292887,0.2901960784313726,,2.657843586290255,32.234084053108994,-10.633989313473405,69.26501883099952,2.657843586290255,,-10.821826105560588,-0.5339506172839505,0.1311987731763851,,,,,,,,311.2,2.908411214953271,311.2,2.908411214953271,,,,,,,,,,,,,,,,,,,"Antoan Richardson","209",460322
"Matt Long","MIL",124,521,471,108,71,21,5,11,59,47,42,1,125,1,4,3,,16,5,0.22929936305732485,0.08061420345489444,0.2399232245681382,0.336,0.2915057915057915,0.3651804670912951,0.29184357997757787,0.6566862585970865,0.13588110403397025,6.2582927643924,0.2861356932153392,,0.8886394512373954,48.73625961461225,-7.2393449567898225,80.52886266299348,0.8886394512373954,,-10.498672464134827,-4.085684891240447,0.13100853588957068,,,,,,,,471.99999999999994,3.8064516129032255,471.99999999999994,3.8064516129032255,,,,,,,,,,,,,,,,,,,"Matt Long","sa454873",543461
"Nick Buss","ARI",138,588,541,136,97,23,7,9,66,56,31,1,97,5,5,6,,13,6,0.2513863216266174,0.05272108843537415,0.1649659863945578,0.31958762886597936,0.29553264604810997,0.36968576709796674,0.2942012203745095,0.6652184131460768,0.11829944547134935,6.087711995687569,0.28863636363636364,,-0.16005926858633757,56.06693100506885,-7.107071850947309,80.27553788918308,-0.16005926858633757,,-13.178970574899783,-3.481481481481482,0.12585664927810092,,,,,,,,527.7,3.823913043478261,527.7,3.823913043478261,,,,,,,,,,,,,,,,,,,"Nick Buss","6835",502544
"Jonathan Galvez","NYY",109,430,393,93,63,20,2,8,55,45,29,1,116,4,2,2,,9,5,0.2366412213740458,0.06744186046511629,0.26976744186046514,0.25,0.29439252336448596,0.35877862595419846,0.29124582386128517,0.6531711493186845,0.12213740458015265,5.276588830637299,0.31365313653136534,,-0.44349352759309113,40.02664614313789,-6.172029414833108,84.06541147586847,-0.44349352759309113,,-7.975014886739248,-4.420047031158142,0.12417034952569644,,,,,,,,374.5,3.4357798165137616,374.5,3.4357798165137616,,,,,,,,,,,,,,,,,,,"Jonathan Galvez","sa502621",527039
"Chris Coghlan","CHC",120,430,384,95,62,22,4,7,47,37,38,2,77,3,3,2,,8,4,0.24739583333333334,0.08837209302325581,0.17906976744186046,0.4935064935064935,0.31775700934579443,0.3802083333333333,0.30977265669706283,0.6979653426791277,0.13281249999999997,5.328676357659811,0.29042904290429045,,-0.28905460028909147,46.13674033612826,-0.06193522184273878,96.1015958558569,-0.28905460028909147,,-2.170742053372103,-9.739858906525573,0.12198984232940102,,,,,,,,427.40000000000003,3.561666666666667,427.40000000000003,3.561666666666667,,,,,,,,,,,,,,,,,,,"Chris Coghlan","6878",458085
"Nick Swisher","CLE",115,489,428,98,60,23,1,14,50,58,54,2,121,2,4,1,,1,1,0.22897196261682243,0.11042944785276074,0.2474437627811861,0.4462809917355372,0.3155737704918033,0.3855140186915888,0.3123757785239828,0.7010877891833921,0.15654205607476637,2.2140433768047725,0.2828282828282828,,-0.6068858741782606,53.44342653578261,0.9058629361365186,97.94021403019887,-0.6068858741782606,,-1.7140305043745592,-12.57716049382716,0.11977334180616217,,,,,,,,491.8999999999999,4.277391304347826,491.8999999999999,4.277391304347826,,,,,,,,,,,,,,,,,,,"Nick Swisher","4599",430897
"Hainley Statia","MIL",100,327,293,70,55,11,1,3,33,24,30,1,52,1,1,2,,5,4,0.23890784982935154,0.09174311926605505,0.15902140672782875,0.5769230769230769,0.31076923076923074,0.31399317406143346,0.28363585048987544,0.6247624048306641,0.07508532423208192,3.808880311483903,0.2803347280334728,,-0.8287283496465534,28.530293439706718,-6.60218774042472,74.92084816418571,-0.8287283496465534,,-10.03434256887443,1.2014991181657846,0.11742180825073047,,,,,,,,256.1,2.5610000000000004,256.1,2.5610000000000004,,,,,,,,,,,,,,,,,,,"Hainley Statia","sa254151",461871
"Ramón Flores","NYY",102,449,405,96,60,21,4,11,53,47,39,0,88,1,3,1,,4,4,0.23703703703703705,0.08685968819599109,0.19599109131403117,0.4431818181818182,0.30357142857142855,0.39012345679012345,0.30817633947091444,0.693694885361552,0.1530864197530864,4.615857589596052,0.2750809061488673,,-1.0852842209860682,47.62561761692771,-0.6143947680234022,95.87881524912399,-1.0852842209860682,,-3.1192415076061195,-9.949294532627865,0.11585976407949627,,,,,,,,436.09999999999997,4.275490196078431,436.09999999999997,4.275490196078431,,,,,,,,,,,,,,,,,,,"Ramon Flores","11165",570717
"Patrick Kivlehan","SEA",124,529,491,113,82,19,3,9,57,50,28,0,152,6,4,0,,8,3,0.23014256619144602,0.052930056710775046,0.28733459357277885,0.18421052631578946,0.277882797731569,0.3360488798370672,0.27454070355355853,0.6139316775686362,0.1059063136456212,5.126694797190148,0.31137724550898205,,0.031450808979570866,42.464364477284654,-14.370750337056418,76.67777181538628,0.031450808979570866,,-13.529780244603355,-2.0562904174015286,0.11576471307702269,,,,,,,,407.4,3.2854838709677416,407.4,3.2854838709677416,,,,,,,,,,,,,,,,,,,"Patrick Kivlehan","13910",623182
"Jake Fox","TOR",84,336,309,71,40,18,0,13,41,52,17,2,84,8,2,0,,0,0,0.2297734627831715,0.050595238095238096,0.25,0.20238095238095238,0.2857142857142857,0.41423948220064727,0.3072599110132206,0.699953767914933,0.18446601941747576,1.8511904761904758,0.27102803738317754,,-0.23753464710898697,35.40349508606368,-0.6959351173741224,94.23723475934985,-0.23753464710898697,,-2.3658873956324014,-7.172839506172839,0.11311925572876391,,,,,,,,337.99999999999994,4.023809523809523,337.99999999999994,4.023809523809523,,,,,,,,,,,,,,,,,,,"Jake Fox","6267",444844
"José Molina","LAD",81,250,229,47,39,7,0,1,12,15,14,0,52,2,2,3,,2,1,0.2052401746724891,0.056,0.208,0.2692307692307692,0.2550607287449393,0.24890829694323144,0.23068281971973928,0.5039690256881707,0.04366812227074235,2.117010334127924,0.25842696629213485,,-0.18443278898485005,11.658807018428545,-15.20088807341506,46.686937882410334,-0.18443278898485005,,-15.14561147020993,8.592886537330982,0.11173310495175082,,,,,,,,112.89999999999998,1.3938271604938268,112.89999999999998,1.3938271604938268,,,,,,,,,,,,,,,,,,,"Jose Molina","25",150040
"Christian Walker","BAL",134,569,524,129,87,22,1,19,62,63,35,1,146,5,5,0,,2,2,0.24618320610687022,0.061511423550087874,0.2565905096660808,0.23972602739726026,0.29701230228471004,0.40076335877862596,0.30816181192935355,0.697775661063336,0.15458015267175573,2.6522745856910737,0.3021978021978022,,-0.8291918435133994,60.347727855857634,-0.7849381731784125,94.24196279876936,-0.8291918435133994,,-4.4304987679196675,-12.453409758965314,0.1114316042493051,,,,,,,,564.6999999999999,4.214179104477611,564.6999999999999,4.214179104477611,,,,,,,,,,,,,,,,,,,"Christian Walker","13419",572233
"Eddie Rosario","MIN",109,473,447,107,73,22,3,9,50,47,21,0,107,1,4,0,,8,8,0.23937360178970918,0.04439746300211417,0.226215644820296,0.19626168224299065,0.2727272727272727,0.3624161073825503,0.2803815165987478,0.635143380109823,0.12304250559284113,4.660231699876816,0.29253731343283584,,-1.7746773634571582,40.08799302470621,-10.730550089061898,75.30380846543714,-1.7746773634571582,,-14.614662727716086,0.7379482657260434,0.11002675853629368,,,,,,,,376.49999999999994,3.454128440366972,376.49999999999994,3.454128440366972,,,,,,,,,,,,,,,,,,,"Eddie Rosario","12155",592696
"Bryce Brentz","BOS",101,419,388,95,61,20,1,13,46,45,26,1,122,3,2,0,,2,2,0.24484536082474226,0.06205250596658711,0.2911694510739857,0.21311475409836064,0.29594272076372313,0.4020618556701031,0.3082072336993149,0.6980045764338263,0.15721649484536085,3.104098363805619,0.3215686274509804,,-0.6896873682271689,44.4534332612828,-0.5634157126470842,91.50990485781011,-0.6896873682271689,,-4.599896479135324,-7.618606701940035,0.10558003101697877,,,,,,,,415.09999999999997,4.1099009900990096,415.09999999999997,4.1099009900990096,,,,,,,,,,,,,,,,,,,"Bryce Brentz","10607",518490
"Chris Colabello","TOR",129,512,470,108,64,25,0,19,54,73,34,1,147,5,3,0,,0,1,0.2297872340425532,0.06640625,0.287109375,0.23129251700680273,0.287109375,0.40425531914893614,0.30539150060739534,0.6913646941489362,0.17446808510638295,1.5142240504643492,0.2899022801302932,,-0.7616411824710667,53.214479632998916,-1.794175915096789,92.93353633414583,-0.7616411824710667,,-4.738548725985824,-10.406231628453849,0.10550867369950212,,,,,,,,500.09999999999997,3.8767441860465115,500.09999999999997,3.8767441860465115,,,,,,,,,,,,,,,,,,,"Chris Colabello","13051",499624
"Tuffy Gosewisch","ARI",73,261,247,55,36,14,1,4,19,20,9,0,50,2,2,1,,1,1,0.22267206477732793,0.034482758620689655,0.19157088122605365,0.18,0.25384615384615383,0.3360323886639676,0.26106282908182876,0.5898785425101214,0.11336032388663969,2.7248632920642537,0.26153846153846155,,-0.3542696621734649,18.25323804476154,-9.788283631123184,57.633395611594416,-0.3542696621734649,,-12.766686112770392,5.794973544973544,0.10231663726767415,,,,,,,,177,2.4246575342465753,177,2.4246575342465753,,,,,,,,,,,,,,,,,,,"Tuffy Gosewisch","5277",488912
"Lane Adams","KCR",128,541,497,110,75,23,3,9,57,43,35,0,139,5,3,1,,21,6,0.22132796780684105,0.06469500924214418,0.25693160813308685,0.2517985611510791,0.2777777777777778,0.33400402414486924,0.2744925930544182,0.6117818019226471,0.11267605633802819,6.158351144818621,0.2869318181818182,,1.5040374060627073,43.40767676444866,-14.716703414300904,70.42702085298367,1.5040374060627073,,-16.081909004215596,-0.012198706643151036,0.10144634686335224,,,,,,,,430.49999999999994,3.3632812499999996,430.49999999999994,3.3632812499999996,,,,,,,,,,,,,,,,,,,"Lane Adams","10767",572669
"Erik González","CLE",121,520,496,114,84,20,5,5,50,45,20,1,127,0,2,2,,12,7,0.22983870967741934,0.038461538461538464,0.24423076923076922,0.15748031496062992,0.25868725868725867,0.32056451612903225,0.25626496500849033,0.5792517748162909,0.0907258064516129,5.743985197594709,0.2978142076502732,,-0.6277792036999017,34.45309975821848,-21.415066032816224,58.78844149189809,-0.6277792036999017,,-24.18346677944673,8.731922398589065,0.09946515236996378,,,,,,,,339.09999999999997,2.802479338842975,339.09999999999997,2.802479338842975,,,,,,,,,,,,,,,,,,,"Erik Gonzalez","13369",570481
"Zach Collier","PHI",103,397,360,77,54,11,5,7,42,34,25,0,125,7,2,3,,8,6,0.21388888888888888,0.06297229219143577,0.3148614609571788,0.2,0.2766497461928934,0.33055555555555555,0.27325124456192634,0.6072053017484489,0.11666666666666667,6.11067130702366,0.30434782608695654,,-0.9866212871856987,31.47571806660491,-11.177477739242736,71.74063689876414,-0.9866212871856987,,-13.580080788539622,2.45870076425632,0.09893341582228127,,,,,,,,291.79999999999995,2.8330097087378636,291.79999999999995,2.8330097087378636,,,,,,,,,,,,,,,,,,,"Zach Collier","sa454396",543041
"Elias Díaz","PIT",90,349,320,73,53,15,1,4,35,30,21,0,65,2,4,2,,3,4,0.228125,0.06017191977077364,0.18624641833810887,0.3230769230769231,0.276657060518732,0.31875,0.26682318596743715,0.595407060518732,0.09062499999999998,3.5190718585442875,0.27058823529411763,,-1.1947948345914483,25.949475414822743,-11.546658933390928,69.63856309202772,-1.1947948345914483,,-13.089123145905388,3.4116696061140503,0.09786111072331571,,,,,,,,239.09999999999994,2.656666666666666,239.09999999999994,2.656666666666666,,,,,,,,,,,,,,,,,,,"Elias Diaz","11680",553869
"Andrew Knapp","PHI",90,365,340,75,48,17,3,7,40,37,21,0,110,3,1,0,,4,5,0.22058823529411764,0.057534246575342465,0.3013698630136986,0.19090909090909092,0.27123287671232876,0.35,0.27696655482462007,0.6212328767123287,0.12941176470588234,4.928995771592301,0.30357142857142855,,-1.3567745443433523,29.978711217738212,-9.236443616353451,74.27916035424269,-1.3567745443433523,,-11.895065372713386,1.705614344503232,0.09485235825053862,,,,,,,,277.8,3.086666666666667,277.8,3.086666666666667,,,,,,,,,,,,,,,,,,,"Andrew Knapp","14942",595284
"Ryan Goins","TOR",151,580,539,127,94,25,3,5,49,48,26,0,120,1,3,11,,4,5,0.23562152133580705,0.04482758620689655,0.20689655172413793,0.21666666666666667,0.27065026362038663,0.3209647495361781,0.26378894931193186,0.5916150131565647,0.08534322820037105,3.3993447801858165,0.29256594724220625,,-1.5415237143170089,41.77544531432918,-20.539047298747978,63.90502073646601,-1.5415237143170089,,-24.553196685882217,7.131099353321575,0.09035532899420046,,,,,,,,383.4,2.539072847682119,383.4,2.539072847682119,,,,,,,,,,,,,,,,,,,"Ryan Goins","9807",572365
"Ketel Marte","SEA",133,575,545,134,105,22,4,3,61,42,19,1,99,1,5,5,,19,10,0.24587155963302754,0.03304347826086956,0.17217391304347826,0.1919191919191919,0.27017543859649124,0.3174311926605505,0.25993542595781216,0.5876066312570417,0.07155963302752294,5.831827439219371,0.2924107142857143,,-0.4381412314251065,39.71587893176915,-22.06141977947114,66.48682161414709,-0.4381412314251065,,-21.619648746251148,4.338183421516755,0.08852794945221798,,,,,,,,388.3,2.9195488721804512,388.3,2.9195488721804512,,,,,,,,,,,,,,,,,,,"Ketel Marte","13613",606466
"Mike Bianucci","KCR",88,365,341,82,50,17,1,14,38,42,17,0,91,4,3,0,,2,1,0.2404692082111437,0.04657534246575343,0.2493150684931507,0.18681318681318682,0.2821917808219178,0.41935483870967744,0.30826863638342245,0.7015466195315953,0.17888563049853373,3.280335738937539,0.28451882845188287,,-0.24475904856808484,38.74154048204366,-0.4736143520479996,93.99452741383305,-0.24475904856808484,,-2.654184294390117,-8.02336860670194,0.08827114161209654,,,,,,,,368.79999999999995,4.1909090909090905,368.79999999999995,4.1909090909090905,,,,,,,,,,,,,,,,,,,"Mike Bianucci","sa389801",518453
"Tom Murphy","COL",59,244,222,51,30,11,1,9,26,30,16,0,69,4,1,1,,2,2,0.22972972972972974,0.06557377049180328,0.2827868852459016,0.2318840579710145,0.29218106995884774,0.4099099099099099,0.3112175337081093,0.7020909798687576,0.18018018018018014,3.611562631645402,0.2896551724137931,,-0.5426421104930341,26.450312969968035,0.23525056032867506,79.79365188834525,-0.5426421104930341,,-6.077033009152549,-0.5173427395649624,0.0872327255961875,,,,,,,,244,4.135593220338983,244,4.135593220338983,,,,,,,,,,,,,,,,,,,"Tom Murphy","13499",608596
"Brendan Harris","LAD",59,221,199,45,31,9,1,4,22,19,17,0,36,2,2,1,,0,1,0.22613065326633167,0.07692307692307693,0.16289592760180996,0.4722222222222222,0.2909090909090909,0.3417085427135678,0.2841855282133276,0.6326176336226588,0.11557788944723615,2.8301464841902444,0.2546583850931677,,-0.5655808388255537,19.375111991739008,-4.36885846945074,83.24320662970291,-0.5655808388255537,,-4.722536205580352,-1.1879776601998824,0.08583926096270506,,,,,,,,176.59999999999997,2.99322033898305,176.59999999999997,2.99322033898305,,,,,,,,,,,,,,,,,,,"Brendan Harris","2178",430593
"John Hester","PHI",77,284,260,54,36,11,1,6,28,22,20,0,81,1,2,1,,1,1,0.2076923076923077,0.07042253521126761,0.2852112676056338,0.24691358024691357,0.26501766784452296,0.3269230769230769,0.265585051619122,0.5919407447676,0.11923076923076922,3.0992852193627916,0.2742857142857143,,-0.39197357441298664,20.846788849484426,-9.665824774849911,66.50263274203367,-0.39197357441298664,,-11.070742481352513,3.2175191064079955,0.08203032397405208,,,,,,,,198.49999999999997,2.5779220779220777,198.49999999999997,2.5779220779220777,,,,,,,,,,,,,,,,,,,"John Hester","877",452105
"Vance Albitz","LAA",80,276,257,61,45,13,1,2,24,19,11,0,36,3,2,3,,4,2,0.23735408560311283,0.03985507246376811,0.13043478260869565,0.3055555555555556,0.27472527472527475,0.31906614785992216,0.2653752890698639,0.5937914225851969,0.08171206225680933,4.175880625179646,0.2669683257918552,,-0.17657562554813921,20.215152055275706,-9.437951326119634,71.06428430403169,-0.17657562554813921,,-8.955002868530261,1.0141093474426808,0.08134609651138165,,,,,,,,190.79999999999995,2.3849999999999993,190.79999999999995,2.3849999999999993,,,,,,,,,,,,,,,,,,,"Vance Albitz","sa545433",609457
"Tyler Ladendorf","OAK",95,386,349,72,50,15,2,5,36,31,29,0,88,4,2,2,,3,1,0.20630372492836677,0.07512953367875648,0.22797927461139897,0.32954545454545453,0.2734375,0.3037249283667622,0.262089802728345,0.5771624283667622,0.09742120343839542,4.095726572519354,0.25968992248062023,,-0.09000374027527869,27.299246190751877,-14.172123031054651,68.01293192398295,-0.09000374027527869,,-13.661731598495534,2.254850088183421,0.08073519862160922,,,,,,,,258,2.7157894736842105,258,2.7157894736842105,,,,,,,,,,,,,,,,,,,"Tyler Ladendorf","3211",502285
"Jason Lane","SDP",31,53,47,12,8,3,0,1,7,6,4,0,12,1,1,0,,0,0,0.2553191489361702,0.07547169811320754,0.22641509433962265,0.3333333333333333,0.32075471698113206,0.3829787234042553,0.31311423036287417,0.7037334403853874,0.12765957446808512,2.017857142857143,0.3142857142857143,,-0.049015085911378264,5.822454446853899,0.12819908738305474,102.45047900147244,-0.049015085911378264,,0.0967719910403868,-1,0.07699042062680483,,,,,,,,53.29999999999999,1.719354838709677,53.29999999999999,1.719354838709677,,,,,,,,,,,,,,,,,,,"Jason Lane","1397",407835
"Gary Brown","SFG",142,618,568,131,94,25,5,7,71,50,30,0,134,12,3,5,,25,15,0.2306338028169014,0.04854368932038835,0.2168284789644013,0.22388059701492538,0.2822185970636215,0.32922535211267606,0.27460968883352604,0.6114439491762975,0.09859154929577466,6.475843015201787,0.28837209302325584,,-1.168692296370864,49.641350790102514,-16.755815476934877,76.76287508500789,-1.168692296370864,,-17.288618198420373,-0.7292768959435629,0.07661986375810789,,,,,,,,463.8999999999999,3.2669014084507038,463.8999999999999,3.2669014084507038,,,,,,,,,,,,,,,,,,,"Gary Brown","11464",518502
"Hunter Renfroe","SDP",134,585,539,122,75,29,2,16,70,64,36,3,166,5,5,0,,7,3,0.22634508348794063,0.06153846153846154,0.28376068376068375,0.21686746987951808,0.27863247863247864,0.37662337662337664,0.28841187361999066,0.6552558552558553,0.150278293135436,4.523205191780032,0.292817679558011,,-0.15723802032880485,53.18332655392818,-9.668359960985853,85.57234297416157,-0.15723802032880485,,-9.63146639833927,-7.448412698412699,0.06988451723482758,,,,,,,,517.9999999999999,3.8656716417910437,517.9999999999999,3.8656716417910437,,,,,,,,,,,,,,,,,,,"Hunter Renfroe","15464",592669
"Mike Dowd","SEA",71,269,254,56,46,7,1,2,25,19,8,1,52,4,2,1,,1,1,0.2204724409448819,0.02973977695167286,0.19330855018587362,0.15384615384615385,0.2537313432835821,0.2795275590551181,0.23822980002964034,0.5332589023387002,0.05905511811023623,3.4127384462196195,0.26732673267326734,,-0.39197357441298664,14.101930671585503,-14.799101247238216,51.34154611557338,-0.39197357441298664,,-14.779428910017234,6.941945914168137,0.0685347280345816,,,,,,,,139.49999999999997,1.9647887323943658,139.49999999999997,1.9647887323943658,,,,,,,,,,,,,,,,,,,"Mike Dowd","sa578097",605212
"Tim Anderson","CHW",112,491,460,108,79,16,4,9,53,40,18,0,125,9,2,2,,13,9,0.23478260869565218,0.03665987780040733,0.2545824847250509,0.144,0.27607361963190186,0.3456521739130435,0.27733353237432934,0.6217257935449454,0.1108695652173913,5.713143553251873,0.3018292682926829,,-1.1932129296474159,40.465723800698534,-12.286717359682308,73.97780663758434,-1.1932129296474159,,-15.237470798434453,0.41225749559082825,0.06809856091031508,,,,,,,,379.09999999999997,3.384821428571428,379.09999999999997,3.384821428571428,,,,,,,,,,,,,,,,,,,"Tim Anderson","15172",641313
"Drew Butera","LAA",61,188,172,34,24,7,1,2,15,15,10,0,44,2,2,2,,0,0,0.19767441860465115,0.05319148936170213,0.23404255319148937,0.22727272727272727,0.24731182795698925,0.28488372093023256,0.2398837080565832,0.5321955488872219,0.08720930232558141,2.452380952380952,0.25,,-0.13573408406227827,10.094101943257586,-10.104388765808805,53.27732811958662,-0.13573408406227827,,-9.790881807733937,4.453850676072898,0.06330538653188333,,,,,,,,99.19999999999997,1.6262295081967209,99.19999999999997,1.6262295081967209,,,,,,,,,,,,,,,,,,,"Drew Butera","3411",460077
"Jackson Williams","LAA",83,295,271,55,39,12,0,4,25,26,18,1,77,2,2,2,,1,1,0.2029520295202952,0.061016949152542375,0.26101694915254237,0.23376623376623376,0.25597269624573377,0.2915129151291513,0.24611704398507941,0.547485611374885,0.08856088560885608,2.220283227157289,0.265625,,-0.3957439656369388,17.24947955728547,-14.444960651089986,57.62668852156902,-0.3957439656369388,,-14.135778513373424,5.419606114050558,0.06186871869014543,,,,,,,,168.5,2.0301204819277108,168.5,2.0301204819277108,,,,,,,,,,,,,,,,,,,"Jackson Williams","8524",519425
"James Beresford","MIN",127,512,473,116,96,17,2,1,48,34,27,0,80,2,3,7,,6,4,0.2452431289640592,0.052734375,0.15625,0.3375,0.2871287128712871,0.2959830866807611,0.26307542052599464,0.5831117995520483,0.05073995771670192,3.8914597990394535,0.2911392405063291,,-0.7795439956244081,36.59743990683035,-18.41121564126535,63.22834039582281,-0.7795439956244081,,-21.474122979174915,5.88124632569077,0.05635774463651072,,,,,,,,333.8999999999999,2.629133858267716,333.8999999999999,2.629133858267716,,,,,,,,,,,,,,,,,,,"James Beresford","4626",503437
"Matt Angle","MIA",110,397,359,83,64,13,3,3,42,29,28,1,93,4,2,4,,11,3,0.23119777158774374,0.07052896725440806,0.23425692695214106,0.3010752688172043,0.2926208651399491,0.30919220055710306,0.27179467176296274,0.6018130656970522,0.07799442896935932,6.009798711011191,0.3018867924528302,,0.7106290336232632,31.032210566069995,-11.620985239777646,71.17086940266508,0.7106290336232632,,-12.136740786289728,0.6238977072310412,0.055994492030506826,,,,,,,,297.29999999999995,2.702727272727272,297.29999999999995,2.702727272727272,,,,,,,,,,,,,,,,,,,"Matt Angle","8136",518408
"Cory Aldridge","TOR",72,291,264,57,36,7,0,14,35,35,24,1,117,1,2,0,,1,1,0.2159090909090909,0.08247422680412371,0.4020618556701031,0.20512820512820512,0.281786941580756,0.4015151515151515,0.3018830714554622,0.6833020930959075,0.18560606060606058,2.2612607531935343,0.31851851851851853,,-0.40328474808484316,29.46190835076375,-1.8027767361422073,90.48550160577207,-0.40328474808484316,,-3.4466374683474195,-5.207671957671957,0.054851909860141324,,,,,,,,281.19999999999993,3.9055555555555546,281.19999999999993,3.9055555555555546,,,,,,,,,,,,,,,,,,,"Cory Aldridge","1405",400139
"Jesus Guzman","HOU",103,295,264,59,38,13,1,7,29,32,27,1,76,2,1,1,,3,1,0.22348484848484848,0.09152542372881356,0.2576271186440678,0.35526315789473684,0.29931972789115646,0.35984848484848486,0.29523118852348457,0.6591682127396413,0.13636363636363638,3.758187644008846,0.2857142857142857,,-0.025907089468091726,28.361853994965497,-3.3325862134099546,89.62206196645354,-0.025907089468091726,,-3.391073089953566,-5.419606114050558,0.05150242630441537,,,,,,,,265.49999999999994,2.577669902912621,265.49999999999994,2.577669902912621,,,,,,,,,,,,,,,,,,,"Jesus Guzman","3118",461882
"Jayce Boyd","NYM",112,461,418,104,78,17,2,7,55,45,37,0,84,4,2,0,,1,3,0.24880382775119617,0.08026030368763558,0.1822125813449024,0.44047619047619047,0.31453362255965295,0.3492822966507177,0.2992538998545897,0.6638159192103706,0.10047846889952153,3.2798808331780487,0.2948328267477204,,-1.3798603855539113,45.74372817139101,-3.7855495779685975,92.93138302347099,-1.3798603855539113,,-5.037724334691122,-8.46928277483833,0.04986355708671697,,,,,,,,407.4,3.6374999999999997,407.4,3.6374999999999997,,,,,,,,,,,,,,,,,,,"Jayce Boyd","sa502020",581532
"Don Kelly","MIA",95,204,181,42,32,6,2,2,23,12,20,1,28,1,1,1,,3,1,0.23204419889502761,0.09803921568627451,0.13725490196078433,0.7142857142857143,0.3103448275862069,0.32044198895027626,0.28507529922051006,0.6307868165364832,0.08839779005524864,5.4535062841236455,0.2631578947368421,,0.026878387667238712,18.023933970878264,-3.893577224066117,80.24499294033521,0.026878387667238712,,-4.496881341052809,-1.2504409171075839,0.04726612137286792,,,,,,,,167.7,1.7652631578947366,167.7,1.7652631578947366,,,,,,,,,,,,,,,,,,,"Don Kelly","2216",430603
"Max Kepler","MIN",100,407,379,87,59,17,3,8,42,42,23,0,85,3,1,1,,4,2,0.22955145118733508,0.056511056511056514,0.20884520884520885,0.27058823529411763,0.27832512315270935,0.35356200527704484,0.2818067856316496,0.6318871284297543,0.12401055408970976,4.481819943766336,0.27526132404181186,,-0.27460579737089574,34.93922687284598,-8.788356736675413,76.29830142474253,-0.27460579737089574,,-10.878058003401891,-1.5045561434450323,0.04617161248118151,,,,,,,,329.8,3.298,329.8,3.298,,,,,,,,,,,,,,,,,,,"Max Kepler","12144",596146
"Tyler Collins","DET",133,541,499,119,81,21,2,15,54,59,34,1,119,4,4,0,,9,4,0.23847695390781562,0.06284658040665435,0.2199630314232902,0.2857142857142857,0.2902033271719039,0.3787575150300601,0.29645584556791515,0.668960842201964,0.1402805611222445,4.122639363907091,0.28184281842818426,,-0.1531512481160462,52.52090373208381,-5.603476446665753,87.41618220665086,-0.1531512481160462,,-7.636277795847435,-8.963403880070546,0.04599078932870837,,,,,,,,500.6,3.7639097744360903,500.6,3.7639097744360903,,,,,,,,,,,,,,,,,,,"Tyler Collins","12723",607385
"Jordan Schafer","MIN",109,322,283,62,47,10,2,3,36,22,30,2,81,1,1,7,,27,7,0.21908127208480566,0.09316770186335403,0.2515527950310559,0.37037037037037035,0.29523809523809524,0.3003533568904594,0.26973980151045435,0.5955914521285546,0.08127208480565373,7.1043600374692115,0.295,,2.4740214040502906,24.66222272564208,-9.93306455265248,67.87846596101537,2.4740214040502906,,-8.895064625586214,-0.8168724279835393,0.045811535652282645,,,,,,,,257.5,2.3623853211009176,257.5,2.3623853211009176,,,,,,,,,,,,,,,,,,,"Jordan Schafer","9883",457788
"Hunter Dozier","KCR",114,484,439,99,67,24,0,8,51,43,38,1,115,5,2,0,,6,5,0.2255125284738041,0.07851239669421488,0.23760330578512398,0.33043478260869563,0.29338842975206614,0.3348519362186788,0.283055913991316,0.628240365970745,0.10933940774487472,3.143330451875915,0.2861635220125786,,-1.0962790136691183,42.01304404366512,-9.987325654144097,76.4021470806817,-1.0962790136691183,,-13.65054294887248,-1.221634332745444,0.03879286611264246,,,,,,,,386.59999999999997,3.3912280701754383,386.59999999999997,3.3912280701754383,,,,,,,,,,,,,,,,,,,"Hunter Dozier","15117",641531
"Kevin Kouzmanoff","TEX",56,222,209,51,35,12,0,4,22,24,8,1,38,3,2,0,,1,0,0.24401913875598086,0.036036036036036036,0.17117117117117117,0.21052631578947367,0.27927927927927926,0.3588516746411483,0.2811221426428713,0.6381309539204276,0.11483253588516745,2.903810959595065,0.2781065088757396,,0.0303323979023844,18.94118780145452,-4.9102214401026,73.38940230465354,0.0303323979023844,,-6.463199929417737,-0.1843033509700177,0.03688276294884793,,,,,,,,183.89999999999998,3.283928571428571,183.89999999999998,3.283928571428571,,,,,,,,,,,,,,,,,,,"Kevin Kouzmanoff","5995",450260
"Ryan Adams","LAD",76,292,270,62,42,15,1,4,27,26,17,0,80,3,1,1,,2,2,0.22962962962962963,0.05821917808219178,0.273972602739726,0.2125,0.281786941580756,0.337037037037037,0.2774755631115838,0.618823978617793,0.1074074074074074,3.307321032744172,0.31016042780748665,,-0.5878868051804602,24.096964018370635,-7.275159848902696,78.65855485317282,-0.5878868051804602,,-7.58306608400526,-0.9271017048794827,0.036546891867137304,,,,,,,,222.20000000000002,2.923684210526316,222.20000000000002,2.923684210526316,,,,,,,,,,,,,,,,,,,"Ryan Adams","6343",502031
"Jack Murphy","TOR",65,235,216,43,28,9,1,5,21,23,16,0,68,1,1,1,,0,0,0.19907407407407407,0.06808510638297872,0.28936170212765955,0.23529411764705882,0.2564102564102564,0.3194444444444444,0.25884694905362576,0.5758547008547008,0.12037037037037035,2.3697089947089944,0.2638888888888889,,-0.16966760507784784,16.03552224556426,-9.21259114076873,60.45670021008475,-0.16966760507784784,,-10.384098458108731,3.3173133450911223,0.03575042063064304,,,,,,,,154.59999999999997,2.3784615384615377,154.59999999999997,2.3784615384615377,,,,,,,,,,,,,,,,,,,"Jack Murphy","sa502520",571975
"Alexi Casilla","TBR",76,241,223,52,40,10,1,1,26,17,13,0,38,1,2,2,,10,2,0.23318385650224216,0.05394190871369295,0.15767634854771784,0.34210526315789475,0.27615062761506276,0.3004484304932735,0.25916908326009325,0.5765990581083362,0.06726457399103136,6.04829378450718,0.27419354838709675,,1.042276348453015,16.504483032355715,-9.388263036181517,65.10995816639351,1.042276348453015,,-8.200276360997297,0.8855085243974133,0.02925329436245301,,,,,,,,167.70000000000002,2.2065789473684214,167.70000000000002,2.2065789473684214,,,,,,,,,,,,,,,,,,,"Alexi Casilla","5248",458210
"Ji Man Choi","SEA",94,389,344,81,57,14,2,8,46,36,35,1,77,6,2,2,,1,3,0.23546511627906977,0.08997429305912596,0.19794344473007713,0.45454545454545453,0.3152454780361757,0.35755813953488375,0.3028431866761934,0.6728036175710594,0.12209302325581398,3.318768409992198,0.2796934865900383,,-1.2969117786269635,39.67023971945865,-2.123445843449996,96.42605761025446,-1.2969117786269635,,-2.825077846517057,-9.146531452087007,0.029142998459912084,,,,,,,,353.29999999999995,3.7585106382978717,353.29999999999995,3.7585106382978717,,,,,,,,,,,,,,,,,,,"Ji Man Choi","5452",596847
"Carlos Rivero","SEA",122,484,450,104,77,19,1,7,44,39,25,0,125,4,4,1,,2,3,0.2311111111111111,0.05165289256198347,0.25826446280991733,0.2,0.2753623188405797,0.3244444444444444,0.2685759321749827,0.5998067632850241,0.09333333333333332,2.6369864428973546,0.30124223602484473,,-1.1308452966623008,36.63788096547329,-15.362488732335928,72.51580449348162,-1.1308452966623008,,-15.752677444496962,0.778365667254556,0.027589905141913756,,,,,,,,341.4,2.7983606557377048,341.4,2.7983606557377048,,,,,,,,,,,,,,,,,,,"Carlos Rivero","1136",491640
"Mason Williams","NYY",128,569,525,118,87,20,4,7,60,43,35,1,96,1,1,7,,15,8,0.22476190476190477,0.061511423550087874,0.1687170474516696,0.3645833333333333,0.27402135231316727,0.3180952380952381,0.2653524401778631,0.5921165904084054,0.09333333333333332,5.454988561329176,0.2624113475177305,,-0.47647790564224124,41.665468898433005,-19.467197130603047,65.99809423869488,-0.47647790564224124,,-21.742630655580463,4.090681951793063,0.027186569570472136,,,,,,,,396.5,3.09765625,396.5,3.09765625,,,,,,,,,,,,,,,,,,,"Mason Williams","11859",592863
"Jamie Romak","ARI",125,496,457,101,58,26,3,14,50,55,30,0,127,4,4,1,,4,1,0.2210065645514223,0.06048387096774194,0.2560483870967742,0.23622047244094488,0.2727272727272727,0.38293216630196936,0.2897491996938532,0.6556594390292421,0.16192560175054704,4.403091088161335,0.271875,,0.07606274168938398,45.60092958877851,-7.688705473439198,77.2336495614159,0.07606274168938398,,-12.599500503623288,-2.177542621987066,0.026824110266531975,,,,,,,,439.4999999999999,3.515999999999999,439.4999999999999,3.515999999999999,,,,,,,,,,,,,,,,,,,"Jamie Romak","5552",457449
"Nick Punto","ARI",81,238,211,48,34,10,2,2,23,16,23,0,54,0,1,3,,2,2,0.22748815165876776,0.09663865546218488,0.226890756302521,0.42592592592592593,0.3021276595744681,0.3222748815165877,0.2831256082717408,0.6244025410910558,0.09478672985781991,4.076932988973923,0.2948717948717949,,-0.5690348490606993,20.672028693075518,-4.898401034359592,72.70801347837501,-0.5690348490606993,,-7.86032328202087,0.8744855967078189,0.024362153006635315,,,,,,,,184.19999999999996,2.2740740740740737,184.19999999999996,2.2740740740740737,,,,,,,,,,,,,,,,,,,"Nick Punto","1429",346857
"Raul Ibanez","KCR",93,327,295,67,38,13,3,13,35,44,31,0,73,0,1,0,,2,1,0.2271186440677966,0.09480122324159021,0.22324159021406728,0.4246575342465753,0.2996941896024465,0.423728813559322,0.3198383352078429,0.7234230031617686,0.1966101694915254,4.154252619980098,0.2571428571428571,,-0.2372182661201805,37.609844981999856,2.4773638018684196,102.06737805224498,-0.2372182661201805,,0.5058711185862976,-10.604497354497354,0.020649317744300233,,,,,,,,351.2,3.7763440860215054,351.2,3.7763440860215054,,,,,,,,,,,,,,,,,,,"Raul Ibanez","607",116380
"Bryan Anderson","OAK",88,321,293,63,43,12,1,7,32,31,22,0,85,3,2,1,,1,1,0.2150170648464164,0.06853582554517133,0.26479750778816197,0.25882352941176473,0.275,0.33447098976109213,0.2738811742514372,0.6094709897610922,0.11945392491467574,3.021864001874018,0.27586206896551724,,-0.43344787787646055,25.605226790467388,-8.8826217074598,76.24045647518624,-0.43344787787646055,,-8.816777226580195,-1.102733686067019,0.019592494749749112,,,,,,,,240.19999999999996,2.729545454545454,240.19999999999996,2.729545454545454,,,,,,,,,,,,,,,,,,,"Bryan Anderson","9871",457762
"Juan Silva","CIN",96,403,354,85,63,14,3,5,46,33,43,1,105,2,2,2,,23,14,0.2401129943502825,0.10669975186104218,0.26054590570719605,0.4095238095238095,0.32418952618453867,0.3389830508474576,0.3002563102543354,0.6631725770319963,0.09887005649717512,6.06765009825257,0.3252032520325203,,-1.0822896792087704,40.29838581824961,-2.9994426698022836,87.80766305311428,-1.0822896792087704,,-6.597780623945345,-5.442239858906525,0.01810106110072124,,,,,,,,366.19999999999993,3.8145833333333328,366.19999999999993,3.8145833333333328,,,,,,,,,,,,,,,,,,,"Juan Silva","sa501563",572136
"Taylor Teagarden","CHC",50,176,159,31,21,4,0,6,18,19,14,0,62,1,1,1,,0,0,0.1949685534591195,0.07954545454545454,0.3522727272727273,0.22580645161290322,0.26285714285714284,0.3333333333333333,0.2687892736707415,0.5961904761904762,0.1383647798742138,1.4409340659340657,0.2717391304347826,,-0.13573408406227827,13.351664067080906,-5.557561277576993,68.0992833325017,-0.13573408406227827,,-6.438124181867848,1.2333921222810114,0.013766993848293663,,,,,,,,127.6,2.552,127.6,2.552,,,,,,,,,,,,,,,,,,,"Taylor Teagarden","5199",460003
"Raúl Mondesi Jr.","KCR",124,526,495,113,84,13,5,11,53,42,20,0,145,2,1,8,,16,8,0.22828282828282828,0.03802281368821293,0.27566539923954375,0.13793103448275862,0.2606177606177606,0.3414141414141414,0.26728912025805146,0.602031902031902,0.11313131313131311,6.0832172811432415,0.3,,-0.2161516430787742,39.29806767860475,-17.214730794634193,65.4007396294666,-0.2161516430787742,,-20.22057156134349,3.7980599647266313,0.01366507366854286,,,,,,,,381.4,3.075806451612903,381.4,3.075806451612903,,,,,,,,,,,,,,,,,,,"Raul Mondesi Jr.","sa551329",597471
"Nate Tenbrink","SEA",64,253,226,47,32,9,1,5,30,22,21,0,88,3,2,1,,4,2,0.2079646017699115,0.08300395256916997,0.34782608695652173,0.23863636363636365,0.28174603174603174,0.3230088495575221,0.2739179579038469,0.6047548813035539,0.11504424778761063,4.9976064944597525,0.3111111111111111,,-0.1652644518762827,20.188204221631228,-6.993807211314499,76.243246017253,-0.1652644518762827,,-6.7719102667469375,-1.0703997648442094,0.012795441488868242,,,,,,,,190,2.96875,190,2.96875,,,,,,,,,,,,,,,,,,,"Nate Tenbrink","sa454946",543845
"Daniel Vogelbach","CHC",138,587,529,129,86,26,1,16,73,67,49,1,128,3,6,0,,4,6,0.2438563327032136,0.08347529812606473,0.21805792163543442,0.3828125,0.3083475298126065,0.387523629489603,0.3090048734441959,0.6958711593022096,0.1436672967863894,3.1041608822222093,0.289002557544757,,-1.9789112515281886,62.63635061817065,-0.43021345747813194,95.57700015366292,-1.9789112515281886,,-4.893298103745948,-12.784097589653145,0.010987850962864476,,,,,,,,571.7,4.142753623188407,571.7,4.142753623188407,,,,,,,,,,,,,,,,,,,"Daniel Vogelbach","14130",596129
"Nolan Reimold","BAL",50,175,157,35,23,6,0,6,18,21,14,1,50,1,3,0,,2,1,0.2229299363057325,0.08,0.2857142857142857,0.28,0.2857142857142857,0.37579617834394907,0.29136232774833154,0.6615104640582348,0.15286624203821658,2.987380711382222,0.27884615384615385,,-0.11656574695371091,16.305551246651834,-2.4962353176386896,82.51998726129915,-0.11656574695371091,,-3.478995320242444,-1.9290123456790123,0.010662113508149912,,,,,,,,158.8,3.176,158.8,3.176,,,,,,,,,,,,,,,,,,,"Nolan Reimold","3441",460099
"Cole Gillespie","MIA",102,371,328,77,55,13,3,6,39,32,34,1,73,3,5,1,,6,3,0.2347560975609756,0.09164420485175202,0.1967654986522911,0.4657534246575342,0.3081081081081081,0.3475609756097561,0.2936053778420942,0.6556690837178643,0.11280487804878048,4.921727752337152,0.2795275590551181,,-0.27428941638208926,35.206019121538276,-4.653768394757631,86.07325575741356,-0.27428941638208926,,-6.074125013230938,-5.089506172839506,0.007927947366300092,,,,,,,,328.4,3.2196078431372546,328.4,3.2196078431372546,,,,,,,,,,,,,,,,,,,"Cole Gillespie","5888",502261
"Michael Choice","TEX",137,559,498,118,81,21,1,15,60,61,45,1,137,9,7,0,,2,2,0.23694779116465864,0.08050089445438283,0.24508050089445438,0.3284671532846715,0.3076923076923077,0.37349397590361444,0.3040234615298582,0.6811862835959221,0.1365461847389558,2.690305523638542,0.29178470254957506,,-0.8593549733050168,57.51287480010261,-2.545403425259694,89.36898220582252,-0.8593549733050168,,-7.391563740702525,-10.161816578483245,0.003492234125246907,,,,,,,,530.5999999999999,3.8729927007299265,530.5999999999999,3.8729927007299265,,,,,,,,,,,,,,,,,,,"Michael Choice","11376",574831
"Justin Christian","TBR",110,449,416,96,69,19,3,5,49,30,23,0,68,5,2,3,,14,4,0.23076923076923078,0.051224944320712694,0.1514476614699332,0.3382352941176471,0.27802690582959644,0.3269230769230769,0.2711480162336153,0.6049499827526734,0.09615384615384615,6.1123182485016505,0.263768115942029,,0.9260269824881107,34.874194578505374,-13.365817806445742,73.46835523189667,0.9260269824881107,,-12.168322206935594,-1.9492945326278655,0.0007878673821771764,,,,,,,,340.19999999999993,3.0927272727272723,340.19999999999993,3.0927272727272723,,,,,,,,,,,,,,,,,,,"Justin Christian","8297",451629
"Nate Schierholtz","TEX",125,397,367,84,53,16,3,12,41,46,21,2,85,4,5,0,,4,4,0.22888283378746593,0.05289672544080604,0.2141057934508816,0.24705882352941178,0.27455919395465994,0.3869209809264305,0.28933541684211056,0.6614801748810905,0.15803814713896458,4.3672492602266795,0.26181818181818184,,-0.9947948316112161,36.37313963814122,-6.280056167706423,79.12028059880846,-0.9947948316112161,,-10.106267315648072,-2.376102292768959,0.0007234680545539773,,,,,,,,351.1,2.8088,351.1,2.8088,,,,,,,,,,,,,,,,,,,"Nate Schierholtz","6201",435625
"Mac Williamson","SFG",66,289,262,61,44,12,0,5,35,27,19,0,75,6,2,0,,5,1,0.23282442748091603,0.0657439446366782,0.25951557093425603,0.25333333333333335,0.2975778546712803,0.33587786259541985,0.2862488833678222,0.6334557172667001,0.10305343511450382,4.415722716441202,0.30434782608695654,,0.36278174282051623,25.79403640069259,-5.255771125478617,84.7154729137466,0.36278174282051623,,-4.595623545858956,-4.185626102292769,-0.0031535068705636493,,,,,,,,243.09999999999997,3.6833333333333327,243.09999999999997,3.6833333333333327,,,,,,,,,,,,,,,,,,,"Mac Williamson","14158",607776
"Eli Whiteside","ATL",67,232,215,42,27,10,1,4,21,19,12,1,62,3,2,0,,1,0,0.19534883720930232,0.05172413793103448,0.2672413793103448,0.1935483870967742,0.24568965517241378,0.30697674418604654,0.24598681694501406,0.5526663993584603,0.11162790697674421,3.9855553283377985,0.25165562913907286,,0.0454139627981931,13.54252018942916,-11.383276855801705,52.50876627698325,0.0454139627981931,,-12.32241897191434,5.262198706643151,-0.0037285184798346305,,,,,,,,139.4,2.0805970149253734,139.4,2.0805970149253734,,,,,,,,,,,,,,,,,,,"Eli Whiteside","3536",434630
"Willie Bloomquist","SEA",48,149,140,39,32,5,1,1,16,14,6,1,24,1,1,1,,0,1,0.2785714285714286,0.040268456375838924,0.1610738255033557,0.25,0.3108108108108108,0.35,0.29170552808411265,0.6608108108108108,0.0714285714285714,3.3350440365059697,0.3275862068965517,,-0.5203361441381276,13.922232624221378,-2.086145650517411,88.65466652739306,-0.5203361441381276,,-2.3784697469475042,-2.357583774250441,-0.005348319821278952,,,,,,,,126.2,2.629166666666667,126.2,2.629166666666667,,,,,,,,,,,,,,,,,,,"Willie Bloomquist","1066",217100
"Austin Wilson","SEA",78,318,291,66,44,13,1,8,36,34,18,1,81,7,1,1,,2,3,0.2268041237113402,0.05660377358490566,0.25471698113207547,0.2222222222222222,0.2870662460567823,0.36082474226804123,0.28921657498878767,0.6478909883248236,0.13402061855670103,3.5026987382658716,0.2857142857142857,,-0.9875704301521182,29.106174610168562,-5.059357546656504,86.91797943730555,-0.9875704301521182,,-5.560298237404898,-4.505291005291005,-0.0067824321873512505,,,,,,,,267.59999999999997,3.43076923076923,267.59999999999997,3.43076923076923,,,,,,,,,,,,,,,,,,,"Austin Wilson","sa549103",592868
"David Cooper","CLE",63,257,235,61,42,15,0,4,26,24,19,1,32,1,2,0,,0,1,0.25957446808510637,0.07392996108949416,0.1245136186770428,0.59375,0.3151750972762646,0.37446808510638296,0.30607846775092185,0.6896431823826475,0.1148936170212766,1.6414850975047035,0.2835820895522388,,-0.6070551422890276,26.84658329256514,-0.7651832618500841,93.54621466460779,-0.6070551422890276,,-2.43019943593366,-5.7214873603762495,-0.007337120987934265,,,,,,,,244.89999999999995,3.8873015873015864,244.89999999999995,3.8873015873015864,,,,,,,,,,,,,,,,,,,"David Cooper","7752",476036
"Nate Spears","PHI",76,264,237,51,36,9,2,4,26,22,21,1,65,2,2,2,,4,2,0.21518987341772153,0.07954545454545454,0.24621212121212122,0.3230769230769231,0.2824427480916031,0.3206751054852321,0.2708095978959767,0.6031178535768351,0.10548523206751056,4.985298678679919,0.27647058823529413,,-0.17280523432418704,20.43657140770413,-7.927266609282721,70.07235702622118,-0.17280523432418704,,-9.041681881887396,0.9700176366843033,-0.008369325693452667,,,,,,,,194.69999999999996,2.5618421052631573,194.69999999999996,2.5618421052631573,,,,,,,,,,,,,,,,,,,"Nate Spears","6026",460621
"JB Shuck","CHW",137,512,465,118,93,17,4,4,58,41,37,1,47,1,5,4,,9,5,0.2537634408602151,0.072265625,0.091796875,0.7872340425531915,0.30708661417322836,0.3333333333333333,0.2866600648421037,0.6404199475065617,0.07956989247311824,4.9259758930652096,0.2720763723150358,,-0.5754572204314172,45.858859461157074,-9.149796086938627,80.48546986454073,-0.5754572204314172,,-11.557963573483326,-4.64373897707231,-0.01042334358600816,,,,,,,,422.6,3.0846715328467154,422.6,3.0846715328467154,,,,,,,,,,,,,,,,,,,"JB Shuck","6677",543776
"Garrett Weber","ARI",115,445,419,104,75,19,3,7,44,43,17,0,100,5,2,2,,2,1,0.24821002386634844,0.038202247191011236,0.2247191011235955,0.17,0.28442437923250563,0.35799522673031026,0.2853616937557677,0.6424196059628159,0.10978520286396182,3.8772732697316212,0.3089171974522293,,-0.34278922039084136,39.414661692078994,-8.39559557140262,74.23584158647539,-0.34278922039084136,,-13.212480978252525,-0.36493239271017064,-0.011010577793159337,,,,,,,,368.4,3.203478260869565,368.4,3.203478260869565,,,,,,,,,,,,,,,,,,,"Garrett Weber","sa598344",519402
"Kensuke Tanaka","TEX",83,306,276,69,57,8,1,3,33,22,24,0,37,1,3,2,,11,4,0.25,0.0784313725490196,0.12091503267973856,0.6486486486486487,0.3092105263157895,0.3188405797101449,0.28416440361424494,0.6280511060259344,0.0688405797101449,5.11895254205605,0.27615062761506276,,0.38258284190669656,26.822120351934192,-6.054146440482381,75.51216442644109,0.38258284190669656,,-7.853965091767403,-1.8756613756613758,-0.011338603506489728,,,,,,,,252.19999999999993,3.038554216867469,252.19999999999993,3.038554216867469,,,,,,,,,,,,,,,,,,,"Kensuke Tanaka","14448",547887
"Chris Getz","TOR",66,231,210,51,42,7,1,1,24,15,13,1,27,1,1,6,,11,3,0.24285714285714285,0.05627705627705628,0.11688311688311688,0.48148148148148145,0.28888888888888886,0.3,0.26422784184770925,0.5888888888888888,0.057142857142857134,5.848932427637299,0.273224043715847,,0.8614446825813502,16.715910097459776,-8.102448167403711,64.21126154198863,0.8614446825813502,,-8.2257906062375,0.8487654320987654,-0.012081743934564265,,,,,,,,165.49999999999997,2.5075757575757573,165.49999999999997,2.5075757575757573,,,,,,,,,,,,,,,,,,,"Chris Getz","3388",460051
"Gerald Laird","ARI",49,151,136,32,23,8,0,1,14,12,12,1,24,1,1,1,,0,0,0.23529411764705882,0.07947019867549669,0.15894039735099338,0.5,0.3,0.3161764705882353,0.27655640264485504,0.6161764705882353,0.08088235294117646,1.4073920265780726,0.2767857142857143,,-0.1319636928383261,12.354651039073872,-3.868604796399666,68.21953704205697,-0.1319636928383261,,-5.518744948013989,0.7741034685479127,-0.018815492283711766,,,,,,,,114.8,2.342857142857143,114.8,2.342857142857143,,,,,,,,,,,,,,,,,,,"Gerald Laird","1698",408042
"Brennan Boesch","CIN",100,389,362,90,54,17,3,16,45,48,22,1,81,2,3,0,,6,2,0.24861878453038674,0.056555269922879174,0.20822622107969152,0.2716049382716049,0.2930591259640103,0.4447513812154696,0.3220045611108701,0.7378105071794798,0.19613259668508284,5.090029199265167,0.27611940298507465,,0.15555733838118613,45.38705981790297,3.5933742549943224,102.66737624296695,0.15555733838118613,,1.3202894619873211,-13.287918871252204,-0.020465950559173995,,,,,,,,436.5999999999999,4.365999999999999,436.5999999999999,4.365999999999999,,,,,,,,,,,,,,,,,,,"Brennan Boesch","914",453269
"Nicky Delmonico","MIL",64,269,247,58,38,11,1,8,29,29,19,0,77,2,1,0,,4,3,0.23481781376518218,0.07063197026022305,0.2862453531598513,0.24675324675324675,0.2936802973977695,0.38461538461538464,0.3020328471651751,0.6782956820131542,0.14979757085020245,4.1647742000726,0.3067484662576687,,-0.5536369031760842,27.265448539211604,-1.6355833796121138,87.49078291217882,-0.5536369031760842,,-4.330876927430551,-4.011610817166373,-0.021465690106000024,,,,,,,,252.79999999999998,3.9499999999999997,252.79999999999998,3.9499999999999997,,,,,,,,,,,,,,,,,,,"Nicky Delmonico","13157",547170
"Jared Goedert","TOR",112,450,415,92,61,19,1,11,47,48,32,1,115,1,2,0,,2,0,0.2216867469879518,0.07111111111111111,0.25555555555555554,0.2782608695652174,0.2777777777777778,0.35180722891566263,0.2805563119843702,0.6295850066934404,0.13012048192771083,3.3209246217413293,0.27835051546391754,,0.04935362213291228,38.19901083396571,-10.148440331352777,75.60458323233404,0.04935362213291228,,-12.017503179509095,-2.3465608465608465,-0.022793907225884952,,,,,,,,367.19999999999993,3.278571428571428,367.19999999999993,3.278571428571428,,,,,,,,,,,,,,,,,,,"Jared Goedert","sa327086",450689
"John Mayberry Jr.","NYM",117,333,302,69,42,17,0,10,38,40,26,1,76,3,2,0,,3,1,0.22847682119205298,0.07807807807807808,0.22822822822822822,0.34210526315789475,0.29429429429429427,0.3841059602649007,0.30121473662824516,0.678400254559195,0.1556291390728477,3.258170573261518,0.2706422018348624,,-0.04098865436390042,33.54344919908742,-2.2336646632482604,94.27114465583607,-0.04098865436390042,,-2.1824205314931766,-8.117724867724867,-0.023592302109477492,,,,,,,,317.59999999999997,2.714529914529914,317.59999999999997,2.714529914529914,,,,,,,,,,,,,,,,,,,"John Mayberry Jr.","3390",460055
"Mike Yastrzemski","BAL",108,485,450,104,65,21,6,12,52,50,25,1,122,6,3,1,,9,7,0.2311111111111111,0.05154639175257732,0.2515463917525773,0.20491803278688525,0.27892561983471076,0.3844444444444444,0.29232729628959797,0.6633700642791551,0.15333333333333332,5.9051515465576685,0.2884012539184953,,-1.197616082848981,45.54861993911403,-6.559188539062562,83.19330184127486,-1.197616082848981,,-10.157400130427378,-5.346119929453263,-0.027007447350386515,,,,,,,,430.8,3.988888888888889,430.8,3.988888888888889,,,,,,,,,,,,,,,,,,,"Mike Yastrzemski","14854",573262
"Mycal Jones","ATL",115,459,415,88,63,20,1,4,45,32,29,0,108,6,3,6,,16,8,0.21204819277108433,0.06318082788671024,0.23529411764705882,0.26851851851851855,0.271523178807947,0.29397590361445786,0.2567757362824665,0.5654990824224049,0.08192771084337352,5.0829844492844405,0.27450980392156865,,-0.18598851328715682,30.591297613163622,-18.723102575461237,59.880404945332906,-0.18598851328715682,,-20.85698436555904,6.686507936507937,-0.029555200016177396,,,,,,,,292.0999999999999,2.539999999999999,292.0999999999999,2.539999999999999,,,,,,,,,,,,,,,,,,,"Mycal Jones","sa501228",571827
"Mario Lisson","WSN",101,399,359,74,49,16,0,9,40,37,28,1,113,7,3,2,,9,3,0.20612813370473537,0.07017543859649122,0.2832080200501253,0.24778761061946902,0.27455919395465994,0.32590529247910865,0.27043624131968524,0.6004644864337686,0.11977715877437328,4.169040389930015,0.2708333333333333,,0.35587372235022485,30.772835942473588,-12.095237424108806,68.30107623851492,0.35587372235022485,,-13.84155138742705,1.4660493827160495,-0.03198519017423662,,,,,,,,300.1,2.9712871287128717,300.1,2.9712871287128717,,,,,,,,,,,,,,,,,,,"Mario Lisson","sa202240",454977
"Leandro Castro","PHI",121,478,453,114,82,22,3,7,52,48,15,0,84,3,3,4,,10,6,0.25165562913907286,0.03138075313807531,0.17573221757322174,0.17857142857142858,0.27848101265822783,0.3598233995584989,0.2820272601606474,0.6383044122167267,0.10816777041942605,5.251979504638452,0.29315068493150687,,-0.6394067583605647,41.11510479076259,-10.240632224842384,77.73693865226741,-0.6394067583605647,,-12.584923825241104,-2.2436801881246327,-0.038626831100713216,,,,,,,,388.3,3.209090909090909,388.3,3.209090909090909,,,,,,,,,,,,,,,,,,,"Leandro Castro","sa455746",516736
"Daniel Descalso","COL",124,306,271,70,50,15,2,3,35,28,26,3,52,3,2,4,,4,3,0.25830258302583026,0.08496732026143791,0.16993464052287582,0.5,0.32781456953642385,0.36162361623616235,0.3060646411965922,0.6894381857725862,0.10332103321033209,4.475319136048851,0.3073394495412844,,-0.6177335539832711,31.961947566258623,-0.9143192261579479,76.2728857667665,-0.6177335539832711,,-8.767750675429687,-0.8756613756613758,-0.04124929771177564,,,,,,,,290.30000000000007,2.341129032258065,290.30000000000007,2.341129032258065,,,,,,,,,,,,,,,,,,,"Daniel Descalso","8392",518614
"Wilkin Castillo","PIT",53,200,189,43,30,8,3,2,18,18,7,1,32,1,1,2,,2,1,0.2275132275132275,0.035,0.16,0.21875,0.25757575757575757,0.3333333333333333,0.2590852821538896,0.5909090909090908,0.10582010582010581,5.537788328782439,0.26282051282051283,,-0.11656574695371091,13.683811833265347,-7.803944240209537,64.35156175484042,-0.11656574695371091,,-8.119747453021708,1.674309229864786,-0.042596891791111424,,,,,,,,135.89999999999998,2.564150943396226,135.89999999999998,2.564150943396226,,,,,,,,,,,,,,,,,,,"Wilkin Castillo","5124",446868
"Dante Bichette Jr.","NYY",130,547,504,111,76,22,0,13,59,59,36,0,146,4,3,0,,1,2,0.22023809523809523,0.06581352833638025,0.26691042047531993,0.2465753424657534,0.2760511882998172,0.3412698412698413,0.276854617068275,0.6173210295696585,0.12103174603174605,2.1050345940489668,0.28160919540229884,,-0.9914879342541099,44.88003857397466,-13.888974286979153,74.0238309032394,-0.9914879342541099,,-16.609862438766374,-0.9901528512639626,-0.04303044019535865,,,,,,,,419.89999999999986,3.229999999999999,419.89999999999986,3.229999999999999,,,,,,,,,,,,,,,,,,,"Dante Bichette Jr.","sa597776",605142
"Jack Hannahan","CIN",69,181,162,36,26,7,1,2,15,15,16,1,43,1,1,1,,0,1,0.2222222222222222,0.08839779005524862,0.23756906077348067,0.37209302325581395,0.29444444444444445,0.3148148148148148,0.27444947298678607,0.6092592592592593,0.09259259259259262,2.8010833927217567,0.288135593220339,,-0.5354177090339363,14.516730261788025,-4.929688984706746,70.174879494442,-0.5354177090339363,,-6.595143263872461,0.6650499706055262,-0.04918684982038081,,,,,,,,132.59999999999997,1.9217391304347822,132.59999999999997,1.9217391304347822,,,,,,,,,,,,,,,,,,,"Jack Hannahan","3692",435219
"Rocky Gale","SDP",73,236,225,49,40,8,0,1,21,18,8,0,40,0,1,2,,1,1,0.21777777777777776,0.03389830508474576,0.1694915254237288,0.2,0.24358974358974358,0.26666666666666666,0.2289414905075334,0.5102564102564102,0.0488888888888889,2.6292852912761324,0.2594594594594595,,-0.35804005339741707,10.690724750523486,-14.664827416176877,44.93859995862867,-0.35804005339741707,,-14.944551138664565,7.335684891240447,-0.050620725462625804,,,,,,,,105.1,1.4397260273972603,105.1,1.4397260273972603,,,,,,,,,,,,,,,,,,,"Rocky Gale","10533",502570
"Richie Shaffer","TBR",106,443,405,81,50,19,2,10,43,39,30,1,141,4,3,1,,3,0,0.2,0.06772009029345373,0.3182844243792325,0.2127659574468085,0.26018099547511314,0.3308641975308642,0.26405838949610044,0.5910451930059774,0.1308641975308642,4.300889049198175,0.27626459143968873,,0.28705753735266626,31.999344075722096,-15.59603562702477,68.52151101385662,0.28705753735266626,,-15.041137115639225,0.6277189888300996,-0.052361770480200465,,,,,,,,316.79999999999995,2.9886792452830186,316.79999999999995,2.9886792452830186,,,,,,,,,,,,,,,,,,,"Richie Shaffer","13271",572128
"Cory Spangenberg","SDP",112,483,450,108,79,16,9,4,52,42,22,1,118,2,1,8,,18,11,0.24,0.045548654244306416,0.2443064182194617,0.1864406779661017,0.27789473684210525,0.3422222222222222,0.2745297596424441,0.6201169590643274,0.10222222222222221,7.11684396170733,0.3161094224924012,,-0.9322539051063359,38.767756911826595,-13.125174005615245,76.08724766530342,-0.9322539051063359,,-13.897144911444466,-1.2253086419753085,-0.05424888316902701,,,,,,,,365.49999999999994,3.2633928571428568,365.49999999999994,3.2633928571428568,,,,,,,,,,,,,,,,,,,"Cory Spangenberg","12294",605486
"Craig Albernaz","DET",46,157,143,28,24,4,0,0,11,8,6,0,39,2,1,5,,3,1,0.1958041958041958,0.03821656050955414,0.2484076433121019,0.15384615384615385,0.23684210526315788,0.22377622377622378,0.2112327892529337,0.46061832903938166,0.02797202797202797,3.946373068899229,0.26666666666666666,,0.1022862121462822,4.979669791964761,-11.888218725713022,27.95110753006127,0.1022862121462822,,-12.331413226814993,6.8843327454438565,-0.055734762130458526,,,,,,,,52.29999999999998,1.13695652173913,52.29999999999998,1.13695652173913,,,,,,,,,,,,,,,,,,,"Craig Albernaz","sa328612",503360
"J.R. Towles","TEX",30,107,94,19,11,6,0,2,10,10,8,0,22,3,1,1,,0,1,0.20212765957446807,0.07476635514018691,0.205607476635514,0.36363636363636365,0.2830188679245283,0.32978723404255317,0.27787331927497433,0.6128061019670814,0.1276595744680851,2.194341906680578,0.23943661971830985,,-0.4600098845548928,8.862694048947796,-2.6332554503612657,71.12250960522944,-0.4600098845548928,,-3.85639265443091,-0.034244562022340164,-0.05754179780747232,,,,,,,,78.8,2.6266666666666665,78.8,2.6266666666666665,,,,,,,,,,,,,,,,,,,"J.R. Towles","7348",453525
"Chris Snyder","TEX",43,154,137,28,19,5,0,4,14,15,15,1,45,1,1,0,,0,0,0.20437956204379562,0.09740259740259741,0.2922077922077922,0.3333333333333333,0.2857142857142857,0.3284671532846715,0.27625563175849666,0.6141814389989573,0.1240875912408759,1.120421245421245,0.2696629213483146,,-0.12819330161437392,12.564582625243736,-3.9809895513319256,69.99375509758546,-0.12819330161437392,,-5.207515630565661,-0.1707818930041154,-0.05854191593481839,,,,,,,,119.89999999999998,2.788372093023255,119.89999999999998,2.788372093023255,,,,,,,,,,,,,,,,,,,"Chris Snyder","4606",430965
"Gabriel Noriega","KCR",120,453,428,105,83,18,2,2,42,33,12,0,103,2,3,8,,4,3,0.24532710280373832,0.026490066225165563,0.22737306843267108,0.11650485436893204,0.26741573033707866,0.3107476635514019,0.25694429914603073,0.5781633938884805,0.06542056074766356,4.068229011247662,0.3159509202453988,,-0.6969117696862668,30.24997639975154,-18.419791106669074,58.18255729077318,-0.6969117696862668,,-21.519229821231058,6.664462081128748,-0.06626653123699802,,,,,,,,283.6,2.3633333333333337,283.6,2.3633333333333337,,,,,,,,,,,,,,,,,,,"Gabriel Noriega","sa455932",527045
"Jordan Lennerton","DET",129,540,481,106,71,21,1,13,51,49,53,1,146,2,3,1,,0,2,0.2203742203742204,0.09814814814814815,0.27037037037037037,0.363013698630137,0.2987012987012987,0.3492723492723493,0.2916739584123335,0.647973647973648,0.1288981288981289,1.9552842109106607,0.28615384615384615,,-1.2254214582499117,50.443338525531296,-7.573602872850887,84.07958188864865,-1.2254214582499117,,-10.675200032718994,-6.920634920634919,-0.06672620108807759,,,,,,,,460.7999999999999,3.572093023255813,460.7999999999999,3.572093023255813,,,,,,,,,,,,,,,,,,,"Jordan Lennerton","sa455610",444952
"Russell Branyan","CLE",51,212,183,38,20,8,0,10,28,29,25,3,80,1,3,0,,1,0,0.20765027322404372,0.1179245283018868,0.37735849056603776,0.3125,0.3018867924528302,0.41530054644808745,0.3126022881297974,0.7171873389009176,0.20765027322404372,2.9954897025961005,0.2916666666666667,,0.03787318035028875,23.206577209596,0.429555771712622,98.09826293394796,0.03787318035028875,,-0.4052859846703351,-6.894767783656673,-0.06920053777204704,,,,,,,,226.9,4.449019607843137,226.9,4.449019607843137,,,,,,,,,,,,,,,,,,,"Russell Branyan","370",137140
"Jack Reinheimer","SEA",116,512,474,112,93,15,2,2,54,34,27,0,98,5,2,4,,21,11,0.23628691983122363,0.052734375,0.19140625,0.2755102040816326,0.28346456692913385,0.2890295358649789,0.2596744091257336,0.5724941027941128,0.052742616033755296,5.4437175239230555,0.2925531914893617,,-0.41897289431653917,35.26190170389245,-19.74675384420325,66.30469501504892,-0.41897289431653917,,-19.382222252435806,2.64373897707231,-0.0693019180881238,,,,,,,,331.99999999999994,2.862068965517241,331.99999999999994,2.862068965517241,,,,,,,,,,,,,,,,,,,"Jack Reinheimer","14938",595373
"Drew Maggi","PIT",112,428,380,84,67,13,2,2,43,28,33,0,86,7,3,5,,19,11,0.22105263157894736,0.07710280373831775,0.20093457943925233,0.38372093023255816,0.29314420803782504,0.28157894736842104,0.2641856936698264,0.5747231554062461,0.06052631578947368,5.579988208340368,0.27796610169491526,,-0.7511058582458645,30.957634100410644,-15.026163896825604,67.83646970339251,-0.7511058582458645,,-16.203637932008572,2.572604350382128,-0.0733654409169757,,,,,,,,283.59999999999997,2.532142857142857,283.59999999999997,2.532142857142857,,,,,,,,,,,,,,,,,,,"Drew Maggi","11381",543482
"Brandon Allen","NYM",102,408,366,81,52,15,3,11,50,45,37,1,100,2,3,0,,3,1,0.22131147540983606,0.09068627450980392,0.24509803921568626,0.37,0.29411764705882354,0.36885245901639346,0.29546446706504725,0.662970106075217,0.1475409836065574,4.786891054806379,0.2713178294573643,,-0.1163964788429439,39.29888458306022,-4.5361378068285445,90.34221459901792,-0.1163964788429439,,-4.539528349525706,-8.495590828924161,-0.07443983089803152,,,,,,,,371.49999999999994,3.6421568627450975,371.49999999999994,3.6421568627450975,,,,,,,,,,,,,,,,,,,"Brandon Allen","7436",450315
"Stefen Romero","SEA",117,458,429,104,70,19,3,12,54,51,17,1,98,7,4,1,,5,6,0.24242424242424243,0.03711790393013101,0.21397379912663755,0.17346938775510204,0.2800875273522976,0.38461538461538464,0.29251955671791446,0.6647029119676822,0.1421911421911422,4.53345085376743,0.2848297213622291,,-1.6130140346940607,43.08045930941778,-6.126502098839703,89.22266156994351,-1.6130140346940607,,-7.0386468862164495,-8.048500881834215,-0.07450283764445881,,,,,,,,403.09999999999997,3.445299145299145,403.09999999999997,3.445299145299145,,,,,,,,,,,,,,,,,,,"Stefen Romero","11746",552662
"Reid Brignac","MIA",92,303,274,59,41,12,2,4,27,26,22,1,72,1,2,4,,2,2,0.21532846715328466,0.07260726072607261,0.2376237623762376,0.3055555555555556,0.27424749163879597,0.3175182481751825,0.26494709777351994,0.5917657398139784,0.10218978102189782,3.724247102134334,0.275,,-0.5916571964044124,22.09321311008925,-10.460737341225201,66.49219495658465,-0.5916571964044124,,-11.988400904836187,2.11331569664903,-0.07662702221852151,,,,,,,,207.4,2.2543478260869567,207.4,2.2543478260869567,,,,,,,,,,,,,,,,,,,"Reid Brignac","8380",458582
"Joey Terdoslavich","ATL",145,553,510,125,84,26,2,13,62,56,38,2,135,2,3,0,,3,3,0.24509803921568626,0.06871609403254973,0.244122965641953,0.2814814814814815,0.298372513562387,0.3803921568627451,0.30041298481167555,0.678764670425132,0.13529411764705881,3.2736406014002473,0.30684931506849317,,-0.9911715532653034,55.364236060283005,-4.0494094828750535,89.6959980160525,-0.9911715532653034,,-7.387389275957976,-10.095679012345677,-0.08064340783078183,,,,,,,,516.3000000000001,3.560689655172414,516.3000000000001,3.560689655172414,,,,,,,,,,,,,,,,,,,"Joey Terdoslavich","10593",519345
"Tyler Austin","NYY",105,444,410,96,65,18,3,10,51,45,30,0,105,2,2,0,,3,1,0.23414634146341465,0.06756756756756757,0.23648648648648649,0.2857142857142857,0.2882882882882883,0.36585365853658536,0.2914860837899887,0.6541419468248737,0.1317073170731707,4.410030659100716,0.2895622895622896,,-0.14278921741060913,41.411656090583264,-6.291162392530976,84.23305477827881,-0.14278921741060913,,-7.837706082674129,-6.894179894179894,-0.08384335951900412,,,,,,,,389.79999999999984,3.712380952380951,389.79999999999984,3.712380952380951,,,,,,,,,,,,,,,,,,,"Tyler Austin","11850",592122
"Ramon Santiago","TOR",78,219,192,44,33,8,1,2,20,18,17,0,37,3,1,6,,1,1,0.22916666666666666,0.0776255707762557,0.1689497716894977,0.4594594594594595,0.3004694835680751,0.3125,0.27921378472601305,0.6129694835680751,0.08333333333333334,3.295736066850413,0.2727272727272727,,-0.37689200951717794,18.36468581891262,-5.164407081542375,74.667824013344,-0.37689200951717794,,-6.474928439933645,-1.1953262786596122,-0.08565296210761213,,,,,,,,161.19999999999996,2.066666666666666,161.19999999999996,2.066666666666666,,,,,,,,,,,,,,,,,,,"Ramon Santiago","1417",421124
"Chance Sisco","BAL",120,501,465,113,82,21,2,8,50,46,29,2,113,5,2,0,,1,2,0.24301075268817204,0.05788423153692615,0.22554890219560877,0.25663716814159293,0.2934131736526946,0.34838709677419355,0.28580341501560863,0.6418002704268881,0.1053763440860215,2.921094464256873,0.30346820809248554,,-0.9839471518062055,44.54444122740921,-9.28238773664537,78.64121108187804,-0.9839471518062055,,-12.746125300341129,-3.7958553791887137,-0.0857046282599434,,,,,,,,413.5999999999999,3.446666666666666,413.5999999999999,3.446666666666666,,,,,,,,,,,,,,,,,,,"Chance Sisco","15694",642082
"Kevin Frandsen","WSN",117,342,318,83,66,14,1,2,30,29,10,1,31,10,2,2,,2,2,0.2610062893081761,0.029239766081871343,0.09064327485380116,0.3225806451612903,0.3029411764705882,0.330188679245283,0.2835606580990254,0.6331298557158712,0.0691823899371069,2.939070894838852,0.28222996515679444,,-0.6746058033313602,29.819299256232803,-6.924763629409249,77.26846724442132,-0.6746058033313602,,-9.40124459188501,-1.7433862433862433,-0.08632483146209344,,,,,,,,270.09999999999997,2.3085470085470083,270.09999999999997,2.3085470085470083,,,,,,,,,,,,,,,,,,,"Kevin Frandsen","7528",435623
"Slade Heathcott","NYY",56,236,218,48,31,10,2,5,24,24,14,0,79,2,1,1,,7,4,0.22018348623853212,0.059322033898305086,0.3347457627118644,0.17721518987341772,0.2723404255319149,0.3532110091743119,0.27874573722798773,0.6255514347062268,0.1330275229357798,5.9479194052672195,0.31851851851851853,,-0.2854534771759063,19.7055361592657,-5.650016007434662,75.34337524232163,-0.2854534771759063,,-6.681609249396335,-1.6014109347442682,-0.09420574428031964,,,,,,,,188.29999999999998,3.3625,188.29999999999998,3.3625,,,,,,,,,,,,,,,,,,,"Slade Heathcott","10336",571761
"Lyle Overbay","MIL",118,337,305,73,47,17,1,8,31,49,29,1,72,1,2,0,,2,0,0.23934426229508196,0.08605341246290801,0.21364985163204747,0.4027777777777778,0.3056379821958457,0.380327868852459,0.30490805740867344,0.6859658510483047,0.14098360655737704,3.339827146913942,0.28634361233480177,,0.11345027294009924,34.90098179440342,-1.3058871894017627,89.45529950069678,0.11345027294009924,,-3.875478883913236,-7.1912110523221635,-0.09438543493322726,,,,,,,,327.79999999999995,2.777966101694915,327.79999999999995,2.777966101694915,,,,,,,,,,,,,,,,,,,"Lyle Overbay","1617",407489
"Andrés Blanco","PHI",79,259,238,54,41,10,0,3,24,16,14,2,47,2,1,4,,3,5,0.226890756302521,0.05405405405405406,0.18146718146718147,0.2978723404255319,0.27450980392156865,0.3067226890756303,0.2588991051606039,0.5812324929971989,0.07983193277310927,2.756320182438758,0.2698412698412698,,-1.4926778965163976,17.683553161799033,-10.143090953350942,61.934391947329104,-1.4926778965163976,,-12.559545364695545,3.8549382716049383,-0.09440557121200355,,,,,,,,161.29999999999995,2.0417721518987335,161.29999999999995,2.0417721518987335,,,,,,,,,,,,,,,,,,,"Andres Blanco","1907",433217
"Jake Cave","NYY",131,602,561,135,96,26,6,7,64,46,33,0,151,4,1,3,,10,8,0.24064171122994651,0.054817275747508304,0.25083056478405313,0.2185430463576159,0.2871452420701169,0.34581105169340465,0.28268492072571894,0.6329562937635216,0.10516934046345813,5.27139123550608,0.31683168316831684,,-1.5179522240068763,52.08460016360944,-12.59354561754997,78.0919722885437,-1.5179522240068763,,-16.014786563595116,-3.7880658436214,-0.09487219068437516,,,,,,,,478,3.648854961832061,478,3.648854961832061,,,,,,,,,,,,,,,,,,,"Jake Cave","14477",595909
"Zach Borenstein","ARI",113,473,435,107,66,23,4,14,53,53,29,1,116,3,5,1,,6,6,0.24597701149425288,0.0613107822410148,0.2452431289640592,0.25,0.2944915254237288,0.41379310344827586,0.3104963992305116,0.7082846288720046,0.16781609195402297,4.779768654211285,0.3,,-1.4280955966096371,51.01297131074917,0.1944281969810722,91.40938427411137,-1.4280955966096371,,-5.989279750628874,-9.21384479717813,-0.09631716788586009,,,,,,,,475.8999999999999,4.21150442477876,475.8999999999999,4.21150442477876,,,,,,,,,,,,,,,,,,,"Zach Borenstein","sa599252",605148
"Tommy Joseph","PHI",33,130,121,27,17,5,1,4,15,16,6,0,30,2,1,0,,0,1,0.2231404958677686,0.046153846153846156,0.23076923076923078,0.2,0.2692307692307692,0.38016528925619836,0.287119021324011,0.6493960584869676,0.15702479338842976,3.9903839910905377,0.26136363636363635,,-0.4713210582267493,11.689611784343318,-2.2774296634153557,81.21593615960396,-0.4713210582267493,,-3.2124223314014357,-1.6116990005878895,-0.09729470364364518,,,,,,,,109.2,3.309090909090909,109.2,3.309090909090909,,,,,,,,,,,,,,,,,,,"Tommy Joseph","10349",571830
"Justin Henry","BOS",101,387,351,84,66,14,3,1,34,26,29,1,58,2,2,3,,9,5,0.23931623931623933,0.07493540051679587,0.14987080103359174,0.5,0.2994791666666667,0.30484330484330485,0.2730650948482145,0.6043224715099715,0.06552706552706553,4.79055017201426,0.282312925170068,,-0.4472639188170433,30.627626362423715,-10.951181639750182,66.98919413192161,-0.4472639188170433,,-14.489636597056567,1.4219576719576719,-0.09798426173296831,,,,,,,,282.6,2.7980198019801983,282.6,2.7980198019801983,,,,,,,,,,,,,,,,,,,"Justin Henry","sa390269",518784
"Taylor Dugas","NYY",104,421,366,87,71,12,2,2,43,25,38,0,67,11,2,4,,7,6,0.23770491803278687,0.09026128266033254,0.15914489311163896,0.5671641791044776,0.3261390887290168,0.2978142076502732,0.2886547990840116,0.62395329637929,0.06010928961748635,4.233362783626157,0.2842809364548495,,-1.314814591780305,38.35225202974745,-6.879474504917183,82.25750304672214,-1.314814591780305,,-9.525326558455149,-4.640652557319224,-0.10113410024375424,,,,,,,,329.70000000000005,3.170192307692308,329.70000000000005,3.170192307692308,,,,,,,,,,,,,,,,,,,"Taylor Dugas","sa577007",605214
"Alex Dickerson","SDP",94,385,359,88,57,21,3,7,43,41,19,1,92,4,2,1,,4,4,0.24512534818941503,0.04935064935064935,0.23896103896103896,0.20652173913043478,0.2890625,0.3788300835654596,0.294780105741466,0.6678925835654597,0.13370473537604458,4.655305490684328,0.30916030534351147,,-1.0061060052830726,36.88142576402381,-4.4825046774153385,89.92350222258901,-1.0061060052830726,,-5.360848871680421,-7.243827160493827,-0.10363037034657241,,,,,,,,343,3.648936170212766,343,3.648936170212766,,,,,,,,,,,,,,,,,,,"Alex Dickerson","12649",543105
"Anthony Seratelli","NYM",107,395,352,78,59,10,3,6,43,33,36,0,93,3,1,3,,11,4,0.2215909090909091,0.09113924050632911,0.23544303797468355,0.3870967741935484,0.29846938775510207,0.3181818181818182,0.2809354383118299,0.6166512059369202,0.09659090909090909,5.743887801287661,0.28346456692913385,,0.32225658232346177,33.645100329192076,-8.793217915920819,80.41510820208839,0.32225658232346177,,-8.361556076789553,-4.54864785420341,-0.1039235923965858,,,,,,,,313.99999999999994,2.934579439252336,313.99999999999994,2.934579439252336,,,,,,,,,,,,,,,,,,,"Anthony Seratelli","sa378376",520548
"Cody Decker","SDP",126,464,420,85,47,19,3,16,55,52,38,0,160,3,3,0,,1,2,0.20238095238095238,0.08189655172413793,0.3448275862068966,0.2375,0.27155172413793105,0.3761904761904762,0.28815646186984817,0.6477422003284072,0.1738095238095238,3.8239919807688016,0.2793522267206478,,-0.885916979983449,42.092120167282246,-7.759473923179485,85.39783030289104,-0.885916979983449,,-8.491413032221772,-6.524397413286302,-0.10566865635813183,,,,,,,,397.89999999999986,3.157936507936507,397.89999999999986,3.157936507936507,,,,,,,,,,,,,,,,,,,"Cody Decker","9665",572804
"Delino DeShields","TEX",118,539,470,107,81,15,3,8,64,43,43,0,133,9,4,13,,37,17,0.2276595744680851,0.07977736549165121,0.24675324675324675,0.3233082706766917,0.30228136882129275,0.32340425531914896,0.2843760996490377,0.6256856241404417,0.09574468085106386,6.738713681597141,0.2972972972972973,,0.4884963578078896,47.33301402168738,-10.576488596327431,75.65987704157146,0.4884963578078896,,-13.932156960187308,-4.019547325102881,-0.10921152288244032,,,,,,,,443.69999999999993,3.7601694915254233,443.69999999999993,3.7601694915254233,,,,,,,,,,,,,,,,,,,"Delino DeShields","275",113291
"Teoscar Hernández","HOU",125,573,524,112,73,23,4,12,63,54,33,0,189,4,4,8,,19,10,0.21374045801526717,0.05759162303664921,0.3298429319371728,0.1746031746031746,0.26371681415929205,0.3416030534351145,0.26970408743461677,0.6053198675944065,0.12786259541984732,6.203276718909638,0.3058103975535168,,-0.3853557542897761,43.87080653403249,-17.691614616473057,71.81032136287783,-0.3853557542897761,,-18.140252465658673,-0.8946208112874778,-0.11070164563294843,,,,,,,,424.59999999999997,3.3968,424.59999999999997,3.3968,,,,,,,,,,,,,,,,,,,"Teoscar Hernandez","13066",606192
"Lou Marson","CIN",29,99,84,18,14,3,1,0,11,4,14,0,21,0,0,1,,2,1,0.21428571428571427,0.1414141414141414,0.21212121212121213,0.6666666666666666,0.32653061224489793,0.27380952380952384,0.281792092080019,0.6003401360544218,0.05952380952380956,5.694868650847363,0.2857142857142857,,-0.08263222593814135,8.497615179429152,-2.138824076940915,75.19179853347327,-0.08263222593814135,,-2.8395426036693663,-1.1812169312169314,-0.11215611903153025,,,,,,,,74.19999999999999,2.558620689655172,74.19999999999999,2.558620689655172,,,,,,,,,,,,,,,,,,,"Lou Marson","7610",453974
"John McDonald","LAA",75,92,80,15,13,2,0,0,7,6,6,0,18,2,1,3,,1,1,0.1875,0.06521739130434782,0.1956521739130435,0.3333333333333333,0.25842696629213485,0.2125,0.22174674004651188,0.4709269662921348,0.024999999999999994,2.9923289196562575,0.23809523809523808,,-0.25623949035070837,3.6599002800930336,-6.224467513705413,40.62211245658986,-0.25623949035070837,,-6.260865643010284,2.3380364491475603,-0.11283208518984991,,,,,,,,32.9,0.43866666666666665,32.9,0.43866666666666665,,,,,,,,,,,,,,,,,,,"John McDonald","395",150348
"Sean Kazmar Jr.","ATL",84,306,284,65,44,16,2,3,30,26,14,0,48,2,3,3,,3,3,0.22887323943661972,0.0457516339869281,0.1568627450980392,0.2916666666666667,0.26732673267326734,0.33098591549295775,0.26574315961831474,0.5983126481662251,0.10211267605633803,4.360857898328637,0.2627118644067797,,-0.7574072973802686,22.498787746249985,-10.377479046166588,66.00748797843383,-0.7574072973802686,,-12.43348186142062,2.124338624338624,-0.11427223132545881,,,,,,,,211.29999999999998,2.5154761904761904,211.29999999999998,2.5154761904761904,,,,,,,,,,,,,,,,,,,"Sean Kazmar Jr.","7349",453527
"Jaff Decker","PIT",107,422,369,79,50,20,2,7,48,39,44,2,103,3,3,3,,5,5,0.2140921409214092,0.10426540284360189,0.24407582938388625,0.42718446601941745,0.30071599045346065,0.33604336043360433,0.28673099256533796,0.636759350887065,0.12195121951219512,4.13109884715568,0.2748091603053435,,-1.24349353951402,37.820688377628,-7.518476937404003,83.24077405765013,-1.24349353951402,,-9.182361529879373,-4.651675485008818,-0.11556431738132139,,,,,,,,345.09999999999997,3.225233644859813,345.09999999999997,3.225233644859813,,,,,,,,,,,,,,,,,,,"Jaff Decker","7945",543094
"Jeff Baker","MIA",82,203,188,48,32,10,2,4,22,25,12,1,48,1,2,0,,1,0,0.2553191489361702,0.059113300492610835,0.23645320197044334,0.25,0.30049261083743845,0.39361702127659576,0.3043127419924972,0.6941096321140342,0.13829787234042556,4.6634352048063725,0.3188405797101449,,0.034102789126336575,20.9307525153456,-0.879319899231406,93.38917101624885,0.034102789126336575,,-1.4723104848342259,-5.729423868312757,-0.11558785600046345,,,,,,,,199.69999999999996,2.4353658536585363,199.69999999999996,2.4353658536585363,,,,,,,,,,,,,,,,,,,"Jeff Baker","2073",425557
"Elliot Johnson","CLE",102,323,294,62,45,10,3,4,31,25,22,0,88,1,2,4,,11,3,0.2108843537414966,0.06811145510835913,0.2724458204334365,0.25,0.2664576802507837,0.30612244897959184,0.25792810199402716,0.5725801292303756,0.09523809523809523,6.416787481382549,0.28431372549019607,,0.8124295966699719,21.812686426463284,-12.890039632198654,59.94890873302613,0.8124295966699719,,-13.407265340079807,2.1868018812463257,-0.11620557388311342,,,,,,,,218.39999999999998,2.1411764705882352,218.39999999999998,2.1411764705882352,,,,,,,,,,,,,,,,,,,"Elliot Johnson","4751",471107
"Kyle Roller","NYY",124,511,461,98,55,20,2,21,60,63,38,1,180,10,2,0,,1,0,0.21258134490238612,0.07436399217221135,0.3522504892367906,0.2111111111111111,0.2857142857142857,0.40130151843817785,0.30495280938989977,0.6870158041524635,0.18872017353579174,3.4181730039853213,0.29389312977099236,,-0.18457990186288953,52.93861255146205,-1.9626042162662762,93.62957114455563,-0.18457990186288953,,-3.7627664054407197,-13.387860082304526,-0.11795982714056596,,,,,,,,500.49999999999994,4.036290322580645,500.49999999999994,4.036290322580645,,,,,,,,,,,,,,,,,,,"Kyle Roller","sa503716",572393
"Rafael Furcal","MIA",40,166,153,36,28,5,2,1,20,12,11,0,24,1,0,1,,5,1,0.23529411764705882,0.06626506024096386,0.14457831325301204,0.4583333333333333,0.2909090909090909,0.3137254901960784,0.2732476487304225,0.6046345811051693,0.0784313725490196,6.78017781930088,0.2734375,,0.4721230883151293,13.160673673333834,-4.674163867650318,72.16363066656353,0.4721230883151293,,-4.714836346847701,-1.3900646678424455,-0.11819064326960547,,,,,,,,126.60000000000001,3.165,126.60000000000001,3.165,,,,,,,,,,,,,,,,,,,"Rafael Furcal","88",279577
"Jerry Sands","CLE",100,393,353,74,47,14,1,12,43,43,35,0,123,2,3,0,,1,1,0.2096317280453258,0.089058524173028,0.31297709923664124,0.2845528455284553,0.2824427480916031,0.35694050991501414,0.2867439005514441,0.6393832580066172,0.14730878186968835,2.9315148932534987,0.28054298642533937,,-0.49377413745969534,35.225527046708734,-6.997913637669417,80.05536451125124,-0.49377413745969534,,-9.109503671997818,-4.332010582010581,-0.11828594851643548,,,,,,,,330.59999999999997,3.3059999999999996,330.59999999999997,3.3059999999999996,,,,,,,,,,,,,,,,,,,"Jerry Sands","4016",543742
"Matt Pagnozzi","ARI",80,285,260,54,40,8,0,6,27,24,16,0,75,5,1,3,,0,0,0.2076923076923077,0.056140350877192984,0.2631578947368421,0.21333333333333335,0.26595744680851063,0.3076923076923077,0.2601926210501515,0.5736497545008183,0.1,1.5686383928571426,0.26666666666666666,,-0.22999386466108263,19.74148107934327,-10.878571325358442,57.038817139443644,-0.22999386466108263,,-13.973997579100049,4.23589065255732,-0.12139741933550985,,,,,,,,185,2.3125,185,2.3125,,,,,,,,,,,,,,,,,,,"Matt Pagnozzi","6046",431166
"Alex Yarbrough","LAA",143,627,597,146,106,30,4,6,57,60,21,1,140,1,7,1,,7,5,0.24455611390284757,0.03349282296650718,0.22328548644338117,0.15,0.268370607028754,0.33835845896147404,0.2669453593254089,0.606729065990228,0.09380234505862647,4.326241229478477,0.3056768558951965,,-0.9641460527200252,46.678583143819615,-20.685532146524146,72.15981348393349,-0.9641460527200252,,-20.151411532116562,-0.6962081128747797,-0.12320561179597767,,,,,,,,452.09999999999997,3.1615384615384614,452.09999999999997,3.1615384615384614,,,,,,,,,,,,,,,,,,,"Alex Yarbrough","sa621579",608730
"Danny Dorn","ARI",107,427,389,91,55,19,3,14,45,50,29,1,106,3,5,1,,3,2,0.23393316195372751,0.06791569086651054,0.24824355971896955,0.27358490566037735,0.2887323943661972,0.40616966580976865,0.3051102761661305,0.6949020601759659,0.17223650385604114,4.14638526836235,0.28102189781021897,,-0.47837619157508016,44.28794462796789,-1.5884145889009909,87.72926100949009,-0.47837619157508016,,-6.359912289730049,-7.7067901234567895,-0.12447518389061196,,,,,,,,420.49999999999994,3.929906542056074,420.49999999999994,3.929906542056074,,,,,,,,,,,,,,,,,,,"Danny Dorn","1050",457760
"Brady Shoemaker","MIA",128,530,475,111,77,24,1,9,58,52,43,0,136,7,4,1,,2,2,0.2336842105263158,0.08113207547169811,0.25660377358490566,0.3161764705882353,0.30434782608695654,0.3452631578947368,0.2929709614562628,0.6496109839816934,0.11157894736842103,2.922262018739236,0.30538922155688625,,-0.8329622347373515,50.03642657833936,-6.90612701636909,85.63978432108587,-0.8329622347373515,,-9.376328111236752,-7.842151675485009,-0.1280262641841764,,,,,,,,454.6999999999999,3.552343749999999,454.6999999999999,3.552343749999999,,,,,,,,,,,,,,,,,,,"Brady Shoemaker","sa502052",573158
"Courtney Hawkins","CHW",119,495,449,83,43,16,2,22,55,62,36,1,210,5,4,1,,8,4,0.18485523385300667,0.07272727272727272,0.42424242424242425,0.17142857142857143,0.25101214574898784,0.37639198218262804,0.2775732616140199,0.6274041279316158,0.19153674832962136,5.089778099868818,0.27601809954751133,,-0.22118755825795233,40.886396683805806,-12.29579959804453,74.14507964745707,-0.22118755825795233,,-14.288845714361221,-2.4563492063492056,-0.12869853786012975,,,,,,,,407.4,3.4235294117647057,407.4,3.4235294117647057,,,,,,,,,,,,,,,,,,,"Courtney Hawkins","sa657904",621445
"Ben Paulsen","COL",135,535,494,124,75,27,5,17,55,65,36,3,150,3,2,0,,2,4,0.25101214574898784,0.06728971962616823,0.2803738317757009,0.24,0.30467289719626167,0.4291497975708502,0.32121386597479196,0.7338226947671118,0.17813765182186236,3.616179437580727,0.3252279635258359,,-1.5267585304100066,62.09734675767094,4.61759926112562,86.62374739410599,-1.5267585304100066,,-9.55980755026259,-7.828777189888301,-0.1300749807616599,,,,,,,,576.5999999999999,4.271111111111111,576.5999999999999,4.271111111111111,,,,,,,,,,,,,,,,,,,"Ben Paulsen","9741",572019
"Mitch Maier","KCR",36,133,119,26,19,4,1,2,14,10,13,0,39,0,1,0,,1,0,0.2184873949579832,0.09774436090225563,0.2932330827067669,0.3333333333333333,0.2932330827067669,0.31932773109243695,0.27772231568071176,0.6125608137992038,0.10084033613445376,4.795945848756875,0.3037974683544304,,0.07934748381376266,11.000842452679358,-3.2885153361814394,72.68058585594937,0.07934748381376266,,-3.9145455205099955,-1.4660493827160492,-0.13125679661009892,,,,,,,,103.60000000000001,2.877777777777778,103.60000000000001,2.877777777777778,,,,,,,,,,,,,,,,,,,"Mitch Maier","5588",430574
"Blake Lalli","ARI",100,342,321,75,54,15,1,5,33,30,17,1,76,1,2,1,,0,1,0.2336448598130841,0.049707602339181284,0.2222222222222222,0.2236842105263158,0.2727272727272727,0.3333333333333333,0.26895703305216395,0.606060606060606,0.0996884735202492,2.5603448450856536,0.2892561983471074,,-0.6447590545285493,25.988714759638746,-10.755348126003307,63.027190617693975,-0.6447590545285493,,-14.838626047428486,3.2830687830687832,-0.13139866003265743,,,,,,,,246.39999999999998,2.464,246.39999999999998,2.464,,,,,,,,,,,,,,,,,,,"Blake Lalli","9246",503351
"Munenori Kawasaki","TOR",110,352,313,74,61,10,3,0,35,26,24,0,56,3,2,10,,5,2,0.2364217252396166,0.06818181818181818,0.1590909090909091,0.42857142857142855,0.2953216374269006,0.28753993610223644,0.26556950110441063,0.582861573529137,0.051118210862619834,5.175260221171107,0.2857142857142857,,-0.08591696806252003,25.834075278699856,-11.98437541061594,65.14741510582486,-0.08591696806252003,,-13.570920373215813,1.2933568489124045,-0.13208930783371714,,,,,,,,232.39999999999998,2.1127272727272723,232.39999999999998,2.1127272727272723,,,,,,,,,,,,,,,,,,,"Munenori Kawasaki","13047",493128
"Tyler Naquin","CLE",90,408,379,86,64,14,3,5,42,32,22,0,119,4,2,1,,9,5,0.22691292875989447,0.05392156862745098,0.2916666666666667,0.18487394957983194,0.2751842751842752,0.31926121372031663,0.26695268745797274,0.5944454889045918,0.09234828496042216,5.503552378953282,0.3151750972762646,,-0.42464157147333026,30.37687356515934,-13.458148824729426,66.24588600353563,-0.42464157147333026,,-15.562354991425229,1.4991181657848323,-0.13472244772375372,,,,,,,,288.4,3.204444444444444,288.4,3.204444444444444,,,,,,,,,,,,,,,,,,,"Tyler Naquin","13359",571980
"Travis Ishikawa","SFG",107,326,293,67,46,14,1,6,31,35,25,2,85,5,2,1,,0,0,0.22866894197952217,0.07668711656441718,0.2607361963190184,0.29411764705882354,0.29846153846153844,0.3447098976109215,0.2875539809926745,0.64317143607246,0.11604095563139935,2.0847176079734218,0.29901960784313725,,-0.2790089505724609,29.422703455512824,-5.602338944251237,85.60719411551098,-0.2790089505724609,,-5.545910999334005,-5.593474426807759,-0.13890086189153195,,,,,,,,274.9,2.569158878504673,274.9,2.569158878504673,,,,,,,,,,,,,,,,,,,"Travis Ishikawa","4793",448170
"Mitch Haniger","ARI",84,345,315,75,49,16,2,8,40,35,22,1,80,4,3,1,,3,1,0.23809523809523808,0.06376811594202898,0.2318840579710145,0.275,0.2936046511627907,0.37777777777777777,0.2971553524451075,0.6713824289405685,0.13968253968253969,4.663817429304996,0.29130434782608694,,-0.05607021925970912,33.67809048441288,-3.3882887423313015,82.29397861729531,-0.05607021925970912,,-6.913040274688488,-4.802910052910053,-0.1390260195330102,,,,,,,,318.9,3.7964285714285713,318.9,3.7964285714285713,,,,,,,,,,,,,,,,,,,"Mitch Haniger","14274",571745
"Jake Lemmerman","SDP",98,371,326,65,43,16,1,5,39,29,35,1,109,5,2,3,,5,1,0.19938650306748465,0.09433962264150944,0.29380053908355797,0.3211009174311927,0.28532608695652173,0.3006134969325153,0.2676266266149786,0.5859395838890371,0.10122699386503067,4.670919399578306,0.2803738317757009,,0.31376665690913796,27.813874625439077,-12.045912890856831,71.37061194244873,0.31376665690913796,,-11.609030306966721,-0.9104938271604937,-0.14079766864316062,,,,,,,,263.8,2.6918367346938776,263.8,2.6918367346938776,,,,,,,,,,,,,,,,,,,"Jake Lemmerman","sa526398",594897
"Jeff Bianchi","BOS",97,321,299,69,52,13,1,3,28,28,16,0,71,1,2,3,,6,3,0.23076923076923078,0.04984423676012461,0.22118380062305296,0.22535211267605634,0.27044025157232704,0.3110367892976589,0.26046038404950556,0.5814770408699859,0.0802675585284281,4.313308746320658,0.2907488986784141,,-0.19134080945514143,22.30106437677836,-12.186784121148833,58.19415554339965,-0.19134080945514143,,-14.942136102064126,3.538359788359789,-0.14321407962628857,,,,,,,,212.99999999999994,2.195876288659793,212.99999999999994,2.195876288659793,,,,,,,,,,,,,,,,,,,"Jeff Bianchi","9958",488703
"Caleb Gindl","TOR",131,491,448,100,64,23,3,10,48,46,37,2,126,2,2,2,,3,2,0.22321428571428573,0.07535641547861507,0.25661914460285135,0.29365079365079366,0.2842535787321063,0.3549107142857143,0.28416568016369487,0.6391642930178206,0.13169642857142858,3.832044552935458,0.28662420382165604,,-0.5349320599343628,43.038588872172,-9.713852288208837,78.12304898091712,-0.5349320599343628,,-12.341989874614338,-4.412257495590828,-0.14349394009262428,,,,,,,,406.8999999999999,3.106106870229007,406.8999999999999,3.106106870229007,,,,,,,,,,,,,,,,,,,"Caleb Gindl","5002",518725
"Mike McCoy","BOS",99,360,315,67,50,14,1,2,35,24,34,1,69,2,2,7,,12,5,0.2126984126984127,0.09444444444444444,0.19166666666666668,0.4927536231884058,0.29178470254957506,0.28253968253968254,0.26316134580834344,0.5743243850892576,0.06984126984126984,5.069720690969761,0.26422764227642276,,0.19421039358712733,25.756299689446813,-12.92166124280798,60.07877338782765,0.19421039358712733,,-15.602977396652799,2.968253968253968,-0.14366066818819867,,,,,,,,242.09999999999997,2.4454545454545453,242.09999999999997,2.4454545454545453,,,,,,,,,,,,,,,,,,,"Mike McCoy","4583",453454
"Koyie Hill","PHI",60,213,196,39,26,9,1,3,19,15,14,1,58,0,1,2,,0,1,0.1989795918367347,0.06572769953051644,0.27230046948356806,0.2413793103448276,0.25118483412322273,0.3010204081632653,0.2463155107838767,0.552205242286488,0.10204081632653061,2.939692439315782,0.2647058823529412,,-0.5241065353620797,12.487131411447594,-10.397328806803158,53.336523338533624,-0.5241065353620797,,-11.681143441232448,3.9131393298059964,-0.14448141388328,,,,,,,,121.59999999999998,2.0266666666666664,121.59999999999998,2.0266666666666664,,,,,,,,,,,,,,,,,,,"Koyie Hill","1829",425542
"Brett Hayes","CLE",56,181,172,36,22,8,0,6,17,15,6,1,54,1,1,1,,1,0,0.20930232558139536,0.03314917127071823,0.2983425414364641,0.1111111111111111,0.2388888888888889,0.36046511627906974,0.26176273156810737,0.5993540051679587,0.15116279069767438,3.0207193060735373,0.26548672566371684,,0.09442904870957136,12.75553734618851,-6.690881900306262,62.62455243602783,0.09442904870957136,,-7.34155381173215,0.32524985302763065,-0.1450455192645287,,,,,,,,132.1,2.3589285714285713,132.1,2.3589285714285713,,,,,,,,,,,,,,,,,,,"Brett Hayes","4293",451109
"Jeremy Hazelbaker","LAD",120,476,440,99,71,13,5,10,46,45,26,1,146,2,2,6,,24,8,0.225,0.0546218487394958,0.3067226890756303,0.1780821917808219,0.2702127659574468,0.34545454545454546,0.27330040957119417,0.6156673114119923,0.12045454545454545,6.895168771918707,0.3111888111888112,,1.414011510554701,37.75709715502407,-13.383762299846152,75.80583880979748,1.414011510554701,,-11.51334410656173,-4.246913580246914,-0.14746227873083623,,,,,,,,381.79999999999995,3.181666666666666,381.79999999999995,3.181666666666666,,,,,,,,,,,,,,,,,,,"Jeremy Hazelbaker","9399",571757
"Scott Hairston","WSN",81,176,162,37,20,9,1,7,20,26,9,0,41,2,3,0,,2,1,0.22839506172839505,0.05113636363636364,0.23295454545454544,0.21951219512195122,0.2727272727272727,0.42592592592592593,0.3045730831270868,0.6986531986531986,0.19753086419753088,4.70662955658114,0.2564102564102564,,-0.09394339960999787,18.182001910582805,-0.7272234340750928,91.62541996673444,-0.09394339960999787,,-1.7484476173383499,-4.940035273368607,-0.14898313821718387,,,,,,,,176.79999999999998,2.182716049382716,176.79999999999998,2.182716049382716,,,,,,,,,,,,,,,,,,,"Scott Hairston","1926",430668
"Sean Halton","MIL",129,474,437,107,70,25,2,10,50,54,29,2,115,4,4,0,,2,1,0.2448512585812357,0.06118143459915612,0.24261603375527427,0.25217391304347825,0.29535864978902954,0.37986270022883295,0.2978751400517205,0.6752213500178625,0.13501144164759726,3.5423803777386498,0.3069620253164557,,-0.35787078528665006,46.53244203696711,-4.393539857168359,84.64998731712609,-0.35787078528665006,,-8.525184804389863,-7.224867724867725,-0.15298681598688812,,,,,,,,440.0999999999999,3.4116279069767437,440.0999999999999,3.4116279069767437,,,,,,,,,,,,,,,,,,,"Sean Halton","9853",488936
"Luke Carlin","OAK",63,233,206,42,30,9,0,3,23,18,23,0,47,1,1,2,,1,1,0.20388349514563106,0.09871244635193133,0.2017167381974249,0.48936170212765956,0.2857142857142857,0.2912621359223301,0.2652544128946412,0.5769764216366158,0.08737864077669902,2.379146965429941,0.2484076433121019,,-0.3806624007411301,17.04408890795581,-7.989146917642426,70.22106418299951,-0.3806624007411301,,-8.007394615610462,-0.7194297472075251,-0.15323771859177393,,,,,,,,154.6,2.4539682539682537,154.6,2.4539682539682537,,,,,,,,,,,,,,,,,,,"Luke Carlin","4666",450192
"Kyle Waldrop","CIN",136,563,530,135,92,26,4,13,66,58,26,1,138,2,4,1,,13,7,0.25471698113207547,0.046181172291296625,0.24511545293072823,0.18840579710144928,0.2900355871886121,0.39245283018867927,0.3000810113395174,0.6824884173772914,0.1377358490566038,5.559797110327105,0.3185378590078329,,-0.48810546030290425,56.222050179331774,-4.265983167500028,87.68788828989899,-0.48810546030290425,,-8.269064257549847,-10.205908289241622,-0.15622409785709734,,,,,,,,535.5,3.9375,535.5,3.9375,,,,,,,,,,,,,,,,,,,"Kyle Waldrop","11402",592835
"Steven Lerud","WSN",60,203,179,37,26,8,1,2,21,16,18,1,59,4,0,2,,1,0,0.20670391061452514,0.08866995073891626,0.29064039408866993,0.3050847457627119,0.2935323383084577,0.29608938547486036,0.26976990193128586,0.5896217237833181,0.08938547486033521,4.39507267111365,0.2966101694915254,,0.022791615454480052,15.552609503812066,-6.257462910764941,67.84579308659461,0.022791615454480052,,-7.304205381001436,-0.27057613168724304,-0.15650677123114826,,,,,,,,143.79999999999998,2.3966666666666665,143.79999999999998,2.3966666666666665,,,,,,,,,,,,,,,,,,,"Steven Lerud","113",452722
"Nick Noonan","NYY",118,440,410,89,68,16,1,4,42,33,24,2,116,2,2,2,,4,3,0.21707317073170732,0.05454545454545454,0.2636363636363636,0.20689655172413793,0.2625570776255708,0.29024390243902437,0.24755129436834142,0.5528009800645952,0.07317073170731705,3.5939821453127383,0.2910958904109589,,-0.6780598135665059,26.212049070360564,-21.06101429128418,53.57720122378451,-0.6780598135665059,,-23.130182140891947,7.850088183421517,-0.1577778247622612,,,,,,,,255.29999999999998,2.163559322033898,255.29999999999998,2.163559322033898,,,,,,,,,,,,,,,,,,,"Nick Noonan","6880",519082
"Ryan Doumit","ATL",110,335,307,74,48,16,1,9,31,40,23,2,68,2,3,0,,1,0,0.24104234527687296,0.06865671641791045,0.20298507462686566,0.3382352941176471,0.2955223880597015,0.38762214983713356,0.300568724358762,0.683144537896835,0.1465798045602606,2.836308147390359,0.27896995708154504,,-0.06769777392037213,33.57892826834406,-2.413063154726373,89.80240864269497,-0.06769777392037213,,-3.9024259563843624,-7.692680776014109,-0.1589905079920209,,,,,,,,320.99999999999994,2.9181818181818175,320.99999999999994,2.9181818181818175,,,,,,,,,,,,,,,,,,,"Ryan Doumit","2113",425491
"Kyle Skipworth","CIN",89,322,298,58,33,10,2,13,35,36,18,1,121,5,1,0,,1,2,0.19463087248322147,0.055900621118012424,0.37577639751552794,0.1487603305785124,0.2515527950310559,0.3724832214765101,0.27602851669365003,0.624036016507566,0.1778523489932886,3.9237383433837287,0.2727272727272727,,-0.7614940695930272,26.21531072672091,-8.37997655157365,71.25377713789041,-0.7614940695930272,,-11.151811922727079,-0.0843621399176957,-0.1628052922030122,,,,,,,,254.69999999999996,2.861797752808988,254.69999999999996,2.861797752808988,,,,,,,,,,,,,,,,,,,"Kyle Skipworth","5298",543788
"Jason Bartlett","MIN",57,225,199,43,32,9,1,1,25,16,20,0,45,1,2,3,,5,2,0.21608040201005024,0.08888888888888889,0.2,0.4444444444444444,0.2882882882882883,0.2864321608040201,0.26284947883975396,0.5747204490923083,0.07035175879396988,5.286529066430257,0.2709677419354839,,0.04604672477580607,16.043868982540726,-8.129856600118519,63.070687762535414,0.04604672477580607,,-9.08724103162037,0.48015873015873023,-0.16770832192152807,,,,,,,,149.9,2.6298245614035087,149.9,2.6298245614035087,,,,,,,,,,,,,,,,,,,"Jason Bartlett","8219",430583
"Jesús Aguilar","CLE",136,555,503,117,78,24,0,15,61,64,42,2,150,5,5,0,,0,0,0.23260437375745527,0.07567567567567568,0.2702702702702703,0.28,0.2954954954954955,0.3697813121272366,0.29572900283616876,0.665276807622732,0.13717693836978131,1.51438492063492,0.29737609329446063,,-0.4637581205461174,53.57064600510029,-6.05787709879251,86.32479207511602,-0.4637581205461174,,-8.80633705842802,-10.196208112874778,-0.1692666743780219,,,,,,,,503.79999999999995,3.704411764705882,503.79999999999995,3.704411764705882,,,,,,,,,,,,,,,,,,,"Jesus Aguilar","11342",542583
"Brandon Snyder","BOS",67,242,224,51,32,12,0,7,24,24,12,0,74,4,2,0,,1,0,0.22767857142857142,0.049586776859504134,0.30578512396694213,0.16216216216216217,0.2768595041322314,0.375,0.28937409633447314,0.6518595041322315,0.14732142857142858,2.7008827566177214,0.30344827586206896,,0.019021224230527878,22.179218952084007,-3.820965896820601,78.3689314144778,0.019021224230527878,,-5.73493751836377,-3.4459141681363903,-0.17198368963910377,,,,,,,,212.09999999999997,3.1656716417910444,212.09999999999997,3.1656716417910444,,,,,,,,,,,,,,,,,,,"Brandon Snyder","9856",474319
"Travis Taijeron","NYM",112,443,397,80,43,21,2,14,52,52,36,0,170,8,2,0,,1,2,0.20151133501259447,0.08126410835214447,0.3837471783295711,0.21176470588235294,0.2799097065462754,0.3702770780856423,0.29126356404199016,0.6501867846319177,0.16876574307304784,3.649399018043624,0.30697674418604654,,-0.8821465887594968,41.24278158883651,-6.352598113910359,87.47190496019668,-0.8821465887594968,,-7.112044629844901,-7.8831569664903,-0.17316930644102907,,,,,,,,383.19999999999993,3.421428571428571,383.19999999999993,3.421428571428571,,,,,,,,,,,,,,,,,,,"Travis Taijeron","11935",607369
"Mitch Nay","TOR",118,496,467,110,79,25,1,5,46,45,26,0,100,1,2,0,,4,2,0.23554603854389722,0.05241935483870968,0.20161290322580644,0.26,0.2762096774193548,0.32548179871520344,0.269060242560602,0.6016914761345582,0.08993576017130622,3.433710369462689,0.28846153846153844,,-0.3537840130738914,37.73049809488618,-15.559136967331536,67.58310810188323,-0.3537840130738914,,-18.027442245435335,0.8224573780129336,-0.17568150988988573,,,,,,,,357.2,3.0271186440677966,357.2,3.0271186440677966,,,,,,,,,,,,,,,,,,,"Mitch Nay","sa657873",608356
"Jake Hager","TBR",123,534,498,112,88,19,3,2,45,32,25,1,123,2,4,5,,6,6,0.2248995983935743,0.04681647940074907,0.2303370786516854,0.2032520325203252,0.2627599243856333,0.28714859437751006,0.2461895870439934,0.5499085187631434,0.06224899598393577,4.15752942008414,0.2917771883289125,,-1.492192247416824,31.254192510604305,-26.118116205573635,56.05341003108324,-1.492192247416824,,-27.28744822695534,8.886243386243386,-0.17576955031376318,,,,,,,,295.7999999999999,2.404878048780487,295.7999999999999,2.404878048780487,,,,,,,,,,,,,,,,,,,"Jake Hager","12198",606993
"Colin Walsh","OAK",97,410,364,76,56,13,2,5,38,29,39,1,101,3,3,1,,5,2,0.2087912087912088,0.0951219512195122,0.24634146341463414,0.38613861386138615,0.2885085574572127,0.2967032967032967,0.26693370719166365,0.5852118541605094,0.0879120879120879,4.210971854969843,0.2720306513409962,,-0.1198504890780896,30.51981131874941,-13.530088631874102,71.39280531848915,-0.1198504890780896,,-13.012213678304258,-1.493533215755438,-0.17635940540935674,,,,,,,,287.5999999999999,2.9649484536082467,287.5999999999999,2.9649484536082467,,,,,,,,,,,,,,,,,,,"Colin Walsh","10961",595023
"Kennys Vargas","MIN",123,521,475,114,74,22,1,17,57,65,37,2,136,4,5,0,,0,1,0.24,0.0710172744721689,0.26103646833013433,0.27205882352941174,0.29750479846449135,0.39789473684210525,0.30663398338880155,0.6953995353065966,0.15789473684210525,2.07965664027408,0.2966360856269113,,-0.8031154859345406,54.64637567880082,-1.3292288926012528,93.62167883546286,-0.8031154859345406,,-4.455844967072056,-13.571575543797765,-0.17962775252099006,,,,,,,,512.9000000000001,4.169918699186993,512.9000000000001,4.169918699186993,,,,,,,,,,,,,,,,,,,"Kennys Vargas","12101",573627
"Allan Dykstra","TBR",109,423,357,69,44,13,1,11,48,41,57,1,151,6,3,0,,1,0,0.19327731092436976,0.1347517730496454,0.35697399527186763,0.37748344370860926,0.3120567375886525,0.3277310924369748,0.29375263751965563,0.6397878300256272,0.13445378151260504,3.1155028378071306,0.29292929292929293,,-0.19966146675869823,40.188330690583555,-5.258273404815826,89.24091198980445,-0.19966146675869823,,-5.202186040838841,-9.77116402116402,-0.18279203369126706,,,,,,,,367.09999999999997,3.3678899082568803,367.09999999999997,3.3678899082568803,,,,,,,,,,,,,,,,,,,"Allan Dykstra","9113",488852
"Ali Solis","LAD",72,253,242,50,36,10,1,3,21,22,6,0,77,2,1,2,,1,1,0.2066115702479339,0.023715415019762844,0.30434782608695654,0.07792207792207792,0.23107569721115537,0.29338842975206614,0.23323556104029317,0.5244641269632215,0.08677685950413225,3.56409983502315,0.2883435582822086,,-0.34295848850160837,12.29405520780705,-14.887956225138678,48.431124305564396,-0.34295848850160837,,-14.988328808744027,5.648001175778953,-0.18406845899895552,,,,,,,,124.00000000000001,1.7222222222222223,124.00000000000001,1.7222222222222223,,,,,,,,,,,,,,,,,,,"Ali Solis","8848",455378
"Juan Ciriaco","SFG",63,186,171,40,30,6,1,3,19,17,10,0,31,1,2,2,,7,1,0.23391812865497075,0.053763440860215055,0.16666666666666666,0.3225806451612903,0.27717391304347827,0.3333333333333333,0.27227218611084897,0.6105072463768115,0.09941520467836257,5.998572717548072,0.26618705035971224,,0.8683527030516416,14.607141037583482,-5.376472110748162,75.16575261899384,0.8683527030516416,,-4.316735166711604,-3.0502645502645502,-0.19018888811777984,,,,,,,,147.8,2.346031746031746,147.8,2.346031746031746,,,,,,,,,,,,,,,,,,,"Juan Ciriaco","sa226165",473239
"Bryan Petersen","MIL",131,528,478,113,76,25,4,8,59,48,43,1,133,4,2,1,,8,5,0.23640167364016737,0.08143939393939394,0.2518939393939394,0.3233082706766917,0.3036053130929791,0.35564853556485354,0.29522071251851073,0.6592538486578327,0.11924686192468617,4.985763968564336,0.30973451327433627,,-0.7452940936200321,50.75866919351553,-5.969006840458158,82.83632275683831,-0.7452940936200321,,-10.917998734714482,-6.82010582010582,-0.19166695447828047,,,,,,,,467.49999999999994,3.5687022900763354,467.49999999999994,3.5687022900763354,,,,,,,,,,,,,,,,,,,"Bryan Petersen","2567",519128
"Kila Ka'aihue","WSN",97,394,351,78,50,16,0,12,40,43,37,0,102,3,3,0,,1,1,0.2222222222222222,0.09390862944162437,0.25888324873096447,0.3627450980392157,0.29949238578680204,0.37037037037037035,0.3004983475970738,0.6698627561571724,0.14814814814814814,1.8666646666173494,0.275,,-0.5163964848034084,39.47156218845763,-2.8593172762878876,88.84131554841049,-0.5163964848034084,,-5.451558242678706,-8.238389182833629,-0.19277430620067082,,,,,,,,364.09999999999997,3.75360824742268,364.09999999999997,3.75360824742268,,,,,,,,,,,,,,,,,,,"Kila Ka'aihue","4707",451500
"Wade Gaynor","DET",124,485,449,88,53,22,2,11,43,45,27,0,165,5,3,1,,8,2,0.19599109131403117,0.05567010309278351,0.3402061855670103,0.16363636363636364,0.24793388429752067,0.3273942093541203,0.25712967399230674,0.575328093651641,0.1314031180400891,4.889665953953456,0.27898550724637683,,0.5253942145500332,32.45579587605067,-19.652012602125918,59.97602891239689,0.5253942145500332,,-20.81170211958482,3.7820399764844206,-0.1944074045299831,,,,,,,,327.99999999999994,2.64516129032258,327.99999999999994,2.64516129032258,,,,,,,,,,,,,,,,,,,"Wade Gaynor","sa501211",571692
"Corky Miller","CIN",35,105,97,20,13,5,0,2,8,10,6,0,24,1,1,0,,0,0,0.20618556701030927,0.05714285714285714,0.22857142857142856,0.25,0.2571428571428571,0.31958762886597936,0.2584007399422782,0.5767304860088365,0.11340206185567009,1.0803571428571426,0.25,,-0.07540782447904348,7.1288737757306695,-4.1521981628436455,59.20941971217898,-0.07540782447904348,,-4.883152063918472,-0.07098765432098775,-0.19460524936324497,,,,,,,,69.3,1.98,69.3,1.98,,,,,,,,,,,,,,,,,,,"Corky Miller","342",280061
"Jae-Hoon Ha","CHC",120,491,455,107,80,20,1,6,50,42,26,0,110,4,3,3,,8,5,0.23516483516483516,0.05295315682281059,0.2240325865580448,0.23636363636363636,0.2807377049180328,0.3230769230769231,0.27097019113478116,0.6038146279949559,0.08791208791208793,4.082301525267246,0.2953216374269006,,-0.700049398932606,38.06940291920591,-14.683038241174922,69.58941733087023,-0.700049398932606,,-17.46099076926793,0.8040858318636097,-0.1959845783026632,,,,,,,,355.49999999999994,2.9624999999999995,355.49999999999994,2.9624999999999995,,,,,,,,,,,,,,,,,,,"Jae-Hoon Ha","sa502535",573350
"Steven Baron","SEA",74,296,280,55,42,11,1,1,24,20,12,0,85,1,3,0,,5,2,0.19642857142857142,0.04054054054054054,0.28716216216216217,0.1411764705882353,0.22972972972972974,0.25357142857142856,0.2172894383201728,0.4833011583011583,0.057142857142857134,4.688381348632769,0.27411167512690354,,0.03850594232790172,10.763421047697213,-21.038457941045618,36.73023989574018,0.03850594232790172,,-20.546988467700412,9.43797766019988,-0.197147086477104,,,,,,,,117.9,1.5932432432432433,117.9,1.5932432432432433,,,,,,,,,,,,,,,,,,,"Steven Baron","9787",571467
"Mel Rojas Jr.","PIT",133,535,494,114,83,18,7,6,53,47,32,1,128,3,2,4,,10,8,0.23076923076923078,0.059813084112149535,0.23925233644859814,0.25,0.2806026365348399,0.3319838056680162,0.2733507436401439,0.6125864422028562,0.10121457489878544,5.750472889879937,0.2983425414364641,,-1.4576259644236416,42.45772700349008,-15.02202049305524,74.09858314083544,-1.4576259644236416,,-17.01260667865026,-1.0342445620223397,-0.20227912558650946,,,,,,,,394.5,2.9661654135338344,394.5,2.9661654135338344,,,,,,,,,,,,,,,,,,,"Mel Rojas Jr.","sa548194",592692
"Tony Gwynn Jr.","PHI",109,299,268,61,49,8,3,1,33,18,24,1,53,1,1,5,,8,5,0.22761194029850745,0.0802675585284281,0.17725752508361203,0.4528301886792453,0.2925170068027211,0.291044776119403,0.2647208974223088,0.583561782922124,0.06343283582089554,5.8923961885470035,0.27906976744186046,,-0.5605449236463755,21.749680368096833,-10.374514961748119,65.91219061401338,-0.5605449236463755,,-12.001504587840955,1.098618459729571,-0.2026526233515181,,,,,,,,199.49999999999997,1.830275229357798,199.49999999999997,1.830275229357798,,,,,,,,,,,,,,,,,,,"Tony Gwynn Jr.","6141",448242
"Jesus Montero","SEA",108,441,407,100,69,18,1,12,45,50,27,3,94,2,5,0,,0,1,0.2457002457002457,0.061224489795918366,0.21315192743764172,0.2872340425531915,0.2925170068027211,0.3832923832923833,0.2964626236321175,0.6758093900951043,0.1375921375921376,2.032985663069443,0.2875816993464052,,-0.7352484439034015,42.81508100927435,-4.565421132737769,91.97396830131987,-0.7352484439034015,,-4.625815126713364,-11.101851851851851,-0.20342074277760402,,,,,,,,407.9,3.7768518518518515,407.9,3.7768518518518515,,,,,,,,,,,,,,,,,,,"Jesus Montero","5514",524968
"Cameron Perkins","PHI",116,468,438,109,75,25,4,5,48,45,21,1,90,5,1,3,,5,5,0.24885844748858446,0.04487179487179487,0.19230769230769232,0.23333333333333334,0.2903225806451613,0.3584474885844749,0.2878092147152999,0.6487700692296362,0.10958904109589043,4.551541661514481,0.3023255813953488,,-1.262345495633781,42.33034172950158,-7.9510074824296515,81.68751780116862,-1.262345495633781,,-10.882570773197024,-5.158730158730159,-0.20486513466216089,,,,,,,,388.2,3.346551724137931,388.2,3.346551724137931,,,,,,,,,,,,,,,,,,,"Cameron Perkins","13444",573088
"Adam Moore","CLE",70,250,232,49,32,11,0,6,27,21,15,0,74,1,2,0,,1,0,0.21120689655172414,0.06,0.296,0.20270270270270271,0.26,0.33620689655172414,0.26605103635787963,0.5962068965517242,0.125,3.0312178582214395,0.2792207792207792,,0.019021224230527878,18.44039557856167,-8.419299513281935,65.61675167865175,0.019021224230527878,,-9.429423261614197,-0.4071134626690185,-0.21629976960115482,,,,,,,,180.6,2.58,180.6,2.58,,,,,,,,,,,,,,,,,,,"Adam Moore","9362",446192
"Alex Liddi","KCR",117,463,429,92,59,18,2,13,53,48,27,1,163,3,2,2,,6,4,0.21445221445221446,0.058315334773218146,0.35205183585313177,0.1656441717791411,0.2646420824295011,0.35664335664335667,0.2756660772406537,0.6212854390728577,0.1421911421911422,4.650720784444574,0.30980392156862746,,-0.6400395203381777,37.56598112663296,-12.178174183461392,71.24582890544755,-0.6400395203381777,,-15.273776563573206,-1.2987948265726046,-0.22018338748815555,,,,,,,,362.19999999999993,3.095726495726495,362.19999999999993,3.095726495726495,,,,,,,,,,,,,,,,,,,"Alex Liddi","5411",499926
"Darin Mastroianni","PHI",99,368,334,78,60,12,2,4,40,28,26,0,72,3,2,3,,16,4,0.23353293413173654,0.07065217391304347,0.1956521739130435,0.3611111111111111,0.29315068493150687,0.31736526946107785,0.2761205981855523,0.6105159543925847,0.08383233532934131,6.0190850360563175,0.2846153846153846,,1.3561901182401925,29.98634464666484,-9.551126528528947,73.7011518922968,1.3561901182401925,,-9.507483736376706,-3.647854203409759,-0.22050490087259267,,,,,,,,292.79999999999995,2.957575757575757,292.79999999999995,2.957575757575757,,,,,,,,,,,,,,,,,,,"Darin Mastroianni","7316",518991
"Micah Owings","MIA",33,80,76,16,9,4,1,2,8,9,3,0,34,1,0,0,,0,0,0.21052631578947367,0.0375,0.425,0.08823529411764706,0.25,0.3684210526315789,0.27312283888459205,0.618421052631579,0.15789473684210525,4.223739495798319,0.35,,-0.049015085911378264,6.334835305890615,-2.2602671234993386,72.07835307230805,-0.049015085911378264,,-2.5564126033926504,-1.8818342151675487,-0.2210668729574011,,,,,,,,61.699999999999996,1.8696969696969696,61.699999999999996,1.8696969696969696,,,,,,,,,,,,,,,,,,,"Micah Owings","4253",452249
"Jonathan Herrera","CHC",76,221,197,47,39,5,2,1,27,15,15,1,34,2,1,6,,3,3,0.23857868020304568,0.06787330316742081,0.15384615384615385,0.4411764705882353,0.29767441860465116,0.29949238578680204,0.2695454478820908,0.5971668043914532,0.06091370558375636,5.12206653277331,0.2822085889570552,,-0.7385553412605077,16.893613587631577,-6.850356873558169,68.61594703922168,-0.7385553412605077,,-8.524180222037515,-0.1879776601998825,-0.22146835707895537,,,,,,,,149.79999999999998,1.9710526315789472,149.79999999999998,1.9710526315789472,,,,,,,,,,,,,,,,,,,"Jonathan Herrera","4182",468406
"Jonathan Diaz","TOR",115,406,353,73,58,12,1,2,35,25,34,0,84,6,2,11,,7,4,0.20679886685552407,0.08374384236453201,0.20689655172413793,0.40476190476190477,0.28607594936708863,0.26345609065155806,0.2551316786415969,0.5495320400186468,0.056657223796033995,3.9433170927652874,0.26394052044609667,,-0.4777434295974672,26.547026447475545,-17.073118381678466,57.86434032476833,-0.4777434295974672,,-19.281699782247994,4.475308641975308,-0.22313902118347317,,,,,,,,237.2,2.0626086956521736,237.2,2.0626086956521736,,,,,,,,,,,,,,,,,,,"Jonathan Diaz","4142",502409
"Adam Brett Walker","MIN",135,568,534,118,75,19,2,22,65,72,28,0,184,2,4,0,,7,4,0.2209737827715356,0.04929577464788732,0.323943661971831,0.15217391304347827,0.2605633802816901,0.38764044943820225,0.28561260425288915,0.6482038297198924,0.16666666666666666,4.500695379507544,0.2891566265060241,,-0.5041361681651324,50.41835768863496,-10.606869560033703,78.95384205310391,-0.5041361681651324,,-13.64411193604643,-6.261022927689595,-0.2234122426109184,,,,,,,,492.2,3.645925925925926,492.2,3.645925925925926,,,,,,,,,,,,,,,,,,,"Adam Brett Walker","sa621791",608724
"Hunter Morris","MIL",126,510,479,118,72,26,3,17,58,63,26,1,121,3,2,0,,2,1,0.24634655532359082,0.050980392156862744,0.2372549019607843,0.21487603305785125,0.28823529411764703,0.4196242171189979,0.3106952369330206,0.7078595112366449,0.17327766179540707,3.8094858091165005,0.2944606413994169,,-0.3541003940626979,55.08119143751659,0.2874134501556335,93.40944866318667,-0.3541003940626979,,-4.1270768649762095,-13.369488536155202,-0.22496824547772043,,,,,,,,522.0999999999999,4.143650793650793,522.0999999999999,4.143650793650793,,,,,,,,,,,,,,,,,,,"Hunter Morris","sa526553",519051
"Mike Fontenot","TBR",97,359,329,75,58,14,1,2,31,23,22,1,74,3,2,3,,3,1,0.22796352583586627,0.06128133704735376,0.20612813370473537,0.2972972972972973,0.2808988764044944,0.2948328267477204,0.2597574485859401,0.5757317031522148,0.06686930091185411,3.759436708103225,0.28627450980392155,,-0.08623334905132651,24.7475179981409,-13.823004153746513,65.52049481634992,-0.08623334905132651,,-13.692183530613182,0.3190770135214578,-0.22810328033299282,,,,,,,,233.99999999999997,2.4123711340206184,233.99999999999997,2.4123711340206184,,,,,,,,,,,,,,,,,,,"Mike Fontenot","3912",430917
"Clete Thomas","PHI",95,354,325,69,45,16,1,7,37,31,25,1,106,1,1,2,,8,3,0.2123076923076923,0.07062146892655367,0.2994350282485876,0.2358490566037736,0.26988636363636365,0.3323076923076923,0.26920353449307954,0.602194055944056,0.12,4.924616016063161,0.29107981220657275,,0.20488880528137088,26.967526431475566,-11.065801818574982,68.97499790114932,0.20488880528137088,,-12.123526473715174,-0.6992945326278661,-0.23053914465978437,,,,,,,,264.09999999999997,2.78,264.09999999999997,2.78,,,,,,,,,,,,,,,,,,,"Clete Thomas","3373",460004
"Ryan Kalish","TOR",90,302,279,64,43,12,3,6,34,30,19,1,80,1,1,2,,10,4,0.22939068100358423,0.06291390728476821,0.26490066225165565,0.2375,0.28,0.35842293906810035,0.2828573670275634,0.6384229390681004,0.12903225806451613,6.379030361213719,0.29896907216494845,,0.2579906634055078,26.168762205375025,-6.277749465572049,77.21016294157023,0.2579906634055078,,-7.307229411116203,-4.328924162257495,-0.23426480806179192,,,,,,,,255.5,2.838888888888889,255.5,2.838888888888889,,,,,,,,,,,,,,,,,,,"Ryan Kalish","6962",501888
"Rymer Liriano","SDP",129,520,478,104,69,23,3,9,61,47,32,2,161,7,3,0,,18,9,0.2175732217573222,0.06153846153846154,0.3096153846153846,0.19875776397515527,0.275,0.33472803347280333,0.2719573113909099,0.6097280334728034,0.11715481171548114,6.145533368160673,0.3054662379421222,,-0.19321291474625468,40.71158880273869,-15.15657698829601,74.32959628148879,-0.19321291474625468,,-15.177228495953031,-2.731922398589065,-0.23700443494046453,,,,,,,,398.79999999999995,3.091472868217054,398.79999999999995,3.091472868217054,,,,,,,,,,,,,,,,,,,"Rymer Liriano","4779",542642
"Robert Andino","PIT",114,433,402,90,68,16,1,5,41,33,23,0,90,1,3,4,,4,3,0.22388059701492538,0.053117782909930716,0.20785219399538107,0.25555555555555554,0.26573426573426573,0.30597014925373134,0.2564920612148472,0.5717044149879971,0.08208955223880596,3.506606917036593,0.27419354838709675,,-0.6780598135665059,28.764249323921245,-17.75674257515188,62.57971722139774,-0.6780598135665059,,-18.86615150230195,3.590975896531452,-0.23709880352573207,,,,,,,,272.29999999999995,2.38859649122807,272.29999999999995,2.38859649122807,,,,,,,,,,,,,,,,,,,"Robert Andino","4900",435180
"Clint Robinson","WSN",125,513,466,112,76,24,2,10,55,55,43,1,92,2,2,0,,1,1,0.24034334763948498,0.08382066276803118,0.1793372319688109,0.4673913043478261,0.3060428849902534,0.3648068669527897,0.2999231955036521,0.6708497519430431,0.12446351931330471,2.7599684144358014,0.2786885245901639,,-0.6295082215219736,51.16687938851951,-3.9492149399435674,88.44833704153339,-0.6295082215219736,,-7.281535900182144,-10.424603174603174,-0.23799014338184987,,,,,,,,470.2999999999999,3.762399999999999,470.2999999999999,3.762399999999999,,,,,,,,,,,,,,,,,,,"Clint Robinson","6908",519208
"Guillermo Quiroz","SFG",72,244,227,49,34,11,1,3,23,21,12,0,60,2,2,1,,0,0,0.21585903083700442,0.04918032786885246,0.2459016393442623,0.2,0.25925925925925924,0.31277533039647576,0.25587761205900844,0.5720345896557351,0.09691629955947134,2.673029556650246,0.27710843373493976,,-0.18097877874970436,16.093965025937685,-10.121097383701674,63.96399345743112,-0.18097877874970436,,-10.051012964600197,0.48265726043503765,-0.2389781316161333,,,,,,,,155.2,2.1555555555555554,155.2,2.1555555555555554,,,,,,,,,,,,,,,,,,,"Guillermo Quiroz","7989",425565
"Bijan Rademacher","CHC",100,390,359,85,59,16,3,7,44,38,24,0,95,4,2,1,,4,6,0.23676880222841226,0.06153846153846154,0.24358974358974358,0.25263157894736843,0.29048843187660667,0.3565459610027855,0.2889640026349948,0.6470343928793922,0.11977715877437325,4.426491356729397,0.30115830115830117,,-1.7903916903305799,35.620702886447674,-6.28042145682835,81.88387171477794,-1.7903916903305799,,-9.721286101074526,-4.298941798941798,-0.24229006334266956,,,,,,,,321.09999999999997,3.211,321.09999999999997,3.211,,,,,,,,,,,,,,,,,,,"Bijan Rademacher","sa658233",623148
"Edgar Gonzalez","CHC",20,66,64,15,11,3,0,1,7,2,2,0,17,0,0,0,,2,0,0.234375,0.030303030303030304,0.25757575757575757,0.11764705882352941,0.25757575757575757,0.328125,0.2601324292746457,0.5857007575757576,0.09375,5.325355709986512,0.30434782608695654,,0.3509849200490862,4.568664499740129,-2.5222950045065824,62.184406513039434,0.3509849200490862,,-2.4506208920432124,-1.7574955908289243,-0.2423317303738642,,,,,,,,47.9,2.395,47.9,2.395,,,,,,,,,,,,,,,,,,,"Edgar Gonzalez","2963",452989
"Chase d'Arnaud","PHI",109,404,373,81,55,15,7,4,46,34,23,0,95,4,2,2,,22,8,0.21715817694369974,0.05693069306930693,0.23514851485148514,0.24210526315789474,0.26865671641791045,0.32707774798927614,0.26617333989831343,0.5957344644071866,0.1099195710455764,8.174671674826499,0.27898550724637683,,1.0743377641774714,29.83757571650008,-13.567691551919182,66.90458668119886,1.0743377641774714,,-13.934302482686093,-0.5155790711346266,-0.2429105829669467,,,,,,,,302,2.770642201834862,302,2.770642201834862,,,,,,,,,,,,,,,,,,,"Chase d'Arnaud","6652",488818
"Vince Belnome","TBR",112,460,405,91,64,19,1,7,51,38,51,1,127,1,3,0,,1,1,0.22469135802469137,0.1108695652173913,0.27608695652173915,0.4015748031496063,0.3108695652173913,0.32839506172839505,0.2902002335893303,0.6392646269457863,0.10370370370370369,2.622842093987486,0.30656934306569344,,-0.6106562654022127,42.45031221367841,-6.971526755313828,86.76219350524954,-0.6106562654022127,,-7.304063724880546,-9.450911228689007,-0.25054276815232546,,,,,,,,386.2999999999999,3.449107142857142,386.2999999999999,3.449107142857142,,,,,,,,,,,,,,,,,,,"Vince Belnome","8126",572714
"Roman Quinn","PHI",91,396,357,80,59,10,3,8,47,36,25,0,104,7,3,4,,24,15,0.22408963585434175,0.06313131313131314,0.26262626262626265,0.2403846153846154,0.2857142857142857,0.33613445378151263,0.2798515733103363,0.6218487394957983,0.11204481792717089,6.799396715804829,0.2903225806451613,,-1.1990246942732483,33.401086273486925,-9.144670751993342,76.250378523831,-1.1990246942732483,,-11.75611050368732,-2.544973544973545,-0.253164930262141,,,,,,,,311.9,3.4274725274725273,311.9,3.4274725274725273,,,,,,,,,,,,,,,,,,,"Roman Quinn","13546",596451
"O'Koyea Dickson","LAD",123,518,476,114,75,24,2,13,58,61,26,1,96,11,4,1,,5,5,0.23949579831932774,0.05019305019305019,0.18532818532818532,0.2708333333333333,0.29206963249516443,0.3802521008403361,0.29816507796446484,0.6723217333355005,0.14075630252100838,3.828815408183942,0.2722371967654987,,-1.3038197990972549,50.96709876780613,-4.686189462493822,92.79487592005223,-1.3038197990972549,,-5.493331400973439,-12.516460905349794,-0.2546875458730685,,,,,,,,472.09999999999997,3.838211382113821,472.09999999999997,3.838211382113821,,,,,,,,,,,,,,,,,,,"O'Koyea Dickson","12677",607297
"Erik Komatsu","MIL",74,245,219,49,36,8,1,4,24,19,21,1,60,1,2,2,,4,4,0.2237442922374429,0.08571428571428572,0.24489795918367346,0.35,0.29218106995884774,0.3242009132420091,0.27703281153332104,0.6163819832008568,0.1004566210045662,4.0129053104956345,0.28662420382165604,,-0.9231573983561248,20.13514671008417,-6.1873544799225595,70.4092547618896,-0.9231573983561248,,-9.061091350164842,-0.7006172839506171,-0.2568647272532329,,,,,,,,184.29999999999998,2.4905405405405405,184.29999999999998,2.4905405405405405,,,,,,,,,,,,,,,,,,,"Erik Komatsu","8039",518900
"Mike Nickeas","TOR",60,195,176,36,27,7,0,2,15,16,12,0,42,1,2,4,,0,0,0.20454545454545456,0.06153846153846154,0.2153846153846154,0.2857142857142857,0.25654450261780104,0.2784090909090909,0.2424870386173588,0.5349535935268919,0.07386363636363633,1.2841614906832293,0.2537313432835821,,-0.15081564895808697,10.859297971717297,-10.091264199920715,49.04144079719373,-0.15081564895808697,,-11.073393652670802,2.5824514991181653,-0.25848751161289096,,,,,,,,103.69999999999999,1.728333333333333,103.69999999999999,1.728333333333333,,,,,,,,,,,,,,,,,,,"Mike Nickeas","7419",435081
"Matt Duffy","HOU",135,567,521,121,86,20,2,13,63,56,24,0,140,16,4,2,,2,3,0.23224568138195778,0.042328042328042326,0.24691358024691357,0.17142857142857143,0.2849557522123894,0.3531669865642994,0.2857518404985951,0.6381227387766888,0.12092130518234162,3.3352156822097463,0.2903225806451613,,-1.2062531211413443,50.390142902299985,-10.52764556600131,83.00777045240532,-1.2062531211413443,,-11.796518142301364,-8.416666666666666,-0.2606523363399089,,,,,,,,463.59999999999997,3.434074074074074,463.59999999999997,3.434074074074074,,,,,,,,,,,,,,,,,,,"Matt Duffy","12181",592274
"Roger Bernadina","COL",101,237,209,48,34,9,1,4,25,27,21,1,57,4,1,2,,8,2,0.22966507177033493,0.08860759493670886,0.24050632911392406,0.3684210526315789,0.31063829787234043,0.3397129186602871,0.2936222848729191,0.6503512165326275,0.11004784688995214,5.514821191859256,0.2953020134228188,,0.6271947775967419,22.49317169064444,-2.969819256423293,67.77151949159412,0.6271947775967419,,-7.946743436942128,-1.6124338624338623,-0.2612251011958635,,,,,,,,213.79999999999995,2.1168316831683165,213.79999999999995,2.1168316831683165,,,,,,,,,,,,,,,,,,,"Roger Bernadina","6421",465668
"Ryan Rohlinger","CLE",96,379,343,74,57,13,0,4,35,27,24,1,75,5,2,5,,1,1,0.21574344023323616,0.0633245382585752,0.19788918205804748,0.32,0.27540106951871657,0.2886297376093295,0.25602824870127455,0.564030807128046,0.07288629737609331,2.251453794702063,0.2631578947368421,,-0.4975445286836475,25.042200182264075,-15.677097576970832,58.62327077995217,-0.4975445286836475,,-17.734825884059667,3.3925631981187534,-0.26539611836856025,,,,,,,,232.79999999999995,2.4249999999999994,232.79999999999995,2.4249999999999994,,,,,,,,,,,,,,,,,,,"Ryan Rohlinger","2621",489262
"Jonathan Meyer","HOU",133,548,512,114,87,19,1,7,54,45,27,1,139,4,4,1,,3,2,0.22265625,0.04927007299270073,0.25364963503649635,0.19424460431654678,0.26508226691042047,0.3046875,0.25517708205041434,0.5697697669104205,0.08203125,3.3341345557559317,0.2891891891891892,,-0.5952583195175976,35.851030055539496,-23.02542158578169,61.67398622833326,-0.5952583195175976,,-23.68120100129042,4.013521457965902,-0.26637843946044376,,,,,,,,346.0999999999999,2.6022556390977436,346.0999999999999,2.6022556390977436,,,,,,,,,,,,,,,,,,,"Jonathan Meyer","sa501198",545352
"Angel Sanchez","PIT",69,246,227,53,43,7,1,2,24,19,13,1,33,1,2,3,,1,1,0.23348017621145375,0.052845528455284556,0.13414634146341464,0.3939393939393939,0.2757201646090535,0.29955947136563876,0.25708211502753014,0.5752796359746923,0.06607929515418501,3.237901779684268,0.26288659793814434,,-0.38820318318903446,16.45314185433412,-9.976798116039985,62.982877479245026,-0.38820318318903446,,-10.610063382234925,0.7116402116402116,-0.26853875281181727,,,,,,,,155.69999999999996,2.2565217391304344,155.69999999999996,2.2565217391304344,,,,,,,,,,,,,,,,,,,"Angel Sanchez","3492",447816
"Tony Cruz","STL",56,155,144,32,23,7,1,1,13,18,8,1,30,1,1,1,,0,2,0.2222222222222222,0.05161290322580645,0.1935483870967742,0.26666666666666666,0.2662337662337662,0.3055555555555556,0.25360311207428476,0.5717893217893217,0.08333333333333337,3.4552206873639983,0.2719298245614035,,-0.8710046831984073,9.953232038118589,-6.699778918824446,58.803381156840814,-0.8710046831984073,,-8.03879752191278,0.8475896531452087,-0.2738873952333843,,,,,,,,92,1.6428571428571428,92,1.6428571428571428,,,,,,,,,,,,,,,,,,,"Tony Cruz","2802",488810
"Brian Bocock","KCR",90,337,311,68,52,13,1,2,28,22,18,0,68,1,2,5,,5,3,0.21864951768488747,0.05341246290801187,0.20178041543026706,0.2647058823529412,0.2620481927710843,0.2861736334405145,0.24719851724354616,0.5482218262115988,0.06752411575562703,4.068255936836373,0.2716049382716049,,-0.398881594883278,19.98486478558864,-16.22200419821654,51.38235939044134,-0.398881594883278,,-18.408196125159677,5.238242210464433,-0.2817333117425454,,,,,,,,190.09999999999994,2.1122222222222216,190.09999999999994,2.1122222222222216,,,,,,,,,,,,,,,,,,,"Brian Bocock","3534",501814
"Derek Jeter","NYY",91,394,359,89,74,12,1,2,32,36,23,0,53,4,3,5,,5,1,0.2479108635097493,0.0583756345177665,0.13451776649746192,0.4339622641509434,0.2982005141388175,0.30362116991643456,0.27252846220771576,0.601821684055252,0.055710306406685256,3.756558371188903,0.28338762214983715,,0.24212922365404665,31.019451509562714,-11.311427955182808,71.0052214685479,0.24212922365404665,,-12.314972745620253,-2.6569664902998236,-0.28270507607719564,,,,,,,,286.4,3.147252747252747,286.4,3.147252747252747,,,,,,,,,,,,,,,,,,,"Derek Jeter","826",116539
"Mike Baxter","CHC",113,375,335,76,50,17,5,4,41,28,31,1,79,6,2,1,,7,4,0.22686567164179106,0.08266666666666667,0.21066666666666667,0.3924050632911392,0.30213903743315507,0.34328358208955223,0.2898391354179894,0.6454226195227073,0.11641791044776117,6.072445441410309,0.28346456692913385,,-0.4324987349100411,34.50237601003213,-5.787166627733281,82.48181507326326,-0.4324987349100411,,-7.806658587562165,-6.133597883597884,-0.2833475604961654,,,,,,,,319.1,2.823893805309735,319.1,2.823893805309735,,,,,,,,,,,,,,,,,,,"Mike Baxter","4464",488689
"Dustin Martin","ARI",91,334,307,72,48,15,2,7,36,34,25,0,89,1,1,0,,6,4,0.23452768729641693,0.0748502994011976,0.26646706586826346,0.2808988764044944,0.2934131736526946,0.36482084690553745,0.29403119672558264,0.658234020558232,0.13029315960912052,4.720388500526579,0.30660377358490565,,-0.5872540432028472,31.803987837994633,-4.080564804708423,80.15936750494335,-0.5872540432028472,,-8.025904524938973,-4.681657848324514,-0.28433585729812194,,,,,,,,295.09999999999997,3.2428571428571424,295.09999999999997,3.2428571428571424,,,,,,,,,,,,,,,,,,,"Dustin Martin","sa328277",502230
"Yorman Rodriguez","CIN",135,564,524,125,87,23,5,10,65,52,35,1,173,2,2,1,,9,5,0.2385496183206107,0.06205673758865248,0.3067375886524823,0.2023121387283237,0.2877442273534636,0.35877862595419846,0.2873191800618087,0.6465228533076621,0.12022900763358776,5.4982215795243095,0.33527696793002915,,-0.549064481863752,50.801513985358795,-9.79395814184038,78.96823750901501,-0.549064481863752,,-13.864241549418624,-5.927689594356261,-0.29735710850116176,,,,,,,,479.3,3.5503703703703704,479.3,3.5503703703703704,,,,,,,,,,,,,,,,,,,"Yorman Rodriguez","9922",550298
"Skyler Stromsmoe","SFG",89,304,266,56,43,10,2,1,32,18,28,1,62,5,2,3,,6,6,0.21052631578947367,0.09210526315789473,0.20394736842105263,0.45161290322580644,0.2956810631229236,0.2744360902255639,0.26263499359289805,0.5701171533484874,0.06390977443609025,4.846123741811646,0.2682926829268293,,-1.3451469896826893,21.627040520261673,-11.034348711420153,68.58104299260492,-1.3451469896826893,,-12.066695651321043,0.11699000587889485,-0.30086668525925625,,,,,,,,191,2.146067415730337,191,2.146067415730337,,,,,,,,,,,,,,,,,,,"Skyler Stromsmoe","sa389666",522848
"Taylor Featherston","LAA",120,516,481,100,67,22,3,8,44,43,24,1,154,6,3,2,,10,4,0.2079002079002079,0.046511627906976744,0.29844961240310075,0.15584415584415584,0.2529182879377432,0.316008316008316,0.25365489732917057,0.5689266039460592,0.10810810810810811,5.107342850973248,0.2857142857142857,,0.12979736179113388,33.15512487396521,-22.283285795599994,62.88628646828997,0.12979736179113388,,-20.920465147943077,1.895943562610229,-0.3062511594782068,,,,,,,,332.90000000000003,2.774166666666667,332.90000000000003,2.774166666666667,,,,,,,,,,,,,,,,,,,"Taylor Featherston","12590",605227
"Whit Merrifield","KCR",121,515,475,114,81,25,3,5,52,40,28,0,99,3,3,6,,13,8,0.24,0.05436893203883495,0.19223300970873786,0.2828282828282828,0.28487229862475444,0.3368421052631579,0.2776603958695717,0.6217144038879123,0.0968421052631579,5.220141148196701,0.2914438502673797,,-0.838773999363184,42.57278941906185,-12.75818247013598,72.63738080848199,-0.838773999363184,,-16.328306086741975,-2.6768077601410933,-0.3075729708734764,,,,,,,,395.3,3.2669421487603305,395.3,3.2669421487603305,,,,,,,,,,,,,,,,,,,"Whit Merrifield","11281",593160
"Juan Duran","CIN",114,437,409,89,54,15,2,18,51,54,26,0,177,1,1,0,,3,5,0.2176039119804401,0.059496567505720827,0.40503432494279173,0.14689265536723164,0.2654462242562929,0.3960880195599022,0.2922962820775449,0.6615342438161951,0.1784841075794621,3.8806735384253783,0.3302325581395349,,-1.5907080683391541,41.03032038199492,-5.920426638547701,82.36889298969498,-1.5907080683391541,,-10.239455044718829,-5.817019400352733,-0.3095103109409853,,,,,,,,386.2,3.387719298245614,386.2,3.387719298245614,,,,,,,,,,,,,,,,,,,"Juan Duran","sa503255",544269
"Bobby Abreu","NYM",81,225,197,46,32,11,0,3,23,23,26,1,43,0,2,0,,4,1,0.233502538071066,0.11555555555555555,0.19111111111111112,0.6046511627906976,0.32,0.3350253807106599,0.2958880670900856,0.6550253807106599,0.10152284263959391,3.595857475451153,0.28104575163398693,,0.20802643452771008,21.745278894506832,-2.4284466881524147,90.63164361658843,0.20802643452771008,,-2.15810080354431,-7.48015873015873,-0.3097630413113344,,,,,,,,203.49999999999997,2.5123456790123453,203.49999999999997,2.5123456790123453,,,,,,,,,,,,,,,,,,,"Bobby Abreu","945",110029
"Kentrail Davis","MIL",123,505,454,105,76,21,4,4,52,39,41,1,139,5,2,3,,15,8,0.23127753303964757,0.08118811881188119,0.27524752475247527,0.2949640287769784,0.300796812749004,0.32158590308370044,0.28135196617739405,0.6223827158327044,0.09030837004405287,5.604038871380536,0.3226837060702875,,-0.47270751441828907,43.17595140937981,-11.080632676144262,73.36036102128153,-0.47270751441828907,,-15.573922367307489,-2.5665784832451495,-0.31221025096204924,,,,,,,,399.40000000000003,3.247154471544716,399.40000000000003,3.247154471544716,,,,,,,,,,,,,,,,,,,"Kentrail Davis","sa390671",518598
"Mark Minicozzi","WSN",102,418,376,89,63,18,0,8,49,40,35,1,115,4,3,0,,1,1,0.23670212765957446,0.08373205741626795,0.2751196172248804,0.30434782608695654,0.3062200956937799,0.3484042553191489,0.2941576835634611,0.6546243510129288,0.11170212765957446,2.3409838716939966,0.31640625,,-0.5578707882668823,39.84314640045324,-5.066263793109265,84.50899247589139,-0.5578707882668823,,-7.826426442552638,-7.679306290417402,-0.312217655489074,,,,,,,,365.8999999999999,3.5872549019607836,365.8999999999999,3.5872549019607836,,,,,,,,,,,,,,,,,,,"Mark Minicozzi","sa293084",489126
"Felix Perez","CIN",121,479,451,108,74,23,2,9,50,49,19,1,98,4,3,2,,2,3,0.2394678492239468,0.03966597077244259,0.2045929018789144,0.19387755102040816,0.2746331236897275,0.35920177383592017,0.27995319226208853,0.6338348975256476,0.11973392461197338,3.450112790515437,0.28530259365994237,,-1.093141384422779,40.43915162434172,-11.024024171630627,73.93535156403306,-1.093141384422779,,-15.107704324523693,-2.279982363315696,-0.3160063417724356,,,,,,,,380.9,3.1479338842975206,380.9,3.1479338842975206,,,,,,,,,,,,,,,,,,,"Felix Perez","sa547904",591977
"Zoilo Almonte","ATL",116,480,449,106,72,18,2,14,52,55,26,1,114,2,3,0,,8,3,0.23608017817371937,0.05416666666666667,0.2375,0.22807017543859648,0.2791666666666667,0.37861915367483295,0.290438244014294,0.6577858203414997,0.14253897550111358,4.716776617496724,0.2839506172839506,,0.09554745978675783,44.38360043059826,-7.187014145741468,82.88065510089223,0.09554745978675783,,-9.128479263011595,-8.291005291005291,-0.31617223430130426,,,,,,,,430.5999999999999,3.7120689655172407,430.5999999999999,3.7120689655172407,,,,,,,,,,,,,,,,,,,"Zoilo Almonte","6732",501660
"Wynton Bernard","DET",135,597,546,136,101,26,3,6,61,43,37,1,113,4,2,8,,27,17,0.2490842490842491,0.06197654941373534,0.18927973199329984,0.3274336283185841,0.300509337860781,0.34065934065934067,0.28709975300597496,0.6411686785201216,0.09157509157509158,5.391749741475865,0.30303030303030304,,-1.5416668017860502,53.6734715211015,-10.46748035822103,80.88789318565438,-1.5416668017860502,,-14.083363630129417,-7.58068783068783,-0.3162770510181042,,,,,,,,491.1999999999998,3.6385185185185174,491.1999999999998,3.6385185185185174,,,,,,,,,,,,,,,,,,,"Wynton Bernard","13408",592144
"Argenis Diaz","MIN",117,440,410,93,73,18,1,1,38,29,22,0,96,1,1,6,,5,4,0.22682926829268293,0.05,0.21818181818181817,0.22916666666666666,0.2672811059907834,0.28292682926829266,0.24844986749684206,0.5502079352590761,0.05609756097560972,3.5499411033418156,0.2929936305732484,,-0.8702026531100273,26.515287591754273,-20.757775769890472,53.02324284744856,-0.8702026531100273,,-23.590243795276805,6.850088183421517,-0.3179295308917107,,,,,,,,245.39999999999992,2.0974358974358966,245.39999999999992,2.0974358974358966,,,,,,,,,,,,,,,,,,,"Argenis Diaz","6403",469810
"Matt McBride","COL",88,331,311,85,53,20,2,10,36,44,13,0,44,2,5,0,,0,1,0.2733118971061093,0.03927492447129909,0.13293051359516617,0.29545454545454547,0.3021148036253776,0.44694533762057875,0.32607935022371415,0.7490601412459563,0.17363344051446944,2.6612033768742402,0.2862595419847328,,-0.6334478808566928,39.654292042220824,4.092055740619888,89.9481389024468,-0.6334478808566928,,-4.368241824356029,-8.648589065255731,-0.32822488619714646,,,,,,,,370.59999999999997,4.211363636363636,370.59999999999997,4.211363636363636,,,,,,,,,,,,,,,,,,,"Matt McBride","9373",473724
"Carlos Pena","TEX",54,203,182,39,25,8,0,6,23,16,19,2,49,2,0,0,,1,1,0.21428571428571427,0.09359605911330049,0.2413793103448276,0.3877551020408163,0.2955665024630542,0.35714285714285715,0.29116943641681575,0.6527093596059114,0.14285714285714288,2.4860719744985253,0.25984251968503935,,-0.34295848850160837,18.884407255226822,-2.925665159350185,80.39998254431356,-0.34295848850160837,,-4.71642594562277,-4.729423868312757,-0.3356248175676772,,,,,,,,178.1,3.298148148148148,178.1,3.298148148148148,,,,,,,,,,,,,,,,,,,"Carlos Pena","934",150289
"Lars Anderson","LAD",88,341,304,68,46,15,1,6,34,32,31,1,83,2,3,1,,1,0,0.2236842105263158,0.09090909090909091,0.2434017595307918,0.37349397590361444,0.29705882352941176,0.33881578947368424,0.28561200715799245,0.635874613003096,0.11513157894736845,3.1304951705123027,0.28440366972477066,,-0.09409051248803735,30.268611393798,-6.368012711476674,84.21786285051407,-0.09409051248803735,,-6.1351396130175795,-7.264697236919459,-0.3370165464470908,,,,,,,,283.29999999999995,3.2193181818181813,283.29999999999995,3.2193181818181813,,,,,,,,,,,,,,,,,,,"Lars Anderson","9018",502249
"Donald Lutz","CIN",110,408,381,85,53,17,3,12,44,47,21,2,132,5,1,0,,5,2,0.2230971128608924,0.051470588235294115,0.3235294117647059,0.1590909090909091,0.27205882352941174,0.3779527559055118,0.28643389244384954,0.6500115794349235,0.1548556430446194,5.094293791289017,0.3067226890756303,,-0.04444266459904611,36.473003933775516,-7.362018456113249,78.36335575644648,-0.04444266459904611,,-9.953725875484482,-5.497354497354498,-0.3394425491476058,,,,,,,,356.0999999999999,3.2372727272727264,356.0999999999999,3.2372727272727264,,,,,,,,,,,,,,,,,,,"Donald Lutz","10154",544371
"Sean Nicol","WSN",73,239,218,50,39,9,1,1,22,18,16,0,51,1,1,3,,4,2,0.22935779816513763,0.06694560669456066,0.21338912133891214,0.3137254901960784,0.2838983050847458,0.29357798165137616,0.2620147835400145,0.577476286736122,0.06422018348623854,4.529457788312744,0.2934131736526946,,-0.1652644518762827,16.889149687735493,-8.788718820066991,62.54702971441204,-0.1652644518762827,,-10.21318842701787,-0.12184009406231633,-0.3396829924195758,,,,,,,,156.2,2.13972602739726,156.2,2.13972602739726,,,,,,,,,,,,,,,,,,,"Sean Nicol","sa501900",573059
"James Jones","SEA",130,502,467,110,83,16,7,4,61,33,28,1,126,2,1,4,,23,7,0.23554603854389722,0.055776892430278883,0.250996015936255,0.2222222222222222,0.28112449799196787,0.32548179871520344,0.2707449703868966,0.6066062967071713,0.08993576017130622,7.6974979481616685,0.3136094674556213,,1.5382873080670834,38.835567368035726,-15.098700376386235,74.02926839427299,1.5382873080670834,,-12.792211404228995,-6.155496766607878,-0.3461342152681264,,,,,,,,387,2.976923076923077,387,2.976923076923077,,,,,,,,,,,,,,,,,,,"James Jones","9767",571825
"Matt Tuiasosopo","BAL",113,415,366,77,55,12,0,10,45,43,42,0,121,4,2,1,,2,1,0.2103825136612022,0.10120481927710843,0.29156626506024097,0.34710743801652894,0.2971014492753623,0.3251366120218579,0.28411038155141083,0.6222380612972203,0.1147540983606557,2.6082629670214796,0.28270042194092826,,-0.35787078528665006,36.35921023668159,-8.227883615778797,77.45988333171628,-0.35787078528665006,,-10.639872207321265,-5.574514991181657,-0.3465242175492652,,,,,,,,333,2.9469026548672566,333,2.9469026548672566,,,,,,,,,,,,,,,,,,,"Matt Tuiasosopo","8272",449168
"Efren Navarro","LAA",139,544,500,120,87,26,2,5,52,48,38,2,97,2,3,1,,4,3,0.24,0.06985294117647059,0.17830882352941177,0.3917525773195876,0.2946593001841621,0.33,0.2793336008260519,0.624659300184162,0.09000000000000002,3.40757141273391,0.286783042394015,,-0.8024827239569277,45.66820606227186,-12.778490457579828,80.80380887439055,-0.8024827239569277,,-12.281041655352674,-7.994121105232216,-0.3468147056730284,,,,,,,,425,3.0575539568345325,425,3.0575539568345325,,,,,,,,,,,,,,,,,,,"Efren Navarro","9854",519068
"Brandon Waring","MIN",112,443,401,71,38,19,0,14,42,43,31,0,184,8,2,1,,1,0,0.1770573566084788,0.06997742663656885,0.4153498871331828,0.16847826086956522,0.248868778280543,0.32917705735660846,0.2608380683137281,0.5780458356371514,0.15211970074812967,2.399638257208016,0.2780487804878049,,-0.09032012126408517,30.905183199407663,-16.6901965033392,61.66720985048614,-0.09032012126408517,,-18.756161078963295,1.6277189888300996,-0.35016818064298383,,,,,,,,302.19999999999993,2.6982142857142852,302.19999999999993,2.6982142857142852,,,,,,,,,,,,,,,,,,,"Brandon Waring","sa389878",519397
"Ricardo Nanita","TOR",75,299,281,68,48,13,1,6,30,30,13,2,50,2,2,1,,2,1,0.24199288256227758,0.043478260869565216,0.16722408026755853,0.26,0.2785234899328859,0.3594306049822064,0.28020700671382853,0.6379540949150924,0.11743772241992884,3.6103184491833744,0.27312775330396477,,-0.2070551363285631,25.30101645986096,-6.82317886998399,75.36085266345,-0.2070551363285631,,-8.304915172126954,-4.295855379188712,-0.35042386199059183,,,,,,,,245.59999999999994,3.2746666666666657,245.59999999999994,3.2746666666666657,,,,,,,,,,,,,,,,,,,"Ricardo Nanita","sa225794",451515
"Jason Giambi","CLE",43,126,110,21,11,6,0,4,11,16,13,1,35,2,1,0,,0,0,0.19090909090909092,0.10317460317460317,0.2777777777777778,0.37142857142857144,0.2857142857142857,0.35454545454545455,0.2860869946479797,0.6402597402597403,0.16363636363636364,0.9761904761904758,0.2361111111111111,,-0.09425978059880435,11.23019822605857,-2.307088100230607,79.59700312063613,-0.09425978059880435,,-2.9200369470010576,-4.2407407407407405,-0.35067634584776586,,,,,,,,107.6,2.5023255813953487,107.6,2.5023255813953487,,,,,,,,,,,,,,,,,,,"Jason Giambi","818",114739
"Gustavo Nunez","PIT",73,263,247,56,46,7,2,1,25,18,11,0,55,1,0,4,,6,5,0.22672064777327935,0.04182509505703422,0.20912547528517111,0.2,0.2625482625482625,0.2834008097165992,0.24593958799443189,0.5459490722648617,0.056680161943319846,5.0664580256797045,0.2879581151832461,,-0.9039890612475574,15.34255438072009,-12.913844855899383,55.369632762956954,-0.9039890612475574,,-14.079831184750814,2.8990299823633157,-0.35272728891555183,,,,,,,,141.1,1.9328767123287671,141.1,1.9328767123287671,,,,,,,,,,,,,,,,,,,"Gustavo Nunez","sa446859",516631
"Parker Morin","KCR",77,295,274,57,44,10,1,2,24,19,14,0,81,2,2,3,,1,2,0.20802919708029197,0.04745762711864407,0.2745762711864407,0.1728395061728395,0.25,0.2737226277372263,0.23648699301562898,0.5237226277372262,0.06569343065693431,2.930001527022945,0.2849740932642487,,-0.7803460257127881,15.07062185280489,-16.623818355570563,43.90830699599298,-0.7803460257127881,,-18.968723870771953,6.419606114050558,-0.35856060814328117,,,,,,,,143,1.8571428571428572,143,1.8571428571428572,,,,,,,,,,,,,,,,,,,"Parker Morin","sa658263",605390
"Carlos Peguero","TEX",109,442,407,91,53,18,2,18,52,54,29,2,158,3,3,0,,7,4,0.22358722358722358,0.06561085972850679,0.3574660633484163,0.18354430379746836,0.27828054298642535,0.4103194103194103,0.3018713226372545,0.6885999533058357,0.18673218673218675,4.866621165806683,0.31196581196581197,,-0.42118756123818457,44.745719861285,-2.7422210610944964,87.86730994133495,-0.42118756123818457,,-6.31576633472072,-10.872134038800706,-0.3601406732715195,,,,,,,,433.5,3.977064220183486,433.5,3.977064220183486,,,,,,,,,,,,,,,,,,,"Carlos Peguero","8760",451713
"Pete Orr","MIL",107,361,342,81,60,14,4,3,34,31,12,0,78,3,1,3,,8,4,0.23684210526315788,0.0332409972299169,0.21606648199445982,0.15384615384615385,0.2681564245810056,0.32748538011695905,0.26489268251637504,0.5956418046979646,0.09064327485380116,5.759864135831941,0.29770992366412213,,-0.19102442846633494,26.307210721580187,-12.47818899104198,62.11438836230413,-0.19102442846633494,,-15.543332559716083,1.3264256319811876,-0.3602003502926028,,,,,,,,252.2,2.3570093457943924,252.2,2.3570093457943924,,,,,,,,,,,,,,,,,,,"Pete Orr","2748",434681
"Jayson Langfels","COL",103,385,347,76,57,11,2,6,35,32,28,0,131,7,2,1,,9,6,0.21902017291066284,0.07272727272727272,0.34025974025974026,0.21374045801526717,0.2890625,0.31412103746397696,0.27438635006546974,0.6031835374639769,0.09510086455331412,4.77726957812452,0.330188679245283,,-0.8092436315491796,30.85948875565144,-10.504441685787713,54.62837174776005,-0.8092436315491796,,-20.41742286533055,5.4146090534979425,-0.3666780682245001,,,,,,,,283.59999999999997,2.7533980582524267,283.59999999999997,2.7533980582524267,,,,,,,,,,,,,,,,,,,"Jayson Langfels","sa546633",592487
"Jason Bourgeois","CIN",119,463,435,107,87,14,3,3,51,33,22,0,50,1,2,3,,16,7,0.24597701149425288,0.047516198704103674,0.1079913606911447,0.44,0.2826086956521739,0.31264367816091954,0.2667777802633203,0.5952523738130935,0.06666666666666665,5.620796955089805,0.2708333333333333,,0.14582806965336204,34.4096844740662,-15.334470836028158,64.93311755673984,0.14582806965336204,,-18.079288799363823,0.7012051734273954,-0.3681043886014582,,,,,,,,329.89999999999986,2.7722689075630242,329.89999999999986,2.7722689075630242,,,,,,,,,,,,,,,,,,,"Jason Bourgeois","2225",430652
"Rich Poythress","ATL",96,383,352,85,59,17,1,8,42,37,28,1,69,2,1,0,,2,1,0.24147727272727273,0.0731070496083551,0.1801566579634465,0.4057971014492754,0.3002610966057441,0.36363636363636365,0.29628224647482027,0.6638974602421077,0.12215909090909091,3.18307388633333,0.27898550724637683,,-0.3088556993752718,37.131086934423564,-4.0179659462808415,86.87362911140308,-0.3088556993752718,,-5.952187931099419,-9.036302175191064,-0.37175084888139426,,,,,,,,345.19999999999993,3.5958333333333328,345.19999999999993,3.5958333333333328,,,,,,,,,,,,,,,,,,,"Rich Poythress","sa500800",534562
"Ian Stewart","WSN",65,232,208,39,22,8,3,6,22,21,20,1,73,3,1,0,,1,1,0.1875,0.08620689655172414,0.3146551724137931,0.273972602739726,0.2672413793103448,0.34134615384615385,0.27210152613652216,0.6085875331564987,0.15384615384615385,4.835759624555252,0.25384615384615383,,-0.34295848850160837,18.18929306583122,-6.736503979399647,69.43889899588751,-0.34295848850160837,,-8.30178713726237,-2.14756025867137,-0.37547617080338597,,,,,,,,175.2,2.695384615384615,175.2,2.695384615384615,,,,,,,,,,,,,,,,,,,"Ian Stewart","5950",456655
"Jesus Flores","ATL",65,235,221,46,32,10,0,4,19,18,10,1,55,1,1,2,,0,0,0.2081447963800905,0.0425531914893617,0.23404255319148937,0.18181818181818182,0.2446351931330472,0.3076923076923077,0.24492652868402415,0.552327500825355,0.0995475113122172,1.3207417582417578,0.25766871165644173,,-0.15835643140599132,13.526534850842276,-11.721578535490712,51.784313558426184,-0.15835643140599132,,-12.877222374414137,2.3173133450911223,-0.37763760461127915,,,,,,,,136.19999999999996,2.095384615384615,136.19999999999996,2.095384615384615,,,,,,,,,,,,,,,,,,,"Jesus Flores","4166",435520
"Marcus Lemon","DET",89,306,285,65,51,10,2,2,26,20,15,0,66,1,1,4,,3,4,0.22807017543859648,0.049019607843137254,0.21568627450980393,0.22727272727272727,0.2682119205298013,0.2982456140350877,0.25462538852596917,0.566457534564889,0.07017543859649122,3.8540393289321546,0.2889908256880734,,-1.1608613135758787,19.889527357717583,-12.986739434698986,58.22864353681417,-1.1608613135758787,,-15.210766979191842,2.124338624338624,-0.37954055429059913,,,,,,,,180.70000000000002,2.0303370786516854,180.70000000000002,2.0303370786516854,,,,,,,,,,,,,,,,,,,"Marcus Lemon","sa326707",502017
"Jio Mier","HOU",108,400,355,71,55,12,0,4,38,26,32,0,111,3,3,7,,7,6,0.2,0.08,0.2775,0.2882882882882883,0.2697201017811705,0.2676056338028169,0.24731189877022314,0.5373257355839873,0.06760563380281687,3.4491904282944517,0.2757201646090535,,-1.2017028550617397,23.755691840366357,-19.21982030658341,56.1859911795167,-1.2017028550617397,,-20.465699144120432,4.409171075837743,-0.38096811872097847,,,,,,,,216.5,2.0046296296296298,216.5,2.0046296296296298,,,,,,,,,,,,,,,,,,,"Jio Mier","sa500732",545353
"Michael Burgess","BAL",106,406,373,80,48,20,1,11,40,44,28,1,112,2,3,0,,2,2,0.21447721179624665,0.06896551724137931,0.27586206896551724,0.25,0.270935960591133,0.36193029490616624,0.28056090746396856,0.6328662554972992,0.14745308310991959,3.119270221599334,0.2727272727272727,,-0.6444426735397428,34.465427426513585,-9.154717402640426,74.98320916865565,-0.6444426735397428,,-11.80873074928827,-4.475308641975308,-0.3852197715029453,,,,,,,,330.3,3.1160377358490567,330.3,3.1160377358490567,,,,,,,,,,,,,,,,,,,"Michael Burgess","sa389928",518518
"Brian Jeroloman","WSN",66,242,217,42,35,5,0,2,20,14,19,0,67,1,2,3,,1,2,0.1935483870967742,0.07851239669421488,0.2768595041322314,0.2835820895522388,0.2594142259414226,0.24423963133640553,0.2330865772698215,0.5036538572778282,0.05069124423963134,2.1235734481437913,0.26666666666666666,,-0.7614940695930272,11.73187868339475,-14.268306165509859,42.78153909598812,-0.7614940695930272,,-16.304811312626118,5.44591416813639,-0.38717937452104667,,,,,,,,107.8,1.6333333333333333,107.8,1.6333333333333333,,,,,,,,,,,,,,,,,,,"Brian Jeroloman","sa326780",502089
"Jared Mitchell","CHW",116,484,423,77,48,11,3,15,52,43,48,1,208,6,4,3,,12,7,0.18203309692671396,0.09917355371900827,0.4297520661157025,0.23076923076923078,0.27234927234927236,0.32860520094562645,0.2720214224110047,0.6009544732948988,0.1465721040189125,5.741468531856872,0.30392156862745096,,-0.6202384212519974,37.91689306216289,-14.083476635646328,70.27123908042168,-0.6202384212519974,,-16.436198980333536,-2.3350970017636676,-0.3888949033782192,,,,,,,,363.4,3.132758620689655,363.4,3.132758620689655,,,,,,,,,,,,,,,,,,,"Jared Mitchell","sa327116",502200
"Marquez Smith","CIN",102,424,381,87,57,18,2,10,51,44,34,2,105,5,3,1,,1,0,0.2283464566929134,0.08018867924528301,0.24764150943396226,0.3238095238095238,0.2978723404255319,0.3648293963254593,0.29500692615599644,0.6627017367509912,0.1364829396325459,3.681264385895182,0.2862453531598513,,-0.15441677207127213,40.691227205484175,-4.862815670282584,84.22096807523964,-0.15441677207127213,,-7.664389932607305,-8.789535567313346,-0.3962915531915308,,,,,,,,382.69999999999993,3.751960784313725,382.69999999999993,3.751960784313725,,,,,,,,,,,,,,,,,,,"Marquez Smith","sa388379",456673
"Juan Pablo Pérez","SFG",128,442,416,99,67,23,3,6,50,38,17,0,94,4,2,3,,11,6,0.23798076923076922,0.038461538461538464,0.21266968325791855,0.18085106382978725,0.2733485193621868,0.35096153846153844,0.27689397199278815,0.6243100578237253,0.11298076923076922,5.712714456540459,0.29245283018867924,,-0.3941620606929064,36.278381655383406,-11.209559266996088,78.32363474402416,-0.3941620606929064,,-11.148926518466773,-5.872134038800705,-0.39870432900767844,,,,,,,,345.69999999999993,2.7007812499999995,345.69999999999993,2.7007812499999995,,,,,,,,,,,,,,,,,,,"Juan Pablo Perez","2557",448722
"Nomar Mazara","TEX",134,560,511,117,75,23,3,16,59,56,42,1,170,4,3,0,,3,3,0.22896281800391388,0.075,0.30357142857142855,0.24705882352941178,0.2910714285714286,0.3796477495107632,0.29801030832880937,0.6707191780821917,0.1506849315068493,3.626969726707954,0.3079268292682927,,-0.983630770817399,55.03309219853523,-5.13262480719445,85.1732560771964,-0.983630770817399,,-10.110192951173165,-11.172839506172838,-0.4021564197241224,,,,,,,,513.6999999999999,3.8335820895522383,513.6999999999999,3.8335820895522383,,,,,,,,,,,,,,,,,,,"Nomar Mazara","14553",608577
"Alfredo Marte","LAA",115,423,391,86,59,17,2,8,41,43,24,0,110,5,3,0,,4,1,0.21994884910485935,0.05673758865248227,0.26004728132387706,0.21818181818181817,0.2718676122931442,0.3350383631713555,0.2716602822567554,0.6069059754644996,0.11508951406649615,4.3511352653385575,0.2826086956521739,,0.09114430658519268,33.0209470250958,-12.425657070303577,75.44968897455935,0.09114430658519268,,-11.323720418909806,-5.662698412698412,-0.4036021597842216,,,,,,,,318.3,2.767826086956522,318.3,2.767826086956522,,,,,,,,,,,,,,,,,,,"Alfredo Marte","5212",501245
"Jayson Nix","BAL",92,301,272,58,41,12,1,4,28,25,19,0,74,4,2,4,,7,3,0.21323529411764705,0.06312292358803986,0.24584717607973422,0.25675675675675674,0.2727272727272727,0.3088235294117647,0.26298567020531854,0.5815508021390374,0.09558823529411767,4.785104257631653,0.2755102040816326,,0.027511149644851685,21.494572248639106,-10.844500641940595,62.719945666561784,0.027511149644851685,,-12.306843612013818,-0.8940329218106999,-0.4093472503174443,,,,,,,,204.79999999999995,2.2260869565217387,204.79999999999995,2.2260869565217387,,,,,,,,,,,,,,,,,,,"Jayson Nix","3790",434624
"Xavier Scruggs","STL",135,535,477,103,63,23,2,15,56,54,47,0,175,9,2,0,,5,4,0.21593291404612158,0.08785046728971962,0.32710280373831774,0.26857142857142857,0.297196261682243,0.3668763102725367,0.2988152866051576,0.6640725719547798,0.15094339622641512,3.812484480880821,0.3044982698961938,,-0.9569216512609273,52.90656353258626,-4.573183963959047,89.69505840712715,-0.9569216512609273,,-7.145508500001335,-12.828777189888301,-0.4136961671667396,,,,,,,,485.2,3.594074074074074,485.2,3.594074074074074,,,,,,,,,,,,,,,,,,,"Xavier Scruggs","7409",489305
"Matt Skole","WSN",99,420,369,79,50,19,1,9,43,55,45,2,126,2,3,1,,3,1,0.2140921409214092,0.10714285714285714,0.3,0.35714285714285715,0.30071599045346065,0.34417344173441733,0.28989814439837597,0.644889432187878,0.13008130081300812,3.570836306343188,0.29535864978902954,,-0.13524843496270478,38.66166953584741,-6.462618218449848,81.5986190977449,-0.13524843496270478,,-8.810695796221466,-7.716049382716049,-0.4175668688871851,,,,,,,,362.69999999999993,3.663636363636363,362.69999999999993,3.663636363636363,,,,,,,,,,,,,,,,,,,"Matt Skole","12119",605474
"Brent Lillibridge","TEX",99,321,296,62,42,10,1,9,36,28,17,1,98,4,2,2,,12,4,0.20945945945945946,0.0529595015576324,0.3052959501557632,0.17346938775510204,0.2601880877742947,0.34121621621621623,0.26742552361398375,0.6014043039905109,0.13175675675675677,5.840731865077138,0.2774869109947644,,0.6579906693659723,24.01586298466769,-10.471985513259497,63.832475944733524,0.6579906693659723,,-12.10337680243778,-1.8205467372134039,-0.4196447883711393,,,,,,,,245.10000000000002,2.475757575757576,245.10000000000002,2.475757575757576,,,,,,,,,,,,,,,,,,,"Brent Lillibridge","3501",452121
"Quintin Berry","BOS",119,432,383,85,65,15,2,3,44,28,38,0,109,4,2,5,,24,5,0.22193211488250653,0.08796296296296297,0.2523148148148148,0.3486238532110092,0.297423887587822,0.2950391644908616,0.2715438348906381,0.5924630520786835,0.07310704960835507,6.2480121971058,0.30036630036630035,,2.5112618224229664,33.68493774891207,-12.728615369793681,65.92772273097299,2.5112618224229664,,-13.667985404289048,-3.761904761904761,-0.4211902621493463,,,,,,,,333.69999999999993,2.8042016806722683,333.69999999999993,2.8042016806722683,,,,,,,,,,,,,,,,,,,"Quintin Berry","9414",450641
"Travis Buck","SDP",55,175,160,36,26,8,0,2,20,15,11,0,37,2,2,0,,0,1,0.225,0.06285714285714286,0.21142857142857144,0.2972972972972973,0.28,0.3125,0.26707868473870416,0.5925,0.0875,2.4621392403762763,0.2764227642276423,,-0.5241065353620797,13.04620757880064,-5.755578985489884,70.99622509268049,-0.5241065353620797,,-6.221611970389241,-2.9290123456790123,-0.42237325020614014,,,,,,,,119.8,2.178181818181818,119.8,2.178181818181818,,,,,,,,,,,,,,,,,,,"Travis Buck","4646",459941
"James Adduci","TEX",98,357,324,75,56,12,1,6,37,29,26,1,85,1,3,3,,13,5,0.23148148148148148,0.07282913165266107,0.23809523809523808,0.3058823529411765,0.288135593220339,0.33024691358024694,0.27682860883707366,0.6183825068005859,0.09876543209876545,5.172977164082728,0.2923728813559322,,0.4055215702392161,29.28387282921921,-9.071771761933459,70.39355447393764,0.4055215702392161,,-11.212385267084581,-3.935185185185185,-0.4296424707603529,,,,,,,,284.59999999999997,2.9040816326530607,284.59999999999997,2.9040816326530607,,,,,,,,,,,,,,,,,,,"James Adduci","6448",451192
"Darren Ford","SFG",92,325,299,67,53,9,2,3,34,23,20,0,77,2,2,2,,21,10,0.22408026755852842,0.06153846153846154,0.23692307692307693,0.2597402597402597,0.2755417956656347,0.2976588628762542,0.25913821193086845,0.573200658541889,0.07357859531772579,6.510392940547638,0.2895927601809955,,0.1466079445090145,22.24938777980373,-12.66821583959296,66.19183142207149,0.1466079445090145,,-12.18719994712643,-1.5824514991181662,-0.4307322777866051,,,,,,,,219.79999999999998,2.3891304347826083,219.79999999999998,2.3891304347826083,,,,,,,,,,,,,,,,,,,"Darren Ford","109",452096
"Kelby Tomlinson","SFG",113,457,415,88,72,10,4,2,46,31,32,0,110,3,3,4,,22,8,0.21204819277108433,0.0700218818380744,0.24070021881838075,0.2909090909090909,0.271523178807947,0.26987951807228916,0.24735550835695752,0.5414026968802361,0.05783132530120483,6.8103920289001705,0.28104575163398693,,0.980077983578667,27.15616331459002,-21.94335931330009,58.14117958508661,0.980077983578667,,-20.493052307516546,2.6791593180482067,-0.43583935583145705,,,,,,,,272.8,2.4141592920353983,272.8,2.4141592920353983,,,,,,,,,,,,,,,,,,,"Kelby Tomlinson","13005",605509
"Blake Davis","PIT",96,319,302,69,52,12,3,2,26,26,12,1,60,1,1,3,,4,2,0.22847682119205298,0.03761755485893417,0.18808777429467086,0.2,0.25949367088607594,0.3079470198675497,0.2515261173248291,0.5674406907536256,0.0794701986754967,4.744849389129412,0.27800829875518673,,-0.19542758166790009,19.976229147736905,-14.296741789455533,59.18668564339395,-0.19542758166790009,,-14.809953129167676,1.1721046443268666,-0.43620680417456614,,,,,,,,196.1,2.042708333333333,196.1,2.042708333333333,,,,,,,,,,,,,,,,,,,"Blake Davis","5812",488819
"KD Kang","ATL",109,429,390,86,54,18,4,10,45,37,33,1,143,3,2,1,,3,2,0.2205128205128205,0.07692307692307693,0.3333333333333333,0.23076923076923078,0.2850467289719626,0.3641025641025641,0.28887295625248893,0.6491492930745266,0.14358974358974358,4.809279593686738,0.3179916317991632,,-0.4896873652469367,39.15281617961229,-6.938420597991343,81.8111563465581,-0.4896873652469367,,-9.24868795398287,-7.728835978835979,-0.43711437473409437,,,,,,,,368.69999999999993,3.382568807339449,368.69999999999993,3.382568807339449,,,,,,,,,,,,,,,,,,,"KD Kang","sa327822",502439
"Brock Peterson","MIN",127,497,458,103,66,21,1,15,52,51,31,1,143,6,2,0,,1,0,0.22489082969432314,0.06237424547283702,0.28772635814889336,0.21678321678321677,0.28169014084507044,0.37336244541484714,0.2912391020405677,0.6550525862599176,0.148471615720524,2.74402915902965,0.2913907284768212,,-0.18457990186288953,46.260793873116306,-7.136279969468783,82.87977624954219,-0.18457990186288953,,-9.537327803198318,-10.130658436213992,-0.442393372499561,,,,,,,,439.29999999999995,3.459055118110236,439.29999999999995,3.459055118110236,,,,,,,,,,,,,,,,,,,"Brock Peterson","4984",453857
"Jose Constanza","ATL",119,466,432,110,98,8,3,1,49,27,25,1,67,1,2,6,,18,9,0.25462962962962965,0.0536480686695279,0.14377682403433475,0.373134328358209,0.2956521739130435,0.29398148148148145,0.2656570993737198,0.589633655394525,0.039351851851851805,5.670895474536585,0.2978142076502732,,-0.25730956555344164,34.232101156606504,-15.834370494589978,65.94868644261535,-0.25730956555344164,,-18.069279770369477,-0.13668430335096993,-0.4489473161798814,,,,,,,,320.7,2.694957983193277,320.7,2.694957983193277,,,,,,,,,,,,,,,,,,,"Jose Constanza","6003",468429
"Paul Janish","BAL",108,344,318,67,50,14,1,2,28,22,19,0,65,3,2,2,,1,2,0.21069182389937108,0.055232558139534885,0.18895348837209303,0.2923076923076923,0.260233918128655,0.279874213836478,0.24474557380230105,0.540108131965133,0.0691823899371069,2.8042181454419337,0.25691699604743085,,-0.8255907204002142,19.75280192864288,-17.20613851773392,49.99277133588766,-0.8255907204002142,,-19.734419660669076,4.791887125220458,-0.45201018307448004,,,,,,,,184.6,1.7092592592592593,184.6,1.7092592592592593,,,,,,,,,,,,,,,,,,,"Paul Janish","7412",457926
"Cutter Dykstra","WSN",108,452,409,94,71,17,2,4,44,38,35,0,111,4,3,1,,12,5,0.22982885085574573,0.07743362831858407,0.24557522123893805,0.3153153153153153,0.29490022172949004,0.3105134474327628,0.2747908479094241,0.6054136691622529,0.0806845965770171,5.00639245657681,0.30303030303030304,,0.09995061298832297,36.37006875430323,-12.192259971750003,71.27640539969751,0.09995061298832297,,-14.473735007689369,-3.339212228101117,-0.45234542724275373,,,,,,,,341.5,3.162037037037037,341.5,3.162037037037037,,,,,,,,,,,,,,,,,,,"Cutter Dykstra","sa454428",543127
"Kaleb Cowart","LAA",136,538,501,107,77,20,3,7,46,47,29,1,134,2,3,3,,15,6,0.21357285429141717,0.05390334572490706,0.24907063197026022,0.21641791044776118,0.25794392523364484,0.3073852295409182,0.2526188138942147,0.565329154774563,0.093812375249501,5.346872798383851,0.27548209366391185,,0.33420051797293127,34.141196614995465,-23.660867222651977,62.16335089786035,0.33420051797293127,,-22.04107265856317,0.9767783656672546,-0.4540768970567114,,,,,,,,343.7999999999999,2.5279411764705877,343.7999999999999,2.5279411764705877,,,,,,,,,,,,,,,,,,,"Kaleb Cowart","11494",592230
"Ryan Raburn","CLE",83,268,245,53,32,13,0,8,28,33,18,1,71,2,2,1,,0,0,0.2163265306122449,0.06716417910447761,0.26492537313432835,0.2535211267605634,0.27340823970037453,0.3673469387755102,0.2836450062748185,0.6407551784758847,0.1510204081632653,1.5019841269841265,0.26785714285714285,,-0.19228995242156088,23.384507768469057,-5.409085369987287,77.89308604410353,-0.19228995242156088,,-6.704618732996159,-5.954144620811288,-0.463754015580339,,,,,,,,224.69999999999993,2.70722891566265,224.69999999999993,2.70722891566265,,,,,,,,,,,,,,,,,,,"Ryan Raburn","2218",430605
"Jeremy Hermida","MIL",106,414,367,84,54,17,1,12,48,46,43,0,117,2,2,0,,1,2,0.22888283378746593,0.10386473429951691,0.2826086956521739,0.36752136752136755,0.3115942028985507,0.3787465940054496,0.30988942756169086,0.6903407969040003,0.14986376021798364,2.7096042910167375,0.3,,-0.9273912834469229,44.457102143766214,-0.02255292832679693,92.85887122950503,-0.9273912834469229,,-4.246025441818085,-12.563492063492063,-0.4685154610155239,,,,,,,,402.49999999999994,3.7971698113207544,402.49999999999994,3.7971698113207544,,,,,,,,,,,,,,,,,,,"Jeremy Hermida","7208",435181
"Álex González","DET",20,59,57,11,9,1,1,0,6,5,2,0,12,0,0,0,,0,0,0.19298245614035087,0.03389830508474576,0.2033898305084746,0.16666666666666666,0.22033898305084745,0.24561403508771928,0.20880967580665977,0.4659530181385667,0.05263157894736842,4.652472527472527,0.24444444444444444,,-0.041474303463473916,1.7616920411491863,-4.5771960005259045,26.260360585948245,-0.041474303463473916,,-4.823659871388403,-1.349647266313933,-0.4735534719377058,,,,,,,,19.199999999999996,0.9599999999999997,19.199999999999996,0.9599999999999997,,,,,,,,,,,,,,,,,,,"Alex Gonzalez","520",136460
"Reed Johnson","MIA",92,165,151,35,23,10,0,2,19,18,3,0,33,7,2,2,,0,1,0.23178807947019867,0.01818181818181818,0.2,0.09090909090909091,0.27607361963190186,0.33774834437086093,0.27438215646275715,0.6138219640027628,0.10596026490066227,3.026803657239546,0.2796610169491525,,-0.5014841880183667,13.224964480495009,-4.502434280121772,72.93879459240623,-0.5014841880183667,,-5.513624905727877,-3.818783068783069,-0.4755324129082582,,,,,,,,120,1.3043478260869565,120,1.3043478260869565,,,,,,,,,,,,,,,,,,,"Reed Johnson","1702",407862
"Stetson Allie","PIT",107,448,399,82,52,16,1,13,49,44,43,1,159,3,2,1,,5,4,0.20551378446115287,0.09598214285714286,0.3549107142857143,0.27044025157232704,0.28635346756152125,0.3483709273182957,0.28564230035238736,0.6347243948798169,0.14285714285714285,3.7777084298515793,0.30131004366812225,,-0.8739730443339795,39.77679563299219,-8.355777971591547,82.49691405055391,-0.8739730443339795,,-9.676042939448475,-8.23045267489712,-0.47589443911207596,,,,,,,,370.8,3.465420560747664,370.8,3.465420560747664,,,,,,,,,,,,,,,,,,,"Stetson Allie","sa548192",592105
"Omir Santos","WSN",40,134,126,28,21,5,1,1,10,11,3,0,29,1,2,2,,0,0,0.2222222222222222,0.022388059701492536,0.21641791044776118,0.10344827586206896,0.24242424242424243,0.30158730158730157,0.24011572608442017,0.5440115440115441,0.07936507936507936,2.6428571428571423,0.2755102040816326,,-0.09425978059880435,7.218577646261281,-7.178218922966892,47.58427638473633,-0.09425978059880435,,-7.978476572938064,-0.5382128159905939,-0.48903843295972643,,,,,,,,72.39999999999998,1.8099999999999994,72.39999999999998,1.8099999999999994,,,,,,,,,,,,,,,,,,,"Omir Santos","3583",435408
"Skip Schumaker","CIN",101,308,279,68,52,13,1,2,28,27,23,1,51,2,1,3,,2,1,0.24372759856630824,0.07467532467532467,0.16558441558441558,0.45098039215686275,0.30491803278688523,0.31899641577060933,0.28141309752276067,0.6239144485574946,0.07526881720430109,3.349658239024129,0.2907488986784141,,-0.2636110046878457,26.347496369038254,-6.743647984113064,74.93284665460612,-0.2636110046878457,,-8.930194146815207,-4.868312757201647,-0.49037073683561017,,,,,,,,239.99999999999994,2.3762376237623757,239.99999999999994,2.3762376237623757,,,,,,,,,,,,,,,,,,,"Skip Schumaker","3704",435401
"Danny Worth","ARI",95,342,310,62,41,16,2,3,28,23,26,0,98,2,1,3,,7,3,0.2,0.07602339181286549,0.28654970760233917,0.2653061224489796,0.26548672566371684,0.29354838709677417,0.25403727489938427,0.559035112760491,0.09354838709677415,4.955936337709334,0.28095238095238095,,0.008659193525090814,22.07520738803903,-14.668855497603024,52.833114391758905,0.008659193525090814,,-18.098715170974565,3.2566137566137567,-0.4918941578164089,,,,,,,,212.1,2.2326315789473683,212.1,2.2326315789473683,,,,,,,,,,,,,,,,,,,"Danny Worth","198",519445
"Patrick Wisdom","STL",134,530,493,100,65,20,4,11,49,47,31,0,175,2,3,1,,5,1,0.2028397565922921,0.05849056603773585,0.330188679245283,0.17714285714285713,0.2514177693761815,0.3265720081135903,0.257929253442977,0.5779897774897718,0.12373225152129819,5.136558693244741,0.2870967741935484,,0.2534403973259032,35.79218262682446,-21.150370967883976,61.7592611667593,0.2534403973259032,,-22.497236232117178,1.9473838918283364,-0.49343891412557084,,,,,,,,356.90000000000003,2.663432835820896,356.90000000000003,2.663432835820896,,,,,,,,,,,,,,,,,,,"Patrick Wisdom","13602",621550
"Ryan Wheeler","LAA",137,493,458,104,76,19,1,8,41,50,25,2,125,2,7,1,,2,2,0.22707423580786026,0.05070993914807302,0.2535496957403651,0.2,0.266260162601626,0.32532751091703055,0.26151660668606663,0.5915876735186565,0.09825327510917028,2.5796385521745098,0.2891566265060241,,-0.734932062914595,34.64991915340897,-18.317399567706616,68.37185755911796,-0.734932062914595,,-17.874268685016887,-2.1885655496766607,-0.4995060389991463,,,,,,,,339.59999999999997,2.478832116788321,339.59999999999997,2.478832116788321,,,,,,,,,,,,,,,,,,,"Ryan Wheeler","9312",572253
"Dean Green","DET",106,436,406,100,72,19,1,8,39,42,20,1,93,7,3,0,,1,1,0.24630541871921183,0.045871559633027525,0.21330275229357798,0.21505376344086022,0.29128440366972475,0.35714285714285715,0.2883436627771663,0.6484272608125818,0.11083743842364532,2.375139176161321,0.2987012987012987,,-0.5465596145950258,39.61467819841572,-7.228630041759529,81.75584125784559,-0.5465596145950258,,-9.290027815438876,-9.009994121105233,-0.5028310976520269,,,,,,,,370.09999999999997,3.4915094339622637,370.09999999999997,3.4915094339622637,,,,,,,,,,,,,,,,,,,"Dean Green","sa526876",606987
"Tyler Colvin","MIA",113,372,346,75,45,17,6,7,38,40,21,1,103,2,2,1,,4,1,0.21676300578034682,0.056451612903225805,0.2768817204301075,0.20388349514563106,0.2641509433962264,0.36127167630057805,0.27543491527840896,0.6254226196968045,0.14450867052023122,6.172014621734883,0.2857142857142857,,0.17032252228818834,30.11664908743445,-9.850577209228835,73.65810274099577,0.17032252228818834,,-10.829411018956637,-5.1005291005291005,-0.5115584977089253,,,,,,,,297.1,2.629203539823009,297.1,2.629203539823009,,,,,,,,,,,,,,,,,,,"Tyler Colvin","5310",502125
"Gabriel Guerrero","SEA",137,581,553,131,100,19,2,10,60,48,22,1,181,1,4,1,,12,6,0.23688969258589512,0.0378657487091222,0.31153184165232356,0.12154696132596685,0.2655172413793103,0.33273056057866185,0.26484260822618977,0.5982478019579722,0.09584086799276673,4.689806388388389,0.33060109289617484,,-0.32235535932704806,42.31699232090369,-20.104939072540848,69.91084760732676,-0.32235535932704806,,-19.5382004740265,-3.4043209876543195,-0.511720091341202,,,,,,,,416.0999999999999,3.037226277372262,416.0999999999999,3.037226277372262,,,,,,,,,,,,,,,,,,,"Gabriel Guerrero","14528",602115
"Ozzie Martínez","BAL",107,381,355,80,62,13,2,3,35,28,18,1,67,2,2,4,,5,2,0.22535211267605634,0.047244094488188976,0.17585301837270342,0.26865671641791045,0.26525198938992045,0.29859154929577464,0.2520947315274401,0.563843538685695,0.0732394366197183,4.553307112172573,0.2682926829268293,,-0.05952422949485481,24.02491432412631,-16.909260995843347,55.12070539307783,-0.05952422949485481,,-18.854613861924868,2.1997354497354493,-0.5121618189700683,,,,,,,,234.20000000000002,2.188785046728972,234.20000000000002,2.188785046728972,,,,,,,,,,,,,,,,,,,"Ozzie Martinez","3900",501954
"Mitch Canham","WSN",50,180,163,35,27,6,1,1,16,11,14,0,37,1,1,1,,4,2,0.2147239263803681,0.07777777777777778,0.20555555555555555,0.3783783783783784,0.27932960893854747,0.2822085889570552,0.25648360145824584,0.5615381978956027,0.06748466257668709,4.969052171731845,0.2698412698412698,,-0.11247897474095225,11.956256753196651,-7.382723712930744,58.76779340349564,-0.11247897474095225,,-8.443558034589802,-1.6931216931216935,-0.513922199604375,,,,,,,,112.5,2.25,112.5,2.25,,,,,,,,,,,,,,,,,,,"Mitch Canham","sa389920",502262
"Walter Ibarra","ARI",86,325,310,74,56,13,1,4,30,25,9,0,78,2,1,3,,4,3,0.23870967741935484,0.027692307692307693,0.24,0.11538461538461539,0.2639751552795031,0.3258064516129032,0.26218592583762934,0.5897816068924063,0.08709677419354839,3.9601577088403004,0.3056768558951965,,-0.5838000329677016,23.00907675617886,-11.908526863217826,58.400762871873944,-0.5838000329677016,,-15.759925234610687,1.1941504997060552,-0.5180577017407122,,,,,,,,217.59999999999994,2.530232558139534,217.59999999999994,2.530232558139534,,,,,,,,,,,,,,,,,,,"Walter Ibarra","sa314143",503429
"Chad Pinder","OAK",84,375,352,76,52,16,2,6,33,29,14,0,98,6,2,1,,7,8,0.2159090909090909,0.037333333333333336,0.2613333333333333,0.14285714285714285,0.25668449197860965,0.32386363636363635,0.2592146434885933,0.580548128342246,0.10795454545454544,4.6268629185837185,0.28,,-1.8879583682864904,25.69435327652281,-14.595189361242596,66.00676638273534,-1.8879583682864904,,-15.899862263692562,-0.6221340388007055,-0.5182898853675791,,,,,,,,238.69999999999996,2.8416666666666663,238.69999999999996,2.8416666666666663,,,,,,,,,,,,,,,,,,,"Chad Pinder","15191",640461
"Kyle Kubitza","LAA",132,532,476,92,57,21,5,9,55,49,47,3,205,5,3,1,,10,9,0.19327731092436976,0.08834586466165413,0.38533834586466165,0.22926829268292684,0.2711864406779661,0.31512605042016806,0.2634235561797113,0.5863124910981341,0.1218487394957983,5.874297471029706,0.3132075471698113,,-1.7932129385881126,38.16907647563264,-18.98835467981055,69.7024469435793,-1.7932129385881126,,-19.510311052350993,-2.045267489711934,-0.5286687211183848,,,,,,,,362.99999999999994,2.7499999999999996,362.99999999999994,2.7499999999999996,,,,,,,,,,,,,,,,,,,"Kyle Kubitza","12148",605323
"Oscar Tejeda","WSN",105,405,382,87,61,15,2,9,39,39,18,1,98,1,3,1,,6,2,0.22774869109947643,0.044444444444444446,0.2419753086419753,0.1836734693877551,0.2623762376237624,0.3481675392670157,0.2693582399015687,0.6105437768907781,0.12041884816753928,4.617877056260024,0.2805755395683453,,0.14801655593328178,30.900733567201858,-12.61197248158478,67.56452082552394,0.14801655593328178,,-14.597755456217238,-2.511904761904762,-0.5313352673290104,,,,,,,,307.49999999999994,2.928571428571428,307.49999999999994,2.928571428571428,,,,,,,,,,,,,,,,,,,"Oscar Tejeda","sa392406",520988
"Endy Chavez","SEA",103,335,306,79,64,12,1,2,30,23,17,1,40,1,3,8,,3,5,0.2581699346405229,0.050746268656716415,0.11940298507462686,0.425,0.2966360856269113,0.3235294117647059,0.2764004057536096,0.6201654973916172,0.065359477124183,2.8590938438286972,0.2883895131086142,,-1.5907080683391541,27.369244109617355,-8.622747313453079,77.97539401979921,-1.5907080683391541,,-9.700810844999001,-5.692680776014109,-0.5325306485023144,,,,,,,,241.39999999999998,2.343689320388349,241.39999999999998,2.343689320388349,,,,,,,,,,,,,,,,,,,"Endy Chavez","768",346795
"Sharlon Schoop","BAL",73,259,239,48,35,9,0,4,23,20,16,0,68,1,1,2,,1,2,0.200836820083682,0.06177606177606178,0.2625482625482625,0.23529411764705882,0.2529182879377432,0.28870292887029286,0.24529468317440048,0.5416212168080361,0.08786610878661086,2.220365327510713,0.2619047619047619,,-0.7501828959211707,14.981100312194311,-12.845543802955664,50.37591682760558,-0.7501828959211707,,-14.877694197238899,1.8549382716049383,-0.53473527044851,,,,,,,,140.79999999999995,1.9287671232876706,140.79999999999995,1.9287671232876706,,,,,,,,,,,,,,,,,,,"Sharlon Schoop","sa293531",463748
"Chris Marrero","BAL",105,420,387,91,61,17,2,11,43,46,27,0,94,3,3,0,,0,0,0.2351421188630491,0.06428571428571428,0.22380952380952382,0.2872340425531915,0.28809523809523807,0.37467700258397935,0.294584570754142,0.6627722406792174,0.13953488372093026,2.3870160213618155,0.2807017543859649,,-0.34310560137964785,40.17129549054898,-4.952992263748278,84.76833329876644,-0.34310560137964785,,-7.374964078688031,-10.716049382716049,-0.5351151268146157,,,,,,,,376.7,3.5876190476190475,376.7,3.5876190476190475,,,,,,,,,,,,,,,,,,,"Chris Marrero","2852",502029
"Thomas Neal","CIN",103,405,371,91,68,16,1,6,47,36,24,1,85,7,2,1,,4,3,0.24528301886792453,0.05925925925925926,0.20987654320987653,0.2823529411764706,0.30198019801980197,0.3423180592991914,0.2890880601873469,0.6442982573189934,0.09703504043126687,3.7803518142580605,0.30141843971631205,,-0.700682160910219,37.029265021251796,-6.483441027534838,80.17684281277582,-0.700682160910219,,-9.712658055314506,-7.440476190476191,-0.5361038602733912,,,,,,,,339.3,3.2941747572815534,339.3,3.2941747572815534,,,,,,,,,,,,,,,,,,,"Thomas Neal","9461",489166
"Lucas May","MIL",47,159,149,31,21,7,1,2,14,14,6,1,43,1,2,1,,1,0,0.2080536912751678,0.03773584905660377,0.27044025157232704,0.13953488372093023,0.24050632911392406,0.3087248322147651,0.24060351188015786,0.5492311613286891,0.10067114093959731,4.5987865976717455,0.27358490566037735,,0.09819943993352354,8.624811806465553,-8.45795427194698,45.518565937112136,0.09819943993352354,,-9.625641101523248,-0.0789241622574961,-0.536285491215182,,,,,,,,92.3,1.9638297872340424,92.3,1.9638297872340424,,,,,,,,,,,,,,,,,,,"Lucas May","5633",461315
"Yeison Asencio","SDP",131,548,523,132,95,25,4,8,62,53,18,2,78,3,3,1,,5,4,0.25239005736137665,0.032846715328467155,0.14233576642335766,0.23076923076923078,0.2797074954296161,0.361376673040153,0.28179442051353804,0.641084168469769,0.10898661567877632,4.523751136803095,0.2818181818181818,,-0.9380696951411664,47.038282864862566,-11.83816877645862,81.05090095761248,-0.9380696951411664,,-12.594385296436517,-9.040564373897709,-0.5526661000964115,,,,,,,,447.99999999999994,3.4198473282442743,447.99999999999994,3.4198473282442743,,,,,,,,,,,,,,,,,,,"Yeison Asencio","sa548016",593772
"Jason Hagerty","SDP",73,299,268,58,37,14,1,6,37,31,26,1,77,4,1,0,,1,1,0.21641791044776118,0.08695652173913043,0.25752508361204013,0.33766233766233766,0.29431438127090304,0.34328358208955223,0.286956944321626,0.6375979633604553,0.12686567164179105,3.5183139896611064,0.27956989247311825,,-0.4259070954285562,26.848938962051616,-5.275256367793336,84.57824776035193,-0.4259070954285562,,-5.601940654145583,-8.493092298647856,-0.5527938373565668,,,,,,,,248.59999999999994,3.4054794520547937,248.59999999999994,3.4054794520547937,,,,,,,,,,,,,,,,,,,"Jason Hagerty","sa501451",571734
"Xavier Nady","SEA",75,259,240,52,38,9,0,5,24,22,14,1,62,3,2,0,,1,0,0.21666666666666667,0.05405405405405406,0.23938223938223938,0.22580645161290322,0.26640926640926643,0.31666666666666665,0.2605673019276109,0.5830759330759331,0.09999999999999998,2.6702839977770934,0.26857142857142857,,-0.0036011231131851673,18.01493240828752,-9.811711706862454,66.92771816673671,-0.0036011231131851673,,-9.418969740335498,-3.8549382716049383,-0.5622837202000368,,,,,,,,177.2,2.3626666666666667,177.2,2.3626666666666667,,,,,,,,,,,,,,,,,,,"Xavier Nady","1658",294558
"Corey Wimberly","MIN",71,256,236,55,44,9,2,0,22,16,10,0,40,4,2,4,,9,4,0.2330508474576271,0.0390625,0.15625,0.25,0.27380952380952384,0.288135593220339,0.2532616886827681,0.5619451170298628,0.055084745762711884,5.707897436705142,0.2777777777777778,,0.07307222532108426,16.37184993630627,-11.132477837741583,56.380729876474376,0.07307222532108426,,-12.201087283563076,-1.0593768371546148,-0.571160923102365,,,,,,,,157.4,2.2169014084507044,157.4,2.2169014084507044,,,,,,,,,,,,,,,,,,,"Corey Wimberly","sa290201",489432
"Brett Carroll","TOR",69,250,226,44,28,9,1,6,25,21,18,0,79,3,2,1,,3,2,0.19469026548672566,0.072,0.316,0.22784810126582278,0.26104417670682734,0.3230088495575221,0.26316612767407216,0.5840530262643495,0.12831858407079647,4.357211371665409,0.26573426573426573,,-0.3388717162888497,17.887236115439638,-8.972458976403969,63.47044191698975,-0.3388717162888497,,-10.37711762063128,-2.755731922398589,-0.5778667762225738,,,,,,,,171.69999999999996,2.4884057971014486,171.69999999999996,2.4884057971014486,,,,,,,,,,,,,,,,,,,"Brett Carroll","8066",448276
"Irving Falu","CIN",113,434,399,98,80,12,3,3,39,28,23,1,46,0,2,10,,11,8,0.24561403508771928,0.052995391705069124,0.10599078341013825,0.5,0.28537735849056606,0.3132832080200501,0.26758837305344024,0.5986605665106162,0.06766917293233082,4.802219248097629,0.26988636363636365,,-1.2010700930841267,32.524252143121494,-14.104178536319,65.48696330987204,-1.2010700930841267,,-18.014839079332365,-0.4053497942386832,-0.5787480550764984,,,,,,,,297.4,2.631858407079646,297.4,2.631858407079646,,,,,,,,,,,,,,,,,,,"Irving Falu","6165",458252
"Roger Kieschnick","LAA",115,440,411,84,52,18,3,11,45,47,24,1,146,2,3,0,,4,2,0.20437956204379562,0.05454545454545454,0.33181818181818185,0.1643835616438356,0.25,0.34306569343065696,0.2622770221738446,0.593065693430657,0.13868613138686134,4.85363758533233,0.2840466926070039,,-0.24444266757927835,31.181492051187263,-16.091571310457482,68.90244359676046,-0.24444266757927835,,-15.28459877303493,-3.8500881834215166,-0.5805816449765007,,,,,,,,312.09999999999997,2.713913043478261,312.09999999999997,2.713913043478261,,,,,,,,,,,,,,,,,,,"Roger Kieschnick","5225",523261
"Jim Murphy","PHI",125,510,464,102,64,23,2,13,51,55,37,1,146,5,4,0,,1,1,0.21982758620689655,0.07254901960784314,0.28627450980392155,0.2534246575342466,0.2823529411764706,0.3620689655172414,0.2868672280274112,0.644421906693712,0.14224137931034483,2.995194712243709,0.28802588996763756,,-0.572952353162691,45.76075612445141,-9.033021862909548,81.04389583345166,-0.572952353162691,,-11.424993608204998,-9.369488536155202,-0.5867111838767771,,,,,,,,432.5999999999999,3.4607999999999994,432.5999999999999,3.4607999999999994,,,,,,,,,,,,,,,,,,,"Jim Murphy","sa454769",543582
"Jason Kubel","MIN",82,303,269,60,40,11,1,8,27,36,31,4,92,1,2,0,,1,1,0.22304832713754646,0.10231023102310231,0.30363036303630364,0.33695652173913043,0.30363036303630364,0.36059479553903345,0.29372297242333656,0.6642251585753371,0.137546468401487,2.677044199886329,0.30409356725146197,,-0.43344787787646055,28.780491887175415,-3.773458564139037,84.61291683596299,-0.43344787787646055,,-5.558193732469409,-9.33994708994709,-0.5886160871297166,,,,,,,,274.9,3.3524390243902435,274.9,3.3524390243902435,,,,,,,,,,,,,,,,,,,"Jason Kubel","2161",430585
"Derrick Mitchell","ATL",85,289,262,56,36,12,1,7,31,27,21,1,76,2,3,1,,7,4,0.21374045801526717,0.0726643598615917,0.2629757785467128,0.27631578947368424,0.2743055555555556,0.3473282442748092,0.27630859218823367,0.6216337998303647,0.133587786259542,4.774850043354767,0.2692307692307692,,-0.3269277806393802,23.590728377643277,-7.459079148527928,73.22642704398861,-0.3269277806393802,,-9.01245825160364,-5.185626102292769,-0.5973169912281595,,,,,,,,229,2.6941176470588237,229,2.6941176470588237,,,,,,,,,,,,,,,,,,,"Derrick Mitchell","sa295726",489127
"Julio Morban","SEA",86,338,315,71,51,13,3,4,35,29,18,1,118,2,2,1,,3,1,0.2253968253968254,0.05325443786982249,0.34911242603550297,0.15254237288135594,0.27002967359050445,0.3238095238095238,0.264139979722954,0.5938391974000283,0.09841269841269842,5.2164718567368995,0.3435897435897436,,-0.04098865436390042,24.436000537500732,-11.87830722667182,69.42058290407097,-0.04098865436390042,,-11.40206049764434,-4.725749559082892,-0.6027249614218466,,,,,,,,237.89999999999992,2.766279069767441,237.89999999999992,2.766279069767441,,,,,,,,,,,,,,,,,,,"Julio Morban","sa503304",573650
"Cory Vaughn","NYM",113,451,404,80,54,14,2,10,47,40,35,0,148,9,2,1,,10,3,0.19801980198019803,0.07760532150776053,0.328159645232816,0.23648648648648649,0.27555555555555555,0.31683168316831684,0.2696645387013753,0.5923872387238724,0.1188118811881188,5.54772616849368,0.28225806451612906,,0.4993178569711745,34.516396306435304,-13.938493639250558,72.7141516190603,0.4993178569711745,,-13.314259906784903,-5.971340388007055,-0.617200225266128,,,,,,,,332.6,2.943362831858407,332.6,2.943362831858407,,,,,,,,,,,,,,,,,,,"Cory Vaughn","sa526822",519377
"Aaron Cunningham","ARI",105,342,311,70,44,19,3,4,34,31,24,1,66,4,2,1,,3,2,0.22508038585209003,0.07017543859649122,0.19298245614035087,0.36363636363636365,0.2873900293255132,0.3440514469453376,0.28172628932139454,0.6314414762708509,0.1189710610932476,4.5463501852867525,0.2716049382716049,,-0.42182032321579754,29.338137587258075,-7.40592529838398,71.7519145994151,-0.42182032321579754,,-11.266264488496407,-4.769841269841271,-0.6228624852425773,,,,,,,,274.8999999999999,2.618095238095237,274.8999999999999,2.618095238095237,,,,,,,,,,,,,,,,,,,"Aaron Cunningham","4087",488811
"John Baker","SEA",58,186,167,30,25,4,0,1,11,11,16,2,56,1,1,1,,0,0,0.17964071856287425,0.08602150537634409,0.3010752688172043,0.2857142857142857,0.25405405405405407,0.2215568862275449,0.2181832399524626,0.475610940281599,0.041916167664670656,0.9067460317460314,0.26126126126126126,,-0.15081564895808697,6.8910075724953135,-13.092605575836329,37.353897191175946,-0.15081564895808697,,-12.958788735709218,1.4171075837742504,-0.6241734612162988,,,,,,,,73,1.2586206896551724,73,1.2586206896551724,,,,,,,,,,,,,,,,,,,"John Baker","4756",434633
"Bubba Starling","KCR",133,545,499,106,73,20,3,10,54,47,34,0,162,8,4,0,,15,3,0.2124248496993988,0.062385321100917435,0.29724770642201837,0.20987654320987653,0.27155963302752295,0.3246492985971944,0.26826962823167855,0.5962089316247173,0.11222444889779559,5.843596822529738,0.29003021148036257,,1.4352212210651487,41.12743053439762,-17.42670476582144,66.08489697366262,1.4352212210651487,,-18.88194090669286,-3.9975014697236917,-0.6290231411310347,,,,,,,,409.79999999999995,3.0812030075187966,409.79999999999995,3.0812030075187966,,,,,,,,,,,,,,,,,,,"Bubba Starling","13356",605490
"Josh Wilson","DET",103,342,320,67,51,12,1,3,30,26,14,0,93,4,2,2,,2,2,0.209375,0.04093567251461988,0.2719298245614035,0.15053763440860216,0.25,0.28125,0.2395277533461066,0.53125,0.071875,3.496075993465807,0.2831858407079646,,-0.6142795437481254,18.26930658350367,-18.47475630213838,47.694146861498254,-0.6142795437481254,,-20.277280456911363,3.76984126984127,-0.6305633876753876,,,,,,,,176.1,1.7097087378640776,176.1,1.7097087378640776,,,,,,,,,,,,,,,,,,,"Josh Wilson","2102",425543
"Matt Carson","LAD",111,419,388,88,62,16,1,9,44,40,22,1,112,5,2,2,,8,2,0.2268041237113402,0.05250596658711217,0.26730310262529833,0.19642857142857142,0.27577937649880097,0.3427835051546392,0.2758090232427304,0.6185628816534401,0.11597938144329897,4.663339953288377,0.2936802973977695,,0.5140830408781767,34.041933056230214,-10.97491591769967,77.51987456876846,0.5140830408781767,,-10.059079935511088,-8.460464432686654,-0.639475620726412,,,,,,,,332.0999999999999,2.991891891891891,332.0999999999999,2.991891891891891,,,,,,,,,,,,,,,,,,,"Matt Carson","4748",454998
"Trayvon Robinson","SDP",112,448,411,85,59,17,2,7,43,32,31,1,144,1,2,3,,11,6,0.20681265206812652,0.06919642857142858,0.32142857142857145,0.2152777777777778,0.26292134831460673,0.30900243309002434,0.2568140134618089,0.5719237814046311,0.10218978102189782,4.969815551480185,0.29770992366412213,,-0.40170284314081073,29.871324967241748,-18.26124863734199,63.98278423396645,-0.40170284314081073,,-18.51428319129823,-0.9382716049382713,-0.645479069331851,,,,,,,,291.5999999999999,2.6035714285714278,291.5999999999999,2.6035714285714278,,,,,,,,,,,,,,,,,,,"Trayvon Robinson","9875",477054
"Edinson Rincon","KCR",83,313,294,70,51,15,0,4,29,25,15,0,67,1,1,2,,1,5,0.23809523809523808,0.04792332268370607,0.21405750798722045,0.22388059701492538,0.2765273311897106,0.3299319727891156,0.2710978365787739,0.6064593039788262,0.09183673469387754,2.380838576313882,0.29464285714285715,,-1.9379225971642882,24.29891794370356,-9.329420311284634,68.05830215100563,-1.9379225971642882,,-12.927367044753778,-2.8499412110523226,-0.6505443478885456,,,,,,,,215,2.5903614457831323,215,2.5903614457831323,,,,,,,,,,,,,,,,,,,"Edinson Rincon","sa397812",517054
"Nick Williams","TEX",113,487,462,107,66,20,5,16,55,56,15,1,170,9,1,0,,6,9,0.23160173160173161,0.030800821355236138,0.3490759753593429,0.08823529411764706,0.26899383983572894,0.4004329004329004,0.2942004545971199,0.6694267402686294,0.1688311688311688,5.250672163903474,0.3285198555956679,,-2.5291162997018546,46.43610070498795,-5.886585333923397,82.51489991798447,-2.5291162997018546,,-11.889000742070895,-9.36816578483245,-0.6512140199341468,,,,,,,,432.2999999999999,3.8256637168141583,432.2999999999999,3.8256637168141583,,,,,,,,,,,,,,,,,,,"Nick Williams","14330",608384
"Matt Tolbert","PHI",63,207,189,44,38,5,1,0,20,11,12,1,31,1,1,4,,4,3,0.2328042328042328,0.057971014492753624,0.1497584541062802,0.3870967741935484,0.28078817733990147,0.2698412698412698,0.24866801146233436,0.5506294471811712,0.037037037037037035,4.617373655127708,0.27672955974842767,,-0.5197033821605146,12.50887070738172,-9.730956828664786,54.94389331009668,-0.5197033821605146,,-10.988968081749773,-1.2394179894179893,-0.6536649773345902,,,,,,,,115.79999999999998,1.8380952380952378,115.79999999999998,1.8380952380952378,,,,,,,,,,,,,,,,,,,"Matt Tolbert","7365",445196
"Brett Jackson","SFG",113,407,364,71,46,12,5,8,42,36,37,1,161,4,1,1,,11,7,0.19505494505494506,0.09090909090909091,0.3955773955773956,0.22981366459627328,0.27586206896551724,0.32142857142857145,0.270035645402508,0.5972906403940887,0.1263736263736264,6.528224756188168,0.32142857142857145,,-0.763682555872947,31.264786455462268,-12.462797154059125,73.63761347425933,-0.763682555872947,,-12.807698064336044,-5.486331569664903,-0.6546028318877656,,,,,,,,296.3999999999999,2.6230088495575212,296.3999999999999,2.6230088495575212,,,,,,,,,,,,,,,,,,,"Brett Jackson","9632",571804
"Francisco Peguero","BAL",99,394,378,92,70,14,3,5,42,37,11,1,87,2,2,1,,4,1,0.24338624338624337,0.027918781725888325,0.22081218274111675,0.12643678160919541,0.26717557251908397,0.335978835978836,0.26602497696876526,0.6031544084979199,0.09259259259259262,4.982477459154792,0.3020833333333333,,0.11376665392890573,29.05418864655923,-13.27669081818629,64.84064646594923,0.11376665392890573,,-15.113098659835197,-3.3430335097001764,-0.664880336366291,,,,,,,,285.69999999999993,2.885858585858585,285.69999999999993,2.885858585858585,,,,,,,,,,,,,,,,,,,"Francisco Peguero","5496",501317
"Joey Butler","TBR",101,395,351,79,57,15,0,7,40,29,37,1,120,5,2,0,,2,2,0.22507122507122507,0.09367088607594937,0.3037974683544304,0.30833333333333335,0.30632911392405066,0.32763532763532766,0.28789907512325924,0.6339644415593784,0.10256410256410259,2.312740589796235,0.3185840707964602,,-0.7236208892427385,35.75475550203698,-6.683562743075919,85.15654163186647,-0.7236208892427385,,-7.168363802199048,-11.35405643738977,-0.6687007496624882,,,,,,,,324.9,3.2168316831683166,324.9,3.2168316831683166,,,,,,,,,,,,,,,,,,,"Joey Butler","7799",542994
"Steve Selsky","CIN",124,446,400,93,71,15,2,5,47,36,32,1,132,9,4,1,,6,4,0.2325,0.07174887892376682,0.29596412556053814,0.24242424242424243,0.30112359550561796,0.3175,0.280074490754454,0.618623595505618,0.08499999999999999,4.3819592672141665,0.3295880149812734,,-0.7267585184890777,37.69464818956101,-10.223047854287985,74.01822999038572,-0.7267585184890777,,-13.734316374317247,-5.916225749559083,-0.6738398899780711,,,,,,,,345.8999999999999,2.789516129032257,345.8999999999999,2.789516129032257,,,,,,,,,,,,,,,,,,,"Steve Selsky","12957",592731
"Victor Roache","MIL",124,504,467,98,60,14,2,22,57,64,29,1,193,5,2,1,,7,4,0.20985010706638116,0.057539682539682536,0.38293650793650796,0.15025906735751296,0.2624254473161034,0.3897216274089936,0.28806385065454887,0.652147074725097,0.17987152034261242,4.533815420372497,0.2992125984251969,,-0.4588914734777063,45.68495209326394,-8.46419321189277,77.94632423054702,-0.4588914734777063,,-12.935705313250573,-8.555555555555555,-0.6830714411911867,,,,,,,,444.7,3.5862903225806453,444.7,3.5862903225806453,,,,,,,,,,,,,,,,,,,"Victor Roache","sa502154",572391
"Derrik Gibson","BAL",111,432,389,85,69,12,2,2,39,26,32,0,102,4,3,4,,11,6,0.2185089974293059,0.07407407407407407,0.2361111111111111,0.3137254901960784,0.2827102803738318,0.2750642673521851,0.25559686569967005,0.5577745477260169,0.05655526992287918,4.836580307760904,0.2881944444444444,,-0.45825871150009334,28.401213201034086,-18.012339917671667,57.5643477486088,-0.45825871150009334,,-20.608861020262154,0.761904761904761,-0.6863141747766704,,,,,,,,264.0999999999999,2.3792792792792783,264.0999999999999,2.3792792792792783,,,,,,,,,,,,,,,,,,,"Derrik Gibson","sa456041",543214
"Ryan Ludwick","TEX",94,346,316,73,48,16,0,9,29,43,23,1,84,3,3,1,,0,1,0.2310126582278481,0.06647398843930635,0.24277456647398843,0.27380952380952384,0.28695652173913044,0.3670886075949367,0.290308483291504,0.6540451293340672,0.1360759493670886,1.2356322014074927,0.2831858407079646,,-0.6522998369764537,31.958743839230294,-5.215074167881257,79.79924555947127,-0.6522998369764537,,-8.335056738989524,-8.813932980599647,-0.6871315318174596,,,,,,,,298.99999999999994,3.1808510638297864,298.99999999999994,3.1808510638297864,,,,,,,,,,,,,,,,,,,"Ryan Ludwick","1260",407886
"Manny Ramirez","CHC",24,86,82,18,14,2,0,2,8,7,4,0,22,0,0,0,,0,0,0.21951219512195122,0.046511627906976744,0.2558139534883721,0.18181818181818182,0.2558139534883721,0.3170731707317073,0.2566833343616752,0.5728871242200795,0.0975609756097561,1.3928571428571423,0.27586206896551724,,-0.06786704203113914,5.7256080452093085,-3.514127066384892,59.82777739792501,-0.06786704203113914,,-3.9459445546640857,-4.947971781305115,-0.6898699936404794,,,,,,,,55.4,2.308333333333333,55.4,2.308333333333333,,,,,,,,,,,,,,,,,,,"Manny Ramirez","210",120903
"Ryan Casteel","COL",108,454,423,107,71,22,2,12,46,48,27,1,112,2,2,0,,3,2,0.25295508274231676,0.05947136563876652,0.24669603524229075,0.24107142857142858,0.29955947136563876,0.39952718676122934,0.30856028863662655,0.6990866581268681,0.14657210401891257,3.4825873720365568,0.31561461794019935,,-0.5273912774864584,48.289662453520656,-0.4875438332673273,77.97806221642831,-0.5273912774864584,,-11.750251595920336,-8.340681951793062,-0.6955699889786072,,,,,,,,451.2999999999999,4.178703703703703,451.2999999999999,4.178703703703703,,,,,,,,,,,,,,,,,,,"Ryan Casteel","sa549286",592205
"Drew Dosch","BAL",136,590,553,130,102,18,3,7,59,44,31,1,127,4,1,1,,4,4,0.23508137432188064,0.05254237288135593,0.21525423728813559,0.2440944881889764,0.2801358234295416,0.31645569620253167,0.26776143178647877,0.5965915196320732,0.08137432188065102,3.696129380282547,0.29285714285714287,,-1.2210183050483465,44.293308338567975,-19.095572078182926,66.05227181562242,-1.2210183050483465,,-23.236902445137133,-1.8321575543797763,-0.713921003255558,,,,,,,,411.5,3.025735294117647,411.5,3.025735294117647,,,,,,,,,,,,,,,,,,,"Drew Dosch","sa709292",641529
"Tyler Holt","CLE",135,560,503,112,92,16,3,1,56,29,46,0,129,3,2,6,,21,7,0.22266401590457258,0.08214285714285714,0.23035714285714284,0.35658914728682173,0.29061371841155237,0.27236580516898606,0.2589530543514968,0.5629795235805384,0.04970178926441349,5.8691600220252855,0.296,,1.0289459566120058,38.257880883278716,-21.90783612245096,60.66407750439259,1.0289459566120058,,-23.184174904379603,-0.9423868312757206,-0.7140583616610494,,,,,,,,364.39999999999986,2.699259259259258,364.39999999999986,2.699259259259258,,,,,,,,,,,,,,,,,,,"Tyler Holt","11391",534627
"Bryan LaHair","BOS",116,424,386,87,55,21,1,10,39,41,36,1,148,0,2,0,,1,1,0.22538860103626943,0.08490566037735849,0.3490566037735849,0.24324324324324326,0.29009433962264153,0.3626943005181347,0.29098432762966653,0.6527886401407763,0.1373056994818653,2.504127480457801,0.3347826086956522,,-0.5163964848034084,39.38309748289592,-6.170945392870836,79.49248328360298,-0.5163964848034084,,-10.074073144649647,-9.789535567313346,-0.7157456629514268,,,,,,,,368.8999999999999,3.1801724137931027,368.8999999999999,3.1801724137931027,,,,,,,,,,,,,,,,,,,"Bryan LaHair","5462",445933
"Ed Lucas","TEX",110,405,375,83,66,12,0,5,42,27,22,1,100,3,2,3,,2,1,0.22133333333333333,0.05432098765432099,0.24691358024691357,0.22,0.26865671641791045,0.29333333333333333,0.25324672178140006,0.5619900497512438,0.07200000000000001,2.952096695202505,0.2867647058823529,,-0.31639648182317615,25.896129159166595,-17.616576889620045,53.93910264581163,-0.31639648182317615,,-20.821445935961673,1.4880952380952381,-0.7231442114387008,,,,,,,,247.59999999999997,2.2509090909090905,247.59999999999997,2.2509090909090905,,,,,,,,,,,,,,,,,,,"Ed Lucas","7532",448296
"Tyler LaTorre","SFG",48,159,143,28,22,5,0,1,14,10,13,0,45,1,1,1,,1,0,0.1958041958041958,0.08176100628930817,0.2830188679245283,0.28888888888888886,0.26582278481012656,0.2517482517482518,0.23953321387496176,0.5175710365583783,0.055944055944055965,3.153539316299703,0.2755102040816326,,0.06426591891795397,8.494290892236265,-8.588475186176268,52.79651746693295,0.06426591891795397,,-8.360606609642176,-3.078924162257496,-0.7265909384999116,,,,,,,,81.6,1.7,81.6,1.7,,,,,,,,,,,,,,,,,,,"Tyler LaTorre","sa326461",503353
"Jason Donald","TEX",84,313,288,61,44,11,2,4,30,21,17,0,86,4,2,2,,4,3,0.21180555555555555,0.054313099041533544,0.2747603833865815,0.19767441860465115,0.26366559485530544,0.3055555555555556,0.2564452612515048,0.5692211504108611,0.09375000000000003,4.643047993006981,0.285,,-0.5762592505197972,20.781398011410914,-12.846940243577281,56.17090935012437,-0.5762592505197972,,-15.655525204453314,-0.8499412110523223,-0.7304147912069768,,,,,,,,196.69999999999996,2.3416666666666663,196.69999999999996,2.3416666666666663,,,,,,,,,,,,,,,,,,,"Jason Donald","9331",453228
"Eugenio Velez","TBR",113,431,398,94,69,17,3,5,43,35,27,1,87,3,2,1,,19,9,0.23618090452261306,0.06264501160092807,0.20185614849187936,0.3103448275862069,0.28837209302325584,0.3316582914572864,0.2773681137111637,0.6200303844805423,0.09547738693467336,5.803759030903554,0.288961038961039,,0.03695021802559495,35.53226017978944,-10.773854158548932,77.8084783979918,0.03695021802559495,,-10.476318252468776,-9.750881834215168,-0.7314730940668823,,,,,,,,342.7,3.0327433628318583,342.7,3.0327433628318583,,,,,,,,,,,,,,,,,,,"Eugenio Velez","3893",464299
"Brad Nelson","MIN",102,409,371,82,57,15,0,10,39,39,33,2,98,1,4,0,,1,1,0.2210242587601078,0.08068459657701711,0.2396088019559902,0.336734693877551,0.28361858190709044,0.3423180592991914,0.278877368283799,0.6259366412062819,0.12129380053908359,1.8819262797007632,0.2696629213483146,,-0.5126260935794562,34.19198757194628,-9.75047359830986,74.25427685109894,-0.5126260935794562,,-12.0871145493007,-7.513962375073486,-0.7387081964614822,,,,,,,,326.79999999999995,3.2039215686274507,326.79999999999995,3.2039215686274507,,,,,,,,,,,,,,,,,,,"Brad Nelson","3821",434525
"Drew Vettleson","WSN",109,422,395,92,62,18,5,7,38,40,19,0,102,2,4,2,,4,6,0.23291139240506328,0.045023696682464455,0.24170616113744076,0.18627450980392157,0.26904761904761904,0.3569620253164557,0.27625031286761875,0.6260096443640748,0.12405063291139243,4.539982631001675,0.29310344827586204,,-1.7753101254347712,34.428498402209854,-10.910666912822146,72.2735996491328,-1.7753101254347712,,-14.909343462698255,-4.651675485008818,-0.7437473292144043,,,,,,,,320.49999999999994,2.940366972477064,320.49999999999994,2.940366972477064,,,,,,,,,,,,,,,,,,,"Drew Vettleson","sa548166",592828
"Ray Chang","CIN",74,249,231,53,43,9,0,1,22,17,13,0,45,2,1,2,,1,2,0.22943722943722944,0.05220883534136546,0.18072289156626506,0.28888888888888886,0.27530364372469635,0.2813852813852814,0.2527149708164848,0.5566889251099778,0.051948051948051965,2.2208558583134046,0.27956989247311825,,-0.7728052432648838,15.819772456796217,-10.932483854680013,55.32456023403741,-0.7728052432648838,,-13.25986979387204,-1.0850970017636685,-0.7463067554410489,,,,,,,,142.59999999999997,1.9270270270270267,142.59999999999997,1.9270270270270267,,,,,,,,,,,,,,,,,,,"Ray Chang","sa295642",490675
"J.T. Wise","TEX",82,302,276,59,35,16,0,8,31,32,23,1,104,2,1,0,,0,1,0.213768115942029,0.076158940397351,0.3443708609271523,0.22115384615384615,0.2781456953642384,0.358695652173913,0.28378457306231375,0.6368413475381514,0.14492753623188404,1.7865191134951481,0.3090909090909091,,-0.5995143598411232,26.383526193115735,-6.062985477831342,75.24713459634957,-0.5995143598411232,,-8.816373206770175,-7.548206937095825,-0.7529179623980773,,,,,,,,248.2,3.026829268292683,248.2,3.026829268292683,,,,,,,,,,,,,,,,,,,"J.T. Wise","sa505632",519436
"Brian Cavazos-Galvez","LAD",105,352,338,80,57,14,2,7,36,37,8,1,66,4,1,1,,7,4,0.23668639053254437,0.022727272727272728,0.1875,0.12121212121212122,0.2621082621082621,0.3520710059171598,0.27058257000786917,0.6141792680254219,0.11538461538461542,4.981238905084918,0.2744360902255639,,-0.36463169287890196,27.187470392543137,-10.630980296772657,73.94884733616323,-0.36463169287890196,,-10.658101165448068,-6.880070546737214,-0.7544019532207631,,,,,,,,265.90000000000003,2.5323809523809526,265.90000000000003,2.5323809523809526,,,,,,,,,,,,,,,,,,,"Brian Cavazos-Galvez","sa501665",571552
"Paul Konerko","CHW",92,318,291,68,50,11,0,7,25,34,20,1,56,4,3,0,,0,0,0.23367697594501718,0.06289308176100629,0.1761006289308176,0.35714285714285715,0.2893081761006289,0.3436426116838488,0.28270963445446845,0.6329507877844778,0.10996563573883161,0.9067460317460314,0.26406926406926406,,-0.2752385593485087,27.519155250603628,-6.6463769062214375,77.72902521020717,-0.2752385593485087,,-8.059900357413742,-8.842151675485008,-0.7566625324237775,,,,,,,,259.49999999999994,2.820652173913043,259.49999999999994,2.820652173913043,,,,,,,,,,,,,,,,,,,"Paul Konerko","242",117244
"Kyle Parker","COL",132,548,507,133,92,23,3,15,56,62,34,1,129,4,3,0,,3,3,0.26232741617357,0.06204379562043796,0.2354014598540146,0.26356589147286824,0.31204379562043794,0.40828402366863903,0.3182683266712935,0.720327819289077,0.145956607495069,3.40596603305859,0.3224043715846995,,-1.0175642918329686,62.36824568949465,3.4917940481734693,84.6111777613498,-1.0175642918329686,,-10.483817454829696,-13.040564373897709,-0.759914734339876,,,,,,,,573.9,4.347727272727273,573.9,4.347727272727273,,,,,,,,,,,,,,,,,,,"Kyle Parker","11763",592621
"Adrian Marin","BAL",124,491,467,103,74,21,1,7,40,40,16,0,134,3,2,3,,11,6,0.22055674518201285,0.032586558044806514,0.2729124236252546,0.11940298507462686,0.25,0.3147751605995717,0.2514061740920192,0.5647751605995717,0.09421841541755888,4.22867077444677,0.2926829268292683,,-0.41301401681266725,30.701942838002324,-22.05049832237852,54.64025889084147,-0.41301401681266725,,-24.893805936472166,2.4122574955908282,-0.7717119576202829,,,,,,,,303.2999999999999,2.445967741935483,303.2999999999999,2.445967741935483,,,,,,,,,,,,,,,,,,,"Adrian Marin","sa657939",546997
"Marc Krauss","LAA",122,455,402,81,50,19,1,11,45,49,45,1,134,3,4,1,,3,2,0.20149253731343283,0.0989010989010989,0.2945054945054945,0.3358208955223881,0.2841409691629956,0.3358208955223881,0.2794031006084636,0.6199618646853837,0.13432835820895525,3.1007775328448597,0.2681992337164751,,-0.5198504950385541,38.2210066589776,-10.663638408177759,80.85230290792815,-0.5198504950385541,,-10.096229998043965,-11.359053497942385,-0.7833647711503258,,,,,,,,359.8999999999999,2.9499999999999993,359.8999999999999,2.9499999999999993,,,,,,,,,,,,,,,,,,,"Marc Krauss","7577",571868
"Trevor Crowe","DET",81,320,298,70,52,13,1,4,31,27,19,0,55,0,2,1,,10,7,0.2348993288590604,0.059375,0.171875,0.34545454545454546,0.27899686520376177,0.32550335570469796,0.2705578787199756,0.6045002209084598,0.09060402684563756,4.655302531551224,0.27385892116182575,,-0.9071266904938966,24.70982218391072,-9.670587533649094,69.34566702948226,-0.9071266904938966,,-11.689522047324143,-5.527336860670195,-0.7842919417106194,,,,,,,,231.39999999999998,2.85679012345679,231.39999999999998,2.85679012345679,,,,,,,,,,,,,,,,,,,"Trevor Crowe","3402",460067
"Guilder Rodriguez","TEX",98,392,358,82,74,7,1,0,33,19,27,0,61,0,1,6,,10,7,0.22905027932960895,0.06887755102040816,0.1556122448979592,0.4426229508196721,0.2823834196891192,0.2541899441340782,0.24663015798583549,0.5365733638231973,0.025139664804469247,4.004372301157971,0.2751677852348993,,-1.0202384272124618,23.075611161576685,-19.040390742434088,49.32234190970904,-1.0202384272124618,,-22.85638533085947,3.3209876543209873,-0.7901643809671997,,,,,,,,207.6,2.1183673469387756,207.6,2.1183673469387756,,,,,,,,,,,,,,,,,,,"Guilder Rodriguez","3412",457517
"David Kandilas","COL",97,401,366,88,63,16,4,5,38,34,26,1,88,5,2,2,,14,6,0.24043715846994534,0.06483790523690773,0.2194513715710723,0.29545454545454547,0.2982456140350877,0.3469945355191257,0.2883128267736291,0.6452401495542134,0.10655737704918034,5.952944382478291,0.3018181818181818,,0.18698599212802947,36.425117056363135,-6.657833870954004,64.14377834268775,0.18698599212802947,,-15.95292257167132,-3.420194003527337,-0.7928978342153243,,,,,,,,345.8,3.5649484536082476,345.8,3.5649484536082476,,,,,,,,,,,,,,,,,,,"David Kandilas","sa503288",544013
"Gift Ngoepe","PIT",113,442,398,75,52,12,6,5,40,31,33,0,157,3,2,6,,9,7,0.1884422110552764,0.0746606334841629,0.3552036199095023,0.21019108280254778,0.2545871559633027,0.2864321608040201,0.245761359230094,0.5410193167673228,0.09798994974874373,6.197572803786494,0.29411764705882354,,-1.1712233442813158,25.724405565309123,-21.76353535707037,55.247856150312856,-1.1712233442813158,,-23.375073500898882,2.6240446796002352,-0.8078382717417385,,,,,,,,243.50000000000003,2.1548672566371683,243.50000000000003,2.1548672566371683,,,,,,,,,,,,,,,,,,,"Gift Ngoepe","10340",547912
"Quincy Latimore","BAL",109,394,359,72,48,13,1,10,38,37,25,1,128,4,3,3,,7,5,0.20055710306406685,0.06345177664974619,0.3248730964467005,0.1953125,0.25831202046035806,0.32590529247910865,0.2612538530276372,0.5842173129394668,0.1253481894150418,4.286852790324159,0.2767857142857143,,-0.7718561002984643,27.612421293859143,-14.718458170886379,61.51155626761321,-0.7718561002984643,,-17.440488766762655,-2.3430335097001764,-0.8104795236919442,,,,,,,,267.9,2.4577981651376146,267.9,2.4577981651376146,,,,,,,,,,,,,,,,,,,"Quincy Latimore","sa389676",518921
"J.C. Boscan","KCR",63,200,187,35,27,7,0,1,15,11,10,1,55,2,0,1,,1,0,0.18716577540106952,0.05,0.275,0.18181818181818182,0.23618090452261306,0.24064171122994651,0.2163306221817479,0.4768226157525596,0.053475935828877,2.950775604012639,0.2595419847328244,,0.05672513647004962,7.125505183519537,-14.362250889955346,29.844036730728295,0.05672513647004962,,-15.36624405144367,1.674309229864786,-0.8117225781857729,,,,,,,,76.60000000000001,1.215873015873016,76.60000000000001,1.215873015873016,,,,,,,,,,,,,,,,,,,"J.C. Boscan","2324",400268
"Keury De La Cruz","BOS",106,437,417,99,67,22,2,8,40,41,16,1,120,0,4,0,,7,6,0.23741007194244604,0.036613272311212815,0.2745995423340961,0.13333333333333333,0.2631578947368421,0.35731414868105515,0.2721166856791995,0.6204720434178972,0.11990407673860912,4.195116309975475,0.310580204778157,,-1.1715397252701223,34.26680970932686,-12.683937311215763,66.32743398744853,-1.1715397252701223,,-17.346046762118554,-3.8170194003527333,-0.8134229877869374,,,,,,,,332.3,3.1349056603773584,332.3,3.1349056603773584,,,,,,,,,,,,,,,,,,,"Keury De La Cruz","sa506223",570774
"Hector Gimenez","MIL",68,265,245,54,33,13,1,7,27,32,15,0,72,1,3,1,,0,0,0.22040816326530613,0.05660377358490566,0.27169811320754716,0.20833333333333334,0.26515151515151514,0.3673469387755102,0.2793166928670623,0.6324984539270253,0.1469387755102041,2.5339861751152073,0.2781065088757396,,-0.18474916997365654,22.24302418180171,-6.22825261555251,71.96973986953935,-0.18474916997365654,,-8.522812234709154,-6.921075837742505,-0.8136941906889463,,,,,,,,214.59999999999997,3.155882352941176,214.59999999999997,3.155882352941176,,,,,,,,,,,,,,,,,,,"Hector Gimenez","2172",430591
"Leury Bonilla","SEA",85,300,275,58,47,9,1,1,27,19,15,0,74,1,1,8,,4,5,0.2109090909090909,0.05,0.24666666666666667,0.20270270270270271,0.2534246575342466,0.26181818181818184,0.2338292808973626,0.5152428393524284,0.05090909090909093,3.9426600908750564,0.2835820895522388,,-1.3228410233277828,14.714540637464106,-17.51709347274822,48.27104841070925,-1.3228410233277828,,-18.380849836261167,1.1022927689594357,-0.8600717803866114,,,,,,,,132.59999999999994,1.5599999999999992,132.59999999999994,1.5599999999999992,,,,,,,,,,,,,,,,,,,"Leury Bonilla","sa293541",468381
"Kenny Wilson","MIA",100,433,393,85,64,15,4,2,39,27,25,0,109,8,2,5,,20,9,0.21628498727735368,0.057736720554272515,0.2517321016166282,0.22935779816513763,0.2757009345794392,0.2900763358778626,0.25728367408302344,0.5657772704573019,0.0737913486005089,6.559482248460936,0.29225352112676056,,0.24072061222977936,29.02714231551003,-17.49384958356309,61.2560829196075,0.24072061222977936,,-18.590722228760526,-2.409024103468548,-0.8650173341903153,,,,,,,,279.9,2.799,279.9,2.799,,,,,,,,,,,,,,,,,,,"Kenny Wilson","sa454437",543932
"Andy Simunic","ATL",66,237,217,49,43,5,0,1,23,13,15,0,54,1,2,2,,5,2,0.22580645161290322,0.06329113924050633,0.22784810126582278,0.2777777777777778,0.2765957446808511,0.2626728110599078,0.24658204469274966,0.5392685557407588,0.03686635944700459,3.965191533055061,0.2926829268292683,,0.023424377432093024,13.942580493951258,-11.52041045311648,52.91546167848197,0.023424377432093024,,-12.502761035606223,-2.6124338624338623,-0.8706553228848137,,,,,,,,133.2,2.018181818181818,133.2,2.018181818181818,,,,,,,,,,,,,,,,,,,"Andy Simunic","sa455409",543784
"Brian Bixler","SDP",102,341,312,60,47,9,1,3,34,19,21,1,104,4,1,3,,7,4,0.19230769230769232,0.06158357771260997,0.30498533724340177,0.20192307692307693,0.2514792899408284,0.2564102564102564,0.23193446199688783,0.5078895463510849,0.06410256410256407,4.951266360753431,0.2766990291262136,,-0.3759428665507585,16.229963168539534,-20.406660936735143,46.98357811391097,-0.3759428665507585,,-20.66944334209854,1.7588183421516757,-0.9414856260174722,,,,,,,,161.10000000000002,1.5794117647058825,161.10000000000002,1.5794117647058825,,,,,,,,,,,,,,,,,,,"Brian Bixler","8055",444448
"Michael Martinez","CLE",101,327,301,66,54,7,3,2,30,25,16,1,60,1,4,5,,4,3,0.21926910299003322,0.04892966360856269,0.1834862385321101,0.26666666666666666,0.2577639751552795,0.2823920265780731,0.24099100378814886,0.5401560017333527,0.06312292358803989,4.797062872159072,0.26337448559670784,,-0.5951112066395581,17.83500313966416,-17.297478040467276,48.130911900163966,-0.5951112066395581,,-19.238710871218963,0.20149911816578459,-0.9598090873203926,,,,,,,,174.99999999999994,1.7326732673267322,174.99999999999994,1.7326732673267322,,,,,,,,,,,,,,,,,,,"Michael Martinez","7358",492841
"Brett Eibner","KCR",101,425,385,70,43,15,3,9,41,32,35,0,160,3,1,1,,5,3,0.18181818181818182,0.08235294117647059,0.3764705882352941,0.21875,0.25471698113207547,0.3064935064935065,0.2546990475845787,0.5612104876255819,0.12467532467532466,5.101302001991627,0.28110599078341014,,-0.43658550712279975,27.64835361877809,-18.01312803735604,56.61591491085181,-0.43658550712279975,,-20.703739927640385,-1.4384185773074663,-0.9622253422233547,,,,,,,,267.3,2.6465346534653467,267.3,2.6465346534653467,,,,,,,,,,,,,,,,,,,"Brett Eibner","11369",518649
"Anthony Aliotti","OAK",125,523,467,97,67,21,1,8,49,42,50,2,176,3,2,1,,1,1,0.20770877944325483,0.09560229445506692,0.3365200764818356,0.2840909090909091,0.28735632183908044,0.3083511777301927,0.27046590722524205,0.5957074995692732,0.10064239828693788,2.41649078212623,0.312280701754386,,-0.6219674390740693,40.3482235468422,-15.842258585294623,73.85742637118975,-0.6219674390740693,,-15.650737228015352,-9.608318636096413,-0.9659524391292578,,,,,,,,376.0999999999999,3.0087999999999995,376.0999999999999,3.0087999999999995,,,,,,,,,,,,,,,,,,,"Anthony Aliotti","sa501732",572675
"Jonathan Mota","CHC",91,293,276,64,47,11,2,4,29,26,12,1,73,1,2,2,,1,1,0.2318840579710145,0.040955631399317405,0.24914675767918087,0.1643835616438356,0.2646048109965636,0.32971014492753625,0.2625050933196627,0.5943149559240999,0.09782608695652176,3.7273768997838768,0.29850746268656714,,-0.399514356860891,20.81529166393208,-10.664270983708628,63.80555330950628,-0.399514356860891,,-12.303756046972774,-5.382863021751911,-0.9666806465602102,,,,,,,,201.39999999999998,2.213186813186813,201.39999999999998,2.213186813186813,,,,,,,,,,,,,,,,,,,"Jonathan Mota","sa291809",470466
"Cody Overbeck","SDP",106,409,385,84,55,16,1,12,42,42,18,0,120,3,3,0,,0,2,0.21818181818181817,0.044009779951100246,0.293398533007335,0.15,0.2567237163814181,0.35844155844155845,0.2723464397463064,0.6151652748229766,0.14025974025974028,2.799480396620739,0.28125,,-1.0406722882762551,32.14329635062636,-11.799164819629786,74.595472180814,-1.0406722882762551,,-12.704110924253163,-8.513962375073486,-0.9686923376444421,,,,,,,,307.69999999999993,2.9028301886792445,307.69999999999993,2.9028301886792445,,,,,,,,,,,,,,,,,,,"Cody Overbeck","sa454914",543620
"Henry Urrutia","BAL",83,329,316,79,61,13,2,3,28,27,11,0,76,0,2,0,,1,1,0.25,0.03343465045592705,0.23100303951367782,0.14473684210526316,0.2735562310030395,0.3322784810126582,0.26843645253804677,0.6058347120156977,0.08227848101265822,3.281416362798576,0.3179916317991632,,-0.44852944277226925,24.869479959941604,-10.47787878092458,66.52327298755742,-0.44852944277226925,,-12.554853424318932,-6.626543209876543,-0.9687232571837728,,,,,,,,235.79999999999998,2.8409638554216867,235.79999999999998,2.8409638554216867,,,,,,,,,,,,,,,,,,,"Henry Urrutia","14441",625329
"Chris Rahl","MIN",106,384,369,85,62,15,2,6,35,35,9,0,115,2,3,1,,11,6,0.23035230352303523,0.0234375,0.2994791666666667,0.0782608695652174,0.2506527415143603,0.33062330623306235,0.25651067775472336,0.5812760477474226,0.10027100271002712,5.439688641651832,0.3147410358565737,,-0.33760619233362377,25.51465548699529,-15.741836174076482,58.6477381972412,-0.33760619233362377,,-17.791964873123973,-3.2328042328042335,-0.9811359355581317,,,,,,,,255.39999999999992,2.40943396226415,255.39999999999992,2.40943396226415,,,,,,,,,,,,,,,,,,,"Chris Rahl","sa291400",473922
"Mark Hamilton","ATL",88,337,299,65,43,15,0,7,37,31,33,1,100,2,3,0,,0,0,0.21739130434782608,0.09792284866468842,0.29673590504451036,0.33,0.29673590504451036,0.3377926421404682,0.28579584704268546,0.6345285471849786,0.12040133779264214,1.578296703296703,0.29743589743589743,,-0.2903201242443174,29.961071247543305,-6.245797736261873,79.70869023959781,-0.2903201242443174,,-7.966270440648212,-11.191211052322164,-0.9818507470023705,,,,,,,,279.3,3.1738636363636363,279.3,3.1738636363636363,,,,,,,,,,,,,,,,,,,"Mark Hamilton","9334",453236
"Jeff Francoeur","PHI",121,479,451,107,71,21,3,12,51,48,20,3,106,4,4,0,,7,3,0.23725055432372505,0.04175365344467641,0.22129436325678498,0.18867924528301888,0.27348643006263046,0.376940133037694,0.2843889233444919,0.6504265631003245,0.13968957871396898,4.941953873869876,0.2818991097922849,,-0.07805980462580919,42.0687440194685,-9.394431776503852,79.35056899865543,-0.07805980462580919,,-11.180943127858272,-12.279982363315696,-0.9821696871110209,,,,,,,,415.9,3.4371900826446278,415.9,3.4371900826446278,,,,,,,,,,,,,,,,,,,"Jeff Francoeur","4792",425796
"Brad Snyder","TEX",110,407,378,80,49,16,2,13,43,42,25,1,145,1,3,0,,5,5,0.21164021164021163,0.06142506142506143,0.35626535626535627,0.1724137931034483,0.26044226044226043,0.36772486772486773,0.2771012979775227,0.6281671281671282,0.1560846560846561,4.3609419879609375,0.3004484304932735,,-1.1643153238110244,33.47037732358826,-10.257206285933131,70.58382552031229,-1.1643153238110244,,-14.324258236309612,-7.486331569664903,-0.9879671737965412,,,,,,,,323.5,2.940909090909091,323.5,2.940909090909091,,,,,,,,,,,,,,,,,,,"Brad Snyder","6052",430957
"Henry Ramos","BOS",90,370,343,79,55,15,2,7,35,31,21,0,91,2,2,2,,5,9,0.2303206997084548,0.05675675675675676,0.24594594594594596,0.23076923076923078,0.27717391304347827,0.3469387755102041,0.278291673116062,0.6241126885536823,0.11661807580174927,4.039568778819941,0.291497975708502,,-2.687641999218613,30.765419010511764,-8.98692972541677,70.63608125894379,-2.687641999218613,,-14.629974009495994,-6.078483245149911,-0.9947488108036375,,,,,,,,273.4,3.0377777777777775,273.4,3.0377777777777775,,,,,,,,,,,,,,,,,,,"Henry Ramos","11481",592656
"Gabriel Quintana","SDP",125,533,510,114,80,23,1,10,61,52,13,1,170,7,3,0,,5,2,0.2235294117647059,0.024390243902439025,0.31894934333958724,0.07647058823529412,0.25140712945590993,0.33137254901960783,0.2577762201540452,0.5827796784755177,0.10784313725490194,4.478568397672831,0.3123123123123123,,-0.12739127152599394,35.932220657951,-21.332649277859566,64.64022172493105,-0.12739127152599394,,-21.283165107119096,-4.041593180482069,-1.007224427373241,,,,,,,,358.69999999999993,2.8695999999999993,358.69999999999993,2.8695999999999993,,,,,,,,,,,,,,,,,,,"Gabriel Quintana","sa548052",593775
"Carlos Moncrief","CLE",127,525,484,103,67,21,4,11,53,50,33,2,168,2,3,3,,9,4,0.2128099173553719,0.06285714285714286,0.32,0.19642857142857142,0.26436781609195403,0.3409090909090909,0.26828894913196566,0.6052769070010449,0.12809917355371897,5.551912570368792,0.2987012987012987,,-0.08528420608490705,39.62594676579554,-16.77941292707603,67.17827336051762,-0.08528420608490705,,-19.025901575542797,-6.787037037037037,-1.019805678690666,,,,,,,,390.8,3.0771653543307087,390.8,3.0771653543307087,,,,,,,,,,,,,,,,,,,"Carlos Moncrief","7511",519037
"Eric Farris","MIN",135,525,492,119,95,18,2,4,46,35,20,0,67,3,5,5,,17,7,0.241869918699187,0.0380952380952381,0.12761904761904763,0.29850746268656714,0.27307692307692305,0.31097560975609756,0.26066599236084864,0.5840525328330206,0.06910569105691056,4.9582494001475705,0.2699530516431925,,0.3156649428419769,36.55649348742293,-19.848866205448644,61.547142466957894,0.3156649428419769,,-21.874540627254532,-4.070987654320987,-1.0343492163837669,,,,,,,,357.29999999999995,2.6466666666666665,357.29999999999995,2.6466666666666665,,,,,,,,,,,,,,,,,,,"Eric Farris","2066",456544
"Max Ramirez","KCR",87,339,309,69,52,10,1,6,32,28,26,0,84,1,3,0,,0,0,0.22330097087378642,0.07669616519174041,0.24778761061946902,0.30952380952380953,0.2831858407079646,0.32038834951456313,0.27220813450911757,0.6035741902225278,0.09708737864077671,2.093699839486356,0.28378378378378377,,-0.29786090669222176,26.606038942745055,-9.815707601794875,68.83302148396557,-0.29786090669222176,,-11.91148602352654,-8.22795414462081,-1.039303304694175,,,,,,,,249.5,2.867816091954023,249.5,2.867816091954023,,,,,,,,,,,,,,,,,,,"Max Ramirez","5039",445615
"Travis Harrison","MIN",134,554,498,111,79,25,0,7,58,47,44,0,142,7,5,0,,4,6,0.22289156626506024,0.07942238267148015,0.2563176895306859,0.30985915492957744,0.2924187725631769,0.3152610441767068,0.27586893032604176,0.6076798167398837,0.09236947791164657,2.6031324947072925,0.2937853107344633,,-1.9525185129605234,45.03555224067309,-14.485532082852336,72.155115009769,-1.9525185129605234,,-18.908721087269846,-8.106701940035272,-1.0516363772833723,,,,,,,,405.69999999999993,3.027611940298507,405.69999999999993,3.027611940298507,,,,,,,,,,,,,,,,,,,"Travis Harrison","sa597772",595974
"Hernan Iribarren","CIN",98,320,291,65,52,9,2,2,28,20,21,1,64,1,4,3,,6,2,0.22336769759450173,0.065625,0.2,0.328125,0.2744479495268139,0.28865979381443296,0.25301517659350287,0.5631077433412468,0.06529209621993123,4.980454299734984,0.27510917030567683,,0.17063890327699482,20.40431087504207,-13.976098842517741,55.52967887892764,0.17063890327699482,,-15.80331464886599,-3.5273368606701943,-1.0573188271777818,,,,,,,,201.10000000000002,2.0520408163265307,201.10000000000002,2.0520408163265307,,,,,,,,,,,,,,,,,,,"Hernan Iribarren","4177",454975
"Blake Tekotte","BOS",98,379,345,72,41,20,3,8,38,34,25,0,115,4,2,3,,8,6,0.20869565217391303,0.06596306068601583,0.3034300791556728,0.21739130434782608,0.26861702127659576,0.3536231884057971,0.27743405008569677,0.6222402096823929,0.14492753623188406,5.562317001512475,0.2857142857142857,,-0.926295027602464,31.264471843282035,-9.454825915952874,70.03766787470018,-0.926295027602464,,-13.408411392101748,-8.177689594356261,-1.0599605528700828,,,,,,,,293.9,2.9989795918367346,293.9,2.9989795918367346,,,,,,,,,,,,,,,,,,,"Blake Tekotte","8810",493574
"Ronald Bermudez","BAL",84,323,305,73,57,13,1,2,28,23,10,0,69,2,4,2,,2,3,0.23934426229508196,0.030959752321981424,0.21362229102167182,0.14492753623188406,0.26479750778816197,0.3081967213114754,0.254623495344061,0.5729942290996374,0.06885245901639345,3.1682079485055454,0.29831932773109243,,-0.9913408213760704,20.994032099497684,-13.708693959164258,56.88517073493373,-0.9913408213760704,,-16.298781892397265,-3.5604056437389766,-1.063772682166959,,,,,,,,197.39999999999995,2.349999999999999,197.39999999999995,2.349999999999999,,,,,,,,,,,,,,,,,,,"Ronald Bermudez","sa455626",499543
"Destin Hood","CLE",115,458,428,92,62,19,3,8,43,42,23,1,144,4,3,0,,7,4,0.21495327102803738,0.05021834061135371,0.314410480349345,0.1597222222222222,0.259825327510917,0.3294392523364486,0.2618949629806585,0.5892645798473657,0.11448598130841123,5.046310229836692,0.3010752688172043,,-0.44003951735794544,32.32289178195711,-16.884069626300374,62.71681797028513,-0.44003951735794544,,-19.20950273339335,-5.048500881834214,-1.0804385843862006,,,,,,,,317.69999999999993,2.7626086956521734,317.69999999999993,2.7626086956521734,,,,,,,,,,,,,,,,,,,"Destin Hood","9887",543329
"Jorge Bonifacio","KCR",122,520,481,110,81,21,3,5,48,42,32,0,126,3,4,0,,6,4,0.2286902286902287,0.06153846153846154,0.2423076923076923,0.25396825396825395,0.27884615384615385,0.316008316008316,0.26722339781431054,0.5948544698544699,0.08731808731808732,4.32546330360022,0.2966101694915254,,-0.7456104746088386,38.82358903936076,-17.044576751673937,65.35488126444226,-0.7456104746088386,,-20.548054800974548,-5.731922398589065,-1.0882874232940507,,,,,,,,365.2,2.9934426229508198,365.2,2.9934426229508198,,,,,,,,,,,,,,,,,,,"Jorge Bonifacio","12174",593528
"Josh Vitters","COL",108,398,373,97,67,18,1,11,45,50,19,1,85,4,1,1,,4,3,0.26005361930294907,0.04773869346733668,0.2135678391959799,0.2235294117647059,0.3022670025188917,0.40214477211796246,0.311211649667133,0.7044117746368541,0.1420911528150134,3.490020888240422,0.30935251798561153,,-0.6667486398946494,43.14256683226811,0.3819322460530937,79.78963155761237,-0.6667486398946494,,-9.69595287202721,-12.387125220458554,-1.1001148389150457,,,,,,,,399.69999999999993,3.7009259259259255,399.69999999999993,3.7009259259259255,,,,,,,,,,,,,,,,,,,"Josh Vitters","4623",519388
"Brandon Boggs","ATL",107,398,358,73,48,16,3,6,39,32,32,1,120,4,2,2,,3,3,0.20391061452513967,0.08040201005025126,0.3015075376884422,0.26666666666666666,0.27525252525252525,0.31564245810055863,0.2665594310700139,0.5908949833530839,0.11173184357541896,4.280599745414445,0.2863247863247863,,-0.8441262955311686,29.512299271703213,-13.248335314511802,66.56521373474077,-0.8441262955311686,,-15.781484538519305,-6.387125220458554,-1.1094966634946215,,,,,,,,275.99999999999994,2.579439252336448,275.99999999999994,2.579439252336448,,,,,,,,,,,,,,,,,,,"Brandon Boggs","8021",460267
"Terrance Gore","KCR",115,396,355,72,65,6,1,0,39,16,25,0,105,8,1,7,,37,7,0.2028169014084507,0.06313131313131314,0.26515151515151514,0.23809523809523808,0.2699228791773779,0.22535211267605634,0.23210862516437522,0.49527499185343427,0.02253521126760563,7.143688942555917,0.2868525896414343,,4.391072826925665,18.90059600818888,-23.64516101729139,40.853265526063744,4.391072826925665,,-21.354310420323305,-1.3650793650793647,-1.1256086636362181,,,,,,,,221.00000000000003,1.9217391304347828,221.00000000000003,1.9217391304347828,,,,,,,,,,,,,,,,,,,"Terrance Gore","13658",605253
"Jeremy Moore","TBR",99,369,346,67,43,11,3,10,38,34,18,0,131,2,2,1,,6,4,0.1936416184971098,0.04878048780487805,0.35501355013550134,0.13740458015267176,0.23641304347826086,0.32947976878612717,0.2515081726014614,0.565892812264388,0.13583815028901736,5.64641072925002,0.2753623188405797,,-0.5457797397393733,23.102220977562126,-16.542688977999035,59.76449598627056,-0.5457797397393733,,-16.865368673905152,-5.067460317460317,-1.1324987000125686,,,,,,,,232.4,2.3474747474747475,232.4,2.3474747474747475,,,,,,,,,,,,,,,,,,,"Jeremy Moore","7307",489135
"Ben Francisco","ARI",66,198,181,38,27,8,1,2,17,15,14,0,41,1,1,1,,2,1,0.20994475138121546,0.0707070707070707,0.20707070707070707,0.34146341463414637,0.26903553299492383,0.2983425414364641,0.2569096899274642,0.5673780744313879,0.08839779005524864,4.031517169777522,0.2589928057553957,,-0.13541770307347178,13.21658823261924,-8.056290280120898,54.79572112096469,-0.13541770307347178,,-10.182429432450313,-6.182539682539682,-1.1372974682562491,,,,,,,,125.49999999999999,1.9015151515151514,125.49999999999999,1.9015151515151514,,,,,,,,,,,,,,,,,,,"Ben Francisco","4677",450204
"Erisbel Arruebarrena","LAD",95,336,312,57,40,9,2,6,28,30,15,1,141,2,5,2,,1,1,0.18269230769230768,0.044642857142857144,0.41964285714285715,0.10638297872340426,0.2215568862275449,0.28205128205128205,0.22336787074893802,0.5036081682788269,0.09935897435897437,3.902891553450841,0.3,,-0.38820318318903446,13.784360716010656,-22.31506948742715,41.6889247354425,-0.38820318318903446,,-22.38110324751285,1.7037037037037037,-1.1518899624509986,,,,,,,,151.2,1.591578947368421,151.2,1.591578947368421,,,,,,,,,,,,,,,,,,,"Erisbel Arruebarrena","15809",628326
"Ray Olmedo","TBR",104,383,353,75,63,10,2,0,33,20,20,0,74,1,1,8,,6,3,0.21246458923512748,0.05221932114882506,0.19321148825065274,0.2702702702702703,0.256,0.2521246458923513,0.23139042472839355,0.5081246458923513,0.0396600566572238,4.660472237943994,0.26785714285714285,,-0.24789667781442404,18.06915092412228,-23.079901956582123,45.72717520332086,-0.24789667781442404,,-23.096234090255255,0.40726043503821274,-1.1671303459029598,,,,,,,,173.4,1.6673076923076924,173.4,1.6673076923076924,,,,,,,,,,,,,,,,,,,"Ray Olmedo","1718",408232
"Brad Glenn","TOR",119,492,457,94,57,21,1,15,46,54,27,0,163,3,4,1,,2,1,0.20568927789934355,0.054878048780487805,0.3313008130081301,0.1656441717791411,0.2525458248472505,0.3544857768052516,0.2692397702978488,0.6070316016525021,0.14879649890590807,2.9292541618119365,0.2791519434628975,,-0.3050853081513196,37.49396452248454,-15.365915418263677,67.70837502803572,-0.3050853081513196,,-17.768469400597887,-8.423280423280424,-1.1752270908641718,,,,,,,,368,3.092436974789916,368,3.092436974789916,,,,,,,,,,,,,,,,,,,"Brad Glenn","7392",543223
"Jordy Lara","SEA",118,493,460,104,73,20,2,9,51,47,24,0,120,4,4,1,,2,2,0.22608695652173913,0.0486815415821501,0.2434077079107505,0.2,0.2682926829268293,0.33695652173913043,0.2696234265236351,0.6052492046659597,0.1108695652173913,3.5954818612299677,0.2835820895522388,,-0.734932062914595,37.71523836872305,-15.252080352392541,73.2467021209464,-0.734932062914595,,-15.232583291011425,-11.057172251616697,-1.1825265596768828,,,,,,,,358.59999999999997,3.0389830508474573,358.59999999999997,3.0389830508474573,,,,,,,,,,,,,,,,,,,"Jordy Lara","sa506241",570797
"Chris Herrmann","MIN",115,433,393,86,61,17,2,6,45,37,34,2,102,2,2,2,,3,2,0.21882951653944022,0.07852193995381063,0.23556581986143188,0.3333333333333333,0.28306264501160094,0.31806615776081426,0.2698693663090259,0.6011288027724152,0.09923664122137404,3.901725468802596,0.2787456445993031,,-0.5123097125906497,33.206824599013395,-13.314167300059728,67.96887084386819,-0.5123097125906497,,-15.757524526731379,-8.772927689594356,-1.1965883522568617,,,,,,,,313.79999999999995,2.7286956521739127,313.79999999999995,2.7286956521739127,,,,,,,,,,,,,,,,,,,"Chris Herrmann","9284",543302
"Greg Dobbs","WSN",92,232,216,52,40,9,0,3,18,23,11,3,42,2,3,0,,1,1,0.24074074074074073,0.04741379310344827,0.1810344827586207,0.2619047619047619,0.2801724137931034,0.32407407407407407,0.26449625408805616,0.6042464878671775,0.08333333333333334,1.9393658087227155,0.28160919540229884,,-0.3655808358453214,16.83603381207846,-8.089763233152405,64.24251965869351,-0.3655808358453214,,-9.677668738358841,-8.26219870664315,-1.1970987112299682,,,,,,,,167.6,1.8217391304347825,167.6,1.8217391304347825,,,,,,,,,,,,,,,,,,,"Greg Dobbs","2158",425785
"Sócrates Brito","ARI",134,585,557,136,100,25,5,6,60,49,24,1,144,1,3,0,,26,11,0.24416517055655296,0.041025641025641026,0.24615384615384617,0.16666666666666666,0.27521367521367524,0.3393177737881508,0.27188602130706996,0.6145314490018261,0.09515260323159785,6.317501917715759,0.3170731707317073,,0.5847975118085742,45.76855115815946,-17.083135356754575,65.02845157847018,0.5847975118085742,,-22.380014854111288,-6.448412698412699,-1.218793994447005,,,,,,,,455.59999999999985,3.399999999999999,455.59999999999985,3.399999999999999,,,,,,,,,,,,,,,,,,,"Socrates Brito","12944",593647
"Clint Frazier","CLE",113,505,463,97,66,17,3,11,52,44,32,1,198,5,4,1,,7,6,0.20950323974082075,0.06336633663366337,0.3920792079207921,0.16161616161616163,0.26587301587301587,0.3304535637149028,0.2664402524235234,0.5963265795879187,0.12095032397408206,4.868333254629985,0.3333333333333333,,-1.2469475497491658,37.40035013865365,-16.85623394687044,65.88833032660936,-1.2469475497491658,,-20.18205434119644,-7.144473838918284,-1.2548410429425878,,,,,,,,357.49999999999994,3.1637168141592915,357.49999999999994,3.1637168141592915,,,,,,,,,,,,,,,,,,,"Clint Frazier","15983",640449
"Brandon Short","PHI",74,290,267,57,38,13,2,4,28,24,15,0,79,3,3,2,,4,4,0.21348314606741572,0.05172413793103448,0.27241379310344827,0.189873417721519,0.2604166666666667,0.32209737827715357,0.2599649118880431,0.5825140449438202,0.10861423220973784,4.862284243738104,0.28342245989304815,,-0.9193870071321726,20.037175497642185,-11.120070808896395,62.66261521411212,-0.9193870071321726,,-13.073802176260921,-7.196649029982364,-1.2600627318218987,,,,,,,,189.29999999999998,2.558108108108108,189.29999999999998,2.558108108108108,,,,,,,,,,,,,,,,,,,"Brandon Short","sa455526",543775
"Danny Ortiz","MIN",132,509,485,112,75,24,3,10,49,50,17,0,115,2,3,2,,3,4,0.2309278350515464,0.03339882121807466,0.22593320235756384,0.14782608695652175,0.2583826429980276,0.354639175257732,0.2703520111313468,0.6130218182557596,0.12371134020618557,3.801314478387111,0.2809917355371901,,-1.2626618766225874,39.2236927510447,-15.462646455948873,68.30564016009062,-1.2626618766225874,,-18.995292592772913,-8.610670194003529,-1.2716893004836138,,,,,,,,374.3999999999999,2.836363636363636,374.3999999999999,2.836363636363636,,,,,,,,,,,,,,,,,,,"Danny Ortiz","10317",543611
"Mike Costanzo","CIN",87,318,287,56,35,11,1,9,32,30,28,1,113,1,2,0,,1,2,0.1951219512195122,0.0880503144654088,0.3553459119496855,0.24778761061946902,0.2672955974842767,0.3344947735191638,0.26971907401310535,0.6017903710034405,0.1393728222996516,3.0710162746523535,0.281437125748503,,-0.7916571993846446,24.350804348469776,-9.814727808355288,66.94278637181975,-0.7916571993846446,,-12.591753125430019,-8.842151675485008,-1.294665065533453,,,,,,,,232.09999999999997,2.667816091954023,232.09999999999997,2.667816091954023,,,,,,,,,,,,,,,,,,,"Mike Costanzo","3533",453068
"Chih-Hsien Chiang","BAL",113,454,430,99,68,22,2,7,42,40,18,1,98,2,3,1,,1,4,0.2302325581395349,0.039647577092511016,0.21585903083700442,0.1836734693877551,0.26269315673289184,0.3395348837209302,0.2659776834523783,0.602228040453822,0.10930232558139533,3.2247842603692423,0.2804878048780488,,-1.6362691440153867,33.46221657415957,-15.314989712628416,64.80764703357411,-1.6362691440153867,,-19.19841423987306,-7.004409171075838,-1.3075650496507412,,,,,,,,316.09999999999997,2.7973451327433625,316.09999999999997,2.7973451327433625,,,,,,,,,,,,,,,,,,,"Chih-Hsien Chiang","sa328920",499614
"Chris O'Dowd","ATL",83,330,306,63,47,12,2,2,25,21,17,0,93,2,2,3,,13,5,0.20588235294117646,0.051515151515151514,0.2818181818181818,0.1827956989247312,0.25076452599388377,0.2777777777777778,0.23852290582219396,0.5285423037716616,0.07189542483660133,5.714387484979537,0.2863849765258216,,0.4658478298224509,17.37395133799317,-18.08084618324039,47.40897322735819,0.4658478298224509,,-19.015444500144547,-2.9373897707231045,-1.311722023029426,,,,,,,,179.49999999999994,2.162650602409638,179.49999999999994,2.162650602409638,,,,,,,,,,,,,,,,,,,"Chris O'Dowd","sa503377",573069
"Mike Jacobs","ARI",117,481,442,97,64,20,0,13,49,51,33,2,135,1,5,0,,0,1,0.21945701357466063,0.06860706860706861,0.2806652806652807,0.24444444444444444,0.27234927234927236,0.35294117647058826,0.2767493309208147,0.6252904488198606,0.13348416289592763,1.660700553481787,0.2809364548494983,,-0.7390188351273537,39.42605543479172,-12.251997921915372,68.3513572452487,-0.7390188351273537,,-17.82706229791196,-8.836713697824809,-1.3268410459355342,,,,,,,,380.5999999999999,3.252991452991452,380.5999999999999,3.252991452991452,,,,,,,,,,,,,,,,,,,"Mike Jacobs","2231",408312
"Brian Ragira","SFG",102,435,404,87,61,17,1,8,43,42,24,1,132,4,3,0,,2,2,0.21534653465346534,0.05517241379310345,0.30344827586206896,0.18181818181818182,0.26436781609195403,0.3217821782178218,0.26186451054937826,0.5861499943097759,0.10643564356435645,3.0738135249272833,0.2958801498127341,,-0.6859169770032167,30.68952989145134,-16.046339568356533,68.0546026310386,-0.6859169770032167,,-16.284664368862767,-8.991622574955908,-1.3274599542339987,,,,,,,,295.59999999999997,2.898039215686274,295.59999999999997,2.898039215686274,,,,,,,,,,,,,,,,,,,"Brian Ragira","sa549827",592655
"Tim Smalling","COL",79,311,285,67,46,16,2,3,28,25,19,0,69,3,3,1,,4,5,0.23508771929824562,0.06109324758842444,0.22186495176848875,0.2753623188405797,0.2870967741935484,0.3368421052631579,0.27894285840372884,0.6239388794567062,0.10175438596491226,4.035893000601885,0.2962962962962963,,-1.3416929794475436,26.01490759509425,-7.398553099159196,57.7416523283617,-1.3416929794475436,,-16.094174331661357,-5.428130511463845,-1.3276152507763546,,,,,,,,235.79999999999998,2.9848101265822784,235.79999999999998,2.9848101265822784,,,,,,,,,,,,,,,,,,,"Tim Smalling","sa545109",594999
"Matt Fields","KCR",112,458,422,85,51,17,1,16,47,47,29,0,170,6,1,0,,2,2,0.2014218009478673,0.06331877729257641,0.37117903930131,0.17058823529411765,0.26200873362445415,0.36018957345971564,0.2781598768380011,0.6221983070841698,0.15876777251184834,3.196391071274279,0.2911392405063291,,-0.6783761945553124,38.03630338342548,-11.170658024832008,72.98589768139738,-0.6783761945553124,,-14.278079121711997,-12.414168136390359,-1.3474466736476165,,,,,,,,362.59999999999997,3.2375,362.59999999999997,3.2375,,,,,,,,,,,,,,,,,,,"Matt Fields","sa289014",446612
"Nick Ramirez","MIL",122,514,476,100,60,21,2,17,55,63,33,3,213,2,3,0,,1,2,0.21008403361344538,0.06420233463035019,0.4143968871595331,0.15492957746478872,0.26264591439688717,0.3697478991596639,0.278126882247029,0.632393813556551,0.1596638655462185,3.31386130034193,0.3333333333333333,,-0.9009985448792577,42.67402322519125,-12.5495098836392,71.15678968423175,-0.9009985448792577,,-17.54274454504697,-10.442974720752499,-1.3622180359207523,,,,,,,,417.4,3.4213114754098357,417.4,3.4213114754098357,,,,,,,,,,,,,,,,,,,"Nick Ramirez","12575",598286
"Telvin Nash","HOU",90,363,325,53,32,7,0,14,39,36,30,1,189,5,2,1,,1,1,0.16307692307692306,0.08264462809917356,0.5206611570247934,0.15873015873015872,0.2430939226519337,0.31384615384615383,0.2520902817269111,0.5569400764980875,0.15076923076923077,2.5383580635882135,0.31451612903225806,,-0.4259070954285562,22.88864013258584,-16.111637140771073,59.52014641448734,-0.4259070954285562,,-16.577633940295947,-7.668871252204585,-1.4069856308786348,,,,,,,,227.79999999999993,2.53111111111111,227.79999999999993,2.53111111111111,,,,,,,,,,,,,,,,,,,"Telvin Nash","sa501240",571981
"Tony Thomas","MIN",112,440,412,80,50,19,3,8,39,36,22,0,151,3,3,0,,11,2,0.1941747572815534,0.05,0.3431818181818182,0.1456953642384106,0.23863636363636365,0.3131067961165049,0.24605879905548964,0.5517431597528686,0.11893203883495149,6.093441426545322,0.28125,,1.1630981357302517,25.708381580758026,-21.56468178088672,51.35485556389059,1.1630981357302517,,-22.363849017432774,-4.383303938859495,-1.4155802315531556,,,,,,,,273.69999999999993,2.443749999999999,273.69999999999993,2.443749999999999,,,,,,,,,,,,,,,,,,,"Tony Thomas","sa389692",506917
"Wilson Betemit","TBR",82,317,290,59,41,11,0,7,30,25,23,1,105,0,4,0,,1,0,0.20344827586206896,0.07255520504731862,0.3312302839116719,0.21904761904761905,0.2586750788643533,0.3137931034482759,0.25561888968642754,0.5724681823126292,0.11034482758620692,2.4890707613304275,0.2857142857142857,,-0.037534644128754735,20.846059736551407,-13.212033639906284,62.63278197601946,-0.037534644128754735,,-13.057907812774491,-9.823780129335685,-1.4160093473746365,,,,,,,,208.99999999999997,2.5487804878048776,208.99999999999997,2.5487804878048776,,,,,,,,,,,,,,,,,,,"Wilson Betemit","1861",400140
"Drew Garcia","CHW",104,382,353,65,45,15,1,4,28,25,19,1,133,3,2,5,,4,3,0.18413597733711048,0.049738219895287955,0.3481675392670157,0.14285714285714285,0.23076923076923078,0.26628895184135976,0.22369503531050175,0.49705818261059054,0.08215297450424927,3.7604232376824935,0.2798165137614679,,-0.5800296417437494,15.767358817798968,-25.27425528253806,36.551112837119994,-0.5800296417437494,,-27.221658599389766,2.2107583774250443,-1.425269177641634,,,,,,,,163,1.5673076923076923,163,1.5673076923076923,,,,,,,,,,,,,,,,,,,"Drew Garcia","sa455332",543198
"Andy Vasquez","PIT",100,325,309,69,49,12,3,5,31,29,10,1,90,1,1,4,,10,8,0.22330097087378642,0.03076923076923077,0.27692307692307694,0.1111111111111111,0.24922118380062305,0.3300970873786408,0.2549479497596622,0.5793182711792638,0.10679611650485438,5.96090985673872,0.29767441860465116,,-1.2389432734344155,21.204901296828577,-13.71270232256811,61.52468739354743,-1.2389432734344155,,-15.275406478022521,-7.582451499118166,-1.4276023600935248,,,,,,,,205.89999999999998,2.0589999999999997,205.89999999999998,2.0589999999999997,,,,,,,,,,,,,,,,,,,"Andy Vasquez","sa457107",516776
"Audy Ciriaco","CLE",108,391,370,81,54,16,2,9,38,39,16,0,92,2,2,1,,5,3,0.21891891891891893,0.04092071611253197,0.23529411764705882,0.17391304347826086,0.25384615384615383,0.34594594594594597,0.2657078425089518,0.5997920997920998,0.12702702702702703,4.410365153929396,0.2656826568265683,,-0.4026519861072302,28.737859930904293,-13.270703192739107,65.37728540347368,-0.4026519861072302,,-15.282937915934541,-10.183274544385656,-1.4441560888174456,,,,,,,,281.1,2.602777777777778,281.1,2.602777777777778,,,,,,,,,,,,,,,,,,,"Audy Ciriaco","sa294300",455371
"Wilkin Ramirez","MIN",94,353,334,76,52,16,2,6,32,30,13,0,97,3,3,0,,6,3,0.2275449101796407,0.036827195467422094,0.2747875354107649,0.13402061855670103,0.26062322946175637,0.3413173652694611,0.26654625175357205,0.6019405947312175,0.1137724550898204,4.871373436421129,0.29914529914529914,,-0.18757041823118925,26.171913342219618,-11.75397612746355,65.65014086933442,-0.18757041823118925,,-13.515818537543685,-11.891093474426807,-1.568774838072057,,,,,,,,256.8,2.7319148936170214,256.8,2.7319148936170214,,,,,,,,,,,,,,,,,,,"Wilkin Ramirez","5219",457133
"Chris Dominguez","CIN",129,508,485,107,71,19,2,15,53,55,16,0,157,4,3,0,,9,5,0.22061855670103092,0.031496062992125984,0.3090551181102362,0.10191082802547771,0.25,0.36082474226804123,0.269459992764503,0.6108247422680413,0.1402061855670103,4.902361975025968,0.2911392405063291,,-0.42841196269728243,38.79908366499737,-15.779816761628835,66.76576647847311,-0.42841196269728243,,-19.379823075856194,-10.599647266313934,-1.60084100819632,,,,,,,,384.79999999999995,2.9829457364341083,384.79999999999995,2.9829457364341083,,,,,,,,,,,,,,,,,,,"Chris Dominguez","9718",458689
"Angel Villalona","SFG",119,479,449,90,58,20,3,9,45,45,19,1,149,8,3,0,,1,1,0.20044543429844097,0.03966597077244259,0.31106471816283926,0.12751677852348994,0.24425887265135698,0.3184855233853007,0.25035214997734484,0.5627443960366576,0.1180400890868597,3.687574433686981,0.2755102040816326,,-0.49377413745969534,29.564364019113764,-21.898811776858583,60.18866539465697,-0.49377413745969534,,-21.89972004640551,-10.79997060552616,-1.9955542921933556,,,,,,,,294.7999999999999,2.477310924369747,294.7999999999999,2.477310924369747,,,,,,,,,,,,,,,,,,,"Angel Villalona","sa392874",505830
"Burt Reynolds","SEA",94,377,350,59,38,12,2,7,34,31,17,0,166,8,1,1,,9,7,0.16857142857142857,0.04509283819628647,0.4403183023872679,0.10240963855421686,0.22340425531914893,0.2742857142857143,0.22601622485734046,0.4976899696048632,0.10571428571428573,5.915047634953889,0.29213483146067415,,-1.0769635636825114,16.232146201113228,-24.27227399738693,42.819425564009926,-1.0769635636825114,,-24.77232117190213,-6.92607289829512,-2.176062193141736,,,,,,,,164.89999999999998,1.7542553191489358,164.89999999999998,1.7542553191489358,,,,,,,,,,,,,,,,,,,"Burt Reynolds","sa328472",502679
"Dorssys Paulino","CLE",123,520,487,104,76,22,2,4,46,36,22,0,141,4,2,5,,6,7,0.2135523613963039,0.04230769230769231,0.27115384615384613,0.15602836879432624,0.2524271844660194,0.2915811088295688,0.24434779338466311,0.5440082932955882,0.07802874743326488,4.082654383586842,0.29069767441860467,,-1.824008830357343,29.70024214012848,-26.167923650906218,50.47313890611128,-1.824008830357343,,-30.132554024194164,-6.731922398589065,-2.2492833333185676,,,,,,,,277.99999999999994,2.260162601626016,277.99999999999994,2.260162601626016,,,,,,,,,,,,,,,,,,,"Dorssys Paulino","sa659464",609267