Name,Team,G,PA,AB,H,1B,2B,3B,HR,R,RBI,BB,IBB,SO,HBP,SF,SH,GDP,SB,CS,AVG,BB%,K%,BB/K,OBP,SLG,wOBA,OPS,ISO,Spd,BABIP,UBR,wSB,wRC,wRAA,wRC+,BsR,Fld,Off,Def,WAR,ADP,InterSD,InterSK,IntraSD,Vol,Skew,Dim,FPTS,FPTS/G,SPTS,SPTS/G,P10,P20,P30,P40,P50,P60,P70,P80,P90,TT10,TT20,TT30,TT40,TT50,TT60,TT70,TT80,TT90,NameASCII,PlayerId,MLBAMID
"Mike Trout","LAA",156,680,558,163,91,31,6,35,115,104,106,11,151,10,6,0,,24,6,0.2921146953405018,0.15588235294117647,0.22205882352941175,0.7019867549668874,0.4102941176470588,0.557347670250896,0.40536785553389065,0.9676417878979549,0.26523297491039427,6.5170520206957345,0.3386243386243386,,1.9018204296007752,129.06259931022095,48.955546089948896,161.3233567274343,1.9018204296007752,,51.96848769722301,1.7228202896213474,7.8466059723100985,,,,,,,,1184.6999999999998,7.5942307692307685,1184.6999999999998,7.5942307692307685,,,,,,,,,,,,,,,,,,,"Mike Trout","10155",545361
"Josh Donaldson","TOR",147,657,562,155,86,32,3,34,98,105,82,4,127,7,5,1,,6,1,0.27580071174377224,0.1248097412480974,0.1933028919330289,0.6456692913385826,0.3719512195121951,0.5249110320284698,0.3794712705846213,0.8968622515406649,0.24911032028469754,4.240158801954337,0.29802955665024633,,0.4065741568338126,110.65791126786176,33.260361318275365,140.49319526018485,0.4065741568338126,,32.34851259881075,8.497061401447922,6.45323014648914,,,,,,,,1011.1,6.878231292517007,1011.1,6.878231292517007,,,,,,,,,,,,,,,,,,,"Josh Donaldson","5038",518626
"Carlos Correa","HOU",156,682,601,168,100,37,4,27,85,115,72,5,132,4,5,0,,20,4,0.2795341098169717,0.10557184750733138,0.1935483870967742,0.5454545454545454,0.35777126099706746,0.4891846921797005,0.35986732829092527,0.846955953176768,0.20965058236272882,5.32373502377258,0.31543624161073824,,1.9773793190252036,103.8363280384084,23.493665838076705,130.78539225975166,1.9773793190252036,,27.185642099169055,6.680440008640289,5.826066242033638,,,,,,,,978.5,6.272435897435898,978.5,6.272435897435898,,,,,,,,,,,,,,,,,,,"Carlos Correa","14162",621043
"Kris Bryant","CHC",153,672,576,158,91,30,4,33,104,109,78,4,182,14,4,0,,12,4,0.2743055555555556,0.11607142857142858,0.2708333333333333,0.42857142857142855,0.37202380952380953,0.5121527777777778,0.3759908464675892,0.8841765873015873,0.2378472222222222,5.381338200101217,0.3424657534246575,,0.3594286877196282,111.25442395510402,32.08980665507044,134.72131490796698,0.3594286877196282,,29.0958174694075,6.011935752115132,5.775714278449876,,,,,,,,1016.3999999999999,6.64313725490196,1016.3999999999999,6.64313725490196,,,,,,,,,,,,,,,,,,,"Kris Bryant","15429",592178
"Manny Machado","BAL",147,646,585,169,104,32,1,32,91,86,53,5,112,3,4,1,,7,4,0.28888888888888886,0.08204334365325078,0.17337461300309598,0.4732142857142857,0.3488372093023256,0.5111111111111111,0.3632147993892431,0.8599483204134366,0.2222222222222222,3.2705262464803653,0.30786516853932583,,-0.5867195047903806,100.13961438431163,24.037913825053167,128.64222328558049,-0.5867195047903806,,21.62862718516719,12.873703898295874,5.766417327381616,,,,,,,,930.8,6.331972789115646,930.8,6.331972789115646,,,,,,,,,,,,,,,,,,,"Manny Machado","11493",592518
"Mookie Betts","BOS",156,710,645,198,125,43,6,24,101,95,56,1,85,2,6,1,,27,6,0.30697674418604654,0.07887323943661972,0.11971830985915492,0.6588235294117647,0.3610719322990127,0.5038759689922481,0.367808856027948,0.8649479012912608,0.19689922480620153,6.192395885736952,0.3210332103321033,,2.5332340016029775,112.75206065789696,29.110872736730542,127.64090147766133,2.5332340016029775,,26.095898680453118,5.338899612426758,5.67442742131584,,,,,,,,1056.8000000000002,6.774358974358975,1056.8000000000002,6.774358974358975,,,,,,,,,,,,,,,,,,,"Mookie Betts","13611",605141
"Jose Altuve","HOU",156,696,636,203,143,39,4,17,94,81,44,9,65,7,6,3,,37,10,0.3191823899371069,0.06321839080459771,0.09339080459770115,0.676923076923077,0.3665223665223665,0.47327044025157233,0.35643757783878616,0.8397928067739389,0.15408805031446543,5.929862249965057,0.33214285714285713,,2.8875760475639254,103.99811857269844,22.006193511949384,128.42824152801774,2.8875760475639254,,26.64356350625632,0.592479944229126,5.1965321631897,,,,,,,,991.8,6.357692307692307,991.8,6.357692307692307,,,,,,,,,,,,,,,,,,,"Jose Altuve","5417",514888
"Francisco Lindor","CLE",156,681,604,180,126,31,6,17,86,80,53,2,91,3,13,8,,19,6,0.2980132450331126,0.07782672540381791,0.13362701908957417,0.5824175824175825,0.35066864784546803,0.45364238410596025,0.3431267348380451,0.8043110319514283,0.15562913907284764,5.606597543985122,0.32023575638506874,,0.937721629627049,94.27695618799247,14.052098477690597,111.31500528072384,0.937721629627049,,10.189297697938164,16.666370391845703,5.105667171282931,,,,,,,,875.1999999999999,5.61025641025641,875.1999999999999,5.61025641025641,,,,,,,,,,,,,,,,,,,"Francisco Lindor","12916",596019
"Nolan Arenado","COL",152,646,587,171,90,38,5,38,85,110,47,8,96,3,8,1,,2,3,0.29131175468483816,0.07275541795665634,0.14860681114551083,0.4895833333333333,0.3426356589147287,0.5672913117546848,0.3763911917782279,0.9099269706694135,0.27597955706984667,3.2751122160162085,0.2885032537960954,,-1.125379896722734,107.16334298101927,31.061642421760805,119.82032394557046,-1.125379896722734,,14.643833137468643,12.072813929423804,4.833028083305539,,,,,,,,1011.8999999999999,6.657236842105262,1011.8999999999999,6.657236842105262,,,,,,,,,,,,,,,,,,,"Nolan Arenado","9777",571448
"Anthony Rizzo","CHC",153,667,567,159,87,36,3,33,94,108,78,8,114,18,4,0,,8,5,0.2804232804232804,0.11694152923538231,0.17091454272863568,0.6842105263157895,0.3823088455772114,0.5291005291005291,0.38490462221759225,0.9114093746777405,0.24867724867724866,3.97350657883265,0.2971698113207547,,-0.8413276469800621,115.33262313167053,36.757028281786006,140.6935051595366,-0.8413276469800621,,32.587233787266996,-6.9722413102855825,4.788657125033739,,,,,,,,1044.3,6.825490196078431,1044.3,6.825490196078431,,,,,,,,,,,,,,,,,,,"Anthony Rizzo","3473",519203
"Bryce Harper","WSN",142,600,486,136,79,26,2,29,88,86,104,15,124,3,6,1,,14,8,0.27983539094650206,0.17333333333333334,0.20666666666666667,0.8387096774193549,0.4056761268781302,0.5205761316872428,0.3885000776754667,0.926252258565373,0.24074074074074076,4.291970207112901,0.31563421828908556,,-0.8615472048986703,105.52758480937484,34.84489079148772,141.12244953261956,-0.8615472048986703,,29.526093349124146,-6.051476614500481,4.351882892375119,,,,,,,,960.1999999999999,6.761971830985915,960.1999999999999,6.761971830985915,,,,,,,,,,,,,,,,,,,"Bryce Harper","11579",547180
"Kyle Seager","SEA",154,653,585,155,94,32,3,26,82,92,58,6,108,7,3,0,,5,3,0.26495726495726496,0.0888208269525268,0.16539050535987748,0.5370370370370371,0.33690658499234305,0.46324786324786327,0.3406011105689236,0.8001544482402063,0.1982905982905983,3.7119285903679344,0.2841409691629956,,-0.5725002323742956,89.03978187200377,12.113449882536623,118.41544167535751,-0.5725002323742956,,13.86557072406398,5.657333837685201,4.258765159594561,,,,,,,,833.4000000000001,5.411688311688312,833.4000000000001,5.411688311688312,,,,,,,,,,,,,,,,,,,"Kyle Seager","9785",572122
"Paul Goldschmidt","ARI",143,630,521,151,90,32,2,27,89,94,99,17,136,4,6,0,,20,5,0.28982725527831094,0.15714285714285714,0.21587301587301588,0.7279411764705882,0.4031746031746032,0.5143953934740882,0.3847573663048799,0.9175699966486914,0.2245681381957773,4.739636724976295,0.34065934065934067,,1.55642856284976,108.85831023355911,34.641481514777645,135.38490788541296,1.55642856284976,,29.011676676328882,-7.8229639971697775,4.215670200163666,,,,,,,,1015.5999999999999,7.102097902097902,1015.5999999999999,7.102097902097902,,,,,,,,,,,,,,,,,,,"Paul Goldschmidt","9218",502671
"Corey Seager","LAD",156,675,622,174,106,41,5,22,89,99,42,3,113,5,6,0,,5,1,0.2797427652733119,0.06222222222222222,0.1674074074074074,0.37168141592920356,0.3274074074074074,0.4678456591639871,0.33742290353845983,0.7952530665713946,0.18810289389067525,4.52061894610079,0.30831643002028397,,0.2536944984458387,90.26938136218503,10.75135059206202,112.87321603040076,0.2536944984458387,,10.955513071905964,8.785876166252862,4.213996764072568,,,,,,,,854.3,5.476282051282051,854.3,5.476282051282051,,,,,,,,,,,,,,,,,,,"Corey Seager","13624",608369
"Buster Posey","SFG",123,512,455,134,93,25,2,14,63,71,47,6,53,3,7,0,,3,1,0.2945054945054945,0.091796875,0.103515625,0.8867924528301887,0.359375,0.45054945054945056,0.34499925822608557,0.8099244505494505,0.15604395604395604,3.349947100929924,0.3037974683544304,,-0.11713577038608491,71.67187410379614,11.355975208532469,116.72682201114242,-0.11713577038608491,,10.43037920255068,13.594991432225822,4.1220306264341255,,,,,,,,663.8000000000001,5.3967479674796754,663.8000000000001,5.3967479674796754,,,,,,,,,,,,,,,,,,,"Buster Posey","9166",457763
"Joey Votto","CIN",137,592,477,139,87,29,2,21,80,73,106,15,115,4,5,0,,7,2,0.2914046121593291,0.17905405405405406,0.19425675675675674,0.9217391304347826,0.4206081081081081,0.49266247379454925,0.38755944490019534,0.9132705819026574,0.20125786163522014,3.923199301559567,0.34104046242774566,,0.1721604480408132,103.66105565408611,33.92079755643749,140.47444405257156,0.1721604480408132,,29.682170183662265,-8.980545378726484,4.042281017219101,,,,,,,,931.9999999999999,6.802919708029196,931.9999999999999,6.802919708029196,,,,,,,,,,,,,,,,,,,"Joey Votto","4314",458015
"Andrew McCutchen","PIT",146,641,551,153,95,30,4,24,83,86,77,9,126,8,5,0,,11,6,0.2776769509981851,0.12012480499219969,0.19656786271450857,0.6111111111111112,0.3712948517940718,0.47731397459165154,0.3608761800429489,0.8486088263857233,0.1996370235934664,4.439393616143095,0.31773399014778325,,-0.6420839608181268,98.12757827248294,22.614900163373527,126.3606561504943,-0.6420839608181268,,20.168343435738784,-2.0656966490299817,3.9358392165479597,,,,,,,,900.3000000000001,6.166438356164384,900.3000000000001,6.166438356164384,,,,,,,,,,,,,,,,,,,"Andrew McCutchen","9847",457705
"Kevin Kiermaier","TBR",134,502,458,118,75,22,8,13,63,46,35,1,95,5,2,2,,18,5,0.2576419213973799,0.0697211155378486,0.1892430278884462,0.3684210526315789,0.316,0.425764192139738,0.31871650727812895,0.741764192139738,0.16812227074235808,7.294002207882632,0.29829545454545453,,1.295545764733106,59.384907516966784,0.24705352200123182,101.17142766539453,1.295545764733106,,2.001591842471833,18.54310400243509,3.840145395012821,,,,,,,,574.6,4.2880597014925375,574.6,4.2880597014925375,,,,,,,,,,,,,,,,,,,"Kevin Kiermaier","11038",595281
"Robinson Canó","SEA",148,644,589,169,113,30,2,24,84,90,45,10,91,6,4,0,,3,3,0.2869269949066214,0.06987577639751552,0.14130434782608695,0.4945054945054945,0.3416149068322981,0.466893039049236,0.34150701704837544,0.8085079458815341,0.17996604414261463,3.096082541763397,0.303347280334728,,-0.9747440642677248,88.29398935879149,12.42789777959266,119.0380403602241,-0.9747440642677248,,13.745735601378023,0.8469852007956167,3.7233904872190586,,,,,,,,831.7,5.619594594594595,831.7,5.619594594594595,,,,,,,,,,,,,,,,,,,"Robinson Cano","3269",429664
"Freddie Freeman","ATL",148,639,544,153,90,34,3,26,94,86,82,10,148,9,4,0,,4,2,0.28125,0.12832550860719874,0.23161189358372458,0.5540540540540541,0.38184663536776214,0.49816176470588236,0.3729621615432594,0.8800084000736446,0.21691176470588236,3.999262354444734,0.339572192513369,,-0.403157475637272,104.19407853569412,28.91700940664434,132.9027065065936,-0.403157475637272,,25.490848010094325,-9.455038030311544,3.7179657983736334,,,,,,,,947.9,6.40472972972973,947.9,6.40472972972973,,,,,,,,,,,,,,,,,,,"Freddie Freeman","5361",518692
"Brian Dozier","MIN",147,657,581,148,80,33,4,31,96,82,61,3,131,7,6,2,,15,4,0.2547332185886403,0.0928462709284627,0.1993911719939117,0.46564885496183206,0.3297709923664122,0.4853700516351119,0.34524428625048303,0.8151410440015241,0.2306368330464716,5.646974846894008,0.2752941176470588,,1.0357187783811241,92.10241005499783,14.70486010541144,114.66881608824568,1.0357187783811241,,12.60680911829631,1.2441811858030851,3.692572283247172,,,,,,,,879,5.979591836734694,879,5.979591836734694,,,,,,,,,,,,,,,,,,,"Brian Dozier","9810",572821
"Miguel Cabrera","DET",135,583,511,154,97,29,1,27,73,91,64,13,104,3,5,0,,1,0,0.3013698630136986,0.1097770154373928,0.1783876500857633,0.6153846153846154,0.379073756432247,0.5205479452054794,0.376456624374055,0.8996217016377264,0.2191780821917808,2.1707828608916007,0.32987012987012987,,-0.13881771289743483,96.74390631125395,28.063888623873627,137.92320423646566,-0.13881771289743483,,26.40646963499572,-10.091771425884096,3.6881673638406527,,,,,,,,897.9,6.651111111111111,897.9,6.651111111111111,,,,,,,,,,,,,,,,,,,"Miguel Cabrera","1744",408234
"Evan Longoria","TBR",154,658,602,160,91,36,3,30,79,88,45,7,143,4,7,0,,1,2,0.26578073089701,0.06838905775075987,0.21732522796352582,0.3146853146853147,0.31762917933130697,0.4850498338870432,0.33629704135171096,0.8026790132183501,0.21926910299003322,2.664490195601381,0.2981651376146789,,-0.9178920991253108,87.38463672949182,9.869282289875613,113.25393026553884,-0.9178920991253108,,9.553017883330526,1.9124754772755344,3.452078762721178,,,,,,,,840.8,5.45974025974026,840.8,5.45974025974026,,,,,,,,,,,,,,,,,,,"Evan Longoria","9368",446334
"Giancarlo Stanton","MIA",119,484,417,106,53,20,2,31,66,82,60,8,145,4,3,0,,4,2,0.2541966426858513,0.12396694214876033,0.29958677685950413,0.41379310344827586,0.3512396694214876,0.5347721822541966,0.36930651762405364,0.8860118516756843,0.28057553956834536,3.824483104040274,0.3073770491803279,,-0.2640402677934617,77.4601010767131,20.44272790228416,135.03152602073877,-0.2640402677934617,,20.617915513538094,-2.3870169388974567,3.438390670736924,,,,,,,,731.4,6.1462184873949575,731.4,6.1462184873949575,,,,,,,,,,,,,,,,,,,"Giancarlo Stanton","4949",519317
"Trea Turner","WSN",139,594,546,154,103,27,10,14,77,66,41,1,131,1,4,2,,35,7,0.28205128205128205,0.06902356902356903,0.22053872053872053,0.31297709923664124,0.3310810810810811,0.44505494505494503,0.3320805452600147,0.7761360261360262,0.16300366300366298,7.859238938942221,0.345679012345679,,3.8087677843868732,76.81852206952487,6.842654991816627,103.32161283448247,3.8087677843868732,,6.238745041113244,8.329689722212533,3.421561447518342,,,,,,,,756.1999999999999,5.440287769784172,756.1999999999999,5.440287769784172,,,,,,,,,,,,,,,,,,,"Trea Turner","16252",607208
"Christian Yelich","MIA",148,638,563,158,106,33,4,15,82,70,68,3,137,3,3,1,,15,5,0.28063943161634103,0.10658307210031348,0.21473354231974923,0.49635036496350365,0.35949764521193095,0.433392539964476,0.34330219077387064,0.792890185176407,0.152753108348135,5.134526626932654,0.34541062801932365,,0.5609161998145282,88.41644861786999,13.25718397885002,117.60874226793456,0.5609161998145282,,14.397082382863385,-1.3767478915959641,3.4063298538089946,,,,,,,,808.8,5.464864864864865,808.8,5.464864864864865,,,,,,,,,,,,,,,,,,,"Christian Yelich","11477",592885
"Yoenis Cespedes","NYM",143,596,546,145,82,29,4,30,83,95,39,6,125,5,6,0,,5,3,0.26556776556776557,0.06543624161073826,0.20973154362416108,0.312,0.31711409395973156,0.4981684981684982,0.3409597072560908,0.8152825921282297,0.2326007326007326,4.362595903099065,0.28967254408060455,,-0.49845397658646107,81.44390616052351,11.232430102755638,116.89387894805864,-0.49845397658646107,,11.90213725016019,2.1426554247605534,3.3745140944575285,,,,,,,,788.0000000000001,5.510489510489511,788.0000000000001,5.510489510489511,,,,,,,,,,,,,,,,,,,"Yoenis Cespedes","13110",493316
"Starling Marte","PIT",142,581,533,150,100,31,5,14,77,57,27,3,126,18,1,2,,37,12,0.28142589118198874,0.04647160068846816,0.21686746987951808,0.21428571428571427,0.33678756476683935,0.4371482176360225,0.33324971981346607,0.7739357824028619,0.15572232645403378,7.086141251038491,0.34517766497461927,,2.1645973096601665,75.69783257010887,7.253423862788173,107.85105022195867,2.1645973096601665,,7.782453812822046,6.57555382536272,3.3577656349759586,,,,,,,,728.6999999999999,5.13169014084507,728.6999999999999,5.13169014084507,,,,,,,,,,,,,,,,,,,"Starling Marte","9241",516782
"Ian Kinsler","DET",142,631,581,160,109,29,5,17,90,75,37,0,86,8,4,1,,11,6,0.27538726333907054,0.058637083993660855,0.13629160063391443,0.43023255813953487,0.3253968253968254,0.43029259896729777,0.3256936958857945,0.7556894243641232,0.15490533562822723,5.283582014605385,0.2966804979253112,,-0.6039389199577272,78.27803129699807,3.943398088186782,103.03557153524937,-0.6039389199577272,,1.6958272554611677,9.591119338735842,3.3402821117320447,,,,,,,,726.5000000000001,5.116197183098592,726.5000000000001,5.116197183098592,,,,,,,,,,,,,,,,,,,"Ian Kinsler","6195",435079
"Brandon Crawford","SFG",148,575,513,134,87,26,7,14,62,78,49,9,112,5,7,1,,6,2,0.26120857699805067,0.08521739130434783,0.19478260869565217,0.4375,0.32752613240418116,0.42105263157894735,0.3170588806667159,0.7485787639831285,0.15984405458089668,5.033343756976939,0.30456852791878175,,0.0843517417088151,67.2340713372372,-0.5035104299046153,98.00689286269085,0.0843517417088151,,-1.3270974293433184,15.612143535042145,3.3307920519210055,,,,,,,,652.0999999999999,4.406081081081081,652.0999999999999,4.406081081081081,,,,,,,,,,,,,,,,,,,"Brandon Crawford","5343",543063
"Xander Bogaerts","BOS",156,681,622,179,125,35,2,17,87,81,48,1,122,6,4,1,,10,3,0.2877813504823151,0.07048458149779736,0.17914831130690162,0.39344262295081966,0.3426470588235294,0.432475884244373,0.33497942371817857,0.7751229430679024,0.14469453376205788,4.387398889264752,0.3326488706365503,,0.37140413420274854,89.69869993707519,9.473842226773314,105.07835021591623,0.37140413420274854,,4.5236552519386635,4.732719898223877,3.305838472751191,,,,,,,,825.6999999999999,5.292948717948717,825.6999999999999,5.292948717948717,,,,,,,,,,,,,,,,,,,"Xander Bogaerts","12161",593428
"Gary Sánchez","NYY",115,499,455,116,64,24,1,27,66,82,36,1,117,4,4,0,,5,1,0.2549450549450549,0.07214428857715431,0.23446893787575152,0.3076923076923077,0.312625250501002,0.4901098901098901,0.3394624661489663,0.802735140610892,0.23516483516483516,3.8698445522527782,0.28253968253968254,,0.35915431729517877,67.5722767756625,8.787836250786395,111.54123723420027,0.35915431729517877,,7.2737495905558625,8.13097152725379,3.3041020505474035,,,,,,,,650.4,5.655652173913043,650.4,5.655652173913043,,,,,,,,,,,,,,,,,,,"Gary Sanchez","11442",596142
"George Springer","HOU",131,590,509,128,76,23,3,26,89,76,68,2,162,10,2,1,,12,6,0.25147347740667975,0.1152542372881356,0.2745762711864407,0.41975308641975306,0.34974533106960953,0.46168958742632615,0.34959090913580876,0.8114349184959357,0.2102161100196464,5.2078859054647015,0.3157894736842105,,-0.3994512651115656,84.82605836750749,15.321409249918492,123.72275919967592,-0.3994512651115656,,16.405260324718387,-4.611347370887771,3.250090136567047,,,,,,,,776,5.923664122137405,776,5.923664122137405,,,,,,,,,,,,,,,,,,,"George Springer","12856",543807
"Anthony Rendon","WSN",138,587,519,140,87,33,3,17,80,70,55,2,105,6,6,1,,10,4,0.2697495183044316,0.09369676320272573,0.1788756388415673,0.5238095238095238,0.34300341296928333,0.44315992292870904,0.3378401241482121,0.7861633358979923,0.17341040462427743,4.810648351889117,0.3052109181141439,,0.03347493754699826,78.70301761760786,9.551781970108289,107.18050516630124,0.03347493754699826,,5.224580425335455,7.848149473985316,3.245836022974426,,,,,,,,728.4,5.278260869565218,728.4,5.278260869565218,,,,,,,,,,,,,,,,,,,"Anthony Rendon","12861",543685
"Alex Bregman","HOU",126,557,507,135,84,28,5,18,77,76,43,2,80,4,2,1,,8,4,0.26627218934911245,0.07719928186714542,0.1436265709156194,0.5375,0.3273381294964029,0.4477317554240631,0.331908349418468,0.775069884920466,0.18145956607495067,5.192633959488455,0.2846715328467153,,-0.3283800275530666,71.95438621968985,6.3372852730846425,111.57013784768728,-0.3283800275530666,,7.409243217278497,4.97185030802077,3.1958161595505756,,,,,,,,672.9,5.34047619047619,672.9,5.34047619047619,,,,,,,,,,,,,,,,,,,"Alex Bregman","17678",608324
"Justin Turner","LAD",127,461,413,115,71,27,2,15,56,64,35,1,80,8,5,0,,4,1,0.2784503631961259,0.07592190889370933,0.1735357917570499,0.4375,0.34273318872017355,0.46246973365617433,0.3445928103250006,0.8052029223763479,0.1840193704600484,4.086391155468124,0.30959752321981426,,0.1367160549852997,64.37807105760957,10.070201153866302,117.67702180431505,0.1367160549852997,,10.173088674665715,6.088876563054825,3.1622374919682206,,,,,,,,595.5000000000001,4.6889763779527565,595.5000000000001,4.6889763779527565,,,,,,,,,,,,,,,,,,,"Justin Turner","5235",457759
"Addison Russell","CHC",155,601,536,133,81,29,4,19,69,91,50,5,140,9,5,1,,6,2,0.24813432835820895,0.08319467554076539,0.23294509151414308,0.35714285714285715,0.32,0.42350746268656714,0.31814522142169854,0.7435074626865672,0.1753731343283582,4.662396032348658,0.29842931937172773,,0.07762026390992105,70.81296065856252,0.012462150645581144,95.96500246709114,0.07762026390992105,,-2.909030891847658,14.7177093815341,3.1620931908561314,,,,,,,,677.0999999999999,4.368387096774193,677.0999999999999,4.368387096774193,,,,,,,,,,,,,,,,,,,"Addison Russell","14106",608365
"Adrian Beltré","TEX",133,562,516,145,96,26,2,21,69,82,38,5,61,4,4,0,,1,1,0.2810077519379845,0.06761565836298933,0.10854092526690391,0.6229508196721312,0.33274021352313166,0.46124031007751937,0.3370670222508415,0.793980523600651,0.18023255813953487,2.639505538287707,0.2831050228310502,,-0.5081604726146907,74.99258170376115,8.786458307006882,103.69460050222838,-0.5081604726146907,,1.984812967773081,9.190281744917163,3.0898038570664,,,,,,,,705.3,5.303007518796992,705.3,5.303007518796992,,,,,,,,,,,,,,,,,,,"Adrian Beltre","639",134181
"Byron Buxton","MIN",138,533,487,126,77,24,9,16,72,64,34,1,156,5,4,3,,16,3,0.2587268993839836,0.06378986866791744,0.2926829268292683,0.21794871794871795,0.3113207547169811,0.44353182751540043,0.32174551486968994,0.7548525822323815,0.18480492813141686,7.4838376290165725,0.3448275862068966,,1.712765185860917,64.38429326389463,1.5945000780049154,98.51891045282603,1.712765185860917,,0.764952805708293,10.523066891844591,3.000886496822017,,,,,,,,628.9,4.557246376811594,628.9,4.557246376811594,,,,,,,,,,,,,,,,,,,"Byron Buxton","14161",621439
"Nelson Cruz","SEA",137,586,528,141,81,23,1,36,77,93,48,6,149,6,4,0,,3,2,0.26704545454545453,0.08191126279863481,0.25426621160409557,0.3221476510067114,0.33276450511945393,0.5189393939393939,0.35716024298092414,0.8517038990588479,0.2518939393939394,2.7578891039051543,0.3025936599423631,,-0.5089167894329876,87.91107495154526,18.87764379407551,129.79596968359252,-0.5089167894329876,,20.454834124560392,-11.018065615726314,2.9951744419737563,,,,,,,,834.4999999999999,6.091240875912408,834.4999999999999,6.091240875912408,,,,,,,,,,,,,,,,,,,"Nelson Cruz","2434",443558
"Jonathan Lucroy","TEX",128,510,462,127,84,26,3,14,58,64,45,3,79,2,1,0,,3,1,0.2748917748917749,0.08823529411764706,0.15490196078431373,0.569620253164557,0.3411764705882353,0.43506493506493504,0.3342100358338516,0.7762414056531703,0.16017316017316013,3.783344557250317,0.3054054054054054,,-0.09694133698940277,66.85145471852331,6.771164803319262,101.73109099407701,-0.09694133698940277,,0.963053925447749,10.995248495376089,2.989754539984465,,,,,,,,617.2,4.821875,617.2,4.821875,,,,,,,,,,,,,,,,,,,"Jonathan Lucroy","7870",518960
"José Ramírez","CLE",152,616,558,159,108,37,4,10,76,63,44,1,65,3,4,7,,24,8,0.2849462365591398,0.07142857142857142,0.10551948051948051,0.676923076923077,0.33825944170771755,0.41935483870967744,0.3274857185192798,0.757614280417395,0.13440860215053763,5.856246402941693,0.3059548254620123,,1.1765978657640517,77.32810592053319,4.76054006216909,100.56546720927453,1.1765978657640517,,1.5948151611522885,6.44164434872537,2.955899109420999,,,,,,,,720.7,4.741447368421053,720.7,4.741447368421053,,,,,,,,,,,,,,,,,,,"Jose Ramirez","13510",608070
"Odúbel Herrera","PHI",156,609,552,155,112,27,5,11,78,47,44,3,136,7,2,4,,20,7,0.2807971014492754,0.0722495894909688,0.2233169129720854,0.3235294117647059,0.34049586776859503,0.4076086956521739,0.3244042155948588,0.7481045634207689,0.1268115942028985,5.9667345854796165,0.3538083538083538,,0.7728665247559547,74.90085123234314,3.157916804187724,100.56640410933547,0.7728665247559547,,1.1976918926171751,8.100474469455673,2.9313664139597977,,,,,,,,697.6,4.471794871794872,697.6,4.471794871794872,,,,,,,,,,,,,,,,,,,"Odubel Herrera","11476",546318
"Jackie Bradley Jr.","BOS",144,564,501,128,75,30,5,18,71,72,51,3,137,8,3,1,,8,2,0.2554890219560878,0.09042553191489362,0.2429078014184397,0.3722627737226277,0.3321492007104796,0.4431137724550898,0.33245196055088727,0.7752629731655694,0.187624750499002,5.451556864322342,0.3151862464183381,,0.48659557360224426,73.1116519898044,6.669919612990519,103.34131081980054,0.48659557360224426,,2.7492062504736836,6.708980518253602,2.9211493368091186,,,,,,,,687.1,4.771527777777778,687.1,4.771527777777778,,,,,,,,,,,,,,,,,,,"Jackie Bradley Jr.","12984",598265
"Dustin Pedroia","BOS",128,580,525,153,113,29,1,10,66,56,49,1,64,1,4,1,,6,4,0.2914285714285714,0.08448275862068966,0.1103448275862069,0.765625,0.35060449050086356,0.4076190476190476,0.3302266227539023,0.7582235381199112,0.11619047619047618,2.9893207758862648,0.3142857142857143,,-0.8024262893013656,74.12070949293081,5.794105275639938,101.81191190588052,-0.8024262893013656,,0.4593400094785256,8.452629218586468,2.9207186976981223,,,,,,,,665.7999999999998,5.201562499999999,665.7999999999998,5.201562499999999,,,,,,,,,,,,,,,,,,,"Dustin Pedroia","8370",456030
"Chris Davis","BAL",142,595,515,123,62,22,0,39,86,99,69,5,200,7,4,0,,2,2,0.23883495145631067,0.11596638655462185,0.33613445378151263,0.345,0.334453781512605,0.5087378640776699,0.35527070194987925,0.8431916455902748,0.2699029126213592,2.192428616366605,0.3,,-0.7178920961450785,88.33353560238756,18.239864034649504,123.18251554489541,-0.7178920961450785,,15.843291682495323,-7.453430045288776,2.9192893729112623,,,,,,,,830.4,5.847887323943662,830.4,5.847887323943662,,,,,,,,,,,,,,,,,,,"Chris Davis","9272",448801
"Charlie Blackmon","COL",148,636,578,172,110,31,6,25,81,68,38,3,100,12,4,4,,24,10,0.2975778546712803,0.059748427672955975,0.15723270440251572,0.38,0.3512658227848101,0.5017301038062284,0.36206555338087826,0.8529959265910385,0.20415224913494812,6.00970588506453,0.32166301969365424,,0.3504031349439174,97.98633850900487,23.06268285004454,110.2222097026657,0.3504031349439174,,8.357381510539298,-0.18999932850899937,2.903528475421309,,,,,,,,911.9,6.161486486486487,911.9,6.161486486486487,,,,,,,,,,,,,,,,,,,"Charlie Blackmon","7859",453568
"David Ortiz","BOS",129,538,464,131,64,36,1,30,57,98,66,13,85,1,7,0,,1,0,0.2823275862068966,0.12267657992565056,0.1579925650557621,0.7764705882352941,0.3680297397769517,0.5581896551724138,0.38146496761412846,0.9262193949493656,0.27586206896551724,1.7342156521097487,0.28370786516853935,,-0.0647714571096003,91.49992481160247,28.12110917556368,137.02628209563863,-0.0647714571096003,,23.852202598539073,-13.837448559670785,2.887995008881818,,,,,,,,864.5999999999998,6.702325581395347,864.5999999999998,6.702325581395347,,,,,,,,,,,,,,,,,,,"David Ortiz","745",120074
"Jason Kipnis","CLE",143,630,559,152,97,35,4,16,78,67,56,2,124,5,6,4,,17,5,0.27191413237924866,0.08888888888888889,0.19682539682539682,0.45161290322580644,0.3402555910543131,0.4347048300536673,0.3334797845245936,0.7749604211079804,0.16279069767441862,5.43021513823227,0.32,,1.001305072568357,82.20158659071762,7.98475787193616,104.68498472742945,1.001305072568357,,4.54505102393319,2.3469348153858274,2.887357868454867,,,,,,,,768.1999999999999,5.372027972027971,768.1999999999999,5.372027972027971,,,,,,,,,,,,,,,,,,,"Jason Kipnis","9776",543401
"AJ Pollock","ARI",112,445,406,117,75,25,5,12,63,43,33,0,65,2,3,1,,19,4,0.2881773399014778,0.07415730337078652,0.14606741573033707,0.5076923076923077,0.34234234234234234,0.4630541871921182,0.3450220997806068,0.8053965295344605,0.1748768472906404,6.847332550764297,0.31626506024096385,,1.914252697955817,62.3013247955013,9.878326732235026,108.76245539891147,1.914252697955817,,6.7165891705434735,7.232587481862583,2.8736832548029243,,,,,,,,592.9,5.29375,592.9,5.29375,,,,,,,,,,,,,,,,,,,"AJ Pollock","9256",572041
"Troy Tulowitzki","TOR",116,481,431,111,71,21,0,19,53,67,41,3,99,5,4,0,,1,0,0.25754060324825984,0.08523908523908524,0.20582120582120583,0.41414141414141414,0.3264033264033264,0.4385150812064965,0.3275750517595762,0.764918407609823,0.18097447795823668,1.8852063383833504,0.2902208201892745,,-0.055796153377741575,60.416656170920675,3.7526964665811726,104.82669068945609,-0.055796153377741575,,2.7316622561265,8.885508099981505,2.854402080818457,,,,,,,,569.9999999999999,4.913793103448275,569.9999999999999,4.913793103448275,,,,,,,,,,,,,,,,,,,"Troy Tulowitzki","3531",453064
"José Bautista","TOR",117,510,425,107,57,22,1,27,70,85,77,3,96,4,4,0,,4,2,0.25176470588235295,0.15098039215686274,0.18823529411764706,0.8020833333333334,0.3686274509803922,0.4988235294117647,0.3695324629956684,0.8674509803921568,0.24705882352941178,3.083096659111807,0.26143790849673204,,-0.3223797420505434,81.71626595205812,21.635976036854085,133.66259113671234,-0.3223797420505434,,20.29016301183216,-9.68626307179688,2.8512437223823643,,,,,,,,742.5,6.346153846153846,742.5,6.346153846153846,,,,,,,,,,,,,,,,,,,"Jose Bautista","1887",430832
"Todd Frazier","CHW",150,634,569,138,81,26,1,30,84,87,52,2,145,6,6,1,,14,7,0.24253075571177504,0.08201892744479496,0.22870662460567823,0.3586206896551724,0.30963665086887837,0.44991212653778556,0.323796105743777,0.7595487774066639,0.20738137082601052,4.426758975714425,0.27,,-0.375525496667251,77.65746489689793,2.969418217997212,103.44502578586368,-0.375525496667251,,2.2468542734730583,3.5908120195000817,2.7933930246827448,,,,,,,,747.8999999999999,4.985999999999999,747.8999999999999,4.985999999999999,,,,,,,,,,,,,,,,,,,"Todd Frazier","785",453943
"Andrelton Simmons","LAA",145,574,533,140,106,24,3,7,59,53,33,3,53,3,3,2,,7,3,0.2626641651031895,0.05749128919860627,0.09233449477351917,0.6226415094339622,0.3076923076923077,0.35834896810506567,0.2893087759168789,0.6660412757973734,0.09568480300187615,4.246442853106929,0.27941176470588236,,-0.14108666335232556,53.97351619737768,-13.646261079734328,81.55990213761682,-0.14108666335232556,,-12.849430748991805,20.546860353446302,2.775725206943691,,,,,,,,516.4000000000001,3.561379310344828,516.4000000000001,3.561379310344828,,,,,,,,,,,,,,,,,,,"Andrelton Simmons","10847",592743
"Lorenzo Cain","KCR",123,503,464,131,94,25,3,9,62,57,30,3,95,5,4,0,,19,5,0.2823275862068966,0.05964214711729622,0.18886679920477137,0.3157894736842105,0.33001988071570576,0.4073275862068966,0.3174335261583328,0.7373474669226023,0.125,5.977135938756347,0.33516483516483514,,1.468619856517762,58.97069516707742,-0.28496331791794066,96.24634695053078,1.468619856517762,,-0.7982989449559725,10.742327322895425,2.759510186851567,,,,,,,,570.9,4.6414634146341465,570.9,4.6414634146341465,,,,,,,,,,,,,,,,,,,"Lorenzo Cain","9077",456715
"Joc Pederson","LAD",142,540,456,104,58,21,1,24,69,68,75,4,161,5,2,2,,10,5,0.22807017543859648,0.1388888888888889,0.29814814814814816,0.4658385093167702,0.3420074349442379,0.43640350877192985,0.3363187077563354,0.7784109437161677,0.20833333333333337,3.8701305260583023,0.29304029304029305,,-0.34933077776804566,71.72348988059868,8.109065264500286,112.13340974956336,-0.34933077776804566,,7.720108871850725,1.9950369838477362,2.749621485690972,,,,,,,,663.6,4.673239436619719,663.6,4.673239436619719,,,,,,,,,,,,,,,,,,,"Joc Pederson","11899",592626
"Salvador Perez","KCR",143,561,532,138,89,27,2,20,55,68,20,3,98,6,3,0,,0,0,0.2593984962406015,0.035650623885918005,0.1746880570409982,0.20408163265306123,0.29233511586452765,0.43045112781954886,0.3068394964313849,0.7227862436840765,0.17105263157894735,1.8530020703933745,0.2829736211031175,,-0.25130850449204445,60.86635842909445,-5.2219604776300015,88.96543095639149,-0.25130850449204445,,-7.683760088036162,15.52777756921408,2.7456798993357956,,,,,,,,596.5,4.171328671328672,596.5,4.171328671328672,,,,,,,,,,,,,,,,,,,"Salvador Perez","7304",521692
"Kevin Pillar","TOR",155,609,572,155,104,37,3,11,66,63,24,1,96,6,4,3,,17,6,0.270979020979021,0.03940886699507389,0.15763546798029557,0.25,0.30528052805280526,0.40384615384615385,0.3047826738396952,0.7091266818989591,0.13286713286713286,5.264225094179198,0.3070362473347548,,0.6431814425159246,65.04057445525473,-6.702359972900691,89.1622652329931,0.6431814425159246,,-7.2812782741682405,13.4947544262733,2.7452175004282866,,,,,,,,629.3000000000001,4.0600000000000005,629.3000000000001,4.0600000000000005,,,,,,,,,,,,,,,,,,,"Kevin Pillar","12434",607680
"J.D. Martinez","DET",141,590,533,151,86,32,3,30,75,86,47,4,151,5,5,0,,4,2,0.28330206378986866,0.07966101694915254,0.2559322033898305,0.31125827814569534,0.3440677966101695,0.5234521575984991,0.3647491369434591,0.8675199542086686,0.2401500938086304,3.7549536604203033,0.3389355742296919,,-0.32013591611757874,92.20576547442577,22.701116356836785,129.87704666643512,-0.32013591611757874,,20.844145530207236,-14.260657482887282,2.7172350775339646,,,,,,,,862.5,6.117021276595745,862.5,6.117021276595745,,,,,,,,,,,,,,,,,,,"J.D. Martinez","6184",502110
"Adam Eaton","WSN",149,666,591,169,119,29,12,9,91,59,55,1,103,13,2,5,,16,8,0.2859560067681895,0.08258258258258258,0.15465465465465467,0.5339805825242718,0.3585476550680787,0.4213197969543147,0.33967128495375315,0.7798674520223934,0.1353637901861252,6.627294358418388,0.33264033264033266,,-0.4952045879326761,90.30140383772698,11.843613477872275,108.40737479132012,-0.4952045879326761,,6.400861126353554,-1.0562800995256536,2.712408872370777,,,,,,,,804.5,5.399328859060403,804.5,5.399328859060403,,,,,,,,,,,,,,,,,,,"Adam Eaton","11205",594809
"Brandon Belt","SFG",130,529,454,121,70,30,5,16,66,62,68,3,127,4,3,0,,4,3,0.2665198237885463,0.1285444234404537,0.24007561436672967,0.5354330708661418,0.3648393194706994,0.460352422907489,0.3547682078845601,0.8251917423781885,0.19383259911894274,4.50818002199539,0.3343949044585987,,-0.7410866722930223,78.3158500734266,15.997274847656142,123.27197499172935,-0.7410866722930223,,14.420884533507405,-5.257827850736499,2.6573888915913475,,,,,,,,704.6999999999999,5.42076923076923,704.6999999999999,5.42076923076923,,,,,,,,,,,,,,,,,,,"Brandon Belt","10264",474832
"Russell Martin","TOR",116,462,395,92,58,16,0,18,52,71,52,2,118,10,4,1,,3,3,0.23291139240506328,0.11255411255411256,0.2554112554112554,0.4406779661016949,0.33405639913232105,0.41012658227848103,0.32424401769451067,0.7441829814108021,0.17721518987341775,2.2266060464414377,0.2813688212927757,,-0.8939663306809962,56.76026407339351,2.334589679620428,102.53738437009903,-0.8939663306809962,,0.5135131984830035,9.808994285854293,2.656178192564061,,,,,,,,519.1,4.4750000000000005,519.1,4.4750000000000005,,,,,,,,,,,,,,,,,,,"Russell Martin","4616",431145
"Yasmani Grandal","LAD",112,406,344,79,44,15,1,19,46,62,57,1,105,2,3,0,,1,1,0.22965116279069767,0.14039408866995073,0.25862068965517243,0.5428571428571428,0.3399014778325123,0.44476744186046513,0.3388839824700061,0.7846689196929775,0.21511627906976746,2.318764056872589,0.26905829596412556,,-0.4386018686927855,54.78484511663671,6.956222164533097,113.85213243984165,-0.4386018686927855,,6.487827703910876,6.227037762908778,2.620625705647672,,,,,,,,502.2999999999999,4.484821428571427,502.2999999999999,4.484821428571427,,,,,,,,,,,,,,,,,,,"Yasmani Grandal","11368",518735
"Jung Ho Kang","PIT",120,458,405,105,61,22,2,20,58,67,37,1,114,13,3,0,,3,3,0.25925925925925924,0.08078602620087336,0.24890829694323144,0.32456140350877194,0.3384279475982533,0.47160493827160493,0.34699697450162026,0.8100328858698582,0.2123456790123457,3.537186791837409,0.3102189781021898,,-0.8760157232172787,64.86771551800796,10.913259084354118,117.06164994277968,-0.8760157232172787,,8.747932086250708,2.296893611962062,2.618939737613345,,,,,,,,593.5000000000001,4.945833333333335,593.5000000000001,4.945833333333335,,,,,,,,,,,,,,,,,,,"Jung Ho Kang","17182",628356
"Wil Myers","SDP",145,621,551,143,87,28,3,25,92,86,62,2,152,3,5,0,,21,5,0.2595281306715064,0.0998389694041868,0.24476650563607086,0.40789473684210525,0.33494363929146537,0.4573502722323049,0.33906003587272904,0.7922939115237703,0.19782214156079853,6.068631638632903,0.3113456464379947,,1.814768040087074,83.886738340473,10.730150031959841,112.64207118022904,1.814768040087074,,11.483657282414118,-5.8296300267416346,2.5977149027445416,,,,,,,,803.9999999999999,5.544827586206896,803.9999999999999,5.544827586206896,,,,,,,,,,,,,,,,,,,"Wil Myers","10047",571976
"Devon Travis","TOR",114,471,436,124,78,29,2,15,60,61,29,0,87,2,3,1,,6,2,0.28440366972477066,0.06157112526539278,0.18471337579617833,0.3333333333333333,0.32978723404255317,0.463302752293578,0.3390795660779831,0.7930899863361311,0.17889908256880732,4.485185762196489,0.32344213649851633,,0.1359597381670028,63.63183158712244,8.145916783081047,112.7333517489985,0.1359597381670028,,7.336705783445067,1.9834196324176048,2.5848465461183747,,,,,,,,593.6999999999999,5.207894736842104,593.6999999999999,5.207894736842104,,,,,,,,,,,,,,,,,,,"Devon Travis","13862",581527
"Yasiel Puig","LAD",139,541,487,134,85,25,5,19,70,74,44,2,113,8,2,0,,7,6,0.2751540041067762,0.08133086876155268,0.2088724584103512,0.3893805309734513,0.3438077634011091,0.46406570841889117,0.3462312215997912,0.8078734718200002,0.18891170431211496,4.776200653183491,0.32212885154061627,,-1.3613062391523272,76.28137719415432,12.5491480880261,118.7747500978906,-1.3613062391523272,,11.148142853223959,-3.110113799046376,2.5813596125937552,,,,,,,,695.5,5.003597122302159,695.5,5.003597122302159,,,,,,,,,,,,,,,,,,,"Yasiel Puig","14225",624577
"Kole Calhoun","LAA",145,620,559,147,94,29,4,20,84,75,52,0,122,4,4,1,,4,2,0.2629695885509839,0.08387096774193549,0.1967741935483871,0.4262295081967213,0.32794830371567046,0.4364937388193202,0.3295004976392755,0.7644420425349907,0.17352415026833629,4.266260852862993,0.3016627078384798,,-0.35603713104501367,78.86099709144771,5.8222132729643645,109.18230428891785,-0.35603713104501367,,6.479257215680338,-2.551665309455239,2.549554485765331,,,,,,,,729.0999999999999,5.0282758620689645,729.0999999999999,5.0282758620689645,,,,,,,,,,,,,,,,,,,"Kole Calhoun","11200",594777
"Matt Carpenter","STL",137,601,509,134,78,34,4,18,86,67,79,4,119,6,5,2,,2,4,0.2632612966601179,0.1314475873544093,0.19800332778702162,0.6638655462184874,0.3656093489148581,0.4518664047151277,0.3519529686254613,0.8174757536299857,0.1886051080550098,3.7526677642561874,0.3076923076923077,,-1.5956948234234005,87.57895782716434,16.778459319247425,120.47792663319746,-1.5956948234234005,,13.561792324398205,-7.757199180049101,2.5480727782153663,,,,,,,,779.5999999999999,5.690510948905109,779.5999999999999,5.690510948905109,,,,,,,,,,,,,,,,,,,"Matt Carpenter","8090",572761
"Stephen Piscotty","STL",149,625,564,154,97,36,3,18,77,79,49,1,115,8,3,1,,8,6,0.2730496453900709,0.0784,0.184,0.4260869565217391,0.33814102564102566,0.4432624113475177,0.33677808918884056,0.7814034369885434,0.17021276595744678,4.086702593092295,0.31336405529953915,,-1.2016951029654592,83.25021324421839,9.622406975585974,110.31082465734843,-1.2016951029654592,,6.735008699340753,-1.7289699465299195,2.544455008318901,,,,,,,,758.5000000000001,5.0906040268456385,758.5000000000001,5.0906040268456385,,,,,,,,,,,,,,,,,,,"Stephen Piscotty","13367",572039
"Ender Inciarte","ATL",141,596,548,157,120,25,6,6,80,37,38,2,73,3,3,4,,21,7,0.2864963503649635,0.06375838926174497,0.12248322147651007,0.5205479452054794,0.3344594594594595,0.38686131386861317,0.3135485925916898,0.7213207733280727,0.10036496350364965,6.255839898452293,0.3199152542372881,,0.9751103536691517,67.96323110868161,-2.2482449490862573,93.09587859717455,0.9751103536691517,,-4.0927125873795385,9.93573838721157,2.5357431591082773,,,,,,,,637.5999999999999,4.521985815602836,637.5999999999999,4.521985815602836,,,,,,,,,,,,,,,,,,,"Ender Inciarte","4922",542255
"Justin Upton","DET",147,608,541,139,81,27,2,29,82,92,59,3,160,4,4,0,,11,4,0.25693160813308685,0.09703947368421052,0.2631578947368421,0.36875,0.33223684210526316,0.47504621072088726,0.34349369539702235,0.8072830528261504,0.2181146025878004,4.431512672290707,0.3089887640449438,,0.24469407019205391,84.35501282289013,12.72988288476452,115.268905259744,0.24469407019205391,,11.390855555649322,-7.357940053393181,2.5187535401145444,,,,,,,,798.4,5.431292517006803,798.4,5.431292517006803,,,,,,,,,,,,,,,,,,,"Justin Upton","5222",457708
"José Abreu","CHW",151,652,590,170,109,31,2,28,79,99,44,9,123,13,5,0,,1,2,0.288135593220339,0.06748466257668712,0.18865030674846625,0.35772357723577236,0.348159509202454,0.48983050847457626,0.35357550681100847,0.8379900176770303,0.20169491525423727,2.3469806690886914,0.31981981981981983,,-0.9717439215164632,95.88371645974,19.07518896030266,123.91139440240329,-0.9717439215164632,,17.74655376433399,-15.26622816901008,2.5124056457464947,,,,,,,,893.7999999999997,5.919205298013243,893.7999999999997,5.919205298013243,,,,,,,,,,,,,,,,,,,"Jose Abreu","15676",547989
"Trevor Story","COL",119,520,469,122,62,28,6,26,64,77,41,3,155,6,3,1,,14,4,0.2601279317697228,0.07884615384615384,0.2980769230769231,0.2645161290322581,0.325626204238921,0.511727078891258,0.35195448740508206,0.8373532831301791,0.2515991471215352,6.300329421278825,0.32989690721649484,,0.9232279867865145,75.7761226821404,14.517787866638225,103.44784030554388,0.9232279867865145,,3.1313203711707107,4.489332448027541,2.470383689489602,,,,,,,,730.3999999999999,6.137815126050419,730.3999999999999,6.137815126050419,,,,,,,,,,,,,,,,,,,"Trevor Story","12564",596115
"Yadier Molina","STL",128,507,468,132,97,27,1,7,43,54,30,2,59,4,5,0,,3,2,0.28205128205128205,0.05917159763313609,0.11637080867850098,0.5084745762711864,0.32741617357001973,0.3888888888888889,0.3101740455863499,0.7163050624589087,0.10683760683760685,2.5707536048566495,0.3071253071253071,,-0.5089167894329876,56.40259527668124,-3.324281168433372,92.48623333811159,-0.5089167894329876,,-5.200640372030903,13.145293878710039,2.4612422609472118,,,,,,,,523.1,4.08671875,523.1,4.08671875,,,,,,,,,,,,,,,,,,,"Yadier Molina","7007",425877
"Edwin Encarnación","CLE",133,576,495,131,72,26,1,32,77,102,70,5,101,5,6,0,,2,1,0.26464646464646463,0.12152777777777778,0.1753472222222222,0.693069306930693,0.3576388888888889,0.5151515151515151,0.3679107604010093,0.872790404040404,0.2505050505050505,2.56859808832362,0.26902173913043476,,-0.32835490303114057,91.52052868745167,23.665142430280042,128.3482223635052,-0.32835490303114057,,19.276433771297974,-14.814814814814815,2.4517369078618527,,,,,,,,846.4999999999999,6.364661654135338,846.4999999999999,6.364661654135338,,,,,,,,,,,,,,,,,,,"Edwin Encarnacion","2151",429665
"Neil Walker","NYM",128,521,468,123,81,20,2,20,65,65,42,3,94,6,4,1,,3,1,0.26282051282051283,0.08061420345489444,0.18042226487523993,0.44680851063829785,0.32884615384615384,0.4423076923076923,0.3301511285844578,0.7711538461538461,0.17948717948717946,3.4894226227237417,0.2877094972067039,,-0.0924536851234734,66.54838860371501,5.172249298183028,109.65217913571725,-0.0924536851234734,,6.100956595608746,1.0740150852037975,2.4280571738246377,,,,,,,,625.1,4.88359375,625.1,4.88359375,,,,,,,,,,,,,,,,,,,"Neil Walker","7539",435522
"Logan Forsythe","LAD",125,497,446,119,76,24,3,16,63,56,39,1,93,8,3,1,,6,4,0.26681614349775784,0.07847082494969819,0.18712273641851107,0.41935483870967744,0.3346774193548387,0.44170403587443946,0.334394626665597,0.7763814552292782,0.17488789237668162,4.432228654868881,0.3029411764705882,,-0.7126732519827783,65.2230996541847,6.674268109368205,110.84428394523367,-0.7126732519827783,,5.925124615540772,1.8294716872966659,2.409285630497842,,,,,,,,598.6999999999999,4.789599999999999,598.6999999999999,4.789599999999999,,,,,,,,,,,,,,,,,,,"Logan Forsythe","7185",523253
"Marcus Semien","OAK",156,627,568,139,87,27,4,21,77,70,54,1,139,2,2,1,,11,3,0.24471830985915494,0.0861244019138756,0.22169059011164274,0.38848920863309355,0.31150159744408945,0.41725352112676056,0.31454582805633546,0.7287551185708501,0.17253521126760563,5.100996651585196,0.28780487804878047,,0.6521818707697093,72.01417701628934,-1.8492382324027032,98.0091777173434,0.6521818707697093,,-0.8465152915293486,3.1004957156206565,2.402649471159465,,,,,,,,689.4,4.4192307692307695,689.4,4.4192307692307695,,,,,,,,,,,,,,,,,,,"Marcus Semien","12533",543760
"Dansby Swanson","ATL",133,580,521,132,85,28,7,12,71,64,51,5,123,4,3,1,,7,2,0.2533589251439539,0.08793103448275862,0.2120689655172414,0.4146341463414634,0.3229706390328152,0.40307101727447214,0.31229728865291184,0.7260416563072873,0.14971209213051823,5.589710052665239,0.30848329048843187,,0.2776202668901533,65.53984906870409,-2.7867551485867943,92.25751050328145,0.2776202668901533,,-5.25301950474733,10.234908014798712,2.3956450940702454,,,,,,,,624.7999999999998,4.697744360902254,624.7999999999998,4.697744360902254,,,,,,,,,,,,,,,,,,,"Dansby Swanson","18314",621020
"Willson Contreras","CHC",118,477,428,113,74,22,3,14,56,58,39,0,100,7,2,1,,4,4,0.26401869158878505,0.08176100628930817,0.20964360587002095,0.39,0.33403361344537813,0.42757009345794394,0.33030373546756614,0.7616037069033221,0.1635514018691589,3.830928720852433,0.31329113924050633,,-1.1081856060773134,60.98824554361769,4.7955037993974265,104.11115299800147,-1.1081856060773134,,1.3069903278387365,6.68927746096616,2.368960611443499,,,,,,,,551.6999999999999,4.675423728813559,551.6999999999999,4.675423728813559,,,,,,,,,,,,,,,,,,,"Willson Contreras","11609",575929
"Daniel Murphy","WSN",139,586,543,165,106,39,4,16,78,84,33,8,63,4,6,0,,9,3,0.30386740331491713,0.05631399317406143,0.1075085324232082,0.5238095238095238,0.3447098976109215,0.47882136279926335,0.34639600929916936,0.8235312604101849,0.17495395948434622,4.970178696680547,0.3170212765957447,,0.26788864633999765,82.70609072751223,13.672659570042482,112.91291030248372,0.26788864633999765,,9.587300484458423,-5.163324937478436,2.3581009702962183,,,,,,,,786.9999999999999,5.661870503597122,786.9999999999999,5.661870503597122,,,,,,,,,,,,,,,,,,,"Daniel Murphy","4316",502517
"Carlos Santana","CLE",142,615,515,128,73,28,2,25,70,84,94,3,110,2,4,0,,6,2,0.24854368932038834,0.15284552845528454,0.17886178861788618,0.8545454545454545,0.3642276422764228,0.4563106796116505,0.35408274371639575,0.8205383218880733,0.20776699029126217,3.3244598032493244,0.2682291666666667,,0.00806165998801589,90.69987215496852,18.250110786634217,118.84469722329085,0.00806165998801589,,13.922898905112127,-11.98454086606044,2.328799599630699,,,,,,,,823.1999999999998,5.797183098591548,823.1999999999998,5.797183098591548,,,,,,,,,,,,,,,,,,,"Carlos Santana","2396",467793
"Michael Conforto","NYM",148,558,498,125,69,29,3,24,77,80,50,4,124,6,4,0,,2,3,0.25100401606425704,0.08960573476702509,0.2222222222222222,0.4032258064516129,0.32437275985663083,0.46586345381526106,0.3353563309361358,0.7902362136718919,0.21485943775100402,3.631579397876228,0.2853107344632768,,-1.1006978114601225,73.67115625894908,7.936250822314062,113.13964164475874,-1.1006978114601225,,7.929234063181095,-2.9117735416170154,2.3277388727221098,,,,,,,,692.2,4.6770270270270276,692.2,4.6770270270270276,,,,,,,,,,,,,,,,,,,"Michael Conforto","16376",624424
"Jean Segura","SEA",155,657,614,165,121,25,6,13,76,55,28,2,104,8,2,5,,30,9,0.2687296416938111,0.0426179604261796,0.1582952815829528,0.2692307692307692,0.30828220858895705,0.3925081433224756,0.3025751707187066,0.7007903519114327,0.1237785016286645,6.456056550572337,0.3046092184368738,,1.9646224312018603,68.97016979473004,-8.427380154856351,92.28150767823375,1.9646224312018603,,-4.12389701070903,4.544063537839858,2.319040848680882,,,,,,,,678.6999999999998,4.378709677419353,678.6999999999998,4.378709677419353,,,,,,,,,,,,,,,,,,,"Jean Segura","5933",516416
"Ben Zobrist","CHC",126,548,472,126,80,29,3,14,74,60,66,4,72,3,5,2,,6,4,0.2669491525423729,0.12043795620437957,0.13138686131386862,0.9166666666666666,0.35714285714285715,0.4300847457627119,0.33983372630228414,0.787227602905569,0.163135593220339,4.082144920539471,0.2864450127877238,,-0.764281248440966,74.37551007459058,9.818649538253675,110.49620462560512,-0.764281248440966,,6.319735857351924,-1.1314484822196444,2.3126888092352473,,,,,,,,673.5999999999999,5.346031746031746,673.5999999999999,5.346031746031746,,,,,,,,,,,,,,,,,,,"Ben Zobrist","7435",450314
"Jason Heyward","CHC",142,592,526,135,92,28,3,12,72,60,58,2,96,5,2,1,,15,4,0.25665399239543724,0.09797297297297297,0.16216216216216217,0.6041666666666666,0.3350253807106599,0.3897338403041825,0.31707629606962606,0.7247592210148424,0.13307984790874527,5.184193192147313,0.29285714285714287,,1.0177681709174067,69.23036861492056,-0.5098894827280614,95.24882721808953,1.0177681709174067,,-2.446322771695298,6.231326641439341,2.312267206675866,,,,,,,,647.4,4.559154929577464,647.4,4.559154929577464,,,,,,,,,,,,,,,,,,,"Jason Heyward","4940",518792
"Brian McCann","HOU",122,468,416,100,66,14,1,19,54,69,42,2,88,7,3,0,,0,0,0.2403846153846154,0.08974358974358974,0.18803418803418803,0.4772727272727273,0.31837606837606836,0.41586538461538464,0.31735351489848845,0.7342414529914529,0.17548076923076925,1.796312427409988,0.25961538461538464,,-0.25355233042500913,54.83646810206873,-0.2960332318832184,101.56709555123152,-0.25355233042500913,,0.627000022570694,5.9951034942001264,2.2985346423070423,,,,,,,,515.9,4.228688524590163,515.9,4.228688524590163,,,,,,,,,,,,,,,,,,,"Brian McCann","4810",435263
"Jonathan Villar","MIL",145,584,515,132,87,26,4,15,74,57,57,2,157,3,3,6,,45,12,0.2563106796116505,0.0976027397260274,0.2688356164383562,0.3630573248407643,0.33217993079584773,0.4097087378640777,0.3218102486183246,0.7418886686599254,0.1533980582524272,6.995928619737937,0.33815028901734107,,3.7578658557031304,70.5760864872135,1.7782643098033828,96.93454803395842,3.7578658557031304,,1.5530408972989633,1.2663897669084054,2.1875048078074073,,,,,,,,695.2999999999998,4.795172413793102,695.2999999999998,4.795172413793102,,,,,,,,,,,,,,,,,,,"Jonathan Villar","10071",542340
"J.T. Realmuto","MIA",130,513,478,131,91,26,4,10,58,52,27,1,92,4,4,0,,11,4,0.27405857740585776,0.05263157894736842,0.1793372319688109,0.29347826086956524,0.3157894736842105,0.40794979079497906,0.31151540286373347,0.7237392644791896,0.1338912133891213,5.40744404075843,0.31842105263157894,,0.28957058885134757,57.637888319562386,-2.795815065731099,96.31173522963566,0.28957058885134757,,-2.0406992249142286,7.1054632171751955,2.1862363227259047,,,,,,,,550.4999999999999,4.234615384615384,550.4999999999999,4.234615384615384,,,,,,,,,,,,,,,,,,,"J.T. Realmuto","11739",592663
"Adam Jones","BAL",147,635,595,159,106,24,2,27,80,89,27,2,115,7,6,0,,5,1,0.2672268907563025,0.04251968503937008,0.18110236220472442,0.23478260869565218,0.30393700787401573,0.4504201680672269,0.3203368372450131,0.7543571759412426,0.18319327731092439,4.015373854226726,0.2875816993464052,,0.2806204096414149,75.96737510770626,1.1615239387757283,99.17365953614083,0.2806204096414149,,-0.3493883617774445,0.17168638385232216,2.1816830803234493,,,,,,,,738.9000000000001,5.0265306122448985,738.9000000000001,5.0265306122448985,,,,,,,,,,,,,,,,,,,"Adam Jones","6368",430945
"Martín Prado","MIA",139,585,539,153,114,28,3,8,60,63,37,3,63,4,5,0,,2,2,0.28385899814471244,0.06324786324786325,0.1076923076923077,0.5873015873015873,0.3316239316239316,0.3914656771799629,0.31290467498228725,0.7230896088038945,0.10760667903525045,3.016818546103451,0.30655391120507397,,-0.7605247888714075,66.39804479517063,-2.517581872269305,97.24254139257977,-0.7605247888714075,,-2.7472217246888007,5.321170900233838,2.165652130281527,,,,,,,,612.4999999999999,4.406474820143884,612.4999999999999,4.406474820143884,,,,,,,,,,,,,,,,,,,"Martin Prado","3312",445988
"Rougned Odor","TEX",156,642,601,165,97,32,7,29,86,92,25,1,115,9,5,2,,12,7,0.27454242928452577,0.03894080996884735,0.1791277258566978,0.21739130434782608,0.3109375,0.49584026622296173,0.3402662798645724,0.8067777662229617,0.22129783693843597,5.61804248141064,0.2943722943722944,,-0.7598187210969627,87.36249974253495,11.732017143395728,105.89334135245782,-0.7598187210969627,,3.782843823776579,-4.535753470459523,2.147108641307928,,,,,,,,833.4999999999999,5.342948717948717,833.4999999999999,5.342948717948717,,,,,,,,,,,,,,,,,,,"Rougned Odor","12282",596059
"Josh Reddick","HOU",125,477,435,116,76,20,3,17,60,59,40,2,73,0,2,0,,7,2,0.26666666666666666,0.08385744234800839,0.1530398322851153,0.547945205479452,0.3270440251572327,0.4436781609195402,0.3301152588191785,0.7707221860767729,0.17701149425287355,4.775014195877813,0.28530259365994237,,0.3247406114824116,60.914060797713255,4.721319053493001,110.33780771837883,0.3247406114824116,,6.245271895717391,-1.5500264470539395,2.1326595138617526,,,,,,,,577.1999999999999,4.6175999999999995,577.1999999999999,4.6175999999999995,,,,,,,,,,,,,,,,,,,"Josh Reddick","3892",502210
"Dexter Fowler","STL",126,552,471,122,81,24,6,11,75,43,69,1,118,7,3,2,,12,5,0.25902335456475584,0.125,0.213768115942029,0.5847457627118644,0.36,0.40552016985138006,0.3361547422105063,0.76552016985138,0.14649681528662423,5.948008402516423,0.3217391304347826,,0.001305057667195797,73.24266073136631,8.214582234910168,109.8931849441941,0.001305057667195797,,6.727074249936678,-3.4929814851683494,2.125847000664215,,,,,,,,656.1999999999999,5.207936507936507,656.1999999999999,5.207936507936507,,,,,,,,,,,,,,,,,,,"Dexter Fowler","4062",451594
"David Dahl","COL",129,531,492,140,85,27,5,23,66,71,35,1,140,1,1,2,,18,7,0.2845528455284553,0.06591337099811675,0.263653483992467,0.25,0.332703213610586,0.5,0.35339099022023607,0.8327032136105861,0.21544715447154472,5.833845467501998,0.35454545454545455,,0.46261955611407757,78.0084978887843,15.454313682954208,104.41029082590974,0.46261955611407757,,3.3468403523819603,0.5403953431144597,2.1243499710234905,,,,,,,,737.6,5.717829457364341,737.6,5.717829457364341,,,,,,,,,,,,,,,,,,,"David Dahl","13744",621311
"Aledmys Díaz","STL",126,511,462,124,78,28,3,15,64,62,34,3,86,7,5,3,,8,5,0.2683982683982684,0.06653620352250489,0.16829745596868884,0.3953488372093023,0.3248031496062992,0.4393939393939394,0.32609975160938676,0.7641970890002385,0.17099567099567098,4.766614478732856,0.2978142076502732,,-0.7089419169351459,63.562775762618834,3.364681357384977,103.1563857996105,-0.7089419169351459,,1.2775085259762982,3.073295940587549,2.1067177444136718,,,,,,,,595.9000000000001,4.72936507936508,595.9000000000001,4.72936507936508,,,,,,,,,,,,,,,,,,,"Aledmys Diaz","15937",649557
"Marcell Ozuna","MIA",148,602,555,147,95,28,4,20,73,74,41,2,132,3,3,0,,2,2,0.2648648648648649,0.0681063122923588,0.21926910299003322,0.3106060606060606,0.31727574750830567,0.43783783783783786,0.32316396216551463,0.7551135853461435,0.17297297297297298,3.4816735111663677,0.312807881773399,,-0.7268673998769373,73.42382984754035,2.505526849593604,104.11621834184595,-0.7268673998769373,,2.3249718116723095,-1.0629858303462534,2.0867655080279706,,,,,,,,690.3999999999999,4.664864864864864,690.3999999999999,4.664864864864864,,,,,,,,,,,,,,,,,,,"Marcell Ozuna","10324",542303
"Andrew Benintendi","BOS",127,535,482,134,84,31,7,12,62,68,44,3,77,4,4,1,,13,8,0.27800829875518673,0.08224299065420561,0.14392523364485982,0.5714285714285714,0.3408239700374532,0.4460580912863071,0.3364466818263526,0.7868820613237603,0.16804979253112035,5.581150640019855,0.30730478589420657,,-0.9673065186943859,71.11587906980225,8.09047690385289,106.08674676592412,-0.9673065186943859,,2.942478397882427,-0.6996864532457252,2.0827859420323716,,,,,,,,657.3000000000001,5.175590551181103,657.3000000000001,5.175590551181103,,,,,,,,,,,,,,,,,,,"Andrew Benintendi","17901",643217
"Wilson Ramos","TBR",117,465,435,113,79,17,0,17,43,64,25,2,84,1,4,0,,0,0,0.2597701149425287,0.053763440860215055,0.18064516129032257,0.2976190476190476,0.2989247311827957,0.4160919540229885,0.3053306596068018,0.7150166852057842,0.15632183908045977,0.8608323494687129,0.28402366863905326,,-0.2311140710953623,49.87178442765704,-4.9073034362054715,91.97179023589335,-0.2311140710953623,,-4.7132550801734725,9.12602895918767,2.0621998801751555,,,,,,,,484.9,4.144444444444444,484.9,4.144444444444444,,,,,,,,,,,,,,,,,,,"Wilson Ramos","1433",467092
"Jonathan Schoop","BAL",138,530,503,133,83,27,1,22,63,67,17,0,118,7,2,1,,1,1,0.2644135188866799,0.03207547169811321,0.22264150943396227,0.1440677966101695,0.29678638941398866,0.4532803180914513,0.3197106095928776,0.7500667075054399,0.1888667992047714,2.612171963467551,0.3041095890410959,,-0.4498209983576089,63.13196917005858,0.6955894542582961,98.743274588588,-0.4498209983576089,,-1.2495265620570002,3.360273849256315,2.05196041554611,,,,,,,,603.6999999999999,4.374637681159419,603.6999999999999,4.374637681159419,,,,,,,,,,,,,,,,,,,"Jonathan Schoop","11265",570731
"Lewis Brinson","MIL",110,473,441,112,64,24,6,18,54,57,24,0,113,3,4,1,,12,6,0.25396825396825395,0.0507399577167019,0.23890063424947147,0.21238938053097345,0.2944915254237288,0.4580498866213152,0.31874571917420724,0.752541412045044,0.20408163265306123,6.201019432169453,0.29936305732484075,,-0.26257788320071995,55.96570672636679,0.2441829422657793,94.88132688670221,-0.26257788320071995,,-3.244424433849617,7.708128300363494,1.994687521656643,,,,,,,,546.1999999999999,4.965454545454545,546.1999999999999,4.965454545454545,,,,,,,,,,,,,,,,,,,"Lewis Brinson","14352",621446
,"TOR",262,1101,1009,275,205,46,2,22,124,120,70,12,117,11,5,6,,26,19,0.27254707631318137,0.06357856494096276,0.10626702997275204,0.5982905982905983,0.32511415525114157,0.3875123885034688,0.30716957285353574,0.7126265437546104,0.11496531219028744,3.7666240637369732,0.28914285714285715,,-3.199709131848067,119.70574244977422,-9.99700107304864,87.05299390651717,-3.199709131848067,,-20.31445766818263,2.516230994851921,1.9940656927220568,,,,,,,,637,4.615942028985507,637,4.615942028985507,,,,,,,,,,,,,,,,,,,"undefined",,
"Miguel Sanó","MIN",120,509,446,105,54,23,2,26,63,72,58,2,180,2,3,0,,3,1,0.23542600896860988,0.11394891944990176,0.35363457760314343,0.32222222222222224,0.3241650294695481,0.47085201793721976,0.3385429010823869,0.7950170474067679,0.23542600896860988,3.777595932870141,0.32510288065843623,,-0.06104012206196785,68.54020690913718,8.577721483962948,110.06318218775104,-0.06104012206196785,,6.08884451161545,-4.0307065298247515,1.9738290661465845,,,,,,,,647.4000000000001,5.3950000000000005,647.4000000000001,5.3950000000000005,,,,,,,,,,,,,,,,,,,"Miguel Sano","12164",593934
"Joe Panik","SFG",132,554,498,134,96,25,5,8,70,56,45,3,58,4,4,3,,4,1,0.26907630522088355,0.0812274368231047,0.10469314079422383,0.7758620689655172,0.33212341197822143,0.38755020080321284,0.3124737965799596,0.7196736127814343,0.11847389558232929,4.766514062449961,0.2889908256880734,,0.07164510292932391,62.68254452436181,-2.5811429521539613,94.93490684312518,0.07164510292932391,,-3.3842770885215505,4.984697371633665,1.9652800553748895,,,,,,,,580.4,4.3969696969696965,580.4,4.3969696969696965,,,,,,,,,,,,,,,,,,,"Joe Panik","11936",605412
"Maikel Franco","PHI",138,581,534,144,89,30,2,23,75,90,38,5,99,5,4,0,,2,0,0.2696629213483146,0.06540447504302926,0.1703958691910499,0.3838383838383838,0.3218588640275387,0.46254681647940077,0.3321452382951975,0.7844056805069395,0.19288389513108617,3.4110183935101572,0.29086538461538464,,0.11503411247394979,75.16832366343284,6.723914956112153,105.75285501462395,0.11503411247394979,,4.2315170086424265,-3.5328365059055913,1.9608658239803989,,,,,,,,719.8,5.2159420289855065,719.8,5.2159420289855065,,,,,,,,,,,,,,,,,,,"Maikel Franco","12179",596748
"DJ LeMahieu","COL",151,620,556,167,127,25,6,9,73,57,51,4,95,2,4,7,,18,7,0.30035971223021585,0.08225806451612903,0.1532258064516129,0.5368421052631579,0.35889070146818924,0.4154676258992806,0.3350787327207368,0.7743583273674699,0.11510791366906475,5.6503343498570615,0.34649122807017546,,0.33696530386805534,81.71482109374129,8.676037275257936,92.14115945105941,0.33696530386805534,,-5.663942034330734,4.796101650723564,1.9274903919856181,,,,,,,,744.0999999999999,4.927814569536423,744.0999999999999,4.927814569536423,,,,,,,,,,,,,,,,,,,"DJ LeMahieu","9874",518934
"Ryan Braun","MIL",131,548,497,140,90,25,3,22,74,85,44,7,101,4,3,0,,14,5,0.28169014084507044,0.08029197080291971,0.1843065693430657,0.43564356435643564,0.34306569343065696,0.4768611670020121,0.3467283221357631,0.819926860432669,0.19517102615694165,5.272140404435345,0.3129973474801061,,0.45740071195177734,77.49316508034086,12.93630454400396,113.62954686749886,0.45740071195177734,,9.656148887843173,-8.282014445232548,1.9226264395654589,,,,,,,,740.0000000000001,5.648854961832062,740.0000000000001,5.648854961832062,,,,,,,,,,,,,,,,,,,"Ryan Braun","3410",460075
"Alex Gordon","KCR",129,529,462,112,73,21,2,16,60,49,54,5,126,10,3,0,,7,2,0.24242424242424243,0.10207939508506617,0.2381852551984877,0.42857142857142855,0.332703213610586,0.4004329004329004,0.3180023686576436,0.7331361140434864,0.158008658008658,4.337694882730103,0.29721362229102166,,0.28435174468904734,62.26718772378124,-0.05138750198923234,96.63729303602673,0.28435174468904734,,-1.8514382439821233,2.5613816663281206,1.9052399224457792,,,,,,,,587.5999999999999,4.555038759689921,587.5999999999999,4.555038759689921,,,,,,,,,,,,,,,,,,,"Alex Gordon","5209",460086
"Carlos González","COL",134,544,497,141,81,29,3,28,69,83,43,5,125,1,3,0,,7,2,0.2837022132796781,0.07904411764705882,0.22977941176470587,0.344,0.3400735294117647,0.5231388329979879,0.36226057641360226,0.8632123624097526,0.23943661971830982,4.396610934274372,0.3256484149855908,,0.3112776558846235,83.89975748669879,19.81411491048113,110.35287427035641,0.3112776558846235,,7.247557292623078,-5.937342661326156,1.903081533311209,,,,,,,,796.6999999999999,5.945522388059701,796.6999999999999,5.945522388059701,,,,,,,,,,,,,,,,,,,"Carlos Gonzalez","7287",471865
"Javier Báez","CHC",142,516,477,121,78,22,2,19,61,70,26,2,145,9,3,1,,16,4,0.25366876310272535,0.050387596899224806,0.2810077519379845,0.1793103448275862,0.3029126213592233,0.4276729559748428,0.3125255328637582,0.7305855773340661,0.17400419287211744,5.562286799465308,0.3227848101265823,,1.3120088630821556,58.40504824327781,-2.3820686121051087,92.19983603662791,1.3120088630821556,,-3.6450056160845676,5.815943638904175,1.9000491343679713,,,,,,,,578.5999999999998,4.074647887323942,578.5999999999998,4.074647887323942,,,,,,,,,,,,,,,,,,,"Javier Baez","12979",595879
"Jedd Gyorko","STL",130,477,435,107,67,17,1,22,55,70,36,1,105,3,3,0,,1,1,0.24597701149425288,0.07547169811320754,0.22012578616352202,0.34285714285714286,0.3060796645702306,0.4413793103448276,0.3197454424465404,0.7474589749150582,0.1954022988505747,2.314488826570389,0.2733118971061093,,-0.44533334649167955,56.83248252655454,0.6397407823342848,98.89902681929316,-0.44533334649167955,,-1.0921212260045094,4.427195559103023,1.8922738615967636,,,,,,,,542.1,4.17,542.1,4.17,,,,,,,,,,,,,,,,,,,"Jedd Gyorko","10816",576397
"Leonys Martin","SEA",135,508,463,114,82,17,4,11,58,44,33,1,119,3,4,5,,22,7,0.24622030237580994,0.06496062992125984,0.234251968503937,0.2773109243697479,0.2982107355864811,0.3714902807775378,0.2905361452900556,0.6697010163640189,0.12526997840172788,6.341462940553747,0.3056379821958457,,1.2693510458339006,48.28199301717294,-11.562687917971486,84.00749532820727,1.2693510458339006,,-8.484902713573971,9.437688901240794,1.857323600306941,,,,,,,,481.09999999999997,3.5637037037037036,481.09999999999997,3.5637037037037036,,,,,,,,,,,,,,,,,,,"Leonys Martin","11846",547982
"Gregory Polanco","PIT",150,612,553,143,91,31,5,16,82,75,53,5,120,1,4,1,,20,8,0.2585895117540687,0.08660130718954248,0.19607843137254902,0.44166666666666665,0.32242225859247137,0.41952983725135623,0.31748267713159617,0.7419520958438276,0.16094032549728754,6.022679707544137,0.3016627078384798,,0.4080114169046283,71.77445425479806,-0.3218936434467998,97.28720149593326,0.4080114169046283,,-1.636717379883465,0.2932381781320732,1.8528321634296674,,,,,,,,694.1999999999999,4.627999999999999,694.1999999999999,4.627999999999999,,,,,,,,,,,,,,,,,,,"Gregory Polanco","12907",570256
"Carlos Gómez","TEX",127,518,471,120,77,25,2,16,64,67,34,1,129,10,1,2,,20,8,0.25477707006369427,0.06563706563706563,0.24903474903474904,0.26356589147286824,0.3178294573643411,0.4182590233545648,0.31857348275416103,0.7360884807189059,0.1634819532908705,5.6604832682045725,0.3180428134556575,,0.45288793556392193,61.21652011632065,0.19379428087810682,90.98462035490823,0.45288793556392193,,-5.154074297630389,5.718862297113049,1.8522875536337078,,,,,,,,582.9,4.5897637795275585,582.9,4.5897637795275585,,,,,,,,,,,,,,,,,,,"Carlos Gomez","4881",460576
"Kolten Wong","STL",137,495,445,114,80,17,6,11,59,46,35,2,78,10,4,1,,13,3,0.25617977528089886,0.0707070707070707,0.15757575757575756,0.44871794871794873,0.32186234817813764,0.3955056179775281,0.31090989696785687,0.7173679661556658,0.13932584269662923,6.434449681131718,0.2861111111111111,,1.0948145694565028,55.3681845525534,-2.945038012203467,92.97925050283422,1.0948145694565028,,-3.185300355984536,5.507203126079822,1.8471957968656176,,,,,,,,531.6,3.88029197080292,531.6,3.88029197080292,,,,,,,,,,,,,,,,,,,"Kolten Wong","12532",543939
"Didi Gregorius","NYY",150,586,539,141,97,26,3,15,64,63,30,2,89,8,5,4,,5,1,0.26159554730983303,0.051194539249146756,0.15187713310580206,0.33707865168539325,0.3075601374570447,0.4044526901669759,0.306096616181834,0.7120128276240205,0.14285714285714285,4.203224366006573,0.2863636363636364,,0.2918395393062383,63.21954745696133,-5.813883700508426,88.61002437703814,0.2918395393062383,,-7.72188226306605,5.8455056391485565,1.8382118668045828,,,,,,,,604.8,4.032,604.8,4.032,,,,,,,,,,,,,,,,,,,"Didi Gregorius","6012",544369
"Stephen Vogt","OAK",123,467,425,109,70,22,3,14,50,55,36,3,77,2,4,0,,0,1,0.2564705882352941,0.07708779443254818,0.16488222698072805,0.4675324675324675,0.3147751605995717,0.4211764705882353,0.3145744478137329,0.735951631187807,0.1647058823529412,2.689445059893134,0.28106508875739644,,-0.6453333494719118,53.648382163886666,-1.3663146800354755,98.02884710234174,-0.6453333494719118,,-1.7505592260968572,3.820611886176412,1.8295452494543225,,,,,,,,509.09999999999997,4.139024390243902,509.09999999999997,4.139024390243902,,,,,,,,,,,,,,,,,,,"Stephen Vogt","5000",519390
"Eduardo Núñez","SFG",109,406,378,107,77,18,4,8,47,42,19,1,58,3,4,2,,22,7,0.2830687830687831,0.046798029556650245,0.14285714285714285,0.3275862068965517,0.3193069306930693,0.41534391534391535,0.3151018585519814,0.7346508460369847,0.13227513227513227,6.465017375963795,0.31329113924050633,,1.3119837385602295,46.81746833912033,-1.0111546129832827,96.6956967182602,1.3119837385602295,,-0.34025457686808336,5.303039545875517,1.8278428932268653,,,,,,,,459.5999999999999,4.216513761467889,459.5999999999999,4.216513761467889,,,,,,,,,,,,,,,,,,,"Eduardo Nunez","6848",456488
"Hunter Pence","SFG",108,457,417,115,75,21,3,16,63,62,36,1,92,2,2,0,,5,2,0.27577937649880097,0.0787746170678337,0.2013129102844639,0.391304347826087,0.3347921225382932,0.4556354916067146,0.33886740500466866,0.7904276141450078,0.17985611510791366,4.651573467598713,0.3183279742765273,,-0.07077174261212349,61.66043392830136,7.82378198467734,112.61850752578087,-0.07077174261212349,,7.031396320840145,-4.146987958665037,1.7811454967344003,,,,,,,,573.3,5.308333333333333,573.3,5.308333333333333,,,,,,,,,,,,,,,,,,,"Hunter Pence","8252",452254
"Curtis Granderson","NYM",127,538,467,111,65,22,3,21,75,57,61,4,117,6,4,0,,6,3,0.23768736616702354,0.11338289962825279,0.2174721189591078,0.5213675213675214,0.3308550185873606,0.43254817987152033,0.32796237776788434,0.7634031984588809,0.1948608137044968,4.658810624557234,0.2702702702702703,,-0.3164045810699463,67.7481665312038,4.369350895165016,108.18572578794816,-0.3164045810699463,,5.107427328704407,-4.834151409570783,1.7775247970201957,,,,,,,,636.8999999999999,5.014960629921259,636.8999999999999,5.014960629921259,,,,,,,,,,,,,,,,,,,"Curtis Granderson","4747",434158
"Travis Shaw","MIL",138,542,492,121,72,26,3,20,59,64,43,3,124,3,4,0,,4,2,0.2459349593495935,0.07933579335793357,0.22878228782287824,0.3467741935483871,0.3081180811808118,0.4329268292682927,0.3160134998456003,0.7410449104491045,0.18699186991869918,3.855957790399848,0.2869318181818182,,-0.2775032233912498,62.90788704043786,-0.9421465557201679,93.05075204422306,-0.2775032233912498,,-4.916283997208151,5.05659558435246,1.7769349323709607,,,,,,,,606.0999999999999,4.392028985507245,606.0999999999999,4.392028985507245,,,,,,,,,,,,,,,,,,,"Travis Shaw","11982",543768
"Yoán Moncada","CHW",145,650,567,134,87,27,3,17,72,60,68,4,167,8,3,4,,34,13,0.23633156966490299,0.10461538461538461,0.2569230769230769,0.40718562874251496,0.32507739938080493,0.3844797178130511,0.3097898220161783,0.7095571171938561,0.14814814814814814,5.611962665466643,0.30310880829015546,,1.11672063334845,72.10493949141417,-4.467979027963535,93.81898377549204,1.11672063334845,,-3.707054910556705,-1.1586491024403065,1.7542198005662026,,,,,,,,694.8000000000001,4.791724137931035,694.8000000000001,4.791724137931035,,,,,,,,,,,,,,,,,,,"Yoan Moncada","17232",660162
"J.P. Crawford","PHI",121,550,489,122,88,21,4,9,65,49,55,1,94,1,2,3,,10,6,0.24948875255623723,0.1,0.1709090909090909,0.5851063829787234,0.32541133455210236,0.36400817995910023,0.3036814587456839,0.6894195145112025,0.114519427402863,4.746830947204323,0.2912371134020619,,-0.7792568376753479,58.23966120734269,-6.552808309053828,86.68224885220461,-0.7792568376753479,,-9.800374325677577,9.445550283216715,1.7523148707788385,,,,,,,,532.7,4.4024793388429755,532.7,4.4024793388429755,,,,,,,,,,,,,,,,,,,"J.P. Crawford","15491",641487
"Dee Strange-Gordon","MIA",139,606,568,162,132,18,10,2,82,34,30,1,90,2,3,3,,52,15,0.2852112676056338,0.04950495049504951,0.1485148514851485,0.3333333333333333,0.32172470978441126,0.3626760563380282,0.2981788501192961,0.6844007661224394,0.07746478873239437,8.268101293748378,0.33402922755741127,,3.8882821302395314,61.417951630008616,-9.971569328057372,87.37630399110068,3.8882821302395314,,-5.533344853390732,3.222501387461573,1.7343906043561976,,,,,,,,619.9999999999999,4.460431654676258,619.9999999999999,4.460431654676258,,,,,,,,,,,,,,,,,,,"Dee Strange-Gordon","8203",543829
"Hanley Ramirez","BOS",128,533,471,132,83,28,1,20,62,86,53,4,100,6,3,0,,9,3,0.2802547770700637,0.09943714821763602,0.18761726078799248,0.53,0.35834896810506567,0.4713375796178344,0.35485461213412944,0.8296865477229001,0.1910828025477707,3.7282268888113235,0.3163841807909605,,0.2611571685411036,78.94603193667996,16.156238750790237,118.73789063198026,0.2611571685411036,,12.252332687147884,-13.439874120630423,1.72504700537437,,,,,,,,728.8,5.69375,728.8,5.69375,,,,,,,,,,,,,,,,,,,"Hanley Ramirez","8001",434670
"Aaron Judge","NYY",122,522,467,107,55,20,2,30,71,83,45,1,179,5,5,0,,4,1,0.2291220556745182,0.08620689655172414,0.342911877394636,0.25139664804469275,0.3007662835249042,0.4732334047109208,0.32769302271606826,0.773999688235825,0.24411134903640258,4.254167850701432,0.29277566539923955,,0.15691048838198185,65.61733078197125,4.123386986409458,103.45249941286583,0.15691048838198185,,2.32071472876254,-3.136278167603508,1.724980372880701,,,,,,,,638.4,5.232786885245901,638.4,5.232786885245901,,,,,,,,,,,,,,,,,,,"Aaron Judge","15640",592450
"Jesse Winker","CIN",120,509,446,122,86,22,1,13,61,54,56,5,93,4,3,0,,3,1,0.273542600896861,0.1100196463654224,0.18271119842829076,0.6021505376344086,0.3575638506876228,0.4147982062780269,0.3347964862745906,0.7723620569656497,0.14125560538116588,3.082300243653555,0.3177842565597668,,-0.12611107411794364,66.96668668982521,7.00420126465097,105.12349558971606,-0.12611107411794364,,3.085706743243559,-2.4779702275728637,1.7174210236876442,,,,,,,,611.8,5.098333333333333,611.8,5.098333333333333,,,,,,,,,,,,,,,,,,,"Jesse Winker","13590",608385
"Jake Lamb","ARI",131,517,459,113,63,25,6,19,61,66,51,3,143,3,4,0,,4,1,0.24618736383442266,0.09864603481624758,0.2765957446808511,0.35664335664335667,0.3230174081237911,0.45098039215686275,0.3295739145826273,0.7739978002806538,0.2047930283224401,5.167888052442879,0.3122923588039867,,0.13447222905233502,65.79121623383594,4.886294888423213,98.41223977409236,0.13447222905233502,,-0.8765069594630814,1.1654078574968323,1.71083065352577,,,,,,,,625.9,4.7778625954198475,625.9,4.7778625954198475,,,,,,,,,,,,,,,,,,,"Jake Lamb","13329",571875
"Yangervis Solarte","SDP",130,519,472,127,84,27,3,13,61,65,37,1,62,5,4,1,,1,1,0.2690677966101695,0.07129094412331406,0.11946050096339114,0.5967741935483871,0.32625482625482627,0.4216101694915254,0.322419350336322,0.7478649957463517,0.15254237288135591,3.0524484235979896,0.28428927680798005,,-0.4902098651509732,62.981724400047035,1.841194074574685,101.49288561316652,-0.4902098651509732,,0.4640367862040309,-0.2489635519670219,1.709784518423032,,,,,,,,581.9,4.476153846153846,581.9,4.476153846153846,,,,,,,,,,,,,,,,,,,"Yangervis Solarte","5352",500208
"Mike Zunino","SEA",126,470,421,91,51,17,1,22,53,63,32,0,148,12,3,2,,0,1,0.2161520190023753,0.06808510638297872,0.3148936170212766,0.21621621621621623,0.28846153846153844,0.4180522565320665,0.3046151928157888,0.7065137949936049,0.20190023752969122,2.4353320459320624,0.27165354330708663,,-0.622895090142265,50.130563792563784,-5.2375465214477925,93.68354542004425,-0.622895090142265,,-4.1872840239426194,4.9096766150327085,1.702116979937885,,,,,,,,479.59999999999997,3.806349206349206,479.59999999999997,3.806349206349206,,,,,,,,,,,,,,,,,,,"Mike Zunino","13265",572287
"Billy Hamilton","CIN",129,513,466,117,89,18,5,5,67,32,35,0,98,1,2,9,,59,11,0.2510729613733906,0.0682261208576998,0.19103313840155944,0.35714285714285715,0.30357142857142855,0.34334763948497854,0.2844266602917323,0.6469190680564071,0.09227467811158796,8.312182933975064,0.30684931506849317,,7.0124740425962955,46.17101815031853,-14.262685234974949,71.37593539245819,7.0124740425962955,,-11.07239726007904,11.383420505220927,1.700085029523513,,,,,,,,506.1999999999999,3.924031007751937,506.1999999999999,3.924031007751937,,,,,,,,,,,,,,,,,,,"Billy Hamilton","10199",571740
"Asdrúbal Cabrera","NYM",139,558,509,132,83,29,3,17,68,63,38,3,102,6,4,1,,6,2,0.2593320235756385,0.06810035842293907,0.1827956989247312,0.37254901960784315,0.31597845601436264,0.42829076620825146,0.3183857787817394,0.7442692222226142,0.16895874263261296,4.405599383170598,0.2918781725888325,,0.10230234917253256,65.85723814205,0.12233270541497862,101.76944690543004,0.10230234917253256,,1.3183161069146676,-2.467166325402638,1.697128138979248,,,,,,,,629,4.525179856115108,629,4.525179856115108,,,,,,,,,,,,,,,,,,,"Asdrubal Cabrera","4962",452678
"Chase Headley","NYY",135,531,473,117,83,20,1,13,59,54,48,2,118,7,3,0,,4,2,0.24735729386892177,0.0903954802259887,0.2222222222222222,0.4067796610169492,0.3239171374764595,0.3763213530655391,0.3068576461876723,0.7002384905419986,0.12896405919661733,3.2593564845579337,0.30144927536231886,,-0.3246235679835081,57.619425457558364,-4.934758748271733,89.13305439340986,-0.3246235679835081,,-7.252750971698433,5.792528204186253,1.6902319946051862,,,,,,,,535.0999999999999,3.963703703703703,535.0999999999999,3.963703703703703,,,,,,,,,,,,,,,,,,,"Chase Headley","4720",452104
"Max Kepler","MIN",137,561,498,125,75,27,7,16,66,74,53,3,105,3,6,1,,9,3,0.25100401606425704,0.0944741532976827,0.18716577540106952,0.5047619047619047,0.32321428571428573,0.42971887550200805,0.32196168208250664,0.7529331612162937,0.178714859437751,5.580333150283497,0.2845953002610966,,0.2835954278707504,67.8666497036399,1.778330796915433,98.667474819528,0.2835954278707504,,-0.6139411092220335,-2.0095226625916816,1.6752009190090629,,,,,,,,647.3000000000001,4.724817518248176,647.3000000000001,4.724817518248176,,,,,,,,,,,,,,,,,,,"Max Kepler","12144",596146
"Jorge Polanco","MIN",141,598,553,149,104,26,8,11,63,67,36,1,97,3,5,1,,11,7,0.2694394213381555,0.06020066889632107,0.16220735785953178,0.3711340206185567,0.3149078726968174,0.4050632911392405,0.30990278810862726,0.719971163836058,0.13562386980108498,5.324032079696288,0.30666666666666664,,-0.9867446352727711,66.39228702876285,-4.054798009064641,90.37980749472212,-0.9867446352727711,,-7.89389320714831,3.8663308145297686,1.6597884155296152,,,,,,,,624.0999999999999,4.4262411347517725,624.0999999999999,4.4262411347517725,,,,,,,,,,,,,,,,,,,"Jorge Polanco","13152",593871
"Eugenio Suárez","CIN",153,608,550,138,90,26,3,19,73,69,45,0,151,7,3,3,,10,6,0.2509090909090909,0.07401315789473684,0.24835526315789475,0.2980132450331126,0.3140495867768595,0.4127272727272727,0.3148188245197958,0.7267768595041322,0.1618181818181818,4.485770986977747,0.31070496083550914,,-0.7770130117423832,69.96889097412453,-1.6562389640010717,91.73855074396984,-0.7770130117423832,,-6.963250278203172,3.830509972390114,1.6568416019946557,,,,,,,,652.1,4.262091503267974,652.1,4.262091503267974,,,,,,,,,,,,,,,,,,,"Eugenio Suarez","12552",553993
"Manuel Margot","SDP",131,581,541,139,98,25,9,7,66,50,30,0,83,3,4,3,,27,11,0.25693160813308685,0.05163511187607573,0.14285714285714285,0.3614457831325301,0.2975778546712803,0.3752310536044362,0.29108382405706756,0.6728089082757165,0.11829944547134935,7.186398156732117,0.29010989010989013,,0.5990109916310757,55.48272078083567,-12.961687926485022,80.49822186781668,0.5990109916310757,,-13.355579541579639,11.060223987563647,1.6546744310721737,,,,,,,,546.5,4.17175572519084,546.5,4.17175572519084,,,,,,,,,,,,,,,,,,,"Manuel Margot","14712",622534
"Adrián González","LAD",141,577,519,140,91,28,0,21,66,94,49,8,104,3,6,0,,0,1,0.2697495183044316,0.08492201039861352,0.18024263431542462,0.47115384615384615,0.3327556325823224,0.44508670520231214,0.32953186278183977,0.7778423377846345,0.17533718689788053,1.3509479481173272,0.2975,,-0.7126481274608523,73.40653886308203,5.433348115880601,107.5862536922009,-0.7126481274608523,,4.678359285111167,-6.936322012345697,1.6454904747829717,,,,,,,,696.8000000000001,4.941843971631206,696.8000000000001,4.941843971631206,,,,,,,,,,,,,,,,,,,"Adrian Gonzalez","1908",408236
"Josh Harrison","PIT",134,517,483,138,97,29,5,7,62,53,20,0,74,6,4,4,,15,6,0.2857142857142857,0.03868471953578337,0.14313346228239845,0.2702702702702703,0.31968810916179335,0.40993788819875776,0.31445568776734856,0.7296259973605511,0.12422360248447206,5.917225523459783,0.3226600985221675,,0.2656196958851069,59.3416562841393,-1.5632650612734296,95.25913203583288,0.2656196958851069,,-2.753046957344938,2.347107878525351,1.6397713822517344,,,,,,,,557.9000000000001,4.163432835820896,557.9000000000001,4.163432835820896,,,,,,,,,,,,,,,,,,,"Josh Harrison","8202",543281
"Brett Gardner","NYY",137,587,511,130,91,22,6,11,76,50,59,0,113,6,4,7,,15,4,0.25440313111545987,0.10051107325383304,0.19250425894378195,0.5221238938053098,0.33620689655172414,0.38551859099804303,0.3170914458817449,0.7217254875497672,0.13111545988258316,6.1476600193895825,0.30434782608695654,,1.0110366931185126,68.65299077065056,-0.4982448768489984,96.16639654874263,1.0110366931185126,,-1.6908002755292681,-2.2321386799820733,1.6323802070428386,,,,,,,,630.6999999999999,4.603649635036496,630.6999999999999,4.603649635036496,,,,,,,,,,,,,,,,,,,"Brett Gardner","9927",458731
"Chris Carter","NYY",140,544,470,105,46,21,1,37,73,96,61,2,184,6,7,0,,3,1,0.22340425531914893,0.11213235294117647,0.3382352941176471,0.33152173913043476,0.3161764705882353,0.5085106382978724,0.3462696859537455,0.8246871088861076,0.2851063829787234,3.3238873678476315,0.265625,,-0.05879629612900317,76.72164545634976,12.636002880132123,116.21960767771209,-0.05879629612900317,,10.535036059405952,-13.277371198692299,1.6041505020575488,,,,,,,,736.3000000000001,5.259285714285714,736.3000000000001,5.259285714285714,,,,,,,,,,,,,,,,,,,"Chris Carter","9911",474892
"Matt Chapman","OAK",104,451,411,88,46,19,3,20,57,56,35,2,149,3,2,0,,4,2,0.2141119221411192,0.07760532150776053,0.3303769401330377,0.2348993288590604,0.2793791574279379,0.4209245742092457,0.2983586808089955,0.7003037316371836,0.20681265206812652,4.869285393946782,0.2786885245901639,,-0.20345696760341525,45.77566313954746,-7.354161863897689,86.88430244982804,-0.20345696760341525,,-7.305475254759886,7.706093698722485,1.6033876028038025,,,,,,,,457.99999999999994,4.403846153846153,457.99999999999994,4.403846153846153,,,,,,,,,,,,,,,,,,,"Matt Chapman","16505",656305
"Jarrod Dyson","SEA",107,303,271,67,51,9,5,2,36,21,21,1,49,3,1,7,,29,6,0.24723247232472326,0.06930693069306931,0.1617161716171617,0.42857142857142855,0.30743243243243246,0.33948339483394835,0.2841693722595603,0.6469158272663809,0.09225092250922509,8.795377405079918,0.29411764705882354,,3.1755672083236277,27.206273237895918,-8.488487241137074,79.63182895916991,3.1755672083236277,,-4.2342673752449915,9.633205528191999,1.6018289003076442,,,,,,,,287.9,2.6906542056074763,287.9,2.6906542056074763,,,,,,,,,,,,,,,,,,,"Jarrod Dyson","4866",502481
"Randal Grichuk","STL",143,524,489,122,64,30,5,23,69,69,28,1,142,5,2,0,,5,4,0.24948875255623723,0.05343511450381679,0.27099236641221375,0.19718309859154928,0.2958015267175573,0.4723926380368098,0.32489161885719225,0.7681941647543671,0.22290388548057258,5.026773832494909,0.30368098159509205,,-0.8543337807059288,64.65745497979425,2.9279022041728355,102.34694220941746,-0.8543337807059288,,0.660274882989154,-1.7597720557139382,1.5916072270382466,,,,,,,,623.1999999999999,4.358041958041958,623.1999999999999,4.358041958041958,,,,,,,,,,,,,,,,,,,"Randal Grichuk","10243",545341
"Lucas Duda","NYM",97,382,327,79,42,17,0,20,50,62,45,5,95,7,3,0,,1,1,0.2415902140672783,0.11780104712041885,0.2486910994764398,0.47368421052631576,0.34293193717277487,0.47706422018348627,0.3474149267616575,0.8199961573562611,0.23547400611620797,1.9728679882042683,0.2744186046511628,,-0.40943213156424463,54.23538381070517,9.234068619317046,121.21884741081973,-0.40943213156424463,,9.573357208163149,-6.215140642908165,1.5857002574127865,,,,,,,,507.79999999999995,5.235051546391752,507.79999999999995,5.235051546391752,,,,,,,,,,,,,,,,,,,"Lucas Duda","2502",446263
"Mitch Haniger","SEA",128,517,464,110,69,20,3,18,57,61,39,1,133,7,6,1,,7,3,0.23706896551724138,0.07543520309477757,0.2572533849129594,0.2932330827067669,0.3023255813953488,0.40948275862068967,0.3062460030166848,0.7118083400160384,0.1724137931034483,4.561834116170654,0.2884012539184953,,-0.0849910150282085,55.83933722156213,-5.065584123850606,94.80434575581319,-0.0849910150282085,,-3.3101017924666323,1.217707893450354,1.5770809191345103,,,,,,,,539.1999999999999,4.2124999999999995,539.1999999999999,4.2124999999999995,,,,,,,,,,,,,,,,,,,"Mitch Haniger","14274",571745
"Jeimer Candelario","CHC",138,566,512,133,81,34,4,14,64,68,47,2,119,4,3,0,,0,2,0.259765625,0.08303886925795052,0.21024734982332155,0.3949579831932773,0.3250883392226148,0.423828125,0.3223903629373997,0.7489164642226148,0.1640625,3.203958691910499,0.31151832460732987,,-1.111160624306649,68.67173338924873,1.9943920323752107,98.80922847048767,-1.111160624306649,,-1.9412247174292565,-0.6794309226433577,1.5726268874652145,,,,,,,,633.1999999999999,4.588405797101449,633.1999999999999,4.588405797101449,,,,,,,,,,,,,,,,,,,"Jeimer Candelario","13621",600869
"Francisco Cervelli","PIT",91,349,301,81,63,13,2,3,38,30,39,1,64,6,2,1,,3,1,0.2691029900332226,0.11174785100286533,0.1833810888252149,0.609375,0.3620689655172414,0.3554817275747508,0.32057726228615047,0.7175506930919922,0.08637873754152825,4.14120019078228,0.3305084745762712,,-0.04982099239714444,41.8213857815666,0.7076187611622605,99.36055983599192,-0.04982099239714444,,-0.3246686830585954,4.601669663334509,1.5723455756901474,,,,,,,,367.79999999999995,4.041758241758242,367.79999999999995,4.041758241758242,,,,,,,,,,,,,,,,,,,"Francisco Cervelli","5275",465041
"Steve Pearce","TOR",82,292,259,70,39,16,1,14,37,41,28,1,60,4,1,0,,1,2,0.2702702702702703,0.0958904109589041,0.2054794520547945,0.4666666666666667,0.3493150684931507,0.5019305019305019,0.3623300250043574,0.8512455704236526,0.23166023166023164,2.592036969372308,0.3010752688172043,,-0.7765310653485358,45.05116208101924,10.65225099231418,128.7126006874369,-0.7765310653485358,,9.289754204166343,-3.8116815219130116,1.5718140150690436,,,,,,,,408.99999999999994,4.98780487804878,408.99999999999994,4.98780487804878,,,,,,,,,,,,,,,,,,,"Steve Pearce","9957",456665
"Tim Anderson","CHW",133,586,561,146,106,23,6,11,70,47,16,0,163,3,1,5,,19,6,0.26024955436720143,0.027303754266211604,0.2781569965870307,0.09815950920245399,0.28399311531841653,0.38146167557932265,0.2865281002451754,0.6654547908977392,0.12121212121212122,6.627904705554048,0.3479381443298969,,1.0611320559401065,53.75730241942672,-15.276128738043026,77.83199426734511,1.0611320559401065,,-14.535760925705672,9.976675673557125,1.5638590280028184,,,,,,,,537.1999999999999,4.039097744360902,537.1999999999999,4.039097744360902,,,,,,,,,,,,,,,,,,,"Tim Anderson","15172",641313
"Jacoby Ellsbury","NYY",131,561,509,134,100,21,4,9,66,51,42,2,82,4,4,2,,23,6,0.2632612966601179,0.0748663101604278,0.14616755793226383,0.5121951219512195,0.3220035778175313,0.37328094302554027,0.30313408503198536,0.6952845208430716,0.11001964636542239,6.002114256741298,0.2962085308056872,,1.8184993751347065,59.151066758548545,-6.937252148175909,86.57397756689926,1.8184993751347065,,-7.224741126532031,3.2812075171310853,1.540201201355249,,,,,,,,574.6000000000001,4.3862595419847334,574.6000000000001,4.3862595419847334,,,,,,,,,,,,,,,,,,,"Jacoby Ellsbury","4727",453056
"Khris Davis","OAK",137,529,478,116,64,23,2,27,71,81,39,1,133,7,5,0,,4,2,0.24267782426778242,0.07372400756143667,0.2514177693761815,0.2932330827067669,0.30623818525519847,0.4686192468619247,0.3288145462671916,0.7748574321171231,0.22594142259414227,4.115121180425379,0.2755417956656347,,-0.2640402677934617,66.98681309800624,4.6682378722357605,107.81558201438126,-0.2640402677934617,,4.699949161196411,-7.580018790100407,1.538099689033524,,,,,,,,643.4999999999999,4.697080291970802,643.4999999999999,4.697080291970802,,,,,,,,,,,,,,,,,,,"Khris Davis","9112",501981
"Austin Barnes","LAD",109,441,397,97,66,19,3,9,50,45,37,0,74,4,2,1,,9,2,0.24433249370277077,0.08390022675736962,0.16780045351473924,0.5,0.31363636363636366,0.37531486146095716,0.3019389562986114,0.6889512250973209,0.1309823677581864,5.312245840353122,0.27848101265822783,,0.7404473989736289,46.06352960037616,-5.888250502770873,89.09912862496408,0.7404473989736289,,-5.180164022617149,6.132591874511153,1.53153539808814,,,,,,,,437.49999999999994,4.013761467889908,437.49999999999994,4.013761467889908,,,,,,,,,,,,,,,,,,,"Austin Barnes","12158",605131
"Yuli Gurriel","HOU",125,525,468,119,66,32,0,21,70,75,43,10,113,7,2,5,,3,1,0.25427350427350426,0.08190476190476191,0.21523809523809523,0.3805309734513274,0.325,0.45726495726495725,0.32915508758788015,0.7822649572649573,0.202991452991453,3.0089252256814367,0.2916666666666667,,-0.047577166464179754,66.62782229345126,4.780465027800032,109.67791471682438,-0.047577166464179754,,6.052775536680796,-8.920061704553204,1.5255496550013914,,,,,,,,641.5000000000001,5.132000000000001,641.5000000000001,5.132000000000001,,,,,,,,,,,,,,,,,,,"Yuli Gurriel","19198",493329
"Derek Dietrich","MIA",125,436,381,94,57,20,5,12,55,46,29,2,102,23,3,0,,1,1,0.24671916010498687,0.06651376146788991,0.23394495412844038,0.28431372549019607,0.3348623853211009,0.4199475065616798,0.3275644224360242,0.7548098918827807,0.1732283464566929,4.584458969395733,0.3037037037037037,,-0.4498209983576089,54.760546136828765,3.3977884838307917,107.06450722267714,-0.4498209983576089,,3.343635574862984,-2.314371090787499,1.523133242410232,,,,,,,,499.79999999999995,3.9983999999999997,499.79999999999995,3.9983999999999997,,,,,,,,,,,,,,,,,,,"Derek Dietrich","10542",518618
"Jason Castro","MIN",110,402,358,79,48,18,2,11,43,42,38,1,117,3,2,1,,1,1,0.2206703910614525,0.0945273631840796,0.291044776119403,0.3247863247863248,0.29925187032418954,0.3743016759776536,0.2938458167016506,0.6735535463018432,0.15363128491620112,3.3060565119403336,0.29310344827586204,,-0.40718830563127995,39.305270631665,-8.052134360319366,79.34439765090109,-0.40718830563127995,,-10.376789097806801,11.591121554164449,1.5168510982385688,,,,,,,,373.49999999999994,3.395454545454545,373.49999999999994,3.395454545454545,,,,,,,,,,,,,,,,,,,"Jason Castro","8722",488771
"Kyle Schwarber","CHC",114,461,399,97,52,14,3,28,77,78,54,2,141,4,3,1,,3,2,0.24310776942355888,0.11713665943600868,0.30585683297180044,0.3829787234042553,0.33695652173913043,0.5037593984962406,0.3558608798480971,0.8407159202353711,0.26065162907268175,4.946307481332308,0.296137339055794,,-0.46179644484072924,68.66443583429887,14.356565930555602,121.23432647780463,-0.46179644484072924,,11.594284902933081,-11.601279728837323,1.4984580822933307,,,,,,,,639.1999999999999,5.607017543859649,639.1999999999999,5.607017543859649,,,,,,,,,,,,,,,,,,,"Kyle Schwarber","16478",656941
"Michael Brantley","CLE",94,399,359,105,70,25,1,9,49,65,33,3,37,3,4,0,,11,1,0.2924791086350975,0.08270676691729323,0.09273182957393483,0.8918918918918919,0.3533834586466165,0.4428969359331476,0.34122581945525277,0.7962803945797641,0.1504178272980501,4.933244194845527,0.3028391167192429,,1.5591543351765722,54.611303431845464,7.607311909950527,110.00857084823656,1.5591543351765722,,6.353825362098592,-5.345748155205338,1.4853649502931017,,,,,,,,517.9000000000001,5.509574468085107,517.9000000000001,5.509574468085107,,,,,,,,,,,,,,,,,,,"Michael Brantley","4106",488726
"Starlin Castro","NYY",154,624,589,160,111,29,2,18,64,78,26,3,113,4,4,1,,5,3,0.27164685908319186,0.041666666666666664,0.18108974358974358,0.23008849557522124,0.30497592295345105,0.41935483870967744,0.3091916218880684,0.7243307616631285,0.14770797962648557,3.3564091485370016,0.30735930735930733,,-0.5388428433798254,68.91272839484506,-4.597273383757532,90.73711644014175,-0.5388428433798254,,-7.478605946528226,0.8135489267436702,1.4801323317214767,,,,,,,,662.8000000000001,4.303896103896104,662.8000000000001,4.303896103896104,,,,,,,,,,,,,,,,,,,"Starlin Castro","4579",516770
"Zack Cozart","CIN",110,443,407,101,66,21,3,11,54,46,27,2,72,3,3,3,,4,1,0.24815724815724816,0.060948081264108354,0.16252821670428894,0.375,0.29772727272727273,0.3955773955773956,0.29762201861703774,0.6933046683046683,0.14742014742014742,4.80617010220816,0.27522935779816515,,0.17934874771162868,44.69439383429966,-7.492995248906991,80.21676699587053,0.17934874771162868,,-10.614286711704661,10.9908868782945,1.4791511752296986,,,,,,,,434.7999999999999,3.9527272727272718,434.7999999999999,3.9527272727272718,,,,,,,,,,,,,,,,,,,"Zack Cozart","2616",446359
"Jake Bauers","TBR",137,581,521,132,86,26,2,18,73,71,49,1,120,4,5,2,,8,6,0.2533589251439539,0.08433734939759036,0.20654044750430292,0.4083333333333333,0.31951640759930916,0.4145873320537428,0.31708770536633923,0.734103739653052,0.1612284069097889,4.008132668212459,0.29381443298969073,,-1.168037713970989,67.94946335068016,-0.49494535664052697,100.0520075583631,-1.168037713970989,,-1.1317586186523827,-4.311980995131126,1.4560662876031651,,,,,,,,631.6,4.61021897810219,631.6,4.61021897810219,,,,,,,,,,,,,,,,,,,"Jake Bauers","15194",641343
"AJ Reed","HOU",127,540,478,115,68,22,2,23,70,73,54,2,155,3,5,0,,0,0,0.2405857740585774,0.1,0.28703703703703703,0.34838709677419355,0.31851851851851853,0.4393305439330544,0.32455720068353705,0.7578490624515729,0.19874476987447698,2.529843444227006,0.3016393442622951,,-0.27599058975465596,66.48271604681314,2.8682914307147316,106.51794356666602,-0.27599058975465596,,3.9498995927434466,-8.014524872340852,1.4550663589227173,,,,,,,,628.4000000000001,4.948031496062993,628.4000000000001,4.948031496062993,,,,,,,,,,,,,,,,,,,"AJ Reed","16246",607223
"Keon Broxton","MIL",124,469,417,90,49,18,7,16,54,52,47,1,175,2,2,1,,25,8,0.2158273381294964,0.10021321961620469,0.373134328358209,0.26857142857142857,0.297008547008547,0.407673860911271,0.30370731489050823,0.704682407919818,0.1918465227817746,7.485659660363605,0.32456140350877194,,1.5044959469232708,49.672553806890534,-5.577752017091232,84.80566265852825,1.5044959469232708,,-7.27200412973875,6.574580832273381,1.453865987576012,,,,,,,,501.6,4.04516129032258,501.6,4.04516129032258,,,,,,,,,,,,,,,,,,,"Keon Broxton","9253",542979
"Chris Taylor","LAD",125,492,450,114,78,25,6,5,58,44,35,1,105,3,2,2,,14,5,0.25333333333333335,0.07113821138211382,0.21341463414634146,0.3333333333333333,0.31020408163265306,0.3688888888888889,0.2959153630250802,0.6790929705215419,0.11555555555555552,6.466410683826673,0.31871345029239767,,0.49330192687921226,48.945150854051604,-9.014658240615825,85.06334782493765,0.49330192687921226,,-8.557459651739771,7.125950401422208,1.4535892150331757,,,,,,,,468.7,3.7496,468.7,3.7496,,,,,,,,,,,,,,,,,,,"Chris Taylor","13757",621035
"Ryon Healy","OAK",146,615,577,154,95,36,2,21,73,75,30,2,131,3,4,1,,1,1,0.2668977469670711,0.04878048780487805,0.21300813008130082,0.22900763358778625,0.30456026058631924,0.44540727902946275,0.31881389440664276,0.749967539615782,0.17850953206239167,2.7913274289939567,0.31002331002331,,-0.4924536910839379,72.80184797576496,0.35208660743067294,100.94247442831576,-0.4924536910839379,,0.20346506644839657,-6.943090083948098,1.4413274151436426,,,,,,,,696.6999999999999,4.771917808219178,696.6999999999999,4.771917808219178,,,,,,,,,,,,,,,,,,,"Ryon Healy","15447",592387
"Austin Meadows","PIT",110,474,434,116,74,24,6,12,57,59,31,1,96,2,5,2,,15,6,0.2672811059907834,0.06540084388185655,0.20253164556962025,0.3229166666666667,0.3156779661016949,0.43317972350230416,0.31967458805967036,0.7488576896039991,0.16589861751152074,6.329177214736311,0.31419939577039274,,0.3037647367455065,56.447332514960245,0.6080042408294253,98.75577210440399,0.3037647367455065,,-0.4225837392286189,-0.7644873779707277,1.420051139140121,,,,,,,,542.9,4.9354545454545455,542.9,4.9354545454545455,,,,,,,,,,,,,,,,,,,"Austin Meadows","15672",640457
"Clint Frazier","NYY",127,555,504,120,70,24,4,22,65,67,41,0,167,4,3,3,,10,5,0.23809523809523808,0.07387387387387387,0.3009009009009009,0.24550898203592814,0.29891304347826086,0.43253968253968256,0.3135880366831586,0.7314527260179434,0.19444444444444448,5.095725315363216,0.3081761006289308,,-0.3066980850417167,63.30597215080578,-2.0755198157398063,93.75862266803344,-0.3066980850417167,,-4.465682314662825,-0.5668284190815385,1.4080486236088334,,,,,,,,607.2,4.781102362204725,607.2,4.781102362204725,,,,,,,,,,,,,,,,,,,"Clint Frazier","15983",640449
"Seth Smith","BAL",121,410,357,90,55,19,2,14,54,55,45,2,84,5,3,0,,0,0,0.25210084033613445,0.10975609756097561,0.2048780487804878,0.5357142857142857,0.34146341463414637,0.4341736694677871,0.3347041472500446,0.7756370841019335,0.18207282913165268,2.5839728453364814,0.2900763358778626,,-0.2311140710953623,53.91049214157343,5.610651229350573,109.04782261709794,-0.2311140710953623,,4.222799502853981,-4.37779035617645,1.4045290938044863,,,,,,,,495.0999999999999,4.091735537190082,495.0999999999999,4.091735537190082,,,,,,,,,,,,,,,,,,,"Seth Smith","7331",452234
"Welington Castillo","BAL",110,422,382,93,59,17,0,17,39,60,29,2,108,6,4,1,,1,0,0.24345549738219896,0.06872037914691943,0.2559241706161137,0.26851851851851855,0.30403800475059384,0.4214659685863874,0.3106587257476297,0.7255039733369812,0.17801047120418845,1.6904504042700912,0.29118773946360155,,-0.0064319828525185585,47.11531319401192,-2.5981815985686834,92.52222296190507,-0.0064319828525185585,,-3.7952069730780775,3.2277723524866193,1.4039217493615508,,,,,,,,454.79999999999995,4.134545454545454,454.79999999999995,4.134545454545454,,,,,,,,,,,,,,,,,,,"Welington Castillo","3256",456078
"Brad Miller","TBR",143,538,484,120,72,23,5,20,66,66,46,0,124,2,4,2,,7,4,0.24793388429752067,0.08550185873605948,0.23048327137546468,0.3709677419354839,0.31343283582089554,0.44008264462809915,0.3230717119885914,0.7535154804489947,0.19214876033057848,4.988967276611846,0.29069767441860467,,-0.5081855971366167,65.57702095201203,2.1982053159732513,104.16461160497677,-0.5081855971366167,,2.1819280753839903,-6.69391179827646,1.4023876262806687,,,,,,,,617.3,4.316783216783216,617.3,4.316783216783216,,,,,,,,,,,,,,,,,,,"Brad Miller","12775",543543
"David Peralta","ARI",114,413,374,107,66,21,8,12,47,51,31,2,82,4,4,0,,5,2,0.28609625668449196,0.07506053268765134,0.19854721549636803,0.3780487804878049,0.34382566585956414,0.48128342245989303,0.3496416112512278,0.8251090883194572,0.19518716577540107,5.559523197701614,0.3345070422535211,,-0.041602005483582616,59.395519706495996,10.742265324183702,111.85750761310334,-0.041602005483582616,,5.989688088959976,-5.415029109996042,1.4018459835409796,,,,,,,,553.4,4.8543859649122805,553.4,4.8543859649122805,,,,,,,,,,,,,,,,,,,"David Peralta","2136",444482
"Raimel Tapia","COL",150,631,593,175,129,26,8,12,66,61,23,2,94,4,8,3,,24,15,0.2951096121416526,0.03645007923930269,0.14896988906497624,0.24468085106382978,0.321656050955414,0.4266441821247892,0.31905833086647545,0.7483002330802032,0.13153456998313662,5.927178885931518,0.3292929292929293,,-1.6915235198102891,74.82315213290865,0.4885189240973586,81.4075612022797,-1.6915235198102891,,-16.140346613601956,9.688979198202395,1.3922512935395683,,,,,,,,705.4,4.7026666666666666,705.4,4.7026666666666666,,,,,,,,,,,,,,,,,,,"Raimel Tapia","14350",606132
"Joey Gallo","TEX",125,494,434,91,43,17,3,28,63,70,56,4,196,3,1,0,,4,0,0.20967741935483872,0.11336032388663968,0.3967611336032389,0.2857142857142857,0.30364372469635625,0.45622119815668205,0.3226190716636424,0.7598649228530383,0.24654377880184333,4.994536996525643,0.2985781990521327,,0.5801050704903901,60.02933495650964,1.8339168817825904,93.76501589427787,0.5801050704903901,,-3.117973642228515,-0.020401255934467066,1.3904316439334472,,,,,,,,589.8,4.7184,589.8,4.7184,,,,,,,,,,,,,,,,,,,"Joey Gallo","14128",608336
"Jhonny Peralta","STL",114,454,412,106,69,23,1,13,46,49,35,2,81,3,4,0,,1,2,0.25728155339805825,0.07709251101321586,0.17841409691629956,0.43209876543209874,0.31718061674008813,0.41262135922330095,0.31392434213013776,0.7298019759633891,0.1553398058252427,2.092905107577462,0.2888198757763975,,-0.8550649730022997,51.911413651876174,-1.5718248216584116,94.99891540320587,-0.8550649730022997,,-3.651384579731131,2.6546264015738226,1.374473830292751,,,,,,,,486.49999999999983,4.2675438596491215,486.49999999999983,4.2675438596491215,,,,,,,,,,,,,,,,,,,"Jhonny Peralta","1738",425509
"Matt Duffy","TBR",131,512,471,120,86,20,3,11,59,51,30,1,95,5,4,2,,11,3,0.25477707006369427,0.05859375,0.185546875,0.3157894736842105,0.30392156862745096,0.38004246284501064,0.29644356366459185,0.6839640314724615,0.12526539278131638,5.418528583471578,0.2953929539295393,,0.7015460412949324,51.15794661864308,-9.15795227662059,85.8639917253328,0.7015460412949324,,-7.988270401585423,4.024948946592879,1.3684248766773237,,,,,,,,497,3.7938931297709924,497,3.7938931297709924,,,,,,,,,,,,,,,,,,,"Matt Duffy","13836",622110
"Mike Moustakas","KCR",96,381,346,88,55,19,1,13,37,39,26,1,55,5,3,1,,1,1,0.2543352601156069,0.06824146981627296,0.14435695538057744,0.4727272727272727,0.3131578947368421,0.4277456647398844,0.3180588087494581,0.7409035594767265,0.17341040462427748,2.175029400088878,0.2669039145907473,,-0.4004568278323859,44.864244036595935,-0.019266664762385727,96.67608238982262,-0.4004568278323859,,-1.9209661153278876,2.3443818049245833,1.3632151838635693,,,,,,,,421.8999999999999,4.3947916666666655,421.8999999999999,4.3947916666666655,,,,,,,,,,,,,,,,,,,"Mike Moustakas","4892",519058
"Luis Valbuena","LAA",109,408,355,83,50,17,1,15,47,46,47,2,94,3,2,1,,1,1,0.23380281690140844,0.11519607843137254,0.23039215686274508,0.5,0.32678132678132676,0.4140845070422535,0.3211553542702286,0.7408658338235803,0.18028169014084508,2.6254784009973076,0.27419354838709675,,-0.42962656496092677,49.08610051898587,1.0218685868226367,103.44697133298666,-0.42962656496092677,,1.2589147284657138,-1.8062917425098455,1.357472217230113,,,,,,,,454.8999999999999,4.173394495412843,454.8999999999999,4.173394495412843,,,,,,,,,,,,,,,,,,,"Luis Valbuena","4969",472528
"Mark Trumbo","BAL",136,557,513,129,72,23,2,32,73,95,41,2,141,1,2,0,,2,1,0.25146198830409355,0.07360861759425494,0.25314183123877915,0.2907801418439716,0.30700179533213645,0.49122807017543857,0.33708227937285967,0.798229865507575,0.23976608187134502,3.332667137735023,0.28362573099415206,,-0.2610401250422001,74.33240031341883,8.715299366813634,110.6822318698053,-0.2610401250422001,,6.882788817238543,-12.524340844869194,1.3526924158346172,,,,,,,,715.3,5.259558823529411,715.3,5.259558823529411,,,,,,,,,,,,,,,,,,,"Mark Trumbo","6876",444432
"Ian Desmond","COL",150,639,588,165,109,28,3,25,86,99,43,1,150,5,3,0,,21,6,0.28061224489795916,0.06729264475743349,0.2347417840375587,0.2866666666666667,0.3333333333333333,0.46598639455782315,0.342029710641849,0.7993197278911565,0.18537414965986398,5.474661967174707,0.33653846153846156,,1.3915734579786658,87.884081782463,12.607012653413234,96.79828385530838,1.3915734579786658,,-1.128135836993339,-6.0034880234450885,1.3486994625032855,,,,,,,,836.4,5.576,836.4,5.576,,,,,,,,,,,,,,,,,,,"Ian Desmond","6885",435622
"Eric Thames","MIL",120,507,450,111,56,25,4,26,73,79,44,4,143,8,5,0,,10,3,0.24666666666666667,0.08678500986193294,0.28205128205128205,0.3076923076923077,0.3214990138067061,0.49333333333333335,0.34253741045358405,0.8148323471400394,0.24666666666666667,6.0033364650838985,0.2972027972027972,,0.537447253242135,69.9420231500828,10.215146704968186,110.82165461224547,0.537447253242135,,7.294672281872602,-10.247464518067698,1.3467920579756152,,,,,,,,677.9,5.649166666666667,677.9,5.649166666666667,,,,,,,,,,,,,,,,,,,"Eric Thames","3711",519346
"Adam Duvall","CIN",136,549,504,123,64,27,4,28,74,87,34,1,143,6,5,0,,4,2,0.24404761904761904,0.061930783242258654,0.2604735883424408,0.23776223776223776,0.29690346083788705,0.4801587301587302,0.3276667974508592,0.7770621909966172,0.23611111111111113,4.706043392066705,0.28106508875739644,,-0.2505773121956736,68.99945025398965,4.324785227622939,100.34663567266027,-0.2505773121956736,,-0.016201735971393738,-4.2798672498218595,1.346003166300425,,,,,,,,671.0999999999999,4.934558823529411,671.0999999999999,4.934558823529411,,,,,,,,,,,,,,,,,,,"Adam Duvall","10950",594807
"Orlando Arcia","MIL",150,635,593,145,97,29,6,13,70,66,35,2,128,3,2,2,,19,6,0.24451939291736932,0.05511811023622047,0.2015748031496063,0.2734375,0.2890995260663507,0.3794266441821248,0.2880963202323853,0.6685261702484755,0.13490725126475547,6.233686284310975,0.2907488986784141,,1.043181448476389,59.07407851132447,-15.73177265760606,74.34636541689466,1.043181448476389,,-19.019518752471782,11.96211925974178,1.343282161192719,,,,,,,,592.8000000000001,3.9520000000000004,592.8000000000001,3.9520000000000004,,,,,,,,,,,,,,,,,,,"Orlando Arcia","13185",606115
"Dilson Herrera","CIN",117,495,451,115,73,21,3,18,65,63,35,0,103,3,3,3,,8,7,0.2549889135254989,0.0707070707070707,0.2080808080808081,0.33980582524271846,0.31097560975609756,0.43458980044345896,0.32015661616635516,0.7455654101995566,0.17960088691796006,4.70243059673095,0.2912912912912913,,-1.5171860402915627,59.14505034140017,0.8318277766433038,95.31484749301927,-1.5171860402915627,,-4.373432539499508,1.737563067800784,1.3401787938429446,,,,,,,,549.8000000000001,4.699145299145299,549.8000000000001,4.699145299145299,,,,,,,,,,,,,,,,,,,"Dilson Herrera","14335",599096
"Kendrys Morales","TOR",139,557,504,134,82,26,1,25,63,94,43,3,113,6,4,0,,0,0,0.26587301587301587,0.07719928186714542,0.20287253141831238,0.3805309734513274,0.32854578096947934,0.47023809523809523,0.33973625011822806,0.7987838762075745,0.20436507936507936,1.5803571428571426,0.2945945945945946,,-0.28720971941947937,75.55220419411758,9.935103247512373,113.18466833531626,-0.28720971941947937,,8.530143844533953,-14.3261316872428,1.3368987124732106,,,,,,,,709.5,5.10431654676259,709.5,5.10431654676259,,,,,,,,,,,,,,,,,,,"Kendrys Morales","8610",434778
"Trey Mancini","BAL",144,612,566,149,97,27,4,21,73,78,40,2,154,3,3,0,,3,2,0.26325088339222613,0.06535947712418301,0.25163398692810457,0.2597402597402597,0.3137254901960784,0.4363957597173145,0.32088100470480374,0.7501212499133929,0.17314487632508835,3.7376915504331825,0.3248730964467005,,-0.5291112228296697,73.49060465366036,1.3942567554155014,99.54764730695116,-0.5291112228296697,,-0.8614970164521016,-6.81921622614381,1.3346920278107166,,,,,,,,696,4.833333333333333,696,4.833333333333333,,,,,,,,,,,,,,,,,,,"Trey Mancini","15149",641820
"Brandon Guyer","CLE",107,355,309,84,56,19,2,7,45,34,20,0,59,22,1,3,,6,2,0.27184466019417475,0.056338028169014086,0.16619718309859155,0.3389830508474576,0.35795454545454547,0.41423948220064727,0.3400733325291764,0.7721940276551927,0.14239482200647252,5.433962533571087,0.3155737704918033,,0.1606418234296143,48.25140383491589,6.43080987433268,109.2165058163855,0.1606418234296143,,4.088976726646705,-3.1511893137842675,1.3257456396104268,,,,,,,,425.49999999999994,3.976635514018691,425.49999999999994,3.976635514018691,,,,,,,,,,,,,,,,,,,"Brandon Guyer","2636",446386
"José Peraza","CIN",143,593,549,153,116,21,8,8,63,55,24,1,74,5,5,10,,29,12,0.2786885245901639,0.04047217537942664,0.12478920741989882,0.32432432432432434,0.31217838765008576,0.38979963570127507,0.30265225321566525,0.7019780233513608,0.11111111111111116,6.677110092916413,0.3072033898305085,,0.5601096339523792,62.28933248488039,-7.568730102798042,83.58700188572864,0.5601096339523792,,-11.426858944764433,5.433266103793283,1.3154904556701512,,,,,,,,598,4.181818181818182,598,4.181818181818182,,,,,,,,,,,,,,,,,,,"Jose Peraza","13593",606299
"David Freese","PIT",127,469,420,108,74,22,0,12,54,54,38,1,113,9,2,0,,0,1,0.2571428571428571,0.08102345415778252,0.24093816631130063,0.336283185840708,0.3304904051172708,0.3952380952380952,0.31741019102752716,0.725728500355366,0.1380952380952381,1.6714235033531213,0.32323232323232326,,-0.678990738466382,54.97557373277276,-0.27473209120899944,97.23863612742541,-0.678990738466382,,-2.274000095879739,0.08169107034863732,1.300988355296763,,,,,,,,499.59999999999997,3.933858267716535,499.59999999999997,3.933858267716535,,,,,,,,,,,,,,,,,,,"David Freese","9549",501896
"Austin Hedges","SDP",98,368,345,83,53,17,1,12,43,47,15,2,78,3,4,1,,1,2,0.24057971014492754,0.04076086956521739,0.21195652173913043,0.19230769230769232,0.27520435967302453,0.4,0.286464164028429,0.6752043596730246,0.15942028985507248,3.128057021759191,0.27413127413127414,,-0.7742872394155711,33.739437208232204,-9.612615122738564,77.40307012041137,-0.7742872394155711,,-11.015797644899497,11.896679071452182,1.2868223271459671,,,,,,,,337.8999999999999,3.4479591836734684,337.8999999999999,3.4479591836734684,,,,,,,,,,,,,,,,,,,"Austin Hedges","12976",595978
"Michael Saunders","PHI",113,427,372,93,55,19,3,16,55,48,48,2,107,2,4,1,,3,3,0.25,0.11241217798594848,0.2505854800936768,0.4485981308411215,0.33568075117370894,0.44623655913978494,0.33506402556063997,0.7819173103134939,0.19623655913978494,4.024971112204288,0.30434782608695654,,-0.8603089416865259,56.27260610006592,5.970088857336256,107.70842954801685,-0.8603089416865259,,3.1934744258116066,-4.192650113576724,1.2864225152541438,,,,,,,,518.7,4.590265486725664,518.7,4.590265486725664,,,,,,,,,,,,,,,,,,,"Michael Saunders","9981",459431
"Nick Castellanos","DET",138,550,505,135,84,29,5,17,53,69,36,1,132,3,6,0,,1,2,0.26732673267326734,0.06545454545454546,0.24,0.2727272727272727,0.31636363636363635,0.44554455445544555,0.32466285074560586,0.7619081908190819,0.1782178217821782,3.1507314003547426,0.3259668508287293,,-0.8932100138626993,67.76182552503425,2.969356008637731,102.32710676196406,-0.8932100138626993,,0.6435032815859065,-6.742810381643215,1.2816287481105024,,,,,,,,636.7,4.61376811594203,636.7,4.61376811594203,,,,,,,,,,,,,,,,,,,"Nick Castellanos","11737",592206
"Trayce Thompson","LAD",115,442,407,92,50,21,4,17,53,54,30,0,123,2,2,1,,8,3,0.22604422604422605,0.06787330316742081,0.27828054298642535,0.24390243902439024,0.2811791383219955,0.4226044226044226,0.30089140614144116,0.703783560926418,0.19656019656019655,5.751864705228295,0.2788104089219331,,0.1868114178068936,45.78591834607983,-6.28366624709701,88.3972746618239,0.1868114178068936,,-6.12928912887832,4.492694639164444,1.2700155874686896,,,,,,,,454.49999999999994,3.952173913043478,454.49999999999994,3.952173913043478,,,,,,,,,,,,,,,,,,,"Trayce Thompson","9952",572204
"Ryan Schimpf","SDP",120,466,409,92,41,24,3,24,62,64,47,3,135,7,3,0,,1,2,0.22493887530562348,0.10085836909871244,0.28969957081545067,0.34814814814814815,0.3133047210300429,0.4743276283618582,0.33330513733252076,0.7876323493919011,0.24938875305623473,3.5996360929793445,0.26877470355731226,,-0.8258952358737588,60.73592212072608,5.839029766833762,108.78631466082227,-0.8258952358737588,,4.216761700092236,-6.648361879962112,1.2667607329809418,,,,,,,,576.8,4.806666666666667,576.8,4.806666666666667,,,,,,,,,,,,,,,,,,,"Ryan Schimpf","9953",572114
"Corey Dickerson","TBR",125,460,427,107,58,27,3,19,51,55,30,4,119,1,2,0,,3,3,0.2505854800936768,0.06521739130434782,0.25869565217391305,0.25210084033613445,0.3,0.4613583138173302,0.3205039310350753,0.7613583138173302,0.2107728337236534,3.583852424548761,0.3024054982817869,,-0.8199200748931617,55.09490879692428,0.9048433832108256,102.39986316686868,-0.8199200748931617,,0.5055140964436555,-3.8156267314150636,1.2550809499536983,,,,,,,,536.5,4.292,536.5,4.292,,,,,,,,,,,,,,,,,,,"Corey Dickerson","10762",572816
"ByungHo Park","MIN",101,436,391,98,58,18,1,21,56,55,35,2,128,7,3,0,,3,1,0.2506393861892583,0.08027522935779817,0.29357798165137616,0.2734375,0.3211009174311927,0.4629156010230179,0.3341530332092865,0.7840165184542105,0.21227621483375958,3.6691349360222034,0.3142857142857143,,-0.029626559000462294,57.130931875177545,5.768174222179576,107.0461754364756,-0.029626559000462294,,3.6589074535042787,-6.164014072925607,1.2542624134953697,,,,,,,,542,5.366336633663367,542,5.366336633663367,,,,,,,,,,,,,,,,,,,"ByungHo Park","18497",666560
"Brandon Nimmo","NYM",126,526,469,117,82,18,6,11,66,51,50,2,124,5,1,1,,6,6,0.24946695095948826,0.09505703422053231,0.23574144486692014,0.4032258064516129,0.32761904761904764,0.3837953091684435,0.3111304623674936,0.7114143567874911,0.13432835820895525,5.034510114630553,0.3164179104477612,,-1.5613062421325594,58.93142005139845,-3.033741704282591,96.9084170594417,-1.5613062421325594,,-3.564086954436505,-1.0324234086439794,1.2404818261242845,,,,,,,,535.5999999999999,4.25079365079365,535.5999999999999,4.25079365079365,,,,,,,,,,,,,,,,,,,"Brandon Nimmo","12927",607043
"Tyler Saladino","CHW",105,397,365,91,65,14,3,9,46,42,22,0,80,3,4,3,,14,4,0.2493150684931507,0.055415617128463476,0.20151133501259447,0.275,0.29441624365482233,0.3780821917808219,0.2910774100552961,0.6724984354356442,0.12876712328767123,6.254609579216773,0.29285714285714287,,0.9591292017139494,37.909499790780714,-8.858882751054596,80.95858003428398,0.9591292017139494,,-8.117063113692682,6.788180935459933,1.2394422040677944,,,,,,,,377.3,3.5933333333333333,377.3,3.5933333333333333,,,,,,,,,,,,,,,,,,,"Tyler Saladino","10807",573135
"Hyun Soo Kim","BAL",108,419,371,109,80,17,1,11,46,35,42,2,64,4,2,0,,3,3,0.29380053908355797,0.10023866348448687,0.15274463007159905,0.65625,0.36992840095465396,0.4339622641509434,0.3492334692312373,0.8038906651055974,0.14016172506738545,2.569182977052692,0.3288590604026846,,-0.9074292862787843,60.11729659006198,10.757215267570812,119.03333101413192,-0.9074292862787843,,8.667656523699064,-10.81286682233188,1.232174180889465,,,,,,,,533.1,4.936111111111111,533.1,4.936111111111111,,,,,,,,,,,,,,,,,,,"Hyun Soo Kim","18718",547957
"Cody Bellinger","LAD",125,514,462,107,59,20,2,26,69,78,46,2,157,2,4,0,,6,2,0.23160173160173161,0.08949416342412451,0.30544747081712065,0.2929936305732484,0.301556420233463,0.4523809523809524,0.3203517944784835,0.7539373726144154,0.22077922077922077,4.538392874963199,0.2862190812720848,,0.14493504189886153,61.49804590817439,0.9465380328510988,101.43564860994616,0.14493504189886153,,1.0537553598442218,-5.420814667499325,1.2249230837365666,,,,,,,,600.8,4.8064,600.8,4.8064,,,,,,,,,,,,,,,,,,,"Cody Bellinger","15998",641355
"Kevin Newman","PIT",97,434,397,107,81,18,3,5,46,38,27,1,46,4,3,3,,8,4,0.2695214105793451,0.06221198156682028,0.10599078341013825,0.5869565217391305,0.32018561484918795,0.3677581863979849,0.30030736271725145,0.6879438012471728,0.09823677581863982,4.781984532252004,0.2922636103151863,,-0.2879911607597023,44.74805638863722,-6.379092284301127,85.77981694983248,-0.2879911607597023,,-7.888832557070831,5.921240618199478,1.2101494126498058,,,,,,,,415.49999999999994,4.283505154639174,415.49999999999994,4.283505154639174,,,,,,,,,,,,,,,,,,,"Kevin Newman","17696",621028
"Elvis Andrus","TEX",156,641,577,159,117,31,4,7,73,62,46,1,83,3,8,7,,27,10,0.2755632582322357,0.0717628705148206,0.1294851794071763,0.5542168674698795,0.3280757097791798,0.37954939341421146,0.30790242425638353,0.7076251031933913,0.10398613518197575,5.805373683630594,0.30707070707070705,,0.9324525364208966,70.10826552593205,-5.404412583177342,83.6507651087565,0.9324525364208966,,-11.650116273629843,1.7678865713627454,1.2100151891991742,,,,,,,,662.1999999999999,4.244871794871794,662.1999999999999,4.244871794871794,,,,,,,,,,,,,,,,,,,"Elvis Andrus","8709",462101
"Rob Segedin","LAD",108,408,369,91,54,18,4,15,51,56,28,0,95,7,4,0,,2,2,0.24661246612466126,0.06862745098039216,0.23284313725490197,0.29473684210526313,0.3088235294117647,0.43902439024390244,0.3202810588420606,0.7478479196556671,0.19241192411924118,4.383194226341232,0.2889733840304182,,-0.6191637550946325,48.79175525346892,0.7275233213056843,101.38825604700412,-0.6191637550946325,,0.07842021274501798,-1.2379318906726873,1.2082373594380944,,,,,,,,459.79999999999995,4.257407407407407,459.79999999999995,4.257407407407407,,,,,,,,,,,,,,,,,,,"Rob Segedin","11446",574847
"James McCann","DET",115,434,404,97,69,17,2,9,37,47,21,0,107,4,3,2,,2,1,0.2400990099009901,0.04838709677419355,0.2465437788018433,0.19626168224299065,0.2824074074074074,0.3589108910891089,0.2786700079838435,0.6413182984965162,0.1188118811881188,3.2183344984755737,0.3024054982817869,,-0.2206512582488358,36.999289804258176,-14.127858868680176,70.71779159945851,-0.2206512582488358,,-15.478995467881886,12.58511082723798,1.2075745308937114,,,,,,,,360.49999999999994,3.1347826086956516,360.49999999999994,3.1347826086956516,,,,,,,,,,,,,,,,,,,"James McCann","12859",543510
"Bradley Zimmer","CLE",121,524,466,106,68,20,3,15,57,54,47,1,187,9,1,1,,22,9,0.22746781115879827,0.08969465648854962,0.3568702290076336,0.25133689839572193,0.30975143403441685,0.3798283261802575,0.3022235159216256,0.6895797602146744,0.15236051502145925,5.948315109175663,0.3433962264150943,,0.43642483721487224,54.856121919443844,-6.873430856177567,83.20361532843809,0.43642483721487224,,-10.13080006083472,4.1677880353047385,1.2054944003917525,,,,,,,,528.2999999999998,4.366115702479338,528.2999999999998,4.366115702479338,,,,,,,,,,,,,,,,,,,"Bradley Zimmer","16221",605548
"Colby Rasmus","TBR",112,418,374,83,49,15,1,18,47,55,40,1,130,1,2,1,,3,1,0.22192513368983957,0.09569377990430622,0.31100478468899523,0.3076923076923077,0.2973621103117506,0.4117647058823529,0.30568320046250635,0.7091268161941036,0.18983957219251335,3.47539903647612,0.2850877192982456,,-0.00943212560378015,44.95257784701028,-4.289698985451078,92.21407956498197,-0.00943212560378015,,-3.9169420905403696,1.139976250011034,1.1641020316154478,,,,,,,,435.0999999999999,3.8848214285714278,435.0999999999999,3.8848214285714278,,,,,,,,,,,,,,,,,,,"Colby Rasmus","9893",458675
"Kevin Plawecki","NYM",106,399,364,89,64,17,1,7,39,42,25,2,66,6,3,1,,0,0,0.2445054945054945,0.06265664160401002,0.16541353383458646,0.3787878787878788,0.3015075376884422,0.3543956043956044,0.2859026992862875,0.6559031420840467,0.10989010989010992,1.8870160213618152,0.2789115646258503,,-0.20867581176571548,36.39676183955531,-10.607229682339625,80.00592759055016,-0.20867581176571548,,-10.033864741634847,8.720116961149522,1.1631960523191154,,,,,,,,348.2,3.2849056603773583,348.2,3.2849056603773583,,,,,,,,,,,,,,,,,,,"Kevin Plawecki","13807",608700
"César Hernández","PHI",144,541,483,131,104,15,8,4,63,39,50,2,107,2,2,4,,17,9,0.2712215320910973,0.09242144177449169,0.1977818853974122,0.4672897196261682,0.3407821229050279,0.36024844720496896,0.308773050798434,0.7010305701099968,0.08902691511387167,6.2250083578206,0.339572192513369,,-0.6331337816081941,59.559596826284846,-4.172632279843375,90.09359296442248,-0.6331337816081941,,-7.233684726562634,1.3627412714795601,1.1589292925155108,,,,,,,,540.3999999999999,3.752777777777777,540.3999999999999,3.752777777777777,,,,,,,,,,,,,,,,,,,"Cesar Hernandez","10556",514917
"Matt Wieters","BAL",93,353,322,80,53,14,1,12,34,46,24,1,68,2,4,1,,1,0,0.2484472049689441,0.0679886685552408,0.19263456090651557,0.35294117647058826,0.30113636363636365,0.40993788819875776,0.3048962174657403,0.7110742518351214,0.16149068322981366,2.727641844720173,0.2764227642276423,,0.024981580208986998,37.733110604833975,-3.8518743756896114,88.56184718447594,0.024981580208986998,,-4.822815703667537,4.153245895768109,1.154437192859454,,,,,,,,365,3.924731182795699,365,3.924731182795699,,,,,,,,,,,,,,,,,,,"Matt Wieters","4298",446308
"Danny Valencia","SEA",111,419,387,103,68,20,1,14,54,52,28,1,93,2,2,0,,1,1,0.2661498708010336,0.06682577565632458,0.22195704057279236,0.3010752688172043,0.31742243436754175,0.4315245478036176,0.3216255203103335,0.7489469821711594,0.16537467700258401,2.773795589830306,0.31560283687943264,,-0.4273827390279621,50.572056647232564,1.211975324741394,105.37416444913192,-0.4273827390279621,,2.276194775552318,-5.2300943879784025,1.1494718677820852,,,,,,,,474.1999999999999,4.272072072072071,474.1999999999999,4.272072072072071,,,,,,,,,,,,,,,,,,,"Danny Valencia","6364",502143
"Steven Souza Jr.","TBR",115,442,396,96,61,17,1,17,58,48,38,0,142,5,3,0,,11,6,0.24242424242424243,0.08597285067873303,0.3212669683257919,0.2676056338028169,0.31447963800904977,0.41919191919191917,0.31757458343225364,0.7336715572009689,0.17676767676767674,4.776171116654811,0.32916666666666666,,-0.49174762330949306,51.87062602273839,-0.1989585704384483,100.38662227898207,-0.49174762330949306,,-0.2865733060268796,-3.4480440109915618,1.1493099590429923,,,,,,,,489.4999999999999,4.2565217391304335,489.4999999999999,4.2565217391304335,,,,,,,,,,,,,,,,,,,"Steven Souza Jr.","5667",519306
"Yan Gomes","CLE",96,363,339,81,48,18,2,13,39,50,16,1,90,4,4,0,,0,0,0.23893805309734514,0.0440771349862259,0.24793388429752067,0.17777777777777778,0.27823691460055094,0.41887905604719766,0.2958433399213612,0.6971159706477486,0.17994100294985252,2.702380952380952,0.2833333333333333,,-0.15033633750863373,36.0903977291836,-6.672632151638103,78.81873755453628,-0.15033633750863373,,-9.381837262428311,8.280981270934749,1.144974208313883,,,,,,,,360.4,3.7541666666666664,360.4,3.7541666666666664,,,,,,,,,,,,,,,,,,,"Yan Gomes","9627",543228
"Eddie Rosario","MIN",131,528,501,132,88,25,6,13,69,58,20,2,122,1,4,2,,9,6,0.2634730538922156,0.03787878787878788,0.23106060606060605,0.16393442622950818,0.2908745247148289,0.4151696606786427,0.29983514137850464,0.7060441853934716,0.1516966067864271,5.974451045052725,0.3216216216216216,,-0.8984791070688516,54.234291982154495,-7.966478753586163,83.46065661540777,-0.8984791070688516,,-11.383421233839218,4.668145348365555,1.1424199165225246,,,,,,,,530.4,4.048854961832061,530.4,4.048854961832061,,,,,,,,,,,,,,,,,,,"Eddie Rosario","12155",592696
"Garrett Stubbs","HOU",72,313,279,67,48,14,1,4,35,27,26,0,47,4,3,1,,9,2,0.24014336917562723,0.08306709265175719,0.1501597444089457,0.5531914893617021,0.3108974358974359,0.34050179211469533,0.2885316835764127,0.6513992280121312,0.1003584229390681,5.284321743327756,0.2727272727272727,,0.8055183510296047,29.230847689974674,-7.641957689356437,81.75883202337913,0.8055183510296047,,-6.04953487664499,6.599493955038072,1.1405812631781744,,,,,,,,281.59999999999997,3.9111111111111105,281.59999999999997,3.9111111111111105,,,,,,,,,,,,,,,,,,,"Garrett Stubbs","18067",596117
"Ketel Marte","ARI",137,561,517,149,110,30,5,4,68,48,32,1,76,1,7,4,,18,7,0.28820116054158607,0.0570409982174688,0.1354723707664884,0.42105263157894735,0.3267504488330341,0.38878143133462284,0.30921870759494013,0.7155318801676569,0.10058027079303677,5.931095140710122,0.32657657657657657,,0.41325538558885455,61.967731704941066,-4.120587201783382,84.77434129538024,0.41325538558885455,,-10.106501559255593,3.1833324293610907,1.1163612830941383,,,,,,,,584.1,4.2635036496350365,584.1,4.2635036496350365,,,,,,,,,,,,,,,,,,,"Ketel Marte","13613",606466
"Sandy León","BOS",76,276,248,61,42,13,1,5,27,24,22,1,65,2,1,3,,0,1,0.24596774193548387,0.07971014492753623,0.23550724637681159,0.3384615384615385,0.31135531135531136,0.36693548387096775,0.29643022553885684,0.6782907952262791,0.12096774193548387,2.334249084249084,0.3128491620111732,,-0.5555803121533245,27.57429291525472,-4.939746332973353,78.58479858172333,-0.5555803121533245,,-7.652094847908355,9.177856555481226,1.1121931764954218,,,,,,,,253.19999999999993,3.33157894736842,253.19999999999993,3.33157894736842,,,,,,,,,,,,,,,,,,,"Sandy Leon","5273",506702
"Travis d'Arnaud","NYM",94,363,331,82,55,16,1,10,43,36,27,2,66,3,1,1,,1,0,0.24773413897280966,0.0743801652892562,0.18181818181818182,0.4090909090909091,0.30939226519337015,0.39274924471299094,0.3037003755569458,0.702141509906361,0.14501510574018128,3.2913658336756866,0.28125,,0.013762450544163585,38.44384261433232,-4.3191872664893864,91.9302918224169,0.013762450544163585,,-3.593944131366804,2.8439012452618364,1.1037724075324198,,,,,,,,366.19999999999993,3.895744680851063,366.19999999999993,3.895744680851063,,,,,,,,,,,,,,,,,,,"Travis d'Arnaud","7739",518595
"Albert Almora Jr.","CHC",131,496,468,126,88,26,4,8,54,51,19,0,71,1,5,3,,9,3,0.2692307692307692,0.038306451612903226,0.1431451612903226,0.2676056338028169,0.2961460446247465,0.39316239316239315,0.2958093198511228,0.6893084377871397,0.12393162393162394,5.1467028038822535,0.29949238578680204,,0.3284719465300441,49.29967757574079,-9.131349479045891,81.00004739518842,0.3284719465300441,,-11.27801929620298,6.256157462699213,1.0994222710194943,,,,,,,,479.69999999999993,3.6618320610687016,479.69999999999993,3.6618320610687016,,,,,,,,,,,,,,,,,,,"Albert Almora Jr.","14109",546991
"Eric Hosmer","KCR",153,648,589,163,111,31,2,19,79,91,52,5,118,2,5,0,,6,3,0.2767402376910017,0.08024691358024691,0.18209876543209877,0.4406779661016949,0.33487654320987653,0.432937181663837,0.32866325608308355,0.7678137248737136,0.1561969439728353,3.6673280035733145,0.3150984682713348,,-0.38820701092481613,81.9747848021615,5.637475262843414,103.96415805039992,-0.38820701092481613,,2.6959737124669987,-13.902961963698976,1.0987863533374453,,,,,,,,768.6999999999999,5.024183006535948,768.6999999999999,5.024183006535948,,,,,,,,,,,,,,,,,,,"Eric Hosmer","3516",543333
"Carlos Beltrán","HOU",132,521,483,131,80,30,0,21,59,77,32,3,92,2,4,0,,0,0,0.2712215320910973,0.061420345489443376,0.1765834932821497,0.34782608695652173,0.31669865642994244,0.463768115942029,0.33072667957272767,0.7804667723719714,0.1925465838509317,1.190392354124748,0.29411764705882354,,-0.24906467855907977,66.79582307972571,5.419683774193727,110.75801638858304,-0.24906467855907977,,6.480450483929344,-13.40020576131687,1.0972580188292287,,,,,,,,636.9999999999999,4.825757575757575,636.9999999999999,4.825757575757575,,,,,,,,,,,,,,,,,,,"Carlos Beltran","589",136860
"Evan Gattis","HOU",131,508,467,118,67,20,3,28,60,82,32,5,115,5,4,0,,1,1,0.25267665952890794,0.06299212598425197,0.2263779527559055,0.2782608695652174,0.3051181102362205,0.48822269807280516,0.3321447735041321,0.7933408083090256,0.23554603854389722,3.004933896935678,0.27439024390243905,,-0.43187039089389145,65.72357181353435,5.878890878389921,111.73262407352189,-0.43187039089389145,,6.724168942877423,-13.294757110521697,1.0879299024497828,,,,,,,,642.1999999999999,4.902290076335877,642.1999999999999,4.902290076335877,,,,,,,,,,,,,,,,,,,"Evan Gattis","11003",594828
"J.J. Hardy","BAL",120,469,438,109,77,22,0,10,44,48,24,1,80,1,4,2,,0,0,0.24885844748858446,0.0511727078891258,0.17057569296375266,0.3,0.28693790149892934,0.3675799086757991,0.2826565944074049,0.6545178101747284,0.11872146118721463,1.2454994192799067,0.28125,,-0.22662641922943294,41.525914440101374,-13.724391383880384,73.277311327721,-0.22662641922943294,,-15.274212828434639,10.023162853570632,1.0877659751747852,,,,,,,,405.2,3.3766666666666665,405.2,3.3766666666666665,,,,,,,,,,,,,,,,,,,"J.J. Hardy","3797",429666
"Scott Schebler","CIN",144,564,512,128,77,21,9,21,72,79,36,5,143,13,2,1,,8,3,0.25,0.06382978723404255,0.25354609929078015,0.2517482517482518,0.31438721136767317,0.44921875,0.3242601466007985,0.7636059613676731,0.19921875,6.295673813567756,0.3057142857142857,,0.09930220642127097,69.29925719124383,2.8575248144299366,98.06419469951517,0.09930220642127097,,-1.2453424570883982,-6.098481216049068,1.0830981709778906,,,,,,,,668.2,4.640277777777778,668.2,4.640277777777778,,,,,,,,,,,,,,,,,,,"Scott Schebler","12225",594988
"John Hicks","DET",93,349,327,78,54,15,1,8,37,37,16,0,89,2,2,2,,5,2,0.23853211009174313,0.045845272206303724,0.25501432664756446,0.1797752808988764,0.276657060518732,0.363914373088685,0.27736520629794864,0.6405714336074171,0.12538226299694188,4.408006543682028,0.3017241379310345,,0.018981294706463814,29.377126786250418,-11.736640234153917,69.82104581821471,0.018981294706463814,,-12.62673586108928,11.372679585362096,1.0808060936720876,,,,,,,,292.0999999999999,3.1408602150537623,292.0999999999999,3.1408602150537623,,,,,,,,,,,,,,,,,,,"John Hicks","12547",543308
"Cheslor Cuthbert","KCR",142,574,532,141,96,29,2,14,58,58,37,1,103,1,3,1,,4,2,0.2650375939849624,0.06445993031358885,0.1794425087108014,0.3592233009708738,0.31239092495637,0.40601503759398494,0.3099269002050787,0.7184059625503549,0.14097744360902253,3.2658269713268986,0.3038277511961722,,-0.31789209018461406,63.73913414762868,-3.880643129483324,91.08729847004147,-0.31789209018461406,,-6.460249827145127,-2.462366694776119,1.0760412428323494,,,,,,,,600.6999999999999,4.230281690140845,600.6999999999999,4.230281690140845,,,,,,,,,,,,,,,,,,,"Cheslor Cuthbert","10473",596144
"Ozzie Albies","ATL",127,568,518,128,88,26,7,7,64,50,40,1,119,4,3,3,,21,9,0.2471042471042471,0.07042253521126761,0.20950704225352113,0.33613445378151263,0.30442477876106194,0.36486486486486486,0.29167001562338346,0.6692896436259268,0.11776061776061775,6.571202751934429,0.30632911392405066,,0.21847422677092254,54.51602593458296,-12.396924402350178,78.43732898218221,0.21847422677092254,,-14.865564771946138,7.249107480820034,1.0682247331131034,,,,,,,,526.5999999999999,4.146456692913385,526.5999999999999,4.146456692913385,,,,,,,,,,,,,,,,,,,"Ozzie Albies","16556",645277
"Jose Iglesias","DET",125,467,427,113,89,19,1,4,47,31,24,1,51,7,3,6,,8,5,0.2646370023419204,0.05139186295503212,0.10920770877944326,0.47058823529411764,0.3123644251626898,0.34192037470725994,0.2876945529295051,0.6542847998699497,0.07728337236533955,3.908106063042057,0.2906666666666667,,-0.7156733947340399,43.29020986620107,-11.724486977721073,76.92005413111426,-0.7156733947340399,,-13.656604276199333,8.279187209601965,1.0679140980492212,,,,,,,,398.4,3.1872,398.4,3.1872,,,,,,,,,,,,,,,,,,,"Jose Iglesias","10231",578428
"Daniel Robertson","TBR",110,475,423,102,75,18,3,6,50,38,38,0,101,10,3,1,,2,2,0.24113475177304963,0.08,0.21263157894736842,0.37623762376237624,0.31645569620253167,0.3404255319148936,0.29217088360826676,0.6568812281174252,0.09929078014184398,3.641758702600978,0.30094043887147337,,-0.6954538368154317,45.78630241822244,-10.170830345938192,82.9275241712721,-0.6954538368154317,,-10.431978477623524,4.757410641332572,1.0652400728757736,,,,,,,,416.0999999999999,3.782727272727272,416.0999999999999,3.782727272727272,,,,,,,,,,,,,,,,,,,"Daniel Robertson","14145",621002
"Juan Lagares","NYM",118,364,338,85,61,16,3,5,39,30,16,2,71,4,3,3,,7,3,0.2514792899408284,0.04395604395604396,0.19505494505494506,0.22535211267605634,0.29085872576177285,0.3609467455621302,0.2807568236977941,0.651805471323903,0.10946745562130178,5.471056111335701,0.3018867924528302,,-0.006457107374444604,31.658455457658636,-11.222378913192879,76.5582137499389,-0.006457107374444604,,-10.515395334103014,9.335218392281865,1.06303584696753,,,,,,,,313.4,2.6559322033898303,313.4,2.6559322033898303,,,,,,,,,,,,,,,,,,,"Juan Lagares","5384",501571
"Greg Garcia","STL",130,427,370,89,67,17,2,3,44,29,45,3,87,7,1,4,,7,3,0.24054054054054055,0.1053864168618267,0.20374707259953162,0.5172413793103449,0.3333333333333333,0.3216216216216216,0.2933465760378611,0.6549549549549549,0.08108108108108106,4.447001492357131,0.30604982206405695,,-0.08947866689413786,41.57372393565635,-8.72879330707331,81.21190331067785,-0.08947866689413786,,-9.969944381952182,6.723470125669314,1.0565978017463875,,,,,,,,378.20000000000005,2.9092307692307697,378.20000000000005,2.9092307692307697,,,,,,,,,,,,,,,,,,,"Greg Garcia","10951",594824
"Gavin Cecchini","NYM",125,531,489,128,92,24,3,9,65,53,38,0,73,1,1,2,,3,2,0.261758691206544,0.07156308851224105,0.1374764595103578,0.5205479452054794,0.31568998109640833,0.3783231083844581,0.3032720812327019,0.6940130894808665,0.1165644171779141,3.8303952390453193,0.2916666666666667,,-0.5134044412989169,56.0483725901221,-6.505811615707994,91.64333652313746,-0.5134044412989169,,-5.978455055598811,-0.6048751709953191,1.053555530525218,,,,,,,,516.2,4.1296,516.2,4.1296,,,,,,,,,,,,,,,,,,,"Gavin Cecchini","17005",608325
"Domingo Santana","MIL",118,466,408,99,58,20,2,19,59,60,52,1,152,4,2,0,,4,3,0.2426470588235294,0.11158798283261803,0.3261802575107296,0.34210526315789475,0.33261802575107297,0.4411764705882353,0.3340095810992743,0.7737944963393082,0.19852941176470587,3.9647709868949375,0.33472803347280333,,-0.6827471980359405,61.00679837263415,6.109906018741828,105.10804673548901,-0.6827471980359405,,2.248871836143014,-6.7764443207459895,1.0524117180330999,,,,,,,,561.6,4.7593220338983055,561.6,4.7593220338983055,,,,,,,,,,,,,,,,,,,"Domingo Santana","10348",570267
"Chance Sisco","BAL",113,471,426,111,83,19,1,8,47,39,39,1,106,2,3,1,,3,2,0.2605633802816901,0.08280254777070063,0.22505307855626328,0.36792452830188677,0.32340425531914896,0.36619718309859156,0.30252119282415424,0.6896014384177405,0.10563380281690143,2.8657787405125945,0.326984126984127,,-0.4954538338351995,49.423389747208795,-6.062525056832593,86.92957359783377,-0.4954538338351995,,-7.886816538701888,2.110068110141384,1.0409329981977007,,,,,,,,454.6999999999999,4.023893805309734,454.6999999999999,4.023893805309734,,,,,,,,,,,,,,,,,,,"Chance Sisco","15694",642082
"Joey Wendle","OAK",134,571,537,129,83,29,5,12,64,60,23,1,127,6,3,2,,8,3,0.24022346368715083,0.040280210157618214,0.2224168126094571,0.18110236220472442,0.27768014059753954,0.37988826815642457,0.28252188011374274,0.6575684087539642,0.13966480446927373,5.4199648143551045,0.29177057356608477,,0.12174046575091779,50.49366385141471,-16.77269995560786,76.00020844122255,0.12174046575091779,,-16.331726713095886,7.148600581391708,1.0390066586481763,,,,,,,,504.6,3.765671641791045,504.6,3.765671641791045,,,,,,,,,,,,,,,,,,,"Joey Wendle","13853",621563
"Derek Fisher","HOU",128,572,509,114,71,19,5,19,68,68,58,4,184,3,2,0,,19,6,0.22396856581532418,0.10139860139860139,0.32167832167832167,0.31521739130434784,0.30594405594405594,0.3929273084479371,0.3020263235543815,0.698871364391993,0.16895874263261293,6.399720200339205,0.30844155844155846,,1.0544005781412125,59.78803695093105,-7.596131346121333,91.0332387017764,1.0544005781412125,,-5.103681719794772,-4.188665108005136,1.0313013148919976,,,,,,,,593.9,4.63984375,593.9,4.63984375,,,,,,,,,,,,,,,,,,,"Derek Fisher","16192",605233
"Dixon Machado","DET",132,552,495,120,89,23,2,6,53,42,41,0,90,4,3,9,,11,4,0.24242424242424243,0.07427536231884058,0.16304347826086957,0.45555555555555555,0.30386740331491713,0.3333333333333333,0.28208951660282705,0.6372007366482504,0.09090909090909088,4.442270479358102,0.2835820895522388,,0.2604008517228067,48.61655263386397,-16.411525862592175,73.06790346791247,0.2604008517228067,,-17.588977333924635,8.920036162018146,1.0257683973563463,,,,,,,,456.2,3.456060606060606,456.2,3.456060606060606,,,,,,,,,,,,,,,,,,,"Dixon Machado","11472",553988
"Taylor Motter","SEA",120,492,448,109,71,23,1,14,57,55,34,1,99,3,5,2,,15,6,0.24330357142857142,0.06910569105691057,0.20121951219512196,0.3434343434343434,0.2979591836734694,0.39285714285714285,0.29788439624879987,0.6908163265306122,0.14955357142857142,4.820296623170505,0.27941176470588236,,0.30152091081254184,49.74453739344844,-8.215271701218997,89.05769806630023,0.30152091081254184,,-6.162275188018073,-0.4776495045455045,1.0254096107175608,,,,,,,,489.09999999999997,4.075833333333333,489.09999999999997,4.075833333333333,,,,,,,,,,,,,,,,,,,"Taylor Motter","12399",600301
"Tommy Field","MIN",100,399,359,84,56,15,2,11,43,39,28,0,88,7,3,2,,3,2,0.233983286908078,0.07017543859649122,0.22055137844611528,0.3181818181818182,0.29974811083123426,0.3788300835654596,0.2959899989423584,0.6785781943966939,0.14484679665738162,3.8132799910528203,0.27756653992395436,,-0.42365140398032963,39.71789663054759,-7.286094891347338,80.81802111365272,-0.42365140398032963,,-9.612903276199821,6.085669229060043,1.0215518084931985,,,,,,,,374.79999999999995,3.7479999999999993,374.79999999999995,3.7479999999999993,,,,,,,,,,,,,,,,,,,"Tommy Field","6262",474494
"Mike Napoli","TEX",121,493,424,99,58,17,1,23,56,67,62,2,140,4,3,0,,3,2,0.23349056603773585,0.1257606490872211,0.2839756592292089,0.44285714285714284,0.33468559837728196,0.4410377358490566,0.3346104107175,0.7757233342263385,0.20754716981132074,2.640046461102794,0.2878787878787879,,-0.4932100079022348,64.78594714458154,6.708333559884292,102.00625502222694,-0.4932100079022348,,0.6943263291293507,-7.445082260047178,1.0175395614708247,,,,,,,,599.7,4.9561983471074385,599.7,4.9561983471074385,,,,,,,,,,,,,,,,,,,"Mike Napoli","3057",435063
"Desmond Jennings","CIN",78,311,274,67,42,14,2,9,38,30,29,0,63,3,2,3,,8,3,0.24452554744525548,0.0932475884244373,0.20257234726688103,0.4603174603174603,0.32142857142857145,0.40875912408759124,0.31735425277963863,0.7301876955161627,0.16423357664233576,5.380009011783155,0.28431372549019607,,0.20476202527061105,36.440662819788606,-0.19653357948288208,93.43727644244643,0.20476202527061105,,-2.308925291161238,2.366509552775657,1.0172619354952914,,,,,,,,340.6,4.366666666666667,340.6,4.366666666666667,,,,,,,,,,,,,,,,,,,"Desmond Jennings","1965",457775
"Travis Jankowski","SDP",114,404,363,88,69,13,4,2,50,22,35,0,87,2,1,3,,26,9,0.24242424242424243,0.08663366336633663,0.21534653465346534,0.40229885057471265,0.3117206982543641,0.3168044077134986,0.280995661778343,0.6285251059678627,0.07438016528925617,7.203976109212988,0.31272727272727274,,1.2745698899962008,35.21702687237273,-12.375987099671262,73.73919784623628,1.2745698899962008,,-11.791834857036816,8.701950702577532,0.9978157467823351,,,,,,,,344.29999999999995,3.0201754385964907,344.29999999999995,3.0201754385964907,,,,,,,,,,,,,,,,,,,"Travis Jankowski","13768",608671
"Yunel Escobar","LAA",128,530,482,134,104,22,1,7,55,42,38,1,66,4,3,3,,1,2,0.27800829875518673,0.07169811320754717,0.12452830188679245,0.5757575757575758,0.33396584440227706,0.37136929460580914,0.3094914117013547,0.7053351390080862,0.09336099585062241,2.2122906572298637,0.308252427184466,,-0.944818010320887,58.66275298383217,-3.7736267319681147,95.43074066408305,-0.944818010320887,,-3.8524238243965456,-4.435696113817416,0.988498393024503,,,,,,,,526,4.109375,526,4.109375,,,,,,,,,,,,,,,,,,,"Yunel Escobar","4191",488862
"Alex Avila","DET",84,303,254,55,36,11,0,8,29,24,45,0,98,1,2,1,,0,1,0.21653543307086615,0.1485148514851485,0.3234323432343234,0.45918367346938777,0.3344370860927152,0.3543307086614173,0.30861948598299593,0.6887677947541325,0.13779527559055116,1.1984558316080052,0.31333333333333335,,-0.5937253530137241,33.319383034500866,-2.3753774445321296,91.30104830162502,-0.5937253530137241,,-3.758358692266408,3.1413084026787432,0.9865911924033322,,,,,,,,296.3,3.5273809523809527,296.3,3.5273809523809527,,,,,,,,,,,,,,,,,,,"Alex Avila","7476",488671
"Trevor Plouffe","OAK",118,489,446,110,70,24,2,14,52,62,35,1,96,3,4,1,,1,1,0.24663677130044842,0.07157464212678936,0.19631901840490798,0.3645833333333333,0.30327868852459017,0.40358744394618834,0.304494611046887,0.7068661324707786,0.15695067264573992,2.9164423940111694,0.2823529411764706,,-0.4498209983576089,52.1084633067155,-5.4979323178624995,91.10131842575525,-0.4498209983576089,,-5.674364826139275,-1.363622884481252,0.9743078380024742,,,,,,,,495.7,4.200847457627119,495.7,4.200847457627119,,,,,,,,,,,,,,,,,,,"Trevor Plouffe","7462",461858
"Scooter Gennett","MIL",144,540,504,136,91,29,3,13,62,57,29,3,101,2,2,3,,6,3,0.2698412698412698,0.053703703703703705,0.18703703703703703,0.2871287128712871,0.31098696461824954,0.4166666666666667,0.31133927845776305,0.7276536312849162,0.14682539682539686,4.211015882025848,0.3137755102040816,,-0.29621014767326415,60.592982655583064,-3.021441960515335,89.91904442794043,-0.29621014767326415,,-7.000645609613389,-0.7092130789681088,0.9676167563853056,,,,,,,,577,4.006944444444445,577,4.006944444444445,,,,,,,,,,,,,,,,,,,"Scooter Gennett","10339",571697
"Freddy Galvis","PHI",142,551,513,126,86,21,5,14,60,59,25,3,110,2,4,7,,10,3,0.24561403508771928,0.045372050816696916,0.1996370235934664,0.22727272727272727,0.28125,0.38791423001949316,0.2852449450166741,0.6691642300194931,0.14230019493177387,5.478344931994171,0.28498727735368956,,0.523984297644347,49.963137930565836,-14.947136075860499,74.3298663542172,0.523984297644347,,-16.89594879203537,8.78146310920648,0.9620087599601728,,,,,,,,505.19999999999993,3.557746478873239,505.19999999999993,3.557746478873239,,,,,,,,,,,,,,,,,,,"Freddy Galvis","6609",520471
"Nomar Mazara","TEX",152,598,544,146,105,15,4,22,62,72,41,1,116,6,7,0,,0,2,0.26838235294117646,0.06856187290969899,0.1939799331103679,0.35344827586206895,0.32274247491638797,0.4319852941176471,0.32398579877425276,0.754727769034035,0.16360294117647062,2.5581556122805527,0.30024213075060535,,-1.1582809688989073,73.34149607548213,2.894411037654634,94.70432091189119,-1.1582809688989073,,-4.960496177219768,-5.917730760742537,0.9591908008967576,,,,,,,,682.0999999999999,4.4875,682.0999999999999,4.4875,,,,,,,,,,,,,,,,,,,"Nomar Mazara","14553",608577
"Josh Bell","PIT",147,612,537,145,97,27,6,15,73,74,64,6,90,3,7,1,,4,5,0.27001862197392923,0.10457516339869281,0.14705882352941177,0.7111111111111111,0.3469721767594108,0.4264432029795158,0.3315695158706224,0.7734153797389266,0.1564245810055866,4.025073471036619,0.296127562642369,,-1.6031826180405915,78.888286985723,6.791939087478147,106.72532102598954,-1.6031826180405915,,3.465921316096262,-13.593696330590221,0.9544876813867174,,,,,,,,723.1,4.919047619047619,723.1,4.919047619047619,,,,,,,,,,,,,,,,,,,"Josh Bell","13145",605137
"Tommy Pham","STL",106,347,311,76,48,13,4,11,44,36,33,1,94,2,1,0,,9,3,0.24437299035369775,0.09510086455331412,0.27089337175792505,0.35106382978723405,0.31988472622478387,0.4180064308681672,0.3187650769432156,0.737891157092951,0.17363344051446944,6.448819403763586,0.3140096618357488,,0.3868114207871258,41.06283709040483,0.18467905006011642,98.24218627650411,0.3868114207871258,,-0.36441193095768165,-1.376004706544781,0.9504577040014267,,,,,,,,392.20000000000005,3.7000000000000006,392.20000000000005,3.7000000000000006,,,,,,,,,,,,,,,,,,,"Tommy Pham","2967",502054
"Tomás Telis","MIA",106,423,394,101,76,18,2,5,46,38,20,2,53,3,3,3,,3,2,0.2563451776649746,0.04728132387706856,0.12529550827423167,0.37735849056603776,0.29523809523809524,0.350253807106599,0.27972454916347156,0.6454919023446942,0.09390862944162437,3.973347565082317,0.2831858407079646,,-0.43711435957811773,36.42960010385024,-13.401699178760175,75.01200412997055,-0.43711435957811773,,-13.454942891980757,9.277944049507221,0.9484277359781013,,,,,,,,351.2999999999999,3.3141509433962253,351.2999999999999,3.3141509433962253,,,,,,,,,,,,,,,,,,,"Tomas Telis","10067",542513
"Wilmer Flores","NYM",131,477,443,116,78,21,2,15,56,63,25,2,69,3,4,2,,1,1,0.2618510158013544,0.05241090146750524,0.14465408805031446,0.36231884057971014,0.3031578947368421,0.4198645598194131,0.30868599744982245,0.7230224545562552,0.15801354401805873,2.893673530755094,0.27823691460055094,,-0.44308952055871487,52.479465195525826,-3.7132765486944255,95.27063639712084,-0.44308952055871487,,-3.221445169683152,-2.7103733713664706,0.9445755763115622,,,,,,,,502.99999999999983,3.839694656488548,502.99999999999983,3.839694656488548,,,,,,,,,,,,,,,,,,,"Wilmer Flores","5827",527038
"Rajai Davis","OAK",70,267,245,58,35,15,1,7,32,36,14,0,49,4,3,1,,0,0,0.23673469387755103,0.052434456928838954,0.18352059925093633,0.2857142857142857,0.2857142857142857,0.39183673469387753,0.2917328313329166,0.6775510204081632,0.1551020408163265,2.6717032967032965,0.265625,,-0.11892277444712818,25.640210776389,-5.813588061570768,82.33058165910484,-0.11892277444712818,,-5.78323736597376,5.944782809395428,0.9414996682050354,,,,,,,,248.79999999999995,3.554285714285714,248.79999999999995,3.554285714285714,,,,,,,,,,,,,,,,,,,"Rajai Davis","3708",434658
"Josh Phegley","OAK",70,267,245,58,35,15,1,7,32,36,14,0,49,4,3,1,,0,0,0.23673469387755103,0.052434456928838954,0.18352059925093633,0.2857142857142857,0.2857142857142857,0.39183673469387753,0.2917328313329166,0.6775510204081632,0.1551020408163265,2.6717032967032965,0.265625,,-0.11892277444712818,25.640210776389,-5.813588061570768,82.33058165910484,-0.11892277444712818,,-5.78323736597376,5.944782809395428,0.9414996682050354,,,,,,,,248.79999999999995,3.554285714285714,248.79999999999995,3.554285714285714,,,,,,,,,,,,,,,,,,,"Josh Phegley","9308",572033
"Jake Marisnick","HOU",136,430,396,91,59,19,3,10,51,39,20,1,119,6,3,5,,19,7,0.2297979797979798,0.046511627906976744,0.27674418604651163,0.16806722689075632,0.2752941176470588,0.3686868686868687,0.2776639680817442,0.6439809863339274,0.13888888888888887,6.870459265806184,0.3,,0.7433972926810384,36.30132022921159,-14.354610483607503,74.28982111777322,0.7433972926810384,,-12.530162333024892,7.142022861725159,0.9386369544087463,,,,,,,,374.29999999999995,2.752205882352941,374.29999999999995,2.752205882352941,,,,,,,,,,,,,,,,,,,"Jake Marisnick","11339",545350
"Whit Merrifield","KCR",135,580,541,139,97,32,4,6,63,48,29,1,105,3,3,4,,18,6,0.25693160813308685,0.05,0.1810344827586207,0.2761904761904762,0.296875,0.36414048059149723,0.28664349213890405,0.6610154805914972,0.10720887245841038,5.779306334465817,0.3071593533487298,,0.8544005751609802,53.26211214895677,-15.064492068334111,75.08540470945809,0.8544005751609802,,-16.495447716756352,5.975319276340985,0.9334543697281841,,,,,,,,522.8000000000001,3.8725925925925933,522.8000000000001,3.8725925925925933,,,,,,,,,,,,,,,,,,,"Whit Merrifield","11281",593160
"Tyler Naquin","CLE",113,442,398,102,69,18,4,11,48,41,35,3,131,4,3,2,,8,4,0.2562814070351759,0.07918552036199095,0.29638009049773756,0.26717557251908397,0.32045454545454544,0.4045226130653266,0.31211022804203514,0.7249771585198721,0.14824120603015073,5.148991145697758,0.35135135135135137,,-0.27452820516191423,49.87766001804554,-2.1919245751313023,89.99841600979119,-0.27452820516191423,,-5.582210349963894,-0.29587528805113217,0.9301036641220157,,,,,,,,472.5999999999999,4.182300884955751,472.5999999999999,4.182300884955751,,,,,,,,,,,,,,,,,,,"Tyler Naquin","13359",571980
"Rob Refsnyder","NYY",126,507,456,115,80,23,2,10,59,50,41,2,97,5,4,1,,8,3,0.25219298245614036,0.08086785009861933,0.1913214990138067,0.422680412371134,0.3181818181818182,0.37719298245614036,0.30291119158741026,0.6953748006379585,0.125,4.413528881682209,0.29745042492917845,,0.09257072862237692,53.3641322405571,-6.362744204557518,86.42079049008112,0.09257072862237692,,-8.173446372940223,0.07880476458783292,0.9286050323175811,,,,,,,,504.9,4.007142857142857,504.9,4.007142857142857,,,,,,,,,,,,,,,,,,,"Rob Refsnyder","13770",608701
"Andrew Toles","LAD",106,425,402,104,69,24,5,6,47,43,16,1,94,4,2,1,,21,10,0.25870646766169153,0.03764705882352941,0.2211764705882353,0.1702127659574468,0.29245283018867924,0.3880597014925373,0.2921969665139561,0.6805125316812166,0.1293532338308458,6.995151520018954,0.3223684210526316,,-0.09477288462221622,40.975838740690584,-9.091069521979453,82.57203864036472,-0.09477288462221622,,-9.217029233128788,4.766131450539824,0.9269208911124407,,,,,,,,406.79999999999995,3.837735849056603,406.79999999999995,3.837735849056603,,,,,,,,,,,,,,,,,,,"Andrew Toles","13414",592808
"Casey Gillaspie","TBR",115,479,427,104,65,20,1,18,62,57,46,1,125,3,3,0,,3,1,0.24355971896955503,0.09603340292275574,0.2609603340292276,0.368,0.31941544885177453,0.4215456674473068,0.32011520039586344,0.7409611162990813,0.1779859484777518,3.4496181225816915,0.29965156794425085,,-0.06328394799493253,57.21692146775057,0.7885707434706944,102.13270183153185,-0.06328394799493253,,1.1632498118069576,-8.33427060500164,0.9260595261983235,,,,,,,,538.2,4.680000000000001,538.2,4.680000000000001,,,,,,,,,,,,,,,,,,,"Casey Gillaspie","sa827177",656459
"Brock Holt","BOS",119,463,417,114,83,23,3,5,53,42,37,0,85,3,3,3,,9,3,0.2733812949640288,0.07991360691144708,0.183585313174946,0.43529411764705883,0.3347826086956522,0.37889688249400477,0.3129891196022863,0.7136794911896569,0.10551558752997597,5.060304770312541,0.3303030303030303,,0.29481455753557384,52.58319320755399,-1.960285676248895,89.96516278109921,0.29481455753557384,,-5.283527922655048,-1.3774147835428194,0.922794288089733,,,,,,,,480.90000000000003,4.041176470588235,480.90000000000003,4.041176470588235,,,,,,,,,,,,,,,,,,,"Brock Holt","9345",571788
"Brett Phillips","MIL",124,542,487,111,67,19,7,18,63,64,45,1,172,4,2,4,,9,7,0.22792607802874743,0.08302583025830258,0.3173431734317343,0.2616279069767442,0.29739776951672864,0.406570841889117,0.3034927786173545,0.7039686114058457,0.1786447638603696,5.885732782503064,0.3110367892976589,,-1.3261613410431892,57.308154080333345,-6.541879515824686,84.6619243062216,-1.3261613410431892,,-11.564675074964608,3.351375600297895,0.9226353319835388,,,,,,,,543.3,4.381451612903225,543.3,4.381451612903225,,,,,,,,,,,,,,,,,,,"Brett Phillips","14735",621433
"Albert Pujols","LAA",137,581,534,140,93,19,0,28,70,107,40,7,69,3,4,0,,3,1,0.26217228464419473,0.06884681583476764,0.11876075731497418,0.5797101449275363,0.31497418244406195,0.4550561797752809,0.325192993110896,0.7700303622193428,0.19288389513108617,2.460629737239363,0.25396825396825395,,-0.09918516292236745,71.83528849209382,3.3908797847731367,106.22190306069312,-0.09918516292236745,,4.241049628068726,-14.943415637860081,0.9182818018933037,,,,,,,,700.2,5.110948905109489,700.2,5.110948905109489,,,,,,,,,,,,,,,,,,,"Albert Pujols","1177",405395
"Jarrett Parker","SFG",122,449,397,89,55,15,3,16,58,51,44,1,164,7,1,0,,7,5,0.22418136020151133,0.09799554565701558,0.36525612472160357,0.2682926829268293,0.311804008908686,0.3979848866498741,0.3094459335718836,0.7097888955585601,0.17380352644836275,5.29352530770473,0.3348623853211009,,-0.8842598346527666,49.680463853553235,-3.2137521698322886,92.90625204553128,-0.8842598346527666,,-4.806993734528943,-0.5028247488449065,0.9171296336685346,,,,,,,,464.7,3.8090163934426227,464.7,3.8090163934426227,,,,,,,,,,,,,,,,,,,"Jarrett Parker","11624",592620
"Jesús Aguilar","MIL",139,568,516,129,79,24,0,26,66,78,43,3,131,4,5,0,,0,0,0.25,0.07570422535211267,0.2306338028169014,0.3282442748091603,0.30985915492957744,0.4476744186046512,0.3222976871296368,0.7575335735342286,0.19767441860465118,1.23018590998043,0.28296703296703296,,-0.27599058975465596,68.87095333337555,1.9580029964424246,97.26112967647926,-0.27599058975465596,,-2.191951128144232,-6.928998116533032,0.9143646999855615,,,,,,,,661.4,4.758273381294964,661.4,4.758273381294964,,,,,,,,,,,,,,,,,,,"Jesus Aguilar","11342",542583
"Tucker Barnhart","CIN",104,376,337,85,63,16,1,5,32,36,31,5,64,2,3,3,,1,0,0.2522255192878338,0.08244680851063829,0.1702127659574468,0.484375,0.3163538873994638,0.35014836795252224,0.288738253161959,0.666502255351986,0.09792284866468842,2.4369023278096553,0.2952029520295203,,-0.004188156919553876,35.17846333282359,-9.116024918385671,74.2646835089111,-0.004188156919553876,,-11.921659393931629,8.861091354396468,0.9097577344963377,,,,,,,,338.9999999999999,3.2596153846153837,338.9999999999999,3.2596153846153837,,,,,,,,,,,,,,,,,,,"Tucker Barnhart","10200",571466
"Denard Span","SFG",120,535,486,131,98,22,5,6,62,38,41,1,59,2,2,4,,14,5,0.26954732510288065,0.07663551401869159,0.1102803738317757,0.6949152542372882,0.327683615819209,0.3724279835390947,0.30644137791867526,0.7001115993583037,0.10288065843621402,5.606921851429218,0.29550827423167847,,0.4372062785550952,57.86970383522484,-5.155698330724501,90.89321307241337,0.4372062785550952,,-5.56326983741101,-2.564884687296998,0.9085788377200494,,,,,,,,537.9,4.4825,537.9,4.4825,,,,,,,,,,,,,,,,,,,"Denard Span","8347",452655
"Willy Adames","TBR",124,534,479,109,71,22,4,12,61,50,49,1,173,2,3,1,,8,4,0.22755741127348644,0.09176029962546817,0.32397003745318353,0.2832369942196532,0.300187617260788,0.3653444676409186,0.290864452943766,0.6655320849017066,0.13778705636743216,5.278482407167245,0.3265993265993266,,-0.31042942008934915,50.89778280369309,-12.009814872226444,82.02965884848543,-0.31042942008934915,,-11.831993246969533,2.597223324750466,0.9055446034421202,,,,,,,,487.8,3.9338709677419357,487.8,3.9338709677419357,,,,,,,,,,,,,,,,,,,"Willy Adames","15986",642715
"Shin-Soo Choo","TEX",95,417,354,92,60,17,1,14,53,41,49,2,99,11,2,1,,5,4,0.2598870056497175,0.11750599520383694,0.23741007194244604,0.494949494949495,0.36538461538461536,0.4322033898305085,0.3477927490996854,0.7975880052151239,0.17231638418079098,3.625528377729908,0.32098765432098764,,-0.9036979512311518,59.334600062183476,10.210127719751934,111.0660274450726,-0.9036979512311518,,4.636708790975998,-10.018460642093073,0.8942537727664062,,,,,,,,526.0999999999999,5.537894736842104,526.0999999999999,5.537894736842104,,,,,,,,,,,,,,,,,,,"Shin-Soo Choo","3174",425783
"Melky Cabrera","CHW",140,607,558,157,110,33,3,11,68,71,40,2,69,1,6,2,,3,1,0.28136200716845877,0.06589785831960461,0.11367380560131796,0.5797101449275363,0.32727272727272727,0.4103942652329749,0.31749717928283844,0.7376669925057022,0.12903225806451613,3.5965002836927136,0.30165289256198347,,-0.1440616815816611,71.19532538656121,-0.31200006153458215,99.11598805448027,-0.1440616815816611,,-0.7883209510801867,-11.049517247201694,0.892233201081294,,,,,,,,663.3000000000001,4.737857142857143,663.3000000000001,4.737857142857143,,,,,,,,,,,,,,,,,,,"Melky Cabrera","4022",466320
"Daniel Vogelbach","SEA",123,508,444,106,67,20,1,18,63,62,58,3,126,3,3,0,,1,1,0.23873873873873874,0.1141732283464567,0.24803149606299213,0.4603174603174603,0.328740157480315,0.4099099099099099,0.32015464211454486,0.7386500673902249,0.17117117117117114,2.486092695879276,0.29042904290429045,,-0.4902098651509732,60.697527207250914,0.8528462721064888,104.36327993613996,-0.4902098651509732,,2.1710705655191296,-10.667275439774828,0.8910026609508419,,,,,,,,564.5999999999999,4.590243902439024,564.5999999999999,4.590243902439024,,,,,,,,,,,,,,,,,,,"Daniel Vogelbach","14130",596129
"Christian Vázquez","BOS",94,357,326,80,57,18,1,4,34,31,24,1,73,2,3,2,,2,1,0.24539877300613497,0.06722689075630252,0.20448179271708683,0.3287671232876712,0.29859154929577464,0.34355828220858897,0.28074123293666514,0.6421498315043637,0.098159509202454,3.3286336820429447,0.30158730158730157,,-0.1937253470532596,31.045046241616788,-11.011156699026044,67.80228804386216,-0.1937253470532596,,-13.994614830112125,10.537331884289966,0.8832032086352518,,,,,,,,296.5,3.154255319148936,296.5,3.154255319148936,,,,,,,,,,,,,,,,,,,"Christian Vazquez","9774",543877
"Alcides Escobar","KCR",156,652,609,161,123,26,6,6,65,54,23,1,84,5,5,10,,18,4,0.26436781609195403,0.0352760736196319,0.12883435582822086,0.27380952380952384,0.29439252336448596,0.3563218390804598,0.28181638314087937,0.6507143624449457,0.09195402298850575,5.923399530354983,0.2958015267175573,,1.6244996576569974,57.27695196811497,-19.53157553132236,71.76789701738775,1.6244996576569974,,-20.476131490520984,6.923628854635951,0.8727747544283913,,,,,,,,565.5999999999999,3.625641025641025,565.5999999999999,3.625641025641025,,,,,,,,,,,,,,,,,,,"Alcides Escobar","6310",444876
"Kyle Higashioka","NYY",99,384,359,88,54,19,2,13,44,55,21,1,87,1,3,0,,0,1,0.24512534818941503,0.0546875,0.2265625,0.2413793103448276,0.2864583333333333,0.4178272980501393,0.29999573423719283,0.7042856313834727,0.17270194986072426,2.805622216087828,0.2862595419847328,,-0.5780185714829713,39.494007186599205,-5.742916984848549,84.41709589996367,-0.5780185714829713,,-7.762467691341286,3.227723648098201,0.8665515744200714,,,,,,,,385.69999999999993,3.8959595959595954,385.69999999999993,3.8959595959595954,,,,,,,,,,,,,,,,,,,"Kyle Higashioka","5517",543309
"Pedro Álvarez","BAL",121,423,379,90,47,17,0,26,52,69,41,5,121,1,2,0,,3,1,0.23746701846965698,0.09692671394799054,0.2860520094562648,0.33884297520661155,0.3120567375886525,0.48812664907651715,0.3358094456948732,0.8001833866651696,0.25065963060686014,2.5463892932971106,0.27350427350427353,,0.0017870040610432625,56.005646000114176,6.1743467175037585,109.80745661215641,0.0017870040610432625,,4.982719018553289,-10.87962962962963,0.8623560212855228,,,,,,,,547.6,4.525619834710744,547.6,4.525619834710744,,,,,,,,,,,,,,,,,,,"Pedro Alvarez","2495",476883
"T.J. Rivera","NYM",129,532,497,130,97,23,2,8,57,53,21,1,87,7,4,3,,3,2,0.26156941649899396,0.039473684210526314,0.16353383458646617,0.2413793103448276,0.29867674858223064,0.3641851106639839,0.28767354797684785,0.6628618592462145,0.10261569416498995,3.527057898643527,0.30049261083743845,,-0.49769765976816416,49.306392936394786,-13.365595759465116,81.19238836580196,-0.49769765976816416,,-12.820572415939289,4.302952620227641,0.8589933435921413,,,,,,,,468.3999999999999,3.6310077519379838,468.3999999999999,3.6310077519379838,,,,,,,,,,,,,,,,,,,"T.J. Rivera","12495",608061
"Alen Hanson","PIT",130,533,491,120,79,19,11,11,58,53,30,1,103,1,3,8,,25,11,0.24439918533604887,0.05628517823639775,0.19324577861163228,0.2912621359223301,0.2876190476190476,0.395112016293279,0.29230680561247674,0.6827310639123266,0.15071283095723015,7.317214446017507,0.2868421052631579,,0.24837515619583428,51.436830889918554,-11.352962295971164,80.41947914368501,0.24837515619583428,,-12.605030173649364,4.000316752608141,0.8533385339523982,,,,,,,,511.90000000000003,3.937692307692308,511.90000000000003,3.937692307692308,,,,,,,,,,,,,,,,,,,"Alen Hanson","12926",593700
"José Reyes","NYM",101,456,419,112,81,19,3,9,59,39,31,1,59,0,3,3,,16,4,0.26730310262529833,0.06798245614035088,0.12938596491228072,0.5254237288135594,0.31567328918322296,0.3914081145584726,0.3060000716848711,0.7070814037416955,0.12410501193317425,6.076088207291702,0.2909604519774011,,1.3120088630821556,49.15840604781235,-4.560441405781857,93.4710780371434,1.3120088630821556,,-2.3546716827334233,-3.8233250562476107,0.8511075804445003,,,,,,,,477.2,4.7247524752475245,477.2,4.7247524752475245,,,,,,,,,,,,,,,,,,,"Jose Reyes","1736",408314
"Richie Shaffer","CLE",132,527,473,106,57,29,1,19,61,62,47,1,170,3,4,0,,3,1,0.22410147991543342,0.08918406072106262,0.3225806451612903,0.27647058823529413,0.29601518026565465,0.41014799154334036,0.30393722290775166,0.706163171808995,0.18604651162790695,3.310687942633619,0.3020833333333333,,-0.047577166464179754,55.91540602794056,-6.167560217770284,84.38138780276057,-0.047577166464179754,,-9.930079101918732,0.3401709884002162,0.844975266839159,,,,,,,,541.9,4.1053030303030305,541.9,4.1053030303030305,,,,,,,,,,,,,,,,,,,"Richie Shaffer","13271",572128
"Mitch Garver","MIN",112,464,418,95,66,21,0,8,46,48,38,1,112,4,4,0,,2,3,0.22727272727272727,0.08189655172413793,0.2413793103448276,0.3392857142857143,0.2952586206896552,0.3349282296650718,0.27778560644092104,0.630186850354727,0.10765550239234453,2.1323512816430283,0.28807947019867547,,-1.069284248398617,39.218229427332375,-15.443053946500328,68.30676185315127,-1.069284248398617,,-18.725533280424457,11.262247364076707,0.8442053130039889,,,,,,,,371.50000000000006,3.316964285714286,371.50000000000006,3.316964285714286,,,,,,,,,,,,,,,,,,,"Mitch Garver","15161",641598
"C.J. Cron","LAA",133,506,471,126,79,26,2,19,56,74,23,1,99,7,5,0,,3,2,0.267515923566879,0.045454545454545456,0.1956521739130435,0.23232323232323232,0.308300395256917,0.45222929936305734,0.3234635413283169,0.7605296946199743,0.18471337579617836,3.2304954666932657,0.2988826815642458,,-0.46179644484072924,61.840130074599266,2.2310581195144654,105.03330972374572,-0.46179644484072924,,2.5960665510012504,-11.521742307460006,0.8401532373560706,,,,,,,,590.0999999999999,4.436842105263157,590.0999999999999,4.436842105263157,,,,,,,,,,,,,,,,,,,"C.J. Cron","12546",543068
"Jordy Mercer","PIT",137,521,472,121,87,22,2,10,53,53,37,8,81,4,3,5,,2,1,0.2563559322033898,0.0710172744721689,0.15547024952015356,0.4567901234567901,0.313953488372093,0.375,0.295171989699987,0.688953488372093,0.11864406779661019,3.0326467057535345,0.2890625,,-0.27899073250591755,51.5105464705591,-9.86559283497288,82.33913978540302,-0.27899073250591755,,-11.611245519914767,3.24221528858945,0.83841713388222,,,,,,,,498.7999999999999,3.640875912408758,498.7999999999999,3.640875912408758,,,,,,,,,,,,,,,,,,,"Jordy Mercer","6547",474568
"Matt Dominguez","BOS",137,543,508,127,86,24,0,17,55,68,24,1,97,5,5,1,,0,0,0.25,0.04419889502762431,0.17863720073664824,0.24742268041237114,0.2878228782287823,0.39763779527559057,0.29407587366491944,0.6854606735043729,0.14763779527559057,1.290245202558635,0.2756892230576441,,-0.2557961563579738,53.19452752244003,-10.773310563747804,76.96673268455305,-0.2557961563579738,,-15.272313727752339,5.076150001461964,0.8384047080417278,,,,,,,,519.5999999999999,3.792700729927007,519.5999999999999,3.792700729927007,,,,,,,,,,,,,,,,,,,"Matt Dominguez","4903",518625
"Willie Calhoun","LAD",118,505,466,121,78,25,1,17,62,66,31,1,75,3,4,1,,0,0,0.259656652360515,0.061386138613861385,0.1485148514851485,0.41333333333333333,0.30753968253968256,0.4270386266094421,0.31465433061004394,0.7345783091491247,0.1673819742489271,2.101190476190476,0.2751322751322751,,-0.24906467855907977,58.047062809271104,-1.4442046557838784,97.61837306610569,-0.24906467855907977,,-1.730326622334005,-6.188743400685862,0.8324012113327657,,,,,,,,551.5999999999999,4.67457627118644,551.5999999999999,4.67457627118644,,,,,,,,,,,,,,,,,,,"Willie Calhoun","17838",641432
"Dae-Ho Lee","SEA",117,439,406,102,63,19,0,20,50,67,27,1,98,5,1,0,,0,0,0.2512315270935961,0.06150341685649203,0.22323462414578588,0.2755102040816326,0.3052391799544419,0.4458128078817734,0.32145346367740196,0.7510519878362153,0.19458128078817732,1.2380406290956747,0.2837370242214533,,-0.21091963769868016,52.92367052816782,1.2074994050804106,105.25591578239255,-0.21091963769868016,,2.5593801524396564,-9.446338756234418,0.8165361277520061,,,,,,,,504.29999999999995,4.31025641025641,504.29999999999995,4.31025641025641,,,,,,,,,,,,,,,,,,,"Dae-Ho Lee","18722",493193
"Brett Lawrie","CHW",112,455,417,105,68,22,1,14,47,47,30,1,111,5,2,1,,5,2,0.2517985611510791,0.06593406593406594,0.24395604395604395,0.2702702702702703,0.30837004405286345,0.41007194244604317,0.3100826886316009,0.7184419864989067,0.15827338129496404,3.4893647172997113,0.30952380952380953,,-0.048333483282476664,50.58341390133625,-3.0176290622281448,94.02026103063848,-0.048333483282476664,,-3.3150201066697553,-4.12094919573623,0.8158198404701844,,,,,,,,481,4.294642857142857,481,4.294642857142857,,,,,,,,,,,,,,,,,,,"Brett Lawrie","5247",543434
"Bruce Maxwell","OAK",98,373,342,81,58,15,1,7,36,36,28,0,83,1,2,0,,0,1,0.23684210526315788,0.07506702412868632,0.2225201072386059,0.3373493975903614,0.2949061662198391,0.347953216374269,0.2823357089914521,0.6428593825941081,0.11111111111111113,2.2870778314688627,0.29133858267716534,,-0.6049444826785475,32.92717674957829,-11.013898031541537,75.87225936642575,-0.6049444826785475,,-11.41030691749176,6.720056709911738,0.8125406652666817,,,,,,,,310.79999999999995,3.171428571428571,310.79999999999995,3.171428571428571,,,,,,,,,,,,,,,,,,,"Bruce Maxwell","13866",622194
"Nick Franklin","TBR",124,463,417,98,65,19,2,12,51,49,39,1,115,2,3,2,,10,2,0.23501199040767387,0.08423326133909287,0.24838012958963282,0.3391304347826087,0.30151843817787416,0.3764988009592326,0.2949968010187149,0.6780172391371068,0.14148681055155873,5.076608136211336,0.2935153583617747,,0.9449350538197905,45.709236262841664,-8.834242620961234,84.86968100886443,0.9449350538197905,,-7.46597379561463,-0.32225473791904014,0.807510032611528,,,,,,,,447.49999999999994,3.608870967741935,447.49999999999994,3.608870967741935,,,,,,,,,,,,,,,,,,,"Nick Franklin","10166",545338
"Justin Bour","MIA",120,428,384,101,67,18,0,16,46,60,41,7,79,1,2,0,,1,0,0.2630208333333333,0.09579439252336448,0.18457943925233644,0.5189873417721519,0.3341121495327103,0.4348958333333333,0.32696113662878296,0.7690079828660437,0.171875,1.8263334207330058,0.2920962199312715,,-0.028870242182165384,53.54270368858894,3.12238195582946,106.6603084052551,-0.028870242182165384,,3.4819198380941634,-9.262891789943172,0.8006540687034567,,,,,,,,512.0999999999999,4.267499999999999,512.0999999999999,4.267499999999999,,,,,,,,,,,,,,,,,,,"Justin Bour","9744",571506
"Lonnie Chisenhall","CLE",139,494,452,120,78,28,3,11,52,63,30,3,98,4,5,3,,5,0,0.26548672566371684,0.06072874493927125,0.19838056680161945,0.30612244897959184,0.3136456211812627,0.413716814159292,0.3108527947400437,0.7273624353405548,0.14823008849557517,4.707088843043877,0.3132183908045977,,0.7554229882080108,55.23305308025154,-2.9623649944755166,89.134224906311,0.7554229882080108,,-5.689259290017086,-3.257996271106511,0.7963742485931353,,,,,,,,533.2,3.835971223021583,533.2,3.835971223021583,,,,,,,,,,,,,,,,,,,"Lonnie Chisenhall","7571",502082
"Jake Smolinski","OAK",124,432,392,97,64,21,2,10,46,45,29,0,77,7,3,1,,5,2,0.24744897959183673,0.06712962962962964,0.17824074074074073,0.37662337662337664,0.308584686774942,0.3877551020408163,0.3031638820597301,0.6963397888157583,0.14030612244897958,4.267904351411118,0.2824675324675325,,-0.0438458314165473,45.56010629563552,-5.331433397243205,90.18675369295958,-0.0438458314165473,,-5.133758108588341,-1.7168783195435058,0.7960003087007901,,,,,,,,429.3999999999999,3.462903225806451,429.3999999999999,3.462903225806451,,,,,,,,,,,,,,,,,,,"Jake Smolinski","5408",519295
"Yandy Díaz","CLE",118,510,450,117,91,15,3,8,53,43,52,1,96,2,4,2,,6,4,0.26,0.10196078431372549,0.18823529411764706,0.5416666666666666,0.33661417322834647,0.36,0.3078075099508673,0.6966141732283464,0.09999999999999998,3.9965842746154205,0.31142857142857144,,-0.7620374225080013,55.74042428052062,-4.339865634683425,87.04130433692431,-0.7620374225080013,,-8.697007945272976,-0.8304222466874165,0.7924709162538154,,,,,,,,503.2,4.264406779661017,503.2,4.264406779661017,,,,,,,,,,,,,,,,,,,"Yandy Diaz","16578",650490
"Jabari Blash","SDP",101,376,324,71,38,14,1,18,50,46,41,1,130,8,3,0,,4,3,0.2191358024691358,0.10904255319148937,0.34574468085106386,0.3153846153846154,0.3191489361702128,0.4351851851851852,0.32532312552134196,0.754334121355398,0.21604938271604937,3.8977349264892447,0.29608938547486036,,-0.6221638978458941,46.529305196723,2.234816945513747,103.43840211920156,-0.6221638978458941,,0.9700861283410709,-5.187300836388185,0.7914708308581662,,,,,,,,435.3,4.30990099009901,435.3,4.30990099009901,,,,,,,,,,,,,,,,,,,"Jabari Blash","11247",518466
"Jett Bandy","MIL",91,337,307,69,44,14,0,11,31,32,14,0,77,10,4,2,,2,1,0.2247557003257329,0.04154302670623145,0.228486646884273,0.18181818181818182,0.27761194029850744,0.3778501628664495,0.28382167922916696,0.655462103164957,0.15309446254071662,2.581449902178158,0.2600896860986547,,-0.16231178399175406,30.16243616262301,-9.537676977423587,71.48237488758707,-0.16231178399175406,,-11.998449520637848,8.92587096252419,0.781701333186213,,,,,,,,296.4,3.2571428571428567,296.4,3.2571428571428567,,,,,,,,,,,,,,,,,,,"Jett Bandy","12508",542908
"Mauricio Dubón","MIL",130,571,525,135,99,23,5,8,55,45,33,0,90,3,3,7,,21,7,0.2571428571428571,0.05779334500875657,0.15761821366024517,0.36666666666666664,0.30319148936170215,0.3657142857142857,0.29157898337283034,0.6689057750759879,0.1085714285714286,5.796938052973784,0.29534883720930233,,1.028962176060304,54.76107130608586,-12.505292500936712,76.67973428775274,1.028962176060304,,-15.370754934716324,4.8304816576959375,0.7789705526625565,,,,,,,,529.6999999999999,4.0746153846153845,529.6999999999999,4.0746153846153845,,,,,,,,,,,,,,,,,,,"Mauricio Dubon","16530",643289
"Rhys Hoskins","PHI",122,515,462,113,70,22,2,19,72,75,42,1,149,7,4,0,,4,3,0.24458874458874458,0.08155339805825243,0.28932038834951457,0.28187919463087246,0.3145631067961165,0.42424242424242425,0.318281228092394,0.7388055310385407,0.17965367965367968,4.230745044654633,0.31543624161073824,,-0.6939663277007639,60.73778835648531,0.06847599113220605,96.46402961638385,-0.6939663277007639,,-2.9367252950384257,-5.874516366160245,0.7736814336485944,,,,,,,,570.8,4.6786885245901635,570.8,4.6786885245901635,,,,,,,,,,,,,,,,,,,"Rhys Hoskins","16472",656555
"Matt Duffy","TEX",126,518,475,113,76,19,2,16,61,62,28,0,134,10,4,1,,2,2,0.23789473684210527,0.05405405405405406,0.25868725868725867,0.208955223880597,0.29206963249516443,0.3873684210526316,0.2945487662948077,0.679438053547796,0.14947368421052631,3.6105126774113936,0.2948328267477204,,-0.6752594034187496,50.947554144688525,-10.075171690754019,74.4732505709798,-0.6752594034187496,,-16.551187608245186,6.5660023708892945,0.7733723571228432,,,,,,,,486.8999999999999,3.8642857142857134,486.8999999999999,3.8642857142857134,,,,,,,,,,,,,,,,,,,"Matt Duffy","12181",592274
"Caleb Joseph","BAL",91,324,299,68,47,12,0,9,30,30,18,1,73,2,2,3,,0,1,0.22742474916387959,0.05555555555555555,0.22530864197530864,0.2465753424657534,0.27414330218068533,0.35785953177257523,0.2734582230448723,0.6320028339532606,0.13043478260869565,1.5225266495069132,0.2694063926940639,,-0.5578241380862892,26.22820767164847,-11.940447098010571,66.95558381707039,-0.5578241380862892,,-13.412376114999295,9.977011022113619,0.771121451129267,,,,,,,,258.3999999999999,2.839560439560439,258.3999999999999,2.839560439560439,,,,,,,,,,,,,,,,,,,"Caleb Joseph","7087",543376
"Derek Norris","WSN",124,451,406,93,58,21,1,13,54,53,39,3,114,4,2,0,,6,2,0.229064039408867,0.08647450110864745,0.25277161862527714,0.34210526315789475,0.30155210643015523,0.3817733990147783,0.2958471274801663,0.6833255054449335,0.1527093596059113,4.1663697590733255,0.2846975088967972,,0.1606418234296143,44.840994588401095,-8.288830415044051,79.04538348848546,0.1606418234296143,,-11.47855502010889,4.625737219961302,0.7658355702445239,,,,,,,,438.3999999999999,3.535483870967741,438.3999999999999,3.535483870967741,,,,,,,,,,,,,,,,,,,"Derek Norris","6867",519083
"Cory Spangenberg","SDP",75,262,234,61,41,10,6,4,32,31,20,1,58,1,2,5,,7,3,0.2606837606837607,0.07633587786259542,0.22137404580152673,0.3448275862068966,0.31906614785992216,0.405982905982906,0.3115381198003888,0.7250490538428281,0.14529914529914528,6.776038792709226,0.3275862068965517,,0.03393175941891968,29.441805453482484,-1.4229709343282222,94.20250937369697,0.03393175941891968,,-1.836785272950837,0.9755890178836353,0.7639527627975158,,,,,,,,276.3,3.684,276.3,3.684,,,,,,,,,,,,,,,,,,,"Cory Spangenberg","12294",605486
"Matt Olson","OAK",138,572,500,110,57,33,1,19,70,65,65,3,157,2,4,1,,2,0,0.22,0.11363636363636363,0.2744755244755245,0.4140127388535032,0.30998248686514884,0.404,0.3083942615440194,0.7139824868651489,0.18400000000000002,3.177234808875901,0.2774390243902439,,0.12849706807173789,62.79365325982633,-4.590515037226057,93.78141546228719,0.12849706807173789,,-4.142226115726432,-7.794234645009251,0.7608954437577319,,,,,,,,600.8,4.3536231884057965,600.8,4.3536231884057965,,,,,,,,,,,,,,,,,,,"Matt Olson","14344",621566
"Cameron Maybin","LAA",116,447,406,106,77,18,4,7,57,46,36,1,87,2,2,1,,14,5,0.26108374384236455,0.08053691275167785,0.19463087248322147,0.41379310344827586,0.32286995515695066,0.3768472906403941,0.3055972704726658,0.6997172457973447,0.11576354679802953,6.006542666981381,0.31528662420382164,,0.49554575281217694,48.039602347265735,-4.619004696060167,92.75442996020831,0.49554575281217694,,-3.3930601691009565,-4.358323825519973,0.7558485706391823,,,,,,,,454.99999999999994,3.922413793103448,454.99999999999994,3.922413793103448,,,,,,,,,,,,,,,,,,,"Cameron Maybin","5223",457727
"Cameron Rupp","PHI",91,348,321,74,46,16,1,11,33,41,22,1,100,4,1,0,,1,0,0.23052959501557632,0.06321839080459771,0.28735632183908044,0.22,0.28735632183908044,0.3894080996884735,0.2922169098936515,0.6767644215275539,0.15887850467289721,2.883256270668478,0.2985781990521327,,0.040688361739739776,33.557707759834805,-7.438254770539723,79.0010519258933,0.040688361739739776,,-8.9593329438437,5.276438027883121,0.7550580814892214,,,,,,,,328.79999999999995,3.613186813186813,328.79999999999995,3.613186813186813,,,,,,,,,,,,,,,,,,,"Cameron Rupp","11146",519237
"Renato Núñez","OAK",126,534,499,122,75,23,1,23,66,72,25,1,114,5,5,0,,2,0,0.24448897795591182,0.04681647940074907,0.21348314606741572,0.21929824561403508,0.2846441947565543,0.43286573146292584,0.304950142331687,0.7175099262194802,0.18837675350701402,3.384596026910997,0.26975476839237056,,0.1666421089321375,57.104444133282996,-5.803153542636539,91.4143895708073,0.1666421089321375,,-5.33796449361613,-5.403068846075203,0.7515034078318261,,,,,,,,566.5999999999999,4.496825396825396,566.5999999999999,4.496825396825396,,,,,,,,,,,,,,,,,,,"Renato Nunez","14503",600524
"Wilfredo Tovar","STL",119,454,421,107,84,18,3,2,46,35,23,1,54,4,2,4,,19,9,0.25415676959619954,0.05066079295154185,0.11894273127753303,0.42592592592592593,0.29777777777777775,0.3254156769596199,0.27385479702981386,0.6231934547373976,0.07125890736342039,5.7944111528609055,0.28610354223433243,,-0.1344054345972836,36.90043701365374,-16.58280145988084,68.15249775208845,-0.1344054345972836,,-17.941701679548544,10.727519370050448,0.7386358781135371,,,,,,,,358.19999999999993,3.010084033613445,358.19999999999993,3.010084033613445,,,,,,,,,,,,,,,,,,,"Wilfredo Tovar","10416",541600
"Hunter Renfroe","SDP",139,586,551,132,78,28,3,23,73,80,28,3,162,3,4,0,,5,2,0.2395644283121597,0.04778156996587031,0.2764505119453925,0.1728395061728395,0.2781569965870307,0.426497277676951,0.29806369911131686,0.7046542742639816,0.1869328493647913,4.689375330925063,0.2945945945945946,,-0.057308787014335394,59.33527590905944,-9.69815524841031,85.17470722321139,-0.057308787014335394,,-10.756911415013727,-0.694045706821286,0.7346176006735827,,,,,,,,599.5999999999999,4.3136690647482006,599.5999999999999,4.3136690647482006,,,,,,,,,,,,,,,,,,,"Hunter Renfroe","15464",592669
"David Wright","NYM",75,331,292,72,50,13,1,8,38,33,37,2,79,1,1,0,,4,2,0.2465753424657534,0.11178247734138973,0.23867069486404835,0.46835443037974683,0.3323262839879154,0.3801369863013699,0.3120017937613838,0.7124632702892852,0.13356164383561647,3.7865011488046787,0.3106796116504854,,-0.21243227133527398,37.32220585208209,-1.6710803477856306,97.49220523208851,-0.21243227133527398,,-1.2347519948909966,-2.130273762483726,0.73228158690564,,,,,,,,345.79999999999995,4.610666666666666,345.79999999999995,4.610666666666666,,,,,,,,,,,,,,,,,,,"David Wright","3787",431151
"Andrew Susac","MIL",83,301,270,63,40,13,2,8,33,32,27,1,84,2,2,0,,0,0,0.23333333333333334,0.08970099667774087,0.27906976744186046,0.32142857142857145,0.30564784053156147,0.3851851851851852,0.2997955934206645,0.6908330257167467,0.15185185185185185,2.923344947735191,0.3055555555555556,,-0.15258016344159842,30.907832425358308,-4.551319073615064,82.18482660832265,-0.15258016344159842,,-6.756827096184184,4.337735342881316,0.7314594242542518,,,,,,,,294.09999999999997,3.543373493975903,294.09999999999997,3.543373493975903,,,,,,,,,,,,,,,,,,,"Andrew Susac","13132",572180
"Marwin Gonzalez","HOU",128,434,404,106,71,22,2,11,49,42,19,0,91,4,1,6,,7,5,0.2623762376237624,0.04377880184331797,0.20967741935483872,0.2087912087912088,0.3014018691588785,0.4084158415841584,0.30607650241005085,0.7098177107430369,0.146039603960396,4.449482912338229,0.31353135313531355,,-0.8595777493901551,46.81409992413265,-4.3130487488056986,93.81678875491215,-0.8595777493901551,,-4.081519353244033,-3.4975911815470617,0.7284300531967809,,,,,,,,436.49999999999994,3.4101562499999996,436.49999999999994,3.4101562499999996,,,,,,,,,,,,,,,,,,,"Marwin Gonzalez","5497",503556
"Hernán Pérez","MIL",139,486,458,122,85,23,4,10,50,53,18,1,88,1,4,5,,21,5,0.2663755458515284,0.037037037037037035,0.18106995884773663,0.20454545454545456,0.29313929313929316,0.39956331877729256,0.2960851401090622,0.6927026119165858,0.13318777292576417,6.29152309308985,0.3076923076923077,,1.9202278589364141,48.41634417520343,-8.83663797928513,79.69883933222947,1.9202278589364141,,-10.231104271631027,1.8957142851182391,0.7280373162261766,,,,,,,,491.5999999999999,3.536690647482014,491.5999999999999,3.536690647482014,,,,,,,,,,,,,,,,,,,"Hernan Perez","5751",541650
"Chris Young","BOS",98,292,261,63,34,18,1,10,35,32,26,1,64,3,1,1,,4,2,0.2413793103448276,0.08904109589041095,0.2191780821917808,0.40625,0.3161512027491409,0.4329501915708812,0.32196081773988133,0.7491013943200221,0.19157088122605362,4.134430003285055,0.28191489361702127,,-0.1585804489441216,35.32432242276605,0.9254113340609849,96.1311055005581,-0.1585804489441216,,-1.5149673584057808,-1.2864248353127232,0.7250971302837698,,,,,,,,332.69999999999993,3.3948979591836728,332.69999999999993,3.3948979591836728,,,,,,,,,,,,,,,,,,,"Chris Young","3882",455759
"Francisco Peña","BAL",87,324,303,73,50,14,1,8,35,38,14,0,60,2,3,2,,1,2,0.24092409240924093,0.043209876543209874,0.18518518518518517,0.23333333333333334,0.27639751552795033,0.37293729372937295,0.2798405789440463,0.6493348092573232,0.13201320132013203,3.0343129170317655,0.27310924369747897,,-0.767555761616677,27.934544296058963,-10.23411047360008,71.34195976128564,-0.767555761616677,,-11.915771114119192,8.000080880664644,0.7219999906485512,,,,,,,,271.5999999999999,3.121839080459769,271.5999999999999,3.121839080459769,,,,,,,,,,,,,,,,,,,"Francisco Pena","8298",506747
"Brandon Phillips","ATL",127,532,499,138,105,24,1,8,59,56,20,2,67,6,5,2,,10,5,0.27655310621242485,0.03759398496240601,0.12593984962406016,0.29850746268656714,0.30943396226415093,0.37675350701402804,0.2963824327470678,0.686187469278179,0.1002004008016032,4.222089553796335,0.30303030303030304,,-0.33811164810322225,53.12946831332361,-9.542520382536297,81.59462757221999,-0.33811164810322225,,-12.39743654695498,2.5281825391843977,0.7207656288125186,,,,,,,,507.29999999999995,3.9944881889763777,507.29999999999995,3.9944881889763777,,,,,,,,,,,,,,,,,,,"Brandon Phillips","791",408252
"Alex Verdugo","LAD",134,570,535,139,95,27,2,15,64,67,29,3,94,3,3,0,,6,6,0.25981308411214954,0.05087719298245614,0.1649122807017544,0.30851063829787234,0.3,0.40186915887850466,0.30064576822193423,0.7018691588785047,0.14205607476635512,3.6103078153495387,0.289044289044289,,-1.536624156869948,58.929655045984404,-8.218904271008352,88.2326983442859,-1.536624156869948,,-9.797355465808788,-1.2807038204590055,0.7207207325368792,,,,,,,,564.6999999999999,4.214179104477611,564.6999999999999,4.214179104477611,,,,,,,,,,,,,,,,,,,"Alex Verdugo","17027",657077
"Ryan Cordell","MIL",105,450,419,100,65,17,4,14,50,48,24,1,120,3,3,1,,11,4,0.2386634844868735,0.05333333333333334,0.26666666666666666,0.2,0.2828507795100223,0.39856801909307876,0.29183971589165075,0.6814187986031011,0.15990453460620527,5.908257389540363,0.2986111111111111,,0.35688536684028804,43.25352702253629,-9.758493490879044,76.85442391993983,0.35688536684028804,,-12.47076937522608,5.147439111477484,0.7144656207205672,,,,,,,,435.40000000000003,4.146666666666667,435.40000000000003,4.146666666666667,,,,,,,,,,,,,,,,,,,"Ryan Cordell","15181",641477
"Harrison Bader","STL",110,441,406,99,64,17,4,14,52,50,24,0,115,9,2,0,,11,10,0.2438423645320197,0.05442176870748299,0.26077097505668934,0.20869565217391303,0.29931972789115646,0.4088669950738916,0.3058544337884639,0.708186722965048,0.16502463054187191,5.573896430116236,0.3046594982078853,,-2.1149673478212208,47.488356170333944,-4.463423932813087,89.59211257566238,-2.1149673478212208,,-7.767823439700508,0.7274503531279388,0.7141348036405608,,,,,,,,444,4.036363636363636,444,4.036363636363636,,,,,,,,,,,,,,,,,,,"Harrison Bader","18030",664056
"Christian Bethancourt","SDP",98,348,330,81,56,17,0,8,37,40,13,1,76,1,3,1,,5,3,0.24545454545454545,0.03735632183908046,0.21839080459770116,0.17105263157894737,0.2737752161383285,0.3696969696969697,0.275821064593475,0.6434721858352982,0.12424242424242424,3.4930004234664764,0.2931726907630522,,-0.38401885400526226,28.84954204886432,-12.146420481510209,70.2722406633323,-0.38401885400526226,,-13.12515552680728,9.015898138547488,0.7114552267464909,,,,,,,,291.2,2.9714285714285715,291.2,2.9714285714285715,,,,,,,,,,,,,,,,,,,"Christian Bethancourt","10028",542194
"Kirk Nieuwenhuis","MIL",115,349,308,67,35,17,2,13,41,47,37,1,109,2,1,1,,6,5,0.21753246753246752,0.10601719197707736,0.3123209169054441,0.3394495412844037,0.3045977011494253,0.41233766233766234,0.30978213177634245,0.7169353634870876,0.19480519480519481,4.763424683383609,0.2887700534759358,,-1.012457407778129,38.71259132871833,-2.4011756916860048,88.87576305180295,-1.012457407778129,,-5.793938158718303,1.6289639282513897,0.7090092298087777,,,,,,,,364.5,3.1695652173913045,364.5,3.1695652173913045,,,,,,,,,,,,,,,,,,,"Kirk Nieuwenhuis","6400",543590
"Jared Hoying","TEX",127,481,451,105,62,21,4,18,56,58,26,1,121,2,2,0,,15,5,0.2328159645232816,0.05405405405405406,0.2515592515592516,0.21487603305785125,0.2765072765072765,0.41685144124168516,0.2954088721424341,0.6933587177489617,0.18403547671840356,6.0772472340761015,0.2770700636942675,,0.7516414041165262,47.64982123746218,-9.014138466877327,75.06437204071726,0.7516414041165262,,-13.648913825828046,4.280422621233052,0.7082592747290939,,,,,,,,488.40000000000003,3.845669291338583,488.40000000000003,3.845669291338583,,,,,,,,,,,,,,,,,,,"Jared Hoying","10882",592419
"Phillip Ervin","CIN",127,530,471,109,67,23,3,16,66,62,45,1,135,10,4,0,,22,9,0.23142250530785563,0.08490566037735849,0.25471698113207547,0.3333333333333333,0.30943396226415093,0.39490445859872614,0.3061677196075425,0.7043384208628771,0.1634819532908705,6.083093718093343,0.28703703703703703,,0.4409124890808016,57.209185036388845,-5.227194679411436,85.94234878968042,0.4409124890808016,,-8.735129394777427,-1.2195215561612782,0.7055283246821592,,,,,,,,555.1999999999998,4.371653543307085,555.1999999999998,4.371653543307085,,,,,,,,,,,,,,,,,,,"Phillip Ervin","14738",640447
"Tyler White","HOU",117,458,408,101,64,20,1,16,55,59,42,1,94,5,3,0,,1,1,0.24754901960784315,0.09170305676855896,0.2052401746724891,0.44680851063829785,0.3231441048034934,0.41911764705882354,0.3211957640147053,0.7422617518623169,0.1715686274509804,2.524991880666462,0.2823920265780731,,-0.45655247615650296,55.11682581531585,1.1623693816620135,104.20774257269218,-0.45655247615650296,,1.857261772758814,-10.478368060859353,0.7050123358044476,,,,,,,,511.7999999999999,4.374358974358974,511.7999999999999,4.374358974358974,,,,,,,,,,,,,,,,,,,"Tyler White","15564",643603
"Matt Joyce","OAK",129,375,313,74,46,16,1,11,45,44,54,3,87,3,5,0,,2,3,0.2364217252396166,0.144,0.232,0.6206896551724138,0.34933333333333333,0.3993610223642173,0.32633526655294565,0.7486943556975506,0.16293929712460067,2.8065016891559074,0.2863636363636364,,-1.0535774668678641,46.718749277543914,2.5420655163644676,106.11165746530423,-1.0535774668678641,,1.6981417995585923,-7.513247999564681,0.7044335827419046,,,,,,,,423.3,3.281395348837209,423.3,3.281395348837209,,,,,,,,,,,,,,,,,,,"Matt Joyce","3353",459964
"Jermaine Curtis","OAK",90,318,276,69,53,11,0,5,35,28,30,1,44,9,2,1,,4,1,0.25,0.09433962264150944,0.13836477987421383,0.6818181818181818,0.34069400630914826,0.3442028985507246,0.30636078949216045,0.6848969048598729,0.09420289855072461,3.455208742219098,0.2794759825327511,,0.18608022551052272,34.37617278976657,-3.085655039713604,92.38387934358495,0.18608022551052272,,-2.7217884341505147,-1.1888697080090773,0.7017285657143186,,,,,,,,311.09999999999997,3.456666666666666,311.09999999999997,3.456666666666666,,,,,,,,,,,,,,,,,,,"Jermaine Curtis","7765",543079
"Raudy Read","WSN",102,420,392,99,67,23,1,8,44,43,23,1,74,3,2,0,,5,4,0.25255102040816324,0.05476190476190476,0.1761904761904762,0.3108108108108108,0.2976190476190476,0.37755102040816324,0.29228250124004973,0.6751700680272108,0.125,3.532025923690253,0.2916666666666667,,-0.8453584769740701,40.52341361543652,-8.95447219708446,76.65709970406266,-0.8453584769740701,,-12.919905840283963,6.402159402399887,0.699290251980262,,,,,,,,386.29999999999995,3.7872549019607837,386.29999999999995,3.7872549019607837,,,,,,,,,,,,,,,,,,,"Raudy Read","15766",600466
"Tyler Flowers","ATL",101,356,321,78,53,15,0,10,29,40,24,1,107,8,2,1,,0,1,0.24299065420560748,0.06741573033707865,0.300561797752809,0.22429906542056074,0.30985915492957744,0.38317757009345793,0.30222401275473126,0.6930367250230354,0.14018691588785046,1.0727629283496385,0.3300970873786408,,-0.5982130048796535,37.268808931795434,-4.669589518817589,85.50846029069731,-0.5982130048796535,,-6.951979981983528,2.43492041161171,0.6957665037984349,,,,,,,,346.49999999999994,3.43069306930693,346.49999999999994,3.43069306930693,,,,,,,,,,,,,,,,,,,"Tyler Flowers","9134",452095
"Guillermo Heredia","SEA",138,523,455,112,92,14,1,5,55,41,44,0,78,12,9,3,,4,4,0.24615384615384617,0.0841300191204589,0.1491395793499044,0.5641025641025641,0.3230769230769231,0.3142857142857143,0.28632099215800944,0.6373626373626373,0.06813186813186811,3.156202523522123,0.28083989501312334,,-1.1710127322003245,47.88855433017124,-13.723193955420362,81.11056407089778,-1.1710127322003245,,-13.032373882642792,2.0838437337233415,0.6921755660578275,,,,,,,,429.8999999999999,3.115217391304347,429.8999999999999,3.115217391304347,,,,,,,,,,,,,,,,,,,"Guillermo Heredia","18721",628338
"Dustin Garneau","COL",84,327,297,75,47,17,1,10,34,39,21,1,61,5,3,1,,3,2,0.25252525252525254,0.06422018348623854,0.18654434250764526,0.3442622950819672,0.3098159509202454,0.4175084175084175,0.3124162452037518,0.7273243684286629,0.16498316498316495,3.466666997038051,0.2838427947598253,,-0.38101871125400066,36.98301267149519,-1.5390555682532898,76.95739324231108,-0.38101871125400066,,-9.660978938540111,6.010995590936957,0.6901317874141844,,,,,,,,350.09999999999997,4.167857142857143,350.09999999999997,4.167857142857143,,,,,,,,,,,,,,,,,,,"Dustin Garneau","9433",572863
"Tyler Heineman","HOU",79,306,278,64,46,13,1,4,33,26,19,0,48,6,1,2,,1,2,0.2302158273381295,0.06209150326797386,0.1568627450980392,0.3958333333333333,0.29276315789473684,0.3273381294964029,0.2751003011668983,0.6201012873911398,0.09712230215827339,3.186569733939175,0.2643171806167401,,-0.7787748912815005,25.18570853484374,-10.862465414278686,72.52790011839497,-0.7787748912815005,,-10.871934346216277,7.227023112080084,0.6873336473867836,,,,,,,,232.7,2.9455696202531643,232.7,2.9455696202531643,,,,,,,,,,,,,,,,,,,"Tyler Heineman","13897",623168
"A.J. Jimenez","TOR",61,240,226,55,35,16,1,3,21,25,10,0,46,2,2,0,,2,1,0.24336283185840707,0.041666666666666664,0.19166666666666668,0.21739130434782608,0.2791666666666667,0.36283185840707965,0.2774152127405008,0.6419985250737463,0.11946902654867259,3.620275710641577,0.2905027932960894,,-0.11519143939949572,20.211938819982752,-8.06113878717209,70.35354085031048,-0.11519143939949572,,-8.657945889146355,7.164131135957371,0.6786735864783779,,,,,,,,199.3,3.2672131147540986,199.3,3.2672131147540986,,,,,,,,,,,,,,,,,,,"A.J. Jimenez","7077",543362
"Juan Uribe","CLE",82,281,259,61,40,12,0,9,26,33,18,2,57,2,2,0,,1,0,0.23552123552123552,0.06405693950177936,0.20284697508896798,0.3157894736842105,0.28825622775800713,0.3861003861003861,0.2891284599099108,0.6743566138583932,0.15057915057915058,2.172482627234275,0.26666666666666666,,0.06985809886828065,26.38076508745522,-6.722296610921912,74.2038291075897,0.06985809886828065,,-8.633270813133858,5.707390962103967,0.6742583939740121,,,,,,,,263.9,3.218292682926829,263.9,3.218292682926829,,,,,,,,,,,,,,,,,,,"Juan Uribe","454",346874
"Scott Van Slyke","LAD",82,221,196,49,31,11,0,7,23,25,19,1,55,4,2,0,,3,2,0.25,0.08597285067873303,0.248868778280543,0.34545454545454546,0.3257918552036199,0.413265306122449,0.31960117302157665,0.7390571613260689,0.163265306122449,2.8521082920152754,0.3088235294117647,,-0.3383860185276717,26.304883058388384,0.2700907617999626,100.9327355601584,-0.3383860185276717,,-0.0845124065218108,-0.35411707013582605,0.6738353163772688,,,,,,,,245.19999999999996,2.990243902439024,245.19999999999996,2.990243902439024,,,,,,,,,,,,,,,,,,,"Scott Van Slyke","4365",475100
"Norichika Aoki","HOU",120,496,446,123,95,19,4,5,58,34,35,0,45,8,2,5,,11,8,0.2757847533632287,0.07056451612903226,0.0907258064516129,0.7777777777777778,0.3380855397148676,0.36995515695067266,0.31230329253280237,0.7080406966655403,0.09417040358744394,4.874596293424762,0.2964824120603015,,-1.3875009580515325,56.05032819476361,-2.3806988600230734,98.09624963669235,-1.3875009580515325,,-2.521220223843954,-7.719002201864118,0.6710749542400791,,,,,,,,495.20000000000005,4.126666666666667,495.20000000000005,4.126666666666667,,,,,,,,,,,,,,,,,,,"Norichika Aoki","13075",493114
"Christian Colón","KCR",94,353,323,84,66,14,0,4,34,28,22,0,45,3,1,4,,7,3,0.26006191950464397,0.06232294617563739,0.1274787535410765,0.4888888888888889,0.3123209169054441,0.34055727554179566,0.2887721328134181,0.6528781924472398,0.08049535603715169,3.5212835585589595,0.2909090909090909,,-0.033383018570020795,33.03645777274178,-8.548527207781808,76.54834698282379,-0.033383018570020795,,-9.97282530725679,4.561071151428402,0.6694677391198989,,,,,,,,305.5,3.25,305.5,3.25,,,,,,,,,,,,,,,,,,,"Christian Colon","11145",518568
"Rusney Castillo","BOS",96,372,347,90,65,17,3,5,37,31,19,0,63,3,2,1,,8,4,0.25936599423631124,0.051075268817204304,0.1693548387096774,0.30158730158730157,0.3018867924528302,0.3688760806916426,0.291858994093224,0.6707628731444728,0.10951008645533139,5.165085903880117,0.302491103202847,,-0.23413933836854994,35.76216663984244,-8.061103651247567,75.44314682094344,-0.23413933836854994,,-11.202191436843595,5.119543123918025,0.6666798048372169,,,,,,,,340.4,3.545833333333333,340.4,3.545833333333333,,,,,,,,,,,,,,,,,,,"Rusney Castillo","17016",628329
"Hanser Alberto","TEX",121,437,416,109,81,18,3,7,43,43,9,0,56,3,2,7,,7,5,0.2620192307692308,0.020594965675057208,0.12814645308924486,0.16071428571428573,0.2813953488372093,0.3701923076923077,0.28069853533145994,0.651587656529517,0.10817307692307693,4.642062656009128,0.28732394366197184,,-0.8573339234571904,37.9865227911206,-13.494039351907185,64.9544583131999,-0.8573339234571904,,-19.245061685884927,10.93794959520747,0.6643724644797769,,,,,,,,364.8,3.0148760330578512,364.8,3.0148760330578512,,,,,,,,,,,,,,,,,,,"Hanser Alberto","11902",593643
"Robinson Chirinos","TEX",73,251,222,50,30,12,0,8,27,28,19,0,60,5,2,3,,0,1,0.22522522522522523,0.07569721115537849,0.23904382470119523,0.31666666666666665,0.29838709677419356,0.38738738738738737,0.29879880408125536,0.6857744841615809,0.16216216216216214,1.8319253931080628,0.2692307692307692,,-0.530898226890713,25.567190563296922,-4.0017364341858555,77.39415686373174,-0.530898226890713,,-7.34342594492247,5.266828054088063,0.6571817877624475,,,,,,,,237.2,3.2493150684931504,237.2,3.2493150684931504,,,,,,,,,,,,,,,,,,,"Robinson Chirinos","3142",455139
"Dwight Smith Jr.","TOR",126,539,495,119,78,24,4,13,56,56,37,1,116,3,3,1,,8,4,0.2404040404040404,0.0686456400742115,0.21521335807050093,0.31896551724137934,0.2955390334572491,0.3838383838383838,0.2938946569876076,0.6793774172956328,0.14343434343434341,4.832041394876399,0.2872628726287263,,-0.3014541163574904,52.72207271605085,-10.77454741001774,81.67930189552267,-0.3014541163574904,,-12.157630035241064,0.2592421225559569,0.6504658107962238,,,,,,,,509.99999999999994,4.0476190476190474,509.99999999999994,4.0476190476190474,,,,,,,,,,,,,,,,,,,"Dwight Smith Jr.","13473",596105
"Joe Mauer","MIN",124,532,465,122,88,23,2,9,59,51,63,10,94,1,3,0,,2,0,0.2623655913978495,0.11842105263157894,0.17669172932330826,0.6702127659574468,0.34962406015037595,0.37849462365591396,0.31506713927933994,0.7281186838062899,0.11612903225806448,3.150748581403434,0.3095890410958904,,0.08137672347947955,61.33178621663722,-1.3402024792226834,93.92909025183465,0.08137672347947955,,-3.796368396906076,-7.867652519740194,0.6501834617299116,,,,,,,,576.6999999999998,4.650806451612902,576.6999999999998,4.650806451612902,,,,,,,,,,,,,,,,,,,"Joe Mauer","1857",408045
"Danny Espinosa","LAA",130,475,421,85,55,14,1,15,49,46,34,7,157,13,3,4,,7,2,0.20190023752969122,0.07157894736842105,0.33052631578947367,0.21656050955414013,0.2802547770700637,0.34679334916864607,0.27050044284812336,0.6270481262387098,0.14489311163895485,4.527476947067489,0.2777777777777778,,0.3673733042087406,37.29254138082878,-18.66459138333185,68.63357508427055,0.3673733042087406,,-17.521067256483644,7.765870596786445,0.647925985905391,,,,,,,,390.99999999999994,3.007692307692307,390.99999999999994,3.007692307692307,,,,,,,,,,,,,,,,,,,"Danny Espinosa","9219",457787
"Gorkys Hernández","SFG",117,452,408,101,74,19,2,6,49,37,34,1,93,4,2,4,,14,7,0.24754901960784315,0.0752212389380531,0.20575221238938052,0.3655913978494624,0.31026785714285715,0.3480392156862745,0.28971995749996277,0.6583070728291316,0.10049019607843135,5.127577590426885,0.3054662379421222,,-0.31718602241016924,42.65515277407833,-10.59247671939663,79.68993549197863,-0.31718602241016924,,-11.623381543543632,3.51466781969704,0.6406507359195728,,,,,,,,401.4999999999999,3.4316239316239305,401.4999999999999,3.4316239316239305,,,,,,,,,,,,,,,,,,,"Gorkys Hernandez","4146",491676
"Victor Caratini","CHC",115,473,423,105,72,24,2,7,47,44,40,1,104,5,5,0,,1,1,0.24822695035460993,0.08456659619450317,0.21987315010570824,0.38461538461538464,0.3171247357293869,0.3640661938534279,0.2983842170086958,0.6811909295828148,0.115839243498818,2.901709422151071,0.30914826498422715,,-0.47001543175429106,48.01858912505852,-7.702934659042489,82.72521708023984,-0.47001543175429106,,-10.53331713560326,1.7096311601731866,0.6358246600544089,,,,,,,,445.9,3.877391304347826,445.9,3.877391304347826,,,,,,,,,,,,,,,,,,,"Victor Caratini","14968",605170
"Abraham Almonte","CLE",113,412,374,95,62,22,4,7,49,43,30,1,94,1,3,4,,11,3,0.2540106951871658,0.07281553398058252,0.22815533980582525,0.3191489361702128,0.3088235294117647,0.39037433155080214,0.3020085258917375,0.6991978609625669,0.13636363636363635,6.214944790926842,0.3188405797101449,,0.7643731674179435,43.058059925132895,-5.477389967149589,83.05585999948984,0.7643731674179435,,-7.617297611279879,-0.13086604987923156,0.6349259912116514,,,,,,,,415.90000000000003,3.6805309734513276,415.90000000000003,3.6805309734513276,,,,,,,,,,,,,,,,,,,"Abraham Almonte","5486",501659
"Pedro Severino","WSN",104,382,353,92,71,16,0,5,37,30,21,0,64,2,3,3,,3,4,0.26062322946175637,0.0549738219895288,0.16753926701570682,0.328125,0.3034300791556728,0.34844192634560905,0.285649134175444,0.6518720055012819,0.08781869688385269,2.35484700250787,0.30313588850174217,,-1.249846134800464,34.76609597558164,-10.235219215806492,72.21277316619708,-1.249846134800464,,-14.322848001792945,8.373190643575736,0.6338109589475424,,,,,,,,319.0999999999999,3.06826923076923,319.0999999999999,3.06826923076923,,,,,,,,,,,,,,,,,,,"Pedro Severino","14523",600474
"Roberto Peña","CHW",83,322,300,69,51,13,0,5,31,27,13,0,64,3,2,4,,1,0,0.23,0.040372670807453416,0.19875776397515527,0.203125,0.2672955974842767,0.3233333333333333,0.25837073348603157,0.59062893081761,0.0933333333333333,2.675336051474804,0.27467811158798283,,0.049663665471598506,22.057531474324907,-15.875514315274511,58.48039461419225,0.049663665471598506,,-16.00210677000784,11.276617893956816,0.6322555489213582,,,,,,,,220.99999999999997,2.6626506024096384,220.99999999999997,2.6626506024096384,,,,,,,,,,,,,,,,,,,"Roberto Pena","sa548359",592629
"Nick Ahmed","ARI",116,424,390,93,67,16,3,7,41,33,24,2,74,3,3,4,,8,4,0.23846153846153847,0.05660377358490566,0.17452830188679244,0.32432432432432434,0.2857142857142857,0.3487179487179487,0.2748706442032134,0.6344322344322344,0.11025641025641023,4.8395722461466875,0.27564102564102566,,-0.24535846803337336,34.817494824322495,-15.131608948317732,61.76129103457507,-0.24535846803337336,,-20.21341656262186,12.863131550043768,0.6271569564049531,,,,,,,,345.09999999999997,2.9749999999999996,345.09999999999997,2.9749999999999996,,,,,,,,,,,,,,,,,,,"Nick Ahmed","12147",605113
"Mark Teixeira","NYY",101,395,346,79,45,16,0,18,42,54,43,3,91,3,3,0,,2,0,0.22832369942196531,0.10886075949367088,0.23037974683544304,0.4725274725274725,0.31645569620253167,0.430635838150289,0.320039837184001,0.7470915343528206,0.20231213872832368,2.363287011912643,0.25416666666666665,,0.2025433238595724,47.158492546319025,0.6257189845433386,98.19272552297345,0.2025433238595724,,-0.6545637158909885,-6.5973007208385726,0.6267872883611999,,,,,,,,453.8,4.4930693069306935,453.8,4.4930693069306935,,,,,,,,,,,,,,,,,,,"Mark Teixeira","1281",407893
"Cam Gallagher","KCR",97,364,332,74,53,15,1,5,33,31,25,0,56,2,3,2,,1,1,0.22289156626506024,0.06868131868131869,0.15384615384615385,0.44642857142857145,0.27900552486187846,0.3192771084337349,0.26391851967869545,0.5982826332956134,0.09638554216867468,2.5657922332982634,0.2518248175182482,,-0.3892376981675625,26.600926077389527,-16.279908293461986,59.46730473084158,-0.3892376981675625,,-18.10340403539557,11.827332787062405,0.6191842785283801,,,,,,,,258.69999999999993,2.66701030927835,258.69999999999993,2.66701030927835,,,,,,,,,,,,,,,,,,,"Cam Gallagher","12981",595956
"Jon Singleton","HOU",123,502,430,90,47,19,1,23,65,70,66,3,165,2,4,0,,2,1,0.20930232558139536,0.13147410358565736,0.3286852589641434,0.4,0.3147410358565737,0.4186046511627907,0.31612178940094543,0.7333456870193644,0.20930232558139536,3.226708961157711,0.27235772357723576,,-0.2610401250422001,58.310095420929756,-0.8277585740357941,100.72057254661524,-0.2610401250422001,,0.17326532572802833,-11.161446201598062,0.6153694529323365,,,,,,,,556,4.520325203252033,556,4.520325203252033,,,,,,,,,,,,,,,,,,,"Jon Singleton","10441",572138
"Eric Stamets","CLE",104,408,371,84,59,16,2,7,39,33,19,0,95,7,5,6,,8,2,0.22641509433962265,0.04656862745098039,0.23284313725490197,0.2,0.2736318407960199,0.33692722371967654,0.2664449455133125,0.6105590645156964,0.11051212938005389,5.138193904958143,0.28102189781021897,,0.5898115665186197,30.666983509717262,-17.397248422445976,58.6142218447958,0.5898115665186197,,-19.683520766392597,11.860294331949223,0.6133921773127912,,,,,,,,310.59999999999997,2.986538461538461,310.59999999999997,2.986538461538461,,,,,,,,,,,,,,,,,,,"Eric Stamets","13795",608715
"Billy Burns","KCR",124,498,460,120,93,18,7,2,58,30,26,1,75,6,2,4,,27,6,0.2608695652173913,0.05220883534136546,0.15060240963855423,0.3466666666666667,0.3076923076923077,0.34347826086956523,0.28530924774812155,0.6511705685618729,0.08260869565217394,7.485559786360164,0.3064935064935065,,2.663375905714929,45.18367019260564,-13.482965842240668,74.16842395942034,2.663375905714929,,-12.781844073326505,1.891505997831649,0.6115181910925847,,,,,,,,453.4,3.6564516129032256,453.4,3.6564516129032256,,,,,,,,,,,,,,,,,,,"Billy Burns","12701",542993
"Max Stassi","HOU",89,336,311,66,42,12,1,11,35,38,18,0,107,3,2,2,,1,0,0.21221864951768488,0.05357142857142857,0.31845238095238093,0.16822429906542055,0.26047904191616766,0.3633440514469453,0.2698342150556827,0.623823093363113,0.15112540192926044,3.3644412022973764,0.28205128205128205,,0.058638969203457236,26.19485173324121,-13.387456916775571,68.90869839988981,0.058638969203457236,,-12.48408983535135,7.075269504093829,0.6108739862526854,,,,,,,,267.4,3.0044943820224717,267.4,3.0044943820224717,,,,,,,,,,,,,,,,,,,"Max Stassi","10059",545358
"Ramón Laureano","HOU",108,463,414,88,56,18,4,10,53,46,38,1,145,8,3,0,,22,10,0.21256038647342995,0.08207343412526998,0.31317494600431967,0.2620689655172414,0.2894168466522678,0.34782608695652173,0.27985758324722193,0.6372429336087895,0.13526570048309178,6.776119532859856,0.29770992366412213,,0.07605738122947514,39.925305156103235,-14.618173727699654,75.79741814694586,0.07605738122947514,,-13.378101120404066,3.6545651349371,0.6095917466655002,,,,,,,,399.59999999999997,3.6999999999999997,399.59999999999997,3.6999999999999997,,,,,,,,,,,,,,,,,,,"Ramon Laureano","17128",657656
"Jay Bruce","NYM",143,583,529,129,75,28,4,22,72,89,47,7,133,2,5,0,,6,3,0.2438563327032136,0.08061749571183534,0.2281303602058319,0.3533834586466165,0.3053173241852487,0.43667296786389415,0.3130703383228845,0.7419902920491428,0.19281663516068054,4.695151597506731,0.28232189973614774,,-0.2917224958073348,66.2507384058131,-2.4292792815672164,98.20812535309447,-0.2917224958073348,,-1.578320677900121,-11.000536955643373,0.6095144739460344,,,,,,,,654.2,4.574825174825175,654.2,4.574825174825175,,,,,,,,,,,,,,,,,,,"Jay Bruce","9892",457803
"Ehire Adrianza","MIN",77,232,207,50,35,9,1,5,23,21,16,0,45,3,1,5,,4,3,0.24154589371980675,0.06896551724137931,0.1939655172413793,0.35555555555555557,0.3039647577092511,0.3671497584541063,0.29418331804779657,0.6711145161633574,0.12560386473429955,4.2003696381114075,0.2848101265822785,,-0.5503614679910243,22.748249135117984,-4.5823925517983675,79.57635083703828,-0.5503614679910243,,-6.239351562552148,4.320209205255727,0.6074618415986348,,,,,,,,208,2.7012987012987013,208,2.7012987012987013,,,,,,,,,,,,,,,,,,,"Ehire Adrianza","8418",501303
"Chris Iannetta","ARI",91,319,271,61,37,15,0,9,29,34,42,1,77,3,3,0,,1,0,0.22509225092250923,0.13166144200626959,0.2413793103448276,0.5454545454545454,0.3322884012539185,0.3800738007380074,0.31365957874921885,0.7123622019919259,0.15498154981549817,1.8545746909690097,0.2765957446808511,,0.01825010241009295,36.40550764203743,-1.1741246774725558,87.74970528925805,0.01825010241009295,,-4.794618154450127,0.5878734566196835,0.6071773925382808,,,,,,,,335.59999999999997,3.6879120879120877,335.59999999999997,3.6879120879120877,,,,,,,,,,,,,,,,,,,"Chris Iannetta","8267",455104
"Matt Adams","STL",112,360,333,86,52,20,1,13,37,53,22,2,82,2,3,0,,1,1,0.25825825825825827,0.06111111111111111,0.22777777777777777,0.2682926829268293,0.3055555555555556,0.44144144144144143,0.31713731328868333,0.746996996996997,0.18318318318318316,2.549151124926361,0.3029045643153527,,-0.3757747425697744,42.11767413227498,-0.29194227845729404,97.15159184131727,-0.3757747425697744,,-1.6386820488362115,-3.8898267317070525,0.6053365358903476,,,,,,,,405.5999999999999,3.6214285714285706,405.5999999999999,3.6214285714285706,,,,,,,,,,,,,,,,,,,"Matt Adams","9393",571431
"Andy Burns","TOR",125,522,486,117,77,27,2,11,50,52,29,0,114,2,3,2,,11,7,0.24074074074074073,0.05555555555555555,0.21839080459770116,0.2543859649122807,0.2846153846153846,0.3724279835390947,0.2845112837277926,0.6570433681544793,0.13168724279835395,4.227099461825459,0.29120879120879123,,-0.9104545535519719,47.017486206484065,-14.476457589077725,75.23042887862127,-0.9104545535519719,,-16.434426208729818,4.655969306905433,0.603837021195113,,,,,,,,456.5999999999999,3.652799999999999,456.5999999999999,3.652799999999999,,,,,,,,,,,,,,,,,,,"Andy Burns","12779",542992
"René Rivera","NYM",88,277,252,57,40,11,0,6,21,33,17,2,65,3,2,3,,0,0,0.2261904761904762,0.061371841155234655,0.23465703971119134,0.26153846153846155,0.28102189781021897,0.3412698412698413,0.2698927992845283,0.6222917390800602,0.11507936507936509,0.8965336134453779,0.2786885245901639,,-0.1301419041119516,21.608551079563426,-11.02329265869446,69.27936553640848,-0.1301419041119516,,-10.610514040414616,7.687308385749202,0.6018570820545163,,,,,,,,215.5,2.4488636363636362,215.5,2.4488636363636362,,,,,,,,,,,,,,,,,,,"Rene Rivera","3648",425784
"Chase Utley","LAD",114,457,414,97,63,21,3,10,56,46,30,2,88,9,3,1,,2,1,0.23429951690821257,0.06564551422319474,0.1925601750547046,0.3409090909090909,0.2982456140350877,0.3719806763285024,0.2909815278609944,0.67022629036359,0.13768115942028983,4.29522676736401,0.2727272727272727,,-0.2341142138466239,43.602738186901476,-10.23391375672254,81.75770012903341,-0.2341142138466239,,-10.501562981681854,1.7863193200413863,0.5948826919120694,,,,,,,,419.19999999999993,3.67719298245614,419.19999999999993,3.67719298245614,,,,,,,,,,,,,,,,,,,"Chase Utley","1679",400284
"Tomás Nido","NYM",93,374,356,80,51,18,2,9,41,43,13,0,81,2,3,0,,1,1,0.2247191011235955,0.034759358288770054,0.21657754010695188,0.16049382716049382,0.2540106951871658,0.36235955056179775,0.26430099979441435,0.6163702457489635,0.13764044943820225,3.6424051073635155,0.26394052044609667,,-0.35782413510605693,27.449758017672618,-16.609121253477017,65.53288465779997,-0.35782413510605693,,-16.233904683259855,10.136098316457257,0.5926441643794708,,,,,,,,284.29999999999995,3.0569892473118276,284.29999999999995,3.0569892473118276,,,,,,,,,,,,,,,,,,,"Tomas Nido","13755",621512
"Miguel Montero","CHC",102,375,325,74,53,11,0,10,34,46,43,6,83,4,3,0,,1,1,0.2276923076923077,0.11466666666666667,0.22133333333333333,0.5180722891566265,0.32266666666666666,0.35384615384615387,0.29486220638926436,0.6765128205128206,0.12615384615384617,1.5472624314392698,0.2723404255319149,,-0.42065126122906804,36.97987131258722,-7.196812448592223,80.36548557282718,-0.42065126122906804,,-9.488790648092813,3.2976197153592652,0.5863480438132116,,,,,,,,355.3999999999999,3.4843137254901952,355.3999999999999,3.4843137254901952,,,,,,,,,,,,,,,,,,,"Miguel Montero","3364",471083
"Adeiny Hechavarría","MIA",148,552,516,130,100,19,7,4,54,43,29,5,79,1,4,2,,5,3,0.25193798449612403,0.05253623188405797,0.1431159420289855,0.3670886075949367,0.2909090909090909,0.3391472868217054,0.27116150046707294,0.6300563777307964,0.08720930232558138,4.967499365054476,0.28832951945080093,,-0.5096731062512845,43.63896299790938,-21.38911549854676,69.27479945008723,-0.5096731062512845,,-21.39785102373573,9.541616047500934,0.5826029037742956,,,,,,,,435.70000000000005,2.943918918918919,435.70000000000005,2.943918918918919,,,,,,,,,,,,,,,,,,,"Adeiny Hechavarria","10459",588751
"Carson Kelly","STL",113,415,385,93,66,19,1,7,41,41,22,0,83,3,3,2,,0,1,0.24155844155844156,0.05301204819277108,0.2,0.26506024096385544,0.2857142857142857,0.35064935064935066,0.2774941329517318,0.6363636363636364,0.1090909090909091,2.2233081575133253,0.28859060402684567,,-0.6139197864104062,34.97683645601381,-13.912026906358115,70.59083669224611,-0.6139197864104062,,-15.645253599826283,8.133961628108498,0.5814232134005216,,,,,,,,334.5999999999999,2.961061946902654,334.5999999999999,2.961061946902654,,,,,,,,,,,,,,,,,,,"Carson Kelly","13620",608348
"Manny Piña","MIL",82,304,278,67,44,16,1,6,30,36,18,1,50,3,3,2,,2,1,0.24100719424460432,0.05921052631578947,0.16447368421052633,0.36,0.2913907284768212,0.37050359712230213,0.28599736916266405,0.6618943255991233,0.1294964028776978,3.497734760668977,0.27111111111111114,,-0.15333648025989532,27.754614001478284,-8.057950967584521,72.94007750157363,-0.15333648025989532,,-10.284676381979853,6.27906000568613,0.578966156955708,,,,,,,,269.7,3.2890243902439025,269.7,3.2890243902439025,,,,,,,,,,,,,,,,,,,"Manny Pina","2829",444489
"Kevan Smith","CHW",82,327,298,69,48,12,1,8,36,32,21,1,73,4,2,2,,0,1,0.23154362416107382,0.06422018348623854,0.22324159021406728,0.2876712328767123,0.28923076923076924,0.35906040268456374,0.28226299197585497,0.648291171915333,0.12751677852348992,2.689095816769733,0.2785388127853881,,-0.5712870936840773,28.84683147838055,-9.675236761367927,74.90073054473734,-0.5712870936840773,,-10.425516871533404,4.998845645569829,0.577869363473219,,,,,,,,276.29999999999995,3.369512195121951,276.29999999999995,3.369512195121951,,,,,,,,,,,,,,,,,,,"Kevan Smith","12284",607345
"Dioner Navarro","TOR",93,318,291,72,50,13,1,8,26,41,21,1,56,1,4,1,,1,1,0.24742268041237114,0.0660377358490566,0.1761006289308176,0.375,0.29652996845425866,0.38144329896907214,0.2920550945438916,0.6779732674233307,0.134020618556701,2.315895630913329,0.27705627705627706,,-0.36904326477088034,30.622341377749997,-6.839486451730177,80.41503324951348,-0.36904326477088034,,-7.846670469412625,2.719551596902244,0.5773246512710755,,,,,,,,295.8999999999999,3.181720430107526,295.8999999999999,3.181720430107526,,,,,,,,,,,,,,,,,,,"Dioner Navarro","3179",425900
"Kennys Vargas","MIN",136,546,483,115,69,21,1,24,68,70,56,3,153,3,4,0,,0,0,0.23809523809523808,0.10256410256410256,0.2802197802197802,0.3660130718954248,0.31868131868131866,0.43478260869565216,0.3229914383335008,0.7534639273769708,0.19668737060041408,1.8886054421768703,0.29354838709677417,,-0.2804782416205853,66.5159776164514,2.194726060174121,99.37519123633743,-0.2804782416205853,,-0.6900722605346754,-12.176934201040385,0.5756583808983045,,,,,,,,630.2,4.633823529411765,630.2,4.633823529411765,,,,,,,,,,,,,,,,,,,"Kennys Vargas","12101",573627
"Jurickson Profar","TEX",90,346,311,76,54,12,3,7,38,31,28,0,66,4,1,2,,4,3,0.24437299035369775,0.08092485549132948,0.1907514450867052,0.42424242424242425,0.313953488372093,0.36977491961414793,0.3005015361447667,0.6837284079862409,0.12540192926045018,4.511794998937884,0.28870292887029286,,-0.6221638978458941,35.7301553863748,-5.030198163940108,78.5643866473445,-0.6221638978458941,,-9.526998652266807,3.3860829725887833,0.5706481199542347,,,,,,,,327.5,3.638888888888889,327.5,3.638888888888889,,,,,,,,,,,,,,,,,,,"Jurickson Profar","10815",595777
"Nicky Delmonico","CHW",86,353,321,74,41,19,1,13,43,43,25,0,110,2,3,2,,2,1,0.23052959501557632,0.0708215297450425,0.311614730878187,0.22727272727272727,0.28774928774928776,0.4174454828660436,0.3022313477986219,0.7051947706153314,0.18691588785046728,3.7112434116990993,0.3034825870646766,,-0.16231178399175406,36.95688250016288,-4.628102480360708,88.62430174794308,-0.16231178399175406,,-4.983639141471526,-1.3965155776986506,0.5704322192523401,,,,,,,,358.4,4.167441860465116,358.4,4.167441860465116,,,,,,,,,,,,,,,,,,,"Nicky Delmonico","13157",547170
"Paulo Orlando","KCR",124,461,435,117,88,20,4,5,46,39,15,1,92,5,3,3,,13,4,0.2689655172413793,0.03253796095444685,0.19956616052060738,0.16304347826086957,0.29912663755458513,0.367816091954023,0.28833299210087215,0.6669427295086081,0.09885057471264369,5.763253361420306,0.3284457478005865,,0.7209841578733176,42.976880491243755,-11.330989412499509,76.24654052012144,0.7209841578733176,,-12.426469425439752,2.37685013490169,0.5693154710393525,,,,,,,,421.49999999999994,3.3991935483870965,421.49999999999994,3.3991935483870965,,,,,,,,,,,,,,,,,,,"Paulo Orlando","8628",449181
"Brian Anderson","MIA",121,495,452,104,71,20,2,11,54,49,34,0,120,6,2,1,,2,1,0.23008849557522124,0.06868686868686869,0.24242424242424243,0.2833333333333333,0.291497975708502,0.3561946902654867,0.28404393212997964,0.6476926659739888,0.1261061946902655,3.644680892661383,0.28792569659442724,,-0.2587962991092354,44.394655314527235,-13.918567250229628,77.90597157641058,-0.2587962991092354,,-13.728153218494938,3.5445031167338135,0.5682891369792311,,,,,,,,424.2,3.505785123966942,424.2,3.505785123966942,,,,,,,,,,,,,,,,,,,"Brian Anderson","18289",605119
"Darwin Barney","TOR",110,356,328,82,62,14,1,5,37,29,20,2,53,3,2,3,,3,2,0.25,0.056179775280898875,0.14887640449438203,0.37735849056603776,0.29745042492917845,0.3445121951219512,0.27945640148260653,0.6419626200511297,0.09451219512195119,3.42982774389867,0.28308823529411764,,-0.40570079651661217,30.580656696425198,-11.357741754187824,71.75638038753125,-0.40570079651661217,,-12.477839116857009,5.962514039139969,0.5670017594783652,,,,,,,,293.59999999999997,2.669090909090909,293.59999999999997,2.669090909090909,,,,,,,,,,,,,,,,,,,"Darwin Barney","2430",446381
"Juan Centeno","HOU",74,262,242,61,46,10,2,3,23,25,13,0,46,2,2,3,,2,1,0.25206611570247933,0.04961832061068702,0.17557251908396945,0.2826086956521739,0.29343629343629346,0.34710743801652894,0.2796586639172322,0.6405437314528224,0.0950413223140496,3.923424552277016,0.29743589743589743,,-0.14660500246100128,22.549716473171124,-8.315059914639582,75.66070766296623,-0.14660500246100128,,-7.802978115309392,4.44820510007787,0.5645742653195145,,,,,,,,214.2,2.8945945945945946,214.2,2.8945945945945946,,,,,,,,,,,,,,,,,,,"Juan Centeno","7168",518542
"Moisés Sierra","MIA",89,300,275,72,51,13,2,6,34,26,18,1,66,4,2,1,,6,3,0.26181818181818184,0.06,0.22,0.2727272727272727,0.31438127090301005,0.3890909090909091,0.3046928392160659,0.7034721799939192,0.12727272727272726,4.998181759252288,0.32195121951219513,,-0.19075032882392406,32.017453441996274,-3.323893566947282,91.74064781953341,-0.19075032882392406,,-3.2423952104112512,-0.7950281882412225,0.5627053325875486,,,,,,,,302.7,3.401123595505618,302.7,3.401123595505618,,,,,,,,,,,,,,,,,,,"Moises Sierra","6050",501213
"Chris Coghlan","PHI",119,389,342,79,47,19,4,9,47,38,42,3,83,3,1,1,,6,2,0.2309941520467836,0.10796915167095116,0.2133676092544987,0.5060240963855421,0.31958762886597936,0.3888888888888889,0.30751183187806763,0.7084765177548682,0.15789473684210528,5.7345791992776185,0.2788844621513944,,0.18083625682629645,42.42082638109655,-3.405120240500258,89.2485818768029,0.18083625682629645,,-4.970051748421104,-1.926388805715705,0.559750206219725,,,,,,,,403.69999999999993,3.3924369747899155,403.69999999999993,3.3924369747899155,,,,,,,,,,,,,,,,,,,"Chris Coghlan","6878",458085
"Boog Powell","SEA",92,406,365,89,71,11,3,4,41,28,33,0,78,2,3,3,,11,10,0.24383561643835616,0.0812807881773399,0.1921182266009852,0.4230769230769231,0.3076923076923077,0.3232876712328767,0.28047442879925294,0.6309799789251844,0.07945205479452055,4.971005458352046,0.2972027972027972,,-2.135161781217903,35.216747536052395,-12.611875416051218,77.09242010050299,-2.135161781217903,,-13.30171383432261,4.977339501243559,0.5552125529171609,,,,,,,,317.9,3.4554347826086955,317.9,3.4554347826086955,,,,,,,,,,,,,,,,,,,"Boog Powell","15103",621471
"Austin Jackson","CLE",109,443,406,106,72,24,4,6,51,43,30,0,103,2,3,2,,10,5,0.26108374384236455,0.06772009029345373,0.2325056433408578,0.2912621359223301,0.3129251700680272,0.3842364532019704,0.3029088728011601,0.6971616232699976,0.12315270935960587,5.686304002785919,0.3333333333333333,,-0.2820159997791052,46.626983900031014,-5.560405183175641,83.67463778113171,-0.2820159997791052,,-8.965227977896172,-0.6308209262547393,0.5533426733319166,,,,,,,,437.4,4.012844036697247,437.4,4.012844036697247,,,,,,,,,,,,,,,,,,,"Austin Jackson","9848",457706
"Yolmer Sánchez","CHW",132,514,476,112,78,22,3,9,53,47,24,0,115,4,3,7,,9,5,0.23529411764705882,0.04669260700389105,0.2237354085603113,0.20869565217391303,0.27613412228796846,0.35084033613445376,0.2724707947209977,0.6269744584224222,0.11554621848739494,5.006476804465018,0.29014084507042254,,-0.4865036546252668,41.19014605296916,-19.361361822354134,68.1708867130458,-0.4865036546252668,,-20.129218414200928,8.12271483627086,0.5528006252403919,,,,,,,,403.79999999999995,3.0590909090909086,403.79999999999995,3.0590909090909086,,,,,,,,,,,,,,,,,,,"Yolmer Sanchez","11602",570560
"Spencer Kieboom","WSN",78,306,278,66,48,13,1,4,29,23,24,0,65,2,2,0,,1,1,0.23741007194244604,0.0784313725490196,0.21241830065359477,0.36923076923076925,0.3006535947712418,0.3345323741007194,0.2809046518568899,0.6351859688719612,0.09712230215827336,2.808193712957606,0.2938388625592417,,-0.3757747425697744,26.65130279219247,-9.396871156929958,69.03399103769179,-0.3757747425697744,,-12.045843520606834,7.70089315106629,0.5507674587911747,,,,,,,,249.69999999999993,3.2012820512820506,249.69999999999993,3.2012820512820506,,,,,,,,,,,,,,,,,,,"Spencer Kieboom","13300",571851
"Chris Owings","ARI",135,523,490,129,87,27,8,7,57,50,24,3,109,3,2,4,,18,3,0.26326530612244897,0.045889101338432124,0.2084130019120459,0.22018348623853212,0.30057803468208094,0.39387755102040817,0.2970596069051314,0.6944555857024891,0.1306122448979592,7.122107005418086,0.324468085106383,,2.12174049555324,52.52290225221816,-9.08884603337344,76.62779771562903,2.12174049555324,,-12.932819932866433,1.6007512982349965,0.5418997873555208,,,,,,,,528.9000000000001,3.9177777777777782,528.9000000000001,3.9177777777777782,,,,,,,,,,,,,,,,,,,"Chris Owings","10030",572008
"Tim Federowicz","SFG",71,261,241,59,41,13,0,5,26,29,15,1,67,2,2,1,,1,0,0.24481327800829875,0.05747126436781609,0.2567049808429119,0.22388059701492538,0.2923076923076923,0.36099585062240663,0.28319326123675786,0.653303542930099,0.11618257261410789,2.6036226696811946,0.3157894736842105,,0.07210192480124533,23.224884531834117,-7.522087365946777,75.31707791834546,0.07210192480124533,,-7.862110678431622,4.859783545333556,0.5417335083098822,,,,,,,,226.99999999999997,3.197183098591549,226.99999999999997,3.197183098591549,,,,,,,,,,,,,,,,,,,"Tim Federowicz","8609",543148
"Adam Rosales","OAK",90,249,224,51,33,10,1,7,30,25,21,1,71,2,2,0,,3,2,0.22767857142857142,0.08433734939759036,0.285140562248996,0.29577464788732394,0.2971887550200803,0.375,0.291676536442772,0.6721887550200802,0.14732142857142858,4.358299055365539,0.2972972972972973,,-0.34287367039360106,23.900090606536747,-5.433227410886406,82.29189209747378,-0.34287367039360106,,-5.636890991238847,2.4922929537569614,0.5410318263027637,,,,,,,,231.19999999999996,2.5688888888888886,231.19999999999996,2.5688888888888886,,,,,,,,,,,,,,,,,,,"Adam Rosales","9682",489267
"Wilmer Difo","WSN",87,331,311,78,56,14,3,5,37,34,15,1,66,3,2,0,,15,3,0.2508038585209003,0.045317220543806644,0.19939577039274925,0.22727272727272727,0.29003021148036257,0.3633440514469453,0.28240751750541454,0.6533742629273078,0.112540192926045,6.755151968614454,0.30165289256198347,,1.6070058720652014,29.239171928529643,-9.754114271338082,70.04090436233254,1.6070058720652014,,-10.606024780274353,5.358489086808771,0.53976274993466,,,,,,,,304.59999999999997,3.501149425287356,304.59999999999997,3.501149425287356,,,,,,,,,,,,,,,,,,,"Wilmer Difo","14320",594694
"Rowdy Tellez","TOR",123,514,465,116,70,24,1,21,59,69,40,3,131,4,5,0,,4,3,0.24946236559139784,0.07782101167315175,0.25486381322957197,0.3053435114503817,0.311284046692607,0.44086021505376344,0.3201872879045117,0.7521442617463705,0.1913978494623656,3.062767894050227,0.29874213836477986,,-0.6782595461700112,61.42827328340332,0.8767654080800299,99.74933208280247,-0.6782595461700112,,-0.8329543487709428,-11.344624672687313,0.5353052352873732,,,,,,,,588.5,4.784552845528455,588.5,4.784552845528455,,,,,,,,,,,,,,,,,,,"Rowdy Tellez","15679",642133
"Greg Bird","NYY",94,397,354,83,44,20,1,18,50,57,35,1,113,4,4,0,,1,1,0.2344632768361582,0.08816120906801007,0.28463476070528965,0.30973451327433627,0.30730478589420657,0.4491525423728814,0.32245380198112644,0.7564573282670879,0.21468926553672318,2.9438206716933957,0.28634361233480177,,-0.39372535003349185,48.188057820349194,1.4196752785138824,99.8517613529346,-0.39372535003349185,,-0.4643840756833515,-7.769353807357954,0.5333026165644322,,,,,,,,459.7999999999999,4.891489361702127,459.7999999999999,4.891489361702127,,,,,,,,,,,,,,,,,,,"Greg Bird","14131",595885
"Mallex Smith","TBR",110,438,394,91,68,14,5,4,53,37,34,0,107,3,2,5,,35,13,0.23096446700507614,0.0776255707762557,0.24429223744292236,0.31775700934579443,0.2956120092378753,0.3223350253807107,0.2740689813402453,0.617947034618586,0.09137055837563454,7.85719539826378,0.30526315789473685,,1.4378872367087752,35.677391686417984,-15.920974946639612,70.486702959271,1.4378872367087752,,-14.082612133410871,4.451007465416371,0.5323847864363754,,,,,,,,363.4,3.3036363636363633,363.4,3.3036363636363633,,,,,,,,,,,,,,,,,,,"Mallex Smith","13608",605480
"Stephen Drew","WSN",94,295,262,59,32,15,2,10,30,34,27,1,60,2,3,1,,1,1,0.22519083969465647,0.09152542372881356,0.2033898305084746,0.45,0.29931972789115646,0.4122137404580153,0.3052034182760089,0.7115334683491717,0.1870229007633588,3.20140958930238,0.2512820512820513,,-0.34436117950826883,31.608115643959433,-3.144208914835066,85.31405685978525,-0.34436117950826883,,-5.680051461096912,1.4998112310212477,0.5318398535884203,,,,,,,,303.3999999999999,3.2276595744680843,303.3999999999999,3.2276595744680843,,,,,,,,,,,,,,,,,,,"Stephen Drew","4251",452220
"David Ross","CHC",62,176,148,29,16,7,0,6,14,20,22,6,55,0,3,3,,0,1,0.19594594594594594,0.125,0.3125,0.4,0.2947976878612717,0.36486486486486486,0.2747769362912207,0.6596625527261366,0.16891891891891891,1.065473329435263,0.25555555555555554,,-0.48153405636548996,14.43893597758047,-6.294654267666416,66.90844361396498,-0.48153405636548996,,-7.65446443372734,7.245962026608404,0.5305761855997757,,,,,,,,154.29999999999995,2.488709677419354,154.29999999999995,2.488709677419354,,,,,,,,,,,,,,,,,,,"David Ross","1551",424325
"Miguel Gonzalez","DET",62,223,205,48,34,11,0,3,20,20,11,0,45,2,2,3,,1,1,0.23414634146341465,0.04932735426008968,0.20179372197309417,0.24444444444444444,0.2772727272727273,0.33170731707317075,0.26642037657174195,0.608980044345898,0.0975609756097561,2.3233250866425976,0.2830188679245283,,-0.31519144237972796,16.75709013194097,-9.513311144707073,62.29903692636055,-0.31519144237972796,,-10.409374087161664,8.032834872857464,0.5295061267503859,,,,,,,,161.99999999999997,2.612903225806451,161.99999999999997,2.612903225806451,,,,,,,,,,,,,,,,,,,"Miguel Gonzalez","4049",544838
"Eduardo Escobar","MIN",121,426,394,100,66,23,3,8,43,45,25,1,84,2,2,3,,2,3,0.25380710659898476,0.05868544600938967,0.19718309859154928,0.2976190476190476,0.30023640661938533,0.3883248730964467,0.29712484741662915,0.688561279715832,0.13451776649746194,3.4030275301139143,0.3026315789473684,,-1.0356268594041467,42.80449416857973,-7.380218584120126,81.597963838018,-1.0356268594041467,,-10.447787483252437,1.19444731051329,0.5294967157580263,,,,,,,,401.40000000000003,3.3173553719008266,401.40000000000003,3.3173553719008266,,,,,,,,,,,,,,,,,,,"Eduardo Escobar","6153",500871
"Stefen Romero","SEA",119,475,446,114,72,23,3,16,59,63,21,1,94,4,4,0,,3,3,0.2556053811659193,0.04421052631578947,0.19789473684210526,0.22340425531914893,0.2926315789473684,0.4282511210762332,0.3068667748306371,0.7208827000236016,0.1726457399103139,4.119066981227281,0.28823529411764703,,-0.8446021601557732,51.54637853554451,-4.41075422861612,95.2309810915079,-0.8446021601557732,,-3.564399252319695,-7.366220738311713,0.5277188474028892,,,,,,,,498.90000000000003,4.192436974789916,498.90000000000003,4.192436974789916,,,,,,,,,,,,,,,,,,,"Stefen Romero","11746",552662
"Roberto Pérez","CLE",74,244,205,42,26,10,1,5,25,24,30,0,67,1,2,6,,0,0,0.2048780487804878,0.12295081967213115,0.27459016393442626,0.44776119402985076,0.3067226890756303,0.33658536585365856,0.2871525017153315,0.6433080549292889,0.13170731707317077,2.3835287846481874,0.2740740740740741,,-0.1278980781789869,22.50930321516477,-6.234992352109323,72.84582030513491,-0.1278980781789869,,-8.082901396350856,4.964687264697962,0.5264083299669314,,,,,,,,204.89999999999998,2.7689189189189185,204.89999999999998,2.7689189189189185,,,,,,,,,,,,,,,,,,,"Roberto Perez","2900",547379
"Tuffy Gosewisch","SEA",63,224,209,47,32,9,1,5,19,22,11,0,44,2,1,1,,1,0,0.22488038277511962,0.049107142857142856,0.19642857142857142,0.25,0.26905829596412556,0.3492822966507177,0.2689250293333969,0.6183405926148433,0.12440191387559807,3.504160483207647,0.2608695652173913,,0.09902783599682152,17.29518418208486,-9.093021584592995,69.15491100707882,0.09902783599682152,,-8.196573962142926,5.691766330734692,0.5198528277536194,,,,,,,,173.9,2.7603174603174603,173.9,2.7603174603174603,,,,,,,,,,,,,,,,,,,"Tuffy Gosewisch","5277",488912
"Curt Casali","TBR",90,311,273,57,37,11,0,9,34,30,31,0,90,4,1,2,,0,0,0.2087912087912088,0.09967845659163987,0.28938906752411575,0.34444444444444444,0.2977346278317152,0.34798534798534797,0.2867005075837416,0.6457199758170632,0.13919413919413917,1.4957052441229655,0.2742857142857143,,-0.16155546717345715,28.574143451447238,-8.06305294782425,79.16792094969458,-0.16155546717345715,,-7.940252469112526,2.4185109602430863,0.5127173548700874,,,,,,,,267.7,2.9744444444444444,267.7,2.9744444444444444,,,,,,,,,,,,,,,,,,,"Curt Casali","12510",592200
"Ronald Torreyes","NYY",111,379,350,93,71,15,4,3,40,29,17,0,35,4,2,6,,5,4,0.26571428571428574,0.044854881266490766,0.09234828496042216,0.4857142857142857,0.30563002680965146,0.35714285714285715,0.28939884309794245,0.6627728839525087,0.09142857142857141,4.746969620217506,0.28662420382165604,,-0.8453584769740701,35.665732823876326,-8.982168897422367,77.1342133545558,-0.8453584769740701,,-11.250289559731597,3.341973159819193,0.504224401806388,,,,,,,,326.59999999999997,2.942342342342342,326.59999999999997,2.942342342342342,,,,,,,,,,,,,,,,,,,"Ronald Torreyes","11400",591720
"Jason Coats","CHW",126,506,468,116,75,25,2,14,59,56,26,0,112,6,3,3,,5,3,0.24786324786324787,0.05138339920948617,0.22134387351778656,0.23214285714285715,0.294234592445328,0.3995726495726496,0.29932603791030216,0.6938072420179776,0.15170940170940173,4.285388671569869,0.2956521739130435,,-0.4692842394579202,51.76196310337303,-7.8471088517117735,86.6275811629526,-0.4692842394579202,,-8.593366994348862,-3.625091411659537,0.5034098959605415,,,,,,,,494.19999999999993,3.9222222222222216,494.19999999999993,3.9222222222222216,,,,,,,,,,,,,,,,,,,"Jason Coats","14282",605183
"Matt Holliday","NYY",86,329,291,71,41,15,1,14,35,52,30,2,66,6,2,0,,1,0,0.24398625429553264,0.0911854103343465,0.2006079027355623,0.45454545454545453,0.3252279635258359,0.44673539518900346,0.33053625778320733,0.7719633587148393,0.20274914089347082,2.790850544698816,0.2676056338028169,,0.031713058007881045,42.12839257531286,3.370715355504754,105.40655808638198,0.031713058007881045,,2.167365724923539,-8.4619341563786,0.4960407116019586,,,,,,,,397.29999999999995,4.619767441860464,397.29999999999995,4.619767441860464,,,,,,,,,,,,,,,,,,,"Matt Holliday","1873",407812
"Aaron Altherr","PHI",110,462,414,94,56,22,3,13,55,57,35,2,134,8,3,2,,11,4,0.22705314009661837,0.07575757575757576,0.29004329004329005,0.26119402985074625,0.29782608695652174,0.3888888888888889,0.29688838774980936,0.6867149758454106,0.16183574879227053,5.851782191962794,0.3,,0.34342241124249995,46.33163117750948,-8.094043216263604,82.13092138810853,0.34342241124249995,,-9.824000515337762,-0.04943263089215311,0.4926980243761071,,,,,,,,454.2,4.129090909090909,454.2,4.129090909090909,,,,,,,,,,,,,,,,,,,"Aaron Altherr","11270",571437
"Ryan Brett","TBR",99,420,394,96,67,18,3,8,46,35,17,0,91,5,3,1,,12,6,0.2436548223350254,0.04047619047619048,0.21666666666666667,0.18681318681318682,0.28162291169451076,0.36548223350253806,0.2801515162702392,0.6471051451970489,0.12182741116751267,5.618757560157368,0.2953020134228188,,-0.2580902313347906,36.31920711649922,-13.158678696021761,74.66702215773923,-0.2580902313347906,,-13.032751251241516,3.585369910722897,0.4888666453928875,,,,,,,,360.0999999999999,3.6373737373737365,360.0999999999999,3.6373737373737365,,,,,,,,,,,,,,,,,,,"Ryan Brett","12138",592166
"Nick Markakis","ATL",146,641,570,155,115,30,1,9,69,60,62,7,84,4,5,0,,1,2,0.2719298245614035,0.0967238689547582,0.1310452418096724,0.7380952380952381,0.34477379095163807,0.37543859649122807,0.3136469533766858,0.7202123874428661,0.10350877192982455,1.8993664050960604,0.3029045643153527,,-1.0098889623768628,73.14670891386037,-2.365969195249044,93.16177988724117,-1.0098889623768628,,-6.408323749652617,-9.230416707471143,0.4852053019885916,,,,,,,,669.5999999999999,4.586301369863013,669.5999999999999,4.586301369863013,,,,,,,,,,,,,,,,,,,"Nick Markakis","5930",455976
"Steven Moya","DET",134,545,520,125,70,24,3,28,62,76,20,1,175,2,3,0,,5,2,0.2403846153846154,0.03669724770642202,0.3211009174311927,0.11428571428571428,0.26972477064220185,0.4596153846153846,0.3069570554310785,0.7293401552575864,0.2192307692307692,4.328716681992608,0.303125,,-0.023651398019865155,59.18328728708161,-5.020159779165852,90.15851637500481,-0.023651398019865155,,-6.463429865709487,-7.2808955399027155,0.48247317395781886,,,,,,,,599.8,4.476119402985074,599.8,4.476119402985074,,,,,,,,,,,,,,,,,,,"Steven Moya","11854",570615
"Carlos Ruiz","SEA",64,239,212,49,38,9,0,2,20,17,22,1,38,4,0,1,,2,1,0.23113207547169812,0.09205020920502092,0.1589958158995816,0.5789473684210527,0.31512605042016806,0.3018867924528302,0.27837738382162425,0.6170128428729982,0.07075471698113206,2.5638922798174457,0.27325581395348836,,-0.15109265432693064,20.317475510458504,-7.837797606666528,75.65119247404012,-0.15109265432693064,,-7.138071828125931,3.7581795526910433,0.4823255624191,,,,,,,,186.29999999999995,2.9109374999999993,186.29999999999995,2.9109374999999993,,,,,,,,,,,,,,,,,,,"Carlos Ruiz","2579",434563
"Chad Huffman","STL",75,287,255,63,36,16,2,9,34,25,25,0,61,5,2,0,,3,2,0.24705882352941178,0.08710801393728224,0.21254355400696864,0.4098360655737705,0.3240418118466899,0.43137254901960786,0.3262640912773717,0.7554143608662978,0.1843137254901961,4.531563932975233,0.2887700534759358,,-0.36755575565621257,35.73856029943903,1.9286716608830234,103.26649264889775,-0.36755575565621257,,0.787041008056744,-5.264063745258,0.47547274176024024,,,,,,,,330.29999999999995,4.403999999999999,330.29999999999995,4.403999999999999,,,,,,,,,,,,,,,,,,,"Chad Huffman","5311",502151
"Andrew Aplin","HOU",116,472,416,92,71,13,3,5,49,35,47,1,102,1,3,5,,18,7,0.22115384615384615,0.09957627118644068,0.21610169491525424,0.46078431372549017,0.29978586723768735,0.30288461538461536,0.26992926999223077,0.6026704826223027,0.08173076923076922,5.65809757669268,0.27884615384615385,,0.46710720798000693,36.83455143065493,-18.76916786341626,68.97402642196191,0.46710720798000693,,-17.115418783507085,5.772944019514978,0.4752066318317192,,,,,,,,359.59999999999985,3.0999999999999988,359.59999999999985,3.0999999999999988,,,,,,,,,,,,,,,,,,,"Andrew Aplin","sa502787",545331
"Rio Ruiz","ATL",137,534,479,114,76,22,4,12,59,56,49,2,139,2,3,1,,2,4,0.23799582463465555,0.09176029962546817,0.2602996254681648,0.35251798561151076,0.30956848030018763,0.3757828810020877,0.29838332898648223,0.6853513613022753,0.13778705636743213,3.602825034846547,0.3081570996978852,,-1.5194047417026013,54.21087000099602,-8.696727674923514,82.93521918576029,-1.5194047417026013,,-12.742398604055543,0.3832310978487474,0.4726333955228331,,,,,,,,504.40000000000003,3.6817518248175185,504.40000000000003,3.6817518248175185,,,,,,,,,,,,,,,,,,,"Rio Ruiz","14103",547004
"David Adams","TOR",91,342,311,73,50,15,2,6,34,34,26,0,73,3,1,1,,2,1,0.2347266881028939,0.07602339181286549,0.2134502923976608,0.3561643835616438,0.2991202346041056,0.3536977491961415,0.2870928153963732,0.652817983800247,0.1189710610932476,3.870082465864066,0.2875536480686695,,-0.18699386925436556,31.53308121732434,-8.756054372871315,77.0046277150975,-0.18699386925436556,,-9.629350561294725,2.640013719992663,0.47002518432988916,,,,,,,,297.09999999999997,3.2648351648351643,297.09999999999997,3.2648351648351643,,,,,,,,,,,,,,,,,,,"David Adams","7389",458691
"Jason Krizan","DET",124,512,466,118,85,23,3,7,50,45,39,1,61,1,4,2,,5,4,0.2532188841201717,0.076171875,0.119140625,0.639344262295082,0.30980392156862746,0.3605150214592275,0.29275091305697126,0.6703189430278549,0.1072961373390558,3.6533259061530625,0.27611940298507465,,-0.9171609068289399,49.597866642919534,-10.718032252344136,80.39511832038598,-0.9171609068289399,,-12.968853284905498,0.1582911094450239,0.4636432012914816,,,,,,,,462.7,3.731451612903226,462.7,3.731451612903226,,,,,,,,,,,,,,,,,,,"Jason Krizan","12394",607249
"Geovany Soto","CHW",46,145,132,30,17,7,0,6,16,17,11,0,44,0,0,2,,0,0,0.22727272727272727,0.07586206896551724,0.30344827586206896,0.25,0.2867132867132867,0.4166666666666667,0.30288910782420553,0.7033799533799534,0.18939393939393942,1.3035714285714282,0.2926829268292683,,-0.06282712612301111,15.25928902573987,-1.8223620285828508,89.07635782235597,-0.06282712612301111,,-1.9645591467236079,1.550414246926933,0.4599759573436836,,,,,,,,145.7,3.167391304347826,145.7,3.167391304347826,,,,,,,,,,,,,,,,,,,"Geovany Soto","3707",434567
"Dalton Pompey","TOR",122,497,449,104,75,16,4,9,53,40,41,0,124,3,2,2,,22,6,0.23162583518930957,0.08249496981891348,0.24949698189134809,0.33064516129032256,0.298989898989899,0.34521158129175944,0.28412916539895416,0.6442014802816585,0.11358574610244987,6.273934869961903,0.29874213836477986,,1.6745950204785913,44.608982249703345,-13.939849295113147,74.96781195911078,1.6745950204785913,,-13.262600042549805,0.91514168747168,0.45903838142328063,,,,,,,,444.2,3.640983606557377,444.2,3.640983606557377,,,,,,,,,,,,,,,,,,,"Dalton Pompey","12797",592647
"Jason Rogers","PIT",128,445,400,99,68,18,3,10,49,47,40,1,91,2,3,0,,2,0,0.2475,0.0898876404494382,0.20449438202247192,0.43956043956043955,0.31685393258426964,0.3825,0.30477971657439396,0.6993539325842697,0.135,3.9379723315362942,0.2947019867549669,,0.15542297926731408,47.524457012780445,-4.898541050485833,88.77627421511507,0.15542297926731408,,-5.995833174546747,-3.710852478617153,0.45446675490437227,,,,,,,,447.49999999999994,3.4960937499999996,447.49999999999994,3.4960937499999996,,,,,,,,,,,,,,,,,,,"Jason Rogers","11773",595386
"J.D. Davis","HOU",115,502,460,102,61,23,1,17,56,60,34,0,173,5,3,0,,3,2,0.2217391304347826,0.06772908366533864,0.34462151394422313,0.19653179190751446,0.28087649402390436,0.3869565217391304,0.2889594322894199,0.6678330157630348,0.16521739130434782,3.280272533152843,0.31135531135531136,,-0.4438458373770118,47.058610148845155,-12.079243846120402,82.05280915259982,-0.4438458373770118,,-11.261025658691391,-1.3044168258119793,0.4540674780149456,,,,,,,,460.4999999999999,4.004347826086955,460.4999999999999,4.004347826086955,,,,,,,,,,,,,,,,,,,"J.D. Davis","16219",605204
"Eliezer Álvarez","STL",101,433,393,102,68,25,4,5,46,43,31,2,91,5,3,1,,19,13,0.2595419847328244,0.07159353348729793,0.21016166281755197,0.34065934065934067,0.3194444444444444,0.3816793893129771,0.30411249385323635,0.7011238337574215,0.12213740458015271,6.013582959915883,0.3233333333333333,,-1.7553813331760466,46.004503475882174,-5.004840707026362,88.4250205383759,-1.7553813331760466,,-7.9280771986506275,-1.4454442103563654,0.4495144598401716,,,,,,,,428.2,4.23960396039604,428.2,4.23960396039604,,,,,,,,,,,,,,,,,,,"Eliezer Alvarez","sa657261",608421
"Gio Urshela","CLE",122,490,466,119,84,23,3,9,50,50,18,0,77,2,3,1,,0,1,0.2553648068669528,0.036734693877551024,0.15714285714285714,0.23376623376623376,0.2842535787321063,0.37553648068669526,0.2843966196407326,0.6597900594188015,0.12017167381974247,2.730577247491669,0.28720626631853785,,-0.6430895235389471,44.08882619944088,-13.635373915166928,70.95179636976033,-0.6430895235389471,,-17.732583821372465,5.52514153743477,0.44910703663039175,,,,,,,,426,3.4918032786885247,426,3.4918032786885247,,,,,,,,,,,,,,,,,,,"Gio Urshela","10681",570482
"Ryan Lavarnway","OAK",74,286,258,60,43,12,0,5,27,23,24,0,59,3,1,0,,0,0,0.23255813953488372,0.08391608391608392,0.2062937062937063,0.4067796610169492,0.3041958041958042,0.3372093023255814,0.28492647805414,0.6414051065213856,0.10465116279069767,1.2583634719710666,0.28205128205128205,,-0.15706781530752778,25.85852263687946,-7.833561511646731,77.65280674941673,-0.15706781530752778,,-7.830733400240315,2.519152154227273,0.4476013263408427,,,,,,,,240.8,3.254054054054054,240.8,3.254054054054054,,,,,,,,,,,,,,,,,,,"Ryan Lavarnway","8879",543432
"Sam Fuld","OAK",87,241,214,47,32,9,3,3,25,21,22,1,40,1,1,3,,8,2,0.21962616822429906,0.0912863070539419,0.16597510373443983,0.55,0.29411764705882354,0.3317757009345794,0.27537734925998414,0.625893347993403,0.11214953271028036,6.587660262445584,0.2558139534883721,,0.6593701704405248,19.890897962782915,-8.499984134401743,71.0900155963381,0.6593701704405248,,-7.705876487254713,3.903588520506422,0.4460570596520065,,,,,,,,199.19999999999996,2.289655172413793,199.19999999999996,2.289655172413793,,,,,,,,,,,,,,,,,,,"Sam Fuld","8254",453539
"Marcus Littlewood","SEA",71,286,258,54,37,13,0,4,28,24,25,0,81,0,2,1,,2,1,0.20930232558139536,0.08741258741258741,0.28321678321678323,0.30864197530864196,0.2771929824561403,0.3062015503875969,0.25955576562044913,0.5833945328437372,0.09689922480620153,2.867079823557881,0.2857142857142857,,-0.14884882839396596,19.871134946933537,-13.820949201592656,62.7157350014284,-0.14884882839396596,,-12.951663838354351,7.619042147894875,0.4454495810477521,,,,,,,,195.69999999999996,2.7563380281690137,195.69999999999996,2.7563380281690137,,,,,,,,,,,,,,,,,,,"Marcus Littlewood","sa548261",547171
"Alex Dickerson","SDP",122,457,417,107,65,25,4,13,60,59,30,4,91,6,4,0,,4,1,0.2565947242206235,0.06564551422319474,0.19912472647702406,0.32967032967032966,0.31291028446389496,0.4292565947242206,0.3154528776541451,0.7421668791881155,0.1726618705035971,5.104913135650911,0.29652996845425866,,0.17261726991273463,52.830849172949456,-1.0058027706745667,96.82537978766838,0.17261726991273463,,-1.6141777404755009,-8.62349794697299,0.4391879795725604,,,,,,,,512.5,4.200819672131147,512.5,4.200819672131147,,,,,,,,,,,,,,,,,,,"Alex Dickerson","12649",543105
"Sean Rodríguez","ATL",123,278,249,60,35,13,2,10,35,35,19,1,82,5,2,3,,2,1,0.24096385542168675,0.0683453237410072,0.2949640287769784,0.23170731707317074,0.3054545454545455,0.42971887550200805,0.3146487450512656,0.7351734209565535,0.1887550200803213,4.696182429698242,0.31446540880503143,,-0.13987352466210723,31.953339416929943,-0.7963088113577541,93.83297586982208,-0.13987352466210723,,-2.251354620861399,-2.326096130216353,0.4359342319725941,,,,,,,,303.1,2.464227642276423,303.1,2.464227642276423,,,,,,,,,,,,,,,,,,,"Sean Rodriguez","6589",446481
"Kurt Suzuki","ATL",111,402,366,94,67,21,1,5,32,44,24,2,47,6,4,2,,0,0,0.2568306010928962,0.05970149253731343,0.11691542288557213,0.5106382978723404,0.31,0.36065573770491804,0.2917105020889685,0.670655737704918,0.10382513661202186,1.5112199747155497,0.279874213836478,,-0.21316346363164485,38.59695535375112,-8.760449638233252,78.46445473471051,-0.21316346363164485,,-10.875408995772444,2.3142017123980914,0.4317753762709742,,,,,,,,364,3.279279279279279,364,3.279279279279279,,,,,,,,,,,,,,,,,,,"Kurt Suzuki","8259",435559
"Tim Beckham","TBR",77,264,242,57,36,11,4,6,29,25,16,0,78,2,2,2,,3,3,0.23553719008264462,0.06060606060606061,0.29545454545454547,0.20512820512820512,0.2862595419847328,0.3884297520661157,0.29062458531547136,0.6746892940508484,0.15289256198347106,5.612530978765286,0.31875,,-0.7503614709712565,25.110695438171945,-5.989689929698386,81.86480599302438,-0.7503614709712565,,-6.498668861397334,1.7723329212299728,0.4312371795905646,,,,,,,,239.6,3.1116883116883116,239.6,3.1116883116883116,,,,,,,,,,,,,,,,,,,"Tim Beckham","7949",542921
"Christian Villanueva","SDP",105,427,392,93,58,22,2,11,45,47,24,4,99,4,4,3,,2,3,0.2372448979591837,0.05620608899297424,0.23185011709601874,0.24242424242424243,0.28537735849056606,0.3877551020408163,0.2863605978943053,0.6731324605313824,0.15051020408163263,3.332915785239366,0.2867132867132867,,-1.0131886000744998,39.11225827296771,-11.190258969761958,77.3336812694964,-1.0131886000744998,,-12.933171172369798,3.5520500057518722,0.4292252361291195,,,,,,,,386.8,3.683809523809524,386.8,3.683809523809524,,,,,,,,,,,,,,,,,,,"Christian Villanueva","11738",570799
"Ryan LaMarre","LAA",85,312,285,64,44,11,1,8,30,27,18,0,93,5,2,2,,9,4,0.22456140350877193,0.057692307692307696,0.2980769230769231,0.1935483870967742,0.2806451612903226,0.3543859649122807,0.2775388979142712,0.6350311262026033,0.12982456140350876,4.791561709362265,0.3010752688172043,,0.010737183270975947,26.30736324197576,-10.447637647325541,73.47086565131434,0.010737183270975947,,-9.927091923710327,3.4954745790525297,0.4231313297144015,,,,,,,,261.1,3.0717647058823534,261.1,3.0717647058823534,,,,,,,,,,,,,,,,,,,"Ryan LaMarre","10700",534606
"Elias Díaz","PIT",70,274,252,62,44,12,2,4,27,27,17,0,48,1,3,1,,1,2,0.24603174603174602,0.06204379562043796,0.17518248175182483,0.3541666666666667,0.29304029304029305,0.35714285714285715,0.28283891027226993,0.6501831501831502,0.11111111111111113,3.3336894569751374,0.2857142857142857,,-0.7585804578848183,24.301562881189625,-7.976867386978826,74.0760312222309,-0.7585804578848183,,-9.506782537699452,4.9249736474348405,0.42248052535881875,,,,,,,,229.3,3.275714285714286,229.3,3.275714285714286,,,,,,,,,,,,,,,,,,,"Elias Diaz","11680",553869
"Mark Reynolds","COL",119,410,362,90,52,17,1,20,45,53,42,2,108,4,2,0,,2,2,0.24861878453038674,0.1024390243902439,0.2634146341463415,0.3888888888888889,0.33170731707317075,0.46685082872928174,0.3410942890480453,0.7985581458024524,0.218232044198895,2.56232159362752,0.2966101694915254,,-0.6348705366253853,56.07237937157024,7.772538459347387,96.1715555327319,-0.6348705366253853,,-2.5680535152090593,-6.349143933086518,0.4213853182061468,,,,,,,,521.1999999999999,4.379831932773109,521.1999999999999,4.379831932773109,,,,,,,,,,,,,,,,,,,"Mark Reynolds","7619",448602
"Tom Murphy","COL",90,350,326,80,46,18,3,13,41,52,20,1,106,3,1,0,,3,2,0.24539877300613497,0.05714285714285714,0.3028571428571429,0.18867924528301888,0.29428571428571426,0.4386503067484663,0.31217520950858435,0.7329360210341805,0.1932515337423313,4.734176513676096,0.32211538461538464,,-0.37204340752214193,39.51465168944268,-1.7169198209914707,76.795900394686,-0.37204340752214193,,-10.374335187723055,3.3550310909993355,0.4203571873185496,,,,,,,,382.59999999999997,4.25111111111111,382.59999999999997,4.25111111111111,,,,,,,,,,,,,,,,,,,"Tom Murphy","13499",608596
"Tyrone Taylor","MIL",138,533,493,123,92,19,2,10,54,47,27,0,88,6,1,6,,8,6,0.24949290060851928,0.05065666041275797,0.1651031894934334,0.3068181818181818,0.29601518026565465,0.35699797160243407,0.2859092544785487,0.6530131518680887,0.10750507099391479,3.9517333610253393,0.28535353535353536,,-1.1388679768424481,48.6231187849347,-14.166674400955024,72.88104105369197,-1.1388679768424481,,-18.94079337087046,6.049076928313097,0.41491915566895227,,,,,,,,453.69999999999993,3.2876811594202895,453.69999999999993,3.2876811594202895,,,,,,,,,,,,,,,,,,,"Tyrone Taylor","13675",621438
"Audry Pérez","BAL",79,303,288,72,55,11,0,6,28,28,11,0,52,2,1,1,,0,1,0.25,0.036303630363036306,0.1716171617161716,0.21153846153846154,0.2814569536423841,0.3506944444444444,0.2751797895557833,0.6321513980868285,0.10069444444444442,1.6003267534976167,0.2857142857142857,,-0.5623117899522185,24.958663810984532,-10.736096668048459,68.13875787522721,-0.5623117899522185,,-12.153265798455733,5.92859846915938,0.41311644469222025,,,,,,,,239.7,3.034177215189873,239.7,3.034177215189873,,,,,,,,,,,,,,,,,,,"Audry Perez","9176",542233
"Xavier Scruggs","MIA",122,475,416,97,58,23,1,15,56,51,49,1,132,8,2,0,,3,3,0.23317307692307693,0.1031578947368421,0.27789473684210525,0.3712121212121212,0.32421052631578945,0.4014423076923077,0.31692837662837675,0.7256528340080972,0.16826923076923078,3.005344980785952,0.3025830258302583,,-0.8849910269491374,55.49003811632202,-0.4670946478386181,99.93840366463571,-0.8849910269491374,,-0.9210252563011605,-10.144074443015962,0.4131057787298662,,,,,,,,508.9,4.171311475409836,508.9,4.171311475409836,,,,,,,,,,,,,,,,,,,"Xavier Scruggs","7409",489305
"Sam Travis","BOS",88,368,335,89,58,20,2,9,38,40,28,0,77,2,3,0,,8,5,0.2656716417910448,0.07608695652173914,0.20923913043478262,0.36363636363636365,0.3233695652173913,0.417910447761194,0.32022003343571787,0.7412800129785853,0.15223880597014922,4.53682698666468,0.31746031746031744,,-0.6461147908121347,43.98971890786128,0.6376665768905153,94.93472370730235,-0.6461147908121347,,-2.884139150963856,-5.547279027964633,0.41262055417394905,,,,,,,,408.59999999999997,4.643181818181818,408.59999999999997,4.643181818181818,,,,,,,,,,,,,,,,,,,"Sam Travis","16263",607752
"Donovan Solano","NYY",123,439,412,105,79,18,2,6,43,44,17,1,76,3,4,3,,1,1,0.25485436893203883,0.0387243735763098,0.17312072892938496,0.2236842105263158,0.286697247706422,0.35194174757281554,0.27630749146143596,0.6386389952792375,0.09708737864077671,3.127180486788758,0.2964071856287425,,-0.42962656496092677,36.56973751996003,-15.146433603127381,68.1369730246854,-0.42962656496092677,,-17.224061749518743,6.356201550036861,0.4094208554209216,,,,,,,,355.09999999999997,2.886991869918699,355.09999999999997,2.886991869918699,,,,,,,,,,,,,,,,,,,"Donovan Solano","8623",456781
"Devin Mesoraco","CIN",49,170,151,36,21,8,0,7,19,18,15,1,36,3,1,0,,1,1,0.23841059602649006,0.08823529411764706,0.21176470588235294,0.4166666666666667,0.3176470588235294,0.4304635761589404,0.3214100638084863,0.7481106349824698,0.1920529801324503,2.2435149738898694,0.26605504587155965,,-0.2949970089830458,20.48827186628401,0.4615085612159925,96.15465185865928,-0.2949970089830458,,-1.1000998152311188,-0.34516706107855555,0.4050372686327327,,,,,,,,192.7,3.9326530612244897,192.7,3.9326530612244897,,,,,,,,,,,,,,,,,,,"Devin Mesoraco","5666",519023
"César Puello","TEX",89,328,282,70,48,13,1,8,43,36,27,1,79,16,1,2,,12,3,0.24822695035460993,0.08231707317073171,0.24085365853658536,0.34177215189873417,0.34662576687116564,0.38652482269503546,0.32458403220543497,0.7331505895662012,0.13829787234042554,5.802577827498099,0.3163265306122449,,0.9688608222641051,40.389356217986204,1.7494834882079164,95.11546638434947,0.9688608222641051,,-0.9547215903305908,-6.220510287680113,0.4025134720789277,,,,,,,,372,4.179775280898877,372,4.179775280898877,,,,,,,,,,,,,,,,,,,"Cesar Puello","7216",527049
"Tommy La Stella","CHC",93,299,267,70,49,16,2,3,27,27,27,1,38,3,1,1,,2,1,0.26217228464419473,0.0903010033444816,0.12709030100334448,0.7105263157894737,0.33557046979865773,0.3707865168539326,0.3104981109750793,0.7063569866525903,0.10861423220973787,3.623611245296526,0.29515418502202645,,-0.18475004332140088,33.34302343755599,-1.880519081357756,90.84147235562739,-0.18475004332140088,,-3.5573404701276505,-2.0262916564661078,0.40132704272258085,,,,,,,,302,3.247311827956989,302,3.247311827956989,,,,,,,,,,,,,,,,,,,"Tommy La Stella","12371",600303
"Chris Parmelee","OAK",94,342,310,75,47,16,0,12,38,38,28,1,76,2,2,0,,1,1,0.24193548387096775,0.08187134502923976,0.2222222222222222,0.3684210526315789,0.30701754385964913,0.4096774193548387,0.30916453421640255,0.7166949632144879,0.16774193548387095,2.0060296350771614,0.28125,,-0.38026239443570375,37.76183186158469,-2.5273037286109674,94.31079764874049,-0.38026239443570375,,-2.7163619029901374,-4.976588732981808,0.39806864012812393,,,,,,,,358.3,3.8117021276595744,358.3,3.8117021276595744,,,,,,,,,,,,,,,,,,,"Chris Parmelee","2554",476633
"Travis Taijeron","NYM",117,469,410,83,41,23,2,17,59,59,47,1,182,8,4,0,,1,2,0.20243902439024392,0.10021321961620469,0.3880597014925373,0.25824175824175827,0.2942430703624733,0.3926829268292683,0.2980937008929049,0.6869259971917416,0.1902439024390244,3.607427551232519,0.30697674418604654,,-0.8326267136726528,47.500082379152865,-7.750223444828903,88.17384464319592,-0.8326267136726528,,-7.663609274018695,-3.3804930566269666,0.3957411002693063,,,,,,,,453.9999999999999,3.8803418803418794,453.9999999999999,3.8803418803418794,,,,,,,,,,,,,,,,,,,"Travis Taijeron","11935",607369
"Drew Ferguson","HOU",93,394,355,84,54,19,2,9,45,42,29,0,108,6,3,1,,14,7,0.23661971830985915,0.07360406091370558,0.27411167512690354,0.26851851851851855,0.30279898218829515,0.37746478873239436,0.29684321798441066,0.6802637709206896,0.14084507042253522,5.704447747323092,0.3112033195020747,,-0.2678218518849462,39.49757159441597,-6.917397477329901,87.47106668448252,-0.2678218518849462,,-6.194675054765499,-3.2917235665010187,0.3948036110323476,,,,,,,,378.5,4.06989247311828,378.5,4.06989247311828,,,,,,,,,,,,,,,,,,,"Drew Ferguson","sa875766",664916
"Mitch Moreland","BOS",120,427,390,95,58,22,0,15,40,62,29,3,103,6,2,0,,1,0,0.24358974358974358,0.06791569086651054,0.24121779859484777,0.2815533980582524,0.3044496487119438,0.4153846153846154,0.30843754703143855,0.7198342640965592,0.17179487179487182,1.8118906774459382,0.291970802919708,,-0.0019443309865891933,46.89093308718893,-3.411584155540737,86.83702189574053,-0.0019443309865891933,,-6.750267698801878,-3.862110313564661,0.39397619382607874,,,,,,,,453.7,3.7808333333333333,453.7,3.7808333333333333,,,,,,,,,,,,,,,,,,,"Mitch Moreland","3086",519048
"Reid Brignac","HOU",100,370,331,71,49,15,1,6,37,32,32,2,100,2,2,3,,3,2,0.21450151057401812,0.08648648648648649,0.2702702702702703,0.32,0.28610354223433243,0.3202416918429003,0.2671027573820663,0.6063452340772327,0.10574018126888218,3.612613496937332,0.28634361233480177,,-0.4012131446506828,28.011581103974684,-15.576080207055703,67.03146052386604,-0.4012131446506828,,-15.047086799558521,6.361284461741865,0.39353410404843947,,,,,,,,274.29999999999995,2.7429999999999994,274.29999999999995,2.7429999999999994,,,,,,,,,,,,,,,,,,,"Reid Brignac","8380",458582
"Martín Maldonado","LAA",70,219,190,38,27,6,0,5,18,22,22,5,57,4,1,2,,0,0,0.2,0.1004566210045662,0.2602739726027397,0.38596491228070173,0.29493087557603687,0.3105263157894737,0.26352931193585666,0.6054571913655106,0.1105263157894737,0.9951298701298699,0.2558139534883721,,-0.10770364478230476,15.934069496278621,-9.865113820250178,63.84255411637074,-0.10770364478230476,,-9.614971085752392,6.0250086881075795,0.39155549188486105,,,,,,,,165.2,2.36,165.2,2.36,,,,,,,,,,,,,,,,,,,"Martin Maldonado","6887",455117
"Reese McGuire","TOR",101,407,372,90,67,20,2,1,36,32,26,0,58,2,3,4,,8,9,0.24193548387096775,0.06388206388206388,0.14250614250614252,0.4482758620689655,0.29280397022332505,0.31451612903225806,0.268604875942022,0.6073200992555832,0.07258064516129031,4.111197739866935,0.28164556962025317,,-2.300748078385368,31.317211492328163,-16.62921594980526,64.2984962862361,-2.300748078385368,,-19.74670392264034,9.775229393629939,0.39023272840861256,,,,,,,,284.79999999999995,2.819801980198019,284.79999999999995,2.819801980198019,,,,,,,,,,,,,,,,,,,"Reese McGuire","15674",624512
"Luke Voit","STL",132,542,486,124,89,17,4,14,61,61,47,1,121,5,4,0,,1,1,0.2551440329218107,0.08671586715867159,0.22324723247232472,0.3884297520661157,0.3247232472324723,0.39300411522633744,0.3126672586760107,0.7177273624588097,0.13786008230452673,3.407792847993427,0.30985915492957744,,-0.5238672541454434,61.411323333904896,-2.438710262253138,94.15667505964052,-0.5238672541454434,,-4.424419308266791,-8.99909798602088,0.3898014511266732,,,,,,,,567.2,4.296969696969697,567.2,4.296969696969697,,,,,,,,,,,,,,,,,,,"Luke Voit","14811",572228
"John Jaso","PIT",98,323,284,75,49,18,2,6,35,33,34,0,56,4,1,0,,1,2,0.2640845070422535,0.10526315789473684,0.17337461300309598,0.6071428571428571,0.3498452012383901,0.40492957746478875,0.3312447670812577,0.7547747787031789,0.14084507042253525,3.063699006283161,0.3094170403587444,,-0.8146761062089354,41.548930478322404,3.498080198693174,106.50774077622253,-0.8146761062089354,,1.7741299837763336,-8.244379374645934,0.38870333797566414,,,,,,,,366.29999999999995,3.7377551020408157,366.29999999999995,3.7377551020408157,,,,,,,,,,,,,,,,,,,"John Jaso","5887",444379
"Ezequiel Carrera","TOR",123,381,341,85,64,12,3,6,46,33,27,0,81,4,2,7,,15,6,0.24926686217008798,0.07086614173228346,0.2125984251968504,0.3333333333333333,0.31016042780748665,0.3548387096774194,0.2926516018130563,0.664999137484906,0.1055718475073314,6.2710200583195945,0.30859375,,0.32844682200811803,36.87656538440485,-8.006945316953468,80.82499238957837,0.32844682200811803,,-8.443063359282794,-0.7120955457132325,0.3836421120634509,,,,,,,,347.99999999999994,2.8292682926829262,347.99999999999994,2.8292682926829262,,,,,,,,,,,,,,,,,,,"Ezequiel Carrera","9048",485567
"Ramón Cabrera","MIA",99,370,344,88,68,17,0,3,31,33,20,0,51,1,3,2,,1,1,0.2558139534883721,0.05405405405405406,0.13783783783783785,0.39215686274509803,0.296195652173913,0.3313953488372093,0.27561586998079135,0.6275910010111223,0.07558139534883718,1.8360164574458426,0.2901023890784983,,-0.40943213156424463,30.610715795024003,-12.976945516006385,72.25920728497235,-0.40943213156424463,,-13.050604268960019,5.021582082535924,0.38213630546932603,,,,,,,,288.3999999999999,2.9131313131313123,288.3999999999999,2.9131313131313123,,,,,,,,,,,,,,,,,,,"Ramon Cabrera","10327",541608
"Yonder Alonso","OAK",121,434,392,102,70,24,1,7,48,46,36,2,56,2,4,0,,4,2,0.2602040816326531,0.08294930875576037,0.12903225806451613,0.6428571428571429,0.3225806451612903,0.38010204081632654,0.30531348674385633,0.7026826859776168,0.11989795918367346,3.4692955069736766,0.2852852852852853,,-0.25730878999456763,46.54084885576443,-4.586299817173916,91.66410381648433,-0.25730878999456763,,-4.600969333763409,-6.371040983945743,0.38144802264087496,,,,,,,,436.2999999999999,3.605785123966941,436.2999999999999,3.605785123966941,,,,,,,,,,,,,,,,,,,"Yonder Alonso","2530",475174
"Juan Graterol","TOR",63,220,208,54,41,10,0,3,21,21,6,0,32,2,2,2,,1,0,0.25961538461538464,0.02727272727272727,0.14545454545454545,0.1875,0.28440366972477066,0.35096153846153844,0.2755347810207157,0.635365208186309,0.0913461538461538,2.8135558423779417,0.2914285714285714,,0.09005253226496279,18.186245630284155,-7.730742176274457,69.06118414211252,0.09005253226496279,,-8.082170668036365,4.327060166612784,0.3781306141833268,,,,,,,,177.49999999999997,2.817460317460317,177.49999999999997,2.817460317460317,,,,,,,,,,,,,,,,,,,"Juan Graterol","5398",492802
"Zack Granite","MIN",131,580,532,136,110,17,6,3,62,42,34,0,75,3,3,8,,35,13,0.2556390977443609,0.05862068965517241,0.12931034482758622,0.4533333333333333,0.30244755244755245,0.32706766917293234,0.2777053695041817,0.6295152216204848,0.07142857142857145,6.855182980841014,0.2910284463894967,,1.3436465475242585,48.984385918235375,-19.342218299055506,68.25161773792,1.3436465475242585,,-20.76506560843814,4.7866994242749445,0.37525620981859387,,,,,,,,482.4,3.682442748091603,482.4,3.682442748091603,,,,,,,,,,,,,,,,,,,"Zack Granite","15343",643335
"Aaron Hicks","NYY",125,438,391,91,61,17,3,10,47,43,41,1,94,1,4,1,,7,4,0.23273657289002558,0.09360730593607305,0.2146118721461187,0.43617021276595747,0.30434782608695654,0.36828644501278773,0.293350225878418,0.6726342710997443,0.13554987212276215,4.5455960078969575,0.27835051546391754,,-0.4677967303432524,42.64602892540378,-8.952337707653811,79.8498642283824,-0.4677967303432524,,-11.064382029492577,-0.11009254068714425,0.37459995169439686,,,,,,,,407.1,3.2568,407.1,3.2568,,,,,,,,,,,,,,,,,,,"Aaron Hicks","5297",543305
"Jacob Nottingham","MIL",119,493,458,108,73,19,1,15,53,52,25,1,153,7,2,1,,6,2,0.23580786026200873,0.05070993914807302,0.3103448275862069,0.16339869281045752,0.2845528455284553,0.3799126637554585,0.2874484461582362,0.6644655092839138,0.14410480349344978,3.985928778126576,0.3184931506849315,,0.1471788678318262,45.60025413470774,-12.477359449989505,73.91229265823495,0.1471788678318262,,-15.692617241791792,3.6539220341789527,0.3720750424500172,,,,,,,,450.39999999999986,3.784873949579831,450.39999999999986,3.784873949579831,,,,,,,,,,,,,,,,,,,"Jacob Nottingham","16448",641924
"Óscar Hernández","ARI",68,234,216,52,32,12,0,8,25,26,14,0,53,2,0,2,,3,0,0.24074074074074073,0.05982905982905983,0.2264957264957265,0.2641509433962264,0.29310344827586204,0.4074074074074074,0.30277251837582425,0.7005108556832694,0.16666666666666666,3.757700575891607,0.2838709677419355,,0.49229636415839195,24.602823408345632,-2.9634272586303436,80.45542308452397,0.49229636415839195,,-5.1403033006685455,1.3206119020149192,0.37033994968443323,,,,,,,,238.89999999999998,3.5132352941176466,238.89999999999998,3.5132352941176466,,,,,,,,,,,,,,,,,,,"Oscar Hernandez","13490",591712
"Jon Jay","CHC",106,388,348,92,70,17,2,3,45,30,24,3,70,11,2,3,,4,2,0.26436781609195403,0.061855670103092786,0.18041237113402062,0.34285714285714286,0.32987012987012987,0.3505747126436782,0.2990097080537786,0.6804448425138081,0.08620689655172414,4.421720432406545,0.3212996389891697,,-0.2483334862627089,39.58971452517936,-6.118427606387641,83.14429330861437,-0.2483334862627089,,-8.302960698115285,-0.42590798825673803,0.36910108714064055,,,,,,,,363.09999999999997,3.425471698113207,363.09999999999997,3.425471698113207,,,,,,,,,,,,,,,,,,,"Jon Jay","5227",445055
"Christin Stewart","DET",109,461,406,95,58,19,2,16,57,62,44,0,139,8,3,0,,3,2,0.23399014778325122,0.09544468546637744,0.30151843817787416,0.31654676258992803,0.3188720173535792,0.4088669950738916,0.3168709578069327,0.7277390124274707,0.1748768472906404,3.804866273446976,0.3110236220472441,,-0.4662840967066586,53.832700181572584,-0.475169722170688,96.97200399332658,-0.4662840967066586,,-2.1422688930231404,-9.87072943968327,0.3685263848917594,,,,,,,,498.99999999999994,4.577981651376146,498.99999999999994,4.577981651376146,,,,,,,,,,,,,,,,,,,"Christin Stewart","17714",621514
"Pablo Sandoval","BOS",109,441,406,107,73,21,2,11,41,52,27,3,64,4,4,0,,0,0,0.26354679802955666,0.061224489795918366,0.14512471655328799,0.421875,0.3129251700680272,0.4064039408866995,0.308147698368656,0.7193291109547267,0.14285714285714285,2.0422473867595814,0.2865671641791045,,-0.22662641922943294,48.322865962375666,-3.628914140771367,86.63781877670783,-0.22662641922943294,,-7.301681057923697,-4.057189482229727,0.3661353312610848,,,,,,,,461.9,4.2376146788990825,461.9,4.2376146788990825,,,,,,,,,,,,,,,,,,,"Pablo Sandoval","5409",467055
"A.J. Ellis","MIA",69,237,200,44,31,9,0,4,18,24,30,2,42,2,2,3,,1,1,0.22,0.12658227848101267,0.17721518987341772,0.7142857142857143,0.3247863247863248,0.325,0.2898631226913682,0.6497863247863248,0.10500000000000001,1.5644436064946794,0.2564102564102564,,-0.3466050054412335,22.3936421004868,-5.526022036578608,81.80480346510141,-0.3466050054412335,,-5.657550580585477,1.6888864830898438,0.36486095265169743,,,,,,,,205.19999999999996,2.97391304347826,205.19999999999996,2.97391304347826,,,,,,,,,,,,,,,,,,,"A.J. Ellis","5677",454560
"Johnny Monell","NYM",100,375,346,82,59,15,1,7,44,42,25,1,78,2,2,0,,3,1,0.23699421965317918,0.06666666666666667,0.208,0.32051282051282054,0.2906666666666667,0.3468208092485549,0.27847094825882324,0.6374874759152216,0.10982658959537572,3.8772973691797166,0.28517110266159695,,-0.0004568218719214201,31.907836315218905,-12.268847445960544,75.02668733556624,-0.0004568218719214201,,-11.534303560623355,3.1705798059964723,0.36416736125200205,,,,,,,,312.09999999999997,3.1209999999999996,312.09999999999997,3.1209999999999996,,,,,,,,,,,,,,,,,,,"Johnny Monell","2783",476192
"Drew Stubbs","MIN",102,282,249,54,35,9,2,8,32,23,27,1,101,2,3,1,,12,3,0.21686746987951808,0.09574468085106383,0.35815602836879434,0.26732673267326734,0.29537366548042704,0.3654618473895582,0.2877797469496727,0.6608355128699852,0.14859437751004015,6.602408537256212,0.32167832167832167,,1.0294441224541515,26.16080751602109,-7.060058672385852,75.17539440878305,1.0294441224541515,,-7.375702942427809,1.356175193027634,0.3613443270173826,,,,,,,,267.5,2.622549019607843,267.5,2.622549019607843,,,,,,,,,,,,,,,,,,,"Drew Stubbs","9328",453211
"Chad Wallach","CIN",82,315,277,62,42,14,1,5,35,31,32,1,75,3,2,1,,1,1,0.22382671480144403,0.10158730158730159,0.23809523809523808,0.4266666666666667,0.3089171974522293,0.33574007220216606,0.28593632645500355,0.6446572696543953,0.11191335740072203,3.0876032803703364,0.2864321608040201,,-0.38026239443570375,28.74302622849103,-8.36538813089971,72.38740503184306,-0.38026239443570375,,-11.0926068826953,4.585636995456837,0.3589320145103264,,,,,,,,267.59999999999997,3.2634146341463413,267.59999999999997,3.2634146341463413,,,,,,,,,,,,,,,,,,,"Chad Wallach","17161",595453
"Chesny Young","CHC",114,497,455,121,95,20,3,3,50,35,37,0,76,2,2,1,,11,8,0.26593406593406593,0.0744466800804829,0.1529175050301811,0.4868421052631579,0.3225806451612903,0.34285714285714286,0.2944354020780133,0.6654377880184332,0.07692307692307693,4.344070640437623,0.31216931216931215,,-1.3785256543196738,48.83562152738735,-9.713210017429143,80.07952857565002,-1.3785256543196738,,-13.571867640604674,1.2293916798422855,0.3540162773148687,,,,,,,,441.3999999999999,3.871929824561403,441.3999999999999,3.871929824561403,,,,,,,,,,,,,,,,,,,"Chesny Young","sa829085",657811
"Ben Gamel","SEA",139,580,534,129,88,25,6,10,63,56,38,2,135,2,3,3,,11,5,0.24157303370786518,0.06551724137931035,0.23275862068965517,0.2814814814814815,0.292894280762565,0.36704119850187267,0.2856021966104922,0.6599354792644376,0.1254681647940075,5.560253830360497,0.30357142857142855,,-0.13138016732409596,52.76375501313988,-15.562849204150998,80.6165603600037,-0.13138016732409596,,-13.629481710122937,-2.597550739757038,0.34982583128411315,,,,,,,,516,3.712230215827338,516,3.712230215827338,,,,,,,,,,,,,,,,,,,"Ben Gamel","12160",592325
"Jake Romanski","BOS",79,315,297,74,55,16,0,3,27,27,12,1,55,2,2,2,,3,3,0.24915824915824916,0.0380952380952381,0.1746031746031746,0.21818181818181817,0.28115015974440893,0.3333333333333333,0.2668914026938952,0.6144834930777423,0.08417508417508415,2.6153300039064318,0.2946058091286307,,-0.781775034032762,23.792760909095385,-13.315653450295349,58.28377118769424,-0.781775034032762,,-16.558957411415896,9.28065695586028,0.3469365222222561,,,,,,,,231.29999999999998,2.9278481012658224,231.29999999999998,2.9278481012658224,,,,,,,,,,,,,,,,,,,"Jake Romanski","sa738897",642031
"Colin Moran","HOU",119,512,472,109,77,20,2,10,49,53,35,1,140,2,3,0,,2,2,0.2309322033898305,0.068359375,0.2734375,0.25,0.28515625,0.3453389830508475,0.27532295903114423,0.6304952330508475,0.11440677966101698,3.155062666375809,0.3046153846153846,,-0.6730155774857849,42.23486239946013,-18.08103649580354,72.68092528887236,-0.6730155774857849,,-17.466847330857686,3.4569463703227283,0.3409902985842614,,,,,,,,410.99999999999994,3.4537815126050417,410.99999999999994,3.4537815126050417,,,,,,,,,,,,,,,,,,,"Colin Moran","16909",592567
"Tyler O'Neill","SEA",124,537,489,112,65,20,2,25,63,76,35,3,190,6,7,0,,9,4,0.22903885480572597,0.06517690875232775,0.3538175046554935,0.18421052631578946,0.2849162011173184,0.43149284253578735,0.30313179231761544,0.7164090436531058,0.20245398773006137,4.6421199863820455,0.3096085409252669,,-0.07004055031575263,56.61952391041362,-6.641487235595348,92.66405475490184,-0.07004055031575263,,-4.799856244279879,-10.060952355621982,0.34057894935412747,,,,,,,,571.4999999999999,4.608870967741934,571.4999999999999,4.608870967741934,,,,,,,,,,,,,,,,,,,"Tyler O'Neill","15711",641933
"Jesse Jenner","STL",51,193,179,43,32,8,0,3,20,16,10,0,32,3,0,1,,1,1,0.24022346368715083,0.05181347150259067,0.16580310880829016,0.3125,0.2916666666666667,0.33519553072625696,0.2768740262836218,0.6268621973929236,0.09497206703910613,2.590208094853582,0.2777777777777778,,-0.3107037905137986,16.167580239704083,-6.568686336049604,70.17536797258276,-0.3107037905137986,,-7.399935266472193,4.59103845442694,0.34037885693718906,,,,,,,,151.29999999999998,2.9666666666666663,151.29999999999998,2.9666666666666663,,,,,,,,,,,,,,,,,,,"Jesse Jenner","sa857727",664183
"Jarrod Saltalamacchia","TOR",95,318,276,55,30,13,0,12,33,42,37,2,119,1,4,0,,0,0,0.19927536231884058,0.11635220125786164,0.3742138364779874,0.31092436974789917,0.29245283018867924,0.37681159420289856,0.2897763103246689,0.6692644243915777,0.17753623188405798,1.1584821428571426,0.28859060402684567,,-0.14809251157566905,30.02438568148645,-7.437442147993719,78.8489024289885,-0.14809251157566905,,-8.223675412480956,0.7677517273648906,0.3391645303283572,,,,,,,,296.5,3.1210526315789475,296.5,3.1210526315789475,,,,,,,,,,,,,,,,,,,"Jarrod Saltalamacchia","5557",457454
"Miguel Andujar","NYY",137,576,539,132,86,25,4,17,62,69,27,0,112,5,5,0,,5,3,0.24489795918367346,0.046875,0.19444444444444445,0.24107142857142858,0.2847222222222222,0.4007421150278293,0.29405630017734236,0.6854643372500515,0.15584415584415584,4.232535816510566,0.27710843373493976,,-0.4939663247205317,56.41804097593784,-11.43734528123379,80.3351250581696,-0.4939663247205317,,-14.09360980846897,-2.1183576911845536,0.33750911854178445,,,,,,,,552.4,4.032116788321168,552.4,4.032116788321168,,,,,,,,,,,,,,,,,,,"Miguel Andujar","15878",609280
"Andrew Knapp","PHI",103,432,395,89,57,20,2,10,49,44,31,1,132,4,2,0,,2,3,0.22531645569620254,0.07175925925925926,0.3055555555555556,0.23484848484848486,0.28703703703703703,0.3620253164556962,0.2825993486180936,0.6490623534927332,0.13670886075949365,3.513928121574442,0.30980392156862746,,-1.033383033471182,38.22947643006713,-12.662063262811595,72.55732849099076,-1.033383033471182,,-15.634190960474976,5.147537942916627,0.33242571222156536,,,,,,,,367.2,3.5650485436893202,367.2,3.5650485436893202,,,,,,,,,,,,,,,,,,,"Andrew Knapp","14942",595284
"Tommy Joseph","PHI",86,301,278,73,43,14,0,16,42,46,14,0,61,4,4,1,,0,1,0.26258992805755393,0.046511627906976744,0.2026578073089701,0.22950819672131148,0.30333333333333334,0.4856115107913669,0.33316715935866037,0.7889448441247002,0.22302158273381295,2.1367796647465696,0.2780487804878049,,-0.5466050084214658,39.196443578329976,3.737292079356605,106.43753759855417,-0.5466050084214658,,1.8398487748197407,-8.185315298936004,0.3299204523225203,,,,,,,,372.99999999999994,4.337209302325581,372.99999999999994,4.337209302325581,,,,,,,,,,,,,,,,,,,"Tommy Joseph","10349",571830
"Luke Maile","TBR",99,364,336,70,48,16,1,5,36,32,22,0,82,2,2,2,,1,1,0.20833333333333334,0.06043956043956044,0.22527472527472528,0.2682926829268293,0.2596685082872928,0.30654761904761907,0.24949286425311262,0.5662161273349119,0.09821428571428573,3.2128969468223354,0.2589641434262948,,-0.371287090703845,22.268056445045815,-20.612777925805702,53.59637429440184,-0.371287090703845,,-20.65124969720985,11.540082745100735,0.32924725502147006,,,,,,,,226.20000000000002,2.284848484848485,226.20000000000002,2.284848484848485,,,,,,,,,,,,,,,,,,,"Luke Maile","13355",571912
"Phil Gosselin","PIT",115,327,304,82,60,16,2,4,37,24,16,0,56,2,2,3,,4,1,0.26973684210526316,0.04892966360856269,0.1712538226299694,0.2857142857142857,0.30864197530864196,0.375,0.297125506548234,0.683641975308642,0.10526315789473684,4.9314574174147054,0.3170731707317073,,0.2152499626390636,32.857148727807804,-5.664919511940678,83.64798741682048,0.2152499626390636,,-6.370204018488874,-0.8105507952405875,0.3290500192719784,,,,,,,,309.40000000000003,2.690434782608696,309.40000000000003,2.690434782608696,,,,,,,,,,,,,,,,,,,"Phil Gosselin","10953",594838
"Rocky Gale","SDP",98,340,313,74,59,11,1,3,32,26,17,2,59,4,3,3,,1,1,0.2364217252396166,0.05,0.17352941176470588,0.288135593220339,0.2818991097922849,0.30670926517571884,0.25775322771784087,0.5886083749680038,0.07028753993610223,3.0265911416354774,0.2795275590551181,,-0.3847500463016331,23.117317017547794,-16.936209592588238,58.16687002333437,-0.3847500463016331,,-17.90200419360026,10.30724545242785,0.3289870772296922,,,,,,,,229.29999999999998,2.3397959183673467,229.29999999999998,2.3397959183673467,,,,,,,,,,,,,,,,,,,"Rocky Gale","10533",502570
"Francisco Mejía","CLE",108,457,426,100,66,21,1,12,49,55,23,2,99,4,2,2,,3,2,0.2347417840375587,0.05032822757111598,0.21663019693654267,0.23232323232323232,0.27912087912087913,0.3732394366197183,0.28077970685285186,0.6523603157405975,0.13849765258215962,3.362513680971407,0.277602523659306,,-0.42365140398032963,39.75564608455716,-14.081005859066856,68.4660153359672,-0.42365140398032963,,-17.726153211779085,5.413446479233345,0.3240187136305276,,,,,,,,394.49999999999994,3.6527777777777772,394.49999999999994,3.6527777777777772,,,,,,,,,,,,,,,,,,,"Francisco Mejia","16403",642336
"Rob Brantly","CIN",86,324,307,76,52,12,2,10,35,40,11,0,60,2,3,1,,0,1,0.247557003257329,0.033950617283950615,0.18518518518518517,0.18333333333333332,0.2755417956656347,0.3973941368078176,0.2876422466139306,0.6729359324734523,0.1498371335504886,3.1041784851841445,0.275,,-0.5555803121533245,30.02033698560887,-8.148317784050171,73.53036397862796,-0.5555803121533245,,-11.11791034948795,3.9527808995473945,0.32089197069585473,,,,,,,,294.99999999999994,3.4302325581395343,294.99999999999994,3.4302325581395343,,,,,,,,,,,,,,,,,,,"Rob Brantly","10655",542963
"Matt McBride","OAK",82,298,278,69,43,18,1,7,32,30,16,0,51,2,2,0,,1,1,0.24820143884892087,0.053691275167785234,0.17114093959731544,0.3137254901960784,0.29194630872483224,0.39568345323741005,0.2962886937112616,0.6876297619622422,0.14748201438848918,3.059039011000948,0.27927927927927926,,-0.3466050054412335,29.737441410323246,-5.368296618560691,85.46167078312467,-0.3466050054412335,,-5.548296777285997,-1.4235994455605523,0.3193778087510072,,,,,,,,285.19999999999993,3.478048780487804,285.19999999999993,3.478048780487804,,,,,,,,,,,,,,,,,,,"Matt McBride","9373",473724
"Michael McKenry","TBR",62,209,179,38,24,8,1,5,21,19,26,0,60,2,1,1,,1,2,0.2122905027932961,0.12440191387559808,0.28708133971291866,0.43333333333333335,0.3173076923076923,0.35195530726256985,0.2983644667726297,0.6692629995702621,0.13966480446927376,3.1947330195169945,0.28695652173913044,,-0.7361421985551715,21.21411002606963,-3.4070283901610487,87.18416304096813,-0.7361421985551715,,-3.952076078458976,-0.052506793603555035,0.3145100533595697,,,,,,,,190,3.064516129032258,190,3.064516129032258,,,,,,,,,,,,,,,,,,,"Michael McKenry","9628",502374
"Franklin Gutierrez","LAD",83,282,256,63,37,13,0,13,35,43,21,0,77,3,2,0,,2,1,0.24609375,0.07446808510638298,0.2730496453900709,0.2727272727272727,0.30851063829787234,0.44921875,0.3244911415357116,0.7577293882978724,0.203125,2.8345194504432856,0.2976190476190476,,-0.14660500246100128,34.703380053706915,1.4825138652999703,104.20899279498839,-0.14660500246100128,,1.315215486178622,-7.207215722906526,0.3145070770632438,,,,,,,,329.69999999999993,3.972289156626505,329.69999999999993,3.972289156626505,,,,,,,,,,,,,,,,,,,"Franklin Gutierrez","3255",429711
"Ryan Flaherty","BAL",88,262,235,51,33,10,1,7,27,28,21,2,66,3,1,2,,1,0,0.2170212765957447,0.08015267175572519,0.25190839694656486,0.3181818181818182,0.28846153846153844,0.3574468085106383,0.2804886749548505,0.6459083469721767,0.14042553191489363,3.631251952906834,0.26993865030674846,,0.0765895766671747,22.72915836662353,-8.13561802118718,71.78737408731867,0.0765895766671747,,-8.798212019434937,2.977449062780238,0.31238461871888606,,,,,,,,224.99999999999997,2.5568181818181817,224.99999999999997,2.5568181818181817,,,,,,,,,,,,,,,,,,,"Ryan Flaherty","7888",475247
"Marlon Byrd","CLE",67,265,246,60,34,13,2,11,27,40,15,1,77,1,3,0,,1,0,0.24390243902439024,0.05660377358490566,0.29056603773584905,0.19480519480519481,0.28679245283018867,0.44715447154471544,0.30948475861188135,0.7339469243749042,0.2032520325203252,3.788844611164221,0.30434782608695654,,0.09005253226496279,29.329921676407164,-1.8882681814929798,88.19402024549521,0.09005253226496279,,-3.6662603459762737,-2.2807658482901423,0.3098650643963616,,,,,,,,292.4,4.3641791044776115,292.4,4.3641791044776115,,,,,,,,,,,,,,,,,,,"Marlon Byrd","950",407781
"Brian Goodwin","WSN",118,469,423,97,65,18,4,10,48,47,40,1,136,2,2,2,,10,5,0.2293144208037825,0.08528784648187633,0.2899786780383795,0.29411764705882354,0.29764453961456105,0.3617021276595745,0.28810313331211074,0.6593466672741355,0.132387706855792,5.360094738451387,0.3118279569892473,,-0.28650365164503455,43.633727723235324,-11.616578100746436,73.85694171299458,-0.28650365164503455,,-15.38716568800987,3.4814609725779464,0.30762752069642874,,,,,,,,420.19999999999993,3.561016949152542,420.19999999999993,3.561016949152542,,,,,,,,,,,,,,,,,,,"Brian Goodwin","12858",571718
"Johnny Giavotella","BAL",119,469,434,115,83,24,2,6,53,45,25,1,50,2,4,4,,6,3,0.26497695852534564,0.053304904051172705,0.10660980810234541,0.5,0.3053763440860215,0.3709677419354839,0.2930251715769028,0.6763440860215053,0.10599078341013823,4.231366887881381,0.28534031413612565,,-0.2737718883436173,45.53855899611184,-9.71174682786992,80.40328145387934,-0.2737718883436173,,-11.308713741538359,-1.5963788788014481,0.305009209867511,,,,,,,,431.4,3.6252100840336134,431.4,3.6252100840336134,,,,,,,,,,,,,,,,,,,"Johnny Giavotella","6740",543213
"Luis Urías","SDP",109,478,427,106,78,19,4,5,56,40,31,1,45,11,2,7,,7,15,0.24824355971896955,0.06485355648535565,0.09414225941422594,0.6888888888888889,0.31422505307855625,0.34660421545667447,0.29173800717008874,0.6608292685352307,0.09836065573770492,4.8942739784778775,0.26649076517150394,,-5.012989662820473,45.90474093204137,-10.405805302208702,80.93652165456251,-5.012989662820473,,-16.235675250769074,3.979899695450807,0.3010948179393591,,,,,,,,388.7999999999999,3.566972477064219,388.7999999999999,3.566972477064219,,,,,,,,,,,,,,,,,,,"Luis Urias","16622",649966
"Jaff Decker","OAK",107,405,355,81,55,16,2,8,45,35,42,2,90,2,3,3,,11,5,0.22816901408450704,0.1037037037037037,0.2222222222222222,0.4666666666666667,0.31094527363184077,0.352112676056338,0.2912752927839756,0.6630579496881788,0.12394366197183096,4.978704255715012,0.28076923076923077,,-0.06630921526812017,38.7395496502736,-8.971268811800199,82.01613098973905,-0.06630921526812017,,-8.811151977001371,-1.9669647670927501,0.30081108537803636,,,,,,,,370.49999999999994,3.462616822429906,370.49999999999994,3.462616822429906,,,,,,,,,,,,,,,,,,,"Jaff Decker","7945",543094
"Jace Peterson","ATL",134,514,450,108,77,20,5,6,57,43,54,3,99,2,3,5,,11,8,0.24,0.10505836575875487,0.1926070038910506,0.5454545454545454,0.32220039292730845,0.3466666666666667,0.29462270020496234,0.6688670595939752,0.10666666666666669,5.24276960624372,0.29310344827586204,,-1.369550350587815,50.58549453042015,-9.966013344903146,80.41561456717231,-1.369550350587815,,-13.76721317178071,0.35985489574199137,0.3003979006837412,,,,,,,,464.19999999999993,3.4641791044776116,464.19999999999993,3.4641791044776116,,,,,,,,,,,,,,,,,,,"Jace Peterson","12325",607054
"Gregorio Petit","TOR",101,330,308,75,51,18,1,5,33,31,16,2,70,1,2,3,,1,1,0.2435064935064935,0.048484848484848485,0.21212121212121213,0.22857142857142856,0.28134556574923547,0.35714285714285715,0.2744308095711928,0.6384884228920926,0.11363636363636365,3.0418898613027547,0.2978723404255319,,-0.35782413510605693,26.978753570747667,-11.89672813909025,68.30246214575465,-0.35782413510605693,,-12.916773810236613,4.674556184067297,0.30032461176801695,,,,,,,,266.99999999999994,2.643564356435643,266.99999999999994,2.643564356435643,,,,,,,,,,,,,,,,,,,"Gregorio Petit","3812",463610
"Kelby Tomlinson","SFG",120,453,410,103,83,14,4,2,47,31,33,1,86,4,2,4,,18,7,0.25121951219512195,0.0728476821192053,0.18984547461368653,0.38372093023255816,0.311804008908686,0.3195121951219512,0.2803339736003961,0.6313162040306373,0.06829268292682927,5.977590388723462,0.3117283950617284,,0.46486338204704225,39.241061275632525,-14.124372707872247,73.40136787276712,0.46486338204704225,,-14.374807151459684,2.887762061292322,0.2984105782065123,,,,,,,,374.59999999999997,3.1216666666666666,374.59999999999997,3.1216666666666666,,,,,,,,,,,,,,,,,,,"Kelby Tomlinson","13005",605509
"Greg Allen","CLE",116,529,474,115,86,19,4,6,60,40,31,1,91,17,2,5,,28,12,0.24261603375527427,0.05860113421550094,0.1720226843100189,0.34065934065934067,0.3110687022900763,0.33755274261603374,0.2877336713141739,0.6486214449061101,0.09493670886075947,6.692541319133619,0.287598944591029,,0.3847917162347585,49.054593814777895,-13.263981410992576,73.24523838650533,0.3847917162347585,,-16.608229862983585,1.5787095730617282,0.29561057051522854,,,,,,,,467.9,4.033620689655172,467.9,4.033620689655172,,,,,,,,,,,,,,,,,,,"Greg Allen","16623",656185
"Kyle Blanks","SFG",73,264,237,61,39,14,0,8,32,31,20,1,72,5,2,0,,1,1,0.25738396624472576,0.07575757575757576,0.2727272727272727,0.2777777777777778,0.32575757575757575,0.4177215189873418,0.32126323125208284,0.7434790947449175,0.16033755274261602,2.3708123859758814,0.3333333333333333,,-0.3510926573071629,31.785094644807756,0.6847092769374223,100.82378912352634,-0.3510926573071629,,-0.08324568934877496,-5.427998189467812,0.2949098710652043,,,,,,,,294.49999999999994,4.034246575342465,294.49999999999994,4.034246575342465,,,,,,,,,,,,,,,,,,,"Kyle Blanks","49",452035
"Eddy Alvarez","CHW",117,513,452,100,71,18,3,8,56,46,46,0,124,2,4,9,,15,8,0.22123893805309736,0.08966861598440545,0.24171539961013644,0.3709677419354839,0.29365079365079366,0.3274336283185841,0.27532206960613764,0.6210844219693777,0.10619469026548672,5.412409930086087,0.2839506172839506,,-0.5448682534042746,42.31697586473347,-18.116727520560012,70.13047087978609,-0.5448682534042746,,-18.94240133193052,4.446201914832706,0.2947223047719026,,,,,,,,402.6,3.4410256410256412,402.6,3.4410256410256412,,,,,,,,,,,,,,,,,,,"Eddy Alvarez","16959",657193
"Charlie Tilson","CHW",122,516,475,119,91,16,7,5,57,40,33,1,100,3,2,3,,19,8,0.2505263157894737,0.06395348837209303,0.1937984496124031,0.33,0.30214424951267055,0.3452631578947368,0.2834616113686934,0.6474074074074074,0.09473684210526312,6.770130398562751,0.3064516129032258,,0.2394249769859016,46.03012261429809,-14.75699424108484,75.72450085057328,0.2394249769859016,,-14.800016959831055,0.18689350329168652,0.293157843187797,,,,,,,,446.40000000000003,3.659016393442623,446.40000000000003,3.659016393442623,,,,,,,,,,,,,,,,,,,"Charlie Tilson","12983",605508
"Brett Nicholas","TEX",117,480,446,110,76,21,1,12,48,48,26,1,114,4,3,1,,2,2,0.24663677130044842,0.05416666666666667,0.2375,0.22807017543859648,0.29227557411273486,0.3789237668161435,0.29025145766625343,0.6711993409288783,0.13228699551569506,2.6884310406822634,0.30340557275541796,,-0.6550649700220674,45.50802250636477,-11.03813270794492,71.51985663762073,-0.6550649700220674,,-17.068416069385442,3.6747621918060993,0.29315320987178684,,,,,,,,437.59999999999997,3.7401709401709398,437.59999999999997,3.7401709401709398,,,,,,,,,,,,,,,,,,,"Brett Nicholas","11192",592592
"Tony Kemp","HOU",124,503,445,110,85,16,5,4,55,35,42,0,82,5,3,8,,18,9,0.24719101123595505,0.08349900596421471,0.16302186878727634,0.5121951219512195,0.31717171717171716,0.3325842696629214,0.2890027129288876,0.6497559868346385,0.08539325842696632,6.0462296220576865,0.292817679558011,,-0.38376960810273886,47.17031628811094,-12.08534219688443,82.0825544627659,-0.38376960810273886,,-11.204533708418584,-2.972632736966303,0.2927054785694345,,,,,,,,433.5,3.495967741935484,433.5,3.495967741935484,,,,,,,,,,,,,,,,,,,"Tony Kemp","14894",643393
"Gordon Beckham","SFG",108,354,320,77,51,19,1,6,39,36,24,1,58,4,5,1,,2,0,0.240625,0.06779661016949153,0.1638418079096045,0.41379310344827586,0.29745042492917845,0.3625,0.2864347357641567,0.6599504249291784,0.12187499999999998,3.95430525813301,0.2720306513409962,,0.22498158318921924,32.44727546063626,-9.255514009917134,77.48885148727733,0.22498158318921924,,-9.589506886495256,1.1913654701997782,0.2923555018950753,,,,,,,,316.2,2.9277777777777776,316.2,2.9277777777777776,,,,,,,,,,,,,,,,,,,"Gordon Beckham","9015",493596
"Matt Hague","MIN",88,367,332,85,59,17,1,8,37,38,28,1,65,5,2,0,,2,1,0.2560240963855422,0.07629427792915532,0.1771117166212534,0.4307692307692308,0.3215258855585831,0.3855421686746988,0.3084193878486508,0.7070680542332819,0.12951807228915663,2.8977138163594756,0.2950191570881226,,-0.21391978044994175,40.2965439726115,-2.937703868329449,89.36031699328434,-0.21391978044994175,,-4.9021464858221995,-4.707138692540747,0.2886991683853809,,,,,,,,374.19999999999993,4.252272727272726,374.19999999999993,4.252272727272726,,,,,,,,,,,,,,,,,,,"Matt Hague","7772",518755
"Brock Stassi","PHI",120,468,417,104,70,20,2,12,57,53,44,1,86,2,4,1,,2,2,0.24940047961630696,0.09401709401709402,0.18376068376068377,0.5116279069767442,0.32119914346895073,0.3932853717026379,0.31069931080924595,0.7144845151715886,0.14388489208633093,3.405873493073747,0.2848297213622291,,-0.6775032293517143,52.26677857743902,-2.865722756512931,91.38417863554572,-0.6775032293517143,,-5.643532705406194,-6.467803613218681,0.28334616932751044,,,,,,,,483.8,4.031666666666667,483.8,4.031666666666667,,,,,,,,,,,,,,,,,,,"Brock Stassi","12244",595426
"Matt Reynolds","NYM",122,469,430,96,67,20,3,6,51,42,29,0,119,4,4,2,,9,3,0.22325581395348837,0.06183368869936034,0.2537313432835821,0.24369747899159663,0.2762312633832976,0.32558139534883723,0.26424934011455264,0.6018126587321349,0.10232558139534886,5.4978211680659825,0.2912621359223301,,0.34642255399376154,34.40229781248929,-20.84800801149247,65.4982729012198,0.34642255399376154,,-19.58234457301585,7.392953169198683,0.27861570500025956,,,,,,,,346.79999999999995,2.842622950819672,346.79999999999995,2.842622950819672,,,,,,,,,,,,,,,,,,,"Matt Reynolds","13788",608703
"Miguel Rojas","MIA",129,329,302,75,57,14,1,3,36,25,17,2,41,2,2,6,,3,3,0.24834437086092714,0.05167173252279635,0.12462006079027356,0.4146341463414634,0.29102167182662536,0.33112582781456956,0.27063758053883585,0.6221474996411949,0.08278145695364242,3.5700347949035827,0.27692307692307694,,-0.7952379896305501,25.867221680511804,-12.890455539296301,68.92377541989222,-0.7952379896305501,,-13.387127470648768,5.640113280143266,0.2776443196044635,,,,,,,,246.79999999999998,1.9131782945736433,246.79999999999998,1.9131782945736433,,,,,,,,,,,,,,,,,,,"Miguel Rojas","7802",500743
"Matt Juengel","MIA",130,520,484,119,79,25,4,11,58,54,27,1,92,5,4,0,,4,2,0.24586776859504134,0.051923076923076926,0.17692307692307693,0.29347826086956524,0.2903846153846154,0.3822314049586777,0.289880703065207,0.6726160203432932,0.13636363636363635,4.385430683315334,0.2805194805194805,,-0.26628409372642636,49.14127295522151,-12.117061860280657,81.8165822376669,-0.26628409372642636,,-11.911448232716495,-1.9163092737124992,0.2769169079326941,,,,,,,,479.1,3.6853846153846157,479.1,3.6853846153846157,,,,,,,,,,,,,,,,,,,"Matt Juengel","sa658579",623251
"Carlos Pérez","LAA",96,345,318,70,46,19,0,5,34,39,19,0,62,1,2,5,,2,1,0.22012578616352202,0.05507246376811594,0.17971014492753623,0.3064516129032258,0.2647058823529412,0.3270440251572327,0.2585988046491847,0.5917499075101739,0.10691823899371067,2.9512495833103394,0.25691699604743085,,-0.1578241321258247,23.697996858407276,-16.944552201877812,60.453984300351124,-0.1578241321258247,,-16.538645736507604,7.556463379288056,0.27661566845088814,,,,,,,,237.1,2.4697916666666666,237.1,2.4697916666666666,,,,,,,,,,,,,,,,,,,"Carlos Perez","10642",542208
"Carlos Asuaje","SDP",129,558,506,123,85,23,6,9,60,50,40,0,110,4,4,4,,7,5,0.24308300395256918,0.07168458781362007,0.1971326164874552,0.36363636363636365,0.30144404332129965,0.36561264822134387,0.29113965527245284,0.6670566915426435,0.12252964426877469,4.945888342729858,0.2915601023017903,,-0.938111657043919,53.31203771677506,-12.42286771985996,80.53562853471169,-0.938111657043919,,-14.314576028457987,-0.767555521909522,0.2722118260416839,,,,,,,,499.5999999999999,3.872868217054263,499.5999999999999,3.872868217054263,,,,,,,,,,,,,,,,,,,"Carlos Asuaje","15197",641319
"Alexi Casilla","TOR",78,271,254,61,45,11,2,3,26,22,14,0,47,0,0,3,,6,2,0.24015748031496062,0.05166051660516605,0.17343173431734318,0.2978723404255319,0.2798507462686567,0.3346456692913386,0.26882072059965845,0.6144964155599952,0.09448818897637798,5.231393222020417,0.28431372549019607,,0.24815103481523693,20.900759058836968,-11.024257739242044,64.44683897174295,0.24815103481523693,,-11.319931056750816,4.78404346197791,0.27042995740525616,,,,,,,,206.89999999999998,2.6525641025641025,206.89999999999998,2.6525641025641025,,,,,,,,,,,,,,,,,,,"Alexi Casilla","5248",458210
"Andrew Romine","DET",107,246,223,52,43,6,1,2,26,17,15,0,51,3,1,4,,9,2,0.23318385650224216,0.06097560975609756,0.2073170731707317,0.29411764705882354,0.2892561983471074,0.29596412556053814,0.26176156731676464,0.5852203239076456,0.06278026905829598,5.9258440593746275,0.29239766081871343,,0.8436633918900043,17.539710041707213,-11.440194505626506,59.09719591850258,0.8436633918900043,,-11.237313127272001,5.495190094808212,0.26499744970523587,,,,,,,,175.6,1.6411214953271027,175.6,1.6411214953271027,,,,,,,,,,,,,,,,,,,"Andrew Romine","1159",461865
"Michael A. Taylor","WSN",124,470,429,97,64,18,2,13,50,47,35,3,157,3,2,1,,22,6,0.2261072261072261,0.07446808510638298,0.33404255319148934,0.2229299363057325,0.2878464818763326,0.3682983682983683,0.28362671807088563,0.6561448501747009,0.1421911421911422,5.853757633700317,0.3218390804597701,,1.719471539137885,41.99069468718676,-13.377415626824817,70.85776333837445,1.719471539137885,,-15.149456773701107,2.7926053650445057,0.2647420585734264,,,,,,,,438.99999999999994,3.540322580645161,438.99999999999994,3.540322580645161,,,,,,,,,,,,,,,,,,,"Michael A. Taylor","11489",572191
"Justin Smoak","TOR",128,387,343,79,47,16,0,16,44,54,40,1,106,2,2,0,,0,1,0.2303206997084548,0.10335917312661498,0.2739018087855297,0.37735849056603776,0.31266149870801035,0.41690962099125367,0.3154701701717673,0.729571119699264,0.18658892128279886,1.456926460084233,0.2825112107623318,,-0.6071883086115122,44.74411871029152,-0.8462189312456763,96.50741764308613,-0.6071883086115122,,-2.230012495759002,-8.292938412812651,0.2645480290908573,,,,,,,,419.4,3.2765625,419.4,3.2765625,,,,,,,,,,,,,,,,,,,"Justin Smoak","9054",475253
"Jefry Marte","LAA",122,465,423,102,62,21,1,18,55,60,32,0,103,5,4,1,,5,4,0.24113475177304963,0.06881720430107527,0.221505376344086,0.3106796116504854,0.2995689655172414,0.4231678486997636,0.31052927775629635,0.722736814217005,0.18203309692671396,3.5126234758719965,0.27450980392156865,,-0.8610652585048229,51.866493466958616,-2.912594396903896,96.1440306730753,-0.8610652585048229,,-3.013848850087979,-10.189489011201067,0.260651171626761,,,,,,,,493.29999999999995,4.04344262295082,493.29999999999995,4.04344262295082,,,,,,,,,,,,,,,,,,,"Jefry Marte","5107",527043
"Eric Fryer","STL",66,195,175,40,31,7,1,1,21,17,17,0,43,1,1,1,,2,2,0.22857142857142856,0.08717948717948718,0.2205128205128205,0.3953488372093023,0.29896907216494845,0.29714285714285715,0.26789441243889406,0.5961119293078057,0.06857142857142859,4.008643408982612,0.29545454545454547,,-0.5294107177760452,14.890242670095747,-8.081632885717564,64.15906648930567,-0.5294107177760452,,-9.136982993556895,5.4734315043824475,0.25947980546980026,,,,,,,,136.60000000000002,2.0696969696969703,136.60000000000002,2.0696969696969703,,,,,,,,,,,,,,,,,,,"Eric Fryer","8145",518700
"Adam Lind","WSN",121,429,387,102,67,21,1,13,49,59,39,5,74,1,2,0,,0,0,0.26356589147286824,0.09090909090909091,0.17249417249417248,0.527027027027027,0.331002331002331,0.42377260981912146,0.3228812477779838,0.7547749408214525,0.16020671834625322,1.7756696428571426,0.2947019867549669,,-0.22887024516239762,52.22354703922256,1.6854208164332733,97.15812428772887,-0.22887024516239762,,-1.7303833485165312,-9.386183246523405,0.2582502664406521,,,,,,,,492.99999999999994,4.074380165289256,492.99999999999994,4.074380165289256,,,,,,,,,,,,,,,,,,,"Adam Lind","8027",452252
"Bryan Holaday","PHI",65,206,190,45,30,10,1,4,20,21,9,0,43,3,2,2,,1,1,0.23684210526315788,0.043689320388349516,0.2087378640776699,0.20930232558139536,0.27941176470588236,0.3631578947368421,0.2783348972306532,0.6425696594427245,0.12631578947368424,3.488841225319028,0.2827586206896552,,-0.30397231271490455,17.504911698484438,-6.7628132476568075,69.70016495909964,-0.30397231271490455,,-7.991279543759659,3.9527585052396184,0.2569047900083067,,,,,,,,169.39999999999998,2.6061538461538456,169.39999999999998,2.6061538461538456,,,,,,,,,,,,,,,,,,,"Bryan Holaday","11287",592407
"Amed Rosario","NYM",120,513,478,110,78,20,7,5,49,44,28,1,122,3,3,1,,12,6,0.2301255230125523,0.05458089668615984,0.2378167641325536,0.22950819672131148,0.275390625,0.33263598326359833,0.2646329924318422,0.6080266082635983,0.10251046025104604,6.2006621713730095,0.2966101694915254,,-0.30072292406111956,37.79220843188252,-22.641494953410962,65.75531825366856,-0.30072292406111956,,-21.93673691001002,8.102011794135684,0.2534403290965239,,,,,,,,381.9,3.1824999999999997,381.9,3.1824999999999997,,,,,,,,,,,,,,,,,,,"Amed Rosario","15518",642708
"Kelly Johnson","NYM",112,310,283,68,44,12,1,11,31,38,23,1,68,2,2,0,,3,1,0.24028268551236748,0.07419354838709677,0.21935483870967742,0.3382352941176471,0.3,0.40636042402826855,0.3039581717796696,0.7063604240282686,0.16607773851590107,3.547009785414683,0.2766990291262136,,0.037688218988478184,32.89677402998938,-3.6226178792522945,92.10301414923136,0.037688218988478184,,-2.9773290756376185,-4.404404003854221,0.2532125018561175,,,,,,,,319.5999999999999,2.8535714285714278,319.5999999999999,2.8535714285714278,,,,,,,,,,,,,,,,,,,"Kelly Johnson","2234",430637
"Hank Conger","ARI",78,245,221,50,29,13,1,7,22,29,19,0,57,2,1,2,,0,1,0.22624434389140272,0.07755102040816327,0.23265306122448978,0.3333333333333333,0.29218106995884774,0.3891402714932127,0.29570951039899035,0.6813213414520605,0.16289592760180996,2.4025880859699997,0.2721518987341772,,-0.5219229231588542,24.331477332083466,-4.530622725220441,75.72323903939679,-0.5219229231588542,,-7.847191971106499,2.519378811734203,0.2518807406459078,,,,,,,,228.39999999999998,2.928205128205128,228.39999999999998,2.928205128205128,,,,,,,,,,,,,,,,,,,"Hank Conger","2505",474233
"Jed Lowrie","OAK",97,399,360,90,65,18,1,6,40,36,31,3,61,3,4,1,,0,0,0.25,0.07769423558897243,0.15288220551378445,0.5081967213114754,0.31155778894472363,0.35555555555555557,0.2901608012899568,0.6671133445002793,0.10555555555555557,1.8656832298136643,0.2828282828282828,,-0.21540728956460953,37.79869607271444,-9.205295449180491,81.25017892491778,-0.21540728956460953,,-9.197631148679145,-1.8835406803790433,0.24903247754827695,,,,,,,,360.29999999999995,3.7144329896907213,360.29999999999995,3.7144329896907213,,,,,,,,,,,,,,,,,,,"Jed Lowrie","4418",476704
"Kristopher Negrón","ARI",112,379,346,78,53,15,3,7,36,33,18,0,99,7,3,5,,12,3,0.2254335260115607,0.047493403693931395,0.2612137203166227,0.18181818181818182,0.27540106951871657,0.3468208092485549,0.27132818198459036,0.6222218787672715,0.12138728323699421,6.130273561917184,0.29218106995884774,,0.9957867334596813,30.01438632797853,-14.633515393320161,59.38785704633423,0.9957867334596813,,-17.960875420324193,8.305169624416076,0.2450481134936406,,,,,,,,306.59999999999997,2.7375,306.59999999999997,2.7375,,,,,,,,,,,,,,,,,,,"Kristopher Negron","5306",502117
"JT Riddle","MIA",107,460,431,107,83,16,3,5,47,38,21,1,83,2,3,3,,5,2,0.2482598607888631,0.04565217391304348,0.18043478260869567,0.25301204819277107,0.2844638949671772,0.33410672853828305,0.2693411071310964,0.6185706235054602,0.08584686774941994,4.6371904670741575,0.2947976878612717,,-0.05506496108137071,35.67482842376627,-18.515236989947184,68.05514398196108,-0.05506496108137071,,-18.152853966809957,5.896286716957361,0.24247779807626668,,,,,,,,351.5999999999999,3.285981308411214,351.5999999999999,3.285981308411214,,,,,,,,,,,,,,,,,,,"JT Riddle","17642",595375
"Mike Ford","NYY",93,386,343,85,56,16,1,12,45,46,37,1,72,2,4,0,,1,1,0.2478134110787172,0.09585492227979274,0.18652849740932642,0.5138888888888888,0.32124352331606215,0.40524781341107874,0.3145868313776982,0.7264913367271408,0.15743440233236153,2.5264306242342025,0.27756653992395436,,-0.42065126122906804,44.34714670358658,-1.1253864479207931,94.44506026107105,-0.42065126122906804,,-2.9950778240294693,-7.752956785467496,0.2380650307432901,,,,,,,,413.99999999999994,4.451612903225806,413.99999999999994,4.451612903225806,,,,,,,,,,,,,,,,,,,"Mike Ford","15585",645801
"Howie Kendrick","PHI",132,528,483,129,95,23,3,8,63,48,39,3,88,3,2,1,,8,3,0.2670807453416149,0.07386363636363637,0.16666666666666666,0.4431818181818182,0.32447817836812143,0.37681159420289856,0.30509562835893556,0.70128977257102,0.10973084886128365,4.646930398764681,0.3110539845758355,,0.07013246929273009,56.52620724507745,-5.674563490663209,87.62973622626431,0.07013246929273009,,-7.974007833160945,-6.491325824664383,0.23772986686968645,,,,,,,,531.2,4.024242424242424,531.2,4.024242424242424,,,,,,,,,,,,,,,,,,,"Howie Kendrick","4229",435062
"Nick Hundley","SFG",89,318,294,73,49,15,2,7,26,32,20,2,73,1,2,1,,2,2,0.24829931972789115,0.06289308176100629,0.22955974842767296,0.273972602739726,0.29652996845425866,0.3843537414965986,0.2922801280778552,0.6808837099508573,0.13605442176870747,3.1938581699894657,0.3055555555555556,,-0.5720434105023742,30.681390445383848,-6.780437384096325,81.40523843390413,-0.5720434105023742,,-7.8546103940507175,0.06429151084267382,0.23744364019698816,,,,,,,,296.69999999999993,3.3337078651685386,296.69999999999993,3.3337078651685386,,,,,,,,,,,,,,,,,,,"Nick Hundley","3376",460026
"Austin Nola","MIA",123,487,440,101,74,21,3,3,45,37,34,1,96,4,3,6,,3,2,0.22954545454545455,0.06981519507186858,0.1971252566735113,0.3541666666666667,0.288981288981289,0.31136363636363634,0.2656537750114997,0.6003449253449253,0.08181818181818179,3.926164079678144,0.28488372093023256,,-0.4685279226396233,36.28701880111936,-21.083767843399013,65.58464780205132,-0.4685279226396233,,-21.110345400137643,7.916738448459776,0.23445354598949134,,,,,,,,345.89999999999986,2.8121951219512185,345.89999999999986,2.8121951219512185,,,,,,,,,,,,,,,,,,,"Austin Nola","15941",543592
"Brett Eibner","LAD",107,418,378,84,52,16,2,14,47,46,35,1,111,1,2,2,,5,2,0.2222222222222222,0.08373205741626795,0.26555023923444976,0.3153153153153153,0.28846153846153844,0.3862433862433862,0.2918041599802224,0.6747049247049246,0.164021164021164,4.337181069765536,0.27450980392156865,,-0.014676094288006425,40.1654568078549,-9.076820024606455,82.30886000346483,-0.014676094288006425,,-9.122169280043487,-1.880018706745011,0.23417540136616388,,,,,,,,393.69999999999993,3.679439252336448,393.69999999999993,3.679439252336448,,,,,,,,,,,,,,,,,,,"Brett Eibner","11369",518649
"Cristhian Adames","COL",134,443,401,107,82,15,4,6,41,36,29,1,74,3,2,8,,8,7,0.26683291770573564,0.0654627539503386,0.1670428893905192,0.3918918918918919,0.3195402298850575,0.3690773067331671,0.3007577503881147,0.6886175366182246,0.10224438902743144,4.403010897353901,0.3126934984520124,,-1.521673692157492,45.84064902850974,-6.346740054696916,69.14625337984604,-1.521673692157492,,-18.35532739808236,6.5532869809098555,0.23367688788424218,,,,,,,,412.49999999999994,3.0783582089552235,412.49999999999994,3.0783582089552235,,,,,,,,,,,,,,,,,,,"Cristhian Adames","6013",542436
"Max Schrock","OAK",124,535,506,132,97,24,3,8,59,52,23,0,56,3,3,0,,12,5,0.2608695652173913,0.04299065420560748,0.10467289719626169,0.4107142857142857,0.2953271028037383,0.3675889328063241,0.2876468801052771,0.6629160356100624,0.1067193675889328,5.04464976281084,0.2786516853932584,,0.07535131345503032,49.57266367698622,-13.45273848896313,79.52244647246097,0.07535131345503032,,-13.078281158752995,-2.7843446978255626,0.23119732030017398,,,,,,,,481.9,3.886290322580645,481.9,3.886290322580645,,,,,,,,,,,,,,,,,,,"Max Schrock","17750",621011
"Dylan Cozens","PHI",128,546,505,120,70,27,4,19,76,85,37,2,200,1,3,0,,14,3,0.2376237623762376,0.06776556776556776,0.3663003663003663,0.185,0.2893772893772894,0.4198019801980198,0.3023455494686085,0.7091792695753092,0.18217821782178217,6.709452955308048,0.3494809688581315,,1.3329596132971346,57.214222279554356,-7.107029276722922,85.78719555657636,1.3329596132971346,,-8.22442750289093,-6.908238541196893,0.22801977274452057,,,,,,,,578.9000000000001,4.522656250000001,578.9000000000001,4.522656250000001,,,,,,,,,,,,,,,,,,,"Dylan Cozens","15115",622226
"Adonis García","ATL",122,496,471,124,86,25,1,12,57,53,18,2,80,5,2,0,,4,2,0.2632696390658174,0.036290322580645164,0.16129032258064516,0.225,0.2963709677419355,0.3970276008492569,0.29756724158761955,0.6933985685911924,0.13375796178343952,3.6451597121264765,0.29396325459317585,,-0.2595526159275323,50.01915951545909,-8.411867539327593,82.38844424497105,-0.2595526159275323,,-11.017914591519164,-2.5268425296713923,0.22781046331867563,,,,,,,,485.4,3.9786885245901638,485.4,3.9786885245901638,,,,,,,,,,,,,,,,,,,"Adonis Garcia","13777",611177
"Casey McElroy","SDP",101,402,364,85,62,16,2,5,44,36,29,2,77,5,2,2,,1,2,0.23351648351648352,0.07213930348258707,0.19154228855721392,0.37662337662337664,0.2975,0.32967032967032966,0.27587887135582356,0.6271703296703297,0.09615384615384615,3.259696602826666,0.28169014084507044,,-0.8303828877396882,33.34537047910252,-14.012034512881847,70.3109709379382,-0.8303828877396882,,-15.529417138837935,4.9711623906668745,0.22754311808864583,,,,,,,,315.0999999999999,3.119801980198019,315.0999999999999,3.119801980198019,,,,,,,,,,,,,,,,,,,"Casey McElroy","sa577018",605369
"Todd Cunningham","STL",115,458,410,102,76,18,3,5,52,39,31,1,68,8,2,7,,14,5,0.24878048780487805,0.06768558951965066,0.14847161572052403,0.45588235294117646,0.31263858093126384,0.3439024390243902,0.28974662171469795,0.6565410199556541,0.09512195121951217,5.770773792201389,0.2861356932153392,,0.49554575281217694,43.23144865569921,-10.723007777954617,78.79994986716842,0.49554575281217694,,-11.46274531052185,-0.8899110418989116,0.22614703778244116,,,,,,,,407.0999999999999,3.539999999999999,407.0999999999999,3.539999999999999,,,,,,,,,,,,,,,,,,,"Todd Cunningham","10822",592239
"Eric Campbell","NYM",113,387,337,79,56,14,2,7,47,39,40,1,78,6,3,1,,7,3,0.2344213649851632,0.10335917312661498,0.20155038759689922,0.5128205128205128,0.3238341968911917,0.35014836795252224,0.2989163579878869,0.6739825648437139,0.11572700296735905,4.837666971568834,0.2823529411764706,,-0.05582127789966762,39.45786902045518,-6.132468621082012,88.72502125127187,-0.05582127789966762,,-5.429769169141878,-4.736318291810454,0.2188688840294818,,,,,,,,366.1,3.239823008849558,366.1,3.239823008849558,,,,,,,,,,,,,,,,,,,"Eric Campbell","6938",493472
"Andrew Pullin","PHI",107,466,441,116,79,20,4,13,59,66,18,1,96,4,2,1,,0,2,0.26303854875283444,0.03862660944206009,0.20600858369098712,0.1875,0.2967741935483871,0.41496598639455784,0.30459286118375845,0.7117401799429449,0.1519274376417234,3.7638603140067666,0.3083832335329341,,-1.0438458463177085,49.69533362525421,-5.201558728638117,87.29288444688217,-1.0438458463177085,,-8.336735624755745,-4.344084327288195,0.21860272192878183,,,,,,,,471.9999999999999,4.411214953271027,471.9999999999999,4.411214953271027,,,,,,,,,,,,,,,,,,,"Andrew Pullin","sa658016",621416
"Travis Denker","ARI",82,320,287,68,42,13,1,12,36,39,27,1,73,3,3,0,,3,1,0.23693379790940766,0.084375,0.228125,0.3698630136986301,0.30625,0.4146341463414634,0.3100511044917809,0.7208841463414635,0.17770034843205573,3.7662657973097704,0.2731707317073171,,0.030956741189584136,35.566808398354205,-2.1306284111855915,85.33204352754012,0.030956741189584136,,-5.7498219690682735,-2.2917110042527167,0.21825670921630155,,,,,,,,342.8999999999999,4.18170731707317,342.8999999999999,4.18170731707317,,,,,,,,,,,,,,,,,,,"Travis Denker","6155",458239
"Allen Córdoba","SDP",63,274,253,60,44,12,2,2,32,22,16,0,33,3,2,0,,15,5,0.23715415019762845,0.058394160583941604,0.12043795620437957,0.48484848484848486,0.28832116788321166,0.3241106719367589,0.2698420112150429,0.6124318398199706,0.08695652173913046,6.749273244138619,0.2636363636363636,,0.809980878373608,21.363040567217464,-10.915389700950985,66.26630139564607,0.809980878373608,,-10.573662375491043,3.98312220760544,0.21705339749044325,,,,,,,,219.5,3.484126984126984,219.5,3.484126984126984,,,,,,,,,,,,,,,,,,,"Allen Cordoba","15722",642707
"Billy Butler","NYY",126,459,414,111,77,22,0,12,46,58,38,3,80,3,4,0,,0,0,0.26811594202898553,0.08278867102396514,0.17429193899782136,0.475,0.3311546840958606,0.4082125603864734,0.3190277480242545,0.739367244482334,0.14009661835748788,1.0689520333680915,0.30368098159509205,,-0.2580399822909385,54.41603457799995,0.3437736543163112,97.49715109656337,-0.2580399822909385,,-1.6373477081034877,-11.805555555555554,0.21536546968734127,,,,,,,,507.19999999999993,4.025396825396824,507.19999999999993,4.025396825396824,,,,,,,,,,,,,,,,,,,"Billy Butler","7399",456714
"Ildemaro Vargas","ARI",122,520,481,125,94,22,3,6,51,42,26,1,52,2,3,8,,9,3,0.2598752598752599,0.05,0.1,0.5,0.298828125,0.35550935550935553,0.2845449640093018,0.6543374805093556,0.09563409563409564,4.65437215436639,0.2793427230046948,,0.2993022094015032,46.851794241342056,-14.406540574160113,68.24304243341058,0.2993022094015032,,-20.03873260075104,5.594582404277732,0.21388021339541935,,,,,,,,449.0000000000001,3.68032786885246,449.0000000000001,3.68032786885246,,,,,,,,,,,,,,,,,,,"Ildemaro Vargas","13324",545121
"Jeremy Dowdy","CHW",54,209,190,44,32,8,1,3,21,17,17,0,42,1,0,1,,0,0,0.23157894736842105,0.08133971291866028,0.20095693779904306,0.40476190476190477,0.2980769230769231,0.33157894736842103,0.2794303237818755,0.6296558704453441,0.09999999999999998,2.457512315270936,0.2827586206896552,,-0.11219129664823413,17.948753376050696,-6.67238504017998,72.95393412343103,-0.11219129664823413,,-6.898978601184827,1.8928930868056857,0.21208927978185654,,,,,,,,167.5,3.1018518518518516,167.5,3.1018518518518516,,,,,,,,,,,,,,,,,,,"Jeremy Dowdy","sa621614",623951
"Robbie Grossman","MIN",129,520,457,114,80,21,1,12,61,49,58,2,130,2,1,2,,9,6,0.24945295404814005,0.11153846153846154,0.25,0.4461538461538462,0.3359073359073359,0.3785557986870897,0.31438210791395615,0.7144631345944257,0.12910284463894967,3.7196921880259306,0.3227848101265823,,-0.9680377109907568,59.65442666712791,-1.603908148374254,93.4582915139358,-0.9680377109907568,,-5.052250696591878,-10.506522427580764,0.21030635306254564,,,,,,,,541.1,4.194573643410853,541.1,4.194573643410853,,,,,,,,,,,,,,,,,,,"Robbie Grossman","5254",543257
"Ben Revere","LAA",129,508,479,128,108,13,5,2,60,31,20,0,48,3,2,4,,25,6,0.267223382045929,0.03937007874015748,0.09448818897637795,0.4166666666666667,0.2996031746031746,0.3277661795407098,0.2755355742715654,0.6273693541438844,0.06054279749478081,6.844480212757198,0.2923433874709977,,2.247669118223712,41.994026971685756,-17.850653963458665,72.09404950792444,2.247669118223712,,-14.772911965443694,-0.42157094258550076,0.20598917334707872,,,,,,,,422.49999999999994,3.275193798449612,422.49999999999994,3.275193798449612,,,,,,,,,,,,,,,,,,,"Ben Revere","4712",519184
"Jacob Wilson","STL",102,398,360,82,50,20,1,11,43,44,27,1,94,5,5,1,,2,3,0.22777777777777777,0.0678391959798995,0.23618090452261306,0.2872340425531915,0.2871536523929471,0.38055555555555554,0.2880180092773052,0.6677092079485026,0.15277777777777776,3.1446873235363464,0.27307692307692305,,-1.0109447741415352,37.00023945053248,-9.885947581332639,77.64178719437116,-1.0109447741415352,,-11.970348136218727,1.3254450697239393,0.20567383327374794,,,,,,,,357.7,3.506862745098039,357.7,3.506862745098039,,,,,,,,,,,,,,,,,,,"Jacob Wilson","13254",607111
"Donnie Dewees","KCR",112,499,465,114,82,20,6,6,50,44,22,1,101,4,4,4,,19,6,0.24516129032258063,0.04408817635270541,0.20240480961923848,0.21782178217821782,0.2828282828282828,0.35268817204301073,0.2748259982840735,0.6355164548712935,0.1075268817204301,6.7284166154804215,0.2983425414364641,,1.1015209227334708,40.957866609864375,-17.82657391501174,66.96364346884026,1.1015209227334708,,-18.69124739843004,3.782090253860792,0.20398954900500174,,,,,,,,419.3,3.74375,419.3,3.74375,,,,,,,,,,,,,,,,,,,"Donnie Dewees","sa858802",664159
"Ryan Hanigan","PHI",57,195,171,37,28,6,0,3,17,19,19,1,36,3,1,1,,0,0,0.21637426900584794,0.09743589743589744,0.18461538461538463,0.5277777777777778,0.30412371134020616,0.30409356725146197,0.27298887838353764,0.6082172785916682,0.08771929824561403,1.1688005390835576,0.2556390977443609,,-0.10994747071526945,15.709974802090896,-7.261900753722417,66.11835602213594,-0.10994747071526945,,-8.246976024246665,4.03851149143155,0.20375312727236045,,,,,,,,147.79999999999998,2.5929824561403505,147.79999999999998,2.5929824561403505,,,,,,,,,,,,,,,,,,,"Ryan Hanigan","4952",452672
"Anthony Alford","TOR",104,462,414,86,56,17,3,10,46,41,41,0,167,4,3,0,,15,8,0.20772946859903382,0.08874458874458875,0.36147186147186144,0.24550898203592814,0.28354978354978355,0.3357487922705314,0.2735103184268588,0.6192985758203149,0.12801932367149757,5.585767425893565,0.31666666666666665,,-0.5044793866109103,37.419341338949096,-17.006333054823983,67.66983991719913,-0.5044793866109103,,-18.437922591891322,4.7751408800666715,0.2032721590126701,,,,,,,,369.1,3.5490384615384616,369.1,3.5490384615384616,,,,,,,,,,,,,,,,,,,"Anthony Alford","14329",546990
"Mike Gerber","DET",120,512,472,109,67,23,4,15,54,57,32,2,149,4,4,0,,7,3,0.2309322033898305,0.0625,0.291015625,0.21476510067114093,0.283203125,0.3919491525423729,0.289261118220348,0.6751522775423728,0.1610169491525424,4.937085799662354,0.30128205128205127,,-0.05582127789966762,48.12348966483129,-12.192409230432384,77.99670112720003,-0.05582127789966762,,-13.581890634064473,-1.7787890354371783,0.20285007362723428,,,,,,,,481.8,4.015,481.8,4.015,,,,,,,,,,,,,,,,,,,"Mike Gerber","16115",595222
"Conor Gillaspie","SFG",114,345,321,84,56,17,4,7,34,39,21,3,51,1,2,0,,1,2,0.2616822429906542,0.06086956521739131,0.14782608695652175,0.4117647058823529,0.3072463768115942,0.40498442367601245,0.30362548326191147,0.7122308004876067,0.14330218068535827,3.551887020109956,0.29056603773584905,,-0.7877501950133592,36.51621599008482,-4.126333070200279,89.00657613087198,-0.7877501950133592,,-5.458846509902149,-3.538963409538202,0.20176111371862443,,,,,,,,349.59999999999997,3.0666666666666664,349.59999999999997,3.0666666666666664,,,,,,,,,,,,,,,,,,,"Conor Gillaspie","9009",543216
"Jake Peter","CHW",132,562,516,122,91,22,3,6,58,44,36,1,120,5,4,1,,8,2,0.2364341085271318,0.06405693950177936,0.21352313167259787,0.3,0.2905525846702317,0.32558139534883723,0.2711356458919389,0.6161339800190689,0.08914728682170545,4.7798709220506055,0.29441624365482233,,0.48659557360224426,44.41753410890753,-21.788589287846737,67.25328437336923,0.48659557360224426,,-21.60962085572017,4.53393184753252,0.20067805688278528,,,,,,,,437.0999999999999,3.3113636363636356,437.0999999999999,3.3113636363636356,,,,,,,,,,,,,,,,,,,"Jake Peter","sa829115",656846
"Roger Bernadina","NYM",101,340,302,63,41,13,2,7,34,32,30,1,98,4,1,3,,9,3,0.20860927152317882,0.08823529411764706,0.28823529411764703,0.30612244897959184,0.2878338278931751,0.3344370860927152,0.27475008226576303,0.6222709139858903,0.1258278145695364,5.40620151231986,0.2828282828282828,,0.4047620282508433,27.88586502363024,-12.16766158650579,72.5337236090395,0.4047620282508433,,-11.09649891705202,2.2425751128244373,0.20021591440796616,,,,,,,,276.4,2.7366336633663364,276.4,2.7366336633663364,,,,,,,,,,,,,,,,,,,"Roger Bernadina","6421",465668
"Rey Navarro","LAA",90,371,348,85,60,17,2,6,38,32,16,0,62,1,2,4,,3,3,0.2442528735632184,0.0431266846361186,0.16711590296495957,0.25806451612903225,0.2779291553133515,0.3563218390804598,0.2747119678138712,0.6342509943938113,0.11206896551724138,3.834078761246316,0.2801418439716312,,-0.8019694674294442,30.41673161855827,-13.288734182501926,71.52801282639159,-0.8019694674294442,,-13.484489007406651,2.8373462197221357,0.19641783921759026,,,,,,,,293.4,3.26,293.4,3.26,,,,,,,,,,,,,,,,,,,"Rey Navarro","6008",519071
"Jose Lobatón","WSN",51,164,146,33,23,6,1,3,14,15,15,1,37,1,1,1,,0,0,0.22602739726027396,0.09146341463414634,0.22560975609756098,0.40540540540540543,0.3006134969325153,0.3424657534246575,0.28184904250097864,0.6430792503571728,0.11643835616438356,2.29563492063492,0.2803738317757009,,-0.08526538545265794,14.411505751533653,-4.908430613355494,69.66672858421336,-0.08526538545265794,,-6.2120110637152255,2.8941035656447904,0.19401571932499576,,,,,,,,138.1,2.7078431372549017,138.1,2.7078431372549017,,,,,,,,,,,,,,,,,,,"Jose Lobaton","4243",446653
"Arismendy Alcántara","CIN",135,545,504,116,68,23,8,17,66,64,33,0,160,1,3,4,,22,7,0.23015873015873015,0.060550458715596334,0.29357798165137616,0.20625,0.27726432532347506,0.4087301587301587,0.2931925405415942,0.6859944840536338,0.17857142857142858,7.605150988532037,0.3,,1.3030084348283708,52.99320964550018,-11.210237420747285,77.24903631432447,1.3030084348283708,,-13.967836016906654,-1.4961114894075296,0.19088857433739093,,,,,,,,541.8999999999999,4.014074074074073,541.8999999999999,4.014074074074073,,,,,,,,,,,,,,,,,,,"Arismendy Alcantara","10711",570489
"Erik González","CLE",129,531,502,123,85,24,4,10,52,51,19,1,127,3,2,5,,11,7,0.2450199203187251,0.035781544256120526,0.2391713747645951,0.14960629921259844,0.27566539923954375,0.36852589641434264,0.27713393722261703,0.6441912956538864,0.12350597609561753,5.171304482160271,0.3079019073569482,,-0.9059669016860425,44.59567082283687,-17.958513382993225,65.96040197675573,-0.9059669016860425,,-22.60761890344653,6.486144578646099,0.19086827586204502,,,,,,,,440.49999999999994,3.414728682170542,440.49999999999994,3.414728682170542,,,,,,,,,,,,,,,,,,,"Erik Gonzalez","13369",570481
"Johnny Field","TBR",114,487,451,104,64,25,3,12,53,50,24,0,132,7,4,1,,12,5,0.23059866962305986,0.049281314168377825,0.27104722792607805,0.18181818181818182,0.2777777777777778,0.37915742793791574,0.28349258698553703,0.6569352057156935,0.14855875831485588,5.585867596294719,0.2958199356913183,,0.13817843957804143,43.4556060157385,-13.915180628779872,76.96322632513781,0.13817843957804143,,-13.331724550468444,-1.316611351650088,0.1890908971304713,,,,,,,,435.59999999999997,3.8210526315789473,435.59999999999997,3.8210526315789473,,,,,,,,,,,,,,,,,,,"Johnny Field","15048",608654
"Rymer Liriano","CHW",102,415,375,79,51,16,2,10,49,40,33,1,141,5,2,0,,13,7,0.21066666666666667,0.07951807228915662,0.3397590361445783,0.23404255319148937,0.2819277108433735,0.344,0.27454987772996875,0.6259277108433734,0.1333333333333333,5.791601289850172,0.3053097345132743,,-0.4655780289322138,33.96860037570679,-14.920262986665128,69.59976968990352,-0.4655780289322138,,-15.613003406544683,3.3816550909106278,0.18683670688798876,,,,,,,,338.29999999999995,3.3166666666666664,338.29999999999995,3.3166666666666664,,,,,,,,,,,,,,,,,,,"Rymer Liriano","4779",542642
"Chris Herrmann","ARI",78,250,226,53,33,12,3,5,27,28,19,1,63,2,2,1,,3,1,0.2345132743362832,0.076,0.252,0.30158730158730157,0.2971887550200803,0.3805309734513274,0.29253038403487974,0.6777197284714077,0.14601769911504422,5.740064027284563,0.3,,0.07134560798294842,24.17221533561572,-5.2789071718372425,73.59323846357539,0.07134560798294842,,-8.059241485004502,1.9292765557941163,0.18610701865006446,,,,,,,,235.59999999999994,3.0205128205128196,235.59999999999994,3.0205128205128196,,,,,,,,,,,,,,,,,,,"Chris Herrmann","9284",543302
"Dominic Smith","NYM",132,553,512,132,91,27,1,13,63,69,35,2,103,2,4,0,,1,1,0.2578125,0.06329113924050633,0.18625678119349007,0.33980582524271846,0.30560578661844484,0.390625,0.3003030180282039,0.6962307866184448,0.1328125,2.581549812338552,0.2975,,-0.4924536910839379,57.015702210724726,-8.130180775761229,89.65407733337258,-0.4924536910839379,,-7.538753423947465,-8.238115018287314,0.18490308153804946,,,,,,,,543.4999999999999,4.117424242424241,543.4999999999999,4.117424242424241,,,,,,,,,,,,,,,,,,,"Dominic Smith","15653",642086
"Miguel Gómez","SFG",103,442,425,115,82,20,3,10,47,49,12,1,62,2,2,1,,2,2,0.27058823529411763,0.027149321266968326,0.14027149321266968,0.1935483870967742,0.2925170068027211,0.4023529411764706,0.29719876091588626,0.6948699479791917,0.13176470588235295,3.6370966842867984,0.29577464788732394,,-0.6326267106924206,44.43913251749044,-7.630452075686395,84.70070063872001,-0.6326267106924206,,-8.96100734913917,-3.3172552357134855,0.18172302346682778,,,,,,,,428.3,4.1582524271844665,428.3,4.1582524271844665,,,,,,,,,,,,,,,,,,,"Miguel Gomez","17075",622497
"Tim Locastro","LAD",129,562,515,129,96,22,4,7,63,50,21,0,85,21,3,2,,20,9,0.2504854368932039,0.037366548042704624,0.1512455516014235,0.24705882352941178,0.3053571428571429,0.34951456310679613,0.2887110666504928,0.6548717059639391,0.09902912621359222,6.058175113345293,0.2863849765258216,,0.002767442259937525,52.567968027762056,-13.638155368992207,80.23650117942779,0.002767442259937525,,-13.676627918516365,-2.423738125840893,0.18108794681649082,,,,,,,,498.59999999999997,3.8651162790697673,498.59999999999997,3.8651162790697673,,,,,,,,,,,,,,,,,,,"Tim Locastro","15124",641796
"Dean Anna","KCR",105,404,360,88,65,18,2,3,44,33,36,0,64,2,4,2,,3,3,0.24444444444444444,0.0891089108910891,0.15841584158415842,0.5625,0.31343283582089554,0.33055555555555555,0.28592650614567655,0.643988391376451,0.08611111111111111,3.706119728366331,0.28619528619528617,,-0.8603089416865259,36.86079798653808,-10.732215985505912,74.59264464362732,-0.8603089416865259,,-13.184393744998681,1.235170934110582,0.17758112058217054,,,,,,,,335.9,3.1990476190476187,335.9,3.1990476190476187,,,,,,,,,,,,,,,,,,,"Dean Anna","8353",542883
"Joshua Rodriguez","OAK",103,414,369,81,56,15,1,9,45,39,38,0,111,2,3,2,,5,3,0.21951219512195122,0.09178743961352658,0.26811594202898553,0.34234234234234234,0.2936893203883495,0.33875338753387535,0.27963800511313874,0.6324427079222248,0.11924119241192413,3.9676084486490595,0.2857142857142857,,-0.4446021541953087,35.62493734103698,-13.146121531305127,74.01821932488227,-0.4446021541953087,,-13.359265945432,1.0660840186177107,0.17704882223442642,,,,,,,,339.5,3.296116504854369,339.5,3.296116504854369,,,,,,,,,,,,,,,,,,,"Joshua Rodriguez","5716",446044
"Jake DePew","BOS",68,256,237,51,35,9,1,6,24,25,15,0,78,0,2,2,,0,1,0.21518987341772153,0.05859375,0.3046875,0.19230769230769232,0.25984251968503935,0.33755274261603374,0.25961036475624627,0.5973952623010731,0.12236286919831221,2.755076272276105,0.2903225806451613,,-0.5219229231588542,17.798283749880753,-12.359665697751081,53.279761670964675,-0.5219229231588542,,-14.882069272765404,7.9369157486141315,0.17661041074450973,,,,,,,,178.99999999999994,2.6323529411764697,178.99999999999994,2.6323529411764697,,,,,,,,,,,,,,,,,,,"Jake DePew","sa548454",592259
"B.J. Upton","TOR",123,433,394,87,55,16,3,13,49,43,33,2,136,1,3,2,,15,5,0.22081218274111675,0.07621247113163972,0.3140877598152425,0.2426470588235294,0.28074245939675174,0.3756345177664975,0.2825564623990537,0.6563769771632493,0.15482233502538073,6.106335270645054,0.29838709677419356,,0.7561290559824556,38.302647569475674,-12.70669661343286,73.88694672452688,0.7561290559824556,,-12.819482482012381,-0.12638752464684622,0.17612277072389293,,,,,,,,395.4,3.214634146341463,395.4,3.214634146341463,,,,,,,,,,,,,,,,,,,"B.J. Upton","5015",425834
"Paul DeJong","STL",113,479,438,106,68,22,3,13,51,53,31,1,135,6,4,0,,6,3,0.2420091324200913,0.06471816283924843,0.2818371607515658,0.22962962962962963,0.2985386221294363,0.3949771689497717,0.2991687805084005,0.693515791079208,0.15296803652968038,4.494448022978877,0.3163265306122449,,-0.2625527586787939,48.93780479960125,-7.490545924678628,85.11275450514378,-0.2625527586787939,,-9.045021595359032,-4.47076597639843,0.1754890427354175,,,,,,,,472.69999999999993,4.183185840707964,472.69999999999993,4.183185840707964,,,,,,,,,,,,,,,,,,,"Paul DeJong","18015",657557
"Cedric Hunter","PHI",119,437,407,101,63,21,2,15,53,58,23,1,73,2,3,2,,7,4,0.24815724815724816,0.05263157894736842,0.16704805491990846,0.3150684931506849,0.2896551724137931,0.4201474201474201,0.30281139038125493,0.7098025925612133,0.17199017199017197,4.683967619220625,0.2670807453416149,,-0.4341393413487822,45.96031548081484,-5.520246662212941,86.09930690369978,-0.4341393413487822,,-7.915569842107999,-4.267179426903026,0.17523087811491778,,,,,,,,448.99999999999994,3.7731092436974785,448.99999999999994,3.7731092436974785,,,,,,,,,,,,,,,,,,,"Cedric Hunter","2833",501986
"Eury Pérez","PIT",91,321,295,75,57,11,4,3,33,25,13,0,57,6,0,7,,19,6,0.2542372881355932,0.040498442367601244,0.17757009345794392,0.22807017543859648,0.29936305732484075,0.34915254237288135,0.2845818548445489,0.6485155996977221,0.09491525423728814,7.299320738208001,0.30638297872340425,,1.171079526655376,28.93174450538737,-8.883496794182236,75.24379636188986,1.171079526655376,,-8.616061195995087,0.11756024032673462,0.1747759207207336,,,,,,,,284.20000000000005,3.1230769230769235,284.20000000000005,3.1230769230769235,,,,,,,,,,,,,,,,,,,"Eury Perez","10299",516811
"Matt Szczur","CHC",125,367,336,84,62,14,2,6,42,35,22,1,70,3,2,4,,12,5,0.25,0.05994550408719346,0.1907356948228883,0.3142857142857143,0.3002754820936639,0.35714285714285715,0.2865884536208369,0.657418339236521,0.10714285714285715,5.482120685847292,0.29770992366412213,,0.15837287297472358,33.68539307938093,-9.548854761560026,74.82210788268475,0.15837287297472358,,-11.221887185507033,1.2541114859751643,0.17410959157177833,,,,,,,,326.59999999999997,2.6127999999999996,326.59999999999997,2.6127999999999996,,,,,,,,,,,,,,,,,,,"Matt Szczur","11255",519333
"Aristides Aquino","CIN",113,469,442,109,67,21,7,14,58,68,22,1,123,4,1,0,,6,5,0.24660633484162897,0.046908315565031986,0.2622601279317697,0.17886178861788618,0.2878464818763326,0.42081447963800905,0.3023857894616249,0.7086609615143417,0.17420814479638008,6.014141935417662,0.3104575163398693,,-1.055090100504458,49.16112280424171,-6.089183019740056,83.40847235134186,-1.055090100504458,,-10.638630363424788,-2.573343050332716,0.17403920556888575,,,,,,,,476.19999999999993,4.214159292035397,476.19999999999993,4.214159292035397,,,,,,,,,,,,,,,,,,,"Aristides Aquino","15482",606157
"Edwin Rios","LAD",116,482,456,112,70,23,3,16,61,78,19,1,144,4,3,0,,2,1,0.24561403508771928,0.03941908713692946,0.2987551867219917,0.13194444444444445,0.2800829875518672,0.4144736842105263,0.29587675454462886,0.6945566717623936,0.16885964912280704,4.283371659559862,0.3210702341137124,,-0.21616360638290644,47.934975056724674,-8.846789137644636,85.03748031412673,-0.21616360638290644,,-9.09832227434771,-4.531292941134373,0.17360422866382447,,,,,,,,475.3999999999999,4.098275862068965,475.3999999999999,4.098275862068965,,,,,,,,,,,,,,,,,,,"Edwin Rios","18316",621458
"Michael Almanzar","DET",115,447,416,96,66,20,1,9,41,42,23,1,109,4,3,1,,2,1,0.23076923076923078,0.05145413870246085,0.24384787472035793,0.21100917431192662,0.2757847533632287,0.3485576923076923,0.2710056701402986,0.624342445670921,0.11778846153846151,2.926487403012227,0.28903654485049834,,-0.21616360638290644,35.28059575505737,-17.37801128826853,65.45035310552953,-0.21616360638290644,,-18.758522699734236,5.264856325465745,0.16860198877819613,,,,,,,,351.8999999999999,3.059999999999999,351.8999999999999,3.059999999999999,,,,,,,,,,,,,,,,,,,"Michael Almanzar","sa455994",527031
"Andre Ethier","LAD",83,257,230,59,39,12,3,5,25,30,22,3,47,3,2,0,,1,1,0.2565217391304348,0.08560311284046693,0.1828793774319066,0.46808510638297873,0.32684824902723736,0.4,0.31192827271664236,0.7268482490272374,0.14347826086956522,3.9521826630491805,0.3,,-0.3466050054412335,28.962677250843317,-1.3130766868183281,95.79192635791003,-0.3466050054412335,,-1.678540549712431,-4.90683245490678,0.16229777583653243,,,,,,,,273.3999999999999,3.2939759036144567,273.3999999999999,3.2939759036144567,,,,,,,,,,,,,,,,,,,"Andre Ethier","6265",444843
"Jesús Sucre","TBR",52,171,161,38,31,6,0,1,14,12,5,0,29,1,0,4,,0,1,0.2360248447204969,0.029239766081871343,0.1695906432748538,0.1724137931034483,0.2634730538922156,0.2919254658385093,0.244748047012055,0.555398519730725,0.05590062111801242,1.9047619047619047,0.2824427480916031,,-0.4927531860303134,9.791586743367171,-10.352981051730657,50.33542292555599,-0.4927531860303134,,-10.689384183914134,6.476164404046599,0.16152842651557842,,,,,,,,93.8,1.8038461538461539,93.8,1.8038461538461539,,,,,,,,,,,,,,,,,,,"Jesus Sucre","5942",491696
"Mac Williamson","SFG",103,389,353,84,54,17,1,12,46,43,27,2,105,7,2,0,,4,1,0.23796033994334279,0.06940874035989718,0.2699228791773779,0.2571428571428571,0.3033419023136247,0.3937677053824363,0.30131487005440766,0.697109607696061,0.1558073654390935,4.275165740853432,0.3025210084033613,,0.19729935517534614,40.43167834104302,-5.394268280553798,87.45847552120635,0.19729935517534614,,-5.811209221563469,-4.994768863527442,0.15993313002589543,,,,,,,,392,3.8058252427184467,392,3.8058252427184467,,,,,,,,,,,,,,,,,,,"Mac Williamson","14158",607776
"Chad Pinder","OAK",114,484,454,106,69,23,2,12,53,48,19,0,125,7,3,1,,5,3,0.23348017621145375,0.03925619834710744,0.25826446280991733,0.152,0.2732919254658385,0.3722466960352423,0.2788060878868182,0.6455386215010808,0.13876651982378854,4.4381379494895725,0.29375,,-0.442358328262344,41.316228103512934,-15.701145070915999,73.44647093498396,-0.442358328262344,,-15.87291029243167,1.0400268304074665,0.15982473170252004,,,,,,,,409.5999999999999,3.59298245614035,409.5999999999999,3.59298245614035,,,,,,,,,,,,,,,,,,,"Chad Pinder","15191",640461
"Mikie Mahtook","DET",120,461,426,102,67,22,4,9,49,44,24,1,122,7,3,1,,9,3,0.23943661971830985,0.052060737527114966,0.2646420824295011,0.19672131147540983,0.2891304347826087,0.3732394366197183,0.28653821576394806,0.662369871402327,0.13380281690140847,5.811281685685046,0.31208053691275167,,0.3531540317926556,42.29414898547356,-12.013720918269701,76.12534296073629,0.3531540317926556,,-12.86138196062284,-1.203633469598984,0.15867254163471853,,,,,,,,418.1,3.484166666666667,418.1,3.484166666666667,,,,,,,,,,,,,,,,,,,"Mikie Mahtook","13130",543484
"Dan Butler","BOS",69,260,234,55,36,16,0,3,24,23,20,0,63,3,2,1,,0,0,0.23504273504273504,0.07692307692307693,0.2423076923076923,0.31746031746031744,0.30115830115830117,0.3418803418803419,0.2838451972799412,0.643038643038643,0.10683760683760685,1.3407738095238093,0.3058823529411765,,-0.13238573004491627,23.275767868212636,-7.353399539538447,69.93553707323856,-0.13238573004491627,,-9.517523431624074,2.2554619002524436,0.15805850857747866,,,,,,,,217.60000000000002,3.1536231884057973,217.60000000000002,3.1536231884057973,,,,,,,,,,,,,,,,,,,"Dan Butler","9968",576788
"José Rondon","SDP",121,496,464,113,83,20,4,6,49,42,19,1,88,2,3,8,,12,8,0.2435344827586207,0.038306451612903226,0.1774193548387097,0.2159090909090909,0.27459016393442626,0.3426724137931034,0.2669207108583783,0.6172625777275297,0.09913793103448273,5.397044194295778,0.2868632707774799,,-1.1089670474175364,37.47615210111752,-20.95487495366916,64.30904310227096,-1.1089670474175364,,-22.911483469134794,8.655782177755231,0.1551042628508552,,,,,,,,369.40000000000003,3.0528925619834713,369.40000000000003,3.0528925619834713,,,,,,,,,,,,,,,,,,,"Jose Rondon","14140",602922
"Adam Weisenburger","MIL",51,187,163,36,27,6,1,2,18,15,16,0,45,4,1,3,,0,1,0.22085889570552147,0.0855614973262032,0.24064171122994651,0.35555555555555557,0.30434782608695654,0.3067484662576687,0.27555735895167227,0.6110962923446253,0.08588957055214724,3.1696377511878735,0.2905982905982906,,-0.5151914453599602,15.461792675718785,-6.567646959856032,65.94531692456997,-0.5151914453599602,,-8.358245414042724,3.9255591288936063,0.15480659360655719,,,,,,,,137.7,2.6999999999999997,137.7,2.6999999999999997,,,,,,,,,,,,,,,,,,,"Adam Weisenburger","sa546626",605523
"Tony Wolters","COL",77,292,263,63,46,12,2,3,27,26,22,1,73,2,2,3,,3,2,0.23954372623574144,0.07534246575342465,0.25,0.3013698630136986,0.30103806228373703,0.33460076045627374,0.2793073929432366,0.6356388227400107,0.0950570342205323,4.325364458245,0.31746031746031744,,-0.3742872334551066,25.04710738720078,-9.351803701504288,54.77460894791816,-0.3742872334551066,,-16.638458398071272,8.834341538926562,0.15148048092602667,,,,,,,,236.29999999999993,3.068831168831168,236.29999999999993,3.068831168831168,,,,,,,,,,,,,,,,,,,"Tony Wolters","11470",547172
"Shawn O'Malley","SEA",111,376,337,78,59,12,3,4,39,30,26,0,77,4,2,7,,12,4,0.2314540059347181,0.06914893617021277,0.2047872340425532,0.33766233766233766,0.2926829268292683,0.32047477744807124,0.27192221860575483,0.6131577042773395,0.08902077151335314,6.016189012448496,0.2868217054263566,,0.5613730216864496,29.96111155008907,-14.33337670112019,71.21477716500213,0.5613730216864496,,-12.43347760931579,1.1746107690969252,0.15118029465493793,,,,,,,,290.9,2.6207207207207204,290.9,2.6207207207207204,,,,,,,,,,,,,,,,,,,"Shawn O'Malley","9629",502523
"Christian Arroyo","SFG",119,523,492,124,87,30,2,5,49,44,22,2,100,3,4,2,,2,2,0.25203252032520324,0.04206500956022945,0.19120458891013384,0.22,0.28598848368522073,0.3516260162601626,0.2752857719312973,0.6376144999453833,0.09959349593495936,3.0437927642559686,0.30434782608695654,,-0.6662840996868908,43.12620358649642,-18.485544699095186,70.01909512531338,-0.6662840996868908,,-19.977658297251907,4.820083822663008,0.15067638873503308,,,,,,,,420.99999999999994,3.5378151260504196,420.99999999999994,3.5378151260504196,,,,,,,,,,,,,,,,,,,"Christian Arroyo","16434",624414
"Casey McGehee","DET",130,485,445,112,85,21,0,6,41,45,36,1,87,1,3,0,,3,2,0.251685393258427,0.07422680412371134,0.17938144329896907,0.41379310344827586,0.30721649484536084,0.3393258426966292,0.2845700321611294,0.6465423375419901,0.0876404494382022,2.1864460519917372,0.29859154929577464,,-0.4909661819692701,43.708340441963664,-13.426837222495088,74.77267737053944,-0.4909661819692701,,-15.18113379700386,0.21541998422825603,0.14970489696892056,,,,,,,,410.5999999999999,3.1584615384615375,410.5999999999999,3.1584615384615375,,,,,,,,,,,,,,,,,,,"Casey McGehee","6086",431171
"Rey Fuentes","ARI",96,392,356,89,70,12,3,4,41,32,25,1,88,3,2,6,,19,5,0.25,0.06377551020408163,0.22448979591836735,0.2840909090909091,0.30310880829015546,0.3342696629213483,0.2802601588236821,0.6373784712115038,0.0842696629213483,6.44011638863351,0.31954887218045114,,1.5336908085737377,33.933068499743364,-12.246291591942885,65.37224194693613,1.5336908085737377,,-15.184034899732673,4.16008915920807,0.14739821868150568,,,,,,,,338,3.5208333333333335,338,3.5208333333333335,,,,,,,,,,,,,,,,,,,"Rey Fuentes","10329",571681
"Tim Lopes","TOR",131,576,526,128,99,23,4,2,55,41,34,0,116,6,4,6,,19,10,0.24334600760456274,0.059027777777777776,0.2013888888888889,0.29310344827586204,0.29473684210526313,0.31368821292775667,0.2695545695329967,0.6084250550330198,0.07034220532319393,5.425711784904219,0.3058252427184466,,-0.6092080131638795,44.77254663139518,-23.082839625776455,64.95118836227125,-0.6092080131638795,,-24.847925229119777,6.773312059029069,0.1470217424665001,,,,,,,,427.2,3.261068702290076,427.2,3.261068702290076,,,,,,,,,,,,,,,,,,,"Tim Lopes","14137",621005
"Richard Urena","TOR",131,576,547,134,90,20,6,18,58,66,19,1,142,2,4,4,,6,7,0.2449725776965265,0.03298611111111111,0.2465277777777778,0.13380281690140844,0.270979020979021,0.40219378427787933,0.28626116979769356,0.6731728052569004,0.15722120658135283,4.4617630730091715,0.2966751918158568,,-1.9149422203190625,52.7130722099,-15.14231404727163,76.43306600563015,-1.9149422203190625,,-18.21313385777014,0.13709630663432648,0.14687607514387424,,,,,,,,519.5999999999999,3.9664122137404574,519.5999999999999,3.9664122137404574,,,,,,,,,,,,,,,,,,,"Richard Urena","16411",620446
"Michael Morse","SFG",107,351,318,78,49,16,2,11,31,35,25,0,96,6,2,0,,0,0,0.24528301886792453,0.07122507122507123,0.27350427350427353,0.2604166666666667,0.31054131054131057,0.4119496855345912,0.31284366068337377,0.7224909960759018,0.16666666666666669,2.1265527950310554,0.3145539906103286,,-0.1795060746371746,39.821155213895054,-1.528220786568914,95.18271415337921,-0.1795060746371746,,-2.261964249280487,-7.471522730494303,0.14603757075314117,,,,,,,,373,3.485981308411215,373,3.485981308411215,,,,,,,,,,,,,,,,,,,"Michael Morse","3035",434604
"Taylor Featherston","PHI",120,429,398,89,56,19,4,10,49,42,21,1,120,6,2,2,,7,3,0.2236180904522613,0.04895104895104895,0.27972027972027974,0.175,0.2716627634660422,0.36683417085427134,0.2754788742938512,0.6384969343203135,0.14321608040201003,5.896871078949575,0.29259259259259257,,-0.013188585173338652,35.44338832975196,-15.094737893037331,67.786642247759,-0.013188585173338652,,-17.033207637790426,4.8192586629689265,0.14602414990460832,,,,,,,,358.2,2.985,358.2,2.985,,,,,,,,,,,,,,,,,,,"Taylor Featherston","12590",605227
"Chris Stewart","PIT",54,170,151,37,31,5,0,1,13,11,13,1,25,3,1,2,,0,0,0.24503311258278146,0.07647058823529412,0.14705882352941177,0.52,0.31547619047619047,0.2980132450331126,0.27489225557464325,0.613489435509303,0.05298013245033115,1.0484693877551017,0.2857142857142857,,-0.1032159929163754,13.96287620924065,-6.063887095827368,68.75180779000696,-0.1032159929163754,,-6.6456684091163245,2.6419328546643186,0.14339008956633265,,,,,,,,128.1,2.3722222222222222,128.1,2.3722222222222222,,,,,,,,,,,,,,,,,,,"Chris Stewart","3878",455755
"Dawel Lugo","ARI",134,543,522,136,96,22,5,13,56,55,15,0,94,3,3,0,,3,4,0.26053639846743293,0.027624309392265192,0.1731123388581952,0.1595744680851064,0.283609576427256,0.39655172413793105,0.2913737429878769,0.680161300565187,0.13601532567049812,3.862190915140803,0.2942583732057416,,-1.2947226534597576,51.983804330027866,-11.984033756159976,72.81829408767796,-1.2947226534597576,,-19.472605198357982,3.6030198945359997,0.14290116586702895,,,,,,,,502.59999999999997,3.7507462686567163,502.59999999999997,3.7507462686567163,,,,,,,,,,,,,,,,,,,"Dawel Lugo","14713",608475
"Jacob Stallings","PIT",77,279,258,55,36,13,0,6,24,26,14,0,81,2,2,3,,2,1,0.2131782945736434,0.05017921146953405,0.2903225806451613,0.1728395061728395,0.2572463768115942,0.3333333333333333,0.2571360244267229,0.5905797101449275,0.12015503875968991,2.7493609878445113,0.2832369942196532,,-0.12641056906431913,18.82770588752863,-14.039746830788877,56.85521160671271,-0.12641056906431913,,-14.951567543288197,7.466711285253051,0.14185429748388567,,,,,,,,193.1,2.5077922077922077,193.1,2.5077922077922077,,,,,,,,,,,,,,,,,,,"Jacob Stallings","13723",607732
"Iván De Jesús Jr.","MIL",112,352,321,82,60,15,3,4,32,35,25,1,77,2,2,2,,2,2,0.2554517133956386,0.07102272727272728,0.21875,0.3246753246753247,0.31142857142857144,0.3582554517133956,0.2926096537051706,0.6696840231419671,0.10280373831775702,3.667859708648642,0.32231404958677684,,-0.6124322772957385,34.0575035966756,-7.409676893818175,77.3702788430589,-0.6124322772957385,,-10.422875305376,0.61659059869339,0.14184476122550777,,,,,,,,315.59999999999997,2.8178571428571426,315.59999999999997,2.8178571428571426,,,,,,,,,,,,,,,,,,,"Ivan De Jesus Jr.","9886",474443
"Austin Romine","NYY",78,262,246,60,40,14,0,6,28,34,12,1,51,1,2,1,,1,0,0.24390243902439024,0.04580152671755725,0.1946564885496183,0.23529411764705882,0.2796934865900383,0.37398373983739835,0.28051012960764077,0.6536772264274366,0.13008130081300812,2.8007665259073615,0.28272251308900526,,0.08332105446606874,22.733796694724674,-8.130979693086035,71.02530315825562,0.08332105446606874,,-9.031204001569337,1.541975157040837,0.14175544640958543,,,,,,,,227.9,2.921794871794872,227.9,2.921794871794872,,,,,,,,,,,,,,,,,,,"Austin Romine","5491",519222
"Jerry Sands","CHW",96,349,314,73,48,12,1,12,37,40,30,0,91,2,2,1,,0,1,0.23248407643312102,0.08595988538681948,0.2607449856733524,0.32967032967032966,0.3017241379310345,0.39171974522292996,0.3016567432332313,0.6934438831539644,0.15923566878980894,2.2464176220846084,0.2863849765258216,,-0.5892377011477947,36.372632325248155,-4.741134695156183,88.22939559058013,-0.5892377011477947,,-5.521407756401863,-4.919629568005225,0.1412801592491174,,,,,,,,341.29999999999995,3.555208333333333,341.29999999999995,3.555208333333333,,,,,,,,,,,,,,,,,,,"Jerry Sands","4016",543742
"Nick Williams","PHI",127,539,510,125,76,25,6,18,68,68,21,1,141,3,4,1,,7,5,0.24509803921568626,0.03896103896103896,0.26159554730983303,0.14893617021276595,0.27695167286245354,0.4235294117647059,0.2969627573503462,0.7004810846271594,0.1784313725490196,5.7231682734846245,0.30140845070422534,,-0.8707968790549785,54.0866464622222,-9.409973663846396,82.18074869090323,-0.8707968790549785,,-12.699713538270808,-3.1184980221736573,0.13514699741121816,,,,,,,,537.1999999999999,4.229921259842519,537.1999999999999,4.229921259842519,,,,,,,,,,,,,,,,,,,"Nick Williams","14330",608384
"Dustin Ackley","LAA",86,276,251,61,40,12,2,7,32,41,20,0,46,1,2,2,,3,2,0.24302788844621515,0.07246376811594203,0.16666666666666666,0.43478260869565216,0.29927007299270075,0.3904382470119522,0.2986033519689184,0.689708320004653,0.14741035856573703,4.431702686681724,0.27,,-0.35633662599138916,28.069210357795033,-4.4448288904330395,87.94774785640871,-0.35633662599138916,,-4.3501810384276025,-3.698338014423532,0.13305922267521902,,,,,,,,265.69999999999993,3.0895348837209293,265.69999999999993,3.0895348837209293,,,,,,,,,,,,,,,,,,,"Dustin Ackley","10099",554429
"Aaron Hill","BOS",112,393,356,89,63,18,1,7,39,43,29,1,62,3,5,0,,4,2,0.25,0.0737913486005089,0.15776081424936386,0.46774193548387094,0.30788804071246817,0.3651685393258427,0.29303920162575586,0.6730565800383108,0.1151685393258427,3.4065288796830373,0.2808219178082192,,-0.23038287879899144,38.1637260818609,-8.13343849985516,76.25426328195893,-0.23038287879899144,,-11.434871754354148,-0.5898264001075975,0.13175473159507334,,,,,,,,364.09999999999997,3.250892857142857,364.09999999999997,3.250892857142857,,,,,,,,,,,,,,,,,,,"Aaron Hill","6104",431094
"Enrique Hernández","LAD",119,370,338,80,54,15,2,9,40,34,27,1,74,2,2,1,,3,2,0.23668639053254437,0.07297297297297298,0.2,0.36486486486486486,0.2953929539295393,0.3727810650887574,0.2900430271806924,0.6681740190182968,0.13609467455621305,3.842231632851491,0.27626459143968873,,-0.4034569705836475,35.01546486143487,-8.572196449595515,81.1289088321479,-0.4034569705836475,,-9.00280430444983,-1.498275551075518,0.1293261299390784,,,,,,,,336.59999999999997,2.8285714285714283,336.59999999999997,2.8285714285714283,,,,,,,,,,,,,,,,,,,"Enrique Hernandez","10472",571771
"Chris Heisey","WSN",96,249,220,49,30,8,1,10,31,27,23,1,64,3,2,1,,2,1,0.22272727272727272,0.09236947791164658,0.2570281124497992,0.359375,0.3024193548387097,0.40454545454545454,0.30511250669656975,0.7069648093841643,0.18181818181818182,4.08930507628641,0.2635135135135135,,-0.13314204686321318,26.6607133712369,-2.672604646186253,85.25314650443094,-0.13314204686321318,,-4.655505541597401,-2.0430090225562845,0.12471109165587152,,,,,,,,256.29999999999995,2.6697916666666663,256.29999999999995,2.6697916666666663,,,,,,,,,,,,,,,,,,,"Chris Heisey","3978",502317
"Alex Blandino","CIN",115,485,434,100,67,20,1,12,55,47,41,0,137,6,3,1,,10,8,0.2304147465437788,0.08453608247422681,0.2824742268041237,0.29927007299270075,0.3037190082644628,0.3640552995391705,0.2935613645009758,0.6677743078036333,0.13364055299539168,4.042287563478388,0.3055555555555556,,-1.5336491386406124,47.30669930533826,-9.828478359120485,77.49614673268599,-1.5336491386406124,,-14.975695222585049,0.770029998190048,0.12444927250054524,,,,,,,,440.1,3.8269565217391306,440.1,3.8269565217391306,,,,,,,,,,,,,,,,,,,"Alex Blandino","16271",607468
"Steve Clevenger","SEA",64,234,215,53,40,9,1,3,22,22,17,1,39,0,2,0,,0,0,0.24651162790697675,0.07264957264957266,0.16666666666666666,0.4358974358974359,0.29914529914529914,0.3395348837209302,0.2788825705327701,0.6386801828662294,0.09302325581395346,2.0402452025586353,0.2857142857142857,,-0.12565425224602222,19.989969046432385,-7.57628162054359,75.99839010327202,-0.12565425224602222,,-6.868916988726845,0.15374202324599828,0.12391416307439768,,,,,,,,192.79999999999995,3.0124999999999993,192.79999999999995,3.0124999999999993,,,,,,,,,,,,,,,,,,,"Steve Clevenger","9542",502182
"Tyler Wade","NYY",135,582,531,119,91,16,4,8,59,39,41,0,137,4,2,4,,20,10,0.224105461393597,0.070446735395189,0.23539518900343642,0.29927007299270075,0.2837370242214533,0.3145009416195857,0.2654071860659906,0.598237965841039,0.0903954802259887,5.538269071126516,0.2860824742268041,,-0.4024765323847532,43.24717257844619,-25.315040618904316,60.64556418968628,-0.4024765323847532,,-27.902339293413245,9.355873977065716,0.11955283289678331,,,,,,,,424.8,3.146666666666667,424.8,3.146666666666667,,,,,,,,,,,,,,,,,,,"Tyler Wade","15730",642180
"Roman Quinn","PHI",89,392,355,84,61,13,4,6,47,33,27,0,110,4,1,5,,26,10,0.23661971830985915,0.06887755102040816,0.28061224489795916,0.24545454545454545,0.2971576227390181,0.3464788732394366,0.2832754123426531,0.6436364959784546,0.10985915492957746,7.5453824620249055,0.325,,0.8962518265470862,34.908391765508874,-11.270968326177377,73.01028819050445,0.8962518265470862,,-12.133947768989879,0.8129891993577587,0.11702357718347553,,,,,,,,346.69999999999993,3.8955056179775274,346.69999999999993,3.8955056179775274,,,,,,,,,,,,,,,,,,,"Roman Quinn","13546",596451
"Austin Wynns","BAL",81,304,285,66,50,13,0,3,26,23,15,0,67,1,2,1,,1,1,0.23157894736842105,0.049342105263157895,0.22039473684210525,0.22388059701492538,0.2706270627062706,0.3087719298245614,0.25476345626434477,0.579398992530832,0.07719298245614037,2.116053347124068,0.2903225806451613,,-0.35782413510605693,19.91962010224137,-15.892944866821438,54.10730700765082,-0.35782413510605693,,-17.108447653737187,7.953719913503971,0.11693199611364075,,,,,,,,197.59999999999994,2.4395061728395055,197.59999999999994,2.4395061728395055,,,,,,,,,,,,,,,,,,,"Austin Wynns","15271",642851
"Rafael Ortega","SDP",125,483,441,110,83,18,5,4,53,37,34,0,76,1,2,5,,15,7,0.2494331065759637,0.07039337474120083,0.15734989648033126,0.4473684210526316,0.303347280334728,0.3401360544217687,0.28321117374687516,0.6434833347564968,0.09070294784580499,6.012070926230033,0.29201101928374656,,-0.13289280096068978,42.98652309892769,-13.913045585471432,75.22358104722707,-0.13289280096068978,,-14.871363445035408,0.644925788596824,0.11582092988639991,,,,,,,,407.2,3.2576,407.2,3.2576,,,,,,,,,,,,,,,,,,,"Rafael Ortega","10323",542364
"Peter Mooney","MIA",96,371,334,77,61,12,1,3,37,24,30,1,57,3,2,2,,2,2,0.23053892215568864,0.08086253369272237,0.15363881401617252,0.5263157894736842,0.2981029810298103,0.2994011976047904,0.26710303872823715,0.5975041786346007,0.06886227544910176,2.9814327473219375,0.26811594202898553,,-0.6281390588264912,28.087374209763855,-15.618091591296343,66.55564806992881,-0.6281390588264912,,-15.909549775894357,5.235666179362639,0.11490599509685101,,,,,,,,263.09999999999997,2.7406249999999996,263.09999999999997,2.7406249999999996,,,,,,,,,,,,,,,,,,,"Peter Mooney","sa503239",573041
"Jesmuel Valentín","PHI",126,532,490,119,84,22,6,7,60,46,29,1,100,5,2,6,,17,8,0.24285714285714285,0.05451127819548872,0.18796992481203006,0.29,0.2908745247148289,0.3551020408163265,0.2810951287405831,0.6459765655311553,0.11224489795918366,6.3041174292490325,0.2909090909090909,,-0.14038059557788074,46.41856134086395,-16.253427354995953,71.54950783893068,-0.14038059557788074,,-18.78133610184756,2.98371252699644,0.1144884494428728,,,,,,,,452.1,3.5880952380952382,452.1,3.5880952380952382,,,,,,,,,,,,,,,,,,,"Jesmuel Valentin","14548",621044
"Brian Jeroloman","WSN",46,171,146,30,23,5,1,1,15,10,20,0,45,1,1,3,,0,1,0.2054794520547945,0.11695906432748537,0.2631578947368421,0.4444444444444444,0.30357142857142855,0.273972602739726,0.26506952267317546,0.5775440313111546,0.0684931506849315,2.955352036902159,0.2871287128712871,,-0.5084599675610662,12.65899833121461,-7.485569463883216,58.42452465715233,-0.5084599675610662,,-9.26434574912178,4.916944447648588,0.11149639240718737,,,,,,,,111.8,2.4304347826086956,111.8,2.4304347826086956,,,,,,,,,,,,,,,,,,,"Brian Jeroloman","sa326780",502089
"Zach Walters","CIN",113,419,390,93,51,19,4,19,48,58,22,1,109,2,4,1,,2,1,0.23846153846153847,0.05250596658711217,0.26014319809069214,0.2018348623853211,0.2799043062200957,0.45384615384615384,0.30911639011163505,0.7337504600662496,0.21538461538461537,4.332630491651396,0.2781954887218045,,-0.17577473958954215,46.24711930528239,-3.1129620172087744,87.91794496054284,-0.17577473958954215,,-6.410561244842102,-5.860747800021925,0.10763807086568611,,,,,,,,460.29999999999995,4.073451327433628,460.29999999999995,4.073451327433628,,,,,,,,,,,,,,,,,,,"Zach Walters","10622",595025
"Jeff McVaney","DET",126,493,446,104,72,21,4,7,49,40,34,0,98,10,2,1,,10,6,0.23318385650224216,0.06896551724137931,0.19878296146044624,0.3469387755102041,0.3008130081300813,0.3452914798206278,0.2853683620933595,0.6461044879507092,0.11210762331838564,5.131665704170903,0.282798833819242,,-0.7186735374853015,44.75406685908423,-13.323546725613012,75.32134235657291,-0.7186735374853015,,-15.326389095102384,-0.3338733392207507,0.10639014486653064,,,,,,,,420.09999999999997,3.334126984126984,420.09999999999997,3.334126984126984,,,,,,,,,,,,,,,,,,,"Jeff McVaney","sa658125",623155
"Ty Kelly","NYM",120,438,384,92,68,16,2,6,50,39,47,0,76,2,3,2,,4,4,0.23958333333333334,0.10730593607305935,0.1735159817351598,0.618421052631579,0.32339449541284404,0.3385416666666667,0.29526327413703324,0.6619361620795108,0.09895833333333334,3.7454345653501977,0.2819672131147541,,-1.1014541282784194,43.337443803140005,-8.260922829917588,86.27747125965047,-1.1014541282784194,,-8.503896132175766,-4.396212478583873,0.10512061972485337,,,,,,,,388.8,3.24,388.8,3.24,,,,,,,,,,,,,,,,,,,"Ty Kelly","7740",571841
"Logan Morrison","TBR",118,434,388,94,61,18,2,13,49,48,39,3,78,5,2,0,,5,3,0.2422680412371134,0.08986175115207373,0.17972350230414746,0.5,0.31797235023041476,0.39948453608247425,0.3102991983398207,0.717456886312889,0.15721649484536085,4.004475075810184,0.2709030100334448,,-0.4580651097930968,48.326331225959656,-2.800817446978694,95.38649777033788,-0.4580651097930968,,-2.86206429145292,-10.814371033460514,0.10487431268034819,,,,,,,,457.3,3.8754237288135593,457.3,3.8754237288135593,,,,,,,,,,,,,,,,,,,"Logan Morrison","9205",489149
"Barrett Barnes","PIT",88,349,316,74,47,17,3,7,38,34,24,1,93,5,2,2,,7,4,0.23417721518987342,0.06876790830945559,0.2664756446991404,0.25806451612903225,0.2968299711815562,0.37341772151898733,0.2910442083557217,0.6702476927005435,0.13924050632911392,5.561013263201719,0.3073394495412844,,-0.407213430153206,33.316421978565906,-7.797345041838434,79.57354457679305,-0.407213430153206,,-9.18702492381535,-0.8900217736629368,0.10439870764564341,,,,,,,,319.7,3.6329545454545453,319.7,3.6329545454545453,,,,,,,,,,,,,,,,,,,"Barrett Barnes","sa577859",608627
"Darrell Ceciliani","TOR",105,385,358,85,55,17,3,10,43,44,20,1,105,3,3,1,,12,4,0.23743016759776536,0.05194805194805195,0.2727272727272727,0.19047619047619047,0.28125,0.3854748603351955,0.2860807818470051,0.6667248603351955,0.14804469273743015,6.093347480747936,0.3048780487804878,,0.5882989328820258,35.17625698734414,-10.17847167413343,76.3090915078074,0.5882989328820258,,-10.362764533298428,-1.6686671339435337,0.10335139164337259,,,,,,,,359,3.419047619047619,359,3.419047619047619,,,,,,,,,,,,,,,,,,,"Darrell Ceciliani","9954",571553
"José A. Martínez","STL",112,438,402,108,77,21,2,8,46,42,30,1,74,1,4,1,,6,2,0.26865671641791045,0.0684931506849315,0.1689497716894977,0.40540540540540543,0.3180778032036613,0.39054726368159204,0.30671689160373233,0.7086250668852534,0.12189054726368159,4.302044195294367,0.30864197530864196,,0.14044739003293216,47.47701607201087,-4.1213505610467225,90.16995548995538,0.14044739003293216,,-5.162243954848248,-7.7554224130337825,0.10332503877400812,,,,,,,,449.09999999999985,4.009821428571427,449.09999999999985,4.009821428571427,,,,,,,,,,,,,,,,,,,"Jose A. Martinez","7996",500874
"Jorge Soler","KCR",95,346,307,74,44,17,1,12,42,43,33,2,100,2,4,0,,2,1,0.24104234527687296,0.0953757225433526,0.28901734104046245,0.33,0.315028901734104,0.4201954397394137,0.3150099992405537,0.7352243414735178,0.17915309446254074,3.4540351078972664,0.31155778894472363,,-0.1825062173884362,39.87240429653753,-0.8879492537773704,94.58073940055377,-0.1825062173884362,,-2.4337886666137285,-8.291642750802284,0.1018029781658974,,,,,,,,381.2,4.012631578947368,381.2,4.012631578947368,,,,,,,,,,,,,,,,,,,"Jorge Soler","14221",624585
"Jack Mayfield","HOU",93,372,343,78,53,15,1,9,39,38,20,0,89,3,4,2,,3,3,0.22740524781341107,0.053763440860215055,0.239247311827957,0.2247191011235955,0.27297297297297296,0.3556851311953353,0.2726091579810993,0.6286581041683083,0.12827988338192423,3.6057350331914684,0.27710843373493976,,-0.7997256414964795,29.853239152769785,-13.970031138320223,70.81582220917045,-0.7997256414964795,,-13.834522084143714,2.186653006749599,0.09754080136025392,,,,,,,,293.9,3.160215053763441,293.9,3.160215053763441,,,,,,,,,,,,,,,,,,,"Jack Mayfield","15402",608686
"Justin O'Conner","TBR",70,286,275,56,35,12,1,8,27,27,8,0,105,2,1,0,,2,1,0.20363636363636364,0.027972027972027972,0.36713286713286714,0.0761904761904762,0.23076923076923078,0.3418181818181818,0.24581868185863628,0.5725874125874126,0.13818181818181816,4.145346249863799,0.294478527607362,,-0.11070378753356636,16.629237565210353,-17.06284658331584,51.07123380954172,-0.11070378753356636,,-16.91205261997107,8.170282115241067,0.09680580913372139,,,,,,,,185.29999999999995,2.6471428571428564,185.29999999999995,2.6471428571428564,,,,,,,,,,,,,,,,,,,"Justin O'Conner","sa548314",592604
"Erick Aybar","SDP",139,548,505,131,99,25,3,4,57,45,29,4,62,5,5,4,,9,6,0.2594059405940594,0.05291970802919708,0.11313868613138686,0.46774193548387094,0.30330882352941174,0.3445544554455445,0.28084076974127026,0.6478632789749563,0.08514851485148511,4.464837865043474,0.28603603603603606,,-0.9478432775940746,47.699590155779354,-16.85727038055754,73.63542086779353,-0.9478432775940746,,-18.741620763978947,2.24568446056763,0.09510607929723458,,,,,,,,458.09999999999997,3.2956834532374097,458.09999999999997,3.2956834532374097,,,,,,,,,,,,,,,,,,,"Erick Aybar","4082",430947
"Omar Narváez","CHW",80,303,278,68,57,9,0,2,31,21,21,1,44,1,2,1,,1,1,0.2446043165467626,0.06930693069306931,0.14521452145214522,0.4772727272727273,0.2980132450331126,0.29856115107913667,0.26515856949593936,0.5965743961122493,0.05395683453237407,2.302125649316787,0.28205128205128205,,-0.3847500463016331,22.45312051516554,-13.241639963867451,63.14544323534336,-0.3847500463016331,,-13.792245924523408,4.4497585054848345,0.09426601736945145,,,,,,,,212.79999999999995,2.6599999999999993,212.79999999999995,2.6599999999999993,,,,,,,,,,,,,,,,,,,"Omar Narvaez","13338",553882
"O'Koyea Dickson","LAD",116,445,410,104,60,25,2,17,55,62,22,1,85,7,5,1,,2,3,0.25365853658536586,0.04943820224719101,0.19101123595505617,0.25882352941176473,0.29954954954954954,0.44878048780487806,0.3175988946757521,0.7483300373544276,0.1951219512195122,3.5085723805936055,0.2779552715654952,,-1.026651555672288,52.231616102147576,-0.19138196111870534,99.59121794144805,-1.026651555672288,,-1.250687958684094,-12.014563039917583,0.09054258725214426,,,,,,,,498.5,4.297413793103448,498.5,4.297413793103448,,,,,,,,,,,,,,,,,,,"O'Koyea Dickson","12677",607297
"Jeremy Hazelbaker","ARI",115,360,325,78,49,13,5,11,42,41,26,1,106,2,2,5,,12,4,0.24,0.07222222222222222,0.29444444444444445,0.24528301886792453,0.29859154929577464,0.4123076923076923,0.30481953405391027,0.710899241603467,0.17230769230769233,7.023747115176394,0.319047619047619,,0.5905427588149905,38.458579839659706,-3.951036571072563,81.82691451759837,0.5905427588149905,,-7.466912898713872,-3.101013956561921,0.0899698500853936,,,,,,,,377,3.2782608695652176,377,3.2782608695652176,,,,,,,,,,,,,,,,,,,"Jeremy Hazelbaker","9399",571757
"Todd Glaesmann","CHC",113,383,362,84,49,19,3,13,41,46,15,1,107,3,2,1,,4,2,0.23204419889502761,0.0391644908616188,0.2793733681462141,0.14018691588785046,0.2670157068062827,0.4088397790055249,0.28706947508759384,0.6758554858118075,0.17679558011049726,4.828592999652138,0.29098360655737704,,-0.16755575267598033,35.30598649058714,-9.813133190830802,75.14439013379032,-0.16755575267598033,,-11.891937523128098,0.5723004512125291,0.08789069514775275,,,,,,,,358.79999999999995,3.1752212389380525,358.79999999999995,3.1752212389380525,,,,,,,,,,,,,,,,,,,"Todd Glaesmann","sa501261",571711
"Breyvic Valera","STL",130,508,466,126,105,16,4,1,49,36,33,0,45,1,4,4,,8,7,0.2703862660944206,0.06496062992125984,0.08858267716535433,0.7333333333333333,0.31746031746031744,0.3283261802575107,0.2855412229186013,0.6457864977178281,0.05793991416309008,4.21951724392739,0.294811320754717,,-1.5800131664145738,46.18821257155959,-13.65646836358483,75.98235130978912,-1.5800131664145738,,-16.606621069241193,1.2992490671229038,0.08657698330537092,,,,,,,,415.79999999999984,3.198461538461537,415.79999999999984,3.198461538461537,,,,,,,,,,,,,,,,,,,"Breyvic Valera","12758",591971
"Hak-Ju Lee","SFG",73,278,248,53,39,9,1,4,26,19,23,1,83,2,1,4,,8,3,0.21370967741935484,0.08273381294964029,0.29856115107913667,0.27710843373493976,0.2846715328467153,0.3064516129032258,0.2626426152257256,0.5911231457499411,0.09274193548387097,5.085328931665025,0.30246913580246915,,0.22944411053322256,20.023406107336722,-12.726242120950973,61.548236160069976,0.22944411053322256,,-12.935766653963855,4.939303921854265,0.0862817825704219,,,,,,,,199.99999999999994,2.7397260273972597,199.99999999999994,2.7397260273972597,,,,,,,,,,,,,,,,,,,"Hak-Ju Lee","sa502536",573349
"Dustin Peterson","ATL",133,575,532,130,86,27,2,15,66,67,36,1,135,3,4,0,,4,2,0.24436090225563908,0.06260869565217392,0.23478260869565218,0.26666666666666666,0.29391304347826086,0.38721804511278196,0.2940340965259366,0.6811310885910429,0.14285714285714288,3.732867975413237,0.2979274611398964,,-0.2976976567879319,56.30955807572004,-11.428023691421776,80.02125271059157,-0.2976976567879319,,-14.445951793475478,-3.024343509102204,0.08326529079652678,,,,,,,,545.7,4.103007518796993,545.7,4.103007518796993,,,,,,,,,,,,,,,,,,,"Dustin Peterson","15189",640460
"Chris Denorfia","COL",81,235,217,58,42,10,1,5,28,24,15,1,45,1,1,1,,3,1,0.2672811059907834,0.06382978723404255,0.19148936170212766,0.3333333333333333,0.3162393162393162,0.391705069124424,0.30621360299924927,0.7079443853637402,0.12442396313364057,4.531480456560935,0.31547619047619047,,0.06237030425108969,25.375234139791853,-2.3088210172139334,72.80165045197987,0.06237030425108969,,-7.809486171289183,1.147902064432753,0.08295981931422963,,,,,,,,240.39999999999992,2.9679012345679,240.39999999999992,2.9679012345679,,,,,,,,,,,,,,,,,,,"Chris Denorfia","4400",456121
"Chris Hoo","MIA",73,253,229,49,39,8,0,2,23,16,14,0,57,6,1,3,,0,0,0.21397379912663755,0.05533596837944664,0.22529644268774704,0.24561403508771928,0.276,0.27510917030567683,0.24887763476371766,0.5511091703056769,0.06113537117903928,1.6694964871194375,0.27485380116959063,,-0.13238573004491627,15.349083916333823,-14.455452061208577,54.34470817862801,-0.13238573004491627,,-14.358241399933265,7.116971236127464,0.08221306135034667,,,,,,,,147.39999999999998,2.0191780821917806,147.39999999999998,2.0191780821917806,,,,,,,,,,,,,,,,,,,"Chris Hoo","sa829425",657619
"Chris Gimenez","MIN",81,260,234,51,35,9,1,6,27,21,20,0,65,2,1,3,,1,1,0.21794871794871795,0.07692307692307693,0.25,0.3076923076923077,0.2840466926070039,0.3418803418803419,0.2756261127468213,0.6259270344873458,0.12393162393162394,3.3600436877552937,0.27439024390243905,,-0.3376297017093748,21.512430222856086,-9.116737184894996,66.82261534970894,-0.3376297017093748,,-10.694519305217804,2.6600420165244163,0.07906578699512307,,,,,,,,204.89999999999995,2.529629629629629,204.89999999999995,2.529629629629629,,,,,,,,,,,,,,,,,,,"Chris Gimenez","7324",460269
"Jake Goebbert","ARI",108,401,356,85,54,17,3,11,49,46,38,1,91,3,4,0,,2,2,0.23876404494382023,0.09476309226932668,0.22693266832917705,0.4175824175824176,0.314214463840399,0.3960674157303371,0.3078406511247158,0.7102818795707362,0.15730337078651688,4.0477007627062385,0.2868217054263566,,-0.6303828847594559,43.83824084565917,-3.401359656295387,83.85104956711533,-0.6303828847594559,,-8.605837134579776,-3.380073997919732,0.07828883292344752,,,,,,,,410.99999999999994,3.805555555555555,410.99999999999994,3.805555555555555,,,,,,,,,,,,,,,,,,,"Jake Goebbert","9431",572876
"Ryan Rua","TEX",109,382,347,83,55,15,1,12,46,37,27,1,103,6,2,0,,6,2,0.23919308357348704,0.07068062827225131,0.2696335078534031,0.2621359223300971,0.3036649214659686,0.3919308357348703,0.3017663325224649,0.6955957572008389,0.15273775216138327,4.58390090742985,0.3034188034188034,,0.1853239086922258,39.84642216545338,-5.154893025934751,79.4336381421074,0.1853239086922258,,-9.247347087079714,-2.9321784270924027,0.0778132418241429,,,,,,,,384.5999999999999,3.528440366972476,384.5999999999999,3.528440366972476,,,,,,,,,,,,,,,,,,,"Ryan Rua","12409",607387
"Jorge Alfaro","PHI",95,412,387,87,56,17,2,12,47,45,16,1,135,7,2,0,,3,3,0.2248062015503876,0.038834951456310676,0.3276699029126214,0.11851851851851852,0.2669902912621359,0.37209302325581395,0.27500941907112325,0.6390833145179499,0.14728682170542634,4.400976217250999,0.30991735537190085,,-0.8042132933624089,33.879272809211415,-14.65617708307107,67.47210932889762,-0.8042132933624089,,-17.309378343209374,4.958317039995457,0.0767180168648951,,,,,,,,340.00000000000006,3.578947368421053,340.00000000000006,3.578947368421053,,,,,,,,,,,,,,,,,,,"Jorge Alfaro","12180",595751
"C.J. Hinojosa","SFG",123,528,487,121,85,24,4,8,55,46,33,1,92,2,3,3,,3,6,0.24845995893223818,0.0625,0.17424242424242425,0.358695652173913,0.29714285714285715,0.36344969199178645,0.2870485849735391,0.6605925491346436,0.11498973305954827,3.6233162491180666,0.28974358974358977,,-2.125405036145821,48.66338117222693,-13.537389563513734,77.9001277373228,-2.125405036145821,,-16.496519217617625,0.45123603861167894,0.07615300692376992,,,,,,,,452.0999999999999,3.6756097560975602,452.0999999999999,3.6756097560975602,,,,,,,,,,,,,,,,,,,"C.J. Hinojosa","sa658616",546994
"Austin Slater","SFG",114,475,435,106,74,19,2,11,51,46,36,1,119,2,2,0,,6,6,0.24367816091954023,0.07578947368421053,0.2505263157894737,0.3025210084033613,0.3031578947368421,0.3724137931034483,0.29434181630359924,0.6755716878402904,0.12873563218390807,3.8501743773034276,0.30944625407166126,,-1.507454419741407,46.637202672006524,-9.319930092154111,82.78656040888879,-1.507454419741407,,-11.57742086327825,-2.792200590988105,0.07516191303681252,,,,,,,,437.09999999999985,3.834210526315788,437.09999999999985,3.834210526315788,,,,,,,,,,,,,,,,,,,"Austin Slater","16153",596103
"Cade Gotta","TBR",91,372,347,80,54,18,2,6,38,34,21,1,88,1,2,1,,14,5,0.23054755043227665,0.056451612903225805,0.23655913978494625,0.23863636363636365,0.2749326145552561,0.345821325648415,0.2690622564908621,0.620753940203671,0.11527377521613835,5.675443470858577,0.2901960784313726,,0.5830549641977996,28.764482677778247,-15.058787613311765,67.04575140696389,0.5830549641977996,,-14.135602707412076,2.2583108881793956,0.07407840225856754,,,,,,,,299.6,3.2923076923076926,299.6,3.2923076923076926,,,,,,,,,,,,,,,,,,,"Cade Gotta","sa829411",657598
"Jin-De Jhang","PIT",82,319,299,77,59,14,1,3,31,27,13,0,40,2,3,2,,2,1,0.25752508361204013,0.04075235109717868,0.12539184952978055,0.325,0.2902208201892745,0.3411371237458194,0.27523768963497897,0.6313579439350938,0.08361204013377926,3.5396970066906253,0.2857142857142857,,-0.17577473958954215,26.29185388183404,-11.28777843767594,68.98324707965885,-0.17577473958954215,,-12.361566925494031,2.94045328869671,0.07391898873293945,,,,,,,,252.7,3.0817073170731706,252.7,3.0817073170731706,,,,,,,,,,,,,,,,,,,"Jin-De Jhang","sa653546",618085
"Jantzen Witte","BOS",102,418,381,94,60,27,2,5,38,38,28,1,84,5,4,0,,3,3,0.24671916010498687,0.06698564593301436,0.20095693779904306,0.3333333333333333,0.3038277511961722,0.3674540682414698,0.2918587467081541,0.671281819437642,0.12073490813648294,3.4102506681061424,0.30067567567567566,,-0.8356268564239144,40.18428471415534,-9.057992118306016,75.44297680160625,-0.8356268564239144,,-13.160028789087688,-0.298238749927384,0.07175625382966794,,,,,,,,378.40000000000003,3.7098039215686276,378.40000000000003,3.7098039215686276,,,,,,,,,,,,,,,,,,,"Jantzen Witte","sa738324",642220
"Mark Canha","OAK",81,317,285,69,44,14,1,10,38,40,23,0,78,5,3,1,,3,1,0.24210526315789474,0.07255520504731862,0.24605678233438485,0.2948717948717949,0.3069620253164557,0.40350877192982454,0.3077395401800735,0.7104707972462803,0.1614035087719298,4.109702527839213,0.295,,0.028712915256619453,34.628719750680354,-2.7153035887700034,93.33144775657716,0.028712915256619453,,-2.5093633701276494,-7.543350170038504,0.07013401513890238,,,,,,,,328.5999999999999,4.056790123456789,328.5999999999999,4.056790123456789,,,,,,,,,,,,,,,,,,,"Mark Canha","11445",592192
"Xorge Carrillo","NYM",77,295,269,58,42,11,0,5,31,26,17,0,61,6,2,1,,0,1,0.21561338289962825,0.0576271186440678,0.20677966101694914,0.2786885245901639,0.2755102040816326,0.31226765799256506,0.2608739532986466,0.5877778620741977,0.09665427509293681,2.161388967788657,0.25853658536585367,,-0.5555803121533245,20.817326908939258,-13.934997649855243,63.23677869241341,-0.5555803121533245,,-13.912377405670734,5.205026114603689,0.06886532177248078,,,,,,,,200.89999999999995,2.6090909090909085,200.89999999999995,2.6090909090909085,,,,,,,,,,,,,,,,,,,"Xorge Carrillo","sa392212",518530
"Alex Guerrero","LAD",69,227,212,52,34,8,2,8,26,28,11,0,45,3,1,0,,1,1,0.24528301886792453,0.048458149779735685,0.19823788546255505,0.24444444444444444,0.2907488986784141,0.41509433962264153,0.30316997493416203,0.7058432383010556,0.169811320754717,3.9698998487898938,0.275,,-0.31743526831269264,23.941289712723187,-2.8003295240441033,89.92390565558811,-0.31743526831269264,,-3.1344222267606923,-3.414511783763565,0.06846419359324699,,,,,,,,230.1,3.3347826086956522,230.1,3.3347826086956522,,,,,,,,,,,,,,,,,,,"Alex Guerrero","15670",648717
"David Fletcher","LAA",95,429,403,100,80,16,2,2,40,31,19,0,57,2,1,4,,13,4,0.24813895781637718,0.04428904428904429,0.13286713286713286,0.3333333333333333,0.2847058823529412,0.31265508684863524,0.2632472129429088,0.5973609692015764,0.06451612903225806,5.326133975601103,0.28405797101449276,,0.7344471134711057,31.113452850508168,-19.42467337228112,63.64867708160463,0.7344471134711057,,-17.989239515836687,4.1186959532202865,0.06770172365703786,,,,,,,,310.1,3.26421052631579,310.1,3.26421052631579,,,,,,,,,,,,,,,,,,,"David Fletcher","17992",664058
"Matt Williams","LAA",99,338,300,64,50,11,1,2,31,22,32,1,78,2,2,2,,8,5,0.21333333333333335,0.09467455621301775,0.23076923076923078,0.41025641025641024,0.2916666666666667,0.27666666666666667,0.25681928111546076,0.5683333333333334,0.06333333333333332,4.334746582260516,0.27927927927927926,,-0.6348956611473113,22.72085097181272,-17.097066658263685,59.2309783533619,-0.6348956611473113,,-17.17966973403807,6.359039611496833,0.06435255930313305,,,,,,,,217.99999999999997,2.2020202020202015,217.99999999999997,2.2020202020202015,,,,,,,,,,,,,,,,,,,"Matt Williams","sa577691",607109
"Tyler Austin","NYY",114,459,415,96,56,20,2,18,54,59,39,0,142,2,3,0,,5,2,0.23132530120481928,0.08496732026143791,0.3093681917211329,0.2746478873239437,0.2984749455337691,0.41927710843373495,0.30896214735014504,0.717752053967504,0.18795180722891566,4.219781395217832,0.3023255813953488,,-0.03711435361765325,50.60369948679571,-3.468561436887931,90.57940640189597,-0.03711435361765325,,-5.228757170634445,-9.701529722365121,0.0632550553089003,,,,,,,,488.0999999999999,4.28157894736842,488.0999999999999,4.28157894736842,,,,,,,,,,,,,,,,,,,"Tyler Austin","11850",592122
"Stuart Turner","CIN",92,353,321,70,52,11,1,6,35,32,24,0,86,4,3,1,,4,2,0.21806853582554517,0.0679886685552408,0.24362606232294617,0.27906976744186046,0.2784090909090909,0.3146417445482866,0.2626645934175361,0.5930508354573775,0.09657320872274142,4.03693321533772,0.27586206896551724,,-0.19896931573748589,25.431806005736295,-16.15317897478729,56.79544702421126,-0.19896931573748589,,-18.982229541788396,8.369855731392803,0.06266036715594492,,,,,,,,251.00000000000003,2.7282608695652177,251.00000000000003,2.7282608695652177,,,,,,,,,,,,,,,,,,,"Stuart Turner","15207",642156
"Taylor Davis","CHC",80,285,260,61,39,15,2,5,31,30,21,0,42,1,1,2,,1,0,0.23461538461538461,0.07368421052631578,0.14736842105263157,0.5,0.29328621908127206,0.36538461538461536,0.28737108572633024,0.6586708344658874,0.13076923076923075,3.999927264459169,0.2616822429906542,,0.0631266210693866,26.343008759463192,-7.23127089903319,75.34646792517191,0.0631266210693866,,-8.590352751050162,0.11195066156000522,0.05975926241868035,,,,,,,,251.39999999999998,3.1424999999999996,251.39999999999998,3.1424999999999996,,,,,,,,,,,,,,,,,,,"Taylor Davis","12782",543089
"Jake Elmore","TOR",105,334,292,70,58,10,0,2,31,24,34,2,53,3,2,3,,8,5,0.23972602739726026,0.10179640718562874,0.15868263473053892,0.6415094339622641,0.32326283987915405,0.2945205479452055,0.2786090138473047,0.6177833878243595,0.05479452054794523,3.3559887368466055,0.28451882845188287,,-0.6573339204769582,28.457297607849313,-10.889402062107845,71.17399971217681,-0.6573339204769582,,-12.216984446334688,1.4718692890690888,0.058217894458152536,,,,,,,,260,2.4761904761904763,260,2.4761904761904763,,,,,,,,,,,,,,,,,,,"Jake Elmore","7290",518653
"Jorge Saez","NYY",65,235,215,44,32,8,0,4,22,24,16,0,81,1,2,1,,1,1,0.20465116279069767,0.06808510638297872,0.3446808510638298,0.19753086419753085,0.2606837606837607,0.29767441860465116,0.24733515274830353,0.5583581792884118,0.09302325581395349,2.4064407396244603,0.30303030303030304,,-0.3196790942456573,13.95794717646606,-13.726107980539727,48.225270890464635,-0.3196790942456573,,-14.927974709491881,7.532863290922421,0.057843372384408176,,,,,,,,142.29999999999998,2.189230769230769,142.29999999999998,2.189230769230769,,,,,,,,,,,,,,,,,,,"Jorge Saez","sa658909",623278
"Mike Miller","BOS",90,358,331,83,62,17,1,3,31,27,19,0,52,2,2,4,,10,4,0.25075528700906347,0.05307262569832402,0.1452513966480447,0.36538461538461536,0.2937853107344633,0.33534743202416917,0.2761453129140671,0.6291327427586324,0.0845921450151057,4.370630342822406,0.28776978417266186,,0.17483597132377326,29.77433730630879,-12.399670124363857,64.64366866457146,0.17483597132377326,,-15.022381314619215,3.4355227528145424,0.055279404583754854,,,,,,,,287.79999999999995,3.197777777777777,287.79999999999995,3.197777777777777,,,,,,,,,,,,,,,,,,,"Mike Miller","13891",623166
"Dayron Varona","TBR",104,426,405,95,58,22,3,12,45,49,12,0,94,6,3,0,,7,5,0.2345679012345679,0.028169014084507043,0.22065727699530516,0.1276595744680851,0.2652582159624413,0.3925925925925926,0.2811557756903026,0.6578508085550339,0.15802469135802472,4.964805793718827,0.27483443708609273,,-0.8191888825967908,37.191068776184345,-12.993643976515509,75.35721547060159,-0.8191888825967908,,-13.42332921619562,-0.4820773916900478,0.053743359860246476,,,,,,,,374.00000000000006,3.5961538461538467,374.00000000000006,3.5961538461538467,,,,,,,,,,,,,,,,,,,"Dayron Varona","sa872082",664463
"Danny Worth","HOU",96,371,333,71,48,16,1,6,37,32,32,0,115,2,3,1,,5,1,0.2132132132132132,0.0862533692722372,0.30997304582210244,0.2782608695652174,0.28378378378378377,0.3213213213213213,0.26820890774597994,0.6051051051051051,0.10810810810810809,4.419039905584549,0.3023255813953488,,0.4062746618874371,28.425919116759886,-15.279546684300312,67.79168001391103,0.4062746618874371,,-13.940551398502448,1.8928387243561293,0.053185614798037545,,,,,,,,281.79999999999995,2.9354166666666663,281.79999999999995,2.9354166666666663,,,,,,,,,,,,,,,,,,,"Danny Worth","198",519445
"Dariel Álvarez","BAL",126,525,500,132,93,27,1,11,52,52,17,1,82,3,4,1,,5,3,0.264,0.03238095238095238,0.15619047619047619,0.2073170731707317,0.2900763358778626,0.388,0.2909653124116347,0.6780763358778625,0.124,3.394141762880577,0.2944038929440389,,-0.4805033691227436,50.08364828485947,-11.763708980791753,78.98761037038925,-0.4805033691227436,,-13.725400811098998,-3.5602170449716075,0.051028647458740806,,,,,,,,487.69999999999993,3.87063492063492,487.69999999999993,3.87063492063492,,,,,,,,,,,,,,,,,,,"Dariel Alvarez","15580",645848
"Adam Engel","CHW",118,534,485,99,69,17,5,8,58,39,38,0,168,6,1,4,,31,11,0.20412371134020618,0.07116104868913857,0.3146067415730337,0.2261904761904762,0.269811320754717,0.30927835051546393,0.2570954573604296,0.579089671270181,0.10515463917525775,7.525606839745944,0.29354838709677417,,1.439399870345369,36.01794886344449,-26.88964881247505,57.60394074544194,1.439399870345369,,-25.742549464457102,8.146461183221673,0.05045680009984824,,,,,,,,382.49999999999994,3.241525423728813,382.49999999999994,3.241525423728813,,,,,,,,,,,,,,,,,,,"Adam Engel","15082",641553
"John Ryan Murphy","MIN",95,319,294,68,47,15,0,6,32,30,19,0,68,1,4,1,,0,0,0.23129251700680273,0.05956112852664577,0.21316614420062696,0.27941176470588236,0.27672955974842767,0.3435374149659864,0.2699645547746862,0.620266974714414,0.11224489795918366,1.5240299823633152,0.2767857142857143,,-0.15033633750863373,24.90382582185784,-12.675806497652143,62.93161928366896,-0.15033633750863373,,-14.347714456459567,4.024653194092218,0.04941501764457601,,,,,,,,246.69999999999996,2.5968421052631574,246.69999999999996,2.5968421052631574,,,,,,,,,,,,,,,,,,,"John Ryan Murphy","10346",571974
"Scott Sizemore","WSN",70,272,237,53,36,11,1,5,30,25,29,0,69,2,2,2,,2,0,0.22362869198312235,0.10661764705882353,0.2536764705882353,0.42028985507246375,0.3111111111111111,0.34177215189873417,0.29036723529850994,0.6528832630098453,0.11814345991561181,4.278113473423885,0.2909090909090909,,0.24966366845183074,25.813864990527637,-6.228956297581188,75.37388001063215,0.24966366845183074,,-7.999912736780114,-0.25061793021774526,0.04078697246107293,,,,,,,,241.2,3.4457142857142857,241.2,3.4457142857142857,,,,,,,,,,,,,,,,,,,"Scott Sizemore","2881",502003
"Danny Santana","MIN",113,428,402,105,75,19,6,5,53,36,16,0,95,3,2,5,,17,7,0.26119402985074625,0.037383177570093455,0.2219626168224299,0.16842105263157894,0.29314420803782504,0.3756218905472637,0.2888513393435918,0.6687660985850887,0.11442786069651745,7.3460820881523805,0.32894736842105265,,0.3209590273909271,40.083508486378044,-10.336813246381436,75.91186338245768,0.3209590273909271,,-12.057335892708007,-2.068405695623121,0.0381390205634424,,,,,,,,392,3.4690265486725664,392,3.4690265486725664,,,,,,,,,,,,,,,,,,,"Danny Santana","10322",542454
"Eric Haase","CLE",82,333,308,61,31,15,3,12,34,39,20,0,135,3,1,1,,1,3,0.19805194805194806,0.06006006006006006,0.40540540540540543,0.14814814814814814,0.25301204819277107,0.38311688311688313,0.27325942914888085,0.6361289313096542,0.18506493506493507,4.3679536832084125,0.30246913580246915,,-1.150361476931721,26.902144686020858,-12.326750493906491,63.297584471936936,-1.150361476931721,,-15.824503985997342,4.906904908084364,0.03711412324234964,,,,,,,,269.5,3.2865853658536586,269.5,3.2865853658536586,,,,,,,,,,,,,,,,,,,"Eric Haase","14111",606992
"Cliff Pennington","LAA",85,229,203,44,34,6,2,2,21,14,21,1,52,1,1,3,,3,0,0.21674876847290642,0.09170305676855896,0.22707423580786026,0.40384615384615385,0.2920353982300885,0.2955665024630542,0.26231414318084717,0.5876019006931428,0.0788177339901478,5.498155356484064,0.28,,0.4765895826276392,16.432032024135694,-10.545196192691224,63.007409997280575,0.4765895826276392,,-9.694420213464769,2.2327167766364724,0.030247157282527123,,,,,,,,162.69999999999996,1.914117647058823,162.69999999999996,1.914117647058823,,,,,,,,,,,,,,,,,,,"Cliff Pennington","3395",460060
"Alex Presley","DET",101,366,337,82,63,11,2,6,36,32,23,1,62,2,2,2,,6,5,0.2433234421364985,0.06284153005464481,0.16939890710382513,0.3709677419354839,0.29395604395604397,0.34124629080118696,0.27787085029376113,0.6352023347572309,0.09792284866468845,4.110078827345381,0.28044280442804426,,-1.0438709708396345,30.960813305623354,-12.155630045287788,70.16855772363131,-1.0438709708396345,,-14.152859621631459,2.032158243593085,0.028399569578137385,,,,,,,,294.29999999999995,2.9138613861386133,294.29999999999995,2.9138613861386133,,,,,,,,,,,,,,,,,,,"Alex Presley","5305",502100
"Victor Martinez","DET",127,507,463,122,86,19,0,17,47,73,35,7,70,5,4,0,,0,0,0.2634989200863931,0.06903353057199212,0.13806706114398423,0.5,0.31952662721893493,0.4146868250539957,0.31267602014541623,0.7342134522729307,0.1511879049676026,0.8571428571428568,0.27631578947368424,,-0.2670152860227972,57.4493128915687,-2.27756355354591,94.08896614074622,-0.2670152860227972,,-3.865214940635773,-13.040123456790123,0.02756059891677287,,,,,,,,555.0999999999999,4.370866141732283,555.0999999999999,4.370866141732283,,,,,,,,,,,,,,,,,,,"Victor Martinez","393",400121
"Adam Moore","CLE",87,315,294,66,46,13,0,7,30,28,19,1,92,1,1,0,,0,0,0.22448979591836735,0.06031746031746032,0.2920634920634921,0.20652173913043478,0.273015873015873,0.3401360544217687,0.2669120446132247,0.6131519274376417,0.11564625850340135,1.3608058608058604,0.3010204081632653,,-0.14584868564270437,23.798126274620827,-13.310288084769908,58.93524315538813,-0.14584868564270437,,-15.676642730698276,5.259377024791859,0.02592364058788721,,,,,,,,239.09999999999997,2.748275862068965,239.09999999999997,2.748275862068965,,,,,,,,,,,,,,,,,,,"Adam Moore","9362",446192
"Mike Marjama","TBR",83,329,313,76,50,17,2,7,34,33,10,0,69,3,2,1,,2,2,0.24281150159744408,0.030395136778115502,0.20972644376899696,0.14492753623188406,0.27134146341463417,0.3769968051118211,0.27849895016449255,0.6483382685264553,0.13418530351437702,4.0083264721951455,0.28870292887029286,,-0.5608242808375508,28.00141029420133,-10.75626692560677,73.53126972917117,-0.5608242808375508,,-11.01627736015421,0.07893859996717101,0.021238041573599875,,,,,,,,276.29999999999995,3.328915662650602,276.29999999999995,3.328915662650602,,,,,,,,,,,,,,,,,,,"Mike Marjama","12594",605357
"Jose Cardona","TEX",116,498,458,113,84,17,2,10,53,42,29,0,93,4,2,5,,15,11,0.24672489082969432,0.05823293172690763,0.18674698795180722,0.3118279569892473,0.2961460446247465,0.35807860262008734,0.2862107721110145,0.6542246472448339,0.11135371179039302,4.6232467921584695,0.28851540616246496,,-1.7695754810702056,45.55413375156307,-13.112502283283241,68.74283100670414,-1.7695754810702056,,-20.458866845450096,3.790676024014777,0.020633930928789013,,,,,,,,426.2,3.674137931034483,426.2,3.674137931034483,,,,,,,,,,,,,,,,,,,"Jose Cardona","sa599888",606580
"Jack Murphy","LAD",69,248,225,47,35,9,0,3,21,19,20,0,64,0,1,2,,0,0,0.2088888888888889,0.08064516129032258,0.25806451612903225,0.3125,0.27235772357723576,0.28888888888888886,0.25114060102439506,0.5612466124661246,0.07999999999999996,1.2756696428571426,0.27672955974842767,,-0.12341042631305754,15.50883557966392,-13.706677947729423,55.06445570150152,-0.12341042631305754,,-13.848286804580658,6.150843423860764,0.01930153269401963,,,,,,,,152.5,2.210144927536232,152.5,2.210144927536232,,,,,,,,,,,,,,,,,,,"Jack Murphy","sa502520",571975
"Tony Renda","CIN",135,545,498,127,92,28,3,4,56,42,35,0,67,5,3,4,,16,5,0.25502008032128515,0.06422018348623854,0.12293577981651377,0.5223880597014925,0.30868761552680224,0.3473895582329317,0.2886081615569631,0.656077173759734,0.09236947791164657,5.306414855691434,0.28604651162790695,,0.8551568919792771,50.93155603248542,-13.271891033762051,74.17752271005804,0.8551568919792771,,-16.477341172770515,-0.6671715747041604,0.019022036222897443,,,,,,,,485.49999999999994,3.5962962962962957,485.49999999999994,3.5962962962962957,,,,,,,,,,,,,,,,,,,"Tony Renda","13443",573113
"Alex Rodriguez","NYY",88,348,307,70,43,11,0,16,38,52,34,2,91,3,4,0,,3,0,0.2280130293159609,0.09770114942528736,0.2614942528735632,0.37362637362637363,0.3074712643678161,0.4201954397394137,0.3119485445449807,0.7276667041072298,0.1921824104234528,2.9993887545147664,0.2647058823529412,,0.4249815861694515,39.223765470551626,-1.7721970598229033,92.63185553231729,0.4249815861694515,,-2.653603971006052,-8.950617283950615,0.01886036837417382,,,,,,,,384,4.363636363636363,384,4.363636363636363,,,,,,,,,,,,,,,,,,,"Alex Rodriguez","1274",121347
"Chris Marrero","SFG",108,440,406,106,70,22,2,12,44,46,28,1,85,2,4,0,,0,0,0.26108374384236455,0.06363636363636363,0.19318181818181818,0.32941176470588235,0.3090909090909091,0.41379310344827586,0.3102964137029539,0.7228840125391849,0.1527093596059113,2.1572014051522244,0.3003194888178914,,-0.22213876736350358,48.99342616718425,-2.8405494459329663,93.47606996449004,-0.22213876736350358,,-3.7574587282615273,-10.074200339348158,0.0163576596554329,,,,,,,,465.5999999999999,4.31111111111111,465.5999999999999,4.31111111111111,,,,,,,,,,,,,,,,,,,"Chris Marrero","2852",502029
"Sherman Johnson","LAA",128,564,500,107,73,20,4,10,61,49,54,0,133,3,4,3,,13,5,0.214,0.09574468085106383,0.23581560283687944,0.40601503759398494,0.29233511586452765,0.33,0.2760210726775375,0.6223351158645276,0.11600000000000002,5.548538772418073,0.26869806094182824,,0.2596445349045098,46.84923627610493,-19.59249610070896,72.42771603523086,0.2596445349045098,,-18.411274589028327,-0.5409896794240105,0.015694822791186613,,,,,,,,455.69999999999993,3.5601562499999995,455.69999999999993,3.5601562499999995,,,,,,,,,,,,,,,,,,,"Sherman Johnson","13906",582473
"J.P. Arencibia","TBR",95,371,355,77,45,14,0,18,40,52,10,0,124,4,2,0,,0,1,0.21690140845070421,0.026954177897574125,0.33423180592991913,0.08064516129032258,0.24528301886792453,0.4084507042253521,0.2775582902515031,0.6537337230932767,0.1915492957746479,1.8493249535192926,0.2744186046511628,,-0.5421173565555364,31.28808975362534,-12.417376047434862,72.88478619249491,-0.5421173565555364,,-12.620277790088783,0.18791345706201756,0.013848404094971345,,,,,,,,325.2,3.423157894736842,325.2,3.423157894736842,,,,,,,,,,,,,,,,,,,"J.P. Arencibia","697",450317
"Anthony Recker","ATL",68,239,209,44,27,9,0,8,25,28,24,1,75,3,1,2,,1,0,0.21052631578947367,0.100418410041841,0.3138075313807531,0.32,0.29957805907172996,0.3684210526315789,0.29263267880779203,0.6679991117033088,0.15789473684210525,2.5429857170608905,0.28346456692913385,,0.08107722853310406,23.128811768464846,-5.026461348660188,79.08230904974425,0.08107722853310406,,-6.076053818246248,-1.3934802936148039,0.01334112552063127,,,,,,,,221.6,3.2588235294117647,221.6,3.2588235294117647,,,,,,,,,,,,,,,,,,,"Anthony Recker","4063",489232
"Cody Decker","MIL",109,400,368,82,41,18,2,21,50,58,25,0,139,3,4,0,,1,1,0.22282608695652173,0.0625,0.3475,0.17985611510791366,0.275,0.453804347826087,0.30812347918748856,0.728804347826087,0.23097826086956524,3.604264053662376,0.28773584905660377,,-0.364555612904951,43.82227002212303,-3.2995259898017175,87.7644731675033,-0.364555612904951,,-6.392224937095401,-6.198158454923053,0.013219203192465723,,,,,,,,435.29999999999995,3.993577981651376,435.29999999999995,3.993577981651376,,,,,,,,,,,,,,,,,,,"Cody Decker","9665",572804
"Brett Wallace","SDP",123,371,334,76,50,14,0,12,40,39,29,3,112,7,1,0,,0,0,0.2275449101796407,0.07816711590296496,0.3018867924528302,0.25892857142857145,0.3018867924528302,0.3772455089820359,0.2948107693506324,0.679132301434866,0.1497005988023952,1.3995775729646696,0.3033175355450237,,-0.18623755243606865,36.569672688272824,-7.135793112787374,82.99525869874138,-0.18623755243606865,,-7.9560528116868365,-3.716041080255077,0.012821920298345363,,,,,,,,353,2.869918699186992,353,2.869918699186992,,,,,,,,,,,,,,,,,,,"Brett Wallace","8434",477165
"Adam Frazier","PIT",121,466,425,113,87,20,4,2,49,34,31,0,65,3,2,5,,12,10,0.26588235294117646,0.06652360515021459,0.13948497854077252,0.47692307692307695,0.3188720173535792,0.3458823529411765,0.2931540842428642,0.6647543702947556,0.08000000000000002,5.097229986254636,0.30833333333333335,,-1.968819167232141,45.296837719127666,-9.600054634764664,80.98715207137357,-1.968819167232141,,-12.880705797841646,-1.8279343891816584,0.011223421697771352,,,,,,,,404.2,3.340495867768595,404.2,3.340495867768595,,,,,,,,,,,,,,,,,,,"Adam Frazier","15223",624428
"Jon Kemmer","HOU",107,411,378,87,51,19,2,15,48,51,26,0,127,5,2,0,,5,5,0.23015873015873015,0.06326034063260341,0.30900243309002434,0.2047244094488189,0.2871046228710462,0.41005291005291006,0.30004824817615705,0.6971575329239563,0.1798941798941799,4.400896791167252,0.3025210084033613,,-1.2326518441550434,42.28873920527856,-6.128906196974114,89.67377483107448,-1.2326518441550434,,-6.328274546716258,-7.494213220303651,0.010258123646217476,,,,,,,,405.2,3.7869158878504674,405.2,3.7869158878504674,,,,,,,,,,,,,,,,,,,"Jon Kemmer","sa738208",643392
"Clint Barmes","KCR",51,140,129,30,20,9,0,1,14,11,5,1,31,3,1,2,,0,0,0.23255813953488372,0.03571428571428571,0.22142857142857142,0.16129032258064516,0.2753623188405797,0.32558139534883723,0.26049046011736793,0.6009437141894169,0.09302325581395351,1.9075630252100837,0.29591836734693877,,-0.06058330019004643,9.835107275091154,-6.657521329082505,57.111316090801935,-0.06058330019004643,,-7.269742338413329,2.611739840036557,0.008647234515826385,,,,,,,,98.5,1.9313725490196079,98.5,1.9313725490196079,,,,,,,,,,,,,,,,,,,"Clint Barmes","1830",425549
"Brandon Moss","KCR",127,467,414,93,50,19,2,22,53,59,42,4,140,7,4,0,,1,0,0.2246376811594203,0.08993576017130621,0.29978586723768735,0.3,0.30406852248394006,0.4396135265700483,0.315926242080672,0.7436820490539884,0.21497584541062803,3.047888457126188,0.27734375,,-0.013163460651412606,54.169296326248016,-0.845400517674121,95.21044191424069,-0.013163460651412606,,-2.6986697652451275,-13.053741864356343,0.006893463545973866,,,,,,,,528.9999999999999,4.16535433070866,528.9999999999999,4.16535433070866,,,,,,,,,,,,,,,,,,,"Brandon Moss","4467",461235
"Dan Rohlfing","MIN",63,213,194,41,27,10,0,4,20,19,13,1,64,2,2,2,,0,0,0.211340206185567,0.06103286384976526,0.3004694835680751,0.203125,0.26540284360189575,0.3247422680412371,0.2567935957795098,0.5901451116431329,0.11340206185567012,1.5178571428571426,0.2890625,,-0.09199686325155199,14.313654963006533,-10.778701413343395,53.87966752614257,-0.09199686325155199,,-11.88666929645903,4.727589355364469,0.005766139183317365,,,,,,,,147.2,2.336507936507936,147.2,2.336507936507936,,,,,,,,,,,,,,,,,,,"Dan Rohlfing","sa389665",519221
"Taylor Ward","LAA",101,433,394,88,75,9,0,4,45,35,30,1,77,3,3,3,,2,1,0.2233502538071066,0.06928406466512702,0.17782909930715934,0.38961038961038963,0.2813953488372093,0.2766497461928934,0.25014393507461724,0.5580450950301027,0.053299492385786795,2.812909658906704,0.26582278481012656,,-0.24982099537737668,26.721823170240814,-24.28752101266772,54.643240258615755,-0.24982099537737668,,-23.82981925814428,9.216049512297458,0.005551496800428768,,,,,,,,262.49999999999994,2.5990099009900987,262.49999999999994,2.5990099009900987,,,,,,,,,,,,,,,,,,,"Taylor Ward","17548",621493
"Franklin Barreto","OAK",119,501,468,114,79,21,3,11,55,47,24,1,112,5,3,1,,17,13,0.24358974358974358,0.04790419161676647,0.22355289421157684,0.21428571428571427,0.286,0.3717948717948718,0.2842463773333716,0.6577948717948718,0.12820512820512822,5.438550244041556,0.2959770114942529,,-2.1666004688013345,45.016464339969566,-14.003585164966175,77.18539667571524,-2.1666004688013345,,-15.890088223684693,-1.0495833492783646,0.003263402196544307,,,,,,,,434.7,3.652941176470588,434.7,3.652941176470588,,,,,,,,,,,,,,,,,,,"Franklin Barreto","15519",620439
"Scott Kingery","PHI",113,496,461,114,84,22,2,6,54,40,24,0,103,6,3,2,,16,5,0.2472885032537961,0.04838709677419355,0.20766129032258066,0.23300970873786409,0.291497975708502,0.34273318872017355,0.2778172695685012,0.6342311644286756,0.09544468546637747,5.4220565955154285,0.30422535211267604,,0.8955457587726414,41.9358939850976,-16.49513306968908,69.35335671929779,0.8955457587726414,,-17.825553406840815,2.076407377822199,0.002373996487562785,,,,,,,,415.4,3.676106194690265,415.4,3.676106194690265,,,,,,,,,,,,,,,,,,,"Scott Kingery","17975",664068
"Steve Tolleson","KCR",49,137,121,29,22,5,1,1,15,10,12,0,31,1,1,2,,3,1,0.2396694214876033,0.08759124087591241,0.22627737226277372,0.3870967741935484,0.3111111111111111,0.32231404958677684,0.2824320704848678,0.633425160697888,0.08264462809917353,5.57864797663779,0.3111111111111111,,0.11173447477631271,12.104789400946403,-4.034425733137822,72.19103796995952,0.11173447477631271,,-4.46250815944927,-0.17021965353296897,0.0008389821970707922,,,,,,,,112.89999999999999,2.304081632653061,112.89999999999999,2.304081632653061,,,,,,,,,,,,,,,,,,,"Steve Tolleson","4450",476270
"Victor Cruzado","NYM",100,390,350,75,53,12,3,7,41,35,36,1,104,1,2,1,,3,5,0.21428571428571427,0.09230769230769231,0.26666666666666666,0.34615384615384615,0.2879177377892031,0.32571428571428573,0.27104544086554616,0.6136320235034889,0.11142857142857146,3.989028786477604,0.2821576763485477,,-1.6483586316462606,30.794526567760272,-15.149224543866353,70.05163028781938,-1.6483586316462606,,-16.03318244001514,3.624368004067235,-0.0007322965945579796,,,,,,,,290.4,2.904,290.4,2.904,,,,,,,,,,,,,,,,,,,"Victor Cruzado","sa597033",606323
"Casey Kotchman","TOR",80,301,276,69,50,13,0,6,30,34,21,1,34,4,0,0,,1,0,0.25,0.06976744186046512,0.11295681063122924,0.6176470588235294,0.3122923588039867,0.36231884057971014,0.29617797056833906,0.6746111993836968,0.11231884057971014,2.360700821775655,0.2669491525423729,,0.03395688394084573,30.009310936233653,-5.449840562739718,83.24854559202612,0.03395688394084573,,-6.019909988944727,-4.193085360428923,-0.001686987321846134,,,,,,,,281.4,3.5174999999999996,281.4,3.5174999999999996,,,,,,,,,,,,,,,,,,,"Casey Kotchman","1930",425773
"Danny Ortiz","PIT",130,487,459,110,71,24,4,11,53,62,20,2,110,2,5,1,,4,4,0.23965141612200436,0.04106776180698152,0.22587268993839835,0.18181818181818182,0.2716049382716049,0.3812636165577342,0.2778735716234554,0.6528685548293391,0.14161220043572986,4.491497120786743,0.2886297376093295,,-1.0431146540213376,41.197585597002586,-16.173201047515793,70.74927633116448,-1.0431146540213376,,-18.587264589898584,3.0800085643121315,-0.002156641467372017,,,,,,,,415.20000000000005,3.1938461538461542,415.20000000000005,3.1938461538461542,,,,,,,,,,,,,,,,,,,"Danny Ortiz","10317",543611
"Bryce Brentz","BOS",79,306,284,68,40,18,1,9,31,34,19,0,92,2,1,0,,1,0,0.23943661971830985,0.06209150326797386,0.3006535947712418,0.20652173913043478,0.2908496732026144,0.40492957746478875,0.2998693528907751,0.6957792506674032,0.1654929577464789,3.120833425591976,0.32065217391304346,,0.0631266210693866,31.439875780300117,-4.60829816882231,80.94839373747126,0.0631266210693866,,-6.936371076923914,-3.4972058756956974,-0.006923526852168738,,,,,,,,304.19999999999993,3.8506329113924043,304.19999999999993,3.8506329113924043,,,,,,,,,,,,,,,,,,,"Bryce Brentz","10607",518490
"Ed Easley","PIT",65,239,216,52,40,8,0,4,24,21,18,1,42,2,2,1,,0,1,0.24074074074074073,0.07531380753138076,0.17573221757322174,0.42857142857142855,0.3025210084033613,0.3333333333333333,0.2798125741351003,0.6358543417366946,0.09259259259259259,1.7378909398669746,0.27906976744186046,,-0.5421173565555364,20.60051437912659,-7.554758737998446,72.04839942137806,-0.5421173565555364,,-8.769682633195435,1.0893995834756502,-0.008211557751620191,,,,,,,,193.2,2.9723076923076923,193.2,2.9723076923076923,,,,,,,,,,,,,,,,,,,"Ed Easley","2487",446225
"Johan Mieses","LAD",118,490,455,96,51,25,3,17,56,67,25,1,166,6,3,1,,5,7,0.210989010989011,0.05102040816326531,0.33877551020408164,0.15060240963855423,0.25971370143149286,0.3912087912087912,0.27809503760005605,0.6509224926402841,0.18021978021978022,4.740431792326443,0.2872727272727273,,-2.049871271243319,41.54091458241895,-16.18328553218886,73.12380876001431,-2.049871271243319,,-18.26911337989874,2.5989515187809005,-0.009060540020875973,,,,,,,,414.89999999999986,3.5161016949152533,414.89999999999986,3.5161016949152533,,,,,,,,,,,,,,,,,,,"Johan Mieses","sa747574",644407
"Jimmy Rollins","SFG",73,287,262,61,41,13,2,5,38,18,24,0,48,0,1,0,,6,4,0.23282442748091603,0.08362369337979095,0.1672473867595819,0.5,0.2961672473867596,0.3549618320610687,0.2855394196011879,0.6511290794478283,0.12213740458015265,5.388946420831667,0.26666666666666666,,-0.5847751738037914,26.09409460556809,-7.7157940329879136,76.88899362563515,-0.5847751738037914,,-8.75374906541664,-0.46516983891710817,-0.009467240564205837,,,,,,,,247.89999999999998,3.395890410958904,247.89999999999998,3.395890410958904,,,,,,,,,,,,,,,,,,,"Jimmy Rollins","971",276519
"Mark Zagunis","CHC",100,434,376,91,57,21,4,9,51,46,47,1,102,8,3,0,,7,4,0.24202127659574468,0.10829493087557604,0.2350230414746544,0.46078431372549017,0.33640552995391704,0.39095744680851063,0.3189364100438618,0.7273629767624277,0.14893617021276595,5.175716836832512,0.30597014925373134,,-0.48799116373993456,51.41948832668164,0.292339653743288,96.4950953378294,-0.48799116373993456,,-2.3614005532228886,-11.536110689610611,-0.009888870030251629,,,,,,,,469,4.69,469,4.69,,,,,,,,,,,,,,,,,,,"Mark Zagunis","16565",657145
"Richie Martin Jr.","OAK",102,448,403,88,66,14,4,4,46,32,32,1,106,10,1,2,,11,13,0.21836228287841192,0.07142857142857142,0.23660714285714285,0.3018867924528302,0.2914798206278027,0.3027295285359802,0.26588822469282686,0.5942093491637829,0.08436724565756826,5.420384562241853,0.2857142857142857,,-3.366600486682728,33.467746354483666,-19.308665178872047,64.56846330583875,-3.366600486682728,,-22.424799318814053,7.14247163431144,-0.01085488074530605,,,,,,,,301.29999999999995,2.9539215686274507,301.29999999999995,2.9539215686274507,,,,,,,,,,,,,,,,,,,"Richie Martin Jr.","17736",621006
"Raywilly Gomez","NYM",53,185,167,42,34,7,0,1,17,12,15,0,25,1,1,1,,1,0,0.25149700598802394,0.08108108108108109,0.13513513513513514,0.6,0.31521739130434784,0.31137724550898205,0.28074144572019577,0.6265946368133299,0.05988023952095811,2.71841177104087,0.2887323943661972,,0.08780870633199811,16.08780154320523,-5.706029112309962,76.54791057309473,0.08780870633199811,,-5.255620057088136,-0.7411241155733159,-0.011649081179891496,,,,,,,,147.79999999999998,2.7886792452830185,147.79999999999998,2.7886792452830185,,,,,,,,,,,,,,,,,,,"Raywilly Gomez","sa503268",542466
"Grayson Greiner","DET",77,296,275,57,40,10,1,6,25,24,16,1,93,2,2,1,,1,0,0.20727272727272728,0.05405405405405406,0.3141891891891892,0.17204301075268819,0.2542372881355932,0.31636363636363635,0.24835762300458894,0.5706009244992296,0.10909090909090907,3.159071415126801,0.28651685393258425,,0.07210192480124533,17.83080984842039,-17.03931920040392,49.885121283783896,0.07210192480124533,,-17.73823953579173,7.58804761221099,-0.012585964869185395,,,,,,,,191.20000000000002,2.4831168831168835,191.20000000000002,2.4831168831168835,,,,,,,,,,,,,,,,,,,"Grayson Greiner","17062",606988
"Lane Adams","ATL",123,500,457,102,69,20,2,11,53,42,34,0,145,5,3,1,,25,5,0.22319474835886213,0.068,0.29,0.23448275862068965,0.28256513026052105,0.3479212253829322,0.27623223458120005,0.6304863556434532,0.12472647702407005,6.239663131685816,0.2993421052631579,,2.7090087411925197,41.62013216499444,-17.28211284991149,68.09408409564097,2.7090087411925197,,-16.938521887210943,0.8745162844447654,-0.01681776753149511,,,,,,,,437.49999999999994,3.556910569105691,437.49999999999994,3.556910569105691,,,,,,,,,,,,,,,,,,,"Lane Adams","10767",572669
"Jonathan Diaz","TOR",107,373,323,70,55,11,2,2,32,24,33,0,78,4,1,12,,4,3,0.21671826625386997,0.08847184986595175,0.20911528150134048,0.4230769230769231,0.296398891966759,0.28173374613003094,0.2626565113622396,0.5781326380967899,0.06501547987616096,4.072035446819544,0.2786885245901639,,-0.6356268534436822,26.87021399437626,-17.07086078674356,60.21038780210157,-0.6356268534436822,,-18.454998649105526,5.640337556057436,-0.01831929714745112,,,,,,,,241.3,2.255140186915888,241.3,2.255140186915888,,,,,,,,,,,,,,,,,,,"Jonathan Diaz","4142",502409
"Zach Shank","SEA",111,432,398,90,69,14,3,4,41,30,21,0,99,6,2,5,,4,3,0.22613065326633167,0.04861111111111111,0.22916666666666666,0.21212121212121213,0.27400468384074944,0.3065326633165829,0.2566665980519958,0.5805373471573323,0.08040201005025124,4.340378329266743,0.2895622895622896,,-0.6446021571755409,28.985240652207256,-21.906299040671463,60.73010848337249,-0.6446021571755409,,-21.013020181115742,6.18171152992854,-0.02015991716219201,,,,,,,,281.5,2.536036036036036,281.5,2.536036036036036,,,,,,,,,,,,,,,,,,,"Zach Shank","sa738403",642066
"Rafael Devers","BOS",130,558,527,128,80,30,4,14,53,60,26,1,135,3,2,0,,10,6,0.2428842504743833,0.04659498207885305,0.24193548387096775,0.1925925925925926,0.28136200716845877,0.3946869070208729,0.2898536497857455,0.6760489141893317,0.15180265654648958,4.844582234033256,0.3,,-0.700722930021584,52.719909571527246,-13.014995865107768,74.06494194344185,-0.700722930021584,,-18.07614146597057,-1.0369754304330816,-0.021541151762829946,,,,,,,,520.4,4.0030769230769225,520.4,4.0030769230769225,,,,,,,,,,,,,,,,,,,"Rafael Devers","17350",646240
"Yairo Muñoz","OAK",125,513,485,115,82,20,3,10,52,49,22,0,104,2,2,2,,8,7,0.23711340206185566,0.042884990253411304,0.20272904483430798,0.21153846153846154,0.2720156555772994,0.3525773195876289,0.27077140313538556,0.6245929751649283,0.11546391752577323,4.565550743995445,0.28150134048257375,,-1.5059669106267393,40.390644235830905,-20.04305914946258,67.92450561844652,-1.5059669106267393,,-21.262219730004517,3.6426218691326326,-0.02469860465554774,,,,,,,,395.7,3.1656,395.7,3.1656,,,,,,,,,,,,,,,,,,,"Yairo Munoz","16313",622168
"Alberto Rosario","STL",47,142,132,30,22,7,0,1,11,9,6,0,25,2,1,1,,0,0,0.22727272727272727,0.04225352112676056,0.176056338028169,0.24,0.2695035460992908,0.30303030303030304,0.25262678853163484,0.5725338491295938,0.07575757575757577,1.3035714285714282,0.27102803738317754,,-0.06731477798894048,9.054199921855753,-7.674037662377531,53.92982612912118,-0.06731477798894048,,-8.124344201335633,3.359079570541797,-0.025545369115923977,,,,,,,,89.7,1.9085106382978725,89.7,1.9085106382978725,,,,,,,,,,,,,,,,,,,"Alberto Rosario","7125",451705
"Nevin Ashley","SEA",77,265,239,48,34,9,1,4,26,24,19,0,75,4,2,1,,1,1,0.200836820083682,0.07169811320754717,0.2830188679245283,0.25333333333333335,0.2689393939393939,0.29707112970711297,0.25257252043846884,0.566010523646507,0.09623430962343096,3.534457688034525,0.2716049382716049,,-0.3376297017093748,16.885055712416975,-14.333134145483166,57.91638830834294,-0.3376297017093748,,-13.727387760540262,4.497219739574884,-0.02589233797856877,,,,,,,,167.29999999999995,2.172727272727272,167.29999999999995,2.172727272727272,,,,,,,,,,,,,,,,,,,"Nevin Ashley","3274",502213
"Adrian Nieto","CIN",58,207,183,37,25,7,0,5,20,18,20,1,68,1,1,2,,1,0,0.20218579234972678,0.0966183574879227,0.3285024154589372,0.29411764705882354,0.28292682926829266,0.3224043715846995,0.2675089316040862,0.6053312008529921,0.1202185792349727,2.68978394907783,0.2882882882882883,,0.09902783599682152,15.740721960878002,-8.644807475293053,60.04113214176775,0.09902783599682152,,-10.0880652455613,3.2514800659563177,-0.0259931197871906,,,,,,,,156.4,2.6965517241379313,156.4,2.6965517241379313,,,,,,,,,,,,,,,,,,,"Adrian Nieto","10294",543589
"Andy Wilkins","MIL",124,467,426,99,53,24,1,21,57,66,35,3,124,1,5,0,,2,0,0.2323943661971831,0.07494646680942184,0.26552462526766596,0.28225806451612906,0.2890792291220557,0.4413145539906103,0.30833231927505855,0.730393783112666,0.20892018779342722,3.3146105481734716,0.2727272727272727,,0.20703097572550178,51.2429768158982,-3.771720028023935,87.90439510071123,0.20703097572550178,,-6.749796395197279,-8.413127191062536,-0.03198282226108812,,,,,,,,512.9,4.136290322580645,512.9,4.136290322580645,,,,,,,,,,,,,,,,,,,"Andy Wilkins","11251",519421
"Matt Kemp","ATL",143,601,551,145,88,33,2,22,77,89,39,3,140,2,9,0,,6,2,0.2631578947368421,0.064891846921797,0.23294509151414308,0.2785714285714286,0.30948419301164726,0.4500907441016334,0.32116657455629327,0.7595749371132807,0.18693284936479132,4.142612867607442,0.30904522613065327,,0.0978146973066032,72.31131539348917,1.5108168855722415,98.19989275476904,0.0978146973066032,,-1.234600586868508,-18.194979507876873,-0.0325530080169919,,,,,,,,703.6999999999999,4.92097902097902,703.6999999999999,4.92097902097902,,,,,,,,,,,,,,,,,,,"Matt Kemp","5631",461314
"José Pirela","SDP",93,369,344,86,60,16,4,6,42,33,20,1,56,2,2,1,,5,3,0.25,0.05420054200542006,0.15176151761517614,0.35714285714285715,0.29347826086956524,0.37209302325581395,0.2874890317384164,0.6655712841253791,0.12209302325581395,5.285774557623844,0.28169014084507044,,-0.41094476520083845,34.14317669379122,-9.326680127209363,78.08972694445511,-0.41094476520083845,,-10.36822912972824,-1.7023503969586082,-0.03443405720820819,,,,,,,,330.3,3.5516129032258066,330.3,3.5516129032258066,,,,,,,,,,,,,,,,,,,"Jose Pirela","5485",517369
"Matt Skole","WSN",132,542,477,109,67,21,1,20,62,65,59,2,159,3,3,0,,2,1,0.22851153039832284,0.1088560885608856,0.2933579335793358,0.3710691823899371,0.3154981549815498,0.4025157232704403,0.31172380646069847,0.71801387825199,0.17400419287211744,2.7256526706160256,0.2956810631229236,,-0.2946975140366703,60.98937635736417,-2.860657238793856,89.68268804876706,-0.2946975140366703,,-7.18173746734049,-10.396938009061651,-0.03513453742500716,,,,,,,,575,4.356060606060606,575,4.356060606060606,,,,,,,,,,,,,,,,,,,"Matt Skole","12119",605474
"Jeremy Lucas","CLE",88,368,331,74,48,16,1,9,38,37,29,0,91,4,2,2,,1,2,0.22356495468277945,0.07880434782608696,0.24728260869565216,0.31868131868131866,0.2923497267759563,0.3595166163141994,0.2859332090844222,0.6518663430901557,0.13595166163141995,2.758139733961454,0.27896995708154504,,-0.8012131506111473,33.5782078326764,-9.773844498294366,72.00784198652192,-0.8012131506111473,,-13.169172548540828,0.34893908884720126,-0.03621086888239611,,,,,,,,315.3999999999999,3.584090909090908,315.3999999999999,3.584090909090908,,,,,,,,,,,,,,,,,,,"Jeremy Lucas","sa503053",572997
"Delino DeShields","TEX",127,494,430,105,77,18,3,7,65,36,47,0,128,5,4,8,,27,10,0.2441860465116279,0.0951417004048583,0.2591093117408907,0.3671875,0.3230452674897119,0.3488372093023256,0.2980897706231953,0.6718824767920375,0.1046511627906977,6.521595371772984,0.3277591973244147,,1.0132302700076252,50.0304676188206,-8.164950455906451,76.90686230460491,1.0132302700076252,,-12.683715780400322,-4.40957118734621,-0.036696781878404444,,,,,,,,472.4,3.7196850393700784,472.4,3.7196850393700784,,,,,,,,,,,,,,,,,,,"Delino DeShields","11379",592261
"Ji Man Choi","NYY",80,288,252,61,40,12,1,8,33,32,30,1,55,2,3,1,,3,4,0.24206349206349206,0.10416666666666667,0.1909722222222222,0.5454545454545454,0.3240418118466899,0.39285714285714285,0.3118855459289951,0.7168989547038327,0.15079365079365079,3.279772141970634,0.2760416666666667,,-1.1982381383422762,32.446075894017326,-1.4816172345684868,92.58855872812087,-1.1982381383422762,,-3.7610044741680873,-6.368805326481976,-0.03821626731882122,,,,,,,,295.79999999999995,3.6974999999999993,295.79999999999995,3.6974999999999993,,,,,,,,,,,,,,,,,,,"Ji Man Choi","5452",596847
"Mark Payton","NYY",107,437,394,92,62,16,4,10,46,45,33,2,98,3,3,4,,7,5,0.233502538071066,0.07551487414187644,0.2242562929061785,0.336734693877551,0.2956120092378753,0.37055837563451777,0.2884748760619462,0.666170384872393,0.13705583756345177,5.036775064488767,0.2837370242214533,,-0.8640654012560844,40.790635092752034,-10.689927050275744,76.49920226398557,-0.8640654012560844,,-13.19448605309242,-1.988649306053417,-0.038818513295247103,,,,,,,,391.7,3.6607476635514016,391.7,3.6607476635514016,,,,,,,,,,,,,,,,,,,"Mark Payton","16042",592622
"Charlie Culberson","LAD",81,262,248,55,36,12,2,5,23,26,10,1,67,2,1,1,,4,3,0.2217741935483871,0.03816793893129771,0.25572519083969464,0.14925373134328357,0.2567049808429119,0.3467741935483871,0.2592236965894699,0.6034791743912991,0.12500000000000003,4.783235306048922,0.2824858757062147,,-0.5346546864602715,18.131836392378865,-12.732939995431842,60.48009391028519,-0.5346546864602715,,-13.286820443186478,4.55922699962764,-0.04052088636950957,,,,,,,,188.39999999999998,2.3259259259259255,188.39999999999998,2.3259259259259255,,,,,,,,,,,,,,,,,,,"Charlie Culberson","3298",518586
"Luis Torrens","SDP",62,255,232,47,30,12,1,4,28,21,19,0,57,3,1,0,,2,3,0.2025862068965517,0.07450980392156863,0.2235294117647059,0.3333333333333333,0.27058823529411763,0.3146551724137931,0.2594920717033685,0.5852434077079107,0.11206896551724138,3.988497383688298,0.25,,-0.9458738220855594,17.703868446996992,-12.336276510605034,59.33188778804145,-0.9458738220855594,,-13.717933748723384,5.209614246505488,-0.04086039729605068,,,,,,,,170.7,2.7532258064516126,170.7,2.7532258064516126,,,,,,,,,,,,,,,,,,,"Luis Torrens","15905",620443
"Nick Martini","STL",119,455,408,96,70,18,3,5,46,36,39,2,81,5,2,1,,6,4,0.23529411764705882,0.08571428571428572,0.17802197802197803,0.48148148148148145,0.30837004405286345,0.33088235294117646,0.28271418506592777,0.6392523969940399,0.09558823529411764,4.380684634688975,0.2808641975308642,,-0.6902349926531315,40.307957216358226,-13.293085747206174,74.08824847636869,-0.6902349926531315,,-15.210512650006972,0.31081797752851337,-0.044087200939275206,,,,,,,,378.09999999999985,3.177310924369747,378.09999999999985,3.177310924369747,,,,,,,,,,,,,,,,,,,"Nick Martini","12005",605361
"Jacob May","CHW",90,369,346,79,61,13,1,4,37,26,16,0,95,3,1,3,,18,9,0.22832369942196531,0.04336043360433604,0.25745257452574527,0.16842105263157894,0.2677595628415301,0.3063583815028902,0.2529309846338679,0.5741179443444202,0.07803468208092487,5.675949716502227,0.3024193548387097,,-0.26709065958857536,23.620790370987823,-19.849066450012753,54.741840405582344,-0.26709065958857536,,-20.31814005480511,7.382670329361366,-0.04453140751822873,,,,,,,,243.39999999999998,2.704444444444444,243.39999999999998,2.704444444444444,,,,,,,,,,,,,,,,,,,"Jacob May","14876",594576
"Carl Crawford","LAD",67,222,208,54,38,9,3,4,28,26,10,0,35,2,2,0,,7,3,0.25961538461538464,0.04504504504504504,0.15765765765765766,0.2857142857142857,0.2972972972972973,0.3894230769230769,0.29582924509907627,0.6867203742203742,0.1298076923076923,6.725936826040612,0.29239766081871343,,0.05861384468153119,22.06923151684615,-4.083365269772085,85.00564919614209,0.05861384468153119,,-4.041041955652955,-3.4765599139783747,-0.04685867727024812,,,,,,,,216.09999999999997,3.2253731343283576,216.09999999999997,3.2253731343283576,,,,,,,,,,,,,,,,,,,"Carl Crawford","1201",408307
"Josh Rutledge","BOS",85,287,261,63,43,14,2,4,30,23,18,1,77,4,2,2,,4,2,0.2413793103448276,0.0627177700348432,0.2682926829268293,0.23376623376623376,0.2982456140350877,0.3563218390804598,0.28515258725260345,0.6545674531155474,0.11494252873563218,5.012414264733997,0.3241758241758242,,-0.16306810081005096,26.002484503837447,-7.807404134718555,70.8340616958683,-0.16306810081005096,,-10.2131985913197,0.01326674492761426,-0.0488517861609498,,,,,,,,249.39999999999995,2.934117647058823,249.39999999999995,2.934117647058823,,,,,,,,,,,,,,,,,,,"Josh Rutledge","11167",592710
"Jason Martin","HOU",115,489,442,99,62,17,4,16,56,58,38,1,137,1,4,4,,13,16,0.2239819004524887,0.07770961145194274,0.28016359918200406,0.2773722627737226,0.2845360824742268,0.3891402714932127,0.2900105329338184,0.6736763539674395,0.16515837104072398,5.339572538995309,0.2832764505119454,,-4.180088578723371,46.26408390250139,-11.342311722076607,82.77519484439983,-4.180088578723371,,-14.293019208907259,-2.758203010289968,-0.049716643861310916,,,,,,,,431.79999999999995,3.7547826086956517,431.79999999999995,3.7547826086956517,,,,,,,,,,,,,,,,,,,"Jason Martin","16429",641829
"Steve Selsky","BOS",99,351,314,75,49,17,2,7,40,38,27,0,110,7,2,1,,3,2,0.23885350318471338,0.07692307692307693,0.31339031339031337,0.24545454545454545,0.31142857142857144,0.37261146496815284,0.3002664065361023,0.6840400363967243,0.13375796178343946,4.3261783985048945,0.3417085427135678,,-0.40570079651661217,36.17838616923592,-5.170989831228047,81.22127519158319,-0.40570079651661217,,-8.319537146499618,-4.074632686281961,-0.05153236279747775,,,,,,,,334.59999999999997,3.3797979797979796,334.59999999999997,3.3797979797979796,,,,,,,,,,,,,,,,,,,"Steve Selsky","12957",592731
"Christian Walker","BAL",135,567,523,126,78,24,1,23,64,70,36,1,165,4,4,0,,1,2,0.24091778202676864,0.06349206349206349,0.291005291005291,0.21818181818181817,0.2927689594356261,0.4225621414913958,0.30616895922923676,0.7153311009270219,0.18164435946462718,2.2978873981802668,0.30383480825958703,,-0.8819908841978759,61.203613780267055,-5.591532066636269,89.43655927242476,-0.8819908841978759,,-8.073206488913407,-11.64762020111084,-0.052510808142546495,,,,,,,,590.3999999999999,4.373333333333332,590.3999999999999,4.373333333333332,,,,,,,,,,,,,,,,,,,"Christian Walker","13419",572233
"Cam Maron","MIA",72,252,226,53,43,8,0,2,26,18,24,0,53,0,1,1,,1,0,0.2345132743362832,0.09523809523809523,0.21031746031746032,0.4528301886792453,0.30677290836653387,0.29646017699115046,0.2721668954389504,0.6032330853576844,0.06194690265486727,2.6793397486981894,0.29651162790697677,,0.049663665471598506,20.131197682701778,-9.555533804810809,69.94840962588974,0.049663665471598506,,-9.277181243636848,0.734279650228995,-0.05415301682688356,,,,,,,,186.69999999999996,2.593055555555555,186.69999999999996,2.593055555555555,,,,,,,,,,,,,,,,,,,"Cam Maron","sa503041",573013
"Justin Williams","TBR",115,461,445,110,75,21,2,12,48,50,11,0,110,2,3,0,,2,2,0.24719101123595505,0.02386117136659436,0.2386117136659436,0.1,0.2668112798264642,0.3842696629213483,0.2783526779514073,0.6510809427478125,0.13707865168539324,3.504638212397544,0.3006134969325153,,-0.6169199291616678,39.18037684500035,-15.127493058742914,73.43074181645049,-0.6169199291616678,,-15.322907871978316,-0.8290896348431831,-0.054757068729291924,,,,,,,,393.3,3.42,393.3,3.42,,,,,,,,,,,,,,,,,,,"Justin Williams","15490",642211
"Brandon Snyder","WSN",75,246,229,52,30,13,1,8,27,28,14,0,81,2,1,0,,2,0,0.22707423580786026,0.056910569105691054,0.32926829268292684,0.1728395061728395,0.2764227642276423,0.39737991266375544,0.28982749557107446,0.6738026768913977,0.17030567685589518,4.500066688858671,0.3120567375886525,,0.2967840130440891,23.236801637701184,-5.743102909632533,75.01225678507882,0.2967840130440891,,-7.273791493949055,-1.1011602607353654,-0.05648929194038482,,,,,,,,232.6,3.1013333333333333,232.6,3.1013333333333333,,,,,,,,,,,,,,,,,,,"Brandon Snyder","9856",474319
"Matthew den Dekker","MIA",122,433,391,86,58,17,3,8,46,38,35,0,114,4,2,1,,12,4,0.21994884910485935,0.08083140877598152,0.2632794457274827,0.30701754385964913,0.28935185185185186,0.340153452685422,0.27765158715623395,0.6295053045372738,0.12020460358056267,5.82247117439957,0.2878228782287823,,0.5434224142227322,36.55016161493472,-14.459182567973816,73.6231287713444,0.5434224142227322,,-13.522814551214882,-0.8004576445046343,-0.05668221221186709,,,,,,,,360.8,2.957377049180328,360.8,2.957377049180328,,,,,,,,,,,,,,,,,,,"Matthew den Dekker","11385",544925
"Justin Morneau","CHW",80,313,288,75,49,16,2,8,28,33,19,2,57,3,3,0,,0,1,0.2604166666666667,0.06070287539936102,0.18210862619808307,0.3333333333333333,0.30990415335463256,0.4131944444444444,0.30892676824158793,0.7230985977990769,0.15277777777777773,2.5115877025150466,0.29646017699115046,,-0.5645556158851832,34.49839608399496,-2.374409295336148,93.22583629590427,-0.5645556158851832,,-3.1102946181286035,-8.050411522633745,-0.05703453949320991,,,,,,,,328.2,4.1025,328.2,4.1025,,,,,,,,,,,,,,,,,,,"Justin Morneau","1737",408047
"Preston Tucker","HOU",125,488,449,105,63,23,1,18,57,57,32,2,123,4,3,0,,2,2,0.23385300668151449,0.06557377049180328,0.2520491803278688,0.2601626016260163,0.2889344262295082,0.40979955456570155,0.29906573033136596,0.6987339807952098,0.17594654788418707,2.9463948454810502,0.2797427652733119,,-0.63711436255835,49.81580816664776,-7.672782967900424,88.99852376277985,-0.63711436255835,,-7.083030310328616,-10.014718707486645,-0.05793914514254095,,,,,,,,486.8,3.8944,486.8,3.8944,,,,,,,,,,,,,,,,,,,"Preston Tucker","13633",605512
"Corey Toups","KCR",106,473,427,97,63,24,3,7,49,40,34,0,126,6,3,3,,14,3,0.22716627634660422,0.07188160676532769,0.266384778012685,0.2698412698412698,0.29148936170212764,0.34660421545667447,0.2803581713361943,0.6380935771588021,0.11943793911007025,5.870776883666849,0.30303030303030304,,1.3396910910960287,40.983002866173834,-14.738520917927179,70.76571768381766,1.3396910910960287,,-15.262577229856777,-1.3279418080502017,-0.058031310522676766,,,,,,,,406.9,3.8386792452830187,406.9,3.8386792452830187,,,,,,,,,,,,,,,,,,,"Corey Toups","sa829321",657783
"Yasmany Tomás","ARI",134,524,496,134,83,26,2,23,60,70,25,2,121,2,1,0,,3,3,0.2701612903225806,0.04770992366412214,0.23091603053435114,0.2066115702479339,0.30725190839694655,0.46975806451612906,0.32951725419910477,0.7770099729130756,0.19959677419354843,2.986919276783354,0.31444759206798867,,-0.8715280713513494,66.6575073322422,4.927954556620786,98.3742775682198,-0.8715280713513494,,-1.9206946294613987,-15.31878449508963,-0.05898196483108453,,,,,,,,635.7,4.744029850746269,635.7,4.744029850746269,,,,,,,,,,,,,,,,,,,"Yasmany Tomas","17171",630111
"Pete Kozma","NYY",115,372,340,71,54,14,0,3,37,24,24,1,78,4,2,2,,7,3,0.2088235294117647,0.06451612903225806,0.20967741935483872,0.3076923076923077,0.26756756756756755,0.27647058823529413,0.24291812162089155,0.5440381558028617,0.06764705882352942,4.0528199784064345,0.26053639846743293,,-0.010944759240373969,20.739282034038727,-23.083988257051285,45.18959575918007,-0.010944759240373969,,-24.49141727208237,11.295689012638476,-0.060754272578040114,,,,,,,,215.29999999999998,1.872173913043478,215.29999999999998,1.872173913043478,,,,,,,,,,,,,,,,,,,"Pete Kozma","2539",518902
"Ángel Pagán","SFG",113,473,437,117,88,20,3,6,58,39,31,1,65,1,4,0,,12,5,0.26773455377574373,0.06553911205073996,0.13742071881606766,0.47692307692307695,0.3150105708245243,0.3684210526315789,0.2974149652961957,0.6834316234561033,0.1006864988558352,5.4532287821845005,0.3,,0.08432661718688905,47.64028907224835,-8.08123471185266,84.84555661542892,0.08432661718688905,,-8.743786398253208,-6.897894761129241,-0.06143195364184045,,,,,,,,454.49999999999994,4.022123893805309,454.49999999999994,4.022123893805309,,,,,,,,,,,,,,,,,,,"Angel Pagan","2918",434636
"Munenori Kawasaki","CHC",100,326,287,66,55,10,1,0,29,19,28,1,59,2,2,7,,8,4,0.22996515679442509,0.08588957055214724,0.18098159509202455,0.4745762711864407,0.30094043887147337,0.27177700348432055,0.25909668132194186,0.5727174423557939,0.04181184668989546,4.457997590426825,0.28695652173913044,,-0.2274078605696559,22.526819844861997,-15.877443904856666,56.40274227078037,-0.2274078605696559,,-17.731658650430365,6.758554497303365,-0.062034563187013,,,,,,,,211.29999999999995,2.1129999999999995,211.29999999999995,2.1129999999999995,,,,,,,,,,,,,,,,,,,"Munenori Kawasaki","13047",493128
"Joe McCarthy","TBR",92,382,336,80,57,14,2,7,42,35,33,1,77,8,4,1,,13,5,0.23809523809523808,0.08638743455497382,0.20157068062827224,0.42857142857142855,0.31758530183727035,0.3541666666666667,0.2962336475911893,0.671751968503937,0.1160714285714286,5.355597539184085,0.28515625,,0.3336907906923443,38.10245627563336,-6.898858915754772,85.71972355395174,0.3336907906923443,,-6.2158949053578,-7.370540621069023,-0.06606736889101383,,,,,,,,363.5,3.9510869565217392,363.5,3.9510869565217392,,,,,,,,,,,,,,,,,,,"Joe McCarthy","18399",663411
"Juniel Querecuto","SFG",108,423,392,96,72,17,4,3,41,34,23,1,85,2,2,4,,3,3,0.24489795918367346,0.054373522458628844,0.20094562647754138,0.27058823529411763,0.28878281622911695,0.33163265306122447,0.2710992907793328,0.6204154692903414,0.086734693877551,4.408778184083204,0.30392156862745096,,-0.8446021601557732,33.41901321794063,-16.41228606466979,67.2141713056701,-0.8446021601557732,,-17.924815333530606,3.8001627606689614,-0.06888998970742075,,,,,,,,318.19999999999993,2.9462962962962957,318.19999999999993,2.9462962962962957,,,,,,,,,,,,,,,,,,,"Juniel Querecuto","12140",578570
"Carlos Paulino","MIA",49,172,157,36,27,7,1,1,14,12,10,0,32,1,2,2,,0,1,0.22929936305732485,0.05813953488372093,0.18604651162790697,0.3125,0.27647058823529413,0.3057324840764331,0.2566083252429962,0.5822030723117273,0.07643312101910826,3.017694795931831,0.2777777777777778,,-0.49499701196327806,11.53214936419472,-8.73022292093292,59.52423654159292,-0.49499701196327806,,-9.069130686623158,2.902425942194595,-0.0713064965524069,,,,,,,,110.2,2.2489795918367346,110.2,2.2489795918367346,,,,,,,,,,,,,,,,,,,"Carlos Paulino","sa456100",544827
"Ichiro Suzuki","MIA",132,353,321,83,67,10,5,1,43,20,25,1,42,2,2,3,,9,3,0.2585669781931464,0.0708215297450425,0.11898016997167139,0.5952380952380952,0.3142857142857143,0.3302180685358255,0.2841089709440412,0.6445037828215399,0.07165109034267914,6.457484566147425,0.29285714285714287,,0.3621293355245143,31.678163465029908,-9.906821515493677,77.94954729361572,0.3621293355245143,,-9.224346226862282,-2.6991634188085216,-0.07142569596588855,,,,,,,,300.4,2.2757575757575754,300.4,2.2757575757575754,,,,,,,,,,,,,,,,,,,"Ichiro Suzuki","1101",400085
"Logan Moore","PHI",69,251,231,47,32,9,1,5,24,23,15,0,78,1,2,2,,0,1,0.20346320346320346,0.05976095617529881,0.3107569721115538,0.19230769230769232,0.25301204819277107,0.31601731601731603,0.24904345580372944,0.5690293642100871,0.11255411255411257,2.9792797315400996,0.28,,-0.5174352712929249,15.262091376700932,-14.306835620781845,50.075029006555916,-0.5174352712929249,,-15.950717444649404,7.233588033812947,-0.07522279401182069,,,,,,,,156.2,2.2637681159420286,156.2,2.2637681159420286,,,,,,,,,,,,,,,,,,,"Logan Moore","sa598265",607355
"Phillip Evans","NYM",108,419,391,93,67,20,1,5,40,37,23,0,87,2,2,1,,1,1,0.23785166240409208,0.05489260143198091,0.20763723150357996,0.26436781609195403,0.2822966507177033,0.33248081841432225,0.2695352532076493,0.6147774691320256,0.09462915601023017,2.6246699995223883,0.292358803986711,,-0.4161636093631387,32.562239996031806,-16.797841326459363,69.03981124934634,-0.4161636093631387,,-16.39276414563419,2.2901567374167193,-0.0796435069366464,,,,,,,,314.5999999999999,2.912962962962962,314.5999999999999,2.912962962962962,,,,,,,,,,,,,,,,,,,"Phillip Evans","12950",595943
"Sean Coyle","BAL",88,358,322,62,36,13,1,12,37,34,28,0,140,4,1,3,,7,3,0.19254658385093168,0.0782122905027933,0.39106145251396646,0.2,0.2647887323943662,0.35093167701863354,0.2696836918172702,0.6157204094129998,0.15838509316770186,4.890100816195971,0.29239766081871343,,0.018224977888166904,27.865525121454045,-14.308482309218602,64.36147699523278,0.018224977888166904,,-15.300286796290534,2.3923927126457802,-0.07981907080072176,,,,,,,,282.3,3.2079545454545455,282.3,3.2079545454545455,,,,,,,,,,,,,,,,,,,"Sean Coyle","sa548268",592231
"Deven Marrero","BOS",116,454,419,95,72,17,1,5,40,33,29,0,116,2,2,2,,12,4,0.22673031026252982,0.06387665198237885,0.2555066079295154,0.25,0.27876106194690264,0.30787589498806683,0.2599018143605342,0.5866369569349694,0.08114558472553701,4.4850065545991935,0.3,,0.5299594586249441,31.67332758783733,-21.809910885697256,53.480065062595536,0.5299594586249441,,-24.827678833097245,8.649849272699374,-0.08164922072546132,,,,,,,,319.6,2.7551724137931037,319.6,2.7551724137931037,,,,,,,,,,,,,,,,,,,"Deven Marrero","13325",571918
"Kyle Farmer","LAD",90,368,344,77,49,21,3,4,36,37,17,1,71,4,3,0,,3,2,0.2238372093023256,0.04619565217391304,0.19293478260869565,0.23943661971830985,0.266304347826087,0.3372093023255814,0.2611084817540743,0.6035136501516684,0.1133720930232558,4.684242800584941,0.26838235294117646,,-0.3742872334551066,26.039949961658515,-17.31210236931225,61.742891618242965,-0.3742872334551066,,-17.713393725501426,5.202289012934726,-0.0827372947217141,,,,,,,,265.8999999999999,2.9544444444444435,265.8999999999999,2.9544444444444435,,,,,,,,,,,,,,,,,,,"Kyle Farmer","14813",571657
"Guillermo Quiroz","CLE",55,202,189,43,29,9,0,5,19,20,8,0,53,2,2,1,,0,0,0.2275132275132275,0.039603960396039604,0.2623762376237624,0.1509433962264151,0.263681592039801,0.3544973544973545,0.2671336051243455,0.6181789465371554,0.12698412698412698,1.4200310559006208,0.2857142857142857,,-0.08750921138562262,15.297950922621698,-8.498556063400297,59.087514152418215,-0.08750921138562262,,-10.010008779477044,2.34834232307896,-0.08373967186807829,,,,,,,,154.89999999999998,2.816363636363636,154.89999999999998,2.816363636363636,,,,,,,,,,,,,,,,,,,"Guillermo Quiroz","7989",425565
"Carlos Corporán","CHC",51,174,160,35,24,6,0,5,17,20,8,1,50,4,1,1,,0,0,0.21875,0.04597701149425287,0.28735632183908044,0.16,0.27167630057803466,0.35,0.26934146222680116,0.6216763005780346,0.13124999999999998,1.4915413533834583,0.2830188679245283,,-0.07853390765376389,13.494442605098742,-7.003538660088522,63.26670007782377,-0.07853390765376389,,-7.950368267100273,1.5695889742496356,-0.08669527420870249,,,,,,,,136.4,2.674509803921569,136.4,2.674509803921569,,,,,,,,,,,,,,,,,,,"Carlos Corporan","5587",449786
"Collin Cowgill","SDP",96,300,270,59,44,10,1,4,30,18,22,0,71,4,1,3,,4,1,0.21851851851851853,0.07333333333333333,0.23666666666666666,0.30985915492957744,0.28619528619528617,0.3074074074074074,0.26524425074708985,0.5936026936026936,0.08888888888888888,4.453687089756634,0.28061224489795916,,0.23320057010278106,22.252022638861597,-13.089324370081961,63.18582225685324,0.23320057010278106,,-13.368810171782464,2.9587727713626952,-0.08900343800882046,,,,,,,,215.49999999999997,2.2447916666666665,215.49999999999997,2.2447916666666665,,,,,,,,,,,,,,,,,,,"Collin Cowgill","7250",518577
"Coco Crisp","CLE",85,331,300,71,42,19,3,7,37,37,28,1,56,0,1,2,,6,3,0.23666666666666666,0.08459214501510574,0.1691842900302115,0.5,0.3009118541033435,0.39,0.2986309966299592,0.6909118541033434,0.15333333333333335,5.169542929134661,0.2689075630252101,,-0.18401885102503002,33.67026296071155,-5.323023239156178,80.73459911420062,-0.18401885102503002,,-7.840335654798841,-4.265229036988825,-0.09130435897490419,,,,,,,,322.59999999999997,3.7952941176470585,322.59999999999997,3.7952941176470585,,,,,,,,,,,,,,,,,,,"Coco Crisp","1572",424825
"Brayan Peña","KCR",68,223,207,54,43,9,0,2,14,14,12,1,25,1,2,1,,1,1,0.2608695652173913,0.053811659192825115,0.11210762331838565,0.48,0.30180180180180183,0.3333333333333333,0.27737042159516345,0.6351351351351351,0.07246376811594202,1.526000112254121,0.2857142857142857,,-0.3331420498434454,18.772017761311087,-7.498383515336959,68.71233899443918,-0.3331420498434454,,-8.710205630454643,0.2627047153867599,-0.09135353699907373,,,,,,,,178.39999999999998,2.6235294117647054,178.39999999999998,2.6235294117647054,,,,,,,,,,,,,,,,,,,"Brayan Pena","3231",430910
"Andrés Blanco","PHI",90,239,217,54,35,14,1,4,27,21,15,1,43,4,1,2,,2,3,0.2488479262672811,0.06276150627615062,0.1799163179916318,0.3488372093023256,0.3080168776371308,0.3778801843317972,0.29794337764634926,0.685897061968928,0.1290322580645161,3.767068214982779,0.29239766081871343,,-0.948117648018524,24.176153139841244,-3.9791199772837893,82.83775994365755,-0.948117648018524,,-5.999830159427164,-2.493830059501159,-0.09139328425020357,,,,,,,,221.69999999999996,2.463333333333333,221.69999999999996,2.463333333333333,,,,,,,,,,,,,,,,,,,"Andres Blanco","1907",433217
"Andy Ibáñez","TEX",133,568,517,129,87,29,3,10,56,54,41,2,94,3,4,3,,11,10,0.2495164410058027,0.0721830985915493,0.16549295774647887,0.43617021276595747,0.30619469026548674,0.37524177949709864,0.295552303693646,0.6814364697625854,0.12572533849129594,4.1232951607208665,0.2853717026378897,,-2.1867697776760906,56.3356211127028,-10.57732922423033,75.16294766323287,-2.1867697776760906,,-19.12477409841826,-1.033762335006382,-0.0938097750357815,,,,,,,,525.5,3.9511278195488724,525.5,3.9511278195488724,,,,,,,,,,,,,,,,,,,"Andy Ibanez","18819",628451
"Trevor Brown","SFG",88,296,275,65,49,12,0,4,28,25,16,0,56,2,2,1,,2,2,0.23636363636363636,0.05405405405405406,0.1891891891891892,0.2857142857142857,0.28135593220338984,0.3236363636363636,0.2660987577195895,0.6049922958397534,0.08727272727272725,2.5435402771519673,0.28110599078341014,,-0.5697995845694095,22.164040324262388,-12.706088724561921,63.863836315243574,-0.5697995845694095,,-13.743279382835096,3.41116772939849,-0.0940422099849596,,,,,,,,213.60000000000002,2.4272727272727277,213.60000000000002,2.4272727272727277,,,,,,,,,,,,,,,,,,,"Trevor Brown","13895",623143
"David Bote","CHC",102,392,357,84,55,20,2,7,42,39,27,1,92,6,1,1,,6,3,0.23529411764705882,0.06887755102040816,0.23469387755102042,0.29347826086956524,0.29923273657289,0.36134453781512604,0.28891924268160113,0.6605772743880161,0.12605042016806722,4.593780346138614,0.2972972972972973,,-0.2244077178183943,36.73396265133204,-9.445397440354204,76.38372622462659,-0.2244077178183943,,-11.62596558431243,-1.7827707288687122,-0.09648740373416034,,,,,,,,350.59999999999997,3.437254901960784,350.59999999999997,3.437254901960784,,,,,,,,,,,,,,,,,,,"David Bote","14593",623520
"Alejandro De Aza","OAK",124,370,331,78,53,15,3,7,43,34,30,2,85,5,2,2,,8,5,0.23564954682779457,0.08108108108108109,0.22972972972972974,0.35294117647058826,0.3070652173913043,0.36253776435045315,0.29218863936069883,0.6696029817417575,0.12688821752265858,5.360234574981855,0.2946058091286307,,-0.6416271389462054,35.67054077942847,-7.91712053160192,82.64384300018783,-0.6416271389462054,,-8.351889303820297,-5.13109328486091,-0.09705962134479668,,,,,,,,338.3999999999999,2.7290322580645157,338.3999999999999,2.7290322580645157,,,,,,,,,,,,,,,,,,,"Alejandro De Aza","3371",457477
"Joe Van Meter","CIN",96,400,365,86,58,16,2,10,45,40,32,1,83,1,1,1,,7,4,0.2356164383561644,0.08,0.2075,0.3855421686746988,0.2982456140350877,0.3726027397260274,0.2920567334896356,0.6708483537611152,0.13698630136986303,4.521385350602201,0.2783882783882784,,-0.44087081914767623,38.519209357317536,-8.602586654607206,76.48805062278193,-0.44087081914767623,,-12.023719514846801,-1.6651063060704432,-0.09911532149551794,,,,,,,,369.5,3.8489583333333335,369.5,3.8489583333333335,,,,,,,,,,,,,,,,,,,"Joe Van Meter","sa546681",595018
"Christian Marrero","PHI",90,329,289,68,45,12,1,10,41,36,35,1,71,2,2,1,,1,1,0.23529411764705882,0.10638297872340426,0.21580547112462006,0.49295774647887325,0.3201219512195122,0.3875432525951557,0.30909515174521585,0.7076652038146679,0.1522491349480969,3.038227028715344,0.2761904761904762,,-0.39148152410052717,36.30760478003491,-2.4500724397731917,90.30939917139278,-0.39148152410052717,,-4.318051636371945,-7.120083258475786,-0.09983590055049313,,,,,,,,336.3999999999999,3.7377777777777768,336.3999999999999,3.7377777777777768,,,,,,,,,,,,,,,,,,,"Christian Marrero","sa326115",461842
"Charcer Burks","CHC",123,526,471,103,68,22,4,9,53,44,43,1,145,6,2,4,,17,10,0.21868365180467092,0.0817490494296578,0.27566539923954375,0.296551724137931,0.29118773946360155,0.33970276008492567,0.27792747487491015,0.6308904995485272,0.12101910828025475,5.605692647574418,0.2946708463949843,,-0.9576000226661563,44.52017211034444,-17.444989645336598,69.01929050358947,-0.9576000226661563,,-21.02743758675161,3.3164496177929,-0.10069780207385376,,,,,,,,428.3,3.4821138211382117,428.3,3.4821138211382117,,,,,,,,,,,,,,,,,,,"Charcer Burks","sa737838",642836
"Max Moroff","PIT",134,548,476,102,68,20,5,9,57,47,61,1,157,2,3,6,,10,10,0.21428571428571427,0.11131386861313869,0.2864963503649635,0.3885350318471338,0.3044280442804428,0.33403361344537813,0.28360958152249205,0.6384616577258209,0.11974789915966386,5.142788829372694,0.2971246006389776,,-2.3890136065892875,48.951614221902275,-15.60524631443462,74.5923775446903,-2.3890136065892875,,-19.536929306695523,1.1235214722710172,-0.10098817869227864,,,,,,,,446.29999999999995,3.330597014925373,446.29999999999995,3.330597014925373,,,,,,,,,,,,,,,,,,,"Max Moroff","14556",621559
"Anthony Santander","BAL",112,497,456,109,66,24,0,19,58,63,29,1,130,7,4,1,,6,5,0.23903508771929824,0.05835010060362173,0.26156941649899396,0.2230769230769231,0.2923387096774194,0.4166666666666667,0.3039401225369386,0.709005376344086,0.17763157894736845,3.1641479389400633,0.28938906752411575,,-1.07528453390114,52.73355498904816,-5.815276555768339,87.90475568686378,-1.07528453390114,,-8.29275283292414,-9.533935146567263,-0.10130655730222315,,,,,,,,508,4.535714285714286,508,4.535714285714286,,,,,,,,,,,,,,,,,,,"Anthony Santander","14551",623993
"Cole Gillespie","MIA",91,274,247,60,44,12,2,2,29,21,22,0,46,1,3,1,,4,1,0.242914979757085,0.08029197080291971,0.1678832116788321,0.4782608695652174,0.304029304029304,0.3319838056680162,0.28072734411819517,0.6360131096973203,0.08906882591093121,4.993100199865552,0.2871287128712871,,0.2399320479016751,23.82415021268647,-8.454280055481984,75.68387230580183,0.2399320479016751,,-7.965694208284884,-1.7403121370907608,-0.10155630204628155,,,,,,,,227.79999999999998,2.5032967032967033,227.79999999999998,2.5032967032967033,,,,,,,,,,,,,,,,,,,"Cole Gillespie","5888",502261
"Quincy Latimore","DET",109,414,380,77,50,14,2,11,42,39,28,0,133,3,1,2,,4,3,0.2026315789473684,0.06763285024154589,0.321256038647343,0.21052631578947367,0.2621359223300971,0.3368421052631579,0.2624069142688825,0.598978027593255,0.13421052631578947,4.321582855708497,0.27848101265822783,,-0.6109447681810707,29.738509868491686,-19.032549003850423,59.540720910082676,-0.6109447681810707,,-20.721883014322945,5.698407884628054,-0.10217035315003536,,,,,,,,298.80000000000007,2.7412844036697255,298.80000000000007,2.7412844036697255,,,,,,,,,,,,,,,,,,,"Quincy Latimore","sa389676",518921
"Peter Bourjos","CHW",118,320,291,67,45,12,4,6,38,23,18,2,87,5,1,5,,6,4,0.23024054982817868,0.05625,0.271875,0.20689655172413793,0.2857142857142857,0.36082474226804123,0.27940727022890083,0.6465390279823269,0.13058419243986255,6.346527062470953,0.3065326633165829,,-0.5870189997367561,27.475257556417894,-10.2221792531219,72.93809020125022,-0.5870189997367561,,-10.984359614552991,-0.867996955885038,-0.10351724229837528,,,,,,,,267.4,2.266101694915254,267.4,2.266101694915254,,,,,,,,,,,,,,,,,,,"Peter Bourjos","2578",488721
"Billy McKinney","NYY",123,494,447,105,73,21,3,8,52,47,40,2,122,3,3,1,,2,5,0.2348993288590604,0.08097165991902834,0.24696356275303644,0.32786885245901637,0.3002028397565923,0.348993288590604,0.2839945070369666,0.6491961283471963,0.11409395973154363,3.521196938241465,0.303125,,-1.90445428295061,44.28482201497461,-13.91059605975245,73.419997151823,-1.90445428295061,,-17.669521370554165,-0.09212631985834197,-0.10504809654499914,,,,,,,,413,3.3577235772357725,413,3.3577235772357725,,,,,,,,,,,,,,,,,,,"Billy McKinney","15654",641856
"René García","MIL",64,243,232,59,49,9,0,1,22,17,7,0,33,1,1,2,,2,2,0.2543103448275862,0.02880658436213992,0.13580246913580246,0.21212121212121213,0.27800829875518673,0.30603448275862066,0.25639992185648053,0.5840427815138074,0.051724137931034475,2.7006006033155323,0.2914572864321608,,-0.5473613252397627,16.250725524546432,-12.375765552697846,53.10991896597497,-0.5473613252397627,,-14.580473953578764,5.820485694067819,-0.10562186898281645,,,,,,,,156.1,2.4390625,156.1,2.4390625,,,,,,,,,,,,,,,,,,,"Rene Garcia","sa454693",543200
"Osmel Aguila","PHI",92,326,295,62,37,17,0,8,40,31,20,1,102,10,1,0,,2,0,0.21016949152542372,0.06134969325153374,0.3128834355828221,0.19607843137254902,0.2822085889570552,0.34915254237288135,0.2771259252841656,0.6313611313299365,0.13898305084745763,3.8742054917253212,0.2903225806451613,,0.2519074943847954,27.376731187225325,-11.02753256249334,68.89015911244906,0.2519074943847954,,-12.238659235994325,0.8328247993991769,-0.10628863552854124,,,,,,,,270.5,2.9402173913043477,270.5,2.9402173913043477,,,,,,,,,,,,,,,,,,,"Osmel Aguila","sa916860",668030
"Niuman Romero","NYM",93,365,328,76,59,14,1,2,34,22,31,1,65,1,3,2,,2,3,0.23170731707317074,0.08493150684931507,0.1780821917808219,0.47692307692307695,0.2975206611570248,0.29878048780487804,0.2658980220391605,0.5963011489619028,0.0670731707317073,2.6872622625458127,0.2803030303030303,,-1.0311392075382173,27.270199505580205,-15.728439355301122,66.6028824846591,-1.0311392075382173,,-16.044177874489137,3.387328634396642,-0.1073981745458642,,,,,,,,254.09999999999994,2.7322580645161283,254.09999999999994,2.7322580645161283,,,,,,,,,,,,,,,,,,,"Niuman Romero","5063",462962
"Jordan Patterson","COL",121,501,451,114,73,23,4,14,52,52,31,1,136,13,4,2,,12,6,0.25277161862527714,0.06187624750499002,0.2714570858283433,0.22794117647058823,0.3166332665330661,0.4146341463414634,0.3157978281677966,0.7312674128745296,0.16186252771618626,5.465299334242923,0.32786885245901637,,-0.318673531524837,58.060012447510644,-0.9600370574250935,79.22303884291254,-0.318673531524837,,-13.138628736275447,-3.8523068093748947,-0.10836020411112407,,,,,,,,546.5,4.516528925619835,546.5,4.516528925619835,,,,,,,,,,,,,,,,,,,"Jordan Patterson","15119",641958
"Gift Ngoepe","PIT",105,392,352,66,40,15,3,8,36,33,30,1,146,3,1,6,,6,4,0.1875,0.07653061224489796,0.37244897959183676,0.2054794520547945,0.25647668393782386,0.3153409090909091,0.25138880695615495,0.571817593028733,0.12784090909090912,5.194525035048876,0.2914572864321608,,-0.6004819553345442,24.594251377622363,-21.585108714063885,53.0046013699267,-0.6004819553345442,,-23.289105996375206,9.756277514092716,-0.10917795033611144,,,,,,,,252.59999999999997,2.4057142857142852,252.59999999999997,2.4057142857142852,,,,,,,,,,,,,,,,,,,"Gift Ngoepe","10340",547912
"David Freitas","ATL",80,310,286,69,46,16,1,6,31,27,19,0,66,2,2,1,,1,0,0.24125874125874125,0.06129032258064516,0.2129032258064516,0.2878787878787879,0.2912621359223301,0.36713286713286714,0.2864156353820875,0.6583950030551973,0.1258741258741259,3.2352018518250665,0.2916666666666667,,0.049663665471598506,28.40939489470436,-8.109997014537319,74.91691750502594,0.049663665471598506,,-9.526892371730744,-1.3990308415672486,-0.10924155455182183,,,,,,,,273.79999999999995,3.4224999999999994,273.79999999999995,3.4224999999999994,,,,,,,,,,,,,,,,,,,"David Freitas","10619",571679
"Joey Wong","COL",85,291,260,62,46,13,2,1,22,19,22,0,57,2,2,5,,3,2,0.23846153846153847,0.07560137457044673,0.1958762886597938,0.38596491228070173,0.3006993006993007,0.3153846153846154,0.27392882192051493,0.616083916083916,0.0769230769230769,3.8281299433108864,0.29901960784313725,,-0.3765310593880713,23.669817220206713,-10.611289378468538,51.170990197551646,-0.3765310593880713,,-17.87651540965646,7.526411848724203,-0.11214220566907102,,,,,,,,217.79999999999998,2.5623529411764703,217.79999999999998,2.5623529411764703,,,,,,,,,,,,,,,,,,,"Joey Wong","sa502131",502292
"Brandon Hicks","LAD",82,290,261,48,29,10,1,8,28,27,24,1,113,3,0,2,,3,2,0.1839080459770115,0.08275862068965517,0.3896551724137931,0.21238938053097345,0.2604166666666667,0.3218390804597701,0.2565486705261656,0.5822557471264368,0.13793103448275862,4.079156112494594,0.2857142857142857,,-0.34287367039360106,19.42946503109867,-14.733837077546772,58.68783830210981,-0.34287367039360106,,-15.097991170747113,4.779578998816287,-0.11215322222179658,,,,,,,,198.79999999999995,2.4243902439024385,198.79999999999995,2.4243902439024385,,,,,,,,,,,,,,,,,,,"Brandon Hicks","4003",518794
"Carlos Rivero","ARI",120,454,427,103,70,20,1,12,43,47,21,1,105,2,4,0,,2,1,0.24121779859484777,0.046255506607929514,0.23127753303964757,0.2,0.2775330396475771,0.3770491803278688,0.2810873598452435,0.6545822199754459,0.13583138173302106,2.826691404528202,0.2898089171974522,,-0.21616360638290644,39.60992201492004,-13.873316458614545,65.92646296568408,-0.21616360638290644,,-19.26813080180623,3.729146274239228,-0.1127175252921952,,,,,,,,396.29999999999995,3.3024999999999998,396.29999999999995,3.3024999999999998,,,,,,,,,,,,,,,,,,,"Carlos Rivero","1136",491640
"Avisaíl García","CHW",121,475,436,112,80,17,2,13,62,58,31,1,118,5,3,0,,5,4,0.25688073394495414,0.06526315789473684,0.24842105263157896,0.2627118644067797,0.31157894736842107,0.3944954128440367,0.3059997714521513,0.7060743602124577,0.13761467889908258,4.283540845129512,0.32142857142857145,,-0.8969664734322578,51.20655528981636,-4.750577474344274,91.21421104203186,-0.8969664734322578,,-5.907549094041562,-11.285740639587349,-0.11274624239041814,,,,,,,,480.4,3.9702479338842975,480.4,3.9702479338842975,,,,,,,,,,,,,,,,,,,"Avisail Garcia","5760",541645
"Drew Butera","KCR",54,138,125,28,19,6,1,2,13,11,9,0,33,1,1,2,,0,0,0.224,0.06521739130434782,0.2391304347826087,0.2727272727272727,0.27941176470588236,0.336,0.26969051010468426,0.6154117647058823,0.11200000000000002,2.9821428571428568,0.2857142857142857,,-0.0650709520559758,10.742235817853503,-5.514783806260533,63.43419726312336,-0.0650709520559758,,-6.123611928755276,0.3400333478547486,-0.11339085109125718,,,,,,,,103.69999999999999,1.92037037037037,103.69999999999999,1.92037037037037,,,,,,,,,,,,,,,,,,,"Drew Butera","3411",460077
"Jesus Montero","BAL",121,490,464,126,87,20,2,17,56,67,21,1,97,2,3,0,,1,0,0.27155172413793105,0.04285714285714286,0.19795918367346937,0.21649484536082475,0.3040816326530612,0.4331896551724138,0.31474297970594317,0.737271287825475,0.16163793103448276,2.9118990879171385,0.3087818696883853,,-0.04457702371291816,56.35873601659204,-1.3654640980157693,95.32919167311881,-0.04457702371291816,,-2.7924836855008888,-14.935677589212425,-0.11548089938591333,,,,,,,,541.6999999999999,4.476859504132231,541.6999999999999,4.476859504132231,,,,,,,,,,,,,,,,,,,"Jesus Montero","5514",524968
"Bobby Bradley","CLE",124,540,484,100,51,16,1,32,66,82,48,5,228,5,3,0,,3,0,0.2066115702479339,0.08888888888888889,0.4222222222222222,0.21052631578947367,0.2833333333333333,0.44214876033057854,0.30657167724359813,0.7254820936639119,0.23553719008264465,3.6431185948838882,0.29955947136563876,,0.37786124157719314,58.46860186505441,-5.145822751043995,86.19195858687903,0.37786124157719314,,-8.574543155670796,-10.860714907684022,-0.11684372256233078,,,,,,,,593.6,4.787096774193548,593.6,4.787096774193548,,,,,,,,,,,,,,,,,,,"Bobby Bradley","17278",656252
"Paul Janish","BAL",95,319,291,66,55,10,1,0,25,16,20,0,50,3,2,3,,1,2,0.2268041237113402,0.06269592476489028,0.15673981191222572,0.4,0.28164556962025317,0.26804123711340205,0.24771952421604831,0.5496868067336552,0.04123711340206185,2.6561461794019934,0.2716049382716049,,-0.7944816728122532,19.048347547838613,-18.53128477167137,49.26625229722125,-0.7944816728122532,,-20.225764766612873,8.275564097012582,-0.11698781522473017,,,,,,,,178.59999999999997,1.8799999999999997,178.59999999999997,1.8799999999999997,,,,,,,,,,,,,,,,,,,"Paul Janish","7412",457926
"Eric Sogard","MIL",69,216,198,49,39,8,1,1,23,11,14,0,27,1,1,2,,4,2,0.2474747474747475,0.06481481481481481,0.125,0.5185185185185185,0.29906542056074764,0.31313131313131315,0.27181931160320744,0.6121967336920608,0.06565656565656566,4.77561720867239,0.2807017543859649,,-0.14062984148040414,17.19336077368451,-8.252409072754851,63.44084176606043,-0.14062984148040414,,-9.866236314805171,1.8459607835799927,-0.11777767476480135,,,,,,,,161.7,2.3434782608695652,161.7,2.3434782608695652,,,,,,,,,,,,,,,,,,,"Eric Sogard","7927",519299
"Mike Yastrzemski","BAL",120,511,468,104,66,22,4,12,52,50,35,1,142,4,3,1,,9,5,0.2222222222222222,0.0684931506849315,0.27788649706457924,0.24647887323943662,0.2803921568627451,0.36324786324786323,0.2792158510923854,0.6436400201106083,0.14102564102564102,5.067475716387161,0.2902208201892745,,-0.4820160027593374,43.79383864141826,-16.4042557638156,70.91260557554347,-0.4820160027593374,,-18.327961868794517,-0.18500601215126977,-0.12298964902613863,,,,,,,,433.90000000000003,3.6158333333333337,433.90000000000003,3.6158333333333337,,,,,,,,,,,,,,,,,,,"Mike Yastrzemski","14854",573262
"Jan Vázquez","COL",63,221,195,43,31,8,1,3,20,17,17,1,60,5,1,3,,3,3,0.2205128205128205,0.07692307692307693,0.27149321266968324,0.2833333333333333,0.2981651376146789,0.31794871794871793,0.2738989753657222,0.6161138555633968,0.09743589743589742,3.8943816844771737,0.3007518796992481,,-0.7458738191053271,17.970603919908957,-8.064188376679464,51.15099313810397,-0.7458738191053271,,-14.041682775742753,5.79083174218296,-0.1250979479100715,,,,,,,,166.19999999999996,2.6380952380952376,166.19999999999996,2.6380952380952376,,,,,,,,,,,,,,,,,,,"Jan Vazquez","sa501536",572225
"Junior Lake","BOS",107,377,343,78,49,18,2,9,38,36,29,0,117,2,2,1,,10,5,0.22740524781341107,0.07692307692307693,0.3103448275862069,0.24786324786324787,0.2898936170212766,0.37026239067055394,0.2876102604130481,0.6601560076918305,0.14285714285714288,5.104072339631394,0.3150684931506849,,-0.2281641773879528,34.921120672761475,-9.4911720684776,72.5231367960383,-0.2281641773879528,,-12.665356580824582,-1.3314538376251432,-0.1253569220625913,,,,,,,,339.99999999999994,3.1775700934579434,339.99999999999994,3.1775700934579434,,,,,,,,,,,,,,,,,,,"Junior Lake","4672",516809
"Connor Lien","ATL",99,392,357,77,49,12,5,11,45,36,23,0,146,7,1,4,,15,9,0.21568627450980393,0.058673469387755105,0.37244897959183676,0.15753424657534246,0.2757731958762887,0.3697478991596639,0.28063767288149016,0.6455210950359526,0.15406162464985995,7.292407843067572,0.3283582089552239,,-0.8648468425963074,34.05518036908276,-12.124179722603486,71.04570823436525,-0.8648468425963074,,-14.843514103537501,1.150329226451646,-0.1255771342323251,,,,,,,,334.2,3.3757575757575755,334.2,3.3757575757575755,,,,,,,,,,,,,,,,,,,"Connor Lien","sa658195",621457
"Blake Swihart","BOS",86,342,311,78,55,15,3,5,37,30,26,1,80,1,2,2,,4,2,0.2508038585209003,0.07602339181286549,0.23391812865497075,0.325,0.3088235294117647,0.3665594855305466,0.29413852543957464,0.6753830149423113,0.11575562700964631,4.975079617259552,0.3201754385964912,,-0.20121314167045057,33.52141621419089,-6.767719376004762,77.00979111651006,-0.20121314167045057,,-9.641449638513379,-3.2105312508250043,-0.1295304366335458,,,,,,,,316.4,3.67906976744186,316.4,3.67906976744186,,,,,,,,,,,,,,,,,,,"Blake Swihart","13176",596119
"Josmil Pinto","SFG",97,365,332,76,49,16,1,10,40,39,29,0,93,2,2,0,,0,1,0.2289156626506024,0.07945205479452055,0.2547945205479452,0.3118279569892473,0.29315068493150687,0.37349397590361444,0.2906930116757955,0.6666446608351213,0.14457831325301204,2.5030688655779567,0.2857142857142857,,-0.5892377011477947,34.73804767706969,-8.260591183811645,80.34187747774772,-0.5892377011477947,,-9.426172607600908,-3.491085751627139,-0.1340294606769319,,,,,,,,329.8999999999999,3.4010309278350506,329.8999999999999,3.4010309278350506,,,,,,,,,,,,,,,,,,,"Josmil Pinto","6806",500887
"Yu Chang","CLE",114,487,447,96,57,21,4,14,51,54,28,0,153,4,4,4,,6,5,0.21476510067114093,0.057494866529774126,0.3141683778234086,0.1830065359477124,0.2650103519668737,0.37360178970917224,0.2750695794512273,0.638612141676046,0.1588366890380313,5.040277564749832,0.2887323943661972,,-1.048358622705564,40.070791813594745,-17.299994830923627,64.54163915441772,-1.048358622705564,,-21.781326160483534,3.9439657268490524,-0.13704140215198146,,,,,,,,399.2999999999999,3.5026315789473674,399.2999999999999,3.5026315789473674,,,,,,,,,,,,,,,,,,,"Yu Chang","14773",644374
"Kelly Dugan","ARI",92,345,312,76,50,16,1,9,39,38,21,0,97,9,3,0,,1,1,0.24358974358974358,0.06086956521739131,0.2811594202898551,0.21649484536082475,0.3072463768115942,0.38782051282051283,0.30286409353864363,0.695066889632107,0.14423076923076925,3.116507862489767,0.32057416267942584,,-0.3892376981675625,36.29946315336334,-4.343085906921749,80.5167780378024,-0.3892376981675625,,-8.667641896276598,-3.649470054283344,-0.1376942879955012,,,,,,,,339.3999999999999,3.6891304347826077,339.3999999999999,3.6891304347826077,,,,,,,,,,,,,,,,,,,"Kelly Dugan","sa500838",571633
"Josh Morgan","TEX",126,523,475,120,98,15,2,5,52,39,34,1,87,8,4,2,,5,3,0.25263157894736843,0.06500956022944551,0.16634799235181644,0.39080459770114945,0.31094049904030713,0.32421052631578945,0.28170869247271463,0.6351510253560966,0.07157894736842102,3.675736902435572,0.2971576227390181,,-0.54108666931279,45.89807399674347,-15.71367428884813,65.64870492906947,-0.54108666931279,,-22.111509330477283,3.032723750527083,-0.13928210109760802,,,,,,,,426,3.380952380952381,426,3.380952380952381,,,,,,,,,,,,,,,,,,,"Josh Morgan","sa828797",656766
"Robert Andino","BAL",96,379,356,79,57,14,1,7,36,34,18,0,100,1,2,2,,4,1,0.22191011235955055,0.047493403693931395,0.2638522427440633,0.18,0.259946949602122,0.3258426966292135,0.2553968848537071,0.5857896462313354,0.10393258426966295,4.189455164533112,0.2868525896414343,,0.21973761450499296,25.032095992778803,-19.61580572851989,54.54264091422857,0.21973761450499296,,-20.465345117422377,6.2622595253865345,-0.1395234056473469,,,,,,,,260.29999999999995,2.711458333333333,260.29999999999995,2.711458333333333,,,,,,,,,,,,,,,,,,,"Robert Andino","4900",435180
"Ronald Bueno","CHW",78,292,261,57,42,11,2,2,28,21,24,0,80,1,2,4,,6,4,0.21839080459770116,0.0821917808219178,0.273972602739726,0.3,0.2847222222222222,0.2988505747126437,0.26048910121123,0.5835727969348659,0.08045977011494254,5.104336622805997,0.30386740331491713,,-0.5892628256697208,20.512896320823632,-13.886014767881434,59.936276639200415,-0.5892628256697208,,-14.635112336097237,3.3659783865969577,-0.14087428550536346,,,,,,,,195.50000000000003,2.506410256410257,195.50000000000003,2.506410256410257,,,,,,,,,,,,,,,,,,,"Ronald Bueno","sa549192",593984
"Ryan Casteel","SEA",86,350,328,69,47,13,1,8,31,32,18,1,112,1,3,0,,2,2,0.21036585365853658,0.05142857142857143,0.32,0.16071428571428573,0.25142857142857145,0.32926829268292684,0.25095189505798426,0.5806968641114982,0.11890243902439027,3.1501702719534537,0.2890995260663507,,-0.5653119327034801,21.832970087862396,-19.398601422571755,56.80258765293572,-0.5653119327034801,,-18.717944938942036,5.482421177650184,-0.1410395318014127,,,,,,,,232.2,2.6999999999999997,232.2,2.6999999999999997,,,,,,,,,,,,,,,,,,,"Ryan Casteel","sa549286",592205
"Shane Robinson","LAA",86,206,187,42,33,7,1,1,24,16,15,0,32,1,1,2,,4,2,0.22459893048128343,0.07281553398058252,0.1553398058252427,0.46875,0.28431372549019607,0.2887700534759358,0.2566039229140562,0.5730837789661318,0.06417112299465239,5.19751494260447,0.2645161290322581,,-0.12941071181558073,13.811011963228987,-10.456712982912256,59.08296999266351,-0.12941071181558073,,-10.24951933796209,1.8886668686303305,-0.14138603810595454,,,,,,,,133.6,1.5534883720930233,133.6,1.5534883720930233,,,,,,,,,,,,,,,,,,,"Shane Robinson","4249",453203
"Tony Sanchez","LAA",83,311,279,60,39,14,0,7,31,30,25,1,83,5,2,0,,1,1,0.21505376344086022,0.08038585209003216,0.26688102893890675,0.30120481927710846,0.28938906752411575,0.34050179211469533,0.2771952615630242,0.6298908596388111,0.12544802867383512,2.199188327976393,0.2774869109947644,,-0.3623117869719863,26.134859068903623,-10.502337330367867,73.2346960850163,-0.3623117869719863,,-10.356474578727488,-1.5776392949601608,-0.14305738832365655,,,,,,,,252.49999999999997,3.042168674698795,252.49999999999997,3.042168674698795,,,,,,,,,,,,,,,,,,,"Tony Sanchez","6178",506997
"Cole Figueroa","MIA",105,388,354,91,71,14,3,3,38,32,26,0,32,1,4,3,,4,3,0.2570621468926554,0.06701030927835051,0.08247422680412371,0.8125,0.3064935064935065,0.3389830508474576,0.2836033800979713,0.6454765573409641,0.08192090395480223,4.079905487112843,0.2724458204334365,,-0.6490898090414703,34.657186649980645,-11.050955481586357,77.61080366724838,-0.6490898090414703,,-11.347936990895619,-2.394248027509973,-0.14359624906302831,,,,,,,,321.7,3.0638095238095238,321.7,3.0638095238095238,,,,,,,,,,,,,,,,,,,"Cole Figueroa","8790",502676
"Emmanuel Burriss","WSN",98,355,325,81,64,11,4,2,35,25,20,1,46,4,2,4,,9,4,0.24923076923076923,0.056338028169014086,0.1295774647887324,0.43478260869565216,0.29914529914529914,0.3261538461538461,0.27484279002462114,0.6252991452991452,0.0769230769230769,5.756252412010363,0.2831541218637993,,-0.034139335388317704,29.14328085767695,-12.677313102906263,64.97257047289634,-0.034139335388317704,,-15.34865882879465,2.6100297724058317,-0.14828159028287,,,,,,,,280.00000000000006,2.8571428571428577,280.00000000000006,2.8571428571428577,,,,,,,,,,,,,,,,,,,"Emmanuel Burriss","2917",502034
"Mark Thomas","ARI",46,165,150,26,13,8,1,4,13,16,10,0,65,2,2,1,,1,1,0.17333333333333334,0.06060606060606061,0.3939393939393939,0.15384615384615385,0.23170731707317074,0.32,0.23983086790980362,0.5517073170731708,0.14666666666666667,4.010810094009047,0.26506024096385544,,-0.26582727185450494,8.778540680455023,-10.659200174463933,38.28479619493194,-0.26582727185450494,,-12.807136194277575,6.0894852084037066,-0.15041419401479134,,,,,,,,97.2,2.11304347826087,97.2,2.11304347826087,,,,,,,,,,,,,,,,,,,"Mark Thomas","sa328150",502620
"Ty France","SDP",111,471,412,95,64,20,0,11,55,47,39,0,108,16,3,1,,5,7,0.23058252427184467,0.08280254777070063,0.22929936305732485,0.3611111111111111,0.3191489361702128,0.3592233009708738,0.30147280401371895,0.6783722371410865,0.12864077669902912,2.9318303460280033,0.28378378378378377,,-2.135136656695977,49.01593257357413,-6.469982230467251,87.4587924005502,-2.135136656695977,,-9.410036490894385,-7.059018281612026,-0.1525490620807619,,,,,,,,436.29999999999995,3.9306306306306302,436.29999999999995,3.9306306306306302,,,,,,,,,,,,,,,,,,,"Ty France","17982",664034
"Leonardo Reginatto","MIN",120,487,453,110,90,16,2,2,45,34,23,0,87,4,4,3,,5,4,0.24282560706401765,0.04722792607802875,0.17864476386036962,0.26436781609195403,0.2830578512396694,0.30022075055187636,0.2579935398722483,0.5832786017915458,0.05739514348785871,3.716511408083715,0.29347826086956524,,-0.9014541252981871,33.20872727811128,-24.16205936640709,54.704348253125005,-0.9014541252981871,,-27.38641436810813,9.389255815502617,-0.1533834927963138,,,,,,,,318.90000000000003,2.6575,318.90000000000003,2.6575,,,,,,,,,,,,,,,,,,,"Leonardo Reginatto","sa504970",553891
"Mark Mathias","CLE",107,454,412,95,64,25,1,5,44,39,31,0,101,7,3,1,,6,3,0.23058252427184467,0.06828193832599119,0.22246696035242292,0.3069306930693069,0.293598233995585,0.3325242718446602,0.27675477439994056,0.6261225058402452,0.10194174757281554,3.881007913361355,0.2912621359223301,,-0.25806510681286454,37.98683548524492,-15.49640298828966,65.69981627602036,-0.25806510681286454,,-18.95481636802218,2.058136376053498,-0.15516397163800005,,,,,,,,362.2,3.3850467289719623,362.2,3.3850467289719623,,,,,,,,,,,,,,,,,,,"Mark Mathias","18032",664029
"Mike Ohlman","TOR",95,369,338,78,53,16,1,8,38,37,26,0,110,1,3,1,,1,1,0.23076923076923078,0.07046070460704607,0.2981029810298103,0.23636363636363636,0.28532608695652173,0.35502958579881655,0.2793328886770684,0.6403556727553383,0.12426035502958577,2.9025261189223945,0.31390134529147984,,-0.3892376981675625,31.659758347380663,-11.810098473619915,71.67149424085224,-0.3892376981675625,,-12.939820252996183,-1.0815895877817958,-0.15558735682089886,,,,,,,,306.19999999999993,3.2231578947368416,306.19999999999993,3.2231578947368416,,,,,,,,,,,,,,,,,,,"Mike Ohlman","10347",572000
"John Andreoli","CHC",112,482,419,95,68,14,5,8,54,38,52,1,138,3,4,4,,28,7,0.22673031026252982,0.1078838174273859,0.2863070539419087,0.37681159420289856,0.3138075313807531,0.3412887828162291,0.2902962442963878,0.6550963141969822,0.11455847255369928,7.115059984843016,0.3140794223826715,,2.4581319340504706,45.71545214543033,-11.066312048938977,77.30631120442278,2.4581319340504706,,-11.013459006213504,-5.836193110506931,-0.15569961581804917,,,,,,,,455.9,4.070535714285714,455.9,4.070535714285714,,,,,,,,,,,,,,,,,,,"John Andreoli","13012",607430
"Corban Joseph","WSN",95,364,339,90,67,15,1,7,39,37,20,1,46,1,2,2,,3,2,0.26548672566371684,0.054945054945054944,0.12637362637362637,0.43478260869565216,0.30662983425414364,0.3775811209439528,0.2964038743206669,0.6842109551980964,0.11209439528023596,3.2792766684487447,0.2881944444444444,,-0.4146761002484709,36.358181638512654,-6.522652732338862,79.41840140442629,-0.4146761002484709,,-9.641393976649375,-3.4611616507479193,-0.15623127851761273,,,,,,,,343.0999999999999,3.61157894736842,343.0999999999999,3.61157894736842,,,,,,,,,,,,,,,,,,,"Corban Joseph","5503",543377
"Adam Brett Walker","BAL",132,531,486,108,59,17,3,29,67,86,37,2,237,2,6,0,,5,3,0.2222222222222222,0.0696798493408663,0.4463276836158192,0.15611814345991562,0.2768361581920904,0.448559670781893,0.30565606218204605,0.7253958289739835,0.2263374485596708,4.8997683786147865,0.3495575221238938,,-0.4446021541953087,57.09293883098427,-5.461245374845829,89.08406259170101,-0.4446021541953087,,-7.403963858353462,-12.154174721430218,-0.1605894204532332,,,,,,,,575.9,4.362878787878787,575.9,4.362878787878787,,,,,,,,,,,,,,,,,,,"Adam Brett Walker","sa621791",608724
"Jeff Mathis","ARI",47,152,139,28,19,5,1,3,12,17,9,1,47,1,1,2,,0,0,0.2014388489208633,0.05921052631578947,0.3092105263157895,0.19148936170212766,0.25333333333333335,0.31654676258992803,0.24671165535113956,0.5698800959232614,0.11510791366906473,2.6722689075630246,0.2777777777777778,,-0.06282712612301111,8.949917194625145,-8.956365289906257,42.894893288776295,-0.06282712612301111,,-10.753013808088594,4.320665031443758,-0.1635132038069595,,,,,,,,96.19999999999999,2.046808510638298,96.19999999999999,2.046808510638298,,,,,,,,,,,,,,,,,,,"Jeff Mathis","3448",425772
"Ramón Flores","LAA",105,381,339,77,52,15,2,8,37,36,34,2,81,2,4,2,,3,2,0.22713864306784662,0.08923884514435695,0.2125984251968504,0.41975308641975306,0.29815303430079154,0.35398230088495575,0.28410567370902956,0.6521353351857473,0.12684365781710913,3.8424685985990736,0.27165354330708663,,-0.4124322743155062,34.189842375041216,-10.6936683263171,77.9839871118256,-0.4124322743155062,,-10.483545940789162,-4.030435444895552,-0.1643891369287639,,,,,,,,330.4,3.1466666666666665,330.4,3.1466666666666665,,,,,,,,,,,,,,,,,,,"Ramon Flores","11165",570717
"Justin Ruggiano","SFG",76,267,240,57,36,12,1,8,31,31,22,0,75,3,2,0,,4,3,0.2375,0.08239700374531835,0.2808988764044944,0.29333333333333333,0.30711610486891383,0.3958333333333333,0.30551338776220544,0.7029494382022472,0.15833333333333333,4.277549570852856,0.3081761006289308,,-0.566068249521777,28.676315163414767,-2.7774836745449987,90.27146377991858,-0.566068249521777,,-3.7651513047387537,-6.39071180580785,-0.1703258716564667,,,,,,,,269.1,3.5407894736842107,269.1,3.5407894736842107,,,,,,,,,,,,,,,,,,,"Justin Ruggiano","7620",448605
"Mason Williams","NYY",84,352,323,76,55,14,3,4,34,26,22,1,63,0,2,5,,7,5,0.23529411764705882,0.0625,0.17897727272727273,0.3492063492063492,0.2824207492795389,0.33436532507739936,0.26870758547259205,0.6167860743569382,0.09907120743034054,4.998948201190487,0.27906976744186046,,-0.8191888825967908,27.114988553048057,-14.352191937445719,62.913816351132226,-0.8191888825967908,,-16.492785277134793,2.898866845326589,-0.17076283560164732,,,,,,,,263.2,3.1333333333333333,263.2,3.1333333333333333,,,,,,,,,,,,,,,,,,,"Mason Williams","11859",592863
"Jemile Weeks","CHC",58,227,201,45,33,8,3,1,23,14,20,0,43,2,1,3,,4,1,0.22388059701492538,0.0881057268722467,0.1894273127753304,0.46511627906976744,0.29910714285714285,0.30845771144278605,0.27188234749649254,0.6075648542999289,0.08457711442786067,6.227333575689927,0.27848101265822783,,0.2668579590972513,18.080755941297024,-8.660863295470264,64.96908194871641,0.2668579590972513,,-9.526781909673375,0.608308197215401,-0.1738617664599192,,,,,,,,171.49999999999997,2.9568965517241375,171.49999999999997,2.9568965517241375,,,,,,,,,,,,,,,,,,,"Jemile Weeks","2498",457789
"Teoscar Hernández","HOU",135,567,518,116,75,24,3,14,65,55,37,1,166,4,4,4,,21,11,0.22393822393822393,0.06525573192239859,0.2927689594356261,0.22289156626506024,0.27886323268206037,0.36293436293436293,0.27820730941151384,0.6417975956164232,0.138996138996139,5.913410257113379,0.2982456140350877,,-0.5650878113228828,48.12130078266086,-18.673845064242464,74.66324111754288,-0.5650878113228828,,-17.813454186192807,-3.106909990310669,-0.175184031466733,,,,,,,,481.99999999999983,3.570370370370369,481.99999999999983,3.570370370370369,,,,,,,,,,,,,,,,,,,"Teoscar Hernandez","13066",606192
"Kevin Kramer","PIT",123,538,487,122,91,23,5,3,52,43,37,1,85,4,3,7,,5,9,0.25051334702258726,0.0687732342007435,0.1579925650557621,0.43529411764705883,0.3069679849340866,0.33675564681724846,0.283286536752053,0.6437236317513351,0.08624229979466119,4.019280003794861,0.2960199004975124,,-2.9815258209127933,47.914925190344896,-15.463890445693877,74.3759389800522,-2.9815258209127933,,-19.9599347510799,1.1068383827761719,-0.178473882008132,,,,,,,,426.8999999999999,3.4707317073170727,426.8999999999999,3.4707317073170727,,,,,,,,,,,,,,,,,,,"Kevin Kramer","17689",596012
"Carlos Tocci","PHI",134,587,543,135,102,24,3,6,61,47,28,0,119,5,5,6,,11,10,0.24861878453038674,0.04770017035775128,0.20272572402044292,0.23529411764705882,0.2891566265060241,0.3370165745856354,0.2739220521125859,0.6261732010916594,0.08839779005524864,4.501858634816655,0.3049645390070922,,-2.2002327332738787,47.74305324233636,-21.408182405163203,66.74357828528757,-2.2002327332738787,,-26.24277420760565,5.826799567063929,-0.1789567635471174,,,,,,,,448,3.343283582089552,448,3.343283582089552,,,,,,,,,,,,,,,,,,,"Carlos Tocci","14558",624636
"Gabriel Lino","STL",75,281,261,55,38,12,0,5,26,24,15,1,88,2,2,1,,0,2,0.210727969348659,0.05338078291814947,0.31316725978647686,0.17045454545454544,0.2571428571428571,0.31417624521072796,0.24899524258029077,0.5713191023535851,0.10344827586206895,2.0880063852002437,0.29411764705882354,,-0.9406298534013331,17.07506651301581,-16.027995185361323,51.49670643472716,-0.9406298534013331,,-17.726517185469238,7.022014429469728,-0.1809056154132892,,,,,,,,174.20000000000002,2.322666666666667,174.20000000000002,2.322666666666667,,,,,,,,,,,,,,,,,,,"Gabriel Lino","sa548048",593449
"Tyler Holt","LAD",117,376,336,78,62,12,3,1,37,23,31,0,81,2,2,5,,13,4,0.23214285714285715,0.08244680851063829,0.2154255319148936,0.38271604938271603,0.2991913746630728,0.29464285714285715,0.2666890201864217,0.59383423180593,0.0625,5.964086813722316,0.30078125,,0.7479100690688938,28.337456638388275,-15.957031612820982,65.48182763805067,0.7479100690688938,,-15.236712712632551,1.4849402698688756,-0.18360076421239557,,,,,,,,274.59999999999997,2.3470085470085467,274.59999999999997,2.3470085470085467,,,,,,,,,,,,,,,,,,,"Tyler Holt","11391",534627
"Bobby Wilson","LAD",70,235,215,47,36,7,0,4,20,25,13,0,55,1,2,4,,0,1,0.2186046511627907,0.05531914893617021,0.23404255319148937,0.23636363636363636,0.26406926406926406,0.30697674418604654,0.2514129296525732,0.5710460082553106,0.08837209302325583,1.6709183673469385,0.2721518987341772,,-0.5219229231588542,14.74868043948569,-12.935374717520096,55.24691467557078,-0.5219229231588542,,-13.47454212122924,4.20494334580161,-0.18375428464381166,,,,,,,,145.29999999999998,2.0757142857142856,145.29999999999998,2.0757142857142856,,,,,,,,,,,,,,,,,,,"Bobby Wilson","6564",435064
"Jose Trevino","TEX",104,436,414,95,66,20,1,8,48,45,17,1,73,1,3,1,,2,3,0.22946859903381642,0.0389908256880734,0.16743119266055045,0.2328767123287671,0.2597701149425287,0.34057971014492755,0.2587013016648007,0.6003498250874563,0.11111111111111113,3.227461121186919,0.25892857142857145,,-1.0154324260074645,29.98564821195499,-21.377109441042982,49.83650843403339,-1.0154324260074645,,-27.275031905922212,10.691274018795053,-0.18552046159906632,,,,,,,,306.3,2.9451923076923077,306.3,2.9451923076923077,,,,,,,,,,,,,,,,,,,"Jose Trevino","16725",624431
"Lars Anderson","LAD",95,355,318,72,47,18,0,7,36,36,34,2,81,1,2,0,,2,1,0.22641509433962265,0.09577464788732394,0.22816901408450704,0.41975308641975306,0.30140845070422534,0.3490566037735849,0.2848937736016833,0.6504650544778102,0.12264150943396224,2.536070319925029,0.2801724137931034,,-0.18923769518733025,32.0875370735332,-9.73305688705001,77.67893175286049,-0.18923769518733025,,-9.948344754983522,-3.1641489440451505,-0.18651564408821586,,,,,,,,309.2,3.254736842105263,309.2,3.254736842105263,,,,,,,,,,,,,,,,,,,"Lars Anderson","9018",502249
"Bengie González","MIN",107,455,417,97,69,21,3,4,46,37,30,0,87,1,3,4,,10,7,0.23261390887290168,0.06593406593406594,0.1912087912087912,0.3448275862068966,0.2838137472283814,0.3261390887290168,0.26807480416118173,0.6099528359573982,0.09352517985611514,4.990316483484582,0.2826747720364742,,-1.0925039490684867,34.81162731945132,-18.78941564411308,61.6328580170472,-1.0925039490684867,,-22.052186325755077,4.803982103128492,-0.1876489958482087,,,,,,,,334.19999999999993,3.1233644859813077,334.19999999999993,3.1233644859813077,,,,,,,,,,,,,,,,,,,"Bengie Gonzalez","sa454764",543232
"Andrew Stevenson","WSN",131,566,528,134,107,17,7,3,56,40,31,1,108,3,2,2,,31,15,0.2537878787878788,0.054770318021201414,0.19081272084805653,0.28703703703703703,0.2978723404255319,0.32954545454545453,0.27534438587632526,0.6274177949709865,0.07575757575757575,6.697294025813753,0.3126491646778043,,-0.2601099358871579,46.69932776083822,-19.978013596035296,65.30863747074224,-0.2601099358871579,,-24.442796255931015,4.606308976038283,-0.1879863349376668,,,,,,,,458.69999999999993,3.5015267175572515,458.69999999999993,3.5015267175572515,,,,,,,,,,,,,,,,,,,"Andrew Stevenson","17932",664057
"Marc Krauss","NYM",95,337,296,61,37,12,1,11,37,37,37,1,99,2,2,0,,2,1,0.20608108108108109,0.10979228486646884,0.29376854599406527,0.37373737373737376,0.29673590504451036,0.36486486486486486,0.290007334202528,0.6616007699093752,0.15878378378378377,3.370002752630128,0.26595744680851063,,-0.17801856552250683,31.88253846472607,-7.8175746753205235,82.7560147949557,-0.17801856552250683,,-7.335072605297777,-5.242941029453053,-0.1903919720195999,,,,,,,,307.5,3.236842105263158,307.5,3.236842105263158,,,,,,,,,,,,,,,,,,,"Marc Krauss","7577",571868
"Diego Goris","SDP",113,440,418,100,73,17,1,9,46,43,13,0,89,2,3,4,,2,2,0.23923444976076555,0.029545454545454545,0.20227272727272727,0.14606741573033707,0.26376146788990823,0.3492822966507177,0.2645947643376272,0.6130437645406259,0.11004784688995214,3.168061859610667,0.28173374613003094,,-0.6169199291616678,32.40049029914331,-19.433485313973915,62.750669240678434,-0.6169199291616678,,-20.802345255113732,4.924706162458865,-0.1928787896912778,,,,,,,,324.8,2.874336283185841,324.8,2.874336283185841,,,,,,,,,,,,,,,,,,,"Diego Goris","sa507199",542357
"Oswaldo Arcia","ARI",101,373,340,81,44,16,3,18,41,52,26,2,116,5,2,0,,1,2,0.23823529411764705,0.06970509383378017,0.3109919571045576,0.22413793103448276,0.3002680965147453,0.46176470588235297,0.3225791730649388,0.7620328023970983,0.22352941176470592,3.4795244957640796,0.30288461538461536,,-0.7832625431474298,45.31351320628339,1.372438425163565,93.7257939540733,-0.7832625431474298,,-3.6655305603399744,-10.084322242299505,-0.1931604574381377,,,,,,,,435.5999999999999,4.312871287128712,435.5999999999999,4.312871287128712,,,,,,,,,,,,,,,,,,,"Oswaldo Arcia","10306",542455
"Ian Happ","CHC",114,487,439,102,63,22,3,14,54,56,41,1,146,2,5,0,,10,4,0.23234624145785876,0.08418891170431211,0.2997946611909651,0.2808219178082192,0.29774127310061604,0.3917995444191344,0.2976289071418621,0.6895408175197504,0.15945330296127563,5.282371789380142,0.30985915492957744,,0.12547180079855025,49.13633431097933,-8.234452333539044,82.21916281657755,0.12547180079855025,,-10.539210449909111,-6.855111183803408,-0.19514137381825133,,,,,,,,481.49999999999994,4.223684210526315,481.49999999999994,4.223684210526315,,,,,,,,,,,,,,,,,,,"Ian Happ","17919",664023
"Patrick Kivlehan","CIN",121,497,462,109,70,20,3,16,57,58,28,0,136,4,3,0,,7,3,0.23593073593073594,0.056338028169014086,0.27364185110663986,0.20588235294117646,0.2837022132796781,0.3961038961038961,0.2927500613978211,0.6798061093835742,0.1601731601731602,4.885518538456546,0.2971246006389776,,-0.0580651038326323,48.1444548739325,-10.404376670883988,76.95257724881974,-0.0580651038326323,,-14.16541736077333,-3.590198173444458,-0.19956982338177182,,,,,,,,474.8,3.9239669421487604,474.8,3.9239669421487604,,,,,,,,,,,,,,,,,,,"Patrick Kivlehan","13910",623182
"Wilkin Castillo","NYY",37,136,126,30,22,6,1,1,12,11,6,0,21,1,1,2,,1,2,0.23809523809523808,0.04411764705882353,0.15441176470588236,0.2857142857142857,0.27611940298507465,0.3253968253968254,0.26288564881282067,0.6015162283819,0.08730158730158732,3.758310126264245,0.2761904761904762,,-0.6845342020969838,9.8228968209964,-6.198513823058012,58.9125974726189,-0.6845342020969838,,-7.393590656304288,0.7982902603244724,-0.20333197009626341,,,,,,,,91.80000000000001,2.4810810810810815,91.80000000000001,2.4810810810810815,,,,,,,,,,,,,,,,,,,"Wilkin Castillo","5124",446868
"Michael De León","TEX",121,473,446,107,81,18,2,6,41,37,19,0,78,2,1,5,,5,5,0.2399103139013453,0.040169133192389,0.1649048625792812,0.24358974358974358,0.27350427350427353,0.3295964125560538,0.2634649444849063,0.6031006860603274,0.08968609865470853,3.4503012230986814,0.27823691460055094,,-1.277528362814337,34.38955708985178,-21.331966694249235,53.11039798250703,-1.277528362814337,,-27.90632484694051,9.893464586301665,-0.2034900264245103,,,,,,,,331.69999999999993,2.741322314049586,331.69999999999993,2.741322314049586,,,,,,,,,,,,,,,,,,,"Michael De Leon","sa823925",650958
"David Lough","DET",99,254,232,57,44,8,2,3,27,21,14,1,43,3,2,3,,4,4,0.24568965517241378,0.05511811023622047,0.16929133858267717,0.32558139534883723,0.2948207171314741,0.33620689655172414,0.2756462228298187,0.6310276136831983,0.09051724137931036,4.810743724752677,0.2872340425531915,,-0.9735560500994325,21.020204415588864,-8.902136051983344,68.63964699743057,-0.9735560500994325,,-10.537312555082845,-0.07743369670982281,-0.20559688638339146,,,,,,,,197.4,1.993939393939394,197.4,1.993939393939394,,,,,,,,,,,,,,,,,,,"David Lough","7215",518953
"Darin Ruf","LAD",121,404,369,88,53,17,1,17,49,56,24,1,98,6,5,0,,1,1,0.23848238482384823,0.0594059405940594,0.24257425742574257,0.24489795918367346,0.29207920792079206,0.4281842818428184,0.3069530062876623,0.7202634897636104,0.1897018970189702,3.0551062028468983,0.27413127413127414,,-0.39372535003349185,43.87029798097419,-3.722715991069796,92.45851989812714,-0.39372535003349185,,-4.146087171496125,-10.727174567727744,-0.20723613885047676,,,,,,,,427.69999999999993,3.5347107438016523,427.69999999999993,3.5347107438016523,,,,,,,,,,,,,,,,,,,"Darin Ruf","9929",573131
"Dom Nuñez","COL",107,454,408,96,68,15,1,12,45,46,37,2,92,1,4,4,,7,5,0.23529411764705882,0.08149779735682819,0.2026431718061674,0.40217391304347827,0.29777777777777775,0.36519607843137253,0.28795499820262194,0.6629738562091503,0.1299019607843137,3.4666157482398825,0.2727272727272727,,-0.8820160087198019,42.182697889571386,-11.300540583963192,60.568466150294576,-0.8820160087198019,,-22.92986764834324,6.455542009623873,-0.20837215076743942,,,,,,,,404.8999999999999,3.7841121495327097,404.8999999999999,3.7841121495327097,,,,,,,,,,,,,,,,,,,"Dom Nunez","15055",624513
"Tyler Smith","SEA",117,477,440,102,77,18,2,5,45,35,27,1,100,4,2,4,,7,3,0.2318181818181818,0.05660377358490566,0.20964360587002095,0.27,0.28118393234672306,0.3159090909090909,0.2628159342428385,0.597093023255814,0.0840909090909091,4.513358762353649,0.2878338278931751,,-0.06928423349745572,34.42492627656206,-21.767815467658192,64.95633791440363,-0.06928423349745572,,-20.139022745181546,1.9242565934620206,-0.21028099536938427,,,,,,,,339.7,2.9034188034188033,339.7,2.9034188034188033,,,,,,,,,,,,,,,,,,,"Tyler Smith","12490",642094
"James Loney","TEX",130,502,468,133,103,21,0,9,45,53,27,3,53,3,4,0,,2,1,0.2841880341880342,0.053784860557768925,0.10557768924302789,0.5094339622641509,0.3247011952191235,0.38675213675213677,0.30748182917405703,0.7114533319712603,0.10256410256410259,1.9537098010986709,0.3024390243902439,,-0.3014289918355644,54.731157670973495,-4.406696323992054,83.361704426382,-0.3014289918355644,,-10.329707883519422,-8.76325618008317,-0.21348324170168276,,,,,,,,513.3,3.948461538461538,513.3,3.948461538461538,,,,,,,,,,,,,,,,,,,"James Loney","4556",425766
"Isaac Galloway","MIA",126,464,434,93,66,16,4,7,44,37,20,1,135,3,3,4,,16,7,0.21428571428571427,0.04310344827586207,0.29094827586206895,0.14814814814814814,0.25217391304347825,0.31797235023041476,0.24730907948707964,0.570146263273893,0.10368663594470048,6.377398821936323,0.29152542372881357,,0.13442198000848293,27.549538441574,-27.111744932258702,53.293783094251445,0.13442198000848293,,-26.556244985560156,9.712549885184115,-0.21362646457260376,,,,,,,,301.5999999999999,2.393650793650793,301.5999999999999,2.393650793650793,,,,,,,,,,,,,,,,,,,"Isaac Galloway","5238",543194
"Leury García","CHW",101,352,325,79,61,10,3,5,39,27,18,2,86,2,2,5,,16,7,0.24307692307692308,0.05113636363636364,0.24431818181818182,0.20930232558139536,0.28530259365994237,0.3384615384615385,0.27037387913551886,0.6237641321214809,0.0953846153846154,6.387776635860919,0.3135593220338983,,0.15461641340516508,27.59897465456052,-13.868205835933257,66.72974801340281,0.15461641340516508,,-13.906266920391861,-0.13299045907547002,-0.21630635949892413,,,,,,,,281.29999999999995,2.7851485148514845,281.29999999999995,2.7851485148514845,,,,,,,,,,,,,,,,,,,"Leury Garcia","5913",544725
"Jamie Westbrook","ARI",134,536,504,130,92,25,3,10,53,48,21,0,84,6,4,1,,10,5,0.25793650793650796,0.03917910447761194,0.15671641791044777,0.25,0.29345794392523367,0.37896825396825395,0.29075112264847086,0.6724261978934876,0.12103174603174599,4.565302798160486,0.2898550724637681,,-0.3156733887735754,51.03828676825291,-12.104919887726245,72.4011412193855,-0.3156733887735754,,-18.534595027445867,-0.6431803544923043,-0.21818187021352076,,,,,,,,493.6,3.683582089552239,493.6,3.683582089552239,,,,,,,,,,,,,,,,,,,"Jamie Westbrook","15504",642197
"Alfredo González","CHW",76,286,257,55,45,8,1,1,25,15,21,0,72,3,2,3,,3,2,0.2140077821011673,0.07342657342657342,0.2517482517482518,0.2916666666666667,0.2791519434628975,0.26459143968871596,0.24634685491083366,0.5437433831516134,0.05058365758754865,3.764940586829921,0.2903225806451613,,-0.3742872334551066,16.75388431445529,-16.9381998340709,50.2167921809217,-0.3742872334551066,,-17.46903753454032,5.628232200642602,-0.2201235040165983,,,,,,,,161.4,2.123684210526316,161.4,2.123684210526316,,,,,,,,,,,,,,,,,,,"Alfredo Gonzalez","14267",554054
"Prince Fielder","TEX",110,472,414,105,72,19,0,14,45,63,46,8,77,8,4,0,,0,0,0.2536231884057971,0.09745762711864407,0.163135593220339,0.5974025974025974,0.336864406779661,0.40096618357487923,0.3169487565755844,0.7378305903545402,0.1473429951690821,0.9320907194994783,0.2782874617737003,,-0.26477146008983254,55.14751221767773,-0.4562070763934698,89.86800136056986,-0.26477146008983254,,-6.006609954711452,-12.139917695473251,-0.22062414346763415,,,,,,,,522.7,4.751818181818182,522.7,4.751818181818182,,,,,,,,,,,,,,,,,,,"Prince Fielder","4613",425902
"Mike Tauchman","COL",111,462,424,114,89,18,5,2,42,34,31,2,78,2,2,3,,18,9,0.2688679245283019,0.0670995670995671,0.16883116883116883,0.3974358974358974,0.3202614379084967,0.3490566037735849,0.29296279501341105,0.6693180416820816,0.080188679245283,5.702555988088566,0.3236994219653179,,-0.35684369690716267,44.83509954473761,-9.59057484903547,63.923667821732856,-0.35684369690716267,,-20.884109532099096,4.000710843521872,-0.22419084167777895,,,,,,,,421.9,3.8009009009009005,421.9,3.8009009009009005,,,,,,,,,,,,,,,,,,,"Mike Tauchman","15274",643565
"Jason Hagerty","SDP",63,231,209,48,30,11,1,6,27,25,18,0,55,4,0,0,,1,1,0.22966507177033493,0.07792207792207792,0.23809523809523808,0.32727272727272727,0.30303030303030304,0.37799043062200954,0.2986505346380787,0.6810207336523126,0.1483253588516746,3.586509479586123,0.28378378378378377,,-0.3264105720445514,23.5017022607768,-3.7111349361097394,85.5678844256108,-0.3264105720445514,,-4.432314014442819,-5.123007174627281,-0.22598230040989944,,,,,,,,218.89999999999995,3.474603174603174,218.89999999999995,3.474603174603174,,,,,,,,,,,,,,,,,,,"Jason Hagerty","sa501451",571734
"Austin Green","DET",72,274,259,59,42,10,1,6,25,26,9,0,64,3,2,1,,0,1,0.2277992277992278,0.032846715328467155,0.23357664233576642,0.140625,0.2600732600732601,0.3436293436293436,0.26136002370289396,0.6037026037026036,0.11583011583011582,2.5404226106551646,0.2774869109947644,,-0.530898226890713,19.44531315689157,-12.83311711127688,58.82122866185623,-0.530898226890713,,-14.077731889829085,2.5577637584401467,-0.22888449754013585,,,,,,,,195.7,2.7180555555555554,195.7,2.7180555555555554,,,,,,,,,,,,,,,,,,,"Austin Green","sa738290",643337
"Gerardo Parra","COL",131,503,471,131,89,28,4,10,61,47,23,3,83,3,3,3,,9,5,0.2781316348195329,0.04572564612326044,0.16500994035785288,0.27710843373493976,0.314,0.4182590233545648,0.31259242617628225,0.7322590233545647,0.14012738853503187,5.249059710833148,0.31758530183727035,,-0.4999666102230549,56.961367698386184,-2.2942907866091784,77.0754337131697,-0.4999666102230549,,-14.701520526781803,-3.532902569577387,-0.22902406699464017,,,,,,,,541.6999999999999,4.135114503816793,541.6999999999999,4.135114503816793,,,,,,,,,,,,,,,,,,,"Gerardo Parra","8553",467827
"BJ Boyd","OAK",124,527,489,124,101,15,3,5,52,41,28,1,96,4,2,4,,10,6,0.25357873210633947,0.05313092979127135,0.18216318785578747,0.2916666666666667,0.2982791586998088,0.32719836400818,0.2752218436007299,0.6254775227079887,0.07361963190184051,4.4834454227520055,0.30512820512820515,,-0.7545747524127364,43.428240844164485,-18.65472540154637,70.98314185038632,-0.7545747524127364,,-19.114666750538657,-1.0033530263883934,-0.2317042098965192,,,,,,,,411.2,3.3161290322580643,411.2,3.3161290322580643,,,,,,,,,,,,,,,,,,,"BJ Boyd","sa657987",622196
"Rubén Tejada","NYY",104,357,316,74,53,16,1,4,34,29,30,4,64,5,3,3,,1,1,0.23417721518987342,0.08403361344537816,0.1792717086834734,0.46875,0.307909604519774,0.3291139240506329,0.278911726304463,0.6370235285704069,0.09493670886075947,2.8131118052345663,0.2788844621513944,,-0.3982130018994212,30.50610565779111,-11.550097282851725,69.92677498010741,-0.3982130018994212,,-13.288484691518038,-1.0736248581497758,-0.23200181360333538,,,,,,,,292.19999999999993,2.809615384615384,292.19999999999993,2.809615384615384,,,,,,,,,,,,,,,,,,,"Ruben Tejada","5519",514913
"Elliot Soto","CHC",81,300,264,58,48,8,1,1,29,17,30,1,67,1,1,4,,3,1,0.2196969696969697,0.1,0.22333333333333333,0.44776119402985076,0.30067567567567566,0.2689393939393939,0.2591003399784282,0.5696150696150696,0.049242424242424226,3.9452635629768453,0.2893401015228426,,0.015249959658831358,20.73110800539672,-14.61023900354684,56.40519355441307,0.015249959658831358,,-16.092050594505224,4.282802813057336,-0.23209662974656317,,,,,,,,194.99999999999994,2.4074074074074066,194.99999999999994,2.4074074074074066,,,,,,,,,,,,,,,,,,,"Elliot Soto","11155",519303
"Noel Cuevas","COL",114,440,408,104,77,16,5,6,40,40,18,1,98,4,3,7,,14,9,0.2549019607843137,0.04090909090909091,0.22272727272727272,0.1836734693877551,0.2909930715935335,0.3627450980392157,0.2825741152520533,0.6537381696327491,0.10784313725490197,5.843336086571996,0.31921824104234525,,-1.1074795383028686,38.928268198083096,-12.905707415034124,56.96329841851578,-1.1074795383028686,,-24.42908313062886,8.140926064497439,-0.2348612734456561,,,,,,,,373.1,3.27280701754386,373.1,3.27280701754386,,,,,,,,,,,,,,,,,,,"Noel Cuevas","11894",571595
"Nolan Reimold","BAL",84,242,216,48,33,9,1,5,24,20,23,1,66,1,2,0,,2,1,0.2222222222222222,0.09504132231404959,0.2727272727272727,0.3484848484848485,0.2975206611570248,0.3425925925925926,0.28101476668322234,0.6401132537496175,0.1203703703703704,3.7570209191636397,0.2925170068027211,,-0.13538587279617786,21.09916281852816,-7.409523768686309,72.14893902325076,-0.13538587279617786,,-8.227666989304677,-2.2784485155207346,-0.23605961928973554,,,,,,,,204.59999999999997,2.4357142857142855,204.59999999999997,2.4357142857142855,,,,,,,,,,,,,,,,,,,"Nolan Reimold","3441",460099
"Corey Brown","LAD",107,422,393,82,45,17,3,17,48,55,25,1,152,1,2,1,,7,3,0.20865139949109415,0.05924170616113744,0.36018957345971564,0.16447368421052633,0.25653206650831356,0.3969465648854962,0.2783308371191933,0.6534786313938097,0.18829516539440203,5.679918038844108,0.28761061946902655,,0.01373732602223754,35.85816258841445,-13.855332204166153,73.28179339290301,0.01373732602223754,,-13.872561562366137,-1.8566015487134913,-0.23623063679164508,,,,,,,,375.3,3.507476635514019,375.3,3.507476635514019,,,,,,,,,,,,,,,,,,,"Corey Brown","2650",446395
"Travis Demeritte","ATL",104,442,399,83,50,16,5,12,44,35,38,1,184,2,2,1,,10,4,0.20802005012531327,0.08597285067873303,0.416289592760181,0.20652173913043478,0.2789115646258503,0.3634085213032581,0.27911984283815733,0.6423200859291085,0.15538847117794485,6.321249702429025,0.3463414634146341,,0.16137301572598517,37.845368650111375,-14.224215943065472,70.02876883151694,0.16137301572598517,,-16.153872243526394,-0.2295052776751556,-0.23809518733062304,,,,,,,,381.3,3.666346153846154,381.3,3.666346153846154,,,,,,,,,,,,,,,,,,,"Travis Demeritte","15958",641513
"Edmundo Sosa","STL",93,401,377,90,69,12,3,6,38,32,18,0,86,3,1,2,,5,5,0.23872679045092837,0.04488778054862843,0.2144638403990025,0.20930232558139536,0.2781954887218045,0.33421750663129973,0.26793872817118364,0.6124129953531042,0.09549071618037136,4.432782090734946,0.2937062937062937,,-1.2506024516187608,30.635111360110262,-16.604489141844297,64.18875783355685,-1.2506024516187608,,-18.936638749439354,3.8302840327669916,-0.24082989157369622,,,,,,,,293.79999999999995,3.159139784946236,293.79999999999995,3.159139784946236,,,,,,,,,,,,,,,,,,,"Edmundo Sosa","17022",624641
"Mauricio Ramos","KCR",119,493,467,112,80,23,1,8,44,45,14,0,106,8,3,1,,2,2,0.2398286937901499,0.028397565922920892,0.2150101419878296,0.1320754716981132,0.27235772357723576,0.34475374732334046,0.26822341748369416,0.6171114709005763,0.10492505353319057,2.8078613701094364,0.29213483146067415,,-0.6483334922231734,37.779428566843755,-20.298185017853488,62.4259144468236,-0.6483334922231734,,-22.8890713001224,3.8111844684431513,-0.24312040037336985,,,,,,,,371.9999999999999,3.1260504201680663,371.9999999999999,3.1260504201680663,,,,,,,,,,,,,,,,,,,"Mauricio Ramos","sa597006",600957
"Tyler Collins","DET",124,463,425,98,68,14,2,14,46,50,32,0,118,3,3,0,,6,3,0.23058823529411765,0.06911447084233262,0.2548596112311015,0.2711864406779661,0.28725701943844495,0.37176470588235294,0.28667504947077377,0.659021725320798,0.1411764705882353,4.057385157711289,0.28378378378378377,,-0.2603089327458292,42.529914955282536,-12.013563928520353,76.21938410940614,-0.2603089327458292,,-13.479897545278119,-4.615295527263083,-0.24655336844087006,,,,,,,,415.4,3.3499999999999996,415.4,3.3499999999999996,,,,,,,,,,,,,,,,,,,"Tyler Collins","12723",607385
"Doug Bernier","TEX",100,377,344,78,60,11,1,6,35,29,26,0,85,2,1,4,,3,4,0.22674418604651161,0.06896551724137931,0.22546419098143236,0.3058823529411765,0.28418230563002683,0.3168604651162791,0.2665548950993024,0.601042770746306,0.09011627906976746,3.136270871199538,0.28346456692913385,,-1.2363831792026758,28.371097819238745,-16.041194922000326,55.2340158530733,-1.2363831792026758,,-21.499364212796248,6.298154604988614,-0.2485273376543766,,,,,,,,265.29999999999995,2.6529999999999996,265.29999999999995,2.6529999999999996,,,,,,,,,,,,,,,,,,,"Doug Bernier","4518",448674
"Dustin Fowler","NYY",136,582,557,137,92,24,7,14,59,67,19,1,122,2,3,1,,20,11,0.2459605026929982,0.03264604810996564,0.20962199312714777,0.1557377049180328,0.2719449225473322,0.3895870736086176,0.28222466809996244,0.6615319961559498,0.1436265709156194,6.274247588754431,0.29009433962264153,,-0.758356336504221,51.32366223527755,-17.238550962072946,72.20364709848059,-0.758356336504221,,-20.181729440701343,-1.9716818614401306,-0.2493190826715179,,,,,,,,521.5,3.8345588235294117,521.5,3.8345588235294117,,,,,,,,,,,,,,,,,,,"Dustin Fowler","17098",641583
"Ryan Goins","TOR",128,425,390,88,62,18,3,5,37,37,23,0,95,1,3,8,,2,2,0.22564102564102564,0.05411764705882353,0.2235294117647059,0.24210526315789474,0.2685851318944844,0.32564102564102565,0.2594891456391314,0.5942261575355101,0.1,3.5888696692921664,0.2832764505119454,,-0.6124322772957385,29.505421260194602,-20.561487002475438,58.03356516264773,-0.6124322772957385,,-22.026780348913995,5.180401374703642,-0.25048570355782096,,,,,,,,289.2999999999999,2.260156249999999,289.2999999999999,2.260156249999999,,,,,,,,,,,,,,,,,,,"Ryan Goins","9807",572365
"Kenny Wilson","OAK",118,487,443,96,70,18,3,5,48,35,34,1,130,5,2,3,,21,9,0.21670428893905191,0.06981519507186858,0.2669404517453799,0.26153846153846155,0.27892561983471076,0.3047404063205418,0.2588496140318134,0.5836660261552525,0.08803611738148986,5.977064135866201,0.29354838709677417,,0.27008222322911024,33.552743588387756,-23.81804305613062,59.7310658037405,0.27008222322911024,,-23.27569049615434,4.309428630191953,-0.2524908808718386,,,,,,,,342.59999999999985,2.9033898305084733,342.59999999999985,2.9033898305084733,,,,,,,,,,,,,,,,,,,"Kenny Wilson","sa454437",543932
"Harold Martinez","PHI",91,330,311,70,50,12,1,7,33,32,13,0,98,2,2,2,,1,1,0.22508038585209003,0.03939393939393939,0.296969696969697,0.1326530612244898,0.25914634146341464,0.33762057877813506,0.25890017228155604,0.5967669202415498,0.11254019292604503,3.164451449961784,0.30288461538461536,,-0.35558030917309225,22.749712516724,-16.125769193113914,56.678985367174654,-0.35558030917309225,,-17.962335009656048,4.937662140612459,-0.2588345394110726,,,,,,,,231.4,2.5428571428571427,231.4,2.5428571428571427,,,,,,,,,,,,,,,,,,,"Harold Martinez","sa455422",543497
"Daniel Descalso","ARI",102,254,224,53,36,11,1,5,26,25,25,3,51,1,2,2,,2,2,0.23660714285714285,0.0984251968503937,0.20078740157480315,0.49019607843137253,0.3134920634920635,0.36160714285714285,0.2925460252417139,0.6750992063492063,0.125,3.435507751399645,0.2823529411764706,,-0.551848977105692,24.56224903543877,-5.3600914321334425,73.60371800284109,-0.551848977105692,,-8.809247209127745,-1.843396314657975,-0.2634062053217191,,,,,,,,233.6,2.2901960784313724,233.6,2.2901960784313724,,,,,,,,,,,,,,,,,,,"Daniel Descalso","8392",518614
"Luis Guillorme","NYM",130,537,485,112,92,17,2,1,48,35,36,0,95,2,3,11,,7,5,0.2309278350515464,0.0670391061452514,0.17690875232774675,0.37894736842105264,0.28517110266159695,0.2804123711340206,0.25359159753349797,0.5655834737956176,0.04948453608247422,3.8680670779289477,0.28316326530612246,,-0.9403554829768836,34.66769649108138,-28.59331465492759,58.35763260114365,-0.9403554829768836,,-28.481149125181027,8.808202197312045,-0.2655696264696441,,,,,,,,325.59999999999997,2.5046153846153842,325.59999999999997,2.5046153846153842,,,,,,,,,,,,,,,,,,,"Luis Guillorme","16451",641645
"Carlos Triunfel","CIN",107,385,368,88,60,19,3,6,36,37,7,1,84,5,2,3,,2,2,0.2391304347826087,0.01818181818181818,0.21818181818181817,0.08333333333333333,0.2617801047120419,0.35597826086956524,0.2646983621001556,0.6177583655816071,0.11684782608695654,4.1654697645315,0.29285714285714287,,-0.5787748883012682,28.383340671873857,-16.97138798960371,58.15806302902647,-0.5787748883012682,,-20.41866509245595,5.53726921356264,-0.26985605239077437,,,,,,,,287.59999999999997,2.6878504672897194,287.59999999999997,2.6878504672897194,,,,,,,,,,,,,,,,,,,"Carlos Triunfel","193",508892
"Jackson Williams","PIT",77,287,261,56,42,11,1,2,22,18,21,1,62,1,2,2,,1,2,0.21455938697318008,0.07317073170731707,0.21602787456445993,0.3387096774193548,0.2736842105263158,0.28735632183908044,0.24890557980873215,0.5610405323653962,0.07279693486590036,2.5710162746523535,0.271356783919598,,-0.760824283817783,17.41842463522614,-16.391464003329865,51.34085018544503,-0.760824283817783,,-17.96021915154136,6.183683766504374,-0.27102726786758025,,,,,,,,171.29999999999998,2.2246753246753244,171.29999999999998,2.2246753246753244,,,,,,,,,,,,,,,,,,,"Jackson Williams","8524",519425
"Luis Tejada","LAA",99,375,348,77,53,15,2,7,39,37,20,1,92,5,1,1,,5,3,0.22126436781609196,0.05333333333333334,0.24533333333333332,0.21739130434782608,0.2727272727272727,0.33620689655172414,0.26583459901426176,0.6089341692789969,0.11494252873563218,4.807294126574811,0.28,,-0.4019694614689797,27.997702932086117,-16.17898082909333,65.42689944981336,-0.4019694614689797,,-15.9681996411101,0.5882019668659835,-0.27374015598362206,,,,,,,,280,2.8282828282828283,280,2.8282828282828283,,,,,,,,,,,,,,,,,,,"Luis Tejada","sa548053",593776
"Alex D. Mejia","STL",100,376,348,83,63,15,2,3,34,28,17,1,63,3,3,5,,3,2,0.23850574712643677,0.04521276595744681,0.1675531914893617,0.2698412698412698,0.2776280323450135,0.31896551724137934,0.26045447926263554,0.5965935495863928,0.08045977011494257,3.864711641451331,0.2807017543859649,,-0.4034569705836475,26.403124671209596,-17.891363579999663,59.174344230888366,-0.4034569705836475,,-19.308939579628415,4.6469707840123915,-0.2766839081081652,,,,,,,,259.99999999999994,2.5999999999999996,259.99999999999994,2.5999999999999996,,,,,,,,,,,,,,,,,,,"Alex D. Mejia","13877",622270
"Shawn Zarraga","CIN",63,207,185,46,35,10,0,1,19,14,17,1,36,1,3,1,,0,2,0.24864864864864866,0.0821256038647343,0.17391304347826086,0.4722222222222222,0.3106796116504854,0.31891891891891894,0.2778124428376919,0.6295985305694043,0.07027027027027027,1.8899308973829154,0.2980132450331126,,-0.9361422015354037,17.500647439112978,-6.884881997058079,66.94443900881086,-0.9361422015354037,,-9.36330980485855,0.07325001873036552,-0.27690285934825837,,,,,,,,159.39999999999998,2.5301587301587296,159.39999999999998,2.5301587301587296,,,,,,,,,,,,,,,,,,,"Shawn Zarraga","sa456095",519452
"Patrick Wisdom","STL",110,427,392,81,50,19,3,9,40,40,29,0,132,2,3,1,,5,2,0.2066326530612245,0.06791569086651054,0.3091334894613583,0.2196969696969697,0.26291079812206575,0.3392857142857143,0.2625144601148059,0.60219651240778,0.1326530612244898,4.833890542991855,0.28346456692913385,,-0.0012131386902183294,30.710220916735086,-19.592296325994575,60.554522273144784,-0.0012131386902183294,,-20.745181872669527,4.407650124388957,-0.2821867192602479,,,,,,,,315.29999999999995,2.866363636363636,315.29999999999995,2.866363636363636,,,,,,,,,,,,,,,,,,,"Patrick Wisdom","13602",621550
"Destin Hood","MIA",118,466,435,101,64,23,3,11,48,47,25,0,129,2,4,0,,6,5,0.23218390804597702,0.0536480686695279,0.27682403433476394,0.1937984496124031,0.27467811158798283,0.37471264367816093,0.2797525017302435,0.6493907552661438,0.1425287356321839,4.4254152079987845,0.3010033444816054,,-1.0528462745714933,40.14359396571192,-14.7532983881804,75.03073222583743,-1.0528462745714933,,-15.383251704826097,-2.1984342385011164,-0.28259464372854703,,,,,,,,396.1999999999999,3.357627118644067,396.1999999999999,3.357627118644067,,,,,,,,,,,,,,,,,,,"Destin Hood","9887",543329
"Domingo Leyba","ARI",136,589,549,135,96,26,4,9,56,52,30,1,114,2,5,3,,8,5,0.2459016393442623,0.050933786078098474,0.1935483870967742,0.2631578947368421,0.28498293515358364,0.3570127504553734,0.27778361709708843,0.641995685608957,0.1111111111111111,4.4091053750508085,0.2923433874709977,,-0.7336240021977574,49.78251833925325,-19.604326288305934,63.71296996478389,-0.7336240021977574,,-27.05650818473358,5.556514433241815,-0.2833122511241578,,,,,,,,487,3.5808823529411766,487,3.5808823529411766,,,,,,,,,,,,,,,,,,,"Domingo Leyba","16404",642736
"Melky Mesa","TOR",77,310,295,59,34,15,2,8,26,30,10,0,122,4,1,0,,3,2,0.2,0.03225806451612903,0.3935483870967742,0.08196721311475409,0.23548387096774193,0.34576271186440677,0.2501419940302449,0.5812465828321487,0.14576271186440676,4.563422729226399,0.3072289156626506,,-0.3271668888628483,19.130600900837806,-17.38879100840387,51.609586053388334,-0.3271668888628483,,-18.338044794759128,5.056725899939114,-0.2842964829684901,,,,,,,,207.6,2.696103896103896,207.6,2.696103896103896,,,,,,,,,,,,,,,,,,,"Melky Mesa","447",444859
"Zach Vincej","CIN",112,428,393,93,71,16,2,4,43,32,26,0,98,4,2,3,,6,6,0.2366412213740458,0.06074766355140187,0.22897196261682243,0.2653061224489796,0.28941176470588237,0.31806615776081426,0.2688931721799514,0.6074779224666966,0.08142493638676845,4.1457872062168715,0.3037542662116041,,-1.4850161604117602,33.03490453491662,-17.385417197842855,60.96856719340751,-1.4850161604117602,,-22.05931374222297,5.6616230372608864,-0.28508699837512586,,,,,,,,307.7999999999999,2.7482142857142846,307.7999999999999,2.7482142857142846,,,,,,,,,,,,,,,,,,,"Zach Vincej","13269",572227
"Drew Jackson","SEA",129,615,566,125,100,19,2,4,58,36,33,0,138,7,2,7,,11,9,0.22084805653710246,0.05365853658536585,0.22439024390243903,0.2391304347826087,0.2713815789473684,0.2826855123674912,0.2474964450260526,0.5540670913148595,0.061837455830388716,4.291195450718886,0.284037558685446,,-1.801720236428082,36.61009637643084,-35.839664991903454,54.42777447486391,-1.801720236428082,,-35.45204072534606,11.803520313646427,-0.2878963267055561,,,,,,,,353.8,2.742635658914729,353.8,2.742635658914729,,,,,,,,,,,,,,,,,,,"Drew Jackson","17807",623515
"Kaleb Cowart","LAA",139,532,492,105,70,24,3,8,53,49,33,2,149,2,4,1,,12,4,0.21341463414634146,0.06203007518796992,0.2800751879699248,0.2214765100671141,0.263653483992467,0.3231707317073171,0.2551546424683641,0.586824215699784,0.10975609756097562,5.496885360379134,0.2861356932153392,,0.5299594586249441,35.0310603060586,-27.64092838980131,58.086928878092,0.5299594586249441,,-26.241680009820165,5.356022450168437,-0.29288659991713484,,,,,,,,374.5,2.694244604316547,374.5,2.694244604316547,,,,,,,,,,,,,,,,,,,"Kaleb Cowart","11494",592230
"Jordan Schafer","STL",46,104,92,20,14,4,1,1,10,4,9,0,26,0,0,3,,8,3,0.21739130434782608,0.08653846153846154,0.25,0.34615384615384615,0.2871287128712871,0.31521739130434784,0.2679795209724124,0.6023461041756349,0.09782608695652176,7.09179153354742,0.2923076923076923,,0.31919714785180986,7.948766494460675,-4.302900468639758,64.21608882960894,0.31919714785180986,,-4.264204328821701,-1.9264818025574413,-0.29489521339601243,,,,,,,,80.5,1.75,80.5,1.75,,,,,,,,,,,,,,,,,,,"Jordan Schafer","9883",457788
"Matt Davidson","CHW",112,472,425,87,54,17,0,16,53,51,38,2,170,5,3,1,,0,0,0.20470588235294118,0.08050847457627118,0.3601694915254237,0.2235294117647059,0.2760084925690021,0.35764705882352943,0.2755939777471872,0.6336555513925315,0.15294117647058825,1.6394167758846656,0.29338842975206614,,-0.21316346363164485,39.040819055516394,-16.562900238554803,70.31734408895487,-0.21316346363164485,,-17.034426710685594,-1.8410660760813358,-0.2951732959563722,,,,,,,,390.9,3.4901785714285714,390.9,3.4901785714285714,,,,,,,,,,,,,,,,,,,"Matt Davidson","7226",571602
"Ronnie Freeman","ARI",74,269,249,57,42,12,0,3,24,20,14,1,61,2,3,1,,0,0,0.2289156626506024,0.05204460966542751,0.22676579925650558,0.22950819672131148,0.27238805970149255,0.3132530120481928,0.25566801350661433,0.5856410717496854,0.08433734939759038,1.448004201680672,0.2872340425531915,,-0.1278980781789869,17.827025824986066,-13.86238199303332,48.89561356331028,-0.1278980781789869,,-17.05868766636993,5.618175927538651,-0.2951991586877385,,,,,,,,181.2,2.4486486486486485,181.2,2.4486486486486485,,,,,,,,,,,,,,,,,,,"Ronnie Freeman","sa658013",621531
"Adrián Sanchez","WSN",110,380,357,87,68,15,2,2,33,28,15,1,62,3,2,3,,7,3,0.24369747899159663,0.039473684210526314,0.1631578947368421,0.24193548387096775,0.27851458885941643,0.3137254901960784,0.2589479925784659,0.5922400790554949,0.0700280112044818,4.635301832063551,0.288135593220339,,-0.0199200629722327,26.211633244026505,-18.554072967302,54.323126620938325,-0.0199200629722327,,-21.396918180668674,6.423557415490708,-0.2955210502938439,,,,,,,,262.8,2.389090909090909,262.8,2.389090909090909,,,,,,,,,,,,,,,,,,,"Adrian Sanchez","11338",506703
"Zach Lutz","MIA",43,164,147,32,23,5,1,3,18,15,14,0,44,2,1,0,,0,1,0.21768707482993196,0.08536585365853659,0.2682926829268293,0.3181818181818182,0.2926829268292683,0.32653061224489793,0.2752343565225601,0.6192135390741662,0.10884353741496597,3.3923717985158106,0.2871287128712871,,-0.49724083789624274,13.516364103712554,-5.80357226117659,72.00359495861441,-0.49724083789624274,,-6.151983817742724,-1.954473289582815,-0.29569537535638657,,,,,,,,125.8,2.925581395348837,125.8,2.925581395348837,,,,,,,,,,,,,,,,,,,"Zach Lutz","3735",518963
"George Kottaras","ATL",41,133,114,21,14,2,0,5,15,12,18,1,52,0,0,1,,0,0,0.18421052631578946,0.13533834586466165,0.39097744360902253,0.34615384615384615,0.29545454545454547,0.3333333333333333,0.2793633250789788,0.6287878787878788,0.14912280701754385,1.3560924369747895,0.2807017543859649,,-0.06955860392190516,11.414581099417093,-4.253416074547884,70.19190085388848,-0.06955860392190516,,-4.952175807548654,-2.1695942917969004,-0.29580638366359774,,,,,,,,110.39999999999999,2.692682926829268,110.39999999999999,2.692682926829268,,,,,,,,,,,,,,,,,,,"George Kottaras","5506",435459
"Michael Bourn","BAL",123,478,435,103,80,14,5,4,47,35,33,0,114,1,3,6,,14,6,0.2367816091954023,0.06903765690376569,0.2384937238493724,0.2894736842105263,0.2902542372881356,0.3195402298850575,0.269239170445224,0.6097944671731931,0.08275862068965517,5.867588412628251,0.309375,,0.08581412630155683,37.03059339472959,-19.279952839520472,64.0559725884219,0.08581412630155683,,-20.54272554073547,1.410509815747285,-0.3006415647138038,,,,,,,,360.29999999999995,2.9292682926829263,360.29999999999995,2.9292682926829263,,,,,,,,,,,,,,,,,,,"Michael Bourn","6387",456422
"Kyle Skipworth","CIN",58,198,179,32,15,7,1,9,21,22,13,0,93,3,2,1,,0,1,0.1787709497206704,0.06565656565656566,0.4696969696969697,0.13978494623655913,0.2436548223350254,0.37988826815642457,0.26758218477220097,0.62354309049145,0.20111731843575417,3.6332698922783813,0.2911392405063291,,-0.4792902304325253,15.06831098510662,-8.256978040796126,60.09021143978706,-0.4792902304325253,,-10.211497981569151,0.9551961901326655,-0.30271855481654353,,,,,,,,156,2.689655172413793,156,2.689655172413793,,,,,,,,,,,,,,,,,,,"Kyle Skipworth","5298",543788
"Ryan Kalish","CHC",65,212,191,45,32,8,2,3,24,21,16,1,46,2,1,2,,7,3,0.2356020942408377,0.07547169811320754,0.2169811320754717,0.34782608695652173,0.3,0.34554973821989526,0.2824422049750552,0.6455497382198953,0.10994764397905757,6.248950264542069,0.2937062937062937,,0.06085767061449587,18.733271795218066,-6.241280091102051,72.04413966389565,0.06085767061449587,,-7.238345916257056,-2.504950670942638,-0.3069940583991255,,,,,,,,182.7,2.8107692307692305,182.7,2.8107692307692305,,,,,,,,,,,,,,,,,,,"Ryan Kalish","6962",501888
"Ike Davis","LAD",92,318,279,62,37,15,0,10,33,36,36,2,77,0,3,0,,0,1,0.2222222222222222,0.11320754716981132,0.24213836477987422,0.4675324675324675,0.3081761006289308,0.3835125448028674,0.2998781436229054,0.6916886454317982,0.16129032258064518,1.4265268244017646,0.26666666666666666,,-0.5690432677511126,32.67511878400266,-4.786709045477508,87.71839326462496,-0.5690432677511126,,-5.379087397547735,-7.763891730569236,-0.3099574147958669,,,,,,,,310.9,3.3793478260869563,310.9,3.3793478260869563,,,,,,,,,,,,,,,,,,,"Ike Davis","8433",477195
"Ozzie Martínez","BAL",105,395,370,87,70,11,2,4,34,29,19,1,69,1,2,3,,6,2,0.23513513513513515,0.04810126582278481,0.17468354430379746,0.2753623188405797,0.2729591836734694,0.3081081081081081,0.2544844574330713,0.5810672917815776,0.07297297297297298,4.446585728874269,0.27759197324414714,,0.18083625682629645,25.79146463457,-20.741308927205683,53.91556060846919,0.18083625682629645,,-21.67489065546106,5.248516459839264,-0.3114632433882329,,,,,,,,263.9,2.513333333333333,263.9,2.513333333333333,,,,,,,,,,,,,,,,,,,"Ozzie Martinez","3900",501954
"Pat Valaika","COL",138,565,526,129,85,28,4,12,52,57,25,1,149,3,5,6,,13,10,0.24524714828897337,0.04424778761061947,0.26371681415929205,0.16778523489932887,0.2808586762075134,0.3821292775665399,0.2842949550852553,0.6629879537740533,0.13688212927756654,4.942545894195657,0.3162162162162162,,-1.7486247308552265,50.78971828602506,-15.76981858081864,58.116253480949155,-1.7486247308552265,,-30.89340090296911,9.875494237089072,-0.31205867570457924,,,,,,,,493.9,3.5789855072463768,493.9,3.5789855072463768,,,,,,,,,,,,,,,,,,,"Pat Valaika","14885",642162
"Marco Hernández","BOS",117,426,403,105,76,17,5,7,43,42,18,1,103,1,2,2,,7,4,0.26054590570719605,0.04225352112676056,0.24178403755868544,0.17475728155339806,0.29245283018867924,0.37965260545905705,0.28909601570584814,0.6721054356477363,0.119106699751861,5.394867429235056,0.33220338983050846,,-0.44984612287953496,39.982210658996244,-10.202502093703613,73.54424583136677,-0.44984612287953496,,-13.981273051311389,-3.5012544685780895,-0.31207843182367645,,,,,,,,387.70000000000005,3.313675213675214,387.70000000000005,3.313675213675214,,,,,,,,,,,,,,,,,,,"Marco Hernandez","13154",593523
"Kyle Kubitza","ATL",124,497,437,93,58,22,5,8,54,40,53,3,163,3,3,1,,9,4,0.2128146453089245,0.10663983903420524,0.32796780684104626,0.32515337423312884,0.3004032258064516,0.34096109839816935,0.2818099620617911,0.641364324204621,0.12814645308924486,5.735353218474472,0.3159851301115242,,-0.08799115777947009,43.65786534611947,-14.89096619869702,71.8311367902285,-0.08799115777947009,,-17.330182628297514,-1.583545046088136,-0.3180065965602844,,,,,,,,425.2,3.429032258064516,425.2,3.429032258064516,,,,,,,,,,,,,,,,,,,"Kyle Kubitza","12148",605323
"Alex Castellanos","BAL",79,301,276,59,33,13,2,11,35,34,17,1,101,5,2,1,,4,1,0.213768115942029,0.05647840531561462,0.33554817275747506,0.16831683168316833,0.27,0.39492753623188404,0.28458321951703486,0.664927536231884,0.18115942028985504,5.5458739358833,0.2891566265060241,,0.269101785030216,27.129482550046106,-8.329668948927262,74.60141518026477,0.269101785030216,,-8.909781881642827,-4.4114527368741765,-0.3195576118804652,,,,,,,,277.7,3.515189873417721,277.7,3.515189873417721,,,,,,,,,,,,,,,,,,,"Alex Castellanos","7223",543008
"Cody Asche","CHW",128,465,426,100,61,23,1,15,54,54,34,2,128,3,1,1,,4,2,0.2347417840375587,0.07311827956989247,0.2752688172043011,0.265625,0.2952586206896552,0.39906103286384975,0.29914518416701974,0.694319653553505,0.16431924882629106,3.588915933338961,0.2992957746478873,,-0.2348705306649208,47.49841838743139,-7.280669476431122,86.50328654173632,-0.2348705306649208,,-7.770071360808124,-11.108541491170408,-0.31974275870588376,,,,,,,,460.4,3.596875,460.4,3.596875,,,,,,,,,,,,,,,,,,,"Cody Asche","11997",605125
"Anthony García","STL",109,410,369,86,55,19,1,11,45,42,30,1,92,7,3,1,,4,3,0.23306233062330622,0.07317073170731707,0.22439024390243903,0.32608695652173914,0.30073349633251834,0.3794037940379404,0.29587999307641794,0.6801372903704588,0.14634146341463417,3.4908948908805764,0.2788104089219331,,-0.6333830275107175,40.775659492061386,-7.5241814201614785,82.90928149980546,-0.6333830275107175,,-9.263385729343721,-6.98834037234123,-0.3286956768578277,,,,,,,,387,3.55045871559633,387,3.55045871559633,,,,,,,,,,,,,,,,,,,"Anthony Garcia","sa502038",571685
"Sebastian Valle","SEA",73,268,253,50,34,11,0,5,23,24,11,0,91,0,2,2,,0,1,0.1976284584980237,0.041044776119402986,0.33955223880597013,0.12087912087912088,0.22932330827067668,0.30039525691699603,0.2300758731544466,0.5297185651876727,0.10276679841897232,1.9163257089285215,0.2830188679245283,,-0.5107037934940308,12.101227993547269,-19.47037533444231,42.455208450776446,-0.5107037934940308,,-19.027023312001205,6.730304399985975,-0.3291065917274878,,,,,,,,136.1,1.8643835616438356,136.1,1.8643835616438356,,,,,,,,,,,,,,,,,,,"Sebastian Valle","sa455750",516679
"Angel Franco","KCR",81,307,283,68,52,12,2,2,27,22,15,1,47,1,1,7,,2,3,0.24028268551236748,0.048859934853420196,0.15309446254071662,0.3191489361702128,0.28,0.31802120141342755,0.26134214712225873,0.5980212014134276,0.07773851590106007,3.589275510469082,0.28085106382978725,,-0.9795312110800296,21.782738356812857,-14.383240082339386,57.696651576517674,-0.9795312110800296,,-16.57243398417812,2.946722903089058,-0.329909495217043,,,,,,,,206.2,2.545679012345679,206.2,2.545679012345679,,,,,,,,,,,,,,,,,,,"Angel Franco","sa455631",516952
"Rangel Ravelo","OAK",104,419,379,93,61,22,2,8,48,44,28,2,77,6,4,2,,3,2,0.24538258575197888,0.06682577565632458,0.18377088305489261,0.36363636363636365,0.30455635491606714,0.37730870712401055,0.29505548778786717,0.6818650620400777,0.13192612137203166,4.010167465819518,0.28523489932885904,,-0.428139055846259,41.385668464527285,-7.9744128579638875,84.61413033221672,-0.428139055846259,,-8.168298790407551,-9.288447842746535,-0.33369227795225054,,,,,,,,394.29999999999995,3.7913461538461535,394.29999999999995,3.7913461538461535,,,,,,,,,,,,,,,,,,,"Rangel Ravelo","10839",592660
"Eric Wood","PIT",117,455,413,91,60,18,3,10,47,44,34,1,124,3,3,2,,4,5,0.22033898305084745,0.07472527472527472,0.2725274725274725,0.27419354838709675,0.282560706401766,0.35108958837772397,0.2762650397762788,0.63365029477949,0.13075060532687652,4.183741858977072,0.2872340425531915,,-1.4640654101967812,37.88663692312764,-15.714406040436762,69.67156712168118,-1.4640654101967812,,-18.45933745516016,0.717670692092597,-0.3347274526026226,,,,,,,,364.5,3.1153846153846154,364.5,3.1153846153846154,,,,,,,,,,,,,,,,,,,"Eric Wood","sa602394",607780
"Ramiro Pena","SFG",88,302,276,72,55,13,1,3,30,25,17,2,46,2,3,4,,2,3,0.2608695652173913,0.056291390728476824,0.152317880794702,0.3695652173913043,0.3053691275167785,0.34782608695652173,0.2833639713557991,0.6531952144733002,0.08695652173913043,3.0874169462640864,0.3,,-0.990750340744853,26.915778766179063,-8.661177222824119,75.43145294161012,-0.990750340744853,,-10.128792780658625,-2.767908499284326,-0.33680334218738606,,,,,,,,251.19999999999996,2.854545454545454,251.19999999999996,2.854545454545454,,,,,,,,,,,,,,,,,,,"Ramiro Pena","8841",455369
"Raffy Lopez","CIN",73,263,238,53,38,11,1,3,24,20,21,1,67,1,2,1,,1,1,0.22268907563025211,0.07984790874524715,0.25475285171102663,0.31343283582089554,0.2862595419847328,0.31512605042016806,0.26509627163181815,0.6013855924049009,0.09243697478991594,3.1649330753513016,0.29411764705882354,,-0.34211735357530415,19.475492479676053,-11.50708839816447,58.42466065192503,-0.34211735357530415,,-13.80872804375771,2.1300567194407716,-0.3390670679949175,,,,,,,,189.69999999999996,2.598630136986301,189.69999999999996,2.598630136986301,,,,,,,,,,,,,,,,,,,"Raffy Lopez","12606",607257
"Ryan Jackson","MIA",86,317,279,61,50,9,1,1,25,18,31,1,71,0,2,5,,3,2,0.21863799283154123,0.09779179810725552,0.22397476340694006,0.43661971830985913,0.2948717948717949,0.26881720430107525,0.25531585538502294,0.5636889991728702,0.050179211469534024,3.296242579121348,0.28708133971291866,,-0.3989693187177181,20.91594033160225,-16.42808300784811,58.658287464263594,-0.3989693187177181,,-16.53937621570214,3.0968280911340496,-0.3438454712086392,,,,,,,,196.89999999999995,2.2895348837209295,196.89999999999995,2.2895348837209295,,,,,,,,,,,,,,,,,,,"Ryan Jackson","6596",474249
"Christopher Bostick","PIT",136,560,516,121,82,23,6,10,56,53,31,1,146,6,4,3,,14,9,0.23449612403100775,0.055357142857142855,0.26071428571428573,0.21232876712328766,0.2836624775583483,0.36046511627906974,0.2791483155686221,0.644127593837418,0.125968992248062,5.855155535089061,0.30494505494505497,,-1.1523560569621623,47.962040325900645,-18.008474090793992,71.60334912546485,-1.1523560569621623,,-20.737280614865835,-0.44377681159188276,-0.3450036467248766,,,,,,,,468.8999999999999,3.4477941176470583,468.8999999999999,3.4477941176470583,,,,,,,,,,,,,,,,,,,"Christopher Bostick","13718",607471
"DJ Stewart","BAL",123,509,448,99,67,19,3,10,52,45,53,2,139,5,2,1,,17,10,0.22098214285714285,0.10412573673870335,0.2730844793713163,0.381294964028777,0.3090551181102362,0.34375,0.2888059903510474,0.6528051181102362,0.12276785714285715,5.134576725361827,0.2956810631229236,,-0.9733068041969091,47.65035922889263,-12.312126196281605,77.50358182481737,-0.9733068041969091,,-14.721480479988822,-5.9006701856588775,-0.3456183422628547,,,,,,,,450.9,3.665853658536585,450.9,3.665853658536585,,,,,,,,,,,,,,,,,,,"DJ Stewart","17766",621466
"Bryson Myles","CLE",83,325,293,62,38,13,2,9,33,32,23,0,106,6,2,1,,10,5,0.21160409556313994,0.07076923076923076,0.3261538461538461,0.2169811320754717,0.2808641975308642,0.36177474402730375,0.280889904241503,0.6426389415581679,0.1501706484641638,5.712827395194431,0.29444444444444445,,-0.19899444025941193,28.302167270650017,-9.984291989038837,68.54175024989722,-0.19899444025941193,,-12.474284642291394,-1.9471714860337546,-0.34892990869252893,,,,,,,,279.9,3.372289156626506,279.9,3.372289156626506,,,,,,,,,,,,,,,,,,,"Bryson Myles","sa597971",592582
"Tyler Marlette","SEA",96,394,372,81,56,16,1,8,38,38,20,0,112,1,1,0,,4,3,0.21774193548387097,0.050761421319796954,0.28426395939086296,0.17857142857142858,0.25888324873096447,0.33064516129032256,0.25707155677872867,0.589528410021287,0.1129032258064516,3.799032015864852,0.2885375494071146,,-0.601969464449212,26.567270521692983,-19.847698550052886,61.00842283083326,-0.601969464449212,,-19.047063568687012,2.2788593061246436,-0.34988555433912083,,,,,,,,271.1,2.8239583333333336,271.1,2.8239583333333336,,,,,,,,,,,,,,,,,,,"Tyler Marlette","sa597836",596028
"Wes Rogers","COL",114,500,449,111,84,17,5,5,46,37,37,0,104,6,2,6,,35,9,0.24721603563474387,0.074,0.208,0.3557692307692308,0.3117408906882591,0.34075723830734966,0.2888714901590154,0.6524981289956088,0.0935412026726058,6.833152309247849,0.30994152046783624,,3.0274495722260326,46.83484243890612,-12.067402575999806,61.18251169969189,3.0274495722260326,,-20.876198659787264,1.5471546232770428,-0.35072378835985785,,,,,,,,467.69999999999993,4.102631578947368,467.69999999999993,4.102631578947368,,,,,,,,,,,,,,,,,,,"Wes Rogers","sa658668",623319
"Chris Dickerson","BAL",44,166,150,32,21,6,1,4,18,16,13,0,52,2,1,0,,4,1,0.21333333333333335,0.0783132530120482,0.3132530120481928,0.25,0.28313253012048195,0.3466666666666667,0.27679332839437276,0.6297991967871486,0.13333333333333333,5.860225957883559,0.29473684210526313,,0.30949065182358027,13.894740670634537,-5.660804674314233,69.24768819162679,0.30949065182358027,,-5.819651707360419,-3.285324763438759,-0.3560590593300654,,,,,,,,139.69999999999996,3.174999999999999,139.69999999999996,3.174999999999999,,,,,,,,,,,,,,,,,,,"Chris Dickerson","7095",447736
"Ryan Lollis","SFG",110,425,388,95,74,14,3,4,42,33,29,1,61,2,3,3,,5,2,0.24484536082474226,0.06823529411764706,0.14352941176470588,0.47540983606557374,0.2985781990521327,0.327319587628866,0.2753908687985708,0.6258977866809987,0.08247422680412372,4.514309396726542,0.2791411042944785,,-0.05282113514840603,35.082050898595085,-14.984857364074958,70.08950956065534,-0.05282113514840603,,-15.708763655723704,-1.3166142994344128,-0.3590347641148799,,,,,,,,336.19999999999993,3.0563636363636357,336.19999999999993,3.0563636363636357,,,,,,,,,,,,,,,,,,,"Ryan Lollis","6623",489067
"Cameron Perkins","PHI",118,457,429,105,73,21,3,8,50,48,20,1,83,4,2,2,,6,3,0.24475524475524477,0.0437636761487965,0.18161925601750548,0.24096385542168675,0.2835164835164835,0.36363636363636365,0.2798250742945902,0.6471528471528472,0.11888111888111888,4.870061794698708,0.2852941176470588,,-0.24460215121507645,39.395655513011356,-14.44099643061266,70.69857698829546,-0.24460215121507645,,-16.73653911779032,-1.3278706921751817,-0.3612294427529775,,,,,,,,387.2,3.2813559322033896,387.2,3.2813559322033896,,,,,,,,,,,,,,,,,,,"Cameron Perkins","13444",573088
"Jon Berti","TOR",106,463,423,97,74,14,4,5,43,34,29,0,101,7,2,2,,24,10,0.2293144208037825,0.06263498920086392,0.21814254859611232,0.2871287128712871,0.2885032537960954,0.31678486997635935,0.2685872030620203,0.6052881237724548,0.08747044917257685,6.22906695841098,0.2884012539184953,,0.4558629537932575,35.61946164939954,-18.92401723440335,64.28635031742316,0.4558629537932575,,-19.397271162993917,0.17641512482815225,-0.36167165855378125,,,,,,,,356.19999999999993,3.3603773584905654,356.19999999999993,3.3603773584905654,,,,,,,,,,,,,,,,,,,"Jon Berti","12037",542932
"Josh Hamilton","TEX",67,273,249,61,38,13,1,9,29,33,18,2,77,2,4,0,,1,1,0.24497991967871485,0.06593406593406594,0.28205128205128205,0.23376623376623376,0.2967032967032967,0.41365461847389556,0.3015541696020598,0.7103579151771923,0.1686746987951807,3.1162680095580804,0.31137724550898205,,-0.3353858757764101,28.428837829643754,-3.7317879484948837,79.28782578926763,-0.3353858757764101,,-7.124329284390541,-5.6617391462679265,-0.3618292472646378,,,,,,,,279.69999999999993,4.174626865671641,279.69999999999993,4.174626865671641,,,,,,,,,,,,,,,,,,,"Josh Hamilton","1875",285078
"Chace Numata","PHI",74,276,254,58,46,10,0,2,26,19,16,0,44,3,2,1,,2,1,0.2283464566929134,0.057971014492753624,0.15942028985507245,0.36363636363636365,0.28,0.29133858267716534,0.25480408538471566,0.5713385826771653,0.06299212598425194,2.96098467873367,0.26666666666666666,,-0.15558030619286,18.09417130662443,-14.419867941603645,53.93462529788711,-0.15558030619286,,-15.814090672141521,3.484926691551477,-0.3633150271562472,,,,,,,,176.59999999999997,2.386486486486486,176.59999999999997,2.386486486486486,,,,,,,,,,,,,,,,,,,"Chace Numata","sa549139",592600
"Daniel Castro","COL",133,477,448,121,95,19,2,5,51,47,17,1,56,1,4,7,,4,4,0.2700892857142857,0.03563941299790356,0.11740041928721175,0.30357142857142855,0.2957446808510638,0.3549107142857143,0.2815233851546672,0.6506553951367782,0.0848214285714286,3.5946417996377598,0.2966751918158568,,-1.090234998613596,41.788212414584876,-14.404529329635379,56.25931390952272,-1.090234998613596,,-26.786542684085845,8.062866479631454,-0.36361064509605967,,,,,,,,393.49999999999994,2.958646616541353,393.49999999999994,2.958646616541353,,,,,,,,,,,,,,,,,,,"Daniel Castro","15450",593495
"Drew Maggi","LAD",111,400,363,80,61,15,1,3,38,27,24,1,87,7,1,5,,15,9,0.22038567493112948,0.06,0.2175,0.27586206896551724,0.2810126582278481,0.29201101928374656,0.25573589142203934,0.5730236775115947,0.07162534435261708,4.903704046528387,0.28102189781021897,,-0.8917727537918836,26.530992670286647,-20.590803341638093,58.143279904133436,-0.8917727537918836,,-21.511928402749618,5.228341074006688,-0.3644740631024772,,,,,,,,258.7,2.3306306306306306,258.7,2.3306306306306306,,,,,,,,,,,,,,,,,,,"Drew Maggi","11381",543482
"Chad Hinshaw","LAA",76,327,292,54,37,10,2,5,32,25,21,0,115,11,1,2,,14,6,0.18493150684931506,0.06422018348623854,0.3516819571865443,0.1826086956521739,0.26461538461538464,0.2842465753424658,0.24790185378148005,0.5488619599578504,0.09931506849315072,6.6655243585589306,0.2832369942196532,,0.18678629328496754,19.575246610302745,-18.946821629445733,53.10233410976489,0.18678629328496754,,-18.22571676983844,3.5627092259691295,-0.36670399133653386,,,,,,,,203.59999999999997,2.6789473684210523,203.59999999999997,2.6789473684210523,,,,,,,,,,,,,,,,,,,"Chad Hinshaw","sa738144",643364
"Malquin Canelo","PHI",132,547,512,116,85,20,5,6,56,49,26,0,131,2,4,3,,11,9,0.2265625,0.04753199268738574,0.23948811700182815,0.1984732824427481,0.2647058823529412,0.3203125,0.2552231967668323,0.5850183823529411,0.09375,5.541914606733974,0.29023746701846964,,-1.7411369362380356,36.04972104957891,-28.38933499672817,54.215428066635006,-1.7411369362380356,,-32.58531760730216,11.563571406840438,-0.3709873893388135,,,,,,,,360.1999999999999,2.7287878787878777,360.1999999999999,2.7287878787878777,,,,,,,,,,,,,,,,,,,"Malquin Canelo","sa657479",622541
"L.J. Mazzilli","NYM",113,461,423,96,69,18,3,6,47,40,32,0,97,2,3,1,,5,3,0.22695035460992907,0.06941431670281996,0.210412147505423,0.32989690721649484,0.2826086956521739,0.3262411347517731,0.2680594106083331,0.6088498304039469,0.099290780141844,4.460709893292086,0.2786377708978328,,-0.46030893572606146,35.26482605025562,-19.043043853487646,68.051003247924,-0.46030893572606146,,-18.599791919817974,0.291886526090408,-0.3731230182789932,,,,,,,,343.3999999999999,3.038938053097344,343.3999999999999,3.038938053097344,,,,,,,,,,,,,,,,,,,"L.J. Mazzilli","sa577753",608687
"Taylor Sparks","CIN",116,461,425,84,48,16,3,17,50,55,24,0,189,7,4,1,,7,4,0.1976470588235294,0.052060737527114966,0.40997830802603036,0.12698412698412698,0.25,0.36941176470588233,0.2665603243786356,0.6194117647058823,0.17176470588235293,5.628083713940741,0.3004484304932735,,-0.4161887338850647,34.69457482851576,-19.6132950752275,59.4055695044193,-0.4161887338850647,,-23.464235811471003,5.092316466314102,-0.37966953962415195,,,,,,,,363.8,3.136206896551724,363.8,3.136206896551724,,,,,,,,,,,,,,,,,,,"Taylor Sparks","sa599278",607221
"Jose Vinicio","CHW",80,284,269,66,53,8,3,2,22,17,7,0,51,1,1,6,,7,6,0.24535315985130113,0.02464788732394366,0.1795774647887324,0.13725490196078433,0.26618705035971224,0.31970260223048325,0.25462813771885934,0.5858896525901955,0.07434944237918212,5.128683984087254,0.29493087557603687,,-1.1952631201129407,18.577407457894232,-14.879067710572336,55.90823594717549,-1.1952631201129407,,-16.229786539189,2.8849337700883617,-0.3808667583177345,,,,,,,,180.2,2.2525,180.2,2.2525,,,,,,,,,,,,,,,,,,,"Jose Vinicio","sa549538",596145
"Rico Noel","LAD",82,241,217,46,36,8,2,0,23,15,15,1,64,4,1,4,,18,6,0.2119815668202765,0.06224066390041494,0.26556016597510373,0.234375,0.2742616033755274,0.2672811059907834,0.2425896914328559,0.5415427093663108,0.05529953917050692,7.513000458141757,0.2987012987012987,,1.0204436942003667,13.370619841447352,-15.020262255737306,49.33538416808022,1.0204436942003667,,-14.017503326697023,2.608238564947645,-0.38305970729514377,,,,,,,,149.59999999999997,1.8243902439024386,149.59999999999997,1.8243902439024386,,,,,,,,,,,,,,,,,,,"Rico Noel","10585",592596
"Kody Eaves","DET",123,474,433,90,56,19,4,11,48,49,32,0,146,3,3,3,,8,7,0.20785219399538107,0.06751054852320675,0.3080168776371308,0.2191780821917808,0.2653927813163482,0.3464203233256351,0.26644028903572425,0.6118131046419832,0.13856812933025403,5.20841070908425,0.2831541218637993,,-1.472309521632269,35.62599780658945,-20.213330467541372,62.31272208500446,-1.472309521632269,,-22.92031752744936,3.11175251784989,-0.3836672080196284,,,,,,,,352.8999999999999,2.8691056910569097,352.8999999999999,2.8691056910569097,,,,,,,,,,,,,,,,,,,"Kody Eaves","sa658290",623238
"Jhoan Urena","NYM",110,403,375,82,54,17,3,8,42,42,26,0,97,1,1,0,,1,1,0.21866666666666668,0.06451612903225806,0.24069478908188585,0.26804123711340205,0.2704714640198511,0.344,0.2681226638647226,0.6144714640198511,0.1253333333333333,3.8141328770178458,0.2730627306273063,,-0.39148152410052717,30.849070885673775,-16.626138596340404,68.09338264940146,-0.39148152410052717,,-16.227739360426874,-0.37261343724162765,-0.3871127405859342,,,,,,,,305.9,2.7809090909090908,305.9,2.7809090909090908,,,,,,,,,,,,,,,,,,,"Jhoan Urena","sa657511",622561
"Zane Evans","KCR",82,323,308,68,46,14,1,7,28,29,11,0,90,2,2,0,,1,1,0.22077922077922077,0.034055727554179564,0.2786377708978328,0.12222222222222222,0.25077399380804954,0.3409090909090909,0.2554435137624711,0.5916830847171404,0.12012987012987011,2.8835924610044392,0.2863849765258216,,-0.34211735357530415,21.34585004158144,-16.70500023804779,53.642721666957726,-0.34211735357530415,,-18.31982459199789,3.5897294017302857,-0.3874222121150883,,,,,,,,222.99999999999994,2.7195121951219505,222.99999999999994,2.7195121951219505,,,,,,,,,,,,,,,,,,,"Zane Evans","sa708968",641558
"Eric Young Jr.","LAA",115,362,325,69,54,10,3,2,42,23,26,2,77,3,2,6,,20,6,0.2123076923076923,0.0718232044198895,0.212707182320442,0.33766233766233766,0.2752808988764045,0.28,0.24669869505079453,0.5552808988764045,0.06769230769230772,7.207338994470103,0.2701612903225806,,1.3598603999707848,21.31106302244277,-21.334162368349123,52.27544407155273,1.3598603999707848,,-19.382793341440472,3.307850238927878,-0.38984663651993845,,,,,,,,234.49999999999994,2.0391304347826082,234.49999999999994,2.0391304347826082,,,,,,,,,,,,,,,,,,,"Eric Young Jr.","7158",458913
"Argenis Diaz","DET",108,373,349,80,63,14,1,2,31,26,18,0,74,1,1,4,,2,3,0.22922636103151864,0.04825737265415549,0.19839142091152814,0.24324324324324326,0.2682926829268293,0.2922636103151863,0.2479174968996022,0.5605562932420156,0.06303724928366763,2.716825959725604,0.2846715328467153,,-1.0131886000744998,22.333765744267854,-21.60730903685197,49.5826375944013,-1.0131886000744998,,-23.592089876962003,7.133707135372622,-0.39095215319485443,,,,,,,,216.5,2.0046296296296298,216.5,2.0046296296296298,,,,,,,,,,,,,,,,,,,"Argenis Diaz","6403",469810
"Rafael Bautista","WSN",119,510,471,119,99,13,4,3,52,33,27,0,95,5,2,5,,40,9,0.2526539278131635,0.052941176470588235,0.18627450980392157,0.28421052631578947,0.299009900990099,0.31634819532908703,0.27264450469819623,0.615358096319186,0.06369426751592355,7.115486954406043,0.30933333333333335,,4.018474283395335,40.94270290395073,-19.137587011253313,63.499729045778416,4.018474283395335,,-18.907775429703147,-1.1472323777604145,-0.39244596901666906,,,,,,,,430.9,3.6210084033613446,430.9,3.6210084033613446,,,,,,,,,,,,,,,,,,,"Rafael Bautista","15769",622441
"Rickie Weeks Jr.","TBR",84,197,174,37,22,8,1,6,22,21,18,0,58,4,1,0,,3,1,0.21264367816091953,0.09137055837563451,0.29441624365482233,0.3103448275862069,0.29949238578680204,0.3735632183908046,0.29560701375080245,0.6730556041776066,0.16091954022988506,4.958736531968209,0.27927927927927926,,0.09154004137963057,19.54783249976758,-3.659652036105356,85.28905944704101,0.09154004137963057,,-3.387989418071768,-7.143846848233878,-0.3945853245318319,,,,,,,,187.39999999999998,2.2309523809523806,187.39999999999998,2.2309523809523806,,,,,,,,,,,,,,,,,,,"Rickie Weeks Jr.","1849",430001
"Mel Rojas Jr.","ATL",117,442,401,89,57,18,5,9,45,41,34,2,123,1,3,3,,8,4,0.22194513715710723,0.07692307692307693,0.27828054298642535,0.2764227642276423,0.2824601366742597,0.35910224438902744,0.27740893197550653,0.6415623810632871,0.1371571072319202,5.621120072184838,0.29411764705882354,,-0.240870816167444,37.221363265610485,-14.848221327566353,68.88246613535316,-0.240870816167444,,-17.180121459920702,-0.7335942476935271,-0.39459843980866366,,,,,,,,371.7,3.1769230769230767,371.7,3.1769230769230767,,,,,,,,,,,,,,,,,,,"Mel Rojas Jr.","sa548194",592692
"Ryan Raburn","COL",86,216,192,47,28,10,1,8,23,31,20,1,56,2,2,0,,0,0,0.24479166666666666,0.09259259259259259,0.25925925925925924,0.35714285714285715,0.3194444444444444,0.4322916666666667,0.32217514930769453,0.7517361111111112,0.18750000000000003,2.1068401937046,0.3,,-0.10994747071526945,26.168522034451048,0.7227521880116865,83.49581574587809,-0.10994747071526945,,-4.5004534061014105,-6.233502410707019,-0.3952978952298417,,,,,,,,247.1,2.8732558139534885,247.1,2.8732558139534885,,,,,,,,,,,,,,,,,,,"Ryan Raburn","2218",430605
"Caleb Gindl","CHW",110,414,377,84,57,17,2,8,38,33,32,1,100,2,2,1,,2,2,0.22281167108753316,0.07729468599033816,0.24154589371980675,0.32,0.2857142857142857,0.3421750663129973,0.2749843125783124,0.627889352027283,0.11936339522546416,3.172895715580951,0.28044280442804426,,-0.6214075810275972,34.03515850269304,-14.735900369649075,69.89834197233453,-0.6214075810275972,,-15.58392296236872,-2.332182172744993,-0.397991242991922,,,,,,,,329.5,2.9954545454545456,329.5,2.9954545454545456,,,,,,,,,,,,,,,,,,,"Caleb Gindl","5002",518725
"Jack Reinheimer","ARI",132,572,527,126,93,24,5,4,54,43,35,0,117,4,3,3,,17,8,0.23908918406072105,0.06118881118881119,0.20454545454545456,0.29914529914529914,0.28998242530755713,0.32637571157495254,0.2714673798197393,0.6163581368825097,0.0872865275142315,5.578938657167771,0.2982885085574572,,-0.17403798457235098,45.36445747812322,-22.019710818929163,59.48111897903608,-0.17403798457235098,,-28.71839246309319,6.543034639597149,-0.40766383050713795,,,,,,,,441.2,3.3424242424242423,441.2,3.3424242424242423,,,,,,,,,,,,,,,,,,,"Jack Reinheimer","14938",595373
"Yusniel Díaz","LAD",97,414,387,88,61,10,6,11,44,50,25,0,108,1,1,0,,5,10,0.22739018087855298,0.06038647342995169,0.2608695652173913,0.23148148148148148,0.2753623188405797,0.3695090439276486,0.27915416794698594,0.6448713627682283,0.14211886304909563,5.388610733501835,0.2862453531598513,,-3.2925291063729674,35.45965051080535,-13.311408361536754,73.83342139897643,-3.2925291063729674,,-16.634317105985552,-0.543535867065349,-0.4103999763805525,,,,,,,,331.9,3.4216494845360823,331.9,3.4216494845360823,,,,,,,,,,,,,,,,,,,"Yusniel Diaz","18905",666783
"Hunter Dozier","KCR",127,525,483,107,65,29,0,13,55,51,37,1,152,2,3,0,,5,2,0.22153209109730848,0.07047619047619047,0.2895238095238095,0.24342105263157895,0.2780952380952381,0.36231884057971014,0.2778889346896237,0.6404140786749483,0.14078674948240166,3.219180184361434,0.29283489096573206,,-0.050577309215441346,44.41883702486578,-17.428520240785442,69.06869539327232,-0.050577309215441346,,-19.5477389592788,-2.2585978037045327,-0.41129217727955303,,,,,,,,443.3999999999999,3.4913385826771646,443.3999999999999,3.4913385826771646,,,,,,,,,,,,,,,,,,,"Hunter Dozier","15117",641531
"Nick Gordon","MIN",122,518,493,116,85,22,4,5,48,43,18,1,124,6,0,1,,13,15,0.23529411764705882,0.03474903474903475,0.23938223938223938,0.14516129032258066,0.27079303675048355,0.3265720081135903,0.26048371935075565,0.5973650448640738,0.09127789046653145,5.110159417191839,0.30494505494505497,,-3.7883075596764684,36.38701568912095,-24.635710146321593,56.415763839134016,-3.7883075596764684,,-30.894782909235595,9.323146587536659,-0.4115404258666925,,,,,,,,344.8999999999999,2.8270491803278683,344.8999999999999,2.8270491803278683,,,,,,,,,,,,,,,,,,,"Nick Gordon","16337",624503
"Danny Hayes","CHW",91,378,331,68,43,14,2,9,41,38,42,1,115,1,2,2,,0,1,0.2054380664652568,0.1111111111111111,0.30423280423280424,0.3652173913043478,0.29521276595744683,0.3413897280966767,0.28125090662638347,0.6366024940541235,0.13595166163141992,2.9925738373352946,0.2822966507177033,,-0.6004568308126181,33.03019818674549,-11.499899044523394,74.20515873699954,-0.6004568308126181,,-12.307265233837446,-4.542774465348986,-0.4136840735583123,,,,,,,,312.59999999999997,3.435164835164835,312.59999999999997,3.435164835164835,,,,,,,,,,,,,,,,,,,"Danny Hayes","sa621374",643356
"Nate Freiman","BOS",94,359,325,77,48,17,2,10,33,41,25,0,84,4,5,0,,0,1,0.23692307692307693,0.06963788300835655,0.233983286908078,0.2976190476190476,0.29526462395543174,0.39384615384615385,0.29725658279275496,0.6891107778015856,0.15692307692307692,2.6055040971290375,0.2838983050847458,,-0.5825062233489007,36.11135627854691,-6.180455642155547,79.1527257918458,-0.5825062233489007,,-9.56832340462989,-6.643745068903094,-0.414263072086824,,,,,,,,345.09999999999997,3.6712765957446805,345.09999999999997,3.6712765957446805,,,,,,,,,,,,,,,,,,,"Nate Freiman","6582",474384
"Maxx Tissenbaum","COL",56,229,210,55,43,9,1,2,24,18,12,1,29,4,2,1,,1,0,0.2619047619047619,0.05240174672489083,0.12663755458515283,0.41379310344827586,0.31140350877192985,0.34285714285714286,0.2864793785868237,0.6542606516290728,0.08095238095238094,3.6429727409946673,0.292817679558011,,0.06985809886828065,20.998339973190404,-5.978888243636511,59.579807546841145,0.06985809886828065,,-11.330030655222409,-0.010676017864390985,-0.4150725072387573,,,,,,,,198.5,3.544642857142857,198.5,3.544642857142857,,,,,,,,,,,,,,,,,,,"Maxx Tissenbaum","sa503525",573209
"Wynton Bernard","SFG",114,483,443,110,83,18,4,5,49,35,29,0,91,3,2,6,,21,9,0.24830699774266365,0.060041407867494824,0.18840579710144928,0.31868131868131866,0.2976939203354298,0.34085778781038373,0.2805224939462274,0.6385517081458135,0.09255079006772007,6.0610222707994295,0.3008595988538682,,0.25437544169835746,41.914942358574635,-14.98462632582449,73.52767566905605,0.25437544169835746,,-15.492919426690047,-3.977794095321938,-0.4204959686537001,,,,,,,,405.7,3.5587719298245615,405.7,3.5587719298245615,,,,,,,,,,,,,,,,,,,"Wynton Bernard","13408",592144
"A.J. Pierzynski","ATL",85,300,283,72,52,16,0,4,23,31,10,1,33,4,3,0,,1,1,0.254416961130742,0.03333333333333333,0.11,0.30303030303030304,0.2866666666666667,0.35335689045936397,0.2766224355203252,0.6400235571260307,0.09893992932862195,1.8116106774016516,0.27309236947791166,,-0.35558030917309225,25.06867287606069,-10.272674132882868,68.35551699569972,-0.35558030917309225,,-12.047505109151144,-1.613116061666445,-0.4214312222962374,,,,,,,,245.29999999999998,2.8858823529411763,245.29999999999998,2.8858823529411763,,,,,,,,,,,,,,,,,,,"A.J. Pierzynski","746",150229
"Jordany Valdespin","DET",96,315,287,70,53,10,2,5,31,28,20,1,50,3,2,3,,8,5,0.24390243902439024,0.06349206349206349,0.15873015873015872,0.4,0.2980769230769231,0.34494773519163763,0.2812696844818508,0.6430246582685607,0.10104529616724739,4.914964379201245,0.2777777777777778,,-0.6169450536835939,27.530046003024914,-9.578368356365822,72.50446075952159,-0.6169450536835939,,-11.015826963966823,-3.8275126174644187,-0.4267181110052638,,,,,,,,262.59999999999997,2.735416666666666,262.59999999999997,2.735416666666666,,,,,,,,,,,,,,,,,,,"Jordany Valdespin","5098",518170
"Rodrigo Vigil","MIA",73,272,260,65,56,9,0,0,24,18,6,0,39,2,2,2,,0,0,0.25,0.022058823529411766,0.14338235294117646,0.15384615384615385,0.27037037037037037,0.2846153846153846,0.24428554994088633,0.554985754985755,0.0346153846153846,1.6305331991951706,0.2914798206278027,,-0.14360485970973969,15.471117009272342,-16.571704278836485,51.26803169691545,-0.14360485970973969,,-16.468470330486532,3.6322806034278754,-0.4281750935886718,,,,,,,,154.1,2.110958904109589,154.1,2.110958904109589,,,,,,,,,,,,,,,,,,,"Rodrigo Vigil","sa547818",593347
"Chase d'Arnaud","ATL",111,411,381,88,63,16,5,4,42,31,22,1,80,5,2,1,,17,7,0.23097112860892388,0.0535279805352798,0.19464720194647203,0.275,0.2804878048780488,0.33070866141732286,0.2670599003584286,0.6111964662953717,0.09973753280839898,6.822046376271336,0.2809364548494983,,0.3321781570557505,31.10103253732904,-17.316612864923634,61.94866081310487,0.3321781570557505,,-18.928808121788286,1.6639932362490857,-0.42904932847559496,,,,,,,,317.99999999999994,2.8648648648648645,317.99999999999994,2.8648648648648645,,,,,,,,,,,,,,,,,,,"Chase d'Arnaud","6652",488818
"Logan Schafer","BAL",111,344,310,71,51,13,3,4,34,26,24,1,63,3,1,6,,4,2,0.22903225806451613,0.06976744186046512,0.18313953488372092,0.38095238095238093,0.28994082840236685,0.32903225806451614,0.2722876553011931,0.618973086466883,0.1,4.801783849332649,0.27459016393442626,,-0.19223783793859184,27.514960887322122,-13.009783682933158,66.15109245477998,-0.19223783793859184,,-14.172552626866928,-1.7718871442939443,-0.43885856592418515,,,,,,,,262.99999999999994,2.3693693693693687,262.99999999999994,2.3693693693693687,,,,,,,,,,,,,,,,,,,"Logan Schafer","7937",502582
"Nick Noonan","MIL",106,383,356,78,55,18,0,5,34,30,19,0,100,1,3,4,,2,2,0.21910112359550563,0.04960835509138381,0.26109660574412535,0.19,0.25857519788918204,0.31179775280898875,0.2495716659248976,0.5703729506981707,0.09269662921348312,2.4870018163221004,0.2874015748031496,,-0.587750192033127,23.455304267548616,-21.663815413869326,48.5350177508745,-0.587750192033127,,-24.863762848579665,8.39150147799672,-0.4390532631868067,,,,,,,,238.19999999999996,2.2471698113207546,238.19999999999996,2.2471698113207546,,,,,,,,,,,,,,,,,,,"Nick Noonan","6880",519082
"Irving Falu","WSN",102,410,377,96,75,14,3,4,38,34,23,1,43,0,3,7,,9,7,0.2546419098143236,0.05609756097560976,0.1048780487804878,0.5348837209302325,0.29528535980148884,0.3395225464190981,0.27669780986819104,0.6348079062205869,0.08488063660477452,4.574281262871983,0.27627627627627627,,-1.2857724742498249,34.28601994536151,-14.01382096686135,66.21542554766444,-1.2857724742498249,,-18.34538110337886,0.9991104548149847,-0.4406315764449667,,,,,,,,322.39999999999986,3.1607843137254887,322.39999999999986,3.1607843137254887,,,,,,,,,,,,,,,,,,,"Irving Falu","6165",458252
"David Thompson","NYM",103,418,387,89,57,21,2,9,46,47,18,0,104,6,6,1,,4,0,0.22997416020671835,0.0430622009569378,0.24880382775119617,0.17307692307692307,0.2709832134292566,0.3643410852713178,0.2738178752595,0.6353242987005744,0.13436692506459946,4.989821696258157,0.2857142857142857,,0.6182501113507897,33.9616762141809,-15.28060061828046,71.90914904587004,0.6182501113507897,,-13.843069718627248,-3.760878797000748,-0.44096752064801215,,,,,,,,347.90000000000003,3.3776699029126216,347.90000000000003,3.3776699029126216,,,,,,,,,,,,,,,,,,,"David Thompson","sa659290",621420
"Daniel Nava","PHI",89,305,267,65,48,12,0,5,30,26,26,1,60,8,3,1,,2,1,0.24344569288389514,0.08524590163934426,0.19672131147540983,0.43333333333333335,0.3256578947368421,0.3445692883895131,0.29761188474818817,0.6702271831263552,0.10112359550561797,2.5983768230579707,0.2926829268292683,,-0.19148152112029493,30.768984826059754,-5.161384633032866,82.61566117088313,-0.19148152112029493,,-6.7216557897518205,-7.296642889631698,-0.44174984936634454,,,,,,,,281.8,3.166292134831461,281.8,3.166292134831461,,,,,,,,,,,,,,,,,,,"Daniel Nava","5450",537953
"Erik Kratz","CLE",59,188,174,32,20,8,0,4,16,15,10,0,60,2,1,1,,0,0,0.1839080459770115,0.05319148936170213,0.3191489361702128,0.16666666666666666,0.23529411764705882,0.2988505747126437,0.23482466827739368,0.5341446923597025,0.11494252873563221,1.4915413533834583,0.25225225225225223,,-0.07180242985486984,9.225602974077875,-12.921641151526755,36.88268170379541,-0.07180242985486984,,-14.318697932282275,3.6200606718195107,-0.44282264242927355,,,,,,,,101.99999999999999,1.7288135593220337,101.99999999999999,1.7288135593220337,,,,,,,,,,,,,,,,,,,"Erik Kratz","4403",456124
"Jared Walsh","LAA",105,417,391,95,63,24,1,7,42,40,20,1,98,1,3,2,,1,0,0.24296675191815856,0.047961630695443645,0.23501199040767387,0.20408163265306123,0.27951807228915665,0.3631713554987212,0.2769713957528561,0.6426894277878779,0.12020460358056265,2.922486702361047,0.3044982698961938,,0.013762450544163585,34.96552976728475,-14.158942575146797,73.08084073442693,0.013762450544163585,,-13.463801402411777,-5.0408948043877055,-0.447791725403505,,,,,,,,346.99999999999994,3.304761904761904,346.99999999999994,3.304761904761904,,,,,,,,,,,,,,,,,,,"Jared Walsh","18607",665120
"Hernan Iribarren","CIN",106,381,350,86,69,12,3,2,36,25,25,3,70,1,2,3,,3,3,0.24571428571428572,0.06561679790026247,0.1837270341207349,0.35714285714285715,0.2962962962962963,0.3142857142857143,0.2671177255312602,0.6105820105820106,0.06857142857142856,4.074860317660161,0.3,,-0.8356268564239144,28.849063621053784,-16.034447080304535,59.77902580658365,-0.8356268564239144,,-19.708773530868502,3.1920518235975264,-0.45010409917801114,,,,,,,,277.59999999999997,2.6188679245283017,277.59999999999997,2.6188679245283017,,,,,,,,,,,,,,,,,,,"Hernan Iribarren","4177",454975
"Tyler Ladendorf","OAK",68,211,196,42,32,7,1,2,21,14,12,0,45,1,1,1,,1,1,0.21428571428571427,0.05687203791469194,0.2132701421800948,0.26666666666666666,0.2619047619047619,0.29081632653061223,0.24481747093654815,0.5527210884353742,0.07653061224489796,3.7230360406198915,0.26666666666666666,,-0.3107037905137986,12.094103718735091,-12.76264367755521,50.087251530264645,-0.3107037905137986,,-12.955382291367464,1.3998492595940601,-0.4507750613410537,,,,,,,,122.1,1.7955882352941175,122.1,1.7955882352941175,,,,,,,,,,,,,,,,,,,"Tyler Ladendorf","3211",502285
"Ryan Strausborger","MIN",100,375,347,79,58,13,1,7,36,29,19,0,84,3,3,3,,15,4,0.2276657060518732,0.050666666666666665,0.224,0.2261904761904762,0.271505376344086,0.3314121037463977,0.2635846517739757,0.6029174800904837,0.10374639769452448,5.500464754261732,0.277992277992278,,1.1815674640238285,27.301489679012544,-16.875194082166907,58.54692913306724,1.1815674640238285,,-17.482307991143223,0.36316200791212605,-0.451597814712102,,,,,,,,287.9,2.8789999999999996,287.9,2.8789999999999996,,,,,,,,,,,,,,,,,,,"Ryan Strausborger","10937",595005
"Erich Weiss","PIT",121,498,452,102,76,18,4,4,47,41,35,2,123,4,3,4,,7,5,0.22566371681415928,0.07028112449799197,0.2469879518072289,0.2845528455284553,0.28542510121457493,0.30973451327433627,0.26245660352997663,0.5951596144889111,0.08407079646017698,4.73418874912421,0.29878048780487804,,-0.902210442116484,35.79282923798648,-22.873806796859824,60.41997602802387,-0.902210442116484,,-25.17793211865599,4.906175997311896,-0.45363622813058235,,,,,,,,348.09999999999997,2.876859504132231,348.09999999999997,2.876859504132231,,,,,,,,,,,,,,,,,,,"Erich Weiss","sa737930",608382
"Nate Schierholtz","DET",67,241,226,51,34,9,1,7,24,27,11,0,59,2,2,0,,2,2,0.22566371681415928,0.04564315352697095,0.24481327800829875,0.1864406779661017,0.26556016597510373,0.3672566371681416,0.2728494086700851,0.6328168031432453,0.14159292035398233,3.724193812335576,0.2716049382716049,,-0.5249230659101158,19.388182099171672,-9.002699998012988,66.71749183333458,-0.5249230659101158,,-10.155381052793247,-2.452165579853655,-0.454431232647571,,,,,,,,194.39999999999998,2.9014925373134326,194.39999999999998,2.9014925373134326,,,,,,,,,,,,,,,,,,,"Nate Schierholtz","6201",435625
"Miguel Olivo","SFG",66,253,239,49,29,9,3,8,26,25,10,0,91,2,1,1,,1,0,0.20502092050209206,0.039525691699604744,0.35968379446640314,0.10989010989010989,0.24206349206349206,0.3682008368200837,0.26121841418364694,0.6102643288835757,0.16317991631799164,5.268647992321579,0.2907801418439716,,0.10800313972868025,17.925415722387466,-11.879120255154934,60.59402777314994,0.10800313972868025,,-12.170610161531162,-0.351998824221047,-0.45789415835557573,,,,,,,,191.69999999999996,2.904545454545454,191.69999999999996,2.904545454545454,,,,,,,,,,,,,,,,,,,"Miguel Olivo","1638",400018
"Brendan Ryan","DET",74,222,204,43,33,8,1,1,17,16,12,0,55,2,2,2,,2,2,0.2107843137254902,0.05405405405405406,0.24774774774774774,0.21818181818181817,0.2590909090909091,0.27450980392156865,0.23744678578593514,0.5336007130124778,0.06372549019607845,3.6512819386878665,0.28,,-0.5249230659101158,11.374397617506956,-14.778199169111277,42.3864742852132,-0.5249230659101158,,-15.881388930163185,3.8778099187467463,-0.4584876812818329,,,,,,,,115.3,1.558108108108108,115.3,1.558108108108108,,,,,,,,,,,,,,,,,,,"Brendan Ryan","6073",453895
"Micah Johnson","ATL",122,517,474,115,85,19,4,7,57,39,32,0,116,2,2,7,,23,11,0.24261603375527427,0.061895551257253385,0.22437137330754353,0.27586206896551724,0.29215686274509806,0.3438818565400844,0.278801180451524,0.6360387192851824,0.10126582278481014,6.227994058747592,0.3059490084985836,,-0.17406310909427702,44.13115010375111,-16.77377124166162,69.81526644460837,-0.17406310909427702,,-19.3936763337166,-1.5442920116590515,-0.4599797634233429,,,,,,,,428.59999999999997,3.5131147540983605,428.59999999999997,3.5131147540983605,,,,,,,,,,,,,,,,,,,"Micah Johnson","13809",608672
"Sócrates Brito","ARI",135,521,500,123,85,19,8,11,54,52,18,1,118,1,2,0,,14,6,0.246,0.0345489443378119,0.22648752399232247,0.15254237288135594,0.272552783109405,0.382,0.2797008876617138,0.654552783109405,0.136,6.449744536122175,0.3002680965147453,,0.11049621156416833,44.85938244831423,-16.516756857217747,64.99753274679836,0.11049621156416833,,-22.34916160133061,1.2645848861236848,-0.4619649642918264,,,,,,,,459.7,3.4051851851851853,459.7,3.4051851851851853,,,,,,,,,,,,,,,,,,,"Socrates Brito","12944",593647
"Dan Gamache","MIN",86,288,261,60,43,12,1,4,28,24,21,0,77,2,2,2,,2,4,0.22988505747126436,0.07291666666666667,0.2673611111111111,0.2727272727272727,0.2902097902097902,0.32950191570881227,0.27360383613959893,0.6197117059186025,0.0996168582375479,3.166574154651581,0.3076923076923077,,-1.387019011657685,23.348566797150376,-10.579126331435443,65.43277347899514,-1.387019011657685,,-13.33985263755724,-0.9488389656026528,-0.4635330597398953,,,,,,,,214.70000000000002,2.496511627906977,214.70000000000002,2.496511627906977,,,,,,,,,,,,,,,,,,,"Dan Gamache","sa597966",607240
"Adrian Marin","BAL",126,478,450,103,79,15,3,6,41,35,20,0,106,2,1,5,,15,10,0.2288888888888889,0.04184100418410042,0.2217573221757322,0.18867924528301888,0.2642706131078224,0.31555555555555553,0.25386568191943665,0.5798261686633779,0.08666666666666664,5.1330401490948105,0.2861356932153392,,-1.3239426396321505,30.966875211903112,-25.343671022346953,53.49029726202564,-1.3239426396321505,,-28.01620048949566,7.229449423953128,-0.469846100309696,,,,,,,,310.29999999999995,2.4626984126984124,310.29999999999995,2.4626984126984124,,,,,,,,,,,,,,,,,,,"Adrian Marin","sa657939",546997
"L.J. Hoes","BAL",106,430,389,94,71,15,2,6,45,37,36,0,77,2,2,1,,10,6,0.2416452442159383,0.08372093023255814,0.17906976744186046,0.4675324675324675,0.3076923076923077,0.33676092544987146,0.28562097491084276,0.6444532331421792,0.09511568123393316,4.612340978861924,0.2857142857142857,,-0.7029667559545487,39.12461920477307,-11.531311508046034,75.31462913562687,-0.7029667559545487,,-13.447442146494556,-5.728437171691589,-0.4713952525356828,,,,,,,,364.9,3.442452830188679,364.9,3.442452830188679,,,,,,,,,,,,,,,,,,,"L.J. Hoes","6656",543321
"Keith Curcio","ATL",132,557,507,119,87,21,7,4,57,44,37,2,102,5,5,3,,16,8,0.23471400394477318,0.06642728904847396,0.18312387791741472,0.3627450980392157,0.29061371841155237,0.32741617357001973,0.27052087239597156,0.6180298919815721,0.09270216962524655,6.205171890357801,0.2832512315270936,,-0.3628188578877598,43.73980140219514,-21.87729954441006,64.26749674114156,-0.3628188578877598,,-24.87519380753788,2.55276021583861,-0.4714848894962625,,,,,,,,431.8,3.2712121212121215,431.8,3.2712121212121215,,,,,,,,,,,,,,,,,,,"Keith Curcio","sa829045",613480
"JaCoby Jones","DET",110,458,420,88,58,15,3,12,45,44,27,0,162,5,5,1,,11,6,0.20952380952380953,0.05895196506550218,0.3537117903930131,0.16666666666666666,0.26258205689277897,0.34523809523809523,0.2641498793397482,0.6078201521308741,0.1357142857142857,5.44866007093275,0.30278884462151395,,-0.4603340602479875,33.55783230452299,-20.396624129130842,60.738601470056174,-0.4603340602479875,,-22.04995884872541,1.9057036344353973,-0.47342671887596444,,,,,,,,346.2999999999999,3.148181818181817,346.2999999999999,3.148181818181817,,,,,,,,,,,,,,,,,,,"JaCoby Jones","14818",592444
"Mike Freeman","SEA",125,485,447,101,78,16,3,4,44,33,32,1,105,2,2,2,,9,2,0.22595078299776286,0.06597938144329897,0.21649484536082475,0.3047619047619048,0.2795031055900621,0.30201342281879195,0.25728059643531737,0.581516528408854,0.0760626398210291,5.121583982059247,0.2852941176470588,,0.7314720952417701,32.78702431117265,-24.348153353286108,61.152088670772784,0.7314720952417701,,-21.89012502398262,0.8262899879285124,-0.47393229245888824,,,,,,,,333.19999999999993,2.6655999999999995,333.19999999999993,2.6655999999999995,,,,,,,,,,,,,,,,,,,"Mike Freeman","11241",502273
"Matt Tuiasosopo","ATL",87,330,288,61,35,13,0,13,41,37,37,1,114,3,2,0,,1,0,0.21180555555555555,0.11212121212121212,0.34545454545454546,0.32456140350877194,0.30606060606060603,0.3923611111111111,0.3042819874989588,0.6984217171717171,0.18055555555555555,2.586679185861784,0.294478527607362,,0.03395688394084573,35.10732258006485,-3.7681591297730606,86.887294249522,0.03395688394084573,,-5.295377979636918,-9.841190179609537,-0.4748119519492675,,,,,,,,335.3999999999999,3.8551724137931025,335.3999999999999,3.8551724137931025,,,,,,,,,,,,,,,,,,,"Matt Tuiasosopo","8272",449168
"Jairo Rodriguez","MIN",26,95,88,19,16,3,0,0,7,5,3,0,19,1,1,2,,0,0,0.2159090909090909,0.031578947368421054,0.2,0.15789473684210525,0.24731182795698925,0.25,0.22122656081312447,0.49731182795698925,0.03409090909090909,1.506493506493506,0.2714285714285714,,-0.04487651865929365,3.595914210614915,-7.595512342217211,29.435655150742935,-0.04487651865929365,,-8.093521475369876,0.09593694270322883,-0.48877746185153753,,,,,,,,39.099999999999994,1.5038461538461536,39.099999999999994,1.5038461538461536,,,,,,,,,,,,,,,,,,,"Jairo Rodriguez","sa634679",514856
"Josh Thole","ARI",58,176,157,36,30,5,0,1,13,11,15,0,30,1,1,2,,0,1,0.22929936305732485,0.08522727272727272,0.17045454545454544,0.5,0.2988505747126437,0.2802547770700637,0.2624055767196348,0.5791053517827074,0.05095541401273884,1.4073971374999497,0.27559055118110243,,-0.5129476194269955,12.642264051533619,-8.09132619371327,53.40975105887398,-0.5129476194269955,,-10.611856477630011,0.23124206353467347,-0.489242817169505,,,,,,,,113.7,1.960344827586207,113.7,1.960344827586207,,,,,,,,,,,,,,,,,,,"Josh Thole","9689",489365
"Darren Ford","SFG",108,385,352,77,61,10,2,4,37,25,26,0,93,2,2,3,,18,10,0.21875,0.06753246753246753,0.24155844155844156,0.27956989247311825,0.27486910994764396,0.29261363636363635,0.25288251635291814,0.5674827463112804,0.07386363636363635,5.550606392545084,0.2840466926070039,,-0.6970167194958776,24.629600341838668,-20.725128319638895,55.009013166658185,-0.6970167194958776,,-22.030069239729198,4.961112681730294,-0.4935715450268403,,,,,,,,247.39999999999998,2.2907407407407407,247.39999999999998,2.2907407407407407,,,,,,,,,,,,,,,,,,,"Darren Ford","109",452096
"Steven Lerud","TEX",58,208,182,34,26,6,0,2,19,13,21,0,66,4,0,1,,0,0,0.18681318681318682,0.10096153846153846,0.3173076923076923,0.3181818181818182,0.28502415458937197,0.25274725274725274,0.24979677090898228,0.5377714073366247,0.06593406593406592,1.5225741239892179,0.2807017543859649,,-0.11443512258119881,12.776764241136245,-11.726569685064621,43.716727569587796,-0.11443512258119881,,-14.170266110593818,2.217381643309865,-0.5018040625707871,,,,,,,,119.59999999999998,2.062068965517241,119.59999999999998,2.062068965517241,,,,,,,,,,,,,,,,,,,"Steven Lerud","113",452722
"Héctor Gómez","PHI",113,406,383,85,50,22,3,10,42,39,14,1,106,4,2,3,,6,4,0.22193211488250653,0.034482758620689655,0.26108374384236455,0.1320754716981132,0.2555831265508685,0.3733681462140992,0.2685671725972968,0.6289512727649678,0.15143603133159267,5.25841882972446,0.2788104089219331,,-0.5892628256697208,31.22763382718383,-16.600989124919785,63.15583273991317,-0.5892628256697208,,-19.01231290814051,1.1829986425093653,-0.5030390599869012,,,,,,,,322.09999999999997,2.850442477876106,322.09999999999997,2.850442477876106,,,,,,,,,,,,,,,,,,,"Hector Gomez","2264",467143
"Jayson Werth","WSN",110,466,409,95,60,21,0,14,60,54,48,0,110,3,6,0,,3,1,0.23227383863080683,0.10300429184549356,0.23605150214592274,0.43636363636363634,0.3133047210300429,0.3863080684596577,0.3053828045533962,0.6996127894897006,0.15403422982885087,3.1150943469887133,0.27835051546391754,,-0.05879629612900317,49.999086613478134,-4.89780574041419,85.43424487069383,-0.05879629612900317,,-8.41839972097427,-11.35237443930678,-0.50646635323462,,,,,,,,471.4,4.285454545454545,471.4,4.285454545454545,,,,,,,,,,,,,,,,,,,"Jayson Werth","1327",150029
"Jio Mier","TOR",98,354,318,68,48,14,1,5,34,31,27,0,92,2,2,5,,5,3,0.2138364779874214,0.07627118644067797,0.2598870056497175,0.29347826086956524,0.27793696275071633,0.3113207547169811,0.26156285926059186,0.5892577174676974,0.09748427672955973,4.095914389613576,0.2825112107623318,,-0.4019694614689797,25.182026536097137,-16.52076293445626,59.458757942251715,-0.4019694614689797,,-17.633115498223024,0.6664663395553667,-0.5087535544530475,,,,,,,,244.19999999999996,2.491836734693877,244.19999999999996,2.491836734693877,,,,,,,,,,,,,,,,,,,"Jio Mier","sa500732",545353
"Nolan Fontana","LAA",104,420,361,67,47,15,2,3,38,26,46,0,131,3,3,7,,5,5,0.18559556786703602,0.10952380952380952,0.3119047619047619,0.3511450381679389,0.28087167070217917,0.2631578947368421,0.2494703425910802,0.5440295654390213,0.07756232686980608,4.1673042631067485,0.2782608695652174,,-1.264065407216549,25.686106004103802,-23.79177980841718,54.18030307481292,-1.264065407216549,,-24.369564488247253,5.13737960435726,-0.5117968634920199,,,,,,,,239.8,2.305769230769231,239.8,2.305769230769231,,,,,,,,,,,,,,,,,,,"Nolan Fontana","13267",545337
"Jake Fox","PHI",94,364,336,77,45,17,0,15,44,48,21,1,105,5,2,0,,0,0,0.22916666666666666,0.057692307692307696,0.28846153846153844,0.2,0.28296703296703296,0.41369047619047616,0.2983001022299459,0.6966575091575091,0.1845238095238095,1.7015920826161788,0.28440366972477066,,-0.15706781530752778,36.92772999397573,-5.95310437687579,83.07676383386094,-0.15706781530752778,,-7.7437440851600785,-8.848151721090938,-0.513075988949254,,,,,,,,363.5,3.867021276595745,363.5,3.867021276595745,,,,,,,,,,,,,,,,,,,"Jake Fox","6267",444844
"Ed Lucas","ARI",102,365,339,79,59,14,2,4,34,26,22,0,88,2,1,1,,1,1,0.23303834808259588,0.06027397260273973,0.2410958904109589,0.25,0.28296703296703296,0.3215339233038348,0.2666204478386994,0.6045009562708678,0.08849557522123891,3.3761762279007517,0.3024193548387097,,-0.39596917596645653,27.487782423144825,-15.510856437736505,56.2336960306657,-0.39596917596645653,,-20.070278298582267,3.41913295114552,-0.5158832647762265,,,,,,,,264.09999999999997,2.5892156862745095,264.09999999999997,2.5892156862745095,,,,,,,,,,,,,,,,,,,"Ed Lucas","7532",448296
"Grégor Blanco","ARI",116,346,306,78,56,14,4,4,43,28,34,4,60,2,2,2,,9,4,0.2549019607843137,0.09826589595375723,0.17341040462427745,0.5666666666666667,0.3313953488372093,0.3660130718954248,0.30317009862731487,0.6974084207326341,0.1111111111111111,6.138386338604029,0.30327868852459017,,-0.03638316132128239,36.49204518559454,-4.26830836472036,80.72180009116653,-0.03638316132128239,,-8.25141653691353,-7.814232911172157,-0.5177943541492613,,,,,,,,345.7,2.9801724137931034,345.7,2.9801724137931034,,,,,,,,,,,,,,,,,,,"Gregor Blanco","3123",453923
"Blake Trahan","CIN",129,571,523,119,89,20,6,4,64,47,35,0,85,3,3,7,,15,8,0.22753346080305928,0.06129597197898424,0.14886164623467601,0.4117647058823529,0.2783687943262411,0.31166347992351817,0.26033929730138033,0.5900322742497592,0.0841300191204589,6.172914016578185,0.2631578947368421,,-0.562818860867992,40.04196461056144,-27.224399196461125,55.23750893081537,-0.562818860867992,,-32.04154212098783,8.799041757297683,-0.5200494093489034,,,,,,,,393.3,3.0488372093023255,393.3,3.0488372093023255,,,,,,,,,,,,,,,,,,,"Blake Trahan","17588",664167
"Alexei Ramirez","TBR",140,542,514,127,92,25,2,8,51,52,21,2,65,3,3,1,,14,7,0.24708171206225682,0.03874538745387454,0.11992619926199262,0.3230769230769231,0.27911275415896486,0.35019455252918286,0.27163108193586843,0.6293073066881477,0.10311284046692604,4.642084815054998,0.268018018018018,,-0.3239175002090633,43.05841639991318,-20.791617196244854,68.81121768851709,-0.3239175002090633,,-20.619969028705466,-2.855463443399527,-0.5230919729771816,,,,,,,,435.2999999999999,3.1092857142857135,435.2999999999999,3.1092857142857135,,,,,,,,,,,,,,,,,,,"Alexei Ramirez","5133",493351
"Bryan Anderson","OAK",63,236,216,44,27,11,1,5,23,22,15,0,69,2,2,1,,0,0,0.2037037037037037,0.0635593220338983,0.2923728813559322,0.21739130434782608,0.25957446808510637,0.3333333333333333,0.2588276508006644,0.5929078014184397,0.12962962962962962,2.601190476190476,0.2708333333333333,,-0.09872834105044603,16.25536868804412,-11.54649095899148,59.715971222634224,-0.09872834105044603,,-11.513277206669581,-1.6107453150583808,-0.524571427382037,,,,,,,,165.99999999999997,2.6349206349206344,165.99999999999997,2.6349206349206344,,,,,,,,,,,,,,,,,,,"Bryan Anderson","9871",457762
"Pedro Florimón","PHI",111,338,306,60,39,12,3,6,33,29,26,1,106,1,2,3,,10,3,0.19607843137254902,0.07692307692307693,0.3136094674556213,0.24528301886792453,0.25970149253731345,0.3137254901960784,0.2513365088822599,0.5734269827333919,0.11764705882352941,6.281300821313542,0.2755102040816326,,0.6249564646277577,21.191681605931592,-18.626236024144816,51.61136440762618,0.6249564646277577,,-19.518167745852622,3.5741605094290705,-0.5313703822882903,,,,,,,,229.9,2.071171171171171,229.9,2.071171171171171,,,,,,,,,,,,,,,,,,,"Pedro Florimon","8385",465753
"Matt Lipka","TEX",105,395,368,80,60,14,3,3,37,31,17,0,102,5,2,3,,13,5,0.21739130434782608,0.043037974683544304,0.2582278481012658,0.16666666666666666,0.2602040816326531,0.296195652173913,0.24538886227778026,0.556399733806566,0.07880434782608695,6.17423371259578,0.29056603773584905,,0.36734817968681455,22.8268591926449,-23.705914369130785,40.68732201940444,0.36734817968681455,,-27.76192299071541,9.126542117720419,-0.5373719561316705,,,,,,,,242.59999999999997,2.3104761904761904,242.59999999999997,2.3104761904761904,,,,,,,,,,,,,,,,,,,"Matt Lipka","sa548175",547181
"James Harris","OAK",117,521,474,112,84,20,3,5,54,38,38,0,134,5,3,1,,13,12,0.23628691983122363,0.07293666026871401,0.2571976967370441,0.2835820895522388,0.2980769230769231,0.3227848101265823,0.2754996554209636,0.6208617332035054,0.08649789029535865,4.864370232338065,0.3165680473372781,,-2.601745372870937,43.05323543566794,-18.32290386986403,71.174072457288,-2.601745372870937,,-20.633370299315512,-2.3142048077748707,-0.5418606777776811,,,,,,,,395.4,3.3794871794871795,395.4,3.3794871794871795,,,,,,,,,,,,,,,,,,,"James Harris","sa597804",605266
"Tyler Moore","MIA",76,242,221,49,29,12,0,8,24,28,17,1,65,1,2,1,,0,0,0.22171945701357465,0.07024793388429752,0.26859504132231404,0.26153846153846155,0.27800829875518673,0.38461538461538464,0.2844507363935312,0.6626236833705714,0.16289592760181,1.2419950738916252,0.2733333333333333,,-0.1032159929163754,21.785288028705313,-6.723398558509158,78.17852863025823,-0.1032159929163754,,-6.607000611901836,-6.406444210784706,-0.5438625512523672,,,,,,,,217.39999999999998,2.8605263157894734,217.39999999999998,2.8605263157894734,,,,,,,,,,,,,,,,,,,"Tyler Moore","7244",489138
"Javy Guerra","SDP",116,474,441,86,53,17,2,14,46,46,27,0,181,1,2,3,,4,7,0.19501133786848074,0.056962025316455694,0.3818565400843882,0.14917127071823205,0.24203821656050956,0.3378684807256236,0.25134801687455227,0.5799066972861331,0.14285714285714285,3.96952317861196,0.2903225806451613,,-2.249871274223551,29.723013153100634,-26.116315121030187,53.875407142688836,-2.249871274223551,,-29.176230862702926,8.78389778086748,-0.5440153586083873,,,,,,,,304.9,2.628448275862069,304.9,2.628448275862069,,,,,,,,,,,,,,,,,,,"Javy Guerra","17292",642770
"Jeff Bianchi","COL",62,209,193,48,40,5,1,2,17,16,13,1,40,0,1,2,,2,2,0.24870466321243523,0.06220095693779904,0.19138755980861244,0.325,0.2946859903381642,0.3160621761658031,0.26812793155318326,0.6107481665039673,0.06735751295336789,3.309872364359875,0.3026315789473684,,-0.5361421955749393,15.99955812369075,-8.621580292539928,47.28441935778259,-0.5361421955749393,,-14.105273172328506,2.104760648992607,-0.547589001619121,,,,,,,,151.99999999999997,2.451612903225806,151.99999999999997,2.451612903225806,,,,,,,,,,,,,,,,,,,"Jeff Bianchi","9958",488703
"Ryan Zimmerman","WSN",101,413,374,89,55,20,1,13,48,57,31,1,89,2,6,0,,2,1,0.23796791443850268,0.07506053268765134,0.21549636803874092,0.34831460674157305,0.29539951573849876,0.40106951871657753,0.2987297106425739,0.6964690344550764,0.16310160427807485,3.1860937372368157,0.2733812949640288,,-0.20494447671808302,42.045177459287906,-6.608076923024392,80.9767014332816,-0.20494447671808302,,-9.881095313197484,-8.650098524957036,-0.5520542287088634,,,,,,,,410.29999999999995,4.062376237623762,410.29999999999995,4.062376237623762,,,,,,,,,,,,,,,,,,,"Ryan Zimmerman","4220",475582
"Brett Hayes","TEX",45,146,138,27,17,6,0,4,13,14,6,0,45,1,0,1,,0,0,0.1956521739130435,0.0410958904109589,0.3082191780821918,0.13333333333333333,0.23448275862068965,0.32608695652173914,0.24351347767073533,0.5605697151424288,0.13043478260869565,1.4575123152709357,0.25842696629213485,,-0.05385182239115238,8.211335319880998,-8.988120224471533,39.398434019981224,-0.05385182239115238,,-10.6769343075858,0.315195805321435,-0.5538712788450424,,,,,,,,89.19999999999999,1.9822222222222219,89.19999999999999,1.9822222222222219,,,,,,,,,,,,,,,,,,,"Brett Hayes","4293",451109
"Sharlon Schoop","BAL",78,295,274,58,44,9,1,4,25,22,17,0,76,1,1,2,,0,2,0.2116788321167883,0.0576271186440678,0.2576271186440678,0.2236842105263158,0.2593856655290102,0.2956204379562044,0.24545984809309143,0.5550061034852146,0.0839416058394161,2.620275449599478,0.27692307692307694,,-0.9585804608650506,17.065187042205913,-17.687137516588585,47.71325382079056,-0.9585804608650506,,-19.478004827071594,3.99176123631414,-0.5617528491259555,,,,,,,,168.59999999999997,2.161538461538461,168.59999999999997,2.161538461538461,,,,,,,,,,,,,,,,,,,"Sharlon Schoop","sa293531",463748
"Willy García","CHW",131,513,480,101,60,21,4,16,52,54,25,1,180,3,3,2,,4,7,0.21041666666666667,0.04873294346978557,0.3508771929824561,0.1388888888888889,0.25244618395303325,0.37083333333333335,0.26674535251131243,0.6232795172863665,0.16041666666666668,4.4552347850697265,0.2961672473867596,,-2.2633342298213392,38.686386473465554,-21.74731691182793,64.23598518525601,-2.2633342298213392,,-24.2914566996155,1.4182180223010832,-0.5619732295879762,,,,,,,,391.69999999999993,2.990076335877862,391.69999999999993,2.990076335877862,,,,,,,,,,,,,,,,,,,"Willy Garcia","12956",591994
"Raúl Mondesi Jr.","KCR",104,410,378,80,53,11,5,11,41,43,18,1,130,1,2,11,,24,4,0.21164021164021163,0.04390243902439024,0.3170731707317073,0.13846153846153847,0.24812030075187969,0.3544973544973545,0.25801529476990054,0.6026176552492342,0.14285714285714285,7.996034348210939,0.28870292887029286,,3.001761924242601,27.96542611630849,-20.334414795914373,55.41021920595238,3.001761924242601,,-18.94816330558405,-0.4449932196082822,-0.5629023707509605,,,,,,,,325.2,3.126923076923077,325.2,3.126923076923077,,,,,,,,,,,,,,,,,,,"Raul Mondesi Jr.","sa551329",597471
"Xavier Avery","ATL",113,433,392,88,62,16,3,7,45,32,34,0,134,2,2,3,,16,6,0.22448979591836735,0.07852193995381063,0.3094688221709007,0.2537313432835821,0.28837209302325584,0.33418367346938777,0.27458161309707996,0.6225557664926435,0.10969387755102042,6.007372767039616,0.3201581027667984,,0.5217153471894562,35.45327613811278,-15.556068044795754,66.98817501592353,0.5217153471894562,,-17.082804493780348,-2.191164120024334,-0.5629755912446096,,,,,,,,351.69999999999993,3.112389380530973,351.69999999999993,3.112389380530973,,,,,,,,,,,,,,,,,,,"Xavier Avery","8471",542897
"Jaycob Brugman","OAK",130,576,527,119,79,25,5,10,55,54,40,1,140,3,5,1,,5,5,0.22580645161290322,0.06944444444444445,0.24305555555555555,0.2857142857142857,0.2817391304347826,0.349146110056926,0.27445765239436454,0.6308852404917086,0.12333965844402275,4.404348643568934,0.28534031413612565,,-1.320161055540666,47.10294624935277,-20.75244000781886,70.45793924850453,-1.320161055540666,,-21.75057290326431,-3.2764578193583818,-0.5639818574026714,,,,,,,,458.9,3.53,458.9,3.53,,,,,,,,,,,,,,,,,,,"Jaycob Brugman","14936",595144
"Tim Smalling","COL",87,308,286,71,56,10,1,4,27,24,16,1,55,3,1,2,,3,4,0.24825174825174826,0.05194805194805195,0.17857142857142858,0.2909090909090909,0.29411764705882354,0.3321678321678322,0.27463540659576163,0.6262854792266557,0.08391608391608393,3.113373361668951,0.29385964912280704,,-1.2049696161411703,25.232168247747765,-11.051614681434287,51.64439879877379,-1.2049696161411703,,-19.547711621679767,4.2223273108525525,-0.5656657006175044,,,,,,,,235.39999999999995,2.705747126436781,235.39999999999995,2.705747126436781,,,,,,,,,,,,,,,,,,,"Tim Smalling","sa545109",594999
"José Osuna","PIT",129,517,482,122,78,29,3,12,56,60,26,1,109,3,5,1,,4,4,0.25311203319502074,0.05029013539651837,0.21083172147001933,0.23853211009174313,0.2926356589147287,0.4004149377593361,0.2967976874518163,0.6930505966740648,0.14730290456431538,3.9840730922795604,0.3005464480874317,,-1.0767720430158079,51.80860806239335,-9.096313283019388,83.42835007493385,-1.0767720430158079,,-11.628486917991811,-10.347299383080475,-0.566114398884132,,,,,,,,498.6,3.8651162790697677,498.6,3.8651162790697677,,,,,,,,,,,,,,,,,,,"Jose Osuna","12937",591741
"Aneury Tavárez","BAL",114,447,418,96,67,15,4,10,40,38,19,0,127,4,3,3,,14,8,0.22966507177033493,0.042505592841163314,0.2841163310961969,0.14960629921259844,0.268018018018018,0.35645933014354064,0.2700821794905104,0.6244773481615586,0.1267942583732057,5.699803465137953,0.3028169014084507,,-0.679797304328531,34.939969037146746,-17.71863800617916,64.63534400791274,-0.679797304328531,,-19.659561486030494,-1.030188759798726,-0.5673206595640083,,,,,,,,353.09999999999997,3.0973684210526313,353.09999999999997,3.0973684210526313,,,,,,,,,,,,,,,,,,,"Aneury Tavarez","sa598684",606477
"Johan Camargo","ATL",136,501,458,109,76,22,6,5,48,42,23,0,98,2,3,15,,2,2,0.23799126637554585,0.04590818363273453,0.19560878243512975,0.23469387755102042,0.2757201646090535,0.34497816593886466,0.2693456878632675,0.6206983305479181,0.1069868995633188,4.496989319254874,0.2905027932960894,,-0.6460896662902087,38.85643509254192,-20.16361441239382,63.48012831199884,-0.6460896662902087,,-23.179852692732986,1.665218918306697,-0.5709857154643849,,,,,,,,370.59999999999997,2.7249999999999996,370.59999999999997,2.7249999999999996,,,,,,,,,,,,,,,,,,,"Johan Camargo","14950",622666
"Michael Reed","MIL",128,507,440,93,61,20,3,9,54,44,59,1,154,4,4,0,,17,9,0.21136363636363636,0.11637080867850098,0.3037475345167653,0.38311688311688313,0.3076923076923077,0.33181818181818185,0.28499158486547205,0.6395104895104895,0.12045454545454548,5.564665877559555,0.298932384341637,,-0.563575177686289,45.8673461762303,-13.85953026888431,72.26620647953564,-0.563575177686289,,-17.881027122908318,-3.8274151946712003,-0.5712939351325357,,,,,,,,436.59999999999997,3.4109374999999997,436.59999999999997,3.4109374999999997,,,,,,,,,,,,,,,,,,,"Michael Reed","13228",605439
"Shane Peterson","TBR",84,320,288,64,43,13,2,6,33,29,25,1,88,2,2,3,,4,1,0.2222222222222222,0.078125,0.275,0.2840909090909091,0.2870662460567823,0.34375,0.275833224005337,0.6308162460567823,0.12152777777777779,4.832678944182776,0.29591836734693877,,0.23544439603574574,26.531525238806832,-11.165911570732964,71.69920688543372,0.23544439603574574,,-10.637882278609572,-5.810276771558867,-0.5735166464892177,,,,,,,,261.7,3.1154761904761905,261.7,3.1154761904761905,,,,,,,,,,,,,,,,,,,"Shane Peterson","7423",451089
"Craig Gentry","LAA",74,252,227,49,41,6,1,1,26,14,18,1,53,3,2,2,,12,3,0.21585903083700442,0.07142857142857142,0.21031746031746032,0.33962264150943394,0.28,0.2643171806167401,0.24480263535756183,0.5443171806167402,0.04845814977973567,5.988860288085895,0.2742857142857143,,1.0339317743200809,14.441057911244394,-15.245673576268194,50.97234678920463,1.0339317743200809,,-13.799973365516228,-0.35818778143988705,-0.574900342158605,,,,,,,,157.29999999999998,2.1256756756756756,157.29999999999998,2.1256756756756756,,,,,,,,,,,,,,,,,,,"Craig Gentry","9571",502226
"D.J. Peterson","SEA",111,475,445,98,60,20,1,17,52,57,24,0,144,4,2,0,,2,1,0.2202247191011236,0.05052631578947368,0.3031578947368421,0.16666666666666666,0.26526315789473687,0.3842696629213483,0.279633879912527,0.6495328208160851,0.1640449438202247,3.1942455020344793,0.28321678321678323,,-0.2071883026510477,40.87240543314652,-15.08472733101411,76.51473946424314,-0.2071883026510477,,-13.60095849721296,-8.1284644037818,-0.5766434388855406,,,,,,,,412.29999999999995,3.714414414414414,412.29999999999995,3.714414414414414,,,,,,,,,,,,,,,,,,,"D.J. Peterson","sa549926",592637
"Max Muncy","OAK",116,437,383,83,57,15,2,9,47,39,47,1,106,3,4,0,,3,1,0.21671018276762402,0.10755148741418764,0.2425629290617849,0.44339622641509435,0.30434782608695654,0.3368146214099217,0.28418427965509785,0.6411624474968782,0.12010443864229767,3.887647656946183,0.27205882352941174,,-0.047577166464179754,39.243465982914586,-12.237096160113195,77.1427190553389,-0.047577166464179754,,-12.040356823171804,-8.420579371208447,-0.5785639133507375,,,,,,,,374.19999999999993,3.2258620689655166,374.19999999999993,3.2258620689655166,,,,,,,,,,,,,,,,,,,"Max Muncy","13301",571970
"Travis Snider","TEX",100,317,282,67,46,13,1,7,31,31,31,2,73,2,1,1,,1,1,0.2375886524822695,0.09779179810725552,0.2302839116719243,0.4246575342465753,0.31645569620253167,0.36524822695035464,0.2983988908825407,0.6817039231528863,0.12765957446808512,2.617146557891358,0.2955665024630542,,-0.38250622036866844,32.18542977690638,-5.15859356254398,77.11931013592026,-0.38250622036866844,,-9.090983595578589,-7.309528011073091,-0.5790369016553698,,,,,,,,300.49999999999994,3.0049999999999994,300.49999999999994,3.0049999999999994,,,,,,,,,,,,,,,,,,,"Travis Snider","2830",501983
"Chris Colabello","CLE",92,347,319,76,50,13,0,13,37,43,23,1,105,3,2,0,,1,1,0.23824451410658307,0.06628242074927954,0.3025936599423631,0.21904761904761905,0.29394812680115273,0.4012539184952978,0.29947114989936696,0.6952020452964505,0.16300940438871472,1.9712865404961952,0.3103448275862069,,-0.37801856850273907,35.53839035076916,-5.339767689575551,81.31200785614512,-0.37801856850273907,,-8.163867427027894,-9.256526416922092,-0.5794070915032002,,,,,,,,343.5999999999999,3.7347826086956513,343.5999999999999,3.7347826086956513,,,,,,,,,,,,,,,,,,,"Chris Colabello","13051",499624
"Andrew Lambo","OAK",63,236,218,51,31,11,2,7,27,20,15,1,58,1,1,1,,1,1,0.23394495412844038,0.0635593220338983,0.2457627118644068,0.25862068965517243,0.2851063829787234,0.39908256880733944,0.2928441857170855,0.6841889517860629,0.16513761467889906,4.281466033448254,0.2857142857142857,,-0.3129476164467633,22.879680386242804,-4.922179260792797,83.09437769511834,-0.3129476164467633,,-5.103184783867215,-8.57172114592591,-0.5809086774512425,,,,,,,,223.79999999999998,3.552380952380952,223.79999999999998,3.552380952380952,,,,,,,,,,,,,,,,,,,"Andrew Lambo","5386",518911
"Reynaldo Rodriguez","MIN",99,400,370,87,51,21,2,13,46,45,24,0,86,2,4,0,,5,3,0.23513513513513515,0.06,0.215,0.27906976744186046,0.2825,0.4081081081081081,0.29557600006461143,0.6906081081081081,0.17297297297297295,4.409173418511145,0.2690909090909091,,-0.4019694614689797,39.68079394287633,-7.441002069048418,80.53349377814071,-0.4019694614689797,,-9.750898328384219,-9.482378435162921,-0.5811953346327148,,,,,,,,390.8,3.9474747474747476,390.8,3.9474747474747476,,,,,,,,,,,,,,,,,,,"Reynaldo Rodriguez","sa329131",471906
"Brett Pirtle","DET",73,302,280,66,52,12,1,1,26,20,15,0,52,3,1,3,,4,3,0.2357142857142857,0.04966887417218543,0.17218543046357615,0.28846153846153844,0.2809364548494983,0.29642857142857143,0.25648744150148983,0.5773650262780697,0.06071428571428572,3.850509505682253,0.2850877192982456,,-0.5862626829184592,20.218184706206614,-15.358771282796566,55.47246878508152,-0.5862626829184592,,-16.73168505550251,0.8001913868946442,-0.5830369018452967,,,,,,,,192.69999999999996,2.6397260273972596,192.69999999999996,2.6397260273972596,,,,,,,,,,,,,,,,,,,"Brett Pirtle","sa827348",657720
"JB Shuck","MIN",116,395,364,93,72,13,4,4,44,36,22,1,34,1,4,4,,6,5,0.2554945054945055,0.05569620253164557,0.08607594936708861,0.6470588235294118,0.2966751918158568,0.34615384615384615,0.2793709310201498,0.6428290379697029,0.09065934065934067,4.903704890381099,0.2696969696969697,,-1.0595777523703873,33.90292669581404,-12.629846865961648,69.39630146954939,-1.0595777523703873,,-15.573502331225521,-3.5363778804485273,-0.5858976287322011,,,,,,,,321.29999999999995,2.769827586206896,321.29999999999995,2.769827586206896,,,,,,,,,,,,,,,,,,,"JB Shuck","6677",543776
"Clint Robinson","WSN",110,324,288,70,50,12,1,7,33,37,30,1,61,3,3,0,,0,0,0.24305555555555555,0.09259259259259259,0.1882716049382716,0.4918032786885246,0.31790123456790126,0.3645833333333333,0.29934971491249723,0.6824845679012346,0.12152777777777776,2.0151689708141314,0.2825112107623318,,-0.18399372650310397,33.15035390295978,-5.018300866699266,81.39210154661363,-0.18399372650310397,,-7.609209721433419,-8.443020877384004,-0.5879661152158137,,,,,,,,309.3,2.811818181818182,309.3,2.811818181818182,,,,,,,,,,,,,,,,,,,"Clint Robinson","6908",519208
"Joey Terdoslavich","PIT",117,454,408,99,67,20,2,10,50,47,41,2,96,2,3,0,,1,2,0.2426470588235294,0.09030837004405286,0.21145374449339208,0.4270833333333333,0.31277533039647576,0.375,0.29946582006142203,0.6877753303964758,0.1323529411764706,2.8933150183150182,0.29180327868852457,,-0.8617964508011937,46.4949174961721,-6.98832097736248,85.21598709967915,-0.8617964508011937,,-9.12816834257045,-11.068021934779512,-0.5889964640077159,,,,,,,,435.0999999999999,3.718803418803418,435.0999999999999,3.718803418803418,,,,,,,,,,,,,,,,,,,"Joey Terdoslavich","10593",519345
"Christian Lopes","TOR",118,468,428,99,72,21,1,5,42,36,31,0,109,4,3,2,,5,3,0.23130841121495327,0.06623931623931624,0.2329059829059829,0.28440366972477066,0.2875536480686695,0.32009345794392524,0.26881274785606646,0.6076471060125948,0.08878504672897197,3.4469302029680717,0.29652996845425866,,-0.4692842394579202,36.09122089991949,-19.04128043403246,64.44135957647673,-0.4692842394579202,,-20.449715215511176,-1.2041932312899797,-0.5931711771631487,,,,,,,,346.1,2.9330508474576273,346.1,2.9330508474576273,,,,,,,,,,,,,,,,,,,"Christian Lopes","13472",547173
"Niko Goodrum","MIN",92,388,352,73,50,14,2,7,39,33,31,1,121,2,2,1,,13,4,0.20738636363636365,0.07989690721649484,0.3118556701030928,0.256198347107438,0.2739018087855297,0.3181818181818182,0.26091432200812303,0.592083626967348,0.11079545454545453,5.793123282701154,0.2920353982300885,,0.7770798061974347,27.393001971373014,-18.315140160193984,56.711702387160756,0.7770798061974347,,-19.388749347927366,0.43089197187967554,-0.5946010765082936,,,,,,,,287.09999999999997,3.1206521739130433,287.09999999999997,3.1206521739130433,,,,,,,,,,,,,,,,,,,"Niko Goodrum","12092",592348
"Ramón Torres","KCR",124,529,495,123,97,19,3,4,48,37,22,0,83,1,1,10,,16,10,0.24848484848484848,0.04158790170132325,0.15689981096408318,0.26506024096385544,0.2813102119460501,0.32323232323232326,0.2649123653740782,0.6045425351783733,0.07474747474747478,4.892470543278339,0.29095354523227385,,-1.1665753293782473,39.09286191604249,-23.22571330972799,60.150341045230284,-1.1665753293782473,,-26.476691125788175,2.72475960901525,-0.596405154226709,,,,,,,,374.99999999999994,3.0241935483870965,374.99999999999994,3.0241935483870965,,,,,,,,,,,,,,,,,,,"Ramon Torres","14113",593527
"Alex Hassan","LAD",93,357,324,76,57,15,1,3,34,27,28,0,84,2,3,0,,1,0,0.2345679012345679,0.0784313725490196,0.23529411764705882,0.3333333333333333,0.2969187675070028,0.3148148148148148,0.271973779054583,0.6117335823218176,0.08024691358024694,3.126723626951236,0.30416666666666664,,0.004787146812304854,28.462308015526574,-13.593894925116258,69.02259266058537,0.004787146812304854,,-13.615304712586733,-3.609395197144261,-0.6005550527952714,,,,,,,,270.8999999999999,2.912903225806451,270.8999999999999,2.912903225806451,,,,,,,,,,,,,,,,,,,"Alex Hassan","9959",572910
"Héctor Sánchez","SDP",56,151,138,33,22,6,0,5,13,20,8,0,34,2,2,1,,0,0,0.2391304347826087,0.052980132450331126,0.2251655629139073,0.23529411764705882,0.2866666666666667,0.391304347826087,0.29212411324183146,0.6779710144927537,0.15217391304347827,0.9067460317460314,0.27722772277227725,,-0.07180242985486984,14.54939700290599,-3.2390809915956016,81.19521101162121,-0.07180242985486984,,-3.568935561924791,-7.10683328498468,-0.6007274830252205,,,,,,,,141.2,2.5214285714285714,141.2,2.5214285714285714,,,,,,,,,,,,,,,,,,,"Hector Sanchez","10289",516949
"Chan Jong Moon","HOU",91,315,286,62,49,7,2,4,30,21,22,0,82,1,2,4,,12,7,0.21678321678321677,0.06984126984126984,0.26031746031746034,0.2682926829268293,0.2733118971061093,0.2972027972027972,0.2535377995760878,0.5705146943089066,0.08041958041958042,5.497156683617883,0.2871287128712871,,-0.6296768169850111,20.321816145428418,-16.786598213962318,57.70872679600561,-0.6296768169850111,,-16.624342425740362,0.04254734957659689,-0.6045049176272299,,,,,,,,202.70000000000002,2.2274725274725276,202.70000000000002,2.2274725274725276,,,,,,,,,,,,,,,,,,,"Chan Jong Moon","sa550461",578628
"Ian Miller","SEA",100,431,399,89,76,9,4,0,38,23,23,1,81,3,2,4,,25,6,0.22305764411027568,0.05336426914153132,0.18793503480278423,0.2839506172839506,0.2693208430913349,0.2656641604010025,0.2384361420438883,0.5349850034923374,0.042606516290726815,6.762602398329345,0.278125,,2.3149838962126523,22.43458590234472,-28.339149300504193,48.200936661978815,2.3149838962126523,,-24.48984429732123,3.977037245494208,-0.604654637987964,,,,,,,,256.99999999999994,2.5699999999999994,256.99999999999994,2.5699999999999994,,,,,,,,,,,,,,,,,,,"Ian Miller","15156",641878
"Stephen McGee","SDP",58,221,195,39,29,8,0,2,19,15,20,0,62,3,3,0,,1,1,0.2,0.09049773755656108,0.28054298642533937,0.3225806451612903,0.28054298642533937,0.2717948717948718,0.2507502803435692,0.5523378582202112,0.07179487179487176,2.259444115719954,0.27611940298507465,,-0.3264105720445514,13.749194536952547,-12.285597759635873,53.47492631576847,-0.3264105720445514,,-12.989687292242177,-0.007948222264061222,-0.6105378439253666,,,,,,,,133.49999999999997,2.301724137931034,133.49999999999997,2.301724137931034,,,,,,,,,,,,,,,,,,,"Stephen McGee","sa737919",643440
"James Ramsey","SEA",110,433,392,79,51,14,2,12,42,40,32,2,157,4,2,3,,3,3,0.20153061224489796,0.07390300230946882,0.3625866050808314,0.20382165605095542,0.26744186046511625,0.3392857142857143,0.26426867945729016,0.6067275747508305,0.13775510204081634,3.8159282614302867,0.29777777777777775,,-0.8199200748931617,31.768519552244037,-19.2408246306645,65.9547602465975,-0.8199200748931617,,-18.519303779065446,-2.1533376455727495,-0.6140717554303243,,,,,,,,320.5,2.9136363636363636,320.5,2.9136363636363636,,,,,,,,,,,,,,,,,,,"James Ramsey","sa599239",607256
"Allen Craig","BOS",83,323,290,68,48,14,1,5,28,27,27,0,77,4,2,0,,1,0,0.23448275862068965,0.08359133126934984,0.23839009287925697,0.35064935064935066,0.3065015479876161,0.3413793103448276,0.2870812882948955,0.6478808583324437,0.10689655172413795,2.876663506526291,0.3,,0.022737754276022315,29.77817108817329,-8.272679191455941,72.15959226626278,0.022737754276022315,,-10.773985384638186,-6.1992894145476685,-0.6168256915584586,,,,,,,,278.9999999999999,3.361445783132529,278.9999999999999,3.361445783132529,,,,,,,,,,,,,,,,,,,"Allen Craig","3433",501800
"Adam Law","SEA",87,343,309,71,57,11,1,2,31,22,21,0,72,5,3,5,,11,5,0.2297734627831715,0.061224489795918366,0.2099125364431487,0.2916666666666667,0.2869822485207101,0.2912621359223301,0.2586989508578058,0.5782443844430402,0.06148867313915857,4.934912635334934,0.28991596638655465,,-0.034895652206614614,23.588961569624278,-16.817978510601186,62.126875382366165,-0.034895652206614614,,-15.631825114801266,-2.0266019640636053,-0.6176074223389659,,,,,,,,229.89999999999998,2.6425287356321836,229.89999999999998,2.6425287356321836,,,,,,,,,,,,,,,,,,,"Adam Law","sa738573",643407
"Grant Green","WSN",114,434,412,107,77,20,3,7,46,46,15,0,78,2,4,1,,2,3,0.25970873786407767,0.03456221198156682,0.17972350230414746,0.19230769230769232,0.2863741339491917,0.3737864077669903,0.28428026710316434,0.660160541716182,0.11407766990291263,3.6490369015101902,0.3021148036253776,,-1.040114511270076,39.008435050020566,-12.118713622917776,71.29563829383272,-1.040114511270076,,-16.38290580595413,-3.4591298731266225,-0.6178181610641009,,,,,,,,374.5,3.2850877192982457,374.5,3.2850877192982457,,,,,,,,,,,,,,,,,,,"Grant Green","10053",502205
"Chris Nelson","COL",82,284,264,68,49,12,2,5,28,31,15,1,55,2,2,1,,2,1,0.25757575757575757,0.0528169014084507,0.1936619718309859,0.2727272727272727,0.3003533568904594,0.375,0.2917415785028579,0.6753533568904594,0.11742424242424243,3.9497390119069538,0.3058252427184466,,-0.15558030619286,27.27478342173322,-6.181691746733348,63.10545817141955,-0.15558030619286,,-13.06025958554187,-2.07622617444594,-0.624395667194418,,,,,,,,262,3.1951219512195124,262,3.1951219512195124,,,,,,,,,,,,,,,,,,,"Chris Nelson","8175",455126
"Brandon Drury","ARI",145,581,541,142,95,33,1,13,61,60,32,1,110,4,4,0,,2,3,0.26247689463955637,0.055077452667814115,0.18932874354561102,0.2909090909090909,0.306368330464716,0.39926062846580407,0.30429912230064127,0.70562895893052,0.1367837338262477,2.5292062387552217,0.3056872037914692,,-1.1208922448568046,61.81837964756066,-6.626029059760026,81.47824094908569,-1.1208922448568046,,-14.374225441369912,-10.237000974608055,-0.6275050262436598,,,,,,,,581.1999999999999,4.008275862068965,581.1999999999999,4.008275862068965,,,,,,,,,,,,,,,,,,,"Brandon Drury","11615",592273
"Logan Watkins","DET",125,450,407,93,68,16,4,5,47,37,30,1,102,3,3,7,,14,6,0.2285012285012285,0.06666666666666667,0.22666666666666666,0.29411764705882354,0.28442437923250563,0.32432432432432434,0.2673040233316465,0.60874870355683,0.09582309582309584,6.18080502283832,0.29042904290429045,,0.11722768936306238,34.14287374440416,-18.869146769011177,62.906337263737655,0.11722768936306238,,-19.924081299530126,-1.4930209028657784,-0.6313118156406711,,,,,,,,338.8,2.7104,338.8,2.7104,,,,,,,,,,,,,,,,,,,"Logan Watkins","4875",543894
"Daniel Palka","MIN",121,527,482,105,59,20,2,24,61,67,38,1,191,2,5,0,,9,4,0.21784232365145229,0.07210626185958255,0.36242884250474383,0.19895287958115182,0.27514231499051234,0.4170124481327801,0.29497398668368957,0.6921547631232925,0.19917012448132781,4.663858826448047,0.2977941176470588,,-0.05882142065092921,52.01765457864317,-10.065311667067684,80.11975047490168,-0.05882142065092921,,-12.63782664390815,-11.401502993581996,-0.6327252081315091,,,,,,,,526.9,4.3545454545454545,526.9,4.3545454545454545,,,,,,,,,,,,,,,,,,,"Daniel Palka","14897",594953
"Andy Parrino","CHW",84,318,292,57,43,9,1,4,27,21,22,1,99,2,1,1,,2,1,0.1952054794520548,0.06918238993710692,0.3113207547169811,0.2222222222222222,0.2555205047318612,0.273972602739726,0.23583746371389944,0.5294931074715872,0.07876712328767121,3.484044376609916,0.2789473684210526,,-0.1578241321258247,15.870768016099822,-21.59105981338035,42.994045367234065,-0.1578241321258247,,-21.922950548689922,4.963420397810625,-0.6327417681414094,,,,,,,,169.6,2.019047619047619,169.6,2.019047619047619,,,,,,,,,,,,,,,,,,,"Andy Parrino","3972",519107
"Michael Choice","BAL",104,410,373,81,50,14,1,16,43,49,26,0,127,8,3,0,,1,1,0.21715817694369974,0.06341463414634146,0.3097560975609756,0.2047244094488189,0.2804878048780488,0.38873994638069703,0.2898525267112546,0.6692277512587459,0.1715817694369973,2.806915070877004,0.27896995708154504,,-0.3982130018994212,38.73647116479157,-9.563369747431288,78.22283063946799,-0.3982130018994212,,-11.11832040473194,-8.982100242870406,-0.63523222339462,,,,,,,,378.3999999999999,3.6384615384615375,378.3999999999999,3.6384615384615375,,,,,,,,,,,,,,,,,,,"Michael Choice","11376",574831
"Hunter Jones","CHW",93,397,361,75,56,10,3,6,40,27,24,0,114,6,3,3,,15,7,0.2077562326869806,0.060453400503778336,0.2871536523929471,0.21052631578947367,0.26649746192893403,0.30193905817174516,0.2520558604129075,0.5684365201006791,0.09418282548476456,6.2216920753956995,0.2827868852459016,,-0.06109037110581994,25.126472878346338,-21.64190966348897,54.14039731910115,-0.06109037110581994,,-21.920309598946826,2.250080752449832,-0.6362741793411728,,,,,,,,260.4,2.8,260.4,2.8,,,,,,,,,,,,,,,,,,,"Hunter Jones","sa548556",594872
"Clint Coulter","MIL",128,523,481,114,72,23,4,15,57,60,26,0,122,12,4,0,,3,3,0.23700623700623702,0.0497131931166348,0.2332695984703633,0.21311475409836064,0.29063097514340347,0.39501039501039503,0.2962146575774563,0.6856413701537984,0.158004158004158,4.178627776136812,0.28448275862068967,,-0.8760157232172787,52.15825660162385,-9.453491683967757,79.78561546210364,-0.8760157232172787,,-13.896554816898304,-8.974461215303478,-0.6381549312201275,,,,,,,,499.2,3.9,499.2,3.9,,,,,,,,,,,,,,,,,,,"Clint Coulter","sa657922",621520
"Wilson Soriano","COL",61,217,206,55,50,4,1,0,17,13,4,0,28,2,1,4,,13,9,0.2669902912621359,0.018433179723502304,0.12903225806451613,0.14285714285714285,0.2863849765258216,0.2961165048543689,0.2566398135932958,0.5825014813801905,0.029126213592232997,5.0762150743236365,0.30726256983240224,,-1.2132388520985842,14.554919767191944,-11.00865456927723,39.587431233653646,-1.2132388520985842,,-17.358824036085668,4.194945065572919,-0.6405470928602179,,,,,,,,136.8,2.2426229508196722,136.8,2.2426229508196722,,,,,,,,,,,,,,,,,,,"Wilson Soriano","sa506304",570557
"Will Venable","LAD",115,366,335,77,54,13,2,8,41,37,25,3,86,3,1,2,,8,3,0.2298507462686567,0.06830601092896176,0.23497267759562843,0.29069767441860467,0.28846153846153844,0.3522388059701492,0.2775498536154834,0.6407003444316877,0.12238805970149252,5.370555051042007,0.28512396694214875,,0.19354289560578763,30.863869445649467,-12.252573905261672,72.75853790630502,0.19354289560578763,,-12.085888370853356,-5.855982736725446,-0.6446300455617792,,,,,,,,311.3,2.7069565217391305,311.3,2.7069565217391305,,,,,,,,,,,,,,,,,,,"Will Venable","211",461416
"Emilio Bonifácio","ATL",64,197,182,44,36,6,1,1,22,16,12,0,44,0,0,3,,9,4,0.24175824175824176,0.06091370558375635,0.2233502538071066,0.2727272727272727,0.28865979381443296,0.3021978021978022,0.26261751553446977,0.5908575960122351,0.06043956043956042,5.88342138163425,0.31386861313868614,,0.053369875997304916,14.185168089432384,-9.02231644644055,58.97228266724916,0.053369875997304916,,-9.900921175169083,-2.6817611526700063,-0.6461498578439122,,,,,,,,138.79999999999998,2.1687499999999997,138.79999999999998,2.1687499999999997,,,,,,,,,,,,,,,,,,,"Emilio Bonifacio","4054",466988
"Micah Owings","SEA",44,126,120,23,14,5,1,3,11,13,5,0,60,1,0,0,,0,0,0.19166666666666668,0.03968253968253968,0.47619047619047616,0.08333333333333333,0.23015873015873015,0.325,0.24044388769164918,0.5551587301587302,0.13333333333333333,3.517857142857143,0.3508771929824561,,-0.04487651865929365,6.7673487239296675,-8.076017019826626,49.58079189891113,-0.04487651865929365,,-7.672344908605968,-2.9253389173083835,-0.6472875312623769,,,,,,,,75.19999999999999,1.7090909090909088,75.19999999999999,1.7090909090909088,,,,,,,,,,,,,,,,,,,"Micah Owings","4253",452249
"Engelb Vielma","MIN",116,469,424,98,86,8,3,1,41,24,28,0,95,2,3,12,,15,10,0.23113207547169812,0.05970149253731343,0.2025586353944563,0.29473684210526313,0.2800875273522976,0.27122641509433965,0.24723109818130928,0.5513139424466372,0.04009433962264153,5.143561192007809,0.2930513595166163,,-1.3576000286266208,27.81622966350669,-27.434076160475072,47.307688449138894,-1.3576000286266208,,-31.02872035960054,8.783533108087234,-0.6501752070213416,,,,,,,,264.99999999999994,2.284482758620689,264.99999999999994,2.284482758620689,,,,,,,,,,,,,,,,,,,"Engelb Vielma","15481",622713
"Hutton Moyer","LAA",96,417,387,81,53,17,2,9,42,42,18,1,138,9,2,1,,7,4,0.20930232558139536,0.04316546762589928,0.33093525179856115,0.13043478260869565,0.25961538461538464,0.3333333333333333,0.25824644479406883,0.592948717948718,0.12403100775193796,5.18564097477202,0.2975206611570248,,-0.4161887338850647,28.5224215150524,-20.602050827379145,60.211819366805585,-0.4161887338850647,,-20.336860839073353,-0.17918931365643864,-0.6534870659612209,,,,,,,,295,3.0729166666666665,295,3.0729166666666665,,,,,,,,,,,,,,,,,,,"Hutton Moyer","sa875235",656773
"Dusty Coleman","SDP",95,376,345,64,41,13,2,8,33,29,20,0,144,5,2,4,,8,4,0.1855072463768116,0.05319148936170213,0.3829787234042553,0.1388888888888889,0.239247311827957,0.30434782608695654,0.23880695543622457,0.5435951379149135,0.11884057971014494,5.279612686950717,0.28717948717948716,,-0.1870189937762916,19.686752470021194,-24.607735781188065,45.472951554069056,-0.1870189937762916,,-25.43732169429114,7.089390909020021,-0.6536365614584045,,,,,,,,216.7,2.281052631578947,216.7,2.281052631578947,,,,,,,,,,,,,,,,,,,"Dusty Coleman","8979",543038
"Gleyber Torres","NYY",128,552,506,112,76,21,4,11,58,55,38,0,170,3,2,3,,13,14,0.22134387351778656,0.06884057971014493,0.3079710144927536,0.2235294117647059,0.2786885245901639,0.3438735177865613,0.2726596908708305,0.6225620423767252,0.12252964426877472,5.082855337633982,0.308868501529052,,-3.3987703665625304,44.32137204030009,-20.70670645615606,65.62996385554821,-3.3987703665625304,,-26.177679266795128,1.0789459596866022,-0.6544588423002459,,,,,,,,416.79999999999995,3.2562499999999996,416.79999999999995,3.2562499999999996,,,,,,,,,,,,,,,,,,,"Gleyber Torres","16997",650402
"Austin Dean","MIA",136,562,519,125,83,27,4,11,62,59,34,1,119,2,5,2,,6,6,0.24084778420038536,0.060498220640569395,0.2117437722419929,0.2857142857142857,0.2875,0.371868978805395,0.2846466857333516,0.6593689788053949,0.13102119460500963,4.29629869489532,0.2893401015228426,,-1.5231612012721598,50.683150102701006,-15.52297329405326,78.30981381959866,-1.5231612012721598,,-16.536121958084436,-7.744825351595668,-0.6555163976030385,,,,,,,,488.09999999999997,3.588970588235294,488.09999999999997,3.588970588235294,,,,,,,,,,,,,,,,,,,"Austin Dean","18288",621573
"Carlos Moncrief","SFG",100,368,330,74,50,14,2,8,39,34,31,2,98,2,2,3,,6,2,0.22424242424242424,0.08423913043478261,0.266304347826087,0.3163265306122449,0.29315068493150687,0.3515151515151515,0.2810938708053147,0.6446658364466584,0.12727272727272726,4.933534570117286,0.2920353982300885,,0.1987868642900139,32.10869804158985,-11.243354289380918,73.9104956326178,0.1987868642900139,,-11.625648219425315,-6.488117353836275,-0.6557051883646144,,,,,,,,316.3999999999999,3.1639999999999993,316.3999999999999,3.1639999999999993,,,,,,,,,,,,,,,,,,,"Carlos Moncrief","7511",519037
"Ben Paulsen","MIN",131,459,424,98,60,22,4,12,42,46,31,1,125,2,2,0,,2,2,0.23113207547169812,0.06753812636165578,0.27233115468409586,0.248,0.28540305010893247,0.3867924528301887,0.2896198187853051,0.6721955029391211,0.1556603773584906,3.771902855525356,0.2975778546712803,,-0.6258952328935266,43.277813996125225,-10.794446927558415,76.44001314251594,-0.6258952328935266,,-13.609688161004119,-8.365379679652433,-0.6571942813753879,,,,,,,,421.4,3.2167938931297706,421.4,3.2167938931297706,,,,,,,,,,,,,,,,,,,"Ben Paulsen","9741",572019
"Taylor Lindsey","SDP",119,448,408,92,60,19,4,9,47,40,34,1,98,2,2,2,,4,3,0.22549019607843138,0.07589285714285714,0.21875,0.3469387755102041,0.28699551569506726,0.35784313725490197,0.28078062467360765,0.6448386529499692,0.1323529411764706,4.6813153450888185,0.2739273927392739,,-0.6423583312425762,38.973051428152964,-13.803360105202753,73.59512393898932,-0.6423583312425762,,-15.2113300850049,-5.528122562439844,-0.6640663511230591,,,,,,,,376.9,3.1672268907563024,376.9,3.1672268907563024,,,,,,,,,,,,,,,,,,,"Taylor Lindsey","sa548170",592506
"Kyle Jensen","ARI",135,524,482,112,61,26,2,23,62,75,32,1,169,6,4,0,,1,1,0.23236514522821577,0.061068702290076333,0.32251908396946566,0.1893491124260355,0.2862595419847328,0.43775933609958506,0.3080125201500625,0.7240188780843179,0.2053941908713693,3.1440981514509474,0.30272108843537415,,-0.42962656496092677,57.359196777184174,-4.370355998437241,83.96620105246897,-0.42962656496092677,,-10.777103678129002,-12.397630247629648,-0.665963277146329,,,,,,,,561.3,4.157777777777778,561.3,4.157777777777778,,,,,,,,,,,,,,,,,,,"Kyle Jensen","7706",571812
"Ali Solis","CHC",54,177,167,33,26,5,0,2,13,12,5,0,51,1,2,2,,0,1,0.19760479041916168,0.02824858757062147,0.288135593220339,0.09803921568627451,0.22285714285714286,0.2634730538922156,0.21287652799061366,0.48633019674935846,0.06586826347305391,1.926169729460704,0.2672413793103448,,-0.48153405636548996,5.480204482706871,-15.371190252569827,25.435444360989706,-0.48153405636548996,,-16.735990623799474,4.584253635776526,-0.667118388247985,,,,,,,,66.29999999999998,1.2277777777777774,66.29999999999998,1.2277777777777774,,,,,,,,,,,,,,,,,,,"Ali Solis","8848",455378
"Chris Berset","CIN",69,257,234,52,42,8,0,2,23,17,17,1,56,2,2,2,,0,1,0.2222222222222222,0.06614785992217899,0.2178988326848249,0.30357142857142855,0.2784313725490196,0.28205128205128205,0.24941873503482248,0.5604826546003017,0.05982905982905984,1.7989156202406822,0.2808988764044944,,-0.5443611824885011,15.706506351455296,-14.569247586206352,47.92078060612382,-0.5443611824885011,,-17.02842713009641,2.326487379449736,-0.6677599891638224,,,,,,,,153.39999999999998,2.223188405797101,153.39999999999998,2.223188405797101,,,,,,,,,,,,,,,,,,,"Chris Berset","sa549458",534592
"Juremi Profar","TEX",105,430,401,103,75,19,2,7,43,39,22,0,66,2,4,1,,1,3,0.256857855361596,0.05116279069767442,0.15348837209302327,0.3333333333333333,0.29603729603729606,0.36658354114713215,0.2875512436831192,0.6626208371844282,0.10972568578553615,3.007026921826677,0.2891566265060241,,-1.2513336439151317,39.80951566953376,-10.84641504328534,69.66409148648172,-1.2513336439151317,,-16.913048496179506,-4.203974791795349,-0.66991042225265,,,,,,,,373.59999999999997,3.558095238095238,373.59999999999997,3.558095238095238,,,,,,,,,,,,,,,,,,,"Juremi Profar","sa736995",642282
"Jeff Francoeur","MIA",113,317,298,73,51,13,1,8,31,35,15,1,73,1,3,0,,1,2,0.24496644295302014,0.0473186119873817,0.2302839116719243,0.2054794520547945,0.2807570977917981,0.37583892617449666,0.28172212631642063,0.6565960239662947,0.13087248322147652,2.6833061298414655,0.29545454545454547,,-0.767555761616677,27.823187885418953,-9.520835454031408,76.35037197028744,-0.767555761616677,,-10.0007151047844,-6.642187970866182,-0.6711364996725553,,,,,,,,273.6999999999999,2.4221238938053085,273.6999999999999,2.4221238938053085,,,,,,,,,,,,,,,,,,,"Jeff Francoeur","4792",425796
"Gustavo Nunez","DET",90,356,328,77,64,9,2,2,32,22,20,0,64,2,1,5,,10,8,0.2347560975609756,0.056179775280898875,0.1797752808988764,0.3125,0.28205128205128205,0.2926829268292683,0.25590106666597545,0.5747342088805503,0.05792682926829268,4.660676489203172,0.28517110266159695,,-1.4708220125176013,23.6611049118412,-18.277293538771822,55.06947332174072,-1.4708220125176013,,-20.675426107462748,2.0386122353703464,-0.672627779952273,,,,,,,,222.1,2.4677777777777776,222.1,2.4677777777777776,,,,,,,,,,,,,,,,,,,"Gustavo Nunez","sa446859",516631
"Joey Rickard","BAL",96,360,320,78,58,15,1,4,38,26,30,0,76,4,3,3,,8,3,0.24375,0.08333333333333333,0.2111111111111111,0.39473684210526316,0.3137254901960784,0.334375,0.28798569851562755,0.6481004901960784,0.09062499999999998,4.65464412198581,0.3045267489711934,,0.16437315847724676,33.457955103094584,-8.951661307637684,76.93982317033877,0.16437315847724676,,-9.80296023682981,-9.043373940482972,-0.6801974529699835,,,,,,,,312.3999999999999,3.254166666666666,312.3999999999999,3.254166666666666,,,,,,,,,,,,,,,,,,,"Joey Rickard","13277",572073
"Jake Cave","NYY",127,547,506,114,79,21,5,9,54,47,33,1,149,4,2,2,,7,5,0.22529644268774704,0.0603290676416819,0.27239488117001825,0.2214765100671141,0.27706422018348625,0.33992094861660077,0.26919573622153087,0.616985168800087,0.11462450592885373,4.98008674961015,0.3,,-0.9066980939824134,42.35640917616349,-22.082646870143602,63.24930574346978,-0.9066980939824134,,-25.042777458527947,-0.16464133405601356,-0.6828954939484496,,,,,,,,416.7,3.281102362204724,416.7,3.281102362204724,,,,,,,,,,,,,,,,,,,"Jake Cave","14477",595909
"Bruce Caldwell","STL",105,435,389,80,52,17,3,8,42,38,38,1,145,2,4,2,,3,1,0.20565552699228792,0.08735632183908046,0.3333333333333333,0.2620689655172414,0.27713625866050806,0.3264781491002571,0.2653105707356223,0.6036144077607651,0.12082262210796915,4.410981103660712,0.3,,-0.013919777469709516,32.28923805644297,-18.955715106525194,62.42790399827337,-0.013919777469709516,,-20.142884292597618,-0.41303541504727037,-0.6875730092438076,,,,,,,,323.5,3.080952380952381,323.5,3.080952380952381,,,,,,,,,,,,,,,,,,,"Bruce Caldwell","sa658271",621560
"Orlando Calixte","SFG",119,480,444,102,74,18,3,7,45,36,26,1,119,1,3,6,,12,6,0.22972972972972974,0.05416666666666667,0.24791666666666667,0.2184873949579832,0.2721518987341772,0.3310810810810811,0.26249294969042564,0.6032329798152583,0.10135135135135134,5.153886191810806,0.29595015576323985,,-0.2827723165974021,34.51350840660105,-22.03264680770864,61.44796091465402,-0.2827723165974021,,-23.073350595177015,1.0713446960247381,-0.6891199154139483,,,,,,,,349.2999999999999,2.935294117647058,349.2999999999999,2.935294117647058,,,,,,,,,,,,,,,,,,,"Orlando Calixte","11905",593525
"Tyler Horan","SFG",98,383,350,74,45,15,3,11,40,37,29,1,123,2,2,0,,5,5,0.21142857142857144,0.07571801566579635,0.32114882506527415,0.23577235772357724,0.2741514360313316,0.3657142857142857,0.2769887873327545,0.6398657217456173,0.15428571428571428,4.797693596666775,0.2889908256880734,,-1.2169450626242906,32.12011964023468,-12.99900004118326,71.16010789746576,-1.2169450626242906,,-14.82071125660668,-4.158461301664722,-0.6954278070819235,,,,,,,,316.9,3.233673469387755,316.9,3.233673469387755,,,,,,,,,,,,,,,,,,,"Tyler Horan","sa709555",641707
"Slade Heathcott","CHW",62,239,215,45,32,7,2,4,24,21,19,1,79,2,2,1,,3,3,0.20930232558139536,0.0794979079497908,0.3305439330543933,0.24050632911392406,0.2773109243697479,0.31627906976744186,0.26107593327131956,0.5935899941371898,0.1069767441860465,4.820010122713801,0.30597014925373134,,-0.7458738191053271,16.90539632897739,-11.249876788147647,60.3395863374271,-0.7458738191053271,,-12.126574249268431,-2.800440166923034,-0.6985651634575338,,,,,,,,166.59999999999997,2.687096774193548,166.59999999999997,2.687096774193548,,,,,,,,,,,,,,,,,,,"Slade Heathcott","10336",571761
"Jacob Hannemann","CHC",102,446,411,89,59,17,4,9,45,41,24,0,125,5,1,5,,19,6,0.21654501216545013,0.053811659192825115,0.2802690582959641,0.192,0.2675736961451247,0.34306569343065696,0.2665127073826433,0.6106393895757817,0.12652068126520682,6.763050356643433,0.28776978417266186,,1.1441536154597998,33.54816001492944,-18.992642538366656,61.371446867717594,1.1441536154597998,,-20.074120428157787,-0.9927881299433183,-0.7040583245413805,,,,,,,,350.40000000000003,3.435294117647059,350.40000000000003,3.435294117647059,,,,,,,,,,,,,,,,,,,"Jacob Hannemann","15644",595238
"Eric Jagielo","CIN",90,359,323,65,38,13,1,13,38,38,28,1,133,6,2,0,,0,0,0.20123839009287925,0.07799442896935933,0.37047353760445684,0.21052631578947367,0.2757660167130919,0.3684210526315789,0.28005749703119587,0.6441870693446708,0.16718266253869968,2.2209821428571423,0.2905027932960894,,-0.15931164124049246,31.01642307259759,-11.275388848104868,68.44861536961793,-0.15931164124049246,,-14.109485671225357,-4.215743066282009,-0.7065989412785628,,,,,,,,308.6,3.4288888888888893,308.6,3.4288888888888893,,,,,,,,,,,,,,,,,,,"Eric Jagielo","sa550383",592429
"Zac Shepherd","DET",125,492,443,80,46,18,2,14,48,49,42,0,195,3,3,1,,1,1,0.18058690744920994,0.08536585365853659,0.39634146341463417,0.2153846153846154,0.2545824847250509,0.32505643340857787,0.2551502137465778,0.5796389181336288,0.14446952595936793,3.3661478267730764,0.27848101265822783,,-0.413919783430174,32.39534802839004,-25.564461066277396,54.553437670435876,-0.413919783430174,,-27.25994487677857,3.6817501999924,-0.7068181853463027,,,,,,,,334.29999999999995,2.6743999999999994,334.29999999999995,2.6743999999999994,,,,,,,,,,,,,,,,,,,"Zac Shepherd","sa830224",626925
"Derrik Gibson","COL",99,385,345,88,70,13,3,2,41,29,31,0,78,4,2,3,,8,4,0.25507246376811593,0.08051948051948052,0.2025974025974026,0.3974358974358974,0.3219895287958115,0.32753623188405795,0.28970643004197727,0.6495257606798694,0.07246376811594202,5.198468099586998,0.32209737827715357,,-0.27452820516191423,36.3280782063346,-9.026650455142965,61.74191772128377,-0.27452820516191423,,-18.415087815435264,-0.7440408679192942,-0.7073273924346019,,,,,,,,330.4,3.337373737373737,330.4,3.337373737373737,,,,,,,,,,,,,,,,,,,"Derrik Gibson","sa456041",543214
"Francisco Arcia","LAA",77,292,270,56,44,9,1,2,24,19,15,1,76,5,1,1,,1,1,0.2074074074074074,0.05136986301369863,0.2602739726027397,0.19736842105263158,0.2611683848797251,0.27037037037037037,0.2369035112446752,0.5315387552500954,0.06296296296296297,3.05027609554664,0.27979274611398963,,-0.3510926573071629,14.830019014192402,-19.56889207451266,45.54354768484562,-0.3510926573071629,,-19.442856226113037,2.584711564561327,-0.7124462179950511,,,,,,,,153.29999999999995,1.9909090909090903,153.29999999999995,1.9909090909090903,,,,,,,,,,,,,,,,,,,"Francisco Arcia","10286",516472
"Garin Cecchini","KCR",125,486,445,105,75,21,3,6,46,40,33,1,105,4,3,1,,9,3,0.23595505617977527,0.06790123456790123,0.21604938271604937,0.3142857142857143,0.2927835051546392,0.33707865168539325,0.27633456738034556,0.6298621568400324,0.10112359550561797,4.943711000374837,0.29376854599406527,,0.32174046873115003,40.495806806442694,-16.75717534804587,68.00043165467783,0.32174046873115003,,-18.35040578390342,-5.112411464963641,-0.7158049124073512,,,,,,,,397.1,3.1768,397.1,3.1768,,,,,,,,,,,,,,,,,,,"Garin Cecchini","11608",594555
"Garrett Weber","MIA",103,375,347,81,61,12,2,6,37,30,22,0,90,4,2,0,,1,1,0.2334293948126801,0.058666666666666666,0.24,0.24444444444444444,0.2853333333333333,0.3314121037463977,0.2714507950146993,0.616745437079731,0.09798270893371758,3.1817178738440655,0.2964426877470356,,-0.40494447969831526,29.735552610226268,-14.441131150953177,69.4686255150032,-0.40494447969831526,,-14.50576477395155,-4.435484239453782,-0.7175655007162264,,,,,,,,286.29999999999995,2.7796116504854362,286.29999999999995,2.7796116504854362,,,,,,,,,,,,,,,,,,,"Garrett Weber","sa598344",519402
"Will Middlebrooks","TEX",100,374,351,77,51,14,1,11,35,42,17,2,101,2,3,1,,2,2,0.21937321937321938,0.045454545454545456,0.2700534759358289,0.16831683168316833,0.257372654155496,0.358974358974359,0.26340164167861735,0.616347013129855,0.1396011396011396,3.1120983616800726,0.2727272727272727,,-0.5720434105023742,27.172206923055622,-16.886672348094013,53.06689211867026,-0.5720434105023742,,-21.64690675524327,1.9548516375117269,-0.7181861178005182,,,,,,,,285.09999999999997,2.8509999999999995,285.09999999999997,2.8509999999999995,,,,,,,,,,,,,,,,,,,"Will Middlebrooks","7002",519025
"Nick Buss","SDP",117,452,414,99,69,19,5,6,45,39,27,1,84,2,5,4,,8,4,0.2391304347826087,0.059734513274336286,0.18584070796460178,0.32142857142857145,0.2857142857142857,0.3526570048309179,0.27638508529471073,0.6383712905452036,0.11352657004830918,5.388836473820329,0.2826747720364742,,-0.25657759769819677,37.68160863025068,-15.56602086322428,70.65013203373192,-0.25657759769819677,,-16.59504592777276,-4.801523315186433,-0.7182597491374938,,,,,,,,371.4,3.174358974358974,371.4,3.174358974358974,,,,,,,,,,,,,,,,,,,"Nick Buss","6835",502544
"Heiker Meneses","BOS",85,306,280,61,50,8,2,1,26,18,15,0,81,4,2,5,,7,6,0.21785714285714286,0.049019607843137254,0.2647058823529412,0.18518518518518517,0.26578073089701,0.2714285714285714,0.24004948871872353,0.5372093023255814,0.05357142857142855,4.8794535327975765,0.3,,-1.2132137275766581,16.33540430907911,-19.71276964004332,39.83623745291379,-1.2132137275766581,,-23.317182896790968,5.921288487772462,-0.7189395612068336,,,,,,,,159.09999999999997,1.8717647058823526,159.09999999999997,1.8717647058823526,,,,,,,,,,,,,,,,,,,"Heiker Meneses","sa506229",542344
"James Beresford","MIN",128,525,490,122,101,18,2,1,48,34,27,0,82,1,3,4,,3,2,0.24897959183673468,0.05142857142857143,0.15619047619047619,0.32926829268292684,0.28790786948176583,0.3,0.2602703836737576,0.5879078694817659,0.05102040816326531,3.343752734082474,0.2951219512195122,,-0.5089167894329876,36.78631307203958,-25.061044193611643,56.26914549061036,-0.5089167894329876,,-28.074114905244834,3.219472336180416,-0.7230335802159205,,,,,,,,350.29999999999984,2.7367187499999988,350.29999999999984,2.7367187499999988,,,,,,,,,,,,,,,,,,,"James Beresford","4626",503437
"Chris Johnson","BAL",113,353,333,82,60,15,0,7,28,36,17,2,98,1,1,1,,2,0,0.24624624624624625,0.04815864022662889,0.2776203966005666,0.17346938775510204,0.2840909090909091,0.35435435435435436,0.2757741231577737,0.6384452634452635,0.10810810810810811,2.454036571868099,0.32751091703056767,,0.2294692350551486,29.25037377621847,-12.334611204305112,68.54722312783821,0.2294692350551486,,-13.101064877436876,-5.938355773354473,-0.7241942299035862,,,,,,,,293.3,2.595575221238938,293.3,2.595575221238938,,,,,,,,,,,,,,,,,,,"Chris Johnson","1191",453400
"Yorman Rodriguez","CIN",68,263,245,56,37,9,2,8,31,24,15,0,86,1,1,1,,4,2,0.22857142857142856,0.057034220532319393,0.3269961977186312,0.1744186046511628,0.2748091603053435,0.3795918367346939,0.28250990887634625,0.6544009970400374,0.1510204081632653,5.550427473467763,0.3157894736842105,,-0.13838601554743946,23.25455368527573,-7.728027192564789,70.09172043813349,-0.13838601554743946,,-9.825935500130164,-5.62094999579105,-0.7244314136839841,,,,,,,,231.29999999999995,3.4014705882352936,231.29999999999995,3.4014705882352936,,,,,,,,,,,,,,,,,,,"Yorman Rodriguez","9922",550298
"Zach Borenstein","ARI",117,429,395,92,56,19,4,13,46,49,28,2,130,2,4,0,,7,3,0.23291139240506328,0.06526806526806526,0.30303030303030304,0.2153846153846154,0.28438228438228436,0.4,0.2919398420588473,0.6843822843822844,0.16708860759493674,5.582147581668067,0.30859375,,-0.017676237039268017,41.27047316339589,-9.2676530593934,73.19757795658963,-0.017676237039268017,,-14.178812041126424,-6.595495977729716,-0.729418967614224,,,,,,,,415.2,3.5487179487179485,415.2,3.5487179487179485,,,,,,,,,,,,,,,,,,,"Zach Borenstein","sa599252",605148
"Jason Martinson","TEX",127,506,461,87,54,15,3,15,48,49,34,0,216,6,3,2,,9,2,0.18872017353579176,0.06719367588932806,0.4268774703557312,0.1574074074074074,0.251984126984127,0.3318872017353579,0.25555981742957284,0.5838713287194849,0.14316702819956614,5.7440153049875065,0.3090128755364807,,0.7696171361021698,33.48818929729272,-26.12088265779208,47.67747326015375,0.7696171361021698,,-31.017641575976867,6.740940563542782,-0.7297516390715624,,,,,,,,359.29999999999995,2.829133858267716,359.29999999999995,2.829133858267716,,,,,,,,,,,,,,,,,,,"Jason Martinson","sa548330",592535
"Matt Beaty","LAD",109,477,444,109,79,21,1,8,49,48,25,1,81,3,4,1,,3,2,0.24549549549549549,0.05241090146750524,0.16981132075471697,0.30864197530864196,0.28781512605042014,0.35135135135135137,0.27769474267959593,0.6391664774017716,0.10585585585585588,3.2403269045535277,0.28133704735376047,,-0.45730879297479987,40.281251888695586,-15.911489855524671,72.8556129371921,-0.45730879297479987,,-16.403801274978143,-5.901537468824436,-0.7298968958500422,,,,,,,,392.29999999999995,3.599082568807339,392.29999999999995,3.599082568807339,,,,,,,,,,,,,,,,,,,"Matt Beaty","17710",607461
"Travis Ishikawa","SFG",101,363,326,70,49,12,0,9,36,37,27,1,113,6,3,1,,0,0,0.2147239263803681,0.0743801652892562,0.31129476584022037,0.23893805309734514,0.2845303867403315,0.3343558282208589,0.27247280972155835,0.6188862149611905,0.1196319018404908,1.4354707792207788,0.2946859903381642,,-0.1817499005701393,29.090142504065575,-13.67288737675613,68.13442291028365,-0.1817499005701393,,-14.427822952172441,-4.293481199409175,-0.7340964139813069,,,,,,,,284.4,2.8158415841584157,284.4,2.8158415841584157,,,,,,,,,,,,,,,,,,,"Travis Ishikawa","4793",448170
"Anthony Gose","DET",134,508,462,99,71,15,5,8,55,35,38,0,165,4,1,3,,20,9,0.21428571428571427,0.07480314960629922,0.3248031496062992,0.23030303030303031,0.27920792079207923,0.3203463203463203,0.2655280067188905,0.5995542411383996,0.10606060606060605,6.721054187494668,0.3137931034482759,,0.05886309058405459,37.79903700153245,-22.04564393361198,61.68574150414866,0.05886309058405459,,-23.310021749028063,-1.099610970203909,-0.7364174988057945,,,,,,,,378.4,2.823880597014925,378.4,2.823880597014925,,,,,,,,,,,,,,,,,,,"Anthony Gose","5097",543238
"Ryder Jones","SFG",126,511,483,115,76,26,1,12,51,53,18,0,106,3,5,2,,1,3,0.23809523809523808,0.03522504892367906,0.20743639921722112,0.16981132075471697,0.26719056974459726,0.37060041407867494,0.27386070960631304,0.6377909838232723,0.13250517598343686,2.626192271530779,0.27837837837837837,,-1.2468459920492023,41.53580434508434,-18.662290060149527,69.06430968266332,-1.2468459920492023,,-20.716017263896784,-2.7792878582644365,-0.7410232047363905,,,,,,,,411.4,3.265079365079365,411.4,3.265079365079365,,,,,,,,,,,,,,,,,,,"Ryder Jones","15982",624507
"Jose Rosario","CHC",86,332,315,74,54,12,3,5,31,29,9,0,72,4,1,3,,6,5,0.23492063492063492,0.02710843373493976,0.21686746987951808,0.125,0.26443768996960487,0.3396825396825397,0.262071071243576,0.6041202296521446,0.10476190476190478,5.02575265570424,0.28870292887029286,,-0.9989944521803409,23.7562682602094,-15.354822429688136,58.39557033742139,-0.9989944521803409,,-18.010564997884863,0.18608067198265021,-0.7431933444449514,,,,,,,,234.7,2.7290697674418603,234.7,2.7290697674418603,,,,,,,,,,,,,,,,,,,"Jose Rosario","sa507166",575348
"Brandon Allen","CIN",91,357,316,68,43,13,2,10,40,37,36,2,88,2,3,0,,1,1,0.21518987341772153,0.10084033613445378,0.24649859943977592,0.4090909090909091,0.2969187675070028,0.3639240506329114,0.28768578667036243,0.6608428181399142,0.14873417721518986,3.4466546266336797,0.26244343891402716,,-0.3869938722345978,33.09079003820668,-8.965412902436158,73.55953562349178,-0.3869938722345978,,-12.012290646345294,-6.612781976844057,-0.7437671129030308,,,,,,,,320.99999999999994,3.527472527472527,320.99999999999994,3.527472527472527,,,,,,,,,,,,,,,,,,,"Brandon Allen","7436",450315
"Ryan O'Hearn","KCR",132,558,514,117,70,24,1,22,58,62,39,3,184,2,3,0,,4,4,0.22762645914396887,0.06989247311827956,0.32974910394265233,0.21195652173913043,0.2831541218637993,0.4066147859922179,0.2945910498902604,0.6897689078560172,0.17898832684824903,2.8614208157092555,0.3054662379421222,,-1.0812596948817372,54.90119726133755,-10.833708175297465,80.54749060478123,-1.0812596948817372,,-14.113638168040302,-12.081402783671384,-0.7457890064519246,,,,,,,,542.6999999999999,4.111363636363635,542.6999999999999,4.111363636363635,,,,,,,,,,,,,,,,,,,"Ryan O'Hearn","16442",656811
"Jorge Bonifacio","KCR",133,562,516,115,76,22,4,13,56,54,36,0,157,5,3,2,,4,2,0.22286821705426357,0.06405693950177936,0.2793594306049822,0.22929936305732485,0.2785714285714286,0.35658914728682173,0.2768255387033735,0.6351605758582504,0.13372093023255816,4.360795785788967,0.2922636103151863,,-0.28199087525717914,47.056167687133104,-19.149955709621157,68.33785953157012,-0.28199087525717914,,-21.646377960143457,-4.706275332331447,-0.7480502023374638,,,,,,,,461.8,3.47218045112782,461.8,3.47218045112782,,,,,,,,,,,,,,,,,,,"Jorge Bonifacio","12174",593528
"Don Kelly","MIA",51,160,143,31,26,2,2,1,14,11,13,1,30,1,2,1,,1,1,0.21678321678321677,0.08125,0.1875,0.43333333333333335,0.2830188679245283,0.27972027972027974,0.24990706277799002,0.562739147644808,0.06293706293706297,4.400890400720764,0.2631578947368421,,-0.2972408349160105,9.842841553004211,-9.005876851765686,55.034420386333935,-0.2972408349160105,,-9.157918387823054,-3.282237391483076,-0.7518981948675636,,,,,,,,98.3,1.927450980392157,98.3,1.927450980392157,,,,,,,,,,,,,,,,,,,"Don Kelly","2216",430603
"Yefri Pérez","MIA",108,434,401,89,76,10,2,1,44,23,24,0,93,2,3,4,,31,12,0.22194513715710723,0.055299539170506916,0.21428571428571427,0.25806451612903225,0.26744186046511625,0.26433915211970077,0.23802891387495884,0.531781012584817,0.04239401496259354,6.567151286791994,0.2838709677419355,,1.0543503290973604,22.444906615388145,-28.6822420575502,47.07611325870049,1.0543503290973604,,-27.234038630298773,6.047290262371424,-0.7553380317185154,,,,,,,,250.49999999999997,2.319444444444444,250.49999999999997,2.319444444444444,,,,,,,,,,,,,,,,,,,"Yefri Perez","12090",570639
"Jeff Arnold","SFG",39,139,127,22,13,6,1,2,11,9,8,0,54,2,1,1,,1,1,0.1732283464566929,0.05755395683453238,0.38848920863309355,0.14814814814814814,0.2318840579710145,0.28346456692913385,0.22780783755191858,0.5153486249001483,0.11023622047244094,4.576178191662697,0.2777777777777778,,-0.2613396199885756,6.016245442256792,-10.358578671887056,38.20908948712,-0.2613396199885756,,-10.839402613648684,-1.010925035347734,-0.7598702457052054,,,,,,,,67.2,1.7230769230769232,67.2,1.7230769230769232,,,,,,,,,,,,,,,,,,,"Jeff Arnold","sa549361",594740
"Ryan McMahon","COL",135,552,500,119,71,27,4,17,54,64,42,1,178,5,4,1,,9,11,0.238,0.07608695652173914,0.322463768115942,0.23595505617977527,0.30127041742286753,0.41,0.30609495271335946,0.7112704174228675,0.172,4.457317247323998,0.3300970873786408,,-2.969575498951599,59.55076141485333,-5.477317081602813,72.72215528622625,-2.969575498951599,,-21.514107784793303,-3.480163317719043,-0.760985986049018,,,,,,,,554.6,4.108148148148148,554.6,4.108148148148148,,,,,,,,,,,,,,,,,,,"Ryan McMahon","15112",641857
"Harold Ramírez","TOR",104,441,409,102,77,16,5,4,45,42,20,0,95,8,2,2,,10,13,0.24938875305623473,0.045351473922902494,0.21541950113378686,0.21052631578947367,0.296127562642369,0.3422982885085575,0.2801776142761213,0.6384258511509264,0.09290953545232275,5.45392792840803,0.3141025641025641,,-3.562112837797031,38.14466443209476,-13.80711567105227,72.25204538931264,-3.562112837797031,,-18.254197288830436,-4.1596211261219445,-0.7644221584117779,,,,,,,,341.29999999999995,3.281730769230769,341.29999999999995,3.281730769230769,,,,,,,,,,,,,,,,,,,"Harold Ramirez","14387",623912
"Garrett Cooper","MIL",111,416,386,95,63,21,1,10,44,46,23,0,105,5,2,0,,1,2,0.24611398963730569,0.055288461538461536,0.25240384615384615,0.21904761904761905,0.2956730769230769,0.38341968911917096,0.29478476024591005,0.6790927660422479,0.13730569948186527,2.5096348851261894,0.31135531135531136,,-0.8236514099407941,40.99641920656904,-8.010248645832702,78.82759058648311,-0.8236514099407941,,-11.671169123537778,-9.099743221312114,-0.771347741996272,,,,,,,,386.9,3.4855855855855853,386.9,3.4855855855855853,,,,,,,,,,,,,,,,,,,"Garrett Cooper","15279",643265
"Nick Swisher","NYY",76,306,275,61,41,10,0,10,29,36,26,1,81,2,3,0,,0,0,0.22181818181818183,0.08496732026143791,0.2647058823529412,0.32098765432098764,0.2908496732026144,0.36727272727272725,0.28620171273340944,0.6581224004753417,0.14545454545454542,1.0600649350649347,0.2727272727272727,,-0.15258016344159842,27.988806746741595,-8.059367202380834,74.93693449028524,-0.15258016344159842,,-9.36066828590834,-8.589503037235723,-0.7756238553088362,,,,,,,,273.59999999999997,3.5999999999999996,273.59999999999997,3.5999999999999996,,,,,,,,,,,,,,,,,,,"Nick Swisher","4599",430897
"Henry Ramos","LAD",85,336,310,72,50,13,3,6,28,28,17,1,76,2,3,4,,4,4,0.23225806451612904,0.050595238095238096,0.2261904761904762,0.2236842105263158,0.2740963855421687,0.35161290322580646,0.2699601513381451,0.6257092887679752,0.11935483870967742,4.39827459242508,0.2857142857142857,,-0.9915066575631499,26.229768082638923,-13.352540567377861,67.67347101385823,-0.9915066575631499,,-14.36870316308951,-3.9104236982486866,-0.7766803069629327,,,,,,,,257.8,3.0329411764705885,257.8,3.0329411764705885,,,,,,,,,,,,,,,,,,,"Henry Ramos","11481",592656
"Glynn Davis","BAL",101,404,373,82,64,13,1,4,36,28,23,0,115,2,3,3,,12,9,0.21983914209115282,0.05693069306930693,0.28465346534653463,0.2,0.26683291770573564,0.29222520107238603,0.24768448336760598,0.5590581187781216,0.07238605898123321,4.586066117589931,0.3035019455252918,,-1.487285110866651,24.112244654314534,-23.480769317729457,49.24216991493162,-1.487285110866651,,-26.107864215869515,4.816950950532854,-0.7777664965294458,,,,,,,,239.79999999999995,2.3742574257425737,239.79999999999995,2.3742574257425737,,,,,,,,,,,,,,,,,,,"Glynn Davis","sa598601",607974
"Ben Carhart","CHC",77,304,283,69,49,14,0,6,32,31,14,0,54,4,2,1,,1,1,0.24381625441696114,0.046052631578947366,0.17763157894736842,0.25925925925925924,0.2871287128712871,0.3568904593639576,0.28076991566730414,0.6440191722352446,0.11307420494699644,2.3933605160419025,0.28,,-0.3600679610390216,26.443312840524687,-9.36925212853812,70.92371323836531,-0.3600679610390216,,-11.246342460869256,-6.040690034172382,-0.7792857892829267,,,,,,,,253.49999999999994,3.2922077922077913,253.49999999999994,3.2922077922077913,,,,,,,,,,,,,,,,,,,"Ben Carhart","sa549450",594781
"Pedro Ciriaco","DET",93,287,274,65,51,11,1,2,24,21,5,0,55,3,3,2,,8,3,0.23722627737226276,0.017421602787456445,0.1916376306620209,0.09090909090909091,0.256140350877193,0.30656934306569344,0.24448389463257372,0.5627096939428864,0.06934306569343068,5.017763668754498,0.2863636363636364,,0.2384194142650813,16.371275837326884,-17.43861280122912,47.22283964141565,0.2384194142650813,,-17.947772402755454,0.5933067527572804,-0.7805252294363786,,,,,,,,177.2,1.9053763440860214,177.2,1.9053763440860214,,,,,,,,,,,,,,,,,,,"Pedro Ciriaco","5278",465674
"Ryan McBroom","TOR",119,503,467,110,68,24,1,17,51,65,23,0,144,6,7,0,,4,3,0.23554603854389722,0.04572564612326044,0.28628230616302186,0.1597222222222222,0.27634194831013914,0.4004282655246253,0.28940956362673115,0.6767702138347644,0.16488222698072807,3.2288404651363054,0.2971246006389776,,-0.6468459831085056,47.33918210081142,-11.916476384183941,78.59684990812192,-0.6468459831085056,,-13.572708526772065,-11.155427765523875,-0.7863116383660679,,,,,,,,470.30000000000007,3.952100840336135,470.30000000000007,3.952100840336135,,,,,,,,,,,,,,,,,,,"Ryan McBroom","16524",643436
"Drew Robinson","TEX",122,508,454,94,54,19,4,17,55,54,48,1,175,3,1,2,,10,5,0.20704845814977973,0.09448818897637795,0.34448818897637795,0.2742857142857143,0.2865612648221344,0.3788546255506608,0.2894736654687636,0.6654158903727951,0.17180616740088106,5.390757463700847,0.29277566539923955,,-0.2820159997791052,47.836620835536344,-12.008060099608079,70.98530653753788,-0.2820159997791052,,-17.97884889697172,-6.9193372554038985,-0.7863804429283137,,,,,,,,468.1,3.8368852459016396,468.1,3.8368852459016396,,,,,,,,,,,,,,,,,,,"Drew Robinson","11761",592685
"Kean Wong","TBR",122,511,474,114,88,19,2,5,48,40,25,1,99,1,3,8,,10,10,0.24050632911392406,0.04892367906066536,0.19373776908023482,0.25252525252525254,0.2783300198807157,0.3206751054852321,0.26177327637653425,0.5990051253659479,0.08016877637130804,4.0510963667852815,0.29222520107238603,,-2.350868565728888,36.43905034549858,-23.75904405973528,62.036283502566945,-2.350868565728888,,-25.64269111952421,0.5702020690274334,-0.7938128741459072,,,,,,,,346.9,2.8434426229508194,346.9,2.8434426229508194,,,,,,,,,,,,,,,,,,,"Kean Wong","15994",642221
"Jason Leblebijian","TOR",108,437,403,85,56,18,1,10,41,42,26,0,149,4,3,1,,6,4,0.2109181141439206,0.059496567505720827,0.34096109839816935,0.174496644295302,0.26376146788990823,0.3349875930521092,0.2617113521886528,0.5987490609420174,0.12406947890818859,4.001077868335079,0.30364372469635625,,-0.6318955183960497,31.13983285438152,-20.340729288646262,59.56081207677858,-0.6318955183960497,,-21.84956665931387,-0.7179169067559981,-0.7939944097570988,,,,,,,,315.0999999999999,2.917592592592592,315.0999999999999,2.917592592592592,,,,,,,,,,,,,,,,,,,"Jason Leblebijian","sa658622",621037
"Alexi Amarista","COL",113,328,300,77,61,10,2,4,32,36,20,3,46,1,4,3,,9,2,0.25666666666666665,0.06097560975609756,0.1402439024390244,0.43478260869565216,0.30153846153846153,0.3433333333333333,0.2784618135564816,0.6448717948717948,0.08666666666666667,5.410970875064135,0.2874015748031496,,0.80327452509664,27.90624849759223,-10.733624232186063,54.20807450593325,0.80327452509664,,-17.69492685743427,-0.5616266185714527,-0.8003878169387437,,,,,,,,283.7,2.5106194690265484,283.7,2.5106194690265484,,,,,,,,,,,,,,,,,,,"Alexi Amarista","9063",506560
"Braden Bishop","SEA",107,478,440,95,83,10,0,2,40,25,25,0,116,4,2,7,,6,1,0.2159090909090909,0.05230125523012552,0.24267782426778242,0.21551724137931033,0.2632696390658174,0.25227272727272726,0.23250603878320908,0.5155423663385447,0.03636363636363635,3.632495082734811,0.28703703703703703,,0.5389598868787289,22.542056326679102,-33.76848990757097,44.12537856082028,0.5389598868787289,,-31.527893154957184,7.477249911362672,-0.8036348968894762,,,,,,,,235.4,2.2,235.4,2.2,,,,,,,,,,,,,,,,,,,"Braden Bishop","17806",623323
"Chris Dominguez","CHC",104,379,359,83,51,16,2,14,39,45,13,1,110,4,3,0,,7,4,0.23119777158774374,0.03430079155672823,0.29023746701846964,0.11818181818181818,0.2638522427440633,0.403899721448468,0.28357019894337526,0.6677519641925314,0.17270194986072424,4.895053408367578,0.28991596638655465,,-0.38926282268948853,33.842905893963405,-10.80499582733529,72.79989062402365,-0.38926282268948853,,-13.085546408971197,-6.8583559896019475,-0.8070959450853217,,,,,,,,348.29999999999995,3.349038461538461,348.29999999999995,3.349038461538461,,,,,,,,,,,,,,,,,,,"Chris Dominguez","9718",458689
"Trey Michalczewski","CHW",135,563,514,106,67,23,3,13,61,58,41,1,192,5,2,1,,4,1,0.20622568093385213,0.07282415630550622,0.3410301953818828,0.21354166666666666,0.2704626334519573,0.33852140077821014,0.2665801310709241,0.6089840342301674,0.132295719844358,4.577796035107921,0.2990353697749196,,0.1389598809182644,42.380233240546225,-23.943694646237855,64.12243411367103,0.1389598809182644,,-24.112909286050563,-2.8666537633578546,-0.8086981064458337,,,,,,,,428.3999999999999,3.173333333333333,428.3999999999999,3.173333333333333,,,,,,,,,,,,,,,,,,,"Trey Michalczewski","sa737859",641870
"Juan Pablo Pérez","DET",110,390,364,84,58,18,1,7,40,33,18,1,86,3,2,3,,10,3,0.23076923076923078,0.046153846153846156,0.2205128205128205,0.20930232558139536,0.2713178294573643,0.3434065934065934,0.26653462200584804,0.6147244228639577,0.11263736263736263,4.927700664473979,0.28205128205128205,,0.5957867274992168,29.342887396517188,-16.600863715109437,62.37755392413003,0.5957867274992168,,-17.020950911507963,-4.105151795284457,-0.8094125636526561,,,,,,,,303.7,2.7609090909090908,303.7,2.7609090909090908,,,,,,,,,,,,,,,,,,,"Juan Pablo Perez","2557",448722
"Omar Infante","DET",96,382,359,86,64,16,3,3,33,37,15,1,53,0,5,3,,3,2,0.2395543175487465,0.03926701570680628,0.1387434554973822,0.2830188679245283,0.26649076517150394,0.32590529247910865,0.2553277990174672,0.5923960576506127,0.08635097493036215,4.032807840738581,0.2694805194805195,,-0.39448166685178876,25.20846258308685,-19.792852608301285,54.67548598184031,-0.39448166685178876,,-21.182369759586248,0.3214261297756331,-0.8100102362033612,,,,,,,,259.3999999999999,2.7020833333333325,259.3999999999999,2.7020833333333325,,,,,,,,,,,,,,,,,,,"Omar Infante","1609",408299
"Jordan Pacheco","ATL",66,175,160,35,24,9,1,1,13,8,11,0,34,2,2,0,,1,0,0.21875,0.06285714285714286,0.19428571428571428,0.3235294117647059,0.2742857142857143,0.30625,0.2564777888570513,0.5805357142857144,0.08750000000000002,3.977540058008953,0.2677165354330709,,0.11697844346053898,11.714441636089305,-8.90134411912777,54.858693001257386,0.11697844346053898,,-9.612261898139423,-3.8982556503986627,-0.812580945552102,,,,,,,,118.10000000000001,1.7893939393939395,118.10000000000001,1.7893939393939395,,,,,,,,,,,,,,,,,,,"Jordan Pacheco","2677",457574
"Dylan Davis","SFG",119,503,461,106,72,20,3,11,57,56,37,1,146,3,2,0,,3,2,0.2299349240780911,0.073558648111332,0.29025844930417494,0.2534246575342466,0.29025844930417494,0.3579175704989154,0.282836417752908,0.6481760198030904,0.12798264642082433,4.105133809663329,0.3104575163398693,,-0.4685279226396233,44.610958637351196,-14.644699847644175,75.07799436549938,-0.4685279226396233,,-15.90747679080067,-8.0394326160404,-0.8132234911901557,,,,,,,,431.1999999999999,3.623529411764705,431.1999999999999,3.623529411764705,,,,,,,,,,,,,,,,,,,"Dylan Davis","sa709037",595929
"Jamie Romak","SDP",88,336,306,64,35,16,1,12,35,37,25,0,109,2,3,0,,2,1,0.20915032679738563,0.0744047619047619,0.3244047619047619,0.22935779816513763,0.2708333333333333,0.38562091503267976,0.2829513713007882,0.6564542483660131,0.17647058823529413,3.4494383607052956,0.2765957446808511,,-0.14884882839396596,29.8316369519511,-9.750671698065688,75.0495145596498,-0.14884882839396596,,-10.473729262879331,-8.27436958124608,-0.8246407128908044,,,,,,,,299.3,3.401136363636364,299.3,3.401136363636364,,,,,,,,,,,,,,,,,,,"Jamie Romak","5552",457449
"Christian Kelley","PIT",79,307,278,60,50,9,0,1,26,18,20,1,70,3,2,4,,0,5,0.2158273381294964,0.06514657980456026,0.2280130293159609,0.2857142857142857,0.2739273927392739,0.2589928057553957,0.23973509195624598,0.5329201984946697,0.04316546762589929,2.3073525366673384,0.2822966507177033,,-2.2102135997265577,16.309143605297255,-19.856834833854986,45.19666396281801,-2.2102135997265577,,-22.93128110037203,5.07836468138462,-0.8274010893907975,,,,,,,,148.5,1.879746835443038,148.5,1.879746835443038,,,,,,,,,,,,,,,,,,,"Christian Kelley","sa875583",664877
"Omar Carrizales","COL",117,513,480,130,100,15,7,8,50,43,23,0,100,1,3,6,,20,13,0.2708333333333333,0.04483430799220273,0.1949317738791423,0.23,0.3037475345167653,0.38125,0.29621965069272344,0.6849975345167653,0.11041666666666666,5.929298682958735,0.3253333333333333,,-1.6047455007210374,51.16308042400548,-9.27062296128801,66.10574669428605,-1.6047455007210374,,-23.01935650507889,-1.4650394538092237,-0.8356706527441651,,,,,,,,480.19999999999993,4.104273504273504,480.19999999999993,4.104273504273504,,,,,,,,,,,,,,,,,,,"Omar Carrizales","sa736953",642470
"Mike Baxter","SEA",94,330,296,64,46,12,2,4,33,25,27,2,75,5,2,0,,6,2,0.21621621621621623,0.08181818181818182,0.22727272727272727,0.36,0.2909090909090909,0.3108108108108108,0.2664038518943438,0.6017199017199018,0.09459459459459457,5.118475561173967,0.273972602739726,,0.21000599395483732,24.792987917914054,-14.082493791923858,67.42219157800533,0.21000599395483732,,-12.697717576854862,-6.691416073097754,-0.839638194042303,,,,,,,,248,2.6382978723404253,248,2.6382978723404253,,,,,,,,,,,,,,,,,,,"Mike Baxter","4464",488689
"Daniel Robertson","CLE",104,394,360,92,70,16,3,3,40,35,26,0,49,3,2,3,,8,3,0.25555555555555554,0.06598984771573604,0.12436548223350254,0.5306122448979592,0.309462915601023,0.3416666666666667,0.28704528003702384,0.6511295822676897,0.08611111111111114,5.040999619948117,0.2870967741935484,,0.14866637694649398,36.31213041064492,-10.102838661100956,72.77213049562616,0.14866637694649398,,-12.731567040829228,-8.826053338496564,-0.8396852642328483,,,,,,,,340.69999999999993,3.2759615384615377,340.69999999999993,3.2759615384615377,,,,,,,,,,,,,,,,,,,"Daniel Robertson","6266",543706
"Ronnier Mustelier","ATL",97,403,376,94,66,19,2,7,40,37,23,1,59,2,1,1,,5,2,0.25,0.05707196029776675,0.14640198511166252,0.3898305084745763,0.2960199004975124,0.3670212765957447,0.2879137062372412,0.6630411770932572,0.11702127659574468,4.249040112909404,0.2797427652733119,,-0.021407572086900473,37.430381659313625,-10.044827822700556,75.92061833935607,-0.021407572086900473,,-11.972762124251988,-9.101259805958527,-0.8446219212165711,,,,,,,,361.59999999999997,3.7278350515463914,361.59999999999997,3.7278350515463914,,,,,,,,,,,,,,,,,,,"Ronnier Mustelier","sa601536",608589
"David Washington","BAL",111,436,391,77,40,15,1,21,49,55,40,1,191,2,3,0,,3,4,0.1969309462915601,0.09174311926605505,0.4380733944954128,0.2094240837696335,0.27293577981651373,0.40153452685422,0.28970875781157923,0.6744703066707337,0.20460358056265987,3.147216627934455,0.3076923076923077,,-1.220676397671923,41.141206547723236,-10.221551105274731,78.12402316883728,-1.220676397671923,,-12.67231925356845,-10.444106633490776,-0.8535974908635529,,,,,,,,407.3,3.6693693693693694,407.3,3.6693693693693694,,,,,,,,,,,,,,,,,,,"David Washington","12110",572241
"Michael Martinez","CLE",99,308,286,67,51,11,2,3,31,23,16,1,63,1,2,3,,4,4,0.23426573426573427,0.05194805194805195,0.20454545454545456,0.25396825396825395,0.2754098360655738,0.3181818181818182,0.2589677603621232,0.593591654247392,0.0839160839160839,4.43590194864535,0.2882882882882883,,-0.9892628316301852,21.25024249806996,-15.033540431112096,53.47540702535514,-0.9892628316301852,,-18.193964646132706,-0.5961027552561506,-0.8545889130241986,,,,,,,,208.1,2.102020202020202,208.1,2.102020202020202,,,,,,,,,,,,,,,,,,,"Michael Martinez","7358",492841
"Peter O'Brien","KCR",127,496,467,101,50,21,3,27,59,72,22,1,186,4,3,0,,1,1,0.21627408993576017,0.04435483870967742,0.375,0.11827956989247312,0.2560483870967742,0.4475374732334047,0.2959551111616269,0.7035858603301789,0.23126338329764454,3.788160469667319,0.28793774319066145,,-0.37801856850273907,49.35934702102828,-9.071680033758401,81.48496348183154,-0.37801856850273907,,-11.404072200359895,-13.78517170221507,-0.8577181604230415,,,,,,,,507.4999999999999,3.9960629921259834,507.4999999999999,3.9960629921259834,,,,,,,,,,,,,,,,,,,"Peter O'Brien","13288",598284
"Joey Butler","WSN",102,379,344,82,59,14,1,8,39,35,30,1,98,3,1,1,,2,1,0.23837209302325582,0.079155672823219,0.25857519788918204,0.30612244897959184,0.30423280423280424,0.3546511627906977,0.289376241775027,0.6588839670235019,0.11627906976744187,3.2677580646124023,0.30962343096234307,,-0.21391978044994175,35.65866457627545,-8.989237145023246,74.7099187414347,-0.21391978044994175,,-12.018653325471853,-8.531989616481505,-0.8691455425484085,,,,,,,,336.7,3.3009803921568626,336.7,3.3009803921568626,,,,,,,,,,,,,,,,,,,"Joey Butler","7799",542994
"Jorge Mateo","NYY",121,529,496,108,76,17,5,10,51,46,26,1,151,2,2,3,,34,17,0.21774193548387097,0.04914933837429111,0.28544423440453687,0.17218543046357615,0.2585551330798479,0.3326612903225806,0.2563384693009513,0.5912164234024285,0.11491935483870966,6.896353993772763,0.29080118694362017,,-0.3965516204480082,35.35026917256373,-26.968306053206742,54.41294387024938,-0.3965516204480082,,-29.3507183492281,2.9155286863787886,-0.8708141906263988,,,,,,,,381.5999999999999,3.153719008264462,381.5999999999999,3.153719008264462,,,,,,,,,,,,,,,,,,,"Jorge Mateo","17273",622761
"Drew Ward","WSN",124,491,447,99,66,20,1,12,50,48,38,1,165,4,2,0,,1,2,0.2214765100671141,0.07739307535641547,0.3360488798370672,0.23030303030303031,0.28716904276985744,0.3512304250559284,0.2795938366529893,0.6383994678257858,0.12975391498881428,2.381576982577462,0.31985294117647056,,-0.859552624868229,42.23293645400512,-15.6090681506325,68.15575065988762,-0.859552624868229,,-20.11613721982618,-4.051064390914711,-0.8747761736686348,,,,,,,,406.19999999999993,3.275806451612903,406.19999999999993,3.275806451612903,,,,,,,,,,,,,,,,,,,"Drew Ward","sa737690",608380
"Pat Cantwell","TEX",65,236,218,46,38,5,1,2,18,14,12,0,65,3,1,2,,2,2,0.21100917431192662,0.05084745762711865,0.2754237288135593,0.18461538461538463,0.2606837606837607,0.2706422018348624,0.2377785169161283,0.5313259625186231,0.059633027522935755,3.5252597226653113,0.2894736842105263,,-0.5383860215079039,12.156302625881173,-15.645557021154426,35.456990720292744,-0.5383860215079039,,-18.826758751776403,2.238914843098968,-0.8788064049011857,,,,,,,,121.79999999999997,1.8738461538461533,121.79999999999997,1.8738461538461533,,,,,,,,,,,,,,,,,,,"Pat Cantwell","sa602546",607486
"Ryan Howard","PHI",106,370,343,74,37,16,0,21,41,65,22,2,114,2,3,0,,0,1,0.21574344023323616,0.05945945945945946,0.3081081081081081,0.19298245614035087,0.2648648648648649,0.446064139941691,0.2987475814702718,0.7109290048065559,0.2303206997084548,1.5066270630267518,0.25118483412322273,,-0.5421173565555364,37.67304853154353,-5.91461277948686,83.37657294189836,-0.5421173565555364,,-8.117229038244048,-12.270122126366797,-0.8817141933630166,,,,,,,,384.4,3.6264150943396225,384.4,3.6264150943396225,,,,,,,,,,,,,,,,,,,"Ryan Howard","2154",429667
"Cesar Galvez","COL",46,171,160,41,38,3,0,0,13,8,9,0,25,0,1,1,,10,10,0.25625,0.05263157894736842,0.14619883040935672,0.36,0.29411764705882354,0.275,0.25484014363849866,0.5691176470588235,0.018750000000000044,3.797349392201224,0.3014705882352941,,-2.202776054153219,11.215607089867198,-8.92896070523063,38.381660339083126,-2.202776054153219,,-15.179732773740461,1.0052468902850278,-0.8934910757956679,,,,,,,,96.3,2.0934782608695652,96.3,2.0934782608695652,,,,,,,,,,,,,,,,,,,"Cesar Galvez","sa547994",593997
"Sean Kazmar Jr.","ATL",89,335,316,77,54,17,2,4,34,30,13,0,54,2,3,1,,2,3,0.24367088607594936,0.03880597014925373,0.16119402985074627,0.24074074074074073,0.2754491017964072,0.34810126582278483,0.2699644392478966,0.623550367619192,0.10443037974683547,3.5935478926861997,0.2796934865900383,,-0.984018862945959,26.152888598979207,-13.311615561007764,63.89468899773581,-0.984018862945959,,-15.880464335543346,-3.547278066300981,-0.8973978934950144,,,,,,,,253.9,2.852808988764045,253.9,2.852808988764045,,,,,,,,,,,,,,,,,,,"Sean Kazmar Jr.","7349",453527
"Darnell Sweeney","LAD",132,536,489,107,69,22,5,11,55,52,38,1,150,2,3,4,,14,11,0.21881390593047034,0.0708955223880597,0.2798507462686567,0.25333333333333335,0.27631578947368424,0.35173824130879344,0.2729580377679311,0.6280540307824777,0.1329243353783231,5.5720693233420375,0.29003021148036257,,-1.9493810506537557,43.16864933106396,-19.97455732491519,69.68204163683745,-1.9493810506537557,,-21.963270467377264,-3.88591025675976,-0.9004471655081518,,,,,,,,421.7,3.19469696969697,421.7,3.19469696969697,,,,,,,,,,,,,,,,,,,"Darnell Sweeney","13284",572182
"Calten Daal","CIN",82,288,268,64,57,5,1,1,25,17,14,0,60,2,1,3,,10,4,0.23880597014925373,0.04861111111111111,0.20833333333333334,0.23333333333333334,0.2807017543859649,0.27611940298507465,0.24903985220089295,0.5568211573710395,0.03731343283582092,4.953886522866863,0.30288461538461536,,0.1972742306534201,17.511025355896045,-16.41666777268977,47.666930786390544,0.1972742306534201,,-18.365182211622532,0.3789631828429201,-0.9028216197201409,,,,,,,,175.8,2.1439024390243904,175.8,2.1439024390243904,,,,,,,,,,,,,,,,,,,"Calten Daal","sa729572",636072
"Dante Bichette Jr.","NYY",121,474,433,94,61,20,2,11,46,48,35,0,127,3,3,0,,2,2,0.21709006928406466,0.07383966244725738,0.2679324894514768,0.27559055118110243,0.27848101265822783,0.34872979214780603,0.274390391659636,0.6272108048060339,0.13163972286374137,3.250588069912765,0.2785234899328859,,-0.6416020144242793,38.735492075010335,-17.103836199120487,66.81941559195693,-0.6416020144242793,,-19.524829442697445,-5.4076329858635255,-0.9076733515970108,,,,,,,,378.4,3.127272727272727,378.4,3.127272727272727,,,,,,,,,,,,,,,,,,,"Dante Bichette Jr.","sa597776",605142
"Chris Shaw","SFG",134,559,518,118,70,27,3,18,60,61,33,1,165,5,3,0,,0,1,0.2277992277992278,0.059033989266547404,0.295169946332737,0.2,0.27906976744186046,0.39575289575289574,0.2897917421060651,0.6748226631947563,0.16795366795366795,2.95058752415642,0.2958579881656805,,-0.6498210013378412,52.78583385101491,-13.066876075649919,79.73803085995745,-0.6498210013378412,,-14.599371435772913,-12.075924246469574,-0.91013547778275,,,,,,,,518.6,3.8701492537313436,518.6,3.8701492537313436,,,,,,,,,,,,,,,,,,,"Chris Shaw","17738",622046
"Stephen Cardullo","COL",134,507,465,117,76,24,3,14,48,55,31,1,91,6,4,1,,5,6,0.25161290322580643,0.0611439842209073,0.1794871794871795,0.34065934065934067,0.30434782608695654,0.4064516129032258,0.3059982339934547,0.7107994389901824,0.15483870967741936,3.583241861757312,0.28296703296703296,,-1.709698248654604,54.65561686121493,-5.071259583899682,72.65735417249405,-1.709698248654604,,-18.782910927751963,-6.240254323003152,-0.9102810457669424,,,,,,,,512.2,3.8223880597014928,512.2,3.8223880597014928,,,,,,,,,,,,,,,,,,,"Stephen Cardullo","11204",506924
"Efren Navarro","DET",124,469,432,106,82,18,2,4,47,38,33,1,86,1,3,0,,1,2,0.24537037037037038,0.07036247334754797,0.18336886993603413,0.38372093023255816,0.29850746268656714,0.32407407407407407,0.2743751658843114,0.6225815367606412,0.07870370370370369,2.942578492945918,0.2956521739130435,,-0.8775032323319465,38.32099745525818,-16.929308368723586,67.76609282753189,-0.8775032323319465,,-19.028465114665895,-5.775335172566857,-0.9118371491189057,,,,,,,,361.09999999999985,2.912096774193547,361.09999999999985,2.912096774193547,,,,,,,,,,,,,,,,,,,"Efren Navarro","9854",519068
"Jose Lozada","WSN",57,160,145,31,27,3,1,0,12,9,9,0,39,1,1,4,,2,2,0.21379310344827587,0.05625,0.24375,0.23076923076923078,0.26282051282051283,0.2482758620689655,0.23044850199650496,0.5110963748894783,0.03448275862068964,4.0768398268398265,0.2897196261682243,,-0.502484806580469,7.273810332504844,-11.574908072265053,35.228594225030825,-0.502484806580469,,-13.265992942169497,-0.767220572469376,-0.9148155938964102,,,,,,,,71.2,1.249122807017544,71.2,1.249122807017544,,,,,,,,,,,,,,,,,,,"Jose Lozada","sa454600",543471
"Sebastián Elizalde","CIN",114,456,424,105,73,19,3,10,50,49,25,1,108,2,4,1,,7,5,0.24764150943396226,0.05482456140350877,0.23684210526315788,0.23148148148148148,0.29010989010989013,0.37735849056603776,0.28765926027613065,0.6674683806759278,0.1297169811320755,4.6370568317368726,0.3064516129032258,,-0.8707968790549785,42.25724643506965,-11.461601018524558,73.54176305690683,-0.8707968790549785,,-15.729896624424324,-7.723414998836618,-0.9155888210285743,,,,,,,,410.5,3.6008771929824563,410.5,3.6008771929824563,,,,,,,,,,,,,,,,,,,"Sebastian Elizalde","sa544568",590271
"Steven Duggar","SFG",127,576,520,119,85,22,5,7,59,45,50,1,148,3,3,0,,9,12,0.22884615384615384,0.08680555555555555,0.2569444444444444,0.33783783783783783,0.2986111111111111,0.33076923076923076,0.2781655695127404,0.6293803418803419,0.10192307692307692,4.682620406910843,0.30434782608695654,,-3.4241836441215128,48.86529228355195,-18.990093973619675,71.94854674320746,-3.4241836441215128,,-23.323795382786354,-4.050516268563648,-0.926337763215173,,,,,,,,447,3.5196850393700787,447,3.5196850393700787,,,,,,,,,,,,,,,,,,,"Steven Duggar","17719",621453
"Tony Campana","CHW",107,349,318,72,64,6,2,0,33,16,20,0,77,2,1,8,,17,8,0.22641509433962265,0.05730659025787966,0.22063037249283668,0.2597402597402597,0.2756598240469208,0.2578616352201258,0.2406618713982993,0.5335214592670465,0.03144654088050314,6.039151215999003,0.2975206611570248,,-0.07082199165597558,18.807256988623376,-22.306510031780963,46.30969653840699,-0.07082199165597558,,-22.568367383534824,1.6606481348606228,-0.9291170760448525,,,,,,,,189.9,1.7747663551401869,189.9,1.7747663551401869,,,,,,,,,,,,,,,,,,,"Tony Campana","4964",542999
"Drew Dosch","BAL",123,505,470,106,80,15,4,7,45,41,26,1,130,3,4,2,,3,2,0.225531914893617,0.05148514851485148,0.25742574257425743,0.2,0.268389662027833,0.3191489361702128,0.25640413972486065,0.5875385981980458,0.09361702127659577,4.0870074889213726,0.29376854599406527,,-0.46179644484072924,33.773841521346725,-25.717425943708257,55.23489289865541,-0.46179644484072924,,-27.603984622640745,1.3993461548160762,-0.9303805572128294,,,,,,,,342.7999999999999,2.7869918699186984,342.7999999999999,2.7869918699186984,,,,,,,,,,,,,,,,,,,"Drew Dosch","sa709292",641529
"Julio Borbon","BAL",113,421,393,95,82,7,2,4,39,26,20,0,73,1,1,6,,18,8,0.24173027989821882,0.047505938242280284,0.17339667458432304,0.273972602739726,0.27951807228915665,0.30025445292620867,0.2565253458827375,0.5797725252153654,0.058524173027989845,5.400865432846652,0.2870662460567823,,0.09103297046385705,28.198120560160625,-21.397569742390168,55.31819376491871,0.09103297046385705,,-22.49430885222855,-0.9399324855266213,-0.9380646620287736,,,,,,,,283.1,2.5053097345132747,283.1,2.5053097345132747,,,,,,,,,,,,,,,,,,,"Julio Borbon","3209",474865
"Carlos Peguero","STL",91,346,317,73,43,14,1,15,39,42,25,2,113,2,2,0,,4,1,0.2302839116719243,0.07225433526011561,0.3265895953757225,0.22123893805309736,0.28901734104046245,0.4227129337539432,0.30313461429851,0.7117302747944056,0.1924290220820189,4.071085279857427,0.3036649214659686,,0.23768822196871042,36.48191420746479,-4.2784393428501115,87.76984557013151,0.23768822196871042,,-4.9739563976090775,-15.269933308663612,-0.9450908797452173,,,,,,,,364.8999999999999,4.009890109890109,364.8999999999999,4.009890109890109,,,,,,,,,,,,,,,,,,,"Carlos Peguero","8760",451713
"Nicholas Torres","SDP",112,467,441,100,66,24,2,8,45,44,17,1,132,7,2,0,,6,4,0.22675736961451248,0.03640256959314775,0.2826552462526767,0.12878787878787878,0.26552462526766596,0.34467120181405897,0.2642470518918508,0.6101958270817249,0.11791383219954649,4.433922604970536,0.30363036303630364,,-0.6386269961949438,34.25471115073942,-20.75998569318272,62.51770344287784,-0.6386269961949438,,-22.19669447481811,-2.0237171721416383,-0.9582658839831737,,,,,,,,347.4,3.101785714285714,347.4,3.101785714285714,,,,,,,,,,,,,,,,,,,"Nicholas Torres","sa828872",657051
"Jacob Scavuzzo","LAD",121,492,460,110,72,23,3,12,55,51,23,0,125,6,3,0,,4,4,0.2391304347826087,0.046747967479674794,0.2540650406504065,0.184,0.28252032520325204,0.3804347826086957,0.2864013623173644,0.6629551078119478,0.14130434782608697,4.233269605421221,0.3006134969325153,,-1.0655529133509845,45.08266442673132,-12.877144667936118,78.68900951156607,-1.0655529133509845,,-13.978800919290261,-11.038570588227934,-0.9584685827296738,,,,,,,,436.00000000000006,3.6033057851239674,436.00000000000006,3.6033057851239674,,,,,,,,,,,,,,,,,,,"Jacob Scavuzzo","sa658601",621468
"José Marmolejos","WSN",119,502,459,111,70,28,4,9,52,53,34,2,129,4,5,0,,1,2,0.24183006535947713,0.06772908366533864,0.25697211155378485,0.26356589147286824,0.2968127490039841,0.3790849673202614,0.2913226029872894,0.6758977163242454,0.1372549019607843,3.4576799237539326,0.3128834355828221,,-0.8573087989352643,48.03750826852337,-11.100345726442182,76.0139721284523,-0.8573087989352643,,-15.686887224056417,-9.71969618180932,-0.9657521250457529,,,,,,,,461.4999999999999,3.878151260504201,461.4999999999999,3.878151260504201,,,,,,,,,,,,,,,,,,,"Jose Marmolejos","15767",592530
"Yadiel Rivera","MIL",129,465,437,94,70,14,6,4,43,35,16,0,120,5,2,5,,6,6,0.2151029748283753,0.034408602150537634,0.25806451612903225,0.13333333333333333,0.25,0.30205949656750575,0.24132349465204322,0.5520594965675057,0.08695652173913046,5.647422069163454,0.2857142857142857,,-1.4625779010821134,25.312244403018568,-29.466843460843947,43.008779549402945,-1.4625779010821134,,-34.10088798815296,9.850031378407957,-0.9678834082920622,,,,,,,,259.3999999999999,2.010852713178294,259.3999999999999,2.010852713178294,,,,,,,,,,,,,,,,,,,"Yadiel Rivera","11863",592680
"Michael Gettys","SDP",129,562,524,105,71,18,4,12,55,49,27,1,210,6,3,2,,18,14,0.20038167938931298,0.04804270462633452,0.3736654804270463,0.12857142857142856,0.24642857142857144,0.3187022900763359,0.2459069461643376,0.5651308615049073,0.1183206106870229,6.10402505970833,0.30491803278688523,,-2.3673567885998636,32.71796498830136,-33.488158408452904,50.22991387866611,-2.3673567885998636,,-36.815947666897586,9.4665116033156,-0.969321852137016,,,,,,,,345.8,2.68062015503876,345.8,2.68062015503876,,,,,,,,,,,,,,,,,,,"Michael Gettys","sa828692",656455
"Franchy Cordero","SDP",137,591,553,120,84,17,9,10,59,50,30,3,179,5,1,2,,16,12,0.21699819168173598,0.050761421319796954,0.30287648054145516,0.16759776536312848,0.2631578947368421,0.3345388788426763,0.258406475440634,0.5976967735795184,0.11754068716094032,6.54848597184411,0.3013698630136986,,-1.9770632786676288,40.50190575398019,-29.120547853638623,58.60454310277254,-1.9770632786676288,,-32.107603284758724,3.823956706746756,-0.9705527652528926,,,,,,,,415.4,3.0321167883211677,415.4,3.0321167883211677,,,,,,,,,,,,,,,,,,,"Franchy Cordero","14567",614173
"Alex Burg","TEX",86,333,301,64,43,14,0,7,31,30,25,0,99,3,3,1,,1,1,0.21262458471760798,0.07507507507507508,0.2972972972972973,0.25252525252525254,0.27710843373493976,0.3289036544850498,0.2671480164470443,0.6060120882199895,0.11627906976744184,2.080994335627255,0.2878787878787879,,-0.36904326477088034,25.222859216410416,-14.006035963516934,55.641647964606314,-0.36904326477088034,,-18.10413698733437,-2.7423653880124377,-0.9782860499905374,,,,,,,,246.89999999999995,2.870930232558139,246.89999999999995,2.870930232558139,,,,,,,,,,,,,,,,,,,"Alex Burg","sa502124",571529
"Victor Roache","MIL",97,371,342,70,39,14,2,15,40,47,25,0,149,3,1,0,,3,2,0.2046783625730994,0.0673854447439353,0.40161725067385445,0.16778523489932887,0.2641509433962264,0.3888888888888889,0.2814982541487866,0.6530398322851153,0.1842105263157895,4.428656572244244,0.30726256983240224,,-0.36979958158917725,32.49424951556181,-11.211216285498386,69.9256903798693,-0.36979958158917725,,-14.111368809733113,-7.28992607564102,-0.9821552769014636,,,,,,,,327.09999999999997,3.372164948453608,327.09999999999997,3.372164948453608,,,,,,,,,,,,,,,,,,,"Victor Roache","sa502154",572391
"Darin Mastroianni","TEX",90,363,334,75,57,14,1,3,33,26,22,0,79,3,2,2,,12,4,0.2245508982035928,0.06060606060606061,0.21763085399449036,0.27848101265822783,0.2770083102493075,0.2994011976047904,0.2560383839290228,0.5764095078540978,0.07485029940119758,5.140589014093806,0.28346456692913385,,0.5770798032172024,24.16748246843737,-18.595547412384335,48.006375724080314,0.5770798032172024,,-22.08347651767734,0.10159425108941567,-0.9904678502759308,,,,,,,,247.10000000000002,2.7455555555555557,247.10000000000002,2.7455555555555557,,,,,,,,,,,,,,,,,,,"Darin Mastroianni","7316",518991
"Jason Bourgeois","CHW",107,416,390,98,77,15,3,3,44,31,21,0,51,1,2,2,,11,4,0.2512820512820513,0.05048076923076923,0.12259615384615384,0.4117647058823529,0.2898550724637681,0.3282051282051282,0.2711279847195759,0.6180602006688963,0.07692307692307693,5.525460298796297,0.28106508875739644,,0.3389347593765706,32.8758295841625,-16.13083826823923,67.2480191104023,0.3389347593765706,,-16.019613279065297,-7.803607949083654,-0.9951662103714455,,,,,,,,323.29999999999995,3.0214953271028033,323.29999999999995,3.0214953271028033,,,,,,,,,,,,,,,,,,,"Jason Bourgeois","2225",430652
"Rafael Ynoa","COL",126,487,453,117,86,25,3,3,43,35,29,1,85,1,1,3,,7,5,0.2582781456953642,0.059548254620123205,0.17453798767967146,0.3411764705882353,0.3037190082644628,0.3465783664459161,0.28448768629544025,0.6502973747103789,0.08830022075055188,4.194944973465194,0.3114754098360656,,-0.9066980939824134,43.85549005513702,-13.515296589381364,58.245382537694745,-0.9066980939824134,,-25.950497952320916,0.6843085864373755,-1.0001744796375704,,,,,,,,409.29999999999995,3.248412698412698,409.29999999999995,3.248412698412698,,,,,,,,,,,,,,,,,,,"Rafael Ynoa","2832",501255
"Brandon Barnes","MIA",122,367,341,74,52,15,2,5,31,24,18,1,104,2,1,5,,9,7,0.21700879765395895,0.04904632152588556,0.28337874659400547,0.17307692307692307,0.2596685082872928,0.31671554252199413,0.25125867656723616,0.576384050809287,0.09970674486803519,4.87141709766998,0.296137339055794,,-1.2274329999927431,22.986332531254362,-20.247915309686594,55.939995635522834,-1.2274329999927431,,-21.142297417922325,-0.34384442805402937,-1.0038403420812545,,,,,,,,232.79999999999998,1.9081967213114752,232.79999999999998,1.9081967213114752,,,,,,,,,,,,,,,,,,,"Brandon Barnes","629",488681
"Luis Sardinas","SDP",132,484,453,109,88,17,3,1,48,35,22,2,86,2,2,5,,12,5,0.24061810154525387,0.045454545454545456,0.17768595041322313,0.2558139534883721,0.2776617954070981,0.2980132450331126,0.2523999996405228,0.5756750404402107,0.057395143487858735,5.47231650765679,0.29347826086956524,,0.1045210505835712,30.770219625273302,-26.247153549155637,54.58023093408231,0.1045210505835712,,-26.96976651174803,1.723546909066524,-1.0078882390727344,,,,,,,,314,2.378787878787879,314,2.378787878787879,,,,,,,,,,,,,,,,,,,"Luis Sardinas","13153",596143
"Jimmy Paredes","PHI",111,361,340,81,54,16,2,9,37,35,17,1,102,1,2,1,,7,3,0.23823529411764705,0.04709141274238227,0.28254847645429365,0.16666666666666666,0.275,0.3764705882352941,0.27952875831997165,0.6514705882352941,0.13823529411764707,5.029432359940549,0.3116883116883117,,0.011493500089272857,31.03171418178911,-11.495706718972974,70.50004659840984,0.011493500089272857,,-13.104321607248016,-8.241226911965292,-1.008974288412966,,,,,,,,314.90000000000003,2.836936936936937,314.90000000000003,2.836936936936937,,,,,,,,,,,,,,,,,,,"Jimmy Paredes","5481",517370
"Kevin Cron","ARI",117,492,461,104,60,22,1,21,54,65,22,2,150,5,4,0,,1,1,0.22559652928416485,0.044715447154471545,0.3048780487804878,0.14666666666666667,0.266260162601626,0.41431670281995664,0.28842373137571375,0.6805768654215827,0.1887201735357918,2.6321912684652133,0.282312925170068,,-0.4004568278323859,45.903704205777366,-12.056104888890074,70.84179938035129,-0.4004568278323859,,-18.06866780154607,-7.460370648895411,-1.0107952785306213,,,,,,,,468.3999999999999,4.0034188034188025,468.3999999999999,4.0034188034188025,,,,,,,,,,,,,,,,,,,"Kevin Cron","16211",605196
"Osvaldo Abreu","WSN",127,552,505,117,85,22,4,6,58,45,37,0,134,5,3,2,,16,12,0.2316831683168317,0.06702898550724638,0.2427536231884058,0.27611940298507465,0.28909090909090907,0.32673267326732675,0.27184670773419467,0.6158235823582359,0.09504950495049505,5.505487958791191,0.3016304347826087,,-2.0017453639302403,43.95106727639291,-21.077011220063234,62.96520861529302,-2.0017453639302403,,-27.179426802461187,-0.328044091582929,-1.018003647239229,,,,,,,,415.9999999999999,3.2755905511811014,415.9999999999999,3.2755905511811014,,,,,,,,,,,,,,,,,,,"Osvaldo Abreu","sa657398",622435
"Magneuris Sierra","STL",123,542,513,124,96,20,3,5,52,41,19,0,122,2,3,5,,21,16,0.24171539961013644,0.03505535055350553,0.22509225092250923,0.1557377049180328,0.27001862197392923,0.3216374269005848,0.25794583781027486,0.591656048874514,0.07992202729044834,5.265811505863994,0.3059125964010283,,-2.6182335957419127,36.93786541884961,-26.91216817730842,57.49356557472049,-2.6182335957419127,,-30.992243564918542,3.72691561837956,-1.0257604204231665,,,,,,,,361.59999999999997,2.9398373983739834,361.59999999999997,2.9398373983739834,,,,,,,,,,,,,,,,,,,"Magneuris Sierra","17023",642423
"Balbino Fuenmayor","ATL",82,325,311,77,52,16,1,8,31,32,10,1,82,2,2,0,,0,0,0.24758842443729903,0.03076923076923077,0.2523076923076923,0.12195121951219512,0.27384615384615385,0.38263665594855306,0.28054491881235144,0.6564828097947069,0.13504823151125403,2.0874773960216997,0.3094170403587444,,-0.141361033776775,28.20965000308343,-10.076809256605424,70.98356341907713,-0.141361033776775,,-11.755691846401982,-8.61420252027405,-1.0262690761078817,,,,,,,,283.5,3.457317073170732,283.5,3.457317073170732,,,,,,,,,,,,,,,,,,,"Balbino Fuenmayor","sa356978",515768
"Colin Walsh","ATL",80,308,263,52,36,10,1,5,30,26,41,1,95,2,1,1,,4,2,0.19771863117870722,0.1331168831168831,0.30844155844155846,0.43157894736842106,0.30944625407166126,0.30038022813688214,0.2769734189401265,0.6098264822085434,0.10266159695817492,4.034937370811083,0.2865853658536585,,-0.19448166387155652,25.82637310904358,-10.457409820138471,68.59067433160185,-0.19448166387155652,,-12.108988835561084,-7.831531760133343,-1.0376423170438849,,,,,,,,240.89999999999998,3.0112499999999995,240.89999999999998,3.0112499999999995,,,,,,,,,,,,,,,,,,,"Colin Walsh","10961",595023
"Roemon Fields","TOR",114,498,462,96,79,11,3,3,41,29,27,0,131,2,1,6,,28,11,0.2077922077922078,0.05421686746987952,0.26305220883534136,0.20610687022900764,0.2540650406504065,0.26406926406926406,0.23150487207784887,0.5181343047196706,0.05627705627705626,6.172622712133432,0.2826747720364742,,0.8506189910694957,23.073828996157577,-35.592807038688726,38.8009265720242,0.8506189910694957,,-35.741540547461874,8.716806080396003,-1.0384997817124793,,,,,,,,262.1999999999999,2.299999999999999,262.1999999999999,2.299999999999999,,,,,,,,,,,,,,,,,,,"Roemon Fields","sa829879",605231
"Eddy Rodriguez","MIN",45,156,146,26,17,6,0,3,12,12,5,0,63,2,2,1,,0,1,0.1780821917808219,0.03205128205128205,0.40384615384615385,0.07936507936507936,0.2129032258064516,0.2808219178082192,0.21499995185482887,0.4937251436146708,0.10273972602739728,2.1453597012700376,0.2804878048780488,,-0.4635834489017725,5.1033487078883235,-13.274151736762327,25.156318777126174,-0.4635834489017725,,-14.48182663683216,-0.9644187636266102,-1.0392056641038367,,,,,,,,63.39999999999999,1.4088888888888886,63.39999999999999,1.4088888888888886,,,,,,,,,,,,,,,,,,,"Eddy Rodriguez","6870",453256
"Hunter Cole","SFG",125,520,482,110,72,23,4,11,51,50,27,0,147,4,5,2,,3,4,0.22821576763485477,0.051923076923076926,0.2826923076923077,0.1836734693877551,0.2722007722007722,0.36099585062240663,0.273715385483959,0.6331966228231789,0.13278008298755187,3.9516555974811096,0.3009118541033435,,-1.270040568197146,42.20499850146832,-19.053336314033853,68.9669431646824,-1.270040568197146,,-21.144469309007885,-5.554022397182395,-1.0393357883192458,,,,,,,,414.4,3.3152,414.4,3.3152,,,,,,,,,,,,,,,,,,,"Hunter Cole","sa603087",607500
"Juan Ciriaco","COL",73,207,193,49,34,10,1,4,22,21,10,0,34,0,2,2,,7,2,0.2538860103626943,0.04830917874396135,0.1642512077294686,0.29411764705882354,0.28780487804878047,0.37823834196891193,0.2869366843525956,0.6660432200176924,0.12435233160621761,5.555185788034095,0.28662420382165604,,0.4818084267899394,19.059143833941363,-5.326385602229692,59.88620038338166,0.4818084267899394,,-9.744782877029337,-7.055737931892355,-1.0449759481026208,,,,,,,,191.4,2.621917808219178,191.4,2.621917808219178,,,,,,,,,,,,,,,,,,,"Juan Ciriaco","sa226165",473239
"Forrest Wall","COL",120,510,462,118,89,15,5,9,47,46,34,0,110,3,4,7,,20,15,0.2554112554112554,0.06666666666666667,0.21568627450980393,0.3090909090909091,0.3081510934393638,0.36796536796536794,0.29509984036800163,0.6761164614047317,0.11255411255411252,5.4443217344436325,0.31412103746397696,,-2.428696405608207,50.392628991650255,-9.687660923553793,65.3554787391035,-2.428696405608207,,-24.18932789829576,-2.266862237684731,-1.047076339618755,,,,,,,,462.4,3.853333333333333,462.4,3.853333333333333,,,,,,,,,,,,,,,,,,,"Forrest Wall","16496",657088
"Samir Dueñez","KCR",133,544,512,131,93,24,3,11,55,56,25,1,93,2,2,3,,16,5,0.255859375,0.04595588235294118,0.17095588235294118,0.26881720430107525,0.2920517560073937,0.37890625,0.2896134141418669,0.6709580060073936,0.123046875,5.20091623014307,0.2926829268292683,,0.884326629107818,51.28934903055007,-12.796293545667577,77.1265310013463,0.884326629107818,,-14.05547344350678,-14.619300872840858,-1.0478849185658872,,,,,,,,509.0999999999999,3.8278195488721796,509.0999999999999,3.8278195488721796,,,,,,,,,,,,,,,,,,,"Samir Duenez","sa739574",642279
"Josmar Cordero","LAD",82,320,302,68,46,15,1,6,30,31,11,0,83,5,1,1,,4,2,0.2251655629139073,0.034375,0.259375,0.13253012048192772,0.26332288401253917,0.34105960264900664,0.26300389658321033,0.6043824866615458,0.11589403973509935,4.215231285963371,0.2897196261682243,,-0.1585804489441216,23.1439219051818,-14.553514904358,63.01281115433212,-0.1585804489441216,,-14.735577199157834,-5.720024771116749,-1.0512941598398589,,,,,,,,234.39999999999998,2.8585365853658535,234.39999999999998,2.8585365853658535,,,,,,,,,,,,,,,,,,,"Josmar Cordero","sa547928",593588
"Mike Olt","BOS",80,292,262,50,27,12,0,11,31,35,27,0,113,1,2,0,,1,1,0.19083969465648856,0.09246575342465753,0.386986301369863,0.23893805309734514,0.2671232876712329,0.36259541984732824,0.27449409969865457,0.6297187075185611,0.17175572519083968,2.2312303168340955,0.2785714285714286,,-0.3331420498434454,23.887358786950173,-10.51155230175489,63.50884603147559,-0.3331420498434454,,-13.126492595120979,-7.145171416779955,-1.0615369519711026,,,,,,,,239.29999999999998,2.99125,239.29999999999998,2.99125,,,,,,,,,,,,,,,,,,,"Mike Olt","10698",592609
"Tyler Goeddel","PHI",112,401,367,82,58,12,4,8,40,37,27,1,100,4,2,1,,10,5,0.22343324250681199,0.06733167082294264,0.24937655860349128,0.27,0.2825,0.34332425068119893,0.27340628628742725,0.6258242506811988,0.11989100817438694,5.655807248478556,0.2835249042145594,,-0.24611478485167027,32.44426922607566,-14.795331275878892,66.39801746802063,-0.24611478485167027,,-16.84106784392749,-6.521793935244256,-1.085198947290779,,,,,,,,323,2.8839285714285716,323,2.8839285714285716,,,,,,,,,,,,,,,,,,,"Tyler Goeddel","13180",595963
"Stetson Allie","LAD",114,450,405,78,43,17,1,17,48,51,37,1,176,3,4,1,,3,3,0.1925925925925926,0.08222222222222222,0.39111111111111113,0.21022727272727273,0.26280623608017817,0.3654320987654321,0.2717248859948346,0.6282383348456102,0.1728395061728395,3.413450145204803,0.2824074074074074,,-0.8131885970942676,35.78443926435211,-17.227581249063224,68.85583541351056,-0.8131885970942676,,-18.073791191892088,-6.852267471570817,-1.0857144123613285,,,,,,,,363.9,3.1921052631578943,363.9,3.1921052631578943,,,,,,,,,,,,,,,,,,,"Stetson Allie","sa548192",592105
"Neftali Soto","WSN",100,392,368,89,64,19,0,6,37,37,20,1,87,2,2,0,,1,0,0.2418478260869565,0.05102040816326531,0.22193877551020408,0.22988505747126436,0.28316326530612246,0.3423913043478261,0.2723054634335706,0.6255545696539486,0.1005434782608696,2.301245157502389,0.2996389891696751,,0.00927479867823422,31.360018029114567,-14.819342062571684,63.27257290092293,0.00927479867823422,,-17.72213741903719,-5.392986060169989,-1.0891314969036046,,,,,,,,309.79999999999995,3.0979999999999994,309.79999999999995,3.0979999999999994,,,,,,,,,,,,,,,,,,,"Neftali Soto","5663",519304
"Harold Castro","DET",114,434,411,96,76,14,2,4,37,29,11,0,82,2,3,7,,9,9,0.23357664233576642,0.02534562211981567,0.1889400921658986,0.13414634146341464,0.25526932084309134,0.30656934306569344,0.24446564717370955,0.5618386639087848,0.07299270072992703,4.4235157078454606,0.2804878048780488,,-2.0872851198073477,24.750028683794696,-26.37711998914365,47.21029878411011,-2.0872851198073477,,-29.594890449903872,3.985240158230189,-1.1155010078855527,,,,,,,,247.0999999999999,2.167543859649122,247.0999999999999,2.167543859649122,,,,,,,,,,,,,,,,,,,"Harold Castro","14691",605612
"Terrance Gore","KCR",108,321,286,58,53,4,1,0,30,13,19,0,84,5,0,11,,35,5,0.20279720279720279,0.059190031152647975,0.2616822429906542,0.2261904761904762,0.2645161290322581,0.22377622377622378,0.2252308076427829,0.4882923528084818,0.02097902097902099,7.243971667262901,0.2871287128712871,,4.778567374916747,13.211036446387627,-24.60420485318198,32.87855723824019,4.778567374916747,,-21.090463939938015,-0.7532367615893194,-1.1218387182908978,,,,,,,,180.59999999999997,1.6722222222222218,180.59999999999997,1.6722222222222218,,,,,,,,,,,,,,,,,,,"Terrance Gore","13658",605253
"Brandon Dixon","CIN",113,464,437,95,61,18,2,14,49,51,19,1,163,3,3,2,,10,5,0.21739130434782608,0.040948275862068964,0.35129310344827586,0.1165644171779141,0.2532467532467532,0.36384439359267734,0.2643836849165066,0.6170911468394306,0.14645308924485126,5.126609467661163,0.30798479087452474,,-0.23265182925388217,34.08697280085956,-20.574310572973136,57.947230710457156,-0.23265182925388217,,-24.264066369893644,-1.5280905166560943,-1.1287597250805428,,,,,,,,361.2,3.1964601769911503,361.2,3.1964601769911503,,,,,,,,,,,,,,,,,,,"Brandon Dixon","15214",641525
"Ian Parmley","TOR",78,278,253,51,43,5,2,1,22,15,18,0,88,0,2,5,,7,3,0.2015810276679842,0.06474820143884892,0.31654676258992803,0.20454545454545456,0.25274725274725274,0.2490118577075099,0.22552328952502854,0.5017591104547626,0.047430830039525695,5.418807732568105,0.30120481927710846,,0.03393175941891968,11.508427554002568,-21.24122067428513,34.68998850581198,0.03393175941891968,,-21.765160390681984,1.207605911100142,-1.1392749072309956,,,,,,,,126.79999999999995,1.625641025641025,126.79999999999995,1.625641025641025,,,,,,,,,,,,,,,,,,,"Ian Parmley","13821",622210
"Matt Murton","CHC",106,410,387,102,75,20,1,6,38,40,18,1,59,2,3,0,,1,2,0.26356589147286824,0.04390243902439024,0.14390243902439023,0.3050847457627119,0.2975609756097561,0.3669250645994832,0.2874436570846073,0.6644860402092393,0.10335917312661497,2.2708334721507626,0.2953846153846154,,-0.8303828877396882,37.921512021599256,-10.378328890623605,75.39509041362133,-0.8303828877396882,,-13.254695897540158,-11.016570324199751,-1.1488308099350626,,,,,,,,360.5999999999999,3.4018867924528293,360.5999999999999,3.4018867924528293,,,,,,,,,,,,,,,,,,,"Matt Murton","6307",444875
"Parker Morin","KCR",72,254,236,48,35,9,2,2,20,18,13,0,72,1,2,2,,1,1,0.2033898305084746,0.051181102362204724,0.28346456692913385,0.18055555555555555,0.24603174603174602,0.2838983050847458,0.23329726523823208,0.5299300511164918,0.0805084745762712,3.797564109473118,0.2804878048780488,,-0.3196790942456573,12.14424872465429,-17.778091742917923,38.422358948873345,-0.3196790942456573,,-19.09859925231899,-0.928497368556342,-1.1681706882417795,,,,,,,,130.19999999999996,1.8083333333333327,130.19999999999996,1.8083333333333327,,,,,,,,,,,,,,,,,,,"Parker Morin","sa658263",605390
"Jonathan Rodríguez","MIN",119,490,447,100,70,17,1,12,50,46,39,1,150,2,2,0,,5,4,0.22371364653243847,0.07959183673469387,0.30612244897959184,0.26,0.28775510204081634,0.34675615212527966,0.27819536141822676,0.634511254166096,0.12304250559284119,3.3024650164682834,0.30662020905923343,,-0.8857473437674344,41.58147839958917,-16.14272171501864,68.58837250035899,-0.8857473437674344,,-19.365679386172932,-8.820247606669433,-1.184966300111054,,,,,,,,402.1,3.3789915966386554,402.1,3.3789915966386554,,,,,,,,,,,,,,,,,,,"Jonathan Rodriguez","sa503023",572088
"Abiatal Avelino","NYY",130,556,518,122,87,23,2,10,57,47,28,0,114,4,3,3,,22,18,0.23552123552123552,0.050359712230215826,0.20503597122302158,0.24561403508771928,0.27848101265822783,0.34555984555984554,0.2721496894820905,0.6240408582180734,0.11003861003861001,4.994808312200319,0.28211586901763225,,-3.24218449764885,44.40855811763755,-21.090738338937847,65.27945726230497,-3.24218449764885,,-26.42014124040292,-4.004574188129261,-1.1852742413444146,,,,,,,,424.7,3.266923076923077,424.7,3.266923076923077,,,,,,,,,,,,,,,,,,,"Abiatal Avelino","15496",623214
"Ray Chang","CIN",71,219,202,46,36,9,0,1,19,14,14,0,49,1,1,1,,1,1,0.22772277227722773,0.0639269406392694,0.2237442922374429,0.2857142857142857,0.2798165137614679,0.2871287128712871,0.2532420245879287,0.566945226632755,0.059405940594059375,2.295736066850413,0.29411764705882354,,-0.3241667461115867,14.075051175158562,-11.724132141370234,50.482367663996705,-0.3241667461115867,,-13.679992354979646,-4.875196407291204,-1.185396718857085,,,,,,,,135.19999999999996,1.9042253521126755,135.19999999999996,1.9042253521126755,,,,,,,,,,,,,,,,,,,"Ray Chang","sa295642",490675
"Chris Curley","MIA",94,373,347,79,54,15,2,8,38,36,18,0,92,4,2,2,,3,2,0.2276657060518732,0.04825737265415549,0.24664879356568364,0.1956521739130435,0.2722371967654987,0.3515850144092219,0.27126144816611975,0.6238222111747206,0.12391930835734871,4.274036255205885,0.285140562248996,,-0.3899940149858594,29.518684867731416,-14.422389913388404,69.34176396553558,-0.3899940149858594,,-14.473888062910053,-8.99862667646638,-1.1874689242553205,,,,,,,,291.59999999999997,3.102127659574468,291.59999999999997,3.102127659574468,,,,,,,,,,,,,,,,,,,"Chris Curley","sa511667",577029
"Victor Reyes","ARI",131,520,491,124,98,14,7,5,47,43,22,1,94,1,2,4,,13,7,0.2525458248472505,0.04230769230769231,0.18076923076923077,0.23404255319148937,0.28488372093023256,0.34012219959266804,0.2713765719561901,0.6250059205229006,0.08757637474541752,5.687059102187986,0.3020304568527919,,-0.5373804587870836,41.20145171414293,-20.056883101359244,59.42027811286842,-0.5373804587870836,,-26.52575779613876,-1.6456325159291527,-1.189964861315572,,,,,,,,404.99999999999994,3.091603053435114,404.99999999999994,3.091603053435114,,,,,,,,,,,,,,,,,,,"Victor Reyes","15487",622682
"Matt Oberste","NYM",117,457,424,99,68,19,3,9,48,47,25,1,108,3,5,0,,1,2,0.23349056603773585,0.05470459518599562,0.2363238512035011,0.23148148148148148,0.2778993435448578,0.3561320754716981,0.27392803446242686,0.6340314190165559,0.12264150943396226,3.386012724629786,0.28846153846153844,,-0.8326267136726528,37.17189023155638,-16.664761712067637,71.98295522366625,-0.8326267136726528,,-16.60166756388812,-9.572546534927925,-1.1905956308507055,,,,,,,,367.49999999999994,3.1410256410256405,367.49999999999994,3.1410256410256405,,,,,,,,,,,,,,,,,,,"Matt Oberste","sa737845",643473
"Luis Mendez","TEX",93,346,314,66,55,8,1,2,28,20,21,0,84,5,2,4,,8,7,0.21019108280254778,0.06069364161849711,0.24277456647398843,0.25,0.26900584795321636,0.2611464968152866,0.23964116517563314,0.530152344768503,0.05095541401273884,4.179007952412628,0.2782608695652174,,-1.4498712623026222,18.354172578643826,-22.406180971671077,36.73712546161666,-1.4498712623026222,,-27.730688824454504,4.2687808955717905,-1.2007195732887412,,,,,,,,176.89999999999995,1.9021505376344081,176.89999999999995,1.9021505376344081,,,,,,,,,,,,,,,,,,,"Luis Mendez","sa548109",593642
"Wuilmer Becerra","NYM",98,400,379,87,60,18,2,7,40,40,17,0,105,2,1,1,,8,4,0.22955145118733508,0.0425,0.2625,0.1619047619047619,0.2656641604010025,0.34300791556728233,0.2643799290322421,0.6086720759682849,0.11345646437994725,4.911185148993319,0.29850746268656714,,-0.21618873090483248,29.38408169639175,-17.737714315532997,65.58576689737376,-0.21618873090483248,,-17.169902292081446,-7.315571041123998,-1.2032571814676336,,,,,,,,298.59999999999997,3.0469387755102035,298.59999999999997,3.0469387755102035,,,,,,,,,,,,,,,,,,,"Wuilmer Becerra","sa659205",610141
"Erick Mejia","LAD",105,458,429,98,76,13,6,3,44,34,24,0,106,1,1,3,,15,9,0.22843822843822845,0.05240174672489083,0.2314410480349345,0.22641509433962265,0.2703296703296703,0.3076923076923077,0.2542066236118694,0.578021978021978,0.07925407925407926,6.224151595079052,0.29595015576323985,,-0.9142110131215304,29.800040012669918,-24.15441642098391,57.11867724819012,-0.9142110131215304,,-25.10223582598643,-1.2968093293474263,-1.2103364485116295,,,,,,,,298.19999999999993,2.8399999999999994,298.19999999999993,2.8399999999999994,,,,,,,,,,,,,,,,,,,"Erick Mejia","15817",625510
"Bobby Boyd","HOU",103,459,423,94,73,13,4,4,44,32,26,0,116,2,2,6,,22,10,0.2222222222222222,0.05664488017429194,0.25272331154684097,0.22413793103448276,0.2693156732891832,0.30023640661938533,0.25167127252940835,0.5695520799085685,0.07801418439716312,6.562562801887724,0.29508196721311475,,0.07605738122947514,28.90484419178292,-25.167416731900726,56.42592629629649,0.07605738122947514,,-23.937400411655386,-3.7501838093712214,-1.241396780731246,,,,,,,,299.3,2.9058252427184468,299.3,2.9058252427184468,,,,,,,,,,,,,,,,,,,"Bobby Boyd","sa827122",656249
"Brennan Boesch","BOS",70,252,235,56,37,11,1,7,24,27,14,1,60,1,2,0,,3,2,0.23829787234042554,0.05555555555555555,0.23809523809523808,0.23333333333333334,0.28174603174603174,0.3829787234042553,0.28500567299436286,0.6647247551502871,0.14468085106382977,3.862385246515152,0.28823529411764703,,-0.33389836666174233,22.800900374010208,-6.88583111350238,70.7330925273686,-0.33389836666174233,,-9.18895262183435,-11.630707846747505,-1.2561525774299205,,,,,,,,227.09999999999997,3.2442857142857138,227.09999999999997,3.2442857142857138,,,,,,,,,,,,,,,,,,,"Brennan Boesch","914",453269
"Edwin Garcia","TEX",78,305,287,67,57,9,1,0,24,17,14,0,58,0,2,2,,3,2,0.23344947735191637,0.04590163934426229,0.1901639344262295,0.2413793103448276,0.26732673267326734,0.27177700348432055,0.23923385792439528,0.5391037361575879,0.03832752613240417,3.568232788925855,0.29004329004329005,,-0.378774885321036,16.07674748910266,-19.853621969989955,36.45719705321101,-0.378774885321036,,-23.64790020819147,0.9848443137450051,-1.2610612461715724,,,,,,,,162.1,2.078205128205128,162.1,2.078205128205128,,,,,,,,,,,,,,,,,,,"Edwin Garcia","sa499640",542655
"Gabriel Guerrero","CIN",132,487,461,100,62,21,4,13,45,50,22,1,137,0,4,0,,7,3,0.21691973969631237,0.045174537987679675,0.2813141683778234,0.16058394160583941,0.25051334702258726,0.3644251626898048,0.26238312385209794,0.6149385097123921,0.14750542299349242,4.950412247886618,0.2761904761904762,,-0.015432411106303334,34.972696517836695,-22.398090126681684,56.60686366268539,-0.015432411106303334,,-26.0419915728174,-1.8299358425106735,-1.266655760353572,,,,,,,,375.80000000000007,2.8469696969696976,375.80000000000007,2.8469696969696976,,,,,,,,,,,,,,,,,,,"Gabriel Guerrero","14528",602115
"Mike Papi","CLE",122,496,436,87,53,22,1,11,48,45,55,0,159,2,2,1,,4,3,0.19954128440366972,0.11088709677419355,0.32056451612903225,0.34591194968553457,0.2909090909090909,0.3302752293577982,0.276847584560664,0.6211843202668891,0.13073394495412846,3.083397853085191,0.2835820895522388,,-0.6760157202370465,41.53902145324939,-16.8920056015373,65.76360154008385,-0.6760157202370465,,-21.064437056065422,-8.421062186071271,-1.2970837464662839,,,,,,,,394.30000000000007,3.2319672131147548,394.30000000000007,3.2319672131147548,,,,,,,,,,,,,,,,,,,"Mike Papi","sa599318",596068
"Brooks Conrad","KCR",75,279,256,49,32,12,1,4,27,26,17,1,84,5,1,0,,2,0,0.19140625,0.06093189964157706,0.3010752688172043,0.20238095238095238,0.25448028673835127,0.29296875,0.24207686606070977,0.5474490367383513,0.1015625,4.645342817111979,0.26627218934911245,,0.2810772315133363,15.36078774276578,-17.50666497555173,44.45627972294241,0.2810772315133363,,-18.324922892968942,-3.9069675440510743,-1.3070400541587182,,,,,,,,166.29999999999998,2.217333333333333,166.29999999999998,2.217333333333333,,,,,,,,,,,,,,,,,,,"Brooks Conrad","3664",462405
"Kyle Wren","MIL",124,496,447,109,88,14,5,2,49,33,39,0,92,1,3,6,,23,10,0.24384787472035793,0.07862903225806452,0.18548387096774194,0.42391304347826086,0.3040816326530612,0.31096196868008946,0.27392382877213617,0.6150436013331506,0.06711409395973153,6.24214700266271,0.300561797752809,,0.21547408401966095,40.34238713084507,-18.088639923941614,64.85085894318459,0.21547408401966095,,-21.25606357456398,-7.316842153379316,-1.3090747536629637,,,,,,,,386.99999999999994,3.1209677419354835,386.99999999999994,3.1209677419354835,,,,,,,,,,,,,,,,,,,"Kyle Wren","sa621577",592881
"Ashley Graeter","COL",75,278,256,61,45,10,1,5,24,24,15,0,67,3,2,2,,5,4,0.23828125,0.0539568345323741,0.24100719424460432,0.22388059701492538,0.286231884057971,0.34375,0.2757810224657473,0.629981884057971,0.10546875,3.7903269959725803,0.3010752688172043,,-0.7802875249180943,23.037287791929245,-9.71236043635845,52.411956354927206,-0.7802875249180943,,-17.073600546020046,-4.586722080179133,-1.311081580518666,,,,,,,,219.59999999999997,2.9279999999999995,219.59999999999997,2.9279999999999995,,,,,,,,,,,,,,,,,,,"Ashley Graeter","sa660832",624872
"Bubba Starling","KCR",116,467,435,82,51,20,2,9,41,38,23,1,170,5,3,1,,8,2,0.18850574712643678,0.04925053533190578,0.3640256959314775,0.13529411764705881,0.23605150214592274,0.3057471264367816,0.23593730862422657,0.5417986285827043,0.11724137931034481,5.116237624940438,0.28185328185328185,,0.6055183480493724,23.345546522965588,-31.66915032095655,40.23677089689859,0.6055183480493724,,-32.90373775982677,4.249282441932548,-1.312561163385148,,,,,,,,271.79999999999995,2.3431034482758615,271.79999999999995,2.3431034482758615,,,,,,,,,,,,,,,,,,,"Bubba Starling","13356",605490
"Josh Naylor","SDP",131,547,520,132,93,26,2,11,58,57,22,2,121,2,2,1,,11,6,0.25384615384615383,0.04021937842778794,0.22120658135283364,0.18181818181818182,0.2857142857142857,0.375,0.2840875114369042,0.6607142857142857,0.12115384615384617,4.48947454185144,0.31025641025641026,,-0.5164297085721046,49.078006366070106,-15.361049680236977,75.81072341610175,-0.5164297085721046,,-16.812277540063736,-13.510675830044935,-1.3221948982059244,,,,,,,,485.49999999999983,3.7061068702290063,485.49999999999983,3.7061068702290063,,,,,,,,,,,,,,,,,,,"Josh Naylor","18839",647304
"Yasiel Balaguert","CHC",114,485,459,103,69,19,2,13,46,55,22,0,138,1,3,0,,2,1,0.22440087145969498,0.04536082474226804,0.2845360824742268,0.15942028985507245,0.2597938144329897,0.35947712418300654,0.2669204174857779,0.6192709386159962,0.13507625272331156,3.4203176025466306,0.28938906752411575,,-0.21616360638290644,36.644910351548084,-20.49026731291066,61.64461083007167,-0.21616360638290644,,-23.126680426124736,-5.477759839926376,-1.348071733461687,,,,,,,,376.49999999999994,3.302631578947368,376.49999999999994,3.302631578947368,,,,,,,,,,,,,,,,,,,"Yasiel Balaguert","sa656575",622017
"Preston Beck","TEX",112,457,418,95,64,20,4,7,43,41,34,2,103,3,1,1,,5,2,0.22727272727272727,0.07439824945295405,0.22538293216630198,0.3300970873786408,0.2894736842105263,0.3444976076555024,0.27688104308124156,0.6339712918660287,0.11722488038277515,4.627544267988551,0.284789644012945,,-0.041602005483582616,38.285465555660714,-15.551186387963305,62.33082584297788,-0.041602005483582616,,-20.71044423694321,-7.982677920575285,-1.351158912929979,,,,,,,,375.5,3.3526785714285716,375.5,3.3526785714285716,,,,,,,,,,,,,,,,,,,"Preston Beck","sa621361",621324
"Aderlin Rodríguez","BAL",113,457,433,100,67,17,2,14,47,55,17,1,131,4,2,1,,1,2,0.23094688221709006,0.037199124726477024,0.28665207877461707,0.1297709923664122,0.26535087719298245,0.37644341801385683,0.2752731190932976,0.6417942952068393,0.14549653579676677,3.052363743411068,0.296551724137931,,-0.8146761062089354,37.6791197209071,-16.157532222716924,68.20290008927867,-0.8146761062089354,,-18.261547617995035,-10.43604665318354,-1.3516162630369482,,,,,,,,378.59999999999997,3.350442477876106,378.59999999999997,3.350442477876106,,,,,,,,,,,,,,,,,,,"Aderlin Rodriguez","sa511026",573669
"Roberto Baldoquin","LAA",81,321,299,59,47,9,2,1,23,18,14,0,88,3,2,3,,3,5,0.19732441471571907,0.04361370716510903,0.27414330218068533,0.1590909090909091,0.2389937106918239,0.2508361204013378,0.21839632721816968,0.4898298310931617,0.05351170568561872,3.8280900228296297,0.27358490566037735,,-1.5922629833221436,11.400741994041455,-26.414499305528153,32.82419011665764,-1.5922629833221436,,-27.482247732919205,3.3642897877112903,-1.3544204174002294,,,,,,,,120.99999999999997,1.493827160493827,120.99999999999997,1.493827160493827,,,,,,,,,,,,,,,,,,,"Roberto Baldoquin","sa857538",660168
"Kyle Waldrop","SEA",125,469,443,101,70,20,2,9,44,42,20,3,129,2,4,0,,5,4,0.22799097065462753,0.042643923240938165,0.27505330490405117,0.15503875968992248,0.2622601279317697,0.3431151241534989,0.25919675942142634,0.6053752520852687,0.11512415349887134,3.9952272574176977,0.2977346278317152,,-0.838626999175176,32.44694655448648,-22.803359269495285,62.469002261967475,-0.838626999175176,,-21.972388590783975,-7.3994829772431165,-1.3790005639401148,,,,,,,,340.8999999999999,2.7271999999999994,340.8999999999999,2.7271999999999994,,,,,,,,,,,,,,,,,,,"Kyle Waldrop","11402",592835
"Gavin LaValley","CIN",116,479,441,104,65,26,2,11,51,54,32,0,133,3,3,0,,2,1,0.23582766439909297,0.06680584551148225,0.2776617954070981,0.24060150375939848,0.29018789144050106,0.3786848072562358,0.2900942450774239,0.6688726986967368,0.14285714285714285,3.5617862196526517,0.31,,-0.2341142138466239,45.35107551860955,-11.077275205670333,75.17319208326512,-0.2341142138466239,,-14.88025321372453,-13.908840634975624,-1.3864677388816216,,,,,,,,437.59999999999997,3.772413793103448,437.59999999999997,3.772413793103448,,,,,,,,,,,,,,,,,,,"Gavin LaValley","sa828878",656642
"Domonic Brown","COL",127,487,450,115,80,22,1,12,50,64,31,2,89,3,3,0,,8,3,0.25555555555555554,0.06365503080082136,0.18275154004106775,0.34831460674157305,0.3059548254620123,0.3888888888888889,0.300077467726678,0.6948437143509012,0.13333333333333336,3.8993591926538325,0.29261363636363635,,0.11949663981795311,50.120296703098155,-7.250489941420218,68.69046701132058,0.11949663981795311,,-18.659496570559405,-10.576005750652763,-1.406104615294941,,,,,,,,485.1,3.819685039370079,485.1,3.819685039370079,,,,,,,,,,,,,,,,,,,"Domonic Brown","3154",502126
"Leon Landry","CIN",104,428,400,92,67,13,5,7,43,39,20,1,80,2,4,2,,9,5,0.23,0.04672897196261682,0.18691588785046728,0.25,0.2676056338028169,0.34,0.2623896054660573,0.6076056338028168,0.11000000000000001,5.883135713118207,0.26813880126182965,,-0.4461147878319025,30.738047029801628,-19.682274702957848,56.61120631531521,-0.4461147878319025,,-23.317269874758104,-4.2407330636204446,-1.4264197957318128,,,,,,,,316.29999999999995,3.0413461538461535,316.29999999999995,3.0413461538461535,,,,,,,,,,,,,,,,,,,"Leon Landry","sa526198",518914
"Connor Harrell","DET",111,440,407,80,56,14,1,9,40,34,20,0,156,11,1,1,,5,3,0.19656019656019655,0.045454545454545456,0.35454545454545455,0.1282051282051282,0.2528473804100228,0.3022113022113022,0.2460729027663385,0.5550586826213251,0.10565110565110566,4.1539620670382185,0.29218106995884774,,-0.42440772079862654,25.67574260453834,-26.15823300857888,48.31491083945245,-0.42440772079862654,,-27.728754899928806,-1.3712339982924777,-1.4516617822932059,,,,,,,,266,2.3963963963963963,266,2.3963963963963963,,,,,,,,,,,,,,,,,,,"Connor Harrell","sa658840",608667
"Cito Culver","NYY",123,481,444,85,61,16,2,6,42,35,30,1,164,1,3,3,,5,3,0.19144144144144143,0.062370062370062374,0.340956340956341,0.18292682926829268,0.24267782426778242,0.27702702702702703,0.2294207191567251,0.5197048512948095,0.0855855855855856,4.218240836142611,0.2851985559566787,,-0.4333830245304853,21.45896280292841,-35.20499690141109,35.9132905180585,-0.4333830245304853,,-37.444049084638706,6.884958187528808,-1.4588419603337508,,,,,,,,240.29999999999995,1.9536585365853656,240.29999999999995,1.9536585365853656,,,,,,,,,,,,,,,,,,,"Cito Culver","sa548315",592237
"Vinny Rottino","CHW",87,324,288,61,46,10,0,5,32,25,29,1,85,4,2,1,,1,1,0.21180555555555555,0.08950617283950617,0.2623456790123457,0.3411764705882353,0.29102167182662536,0.2986111111111111,0.2643591717163228,0.5896327829377365,0.08680555555555555,2.2099419473260324,0.28,,-0.3847500463016331,23.795556660866655,-14.373098108792389,62.596044354152326,-0.3847500463016331,,-14.935199033809537,-10.329720792316255,-1.4613238647051252,,,,,,,,227.69999999999996,2.6172413793103444,227.69999999999996,2.6172413793103444,,,,,,,,,,,,,,,,,,,"Vinny Rottino","5202",457130
"Garabez Rosa","BAL",124,497,479,111,85,16,1,9,43,44,10,1,139,3,3,2,,3,4,0.23173277661795408,0.02012072434607646,0.2796780684104628,0.07194244604316546,0.2505050505050505,0.325678496868476,0.24822106993632762,0.5761835473735265,0.09394572025052192,2.8846369893404225,0.30538922155688625,,-1.256577612599358,29.88289246587939,-28.665939078937104,49.61094759737553,-1.256577612599358,,-31.324708434791123,0.18331168659429964,-1.4629632463932705,,,,,,,,312.7999999999999,2.5225806451612893,312.7999999999999,2.5225806451612893,,,,,,,,,,,,,,,,,,,"Garabez Rosa","sa455978",516664
"Angel Villalona","SFG",72,267,247,49,32,11,1,5,24,20,14,0,88,4,2,0,,0,0,0.19838056680161945,0.052434456928838954,0.3295880149812734,0.1590909090909091,0.250936329588015,0.3117408906882591,0.2470710670456904,0.5626772202762741,0.11336032388663966,2.5652709359605907,0.28205128205128205,,-0.11219129664823413,15.80042098411599,-15.653377853843777,51.11536788395015,-0.11219129664823413,,-16.18716853116399,-6.986622766632672,-1.5016316705439783,,,,,,,,165.99999999999997,2.3055555555555554,165.99999999999997,2.3055555555555554,,,,,,,,,,,,,,,,,,,"Angel Villalona","sa392874",505830
"Jomar Reyes","BAL",121,480,455,99,69,18,2,10,43,44,17,0,141,5,3,0,,3,0,0.2175824175824176,0.035416666666666666,0.29375,0.12056737588652482,0.2520833333333333,0.33186813186813185,0.2533347559471925,0.5839514652014652,0.11428571428571427,4.127331893235659,0.2899022801302932,,0.3958118490409106,30.88615601698322,-25.659999197326467,53.12540991484524,0.3958118490409106,,-26.618416798511387,-4.359701740258165,-1.5051590435867497,,,,,,,,328.7,2.716528925619835,328.7,2.716528925619835,,,,,,,,,,,,,,,,,,,"Jomar Reyes","sa830204",655997
"Donald Lutz","CIN",63,218,202,39,27,7,1,4,20,19,12,1,84,3,1,0,,2,0,0.19306930693069307,0.05504587155963303,0.3853211009174312,0.14285714285714285,0.24770642201834864,0.297029702970297,0.23871023973561653,0.5447361249886457,0.10396039603960394,4.962015825143634,0.30434782608695654,,0.3080031427089125,11.396730048965672,-14.284648777533313,40.74613620979432,0.3080031427089125,,-15.600888447219496,-6.122376964345952,-1.512638742003517,,,,,,,,128.79999999999998,2.0444444444444443,128.79999999999998,2.0444444444444443,,,,,,,,,,,,,,,,,,,"Donald Lutz","10154",544371
"Ricky Oropesa","SFG",106,387,356,73,50,12,0,11,36,36,26,0,136,3,2,0,,0,0,0.2050561797752809,0.06718346253229975,0.35142118863049093,0.19117647058823528,0.26356589147286824,0.33146067415730335,0.26126079781110895,0.5950265656301716,0.12640449438202245,1.2934253246753245,0.2938388625592417,,-0.17726224870420992,27.433044098317836,-18.157293543219353,60.62242461572864,-0.17726224870420992,,-18.945638040313284,-8.236028374818266,-1.521265076404691,,,,,,,,277.99999999999994,2.622641509433962,277.99999999999994,2.622641509433962,,,,,,,,,,,,,,,,,,,"Ricky Oropesa","sa526884",543609
"Jake Hager","TBR",119,511,479,107,82,20,2,3,44,34,22,1,124,2,3,5,,6,5,0.22338204592901878,0.043052837573385516,0.24266144814090018,0.1774193548387097,0.25889328063241107,0.29227557411273486,0.24158620751730286,0.5511688547451459,0.06889352818371608,3.842099675318506,0.29295774647887324,,-1.0842598376329988,27.92702616366295,-32.27106824157091,48.16239827472991,-1.0842598376329988,,-32.88810657326395,0.5521920487713909,-1.536622353060427,,,,,,,,287.19999999999993,2.41344537815126,287.19999999999993,2.41344537815126,,,,,,,,,,,,,,,,,,,"Jake Hager","12198",606993
"Courtney Hawkins","CHW",102,433,405,79,42,20,1,16,45,54,20,0,174,3,4,1,,0,4,0.19506172839506172,0.046189376443418015,0.4018475750577367,0.11494252873563218,0.2361111111111111,0.36790123456790125,0.258138431167161,0.6040123456790123,0.17283950617283952,3.215878704046111,0.2876712328767123,,-1.7847751916851848,29.578214295851016,-21.431129887057516,58.320741138363495,-1.7847751916851848,,-23.45292029628535,-6.244367647213069,-1.5369962078202093,,,,,,,,309.3,3.032352941176471,309.3,3.032352941176471,,,,,,,,,,,,,,,,,,,"Courtney Hawkins","sa657904",621445
"Steve Lombardozzi Jr.","WSN",90,326,304,76,63,12,1,0,28,20,16,1,43,1,2,3,,6,2,0.25,0.049079754601226995,0.13190184049079753,0.37209302325581395,0.28792569659442724,0.29605263157894735,0.2574415018099435,0.5839783281733746,0.046052631578947345,4.145822133185593,0.2889733840304182,,0.20327451615594327,22.081572450922025,-16.32269129879664,53.3137844819636,0.20327451615594327,,-18.541189411663296,-7.015935567040643,-1.5535001187585145,,,,,,,,218.89999999999998,2.432222222222222,218.89999999999998,2.432222222222222,,,,,,,,,,,,,,,,,,,"Steve Lombardozzi Jr.","5422",543459
"Blake Lalli","ATL",94,316,293,65,49,14,0,2,25,22,17,2,65,2,2,2,,0,1,0.22184300341296928,0.05379746835443038,0.20569620253164558,0.26153846153846155,0.267515923566879,0.2901023890784983,0.24443282989355233,0.5576183126453773,0.068259385665529,1.611487467783331,0.27631578947368424,,-0.5578241380862892,18.01220107779875,-19.214017771621798,46.788623872320606,-0.5578241380862892,,-21.266785945715014,-4.078868613742086,-1.564393682539961,,,,,,,,184.6,1.9638297872340424,184.6,1.9638297872340424,,,,,,,,,,,,,,,,,,,"Blake Lalli","9246",503351
"Rosell Herrera","COL",116,466,425,108,85,15,3,5,41,37,34,1,98,1,2,4,,18,10,0.2541176470588235,0.07296137339055794,0.21030042918454936,0.3469387755102041,0.30952380952380953,0.3388235294117647,0.2854478974662996,0.6483473389355743,0.08470588235294119,5.0398088532395535,0.31790123456790126,,-0.7643314974848181,42.33361611215785,-12.56327624173448,58.88871976704479,-0.7643314974848181,,-24.358988690623868,-5.7619842935281245,-1.5649511993373744,,,,,,,,398.59999999999997,3.436206896551724,398.59999999999997,3.436206896551724,,,,,,,,,,,,,,,,,,,"Rosell Herrera","11611",594011
"Dickie Joe Thon","STL",108,420,390,78,55,15,2,6,36,31,21,0,138,6,2,1,,9,8,0.2,0.05,0.32857142857142857,0.15217391304347827,0.25059665871121717,0.2948717948717949,0.24105152281485764,0.5454684535830121,0.09487179487179487,4.864492219970025,0.2903225806451613,,-1.6618467117659748,22.768415733720953,-26.709470078800027,46.17444939406686,-1.6618467117659748,,-29.504109323010002,0.8219298977910736,-1.5674020926581687,,,,,,,,233.79999999999998,2.1648148148148145,233.79999999999998,2.1648148148148145,,,,,,,,,,,,,,,,,,,"Dickie Joe Thon","sa548351",592803
"Henry Urrutia","BAL",102,420,397,100,77,16,1,6,38,36,21,1,84,0,2,0,,1,1,0.2518891687657431,0.05,0.2,0.25,0.28809523809523807,0.3425692695214106,0.2744231592499271,0.6306645076166486,0.09068010075566751,2.370711328009464,0.3042071197411003,,-0.4273827390279621,34.33394410010251,-15.143941712418474,67.61875162288058,-0.4273827390279621,,-16.756275220394038,-12.86054946758129,-1.5738038888555033,,,,,,,,333.59999999999997,3.270588235294117,333.59999999999997,3.270588235294117,,,,,,,,,,,,,,,,,,,"Henry Urrutia","14441",625329
"Will Swanner","COL",72,270,246,51,31,10,0,10,25,28,21,0,106,1,1,1,,4,5,0.2073170731707317,0.07777777777777778,0.3925925925925926,0.19811320754716982,0.27137546468401486,0.3699186991869919,0.27889822938628356,0.6412941638710068,0.1626016260162602,2.574546961760391,0.31297709923664124,,-1.3675808950792998,23.068837589965224,-8.738374718083978,54.50047117794659,-1.3675808950792998,,-16.497528267410562,-7.753217545766678,-1.602012679313879,,,,,,,,222.19999999999996,3.0861111111111104,222.19999999999996,3.0861111111111104,,,,,,,,,,,,,,,,,,,"Will Swanner","sa549202",592787
"Beau Amaral","CIN",102,410,377,86,66,12,3,5,41,32,22,0,99,5,2,4,,9,8,0.22811671087533156,0.05365853658536585,0.24146341463414633,0.2222222222222222,0.27832512315270935,0.3156498673740053,0.26222092999613344,0.5939749905267147,0.08753315649867374,5.165539276603962,0.29454545454545455,,-1.6865287970285863,29.388259815000808,-18.911581097222054,56.4981944979428,-1.6865287970285863,,-23.652878486369858,-5.101162991756414,-1.607271247468104,,,,,,,,279.20000000000005,2.737254901960785,279.20000000000005,2.737254901960785,,,,,,,,,,,,,,,,,,,"Beau Amaral","sa503642",572679
"Drew Vettleson","TEX",90,344,319,61,41,11,2,7,29,30,19,1,132,1,3,2,,5,4,0.19122257053291536,0.055232558139534885,0.38372093023255816,0.14393939393939395,0.23684210526315788,0.30407523510971785,0.234816800639077,0.5409173403728758,0.11285266457680249,4.723737194881591,0.29508196721311475,,-0.7735560471192002,16.878657276865127,-23.646087293390153,33.42150394448794,-0.7735560471192002,,-28.27188318769258,0.879412809166749,-1.6096154877785995,,,,,,,,189.99999999999997,2.1111111111111107,189.99999999999997,2.1111111111111107,,,,,,,,,,,,,,,,,,,"Drew Vettleson","sa548166",592828
"Todd Hankins","CLE",110,468,433,84,59,14,3,8,40,38,25,0,163,4,2,4,,14,6,0.19399538106235567,0.053418803418803416,0.3482905982905983,0.15337423312883436,0.2435344827586207,0.2956120092378753,0.23748224357078815,0.539146491996496,0.10161662817551961,5.806831945376386,0.2878787878787879,,0.14415360055863857,23.99215276442276,-31.14034856952919,38.709142734963365,0.14415360055863857,,-34.295232395680685,2.2898467214649947,-1.65178676189239,,,,,,,,267.09999999999997,2.4281818181818178,267.09999999999997,2.4281818181818178,,,,,,,,,,,,,,,,,,,"Todd Hankins","sa598325",607399
"Ronald Guzmán","TEX",134,550,517,124,86,20,5,13,54,56,29,1,133,1,2,1,,2,1,0.23984526112185686,0.05272727272727273,0.24181818181818182,0.21804511278195488,0.28051001821493626,0.3733075435203095,0.2819041968697179,0.6538175617352457,0.13346228239845262,4.054318788867629,0.2975871313672922,,-0.26777160284109414,48.35630046687705,-16.436169049519467,65.78306844585713,-0.26777160284109414,,-22.86304505919421,-12.06482034329454,-1.6665843845432213,,,,,,,,477.09999999999997,3.5604477611940295,477.09999999999997,3.5604477611940295,,,,,,,,,,,,,,,,,,,"Ronald Guzman","14388",608597
"Austin Wilson","STL",96,396,355,68,48,12,1,7,39,32,27,1,145,13,1,0,,4,4,0.19154929577464788,0.06818181818181818,0.3661616161616162,0.18620689655172415,0.2727272727272727,0.29014084507042254,0.2533425436744207,0.5628681177976953,0.09859154929577466,3.9334061103215565,0.29901960784313725,,-1.034139350289479,25.48362346095629,-21.166954590849205,54.40937890295613,-1.034139350289479,,-23.26915547172874,-5.778959355657062,-1.6828733200895076,,,,,,,,248.5,2.5885416666666665,248.5,2.5885416666666665,,,,,,,,,,,,,,,,,,,"Austin Wilson","sa549103",592868
"Travis Harrison","MIN",121,507,451,92,64,20,1,7,50,41,44,0,148,9,3,0,,6,8,0.2039911308203991,0.08678500986193294,0.29191321499013806,0.2972972972972973,0.2859960552268245,0.29933481152993346,0.26352881115569166,0.5853308667567579,0.09534368070953436,3.387051725874575,0.2842809364548495,,-2.3403806283604354,36.888252753811834,-22.83862369130278,58.508551777021786,-2.3403806283604354,,-27.59730153595941,-6.1153843207334075,-1.6912781298414972,,,,,,,,341.69999999999993,2.82396694214876,341.69999999999993,2.82396694214876,,,,,,,,,,,,,,,,,,,"Travis Harrison","sa597772",595974
"Cal Towey","MIA",115,470,412,82,55,15,5,7,46,37,47,2,151,7,3,1,,9,7,0.19902912621359223,0.1,0.32127659574468087,0.31125827814569534,0.2899786780383795,0.3106796116504854,0.2677058451180795,0.6006582896888649,0.11165048543689318,5.679029931826551,0.2918287937743191,,-1.3082107335794717,35.81617159990763,-19.55193871410394,66.9595256798181,-1.3082107335794717,,-20.43362650728615,-11.246375932474827,-1.711380612442988,,,,,,,,344.5,2.9956521739130433,344.5,2.9956521739130433,,,,,,,,,,,,,,,,,,,"Cal Towey","sa579778",643573
"Joey Meneses","ATL",114,445,416,96,69,18,3,6,42,38,24,2,109,2,2,1,,1,2,0.23076923076923078,0.05393258426966292,0.2449438202247191,0.22018348623853212,0.2747747747747748,0.3317307692307692,0.2633511509021483,0.606505544005544,0.10096153846153844,3.2401317177647977,0.297029702970297,,-0.8281390618067235,32.3120270175303,-20.110971045735976,59.46381511252689,-0.8281390618067235,,-23.044331930400556,-7.917658037574483,-1.7192516344121092,,,,,,,,321.59999999999985,2.821052631578946,321.59999999999985,2.821052631578946,,,,,,,,,,,,,,,,,,,"Joey Meneses","14366",608841
"Henry Castillo","ARI",118,484,460,106,70,26,2,8,44,45,20,1,131,1,2,1,,5,9,0.23043478260869565,0.04132231404958678,0.2706611570247934,0.15267175572519084,0.2629399585921325,0.34782608695652173,0.26324349208986114,0.6107660455486542,0.11739130434782608,3.690370085564477,0.30340557275541796,,-2.8895289576612413,35.100871035578,-21.916502138850934,53.971150643747336,-2.8895289576612413,,-30.326883423858977,-2.032244388668906,-1.735304753476124,,,,,,,,342.8999999999999,2.90593220338983,342.8999999999999,2.90593220338983,,,,,,,,,,,,,,,,,,,"Henry Castillo","sa736756",642270
"Tyler Marincov","OAK",128,541,497,105,72,20,2,11,54,48,34,1,162,5,4,1,,9,7,0.2112676056338028,0.06284658040665435,0.29944547134935307,0.20987654320987653,0.26666666666666666,0.32595573440643866,0.25934069663120335,0.5926224010731054,0.11468812877263584,4.485227761641272,0.2865853658536585,,-1.3149422113783658,37.492396219115356,-26.239832887012856,60.068570157088395,-1.3149422113783658,,-27.252314621635126,-8.17941397375951,-1.749292076936929,,,,,,,,378.3,2.95546875,378.3,2.95546875,,,,,,,,,,,,,,,,,,,"Tyler Marincov","sa550348",595309
"Nick Basto","CHW",132,549,503,110,72,23,2,13,60,54,34,2,161,6,4,2,,1,2,0.21868787276341947,0.061930783242258654,0.29326047358834245,0.2111801242236025,0.2742230347349177,0.3499005964214712,0.27077157584899064,0.6241236311563889,0.13121272365805173,3.2181937201695017,0.2912912912912913,,-0.8662841026671231,43.22515365184906,-21.449511374517645,67.00307142635943,-0.8662841026671231,,-22.616306688341613,-13.205727297162252,-1.7614927552435518,,,,,,,,429.59999999999997,3.2545454545454544,429.59999999999997,3.2545454545454544,,,,,,,,,,,,,,,,,,,"Nick Basto","sa657998",621007
"J.P. Sportman","OAK",111,489,464,104,78,18,4,4,45,37,20,1,108,3,1,1,,12,4,0.22413793103448276,0.0408997955010225,0.22085889570552147,0.18518518518518517,0.26024590163934425,0.30603448275862066,0.24742521532262376,0.5662803843979649,0.0818965517241379,5.781066021950553,0.28328611898017,,0.5366909364238381,29.080749814830337,-28.52564580974766,51.87946547515365,0.5366909364238381,,-27.71556638324299,-6.167061625334322,-1.7710157483360929,,,,,,,,311.6,2.8072072072072074,311.6,2.8072072072072074,,,,,,,,,,,,,,,,,,,"J.P. Sportman","sa829450",656996
"Alex Yarbrough","MIA",136,579,544,126,89,29,4,4,50,45,23,1,143,2,7,3,,5,5,0.23161764705882354,0.039723661485319514,0.2469775474956822,0.16083916083916083,0.2621527777777778,0.32169117647058826,0.2524734214077825,0.583843954248366,0.09007352941176472,4.0309401522899115,0.30198019801980197,,-1.3022104480769485,36.84490743546826,-31.36389229179281,56.75386929561046,-1.3022104480769485,,-32.140662777125044,-3.7879649705567267,-1.7914068767211822,,,,,,,,376.5999999999999,2.769117647058823,376.5999999999999,2.769117647058823,,,,,,,,,,,,,,,,,,,"Alex Yarbrough","sa621579",608730
"D.J. Davis","TOR",109,439,402,79,59,12,3,5,36,30,28,0,158,3,2,4,,15,9,0.19651741293532338,0.06378132118451026,0.35990888382687924,0.17721518987341772,0.25287356321839083,0.27860696517412936,0.23681464921468975,0.5314805283925201,0.08208955223880599,5.602585202992732,0.3070539419087137,,-0.8895289278589189,22.26362637194061,-29.452544751146796,42.45015564513138,-0.8895289278589189,,-31.22302899513206,-1.202468255489872,-1.7952162268917637,,,,,,,,235.59999999999997,2.1614678899082564,235.59999999999997,2.1614678899082564,,,,,,,,,,,,,,,,,,,"D.J. Davis","sa657912",622058
"Kyle Petty","SEA",97,412,381,78,58,14,1,5,37,31,24,0,134,5,2,0,,6,3,0.2047244094488189,0.05825242718446602,0.32524271844660196,0.1791044776119403,0.25970873786407767,0.28608923884514437,0.24310890939629193,0.545797976709222,0.08136482939632547,4.2889303605615,0.29918032786885246,,-0.2244077178183943,23.034173779079545,-25.50127611320294,51.41237059504265,-0.2244077178183943,,-24.259001009509113,-8.99281704285648,-1.9732588516798886,,,,,,,,239.09999999999997,2.464948453608247,239.09999999999997,2.464948453608247,,,,,,,,,,,,,,,,,,,"Kyle Petty","sa738266",643488
"Dominic Ficociello","DET",123,502,464,98,71,18,2,7,44,38,31,1,142,4,2,1,,4,4,0.21120689655172414,0.061752988047808766,0.28286852589641437,0.21830985915492956,0.2654690618762475,0.30387931034482757,0.25114072358608247,0.569348372221075,0.09267241379310343,3.6197416588243154,0.2870662460567823,,-1.0745282170828432,31.3929356921794,-27.744918302786157,51.79785157238697,-1.0745282170828432,,-30.12705859627071,-7.289186107909098,-2.087352064801771,,,,,,,,315.59999999999997,2.565853658536585,315.59999999999997,2.565853658536585,,,,,,,,,,,,,,,,,,,"Dominic Ficociello","sa549668",592301
"Viosergy Rosa","OAK",125,515,461,92,62,20,0,10,50,46,49,1,166,3,2,0,,1,1,0.19956616052060738,0.09514563106796116,0.32233009708737864,0.29518072289156627,0.2796116504854369,0.3080260303687636,0.2621872381013655,0.5876376808542005,0.1084598698481562,1.9948440768314806,0.2857142857142857,,-0.463283953955397,36.900203837894594,-23.76910852745851,62.02490120884724,-0.463283953955397,,-23.944467997995442,-13.966426489985318,-2.092902039991487,,,,,,,,361.2999999999999,2.890399999999999,361.2999999999999,2.890399999999999,,,,,,,,,,,,,,,,,,,"Viosergy Rosa","sa549558",594983
"Braxton Davidson","ATL",129,515,448,78,45,17,1,15,54,48,57,2,240,6,3,1,,2,6,0.17410714285714285,0.11067961165048544,0.46601941747572817,0.2375,0.27431906614785995,0.3169642857142857,0.263172842329368,0.5912833518621456,0.14285714285714285,3.1564500600200067,0.32142857142857145,,-2.2962353019975126,37.31904414664509,-23.350268218708017,59.34434915892924,-2.2962353019975126,,-28.082883832552263,-9.080677865884502,-2.1258281914281705,,,,,,,,360.79999999999995,2.796899224806201,360.79999999999995,2.796899224806201,,,,,,,,,,,,,,,,,,,"Braxton Davidson","sa828679",656352
"Caleb Ramsey","WSN",125,483,446,106,84,16,3,3,44,35,32,2,99,1,2,2,,8,3,0.23766816143497757,0.06625258799171843,0.20496894409937888,0.32323232323232326,0.288981288981289,0.3071748878923767,0.26274257288596325,0.5961561768736656,0.06950672645739911,4.753384859871033,0.2976878612716763,,0.11276516201905906,34.828705846295726,-22.070862838103398,56.865478611476796,0.11276516201905906,,-25.546184117243588,-10.821523948952004,-2.1485026450520426,,,,,,,,345.0999999999999,2.7607999999999993,345.0999999999999,2.7607999999999993,,,,,,,,,,,,,,,,,,,"Caleb Ramsey","sa526470",548324
"Mason Robbins","CHW",115,481,466,107,79,18,4,6,43,39,9,1,117,1,4,1,,2,3,0.2296137339055794,0.018711018711018712,0.24324324324324326,0.07692307692307693,0.24375,0.3240343347639485,0.24293424055322477,0.5677843347639485,0.09442060085836909,3.9041243934710215,0.2910662824207493,,-1.026651555672288,26.82251231649665,-29.841447387842855,47.87141850361919,-1.026651555672288,,-31.131388365311942,-6.854058186002929,-2.2183138367209136,,,,,,,,289.99999999999994,2.5217391304347823,289.99999999999994,2.5217391304347823,,,,,,,,,,,,,,,,,,,"Mason Robbins","sa599191",596088
"Eudy Pina","CHW",113,431,401,80,60,11,3,6,40,34,22,1,139,4,3,1,,5,3,0.19950124688279303,0.05104408352668213,0.3225058004640371,0.15827338129496402,0.24651162790697675,0.286783042394015,0.2343873912360007,0.5332946703009918,0.08728179551122195,4.950006876816005,0.2857142857142857,,-0.4199200689326972,20.99467041789193,-29.779064784956983,41.99745991588893,-0.4199200689326972,,-30.43490531292174,-6.062781853860859,-2.2393820143768366,,,,,,,,231.5,2.0486725663716814,231.5,2.0486725663716814,,,,,,,,,,,,,,,,,,,"Eudy Pina","sa506909",570670
"Caleb Adams","LAA",109,438,402,75,54,11,4,6,38,32,27,0,171,3,2,4,,7,4,0.1865671641791045,0.06164383561643835,0.3904109589041096,0.15789473684210525,0.24193548387096775,0.27860696517412936,0.2310448325998772,0.5205424490450972,0.09203980099502487,5.626719955381787,0.3039647577092511,,-0.42740786354988813,20.127581896172593,-31.470784736885,41.517077290777614,-0.42740786354988813,,-31.18249984187471,-5.750912308377563,-2.2596919632909005,,,,,,,,221.20000000000005,2.029357798165138,221.20000000000005,2.029357798165138,,,,,,,,,,,,,,,,,,,"Caleb Adams","sa829163",657422
"Dillon Thomas","COL",104,398,368,83,55,21,2,5,31,32,19,0,130,6,2,3,,12,9,0.22554347826086957,0.04773869346733668,0.32663316582914576,0.14615384615384616,0.27341772151898736,0.3342391304347826,0.2659663858292978,0.60765685195377,0.10869565217391303,4.930610814923383,0.33191489361702126,,-1.4670906774699688,29.758176023010357,-17.12801100885476,45.83619330155649,-1.4670906774699688,,-28.016753228511465,-7.154785123031186,-2.302594096346847,,,,,,,,288.7,2.775961538461538,288.7,2.775961538461538,,,,,,,,,,,,,,,,,,,"Dillon Thomas","12719",605504
"Jairo Beras","TEX",109,442,420,91,58,18,3,12,43,45,18,1,146,2,2,0,,6,6,0.21666666666666667,0.04072398190045249,0.33031674208144796,0.1232876712328767,0.251131221719457,0.3595238095238095,0.2616183807790415,0.6106550312432666,0.14285714285714285,4.684220407621101,0.29924242424242425,,-1.4311643380206078,31.46221520832087,-20.60736938485597,51.84131760735673,-1.4311643380206078,,-26.988213991641075,-10.57864410578679,-2.310615283472285,,,,,,,,326.2999999999999,2.993577981651375,326.2999999999999,2.993577981651375,,,,,,,,,,,,,,,,,,,"Jairo Beras","sa740444",620440
"Rudy Flores","ARI",119,484,450,95,59,19,1,16,47,52,23,1,197,6,4,1,,1,2,0.2111111111111111,0.047520661157024795,0.40702479338842973,0.116751269035533,0.2567287784679089,0.36444444444444446,0.26711920052148497,0.6211732229123534,0.15333333333333335,2.707627710775145,0.3278008298755187,,-0.8146761062089354,36.64874338978117,-20.368629784647773,56.5678581179355,-0.8146761062089354,,-26.70415821820351,-11.42298845246846,-2.3251833304266913,,,,,,,,376.49999999999994,3.163865546218487,376.49999999999994,3.163865546218487,,,,,,,,,,,,,,,,,,,"Rudy Flores","sa621607",571669
"Champ Stuart","NYM",104,446,404,63,44,8,4,7,40,29,32,0,211,4,2,4,,18,4,0.15594059405940594,0.07174887892376682,0.4730941704035874,0.15165876777251186,0.2239819004524887,0.24752475247524752,0.21256014772130352,0.4715066529277362,0.09158415841584158,7.608571422564832,0.2978723404255319,,1.7815674729645252,13.69244199653816,-38.84836055675793,30.866743055703523,1.7815674729645252,,-36.19263224268604,-1.5646980344232988,-2.410939396612155,,,,,,,,191.59999999999997,1.842307692307692,191.59999999999997,1.842307692307692,,,,,,,,,,,,,,,,,,,"Champ Stuart","sa737827",642117
"Joe Jackson","TEX",104,436,401,91,67,17,2,5,38,34,26,1,106,4,4,1,,2,3,0.22693266832917705,0.05963302752293578,0.24311926605504589,0.24528301886792453,0.27816091954022987,0.3167082294264339,0.2611335205592318,0.5948691489666638,0.08977556109725685,3.1166653282092516,0.2925170068027211,,-1.0446021631360054,30.86068806152364,-20.50206959147433,51.50808968367491,-1.0446021631360054,,-26.429161793482102,-12.5958762715523,-2.480525166308412,,,,,,,,301.7,2.900961538461538,301.7,2.900961538461538,,,,,,,,,,,,,,,,,,,"Joe Jackson","sa550375",595261
"Correlle Prime","COL",127,454,429,95,66,20,2,7,36,37,20,0,145,2,2,1,,5,6,0.22144522144522144,0.04405286343612335,0.31938325991189426,0.13793103448275862,0.2582781456953642,0.32634032634032634,0.25455671456739076,0.5846184720356906,0.1048951048951049,3.5610469747628417,0.3154121863799283,,-1.6558464262634516,29.670929808602363,-23.81230866493222,38.191764117441984,-1.6558464262634516,,-36.21546614685592,-6.864881914409029,-2.9292929783348916,,,,,,,,296.9,2.337795275590551,296.9,2.337795275590551,,,,,,,,,,,,,,,,,,,"Correlle Prime","sa658187",623194