Name,Team,W,L,QS,ERA,G,GS,SV,HLD,BS,IP,TBF,H,R,ER,HR,BB,IBB,HBP,SO,K/9,BB/9,K/BB,HR/9,K%,BB%,K-BB%,AVG,WHIP,BABIP,LOB%,GB%,HR/FB,FIP,WAR,RA9-WAR,ADP,InterSD,InterSK,IntraSD,Vol,Skew,Dim,FPTS,FPTS/IP,SPTS,SPTS/IP,P10,P20,P30,P40,P50,P60,P70,P80,P90,TT10,TT20,TT30,TT40,TT50,TT60,TT70,TT80,TT90,NameASCII,PlayerId,MLBAMID
"Corey Kluber","CLE",16,7,,2.7946529931846826,29,29,0,,,199.66700744628906,,165,66,62,17,44,2,7,224,10.096810814086595,1.983302124195581,5.090909090909091,0.766275820711929,,,,,1.04674278776989,,0.7721382289416847,,,2.787022630601562,6.420360646482861,,,,,,,,,1134.4358551025393,5.681638992900244,1072.3350372314453,5.370617063612306,,,,,,,,,,,,,,,,,,,"Corey Kluber","2429",446372
"Clayton Kershaw","LAD",16,6,,2.463687150837989,27,27,0,,,179,,137,52,49,18,27,1,2,213,10.70949720670391,1.3575418994413408,7.888888888888889,0.9050279329608939,,,,,0.9162011173184358,,0.8069164265129682,,,2.5710475154429178,6.035415770074829,,,,,,,,,1086,6.067039106145251,1000,5.58659217877095,,,,,,,,,,,,,,,,,,,"Clayton Kershaw","2036",477132
"Chris Sale","BOS",18,8,,2.9302325581395348,31,31,0,,,215,,184,75,70,23,40,2,15,233,9.753488372093024,1.6744186046511629,5.825,0.9627906976744186,,,,,1.041860465116279,,0.7768508863399374,,,3.148337368632472,5.768630730772767,,,,,,,,,1130.6999999999998,5.25906976744186,1077,5.0093023255813955,,,,,,,,,,,,,,,,,,,"Chris Sale","10603",519242
"Max Scherzer","WSN",15,7,,3.0209736215756116,30,30,0,,,190.66700744628906,,149,68,64,23,51,1,7,247,11.659070070768376,2.407338354693066,4.8431372549019605,1.0856623952537354,,,,,1.0489491741581984,,0.7866507747318235,,,3.0475000309272566,5.5174286009158955,,,,,,,,,1060.635855102539,5.562765521461914,974.3350372314453,5.110139663286611,,,,,,,,,,,,,,,,,,,"Max Scherzer","3137",453286
"Luis Severino","NYY",13,7,,3.128342245989305,31,31,0,,,187,,161,70,65,20,47,0,7,216,10.39572192513369,2.2620320855614975,4.595744680851064,0.9625668449197861,,,,,1.1122994652406417,,0.7666666666666667,,,3.10416375838499,5.359691722671613,,,,,,,,,989.1999999999999,5.289839572192513,945,5.053475935828877,,,,,,,,,,,,,,,,,,,"Luis Severino","15890",622663
"Chris Archer","TBR",13,9,,3.2657524042493806,32,32,0,,,195.66700744628906,,171,76,71,20,59,0,4,230,10.579197929258557,2.7137942514184994,3.8983050847457625,0.9199302547181354,,,,,1.1754664365842842,,0.7623762376237624,,,3.101421734203315,5.14005699435507,,,,,,,,,1028.335855102539,5.255540361779279,989.3350372314453,5.056217960010553,,,,,,,,,,,,,,,,,,,"Chris Archer","6345",502042
"Jose Quintana","CHC",14,7,,3.193548387096774,30,30,0,,,186,,166,71,66,16,51,3,6,188,9.096774193548388,2.467741935483871,3.6862745098039214,0.7741935483870968,,,,,1.1666666666666667,,0.750256937307297,,,3.173768726471932,4.931117598667777,,,,,,,,,953.0000000000001,5.123655913978495,927,4.983870967741935,,,,,,,,,,,,,,,,,,,"Jose Quintana","11423",500779
"Stephen Strasburg","WSN",13,7,,3.185993485670058,28,28,0,,,166.66700744628906,,144,63,59,18,40,3,4,197,10.637978248762735,2.159995583505124,4.925,0.9719980125773058,,,,,1.1039977426803966,,0.7619647355163728,,,2.9896400377190244,4.930640703951668,,,,,,,,,899.535855102539,5.397204095072193,861.3350372314453,5.167999656494843,,,,,,,,,,,,,,,,,,,"Stephen Strasburg","10131",544931
"Aaron Nola","PHI",14,10,,3.3749935627106424,30,30,0,,,178.66700744628906,,168,72,67,18,41,1,6,181,9.117519923143675,2.0652945682259154,4.414634146341464,0.9067146884894263,,,,,1.1697738882363586,,0.7453754080522307,,,3.2304007494630187,4.783205622103198,,,,,,,,,884.9358551025391,4.952989741928536,880.3350372314453,4.927238944750848,,,,,,,,,,,,,,,,,,,"Aaron Nola","16149",605400
"Noah Syndergaard","NYM",11,6,,2.8588166525191103,25,24,0,,,141.66700744628906,,121,48,45,12,32,2,3,169,10.73644476168288,2.032936286235812,5.28125,0.7623511073384295,,,,,1.0799974020627752,,0.7709251101321587,,,2.6141115899077647,4.633223985264879,,,,,,,,,819.135855102539,5.782121538870666,785.3350372314453,5.543528104306103,,,,,,,,,,,,,,,,,,,"Noah Syndergaard","11762",592789
"Carlos Carrasco","CLE",15,8,,3.1851120575973635,30,30,0,,,183.66700744628906,,159,70,65,23,40,2,6,201,9.849346516570307,1.9600689585214544,5.025,1.1270396511498362,,,,,1.0834825631826928,,0.7733812949640287,,,3.34820195407012,4.564717295047589,,,,,,,,,926.835855102539,5.046283858975486,883.3350372314453,4.809437740143747,,,,,,,,,,,,,,,,,,,"Carlos Carrasco","6632",471911
"Marcus Stroman","TOR",12,8,,3.54020346278392,31,31,0,,,190.66700744628906,,186,80,75,17,52,1,5,165,7.788447618124624,2.4545410675301844,3.173076923076923,0.8024461182310219,,,,,1.2482495172482562,,0.7376283846872083,,,3.482813938202909,4.517150962915046,,,,,,,,,877.235855102539,4.600879128758847,891.3350372314453,4.674825756010958,,,,,,,,,,,,,,,,,,,"Marcus Stroman","13431",573186
"Jacob deGrom","NYM",13,9,,3.375006342647355,29,29,0,,,181.33299255371094,,162,73,68,20,48,3,2,191,9.479797227141836,2.3823574183393093,3.9791666666666665,0.9926489243080455,,,,,1.1580904116927198,,0.7527472527472527,,,3.31205174910623,4.328724893848256,,,,,,,,,906.664144897461,4.999995489672992,878.6649627685547,4.845587945107638,,,,,,,,,,,,,,,,,,,"Jacob deGrom","10954",594798
"Yu Darvish","CHC",13,7,,3.267857142857143,28,28,0,,,168,,141,65,61,19,54,1,5,204,10.928571428571429,2.892857142857143,3.7777777777777777,1.0178571428571428,,,,,1.1607142857142858,,0.7719714964370546,,,3.2528777894519627,4.283728156087025,,,,,,,,,873.9,5.201785714285714,824,4.904761904761905,,,,,,,,,,,,,,,,,,,"Yu Darvish","13074",506433
"Carlos Martinez","STL",14,9,,3.3582089552238807,32,32,0,,,201,,181,80,75,20,68,3,9,204,9.134328358208956,3.044776119402985,3,0.8955223880597015,,,,,1.2388059701492538,,0.7647058823529411,,,3.570575017596952,4.125525738984843,,,,,,,,,947.8000000000001,4.715422885572139,922,4.587064676616915,,,,,,,,,,,,,,,,,,,"Carlos Martinez","11682",593372
"Justin Verlander","HOU",12,8,,3.430939226519337,28,28,0,,,181,,149,74,69,21,54,2,5,196,9.74585635359116,2.685082872928177,3.6296296296296298,1.0441988950276244,,,,,1.1215469613259668,,0.7430875576036866,,,3.4780816831641435,4.082443879768865,,,,,,,,,908.7,5.020441988950276,847,4.679558011049724,,,,,,,,,,,,,,,,,,,"Justin Verlander","8700",434378
"Robbie Ray","ARI",14,8,,3.61046511627907,31,31,0,,,172,,145,74,69,21,73,4,7,231,12.087209302325581,3.8197674418604652,3.164383561643836,1.0988372093023255,,,,,1.2674418604651163,,0.7635206786850477,,,3.454151322120844,4.043334559851612,,,,,,,,,859.5,4.997093023255814,809,4.703488372093023,,,,,,,,,,,,,,,,,,,"Robbie Ray","11486",592662
"Zack Greinke","ARI",14,8,,3.483864209317288,28,28,0,,,175.66700744628906,,160,73,68,22,40,1,1,170,8.70966052329322,2.049331887833699,4.25,1.1271325383085344,,,,,1.138517715463166,,0.7505910165484634,,,3.5504283060486594,3.937068442692804,,,,,,,,,830.335855102539,4.726760404092485,809.3350372314453,4.607211388165208,,,,,,,,,,,,,,,,,,,"Zack Greinke","1943",425844
"Gerrit Cole","HOU",13,10,,3.789473684210526,31,31,0,,,190,,184,86,80,23,48,2,8,182,8.621052631578948,2.2736842105263158,3.7916666666666665,1.0894736842105264,,,,,1.2210526315789474,,0.7307307307307307,,,3.6997449573717622,3.77296334404054,,,,,,,,,840.6999999999998,4.424736842105262,847,4.457894736842105,,,,,,,,,,,,,,,,,,,"Gerrit Cole","13125",543037
"Masahiro Tanaka","NYY",13,9,,3.6416184971098264,28,28,0,,,173,,160,75,70,25,33,0,4,172,8.947976878612717,1.716763005780347,5.212121212121212,1.300578034682081,,,,,1.115606936416185,,0.7468354430379747,,,3.689431601728318,3.7411843702572574,,,,,,,,,789.7,4.564739884393064,773,4.468208092485549,,,,,,,,,,,,,,,,,,,"Masahiro Tanaka","15764",547888
"James Paxton","SEA",10,6,,3.215889051435161,25,25,0,,,134.33299255371094,,121,51,48,12,37,2,2,144,9.647667154305482,2.4789144771479363,3.891891891891892,0.8039722628587902,,,,,1.176181643811934,,0.7577903682719548,,,3.0459768799279243,3.702545496771543,,,,,,,,,702.8641448974611,5.232252565328893,686.6649627685547,5.1116628142859435,,,,,,,,,,,,,,,,,,,"James Paxton","11828",572020
"David Price","BOS",12,7,,3.574330643223746,27,25,0,,,163.66700744628906,,159,70,65,20,36,1,5,165,9.07330086356797,1.9796292793239207,4.583333333333333,1.099794044068845,,,,,1.1914435477412486,,0.7485029940119761,,,3.4814679405230273,3.6688234396293335,,,,,,,,,758.7358551025391,4.635850969240303,765.3350372314453,4.6761717536908405,,,,,,,,,,,,,,,,,,,"David Price","3184",456034
"Dallas Keuchel","HOU",13,8,,3.4105336562549784,25,25,0,,,158.33299255371094,,141,64,60,14,46,1,3,137,7.7873851817822,2.614742469795483,2.9782608695652173,0.7957911864594949,,,,,1.1810551735549646,,0.7347670250896057,,,3.505008862906504,3.517584443165807,,,,,,,,,759.864144897461,4.799152296952222,736.6649627685547,4.652630831307364,,,,,,,,,,,,,,,,,,,"Dallas Keuchel","9434",572971
"Jon Lester","CHC",13,7,,3.5401244994263608,29,29,0,,,170.33299255371094,,156,72,67,21,48,1,5,169,8.929567767209775,2.5362085966039603,3.5208333333333335,1.1095912610142324,,,,,1.1976540595074257,,0.7560137457044673,,,3.7094998981045437,3.401127893936071,,,,,,,,,775.564144897461,4.553223267376713,757.6649627685547,4.448139796109324,,,,,,,,,,,,,,,,,,,"Jon Lester","4930",452657
"Trevor Bauer","CLE",13,10,,3.90790224661721,32,30,0,,,177.33299255371094,,164,82,77,21,64,1,7,185,9.389115787327064,3.248126542642876,2.890625,1.0657915218046938,,,,,1.2857167564628051,,0.7351460221550856,,,3.8117762896072245,3.397596149593397,,,,,,,,,784.5641448974609,4.424242401818323,770.6649627685547,4.345863404606643,,,,,,,,,,,,,,,,,,,"Trevor Bauer","12703",545333
"Sonny Gray","NYY",13,9,,3.7960472888053167,28,28,0,,,168.33299255371094,,151,76,71,20,54,1,3,157,8.394076399189222,2.8871345576829173,2.9074074074074074,1.0693090954381175,,,,,1.2178242475823005,,0.7288135593220338,,,3.8526906062486437,3.320343541326159,,,,,,,,,750.064144897461,4.455835623893717,724.6649627685547,4.304949087965223,,,,,,,,,,,,,,,,,,,"Sonny Gray","12768",543243
"Jimmy Nelson","MIL",11,8,,3.744133148881168,29,29,0,,,170.66700744628906,,161,76,71,19,58,1,12,173,9.123028658541438,3.0585876427479963,2.9827586206896552,1.0019511243484815,,,,,1.2832005627620904,,0.7432432432432432,,,3.8080290205453378,3.2695232659008715,,,,,,,,,746.635855102539,4.374810728063619,742.3350372314453,4.349610673668529,,,,,,,,,,,,,,,,,,,"Jimmy Nelson","10547",519076
"Blake Snell","TBR",11,9,,3.695824673736141,33,33,0,,,175.33299255371094,,157,77,72,17,79,1,4,186,9.547547073818365,4.055140961460488,2.3544303797468356,0.8726252701877,,,,,1.346010220681681,,0.7492931196983977,,,3.716576141785074,3.259185035937449,,,,,,,,,803.1641448974608,4.580792999648495,778.6649627685547,4.441063552428793,,,,,,,,,,,,,,,,,,,"Blake Snell","13543",605483
"José Berríos","MIN",14,11,,3.9226339429035066,32,31,0,,,176.66700744628906,,165,82,77,20,60,0,13,174,8.864133845002728,3.056597877587148,2.9,1.0188659591957159,,,,,1.273582448994645,,0.7258883248730964,,,3.8991476978507498,3.2506298298516456,,,,,,,,,761.3358551025392,4.309439923772996,752.3350372314453,4.258491996363118,,,,,,,,,,,,,,,,,,,"Jose Berrios","14168",621244
"Gio Gonzalez","WSN",12,9,,3.9690600729678507,30,30,0,,,172.33299255371094,,165,81,76,18,66,3,6,162,8.46036489237884,3.4468153265247126,2.4545454545454546,0.9400405435976489,,,,,1.3404281825373883,,0.7288629737609329,,,3.888782339234261,3.2359440099875107,,,,,,,,,732.8641448974608,4.252604994769353,735.6649627685547,4.268857354979606,,,,,,,,,,,,,,,,,,,"Gio Gonzalez","7448",461829
"Jeff Samardzija","SFG",11,10,,3.8063982921596202,28,28,0,,,177.33299255371094,,170,80,75,22,35,2,6,163,8.272572288293576,1.776319203007823,4.6571428571428575,1.1165434990334886,,,,,1.1560172591003293,,0.7175660160734788,,,3.625685706434976,3.21552219141643,,,,,,,,,802.664144897461,4.526310267134011,803.6649627685547,4.531953987778891,,,,,,,,,,,,,,,,,,,"Jeff Samardzija","3254",502188
"Jameson Taillon","PIT",8,7,,3.645300396493643,27,27,0,,,145.66700744628906,,147,63,59,14,39,2,6,131,8.093802575265547,2.4096053468347813,3.358974358974359,0.8649865347612035,,,,,1.276884884647491,,0.7391826923076923,,,3.5352131816096306,3.187087634564984,,,,,,,,,650.535855102539,4.465910754310013,673.3350372314453,4.622426512604236,,,,,,,,,,,,,,,,,,,"Jameson Taillon","11674",592791
"Danny Salazar","CLE",11,7,,3.595632745871409,27,25,0,,,137.66700744628906,,115,59,55,17,53,1,4,172,11.244524223452405,3.4648824642033573,3.2452830188679247,1.1113773941784353,,,,,1.2203359622351448,,0.7558945908460473,,,3.506307111995337,3.124368197767584,,,,,,,,,683.635855102539,4.965865589613113,640.3350372314453,4.65133258221853,,,,,,,,,,,,,,,,,,,"Danny Salazar","5867",517593
"Shohei Ohtani","LAA",10,7,,3.4714285714285715,23,23,0,,,140,,120,58,54,14,57,0,6,158,10.157142857142857,3.664285714285714,2.7719298245614037,0.9,,,,,1.2642857142857142,,0.7560355781448539,,,3.55049683707101,3.1155702797526357,,,,,,,,,678.8,4.848571428571428,645,4.607142857142857,,,,,,,,,,,,,,,,,,,"Shohei Ohtani","19755",660271
"Lance McCullers Jr.","HOU",8,5,,3.4274520621309366,24,24,0,,,128.66700744628906,,117,52,49,11,49,2,7,144,10.072512182588875,3.4274520621309366,2.938775510204082,0.7694280139477613,,,,,1.2901520233871553,,0.7569721115537849,,,3.3363956974542566,3.1132681535498996,,,,,,,,,632.6358551025392,4.916845954986771,620.3350372314453,4.821243996759611,,,,,,,,,,,,,,,,,,,"Lance McCullers Jr.","14120",621121
"Kenta Maeda","LAD",12,8,,3.5243283118189956,29,27,0,,,150.66700744628906,,137,63,59,17,39,2,7,149,8.900422346797125,2.329640748490523,3.8205128205128207,1.0154844288292022,,,,,1.1681389508100626,,0.7424441524310119,,,3.5625060351196276,3.1083452927387802,,,,,,,,,709.6358551025389,4.709961836572054,692.3350372314453,4.595133659094239,,,,,,,,,,,,,,,,,,,"Kenta Maeda","18498",628317
"Kevin Gausman","BAL",11,10,,4.247191011235955,32,32,0,,,178,,181,90,84,26,56,1,4,170,8.595505617977528,2.831460674157303,3.0357142857142856,1.3146067415730338,,,,,1.3314606741573034,,0.732801595214357,,,4.157639694213867,3.091883051113577,,,,,,,,,686.8000000000001,3.8584269662921353,712,4,,,,,,,,,,,,,,,,,,,"Kevin Gausman","14107",592332
"Zach Davies","MIL",13,11,,4.0476190476190474,33,33,0,,,189,,195,91,85,21,55,2,8,143,6.809523809523809,2.619047619047619,2.6,1,,,,,1.3227513227513228,,0.7207615593834996,,,4.0888566254307985,3.0113995325207386,,,,,,,,,730.3000000000002,3.864021164021165,769,4.068783068783069,,,,,,,,,,,,,,,,,,,"Zach Davies","13183",605200
"Jon Gray","COL",10,6,,4.085106382978723,26,26,0,,,141,,139,68,64,17,47,1,7,145,9.25531914893617,3,3.0851063829787235,1.0851063829787233,,,,,1.3191489361702127,,0.7274969173859434,,,3.8172141622989737,3.007077326441579,,,,,,,,,600.9000000000001,4.261702127659575,612,4.340425531914893,,,,,,,,,,,,,,,,,,,"Jon Gray","14916",592351
"Luiz Gohara","ATL",9,7,,3.7094594594594597,31,30,0,,,148,,135,65,61,13,62,1,8,154,9.364864864864865,3.77027027027027,2.4838709677419355,0.7905405405405406,,,,,1.3310810810810811,,0.7382550335570469,,,3.637369423943597,2.9852680208780757,,,,,,,,,682.3,4.610135135135135,669,4.52027027027027,,,,,,,,,,,,,,,,,,,"Luiz Gohara","15166",627894
"Madison Bumgarner","SFG",11,9,,3.462932946474841,26,26,0,,,166.33299255371094,,151,68,64,23,34,2,6,169,9.144307311785127,1.8396831278147592,4.970588235294118,1.244491527639396,,,,,1.1122267276004263,,0.7657068062827225,,,3.6446146398118917,2.9773757853749925,,,,,,,,,773.364144897461,4.6494933628259725,750.6649627685547,4.513025054401975,,,,,,,,,,,,,,,,,,,"Madison Bumgarner","5524",518516
"Kyle Hendricks","CHC",10,6,,3.4838709677419355,27,27,0,,,155,,146,64,60,18,39,2,6,136,7.896774193548387,2.264516129032258,3.4871794871794872,1.0451612903225806,,,,,1.1935483870967742,,0.7571964956195244,,,3.7834461458267707,2.959582139990275,,,,,,,,,682.9999999999999,4.406451612903225,678,4.374193548387097,,,,,,,,,,,,,,,,,,,"Kyle Hendricks","12049",543294
"Luis Castillo","CIN",10,8,,3.799581843198715,29,28,0,,,156.33299255371094,,147,71,66,20,41,1,8,146,8.40513559253049,2.3603462965325352,3.5609756097560976,1.151388437332944,,,,,1.2025612567699637,,0.73125,,,3.893248973621026,2.9297548811866094,,,,,,,,,673.664144897461,4.309161706004009,666.6649627685547,4.264390720592841,,,,,,,,,,,,,,,,,,,"Luis Castillo","15689",622491
"Michael Fulmer","DET",12,9,,3.936353232621981,26,26,0,,,162.33299255371094,,159,76,71,18,42,1,9,128,7.096524137684698,2.3285469826777914,3.0476190476190474,0.9979487068619106,,,,,1.2381956177731113,,0.7110352673492605,,,3.964622907787388,2.9274812969618473,,,,,,,,,669.4641448974608,4.124017763523677,680.6649627685547,4.19301678642648,,,,,,,,,,,,,,,,,,,"Michael Fulmer","13218",605242
"Drew Pomeranz","BOS",13,8,,3.6610248788305664,29,29,0,,,157.33299255371094,,142,68,64,19,59,1,3,160,9.152562197076415,3.3750073101719287,2.711864406779661,1.0868667609028244,,,,,1.277545140008583,,0.7626146788990825,,,3.8758615888455585,2.809809208519639,,,,,,,,,695.3641448974608,4.419696934576991,673.6649627685547,4.281778105368309,,,,,,,,,,,,,,,,,,,"Drew Pomeranz","11426",519141
"Rick Porcello","BOS",15,11,,4.135570823864069,30,30,0,,,189.33299255371094,,205,93,87,29,40,1,6,164,7.7957886794679006,1.9014118730409513,4.1,1.3785236079546896,,,,,1.294016413597314,,0.7436399217221135,,,4.145317528265695,2.7962481855040253,,,,,,,,,701.3641448974608,3.7043947567590174,759.6649627685547,4.012322165948173,,,,,,,,,,,,,,,,,,,"Rick Porcello","2717",519144
"Danny Duffy","KCR",11,9,,3.775431906294022,27,27,0,,,157.33299255371094,,149,71,66,19,44,0,6,143,8.180102463637047,2.5169546041960142,3.25,1.0868667609028244,,,,,1.2266975722470475,,0.7331730769230769,,,3.8631496969051744,2.773040899079489,,,,,,,,,679.1641448974608,4.316730609859881,675.6649627685547,4.294489997308693,,,,,,,,,,,,,,,,,,,"Danny Duffy","3542",518633
"Martín Pérez","TEX",12,9,,4.339285714285714,29,29,0,,,168,,183,87,81,16,55,2,4,102,5.464285714285714,2.9464285714285716,1.8545454545454545,0.8571428571428571,,,,,1.4166666666666667,,0.7003710575139147,,,4.23502064659482,2.7511658799385525,,,,,,,,,597.6000000000001,3.557142857142858,659,3.9226190476190474,,,,,,,,,,,,,,,,,,,"Martin Perez","6902",527048
"Mike Leake","SEA",10,10,,4.2,28,28,0,,,165,,180,82,77,20,30,2,6,118,6.4363636363636365,1.6363636363636365,3.933333333333333,1.0909090909090908,,,,,1.2727272727272727,,0.7032967032967034,,,3.957639694213867,2.7302791541303124,,,,,,,,,635,3.8484848484848486,693,4.2,,,,,,,,,,,,,,,,,,,"Mike Leake","10130",502190
"Jake Arrieta","CHC",14,9,,3.674219059181545,29,29,0,,,161.66700744628906,,143,71,66,20,56,2,7,158,8.795857747737637,3.1175192017297957,2.8214285714285716,1.1133997149034984,,,,,1.2309252403655344,,0.7485380116959064,,,3.980318372448119,2.7177666534806124,,,,,,,,,705.5358551025392,4.364130110696462,675.3350372314453,4.177321321765748,,,,,,,,,,,,,,,,,,,"Jake Arrieta","4153",453562
"Dinelson Lamet","SDP",11,10,,3.917419653862436,29,29,0,,,149.33299255371094,,126,70,65,17,69,2,9,178,10.727703052115594,4.158491632561662,2.579710144927536,1.024555909471714,,,,,1.3058065512874786,,0.7301401869158879,,,3.820587635636741,2.714008035144349,,,,,,,,,690.3641448974608,4.622984734261961,647.6649627685547,4.337052058577126,,,,,,,,,,,,,,,,,,,"Dinelson Lamet","17186",659275
"Johnny Cueto","SFG",10,9,,3.6206896551724137,28,28,0,,,174,,163,75,70,20,48,1,8,155,8.017241379310345,2.4827586206896552,3.2291666666666665,1.0344827586206897,,,,,1.2126436781609196,,0.7431693989071039,,,3.835800613754097,2.708123799148285,,,,,,,,,759.8000000000002,4.366666666666668,752,4.32183908045977,,,,,,,,,,,,,,,,,,,"Johnny Cueto","6893",456501
"J.A. Happ","TOR",11,8,,3.8661971830985915,25,25,0,,,142,,137,65,61,17,43,1,2,127,8.049295774647888,2.7253521126760565,2.953488372093023,1.0774647887323943,,,,,1.267605633802817,,0.736235595390525,,,3.875949553368797,2.7052532311758264,,,,,,,,,604.5,4.257042253521127,608,4.28169014084507,,,,,,,,,,,,,,,,,,,"J.A. Happ","7410",457918
"Dylan Bundy","BAL",12,10,,4.123439781491119,26,26,0,,,159.33299255371094,,150,78,73,23,48,1,7,149,8.416335992358587,2.7113028700215582,3.1041666666666665,1.2991659585519966,,,,,1.242680482093214,,0.7237635705669481,,,4.199482926675855,2.6958282077708895,,,,,,,,,639.1641448974608,4.011499028878149,630.6649627685547,3.9581567675380125,,,,,,,,,,,,,,,,,,,"Dylan Bundy","12917",605164
"Alex Wood","LAD",11,8,,3.6166367146149696,27,24,0,,,144.33299255371094,,135,62,58,17,41,4,5,136,8.48038953771786,2.5565880224002373,3.317073170731707,1.0600486922147325,,,,,1.219402417188189,,0.7490144546649147,,,3.760412479983029,2.623842181430297,,,,,,,,,641.9641448974609,4.447799034296094,634.6649627685547,4.397227214230838,,,,,,,,,,,,,,,,,,,"Alex Wood","13781",622072
"Michael Wacha","STL",10,9,,4.021267848726772,28,28,0,,,156.66700744628906,,156,75,70,18,51,4,4,142,8.157429064560024,2.9297808612152196,2.784313725490196,1.0340403039583128,,,,,1.3212737217245107,,0.726072607260726,,,3.8916806507274844,2.6114961508963734,,,,,,,,,651.3358551025391,4.157453861661587,668.3350372314453,4.265959043486383,,,,,,,,,,,,,,,,,,,"Michael Wacha","14078",608379
"Zack Godley","ARI",11,8,,4.006451612903226,28,26,0,,,155,,144,74,69,19,64,2,8,165,9.580645161290322,3.7161290322580647,2.578125,1.103225806451613,,,,,1.3419354838709678,,0.7386990077177508,,,4.0157042103429,2.606014871268304,,,,,,,,,652.8999999999999,4.212258064516128,642,4.141935483870967,,,,,,,,,,,,,,,,,,,"Zack Godley","14862",643327
"Collin McHugh","HOU",9,7,,3.7333333333333334,24,24,0,,,135,,132,60,56,15,38,1,6,123,8.2,2.533333333333333,3.236842105263158,1,,,,,1.2592592592592593,,0.738255033557047,,,3.7576396942138675,2.585813790344612,,,,,,,,,585.3,4.335555555555556,594,4.4,,,,,,,,,,,,,,,,,,,"Collin McHugh","7531",543521
"Cole Hamels","TEX",10,7,,3.857142857142857,26,26,0,,,154,,148,71,66,18,53,1,8,128,7.48051948051948,3.0974025974025974,2.4150943396226414,1.051948051948052,,,,,1.3051948051948052,,0.7394766780432309,,,4.203094239668413,2.575950442826501,,,,,,,,,606.4000000000001,3.937662337662338,609,3.9545454545454546,,,,,,,,,,,,,,,,,,,"Cole Hamels","4972",430935
"Eduardo Rodriguez","BOS",9,6,,4.008724676255362,29,28,0,,,152.66700744628906,,142,73,68,21,53,1,5,162,9.550197022843655,3.1244471741402084,3.056603773584906,1.2379885029612145,,,,,1.2772897252774436,,0.7367149758454107,,,3.9633147516965623,2.5608036995515797,,,,,,,,,652.2358551025391,4.272277724000106,640.3350372314453,4.194324942517305,,,,,,,,,,,,,,,,,,,"Eduardo Rodriguez","13164",593958
"Tanner Roark","WSN",12,10,,4.221999389355071,30,29,0,,,172.66700744628906,,170,87,81,23,55,4,7,147,7.6621470399406855,2.866789708821345,2.672727272727273,1.198839332779835,,,,,1.3030862312824294,,0.7157676348547718,,,4.2638151172136185,2.5019486590101345,,,,,,,,,660.835855102539,3.8272271285416406,672.3350372314453,3.893824577000249,,,,,,,,,,,,,,,,,,,"Tanner Roark","8753",543699
"Ervin Santana","MIN",11,9,,4.1019311414685315,28,28,0,,,173.33299255371094,,171,85,79,23,51,2,5,138,7.165398702818448,2.6480821293024697,2.7058823529411766,1.194233117136408,,,,,1.2807717488129593,,0.7218124341412012,,,4.259564937561954,2.495262043107398,,,,,,,,,663.1641448974609,3.825954511758431,675.6649627685547,3.8980747566519134,,,,,,,,,,,,,,,,,,,"Ervin Santana","3200",429722
"Luke Weaver","STL",11,8,,3.770563953131969,26,26,0,,,133.66700744628906,,132,60,56,15,34,2,7,121,8.147111398731575,2.2892709715444095,3.5588235294117645,1.0099724874460632,,,,,1.2418920956744184,,0.7310344827586207,,,3.726216798257577,2.4879526402682615,,,,,,,,,580.4358551025391,4.342401810228104,592.3350372314453,4.43142289595629,,,,,,,,,,,,,,,,,,,"Luke Weaver","16918",596133
"Carlos Rodón","CHW",9,7,,3.934663259901558,23,23,0,,,132.66700744628906,,124,62,58,15,55,1,6,139,9.42962401941925,3.731146194734236,2.5272727272727273,1.0175853258366099,,,,,1.349242765368542,,0.740506329113924,,,3.911406602240986,2.485229253268333,,,,,,,,,569.835855102539,4.295234105836299,563.3350372314453,4.246233091972882,,,,,,,,,,,,,,,,,,,"Carlos Rodon","16137",607074
"Tyler Glasnow","PIT",10,9,,4.089077549169467,30,28,0,,,149.66700744628906,,131,73,68,17,83,1,7,181,10.884162299995198,4.991079949721555,2.180722891566265,1.0222693872923667,,,,,1.4298408423566435,,0.7413249211356467,,,4.019553099185863,2.4056652869977366,,,,,,,,,649.835855102539,4.341877787165253,619.3350372314453,4.138086595028004,,,,,,,,,,,,,,,,,,,"Tyler Glasnow","14374",607192
"Charlie Morton","HOU",11,8,,3.789473684210526,24,24,0,,,133,,121,60,56,14,48,2,12,135,9.135338345864662,3.2481203007518795,2.8125,0.9473684210526315,,,,,1.2706766917293233,,0.7295850066934404,,,3.849369017522138,2.4041081998412834,,,,,,,,,587.4,4.416541353383458,573,4.30827067669173,,,,,,,,,,,,,,,,,,,"Charlie Morton","4676",450203
"Garrett Richards","LAA",10,8,,3.8948752613260695,22,22,0,,,136.33299255371094,,124,63,59,15,52,1,3,126,8.317869202153979,3.43277141676196,2.423076923076923,0.9902225240659499,,,,,1.2909567721156088,,0.7290322580645161,,,3.9498177134666275,2.393880164154128,,,,,,,,,588.9641448974608,4.320041201071907,573.6649627685547,4.20782198074724,,,,,,,,,,,,,,,,,,,"Garrett Richards","9784",572070
"Alex Cobb","TBR",11,9,,3.76875,26,26,0,,,160,,160,72,67,18,41,2,7,119,6.69375,2.30625,2.902439024390244,1.0125,,,,,1.25625,,0.7337883959044368,,,4.032639694213867,2.3788073935599745,,,,,,,,,640.5999999999999,4.003749999999999,660,4.125,,,,,,,,,,,,,,,,,,,"Alex Cobb","6562",502171
"Patrick Corbin","ARI",13,10,,4.285714285714286,31,28,0,,,168,,177,86,80,23,55,4,5,148,7.928571428571429,2.9464285714285716,2.690909090909091,1.2321428571428572,,,,,1.380952380952381,,0.7307307307307307,,,4.246925408499582,2.3786372562230373,,,,,,,,,616.0999999999999,3.6672619047619044,657,3.9107142857142856,,,,,,,,,,,,,,,,,,,"Patrick Corbin","9323",571578
"Sean Manaea","OAK",10,9,,4.247835468260128,29,28,0,,,154.66700744628906,,153,78,73,18,50,1,7,135,7.855586139933114,2.909476348123375,2.7,1.0474114853244152,,,,,1.3124971081534338,,0.7030371203599549,,,4.03048259865088,2.372844803953614,,,,,,,,,624.335855102539,4.036645341569377,638.3350372314453,4.127157095562987,,,,,,,,,,,,,,,,,,,"Sean Manaea","15873",640455
"Jordan Montgomery","NYY",9,8,,4.231788079470198,29,29,0,,,151,,146,76,71,21,52,0,5,142,8.463576158940397,3.0993377483443707,2.730769230769231,1.2516556291390728,,,,,1.3112582781456954,,0.7236061684460261,,,4.21724234322049,2.3568147388234886,,,,,,,,,592.5000000000001,3.92384105960265,595,3.9403973509933774,,,,,,,,,,,,,,,,,,,"Jordan Montgomery","16511",656756
"Aaron Sanchez","TOR",8,6,,3.848121649335683,26,26,0,,,142.66700744628906,,137,65,61,13,58,0,4,110,6.939235761097133,3.6588697649421245,1.896551724137931,0.8200914990387521,,,,,1.3668191650645867,,0.7352941176470588,,,4.103899116181658,2.3484514115044965,,,,,,,,,573.6358551025392,4.020802464217246,578.3350372314453,4.053740578032209,,,,,,,,,,,,,,,,,,,"Aaron Sanchez","11490",592717
"Germán Márquez","COL",11,8,,4.517937487775086,31,30,0,,,167.33299255371094,,178,90,84,27,44,2,9,144,7.745035693328719,2.366538684072664,3.272727272727273,1.4521941924991348,,,,,1.3266959289498268,,0.716612377850163,,,4.484335623163695,2.33977011629908,,,,,,,,,572.3641448974611,3.420509823929326,614.6649627685547,3.673304071050173,,,,,,,,,,,,,,,,,,,"German Marquez","15038",608566
"Iván Nova","PIT",11,10,,4.028944055799328,25,25,0,,,149.66700744628906,,159,72,67,19,31,1,8,110,6.614684270715314,1.8641382944743157,3.5483870967741935,1.142536374032645,,,,,1.2694848600362723,,0.7221542227662179,,,4.119775588136095,2.2569999037312165,,,,,,,,,563.4358551025389,3.7645962508119157,604.3350372314453,4.037864106077772,,,,,,,,,,,,,,,,,,,"Ivan Nova","1994",467100
"Shane Bieber","CLE",8,7,,4.311377245508982,28,28,0,,,167,,186,86,80,22,28,2,10,102,5.497005988023952,1.5089820359281436,3.642857142857143,1.18562874251497,,,,,1.281437125748503,,0.6986899563318778,,,4.331292388824646,2.2389364865976717,,,,,,,,,571.5999999999998,3.422754491017963,639,3.8263473053892216,,,,,,,,,,,,,,,,,,,"Shane Bieber","19427",669456
"Brent Honeywell","TBR",11,9,,3.847509833647112,26,26,0,,,133.33299255371094,,130,61,57,18,35,0,7,132,8.91002277265647,2.362506038204367,3.7714285714285714,1.2150031053622459,,,,,1.2375031628689541,,0.7439198855507868,,,3.8776415344285318,2.223337630804011,,,,,,,,,565.264144897461,4.2394919222243805,570.6649627685547,4.279998159785336,,,,,,,,,,,,,,,,,,,"Brent Honeywell","16466",641703
"Nick Pivetta","PHI",10,11,,4.529032258064516,29,29,0,,,155,,154,83,78,24,55,0,6,158,9.174193548387096,3.193548387096774,2.8727272727272726,1.3935483870967742,,,,,1.3483870967741935,,0.7183580387685291,,,4.312478403891287,2.2054847121611743,,,,,,,,,584.3999999999999,3.7703225806451606,596,3.8451612903225807,,,,,,,,,,,,,,,,,,,"Nick Pivetta","15454",601713
"Vince Velasquez","PHI",7,8,,4.35484975715178,26,25,0,,,134.33299255371094,,129,70,65,22,48,1,3,155,10.384641728592706,3.215889051435161,3.2291666666666665,1.4739491485744487,,,,,1.3176212085741283,,0.73187414500684,,,4.1179398970729775,2.1894948828363305,,,,,,,,,545.0641448974611,4.057559759040772,542.6649627685547,4.03969979714089,,,,,,,,,,,,,,,,,,,"Vince Velasquez","11189",592826
"Lucas Giolito","CHW",10,10,,4.248447204968944,29,29,0,,,161,,154,81,76,22,64,0,8,152,8.496894409937887,3.577639751552795,2.375,1.2298136645962734,,,,,1.3540372670807452,,0.7318376068376069,,,4.3874533588101405,2.1592241802469605,,,,,,,,,608.4000000000001,3.7788819875776403,607,3.770186335403727,,,,,,,,,,,,,,,,,,,"Lucas Giolito","15474",608337
"Rich Hill","LAD",11,7,,3.5014308371543406,23,23,0,,,115.66699981689453,,93,48,45,14,46,1,8,137,10.659911659780994,3.579240411313326,2.9782608695652173,1.089334038225795,,,,,1.2017256453443292,,0.76214405360134,,,3.7628252710059757,2.1267485257507297,,,,,,,,,553.9357986450195,4.7890565115540475,508.33499908447266,4.394814423207892,,,,,,,,,,,,,,,,,,,"Rich Hill","4806",448179
"Kyle Gibson","MIN",11,10,,4.546787210722009,29,29,0,,,160.33299255371094,,169,87,81,19,57,2,5,119,6.679847877480483,3.19959100013771,2.087719298245614,1.0665303333792366,,,,,1.4095664055187573,,0.6970912738214644,,,4.373858495435804,2.1054420652817645,,,,,,,,,565.3641448974608,3.5261871926207955,606.6649627685547,3.7837811987780636,,,,,,,,,,,,,,,,,,,"Kyle Gibson","10123",502043
"Jake Faria","TBR",9,8,,3.9095113050799974,28,27,0,,,147.33299255371094,,131,68,64,19,61,0,8,159,9.71269214855812,3.726252962654373,2.6065573770491803,1.1606361686956244,,,,,1.3031704350266657,,0.7496977025392987,,,4.080718752357756,2.0971328254690347,,,,,,,,,626.9641448974609,4.2554225908965915,600.6649627685547,4.076920941856112,,,,,,,,,,,,,,,,,,,"Jake Faria","13699",607188
"Trevor Oaks","KCR",9,8,,4.040389859020407,24,24,0,,,140.33299255371094,,156,67,63,16,25,0,7,86,5.515452823424683,1.6033293091350822,3.44,1.0261307578464527,,,,,1.2897893553486661,,0.7187894073139975,,,4.098259555573115,2.091043976353831,,,,,,,,,512.064144897461,3.6489220074279682,569.6649627685547,4.059380138640751,,,,,,,,,,,,,,,,,,,"Trevor Oaks","16468",656805
"Marco Estrada","TOR",9,8,,4.370892482513793,28,28,0,,,162.66700744628906,,151,85,79,24,56,1,3,141,7.801213164992972,3.0983541648199036,2.517857142857143,1.3278660706371015,,,,,1.272538317693889,,0.7035755478662052,,,4.430178011907756,2.0909190168345133,,,,,,,,,620.935855102539,3.817220620521746,606.3350372314453,3.727461682306111,,,,,,,,,,,,,,,,,,,"Marco Estrada","1118",462136
"Jack Flaherty","STL",10,9,,4.035155768578951,30,29,0,,,151.66700744628906,,152,73,68,20,49,2,8,140,8.307673641191958,2.9076857744171853,2.857142857142857,1.1868105201702797,,,,,1.325271747523479,,0.7398843930635838,,,4.153241852801157,2.058362101970158,,,,,,,,,590.1358551025392,3.890996895363207,607.3350372314453,4.00439784141271,,,,,,,,,,,,,,,,,,,"Jack Flaherty","17479",656427
"Adam Wainwright","STL",9,8,,4.088762176198037,22,22,0,,,127.66699981689453,,132,62,58,13,39,3,4,99,6.97909405937251,2.7493400839952313,2.5384615384615383,0.9164466946650771,,,,,1.339422092202805,,0.713350785340314,,,3.940927467431882,2.054772916403502,,,,,,,,,510.63579864501975,3.9997477764606,538.3349990844727,4.216712226781985,,,,,,,,,,,,,,,,,,,"Adam Wainwright","2233",425794
"Wilmer Font","LAD",9,7,,3.918216137371496,27,23,0,,,126.33300018310547,,119,59,55,19,36,0,6,138,9.831160490132117,2.564650562643161,3.8333333333333335,1.353565574728335,,,,,1.2269161642274382,,0.7476635514018691,,,3.9254517453755544,2.039494584784076,,,,,,,,,541.7642013549805,4.288382295756091,534.6650009155273,4.2321879488383125,,,,,,,,,,,,,,,,,,,"Wilmer Font","5257",521655
"Antonio Senzatela","COL",10,7,,4.459831605935696,41,23,0,,,149.33299255371094,,155,79,74,19,50,1,5,113,6.810283398253158,3.0133997337403353,2.26,1.1450918988213274,,,,,1.3727709898150415,,0.7062780269058295,,,4.40317825082654,2.0237923089484866,,,,,,,,,529.3641448974608,3.5448572739681974,560.6649627685547,3.7544614433873282,,,,,,,,,,,,,,,,,,,"Antonio Senzatela","15488",622608
"Michael Soroka","ATL",10,9,,4.230404781319742,26,26,0,,,144.66700744628906,,151,73,68,16,44,0,8,107,6.656666347076653,2.737320740853951,2.4318181818181817,0.9953893603105276,,,,,1.3479230920871728,,0.7068366164542295,,,4.194503611204,1.9964484080868625,,,,,,,,,539.135855102539,3.7267367634096225,573.3350372314453,3.963136083009867,,,,,,,,,,,,,,,,,,,"Michael Soroka","18383",647336
"Lance Lynn","STL",11,9,,3.8192457670660294,31,31,0,,,169.66700744628906,,165,77,72,20,69,4,7,145,7.691536614230198,3.6601105267716116,2.101449275362319,1.060901601962786,,,,,1.3791720825516218,,0.7621359223300971,,,4.3246314563729324,1.9845134689149364,,,,,,,,,642.535855102539,3.7870406555378455,650.3350372314453,3.8330082378409354,,,,,,,,,,,,,,,,,,,"Lance Lynn","2520",458681
"Sal Romano","CIN",9,9,,4.395359287317755,27,27,0,,,143.33299255371094,,151,75,70,18,49,2,7,116,7.283738247555137,3.0767515011224287,2.36734693877551,1.13023524531028,,,,,1.3953521547040493,,0.7151029748283753,,,4.343689025712309,1.9750846126747472,,,,,,,,,510.664144897461,3.562781574563865,546.6649627685547,3.8139506685015583,,,,,,,,,,,,,,,,,,,"Sal Romano","13690",607219
"Sean Newcomb","ATL",9,9,,4.284792131542465,31,31,0,,,153.33299255371094,,138,78,73,15,98,3,9,172,10.095674611305533,5.7521866971392,1.7551020408163265,0.8804367393580408,,,,,1.5391338554703526,,0.7348837209302326,,,4.27938131769226,1.969435734996536,,,,,,,,,614.3641448974611,4.006731588977863,594.6649627685547,3.8782583765216074,,,,,,,,,,,,,,,,,,,"Sean Newcomb","16943",656794
"Brad Peacock","HOU",7,6,,4.039370078740157,32,22,0,,,127,,112,61,57,16,57,1,4,140,9.921259842519685,4.039370078740157,2.456140350877193,1.1338582677165354,,,,,1.330708661417323,,0.7366984993178718,,,4.031655442245364,1.920288180834003,,,,,,,,,548.8000000000002,4.321259842519686,524,4.125984251968504,,,,,,,,,,,,,,,,,,,"Brad Peacock","5401",502748
"Michael Kopech","CHW",8,9,,4.443878944762678,27,27,0,,,133.66700744628906,,111,71,66,16,80,0,7,157,10.571045368602126,5.38651993304567,1.9625,1.0773039866091338,,,,,1.4289240377940595,,0.7117437722419929,,,4.3172377353556435,1.8953880120265845,,,,,,,,,556.7358551025392,4.165095529098685,513.3350372314453,3.840401958858224,,,,,,,,,,,,,,,,,,,"Michael Kopech","17282",656629
"Ricky Nolasco","LAA",8,9,,4.57726326075995,27,27,0,,,155.33299255371094,,168,85,79,23,41,1,4,118,6.836924870502204,2.375541692293139,2.8780487804878048,1.3326209493351755,,,,,1.3454965140630515,,0.7013574660633484,,,4.432320602273601,1.884651302828784,,,,,,,,,530.7641448974609,3.4169440514315315,578.6649627685547,3.7253190919402672,,,,,,,,,,,,,,,,,,,"Ricky Nolasco","3830",445060
"Michael Pineda","MIN",7,6,,4.281553398058253,18,18,0,,,103,,112,52,49,15,23,0,3,96,8.388349514563107,2.0097087378640777,4.173913043478261,1.3106796116504855,,,,,1.3106796116504855,,0.7280701754385965,,,3.9440474612041587,1.8492231169467312,,,,,,,,,400.50000000000006,3.8883495145631075,434,4.213592233009709,,,,,,,,,,,,,,,,,,,"Michael Pineda","5372",501381
"Miles Mikolas","STL",9,8,,4.125852175323684,26,26,0,,,148.33299255371094,,150,73,68,19,49,1,8,127,7.705635680383938,2.9730405381008893,2.5918367346938775,1.152811637222794,,,,,1.3415761158323742,,0.7308584686774942,,,4.263260211784266,1.8377009451621502,,,,,,,,,556.964144897461,3.7548230862785696,577.6649627685547,3.894379482429601,,,,,,,,,,,,,,,,,,,"Miles Mikolas","9803",571945
"Daniel Norris","DET",9,9,,4.5,29,27,0,,,134,,139,72,67,16,58,2,4,118,7.925373134328358,3.8955223880597014,2.0344827586206895,1.0746268656716418,,,,,1.4701492537313432,,0.715922107674685,,,4.336744171825808,1.8374954925055953,,,,,,,,,483.3999999999999,3.6074626865671635,512,3.8208955223880596,,,,,,,,,,,,,,,,,,,"Daniel Norris","13475",596057
"Jerad Eickhoff","PHI",8,9,,4.530201342281879,27,27,0,,,149,,153,80,75,24,47,2,6,135,8.154362416107382,2.838926174496644,2.872340425531915,1.4496644295302012,,,,,1.342281879194631,,0.7211538461538461,,,4.506632982804471,1.805602655687629,,,,,,,,,520.6000000000001,3.493959731543625,544,3.651006711409396,,,,,,,,,,,,,,,,,,,"Jerad Eickhoff","12664",595191
"Brandon Woodruff","MIL",9,8,,4.1652892561983474,25,25,0,,,121,,120,60,56,15,43,1,7,110,8.181818181818182,3.1983471074380163,2.558139534883721,1.115702479338843,,,,,1.3471074380165289,,0.7253521126760564,,,4.190697545453537,1.7889109524364257,,,,,,,,,468.9000000000001,3.8752066115702486,480,3.9669421487603307,,,,,,,,,,,,,,,,,,,"Brandon Woodruff","16162",605540
"Clayton Richard","SDP",8,10,,4.5,27,24,0,,,148,,168,79,74,18,45,4,6,106,6.445945945945946,2.7364864864864864,2.3555555555555556,1.0945945945945945,,,,,1.4391891891891893,,0.7135250266240681,,,4.3400721266463,1.7768246637031335,,,,,,,,,496.00000000000006,3.3513513513513518,565,3.8175675675675675,,,,,,,,,,,,,,,,,,,"Clayton Richard","3551",453385
"Steven Matz","NYM",7,6,,3.857142857142857,20,20,0,,,105,,105,48,45,12,35,2,4,98,8.4,3,2.8,1.0285714285714285,,,,,1.3333333333333333,,0.7467532467532467,,,3.8909730275472008,1.7677613172006843,,,,,,,,,435.4,4.1466666666666665,448,4.266666666666667,,,,,,,,,,,,,,,,,,,"Steven Matz","13361",571927
"Luis Perdomo","SDP",8,10,,4.479810359003929,28,25,0,,,148.66700744628906,,164,79,74,16,54,4,8,108,6.538101605032761,3.2690508025163805,2,0.9686076451900387,,,,,1.4663643517460307,,0.7106339468302658,,,4.354946366740443,1.761608709468099,,,,,,,,,506.93585510253916,3.40987461717548,565.3350372314453,3.8026933274734245,,,,,,,,,,,,,,,,,,,"Luis Perdomo","14682",606131
"Matt Andriese","TBR",7,7,,4.090909090909091,26,22,0,,,121,,123,59,55,18,27,1,3,109,8.107438016528926,2.0082644628099175,4.037037037037037,1.3388429752066116,,,,,1.2396694214876034,,0.7291666666666666,,,4.033672752065107,1.7544390414444444,,,,,,,,,482.2000000000001,3.9851239669421497,499,4.12396694214876,,,,,,,,,,,,,,,,,,,"Matt Andriese","12022",542882
"Shelby Miller","ARI",10,8,,4.5,26,25,0,,,144,,145,77,72,19,57,4,3,121,7.5625,3.5625,2.1228070175438596,1.1875,,,,,1.4027777777777777,,0.7126567844925883,,,4.44236191643609,1.747806507008284,,,,,,,,,516.9000000000001,3.589583333333334,535,3.7152777777777777,,,,,,,,,,,,,,,,,,,"Shelby Miller","10197",571946
"Joe Musgrove","PIT",8,8,,4.076923076923077,33,17,0,,,117,,121,57,53,17,24,0,5,105,8.076923076923077,1.8461538461538463,4.375,1.3076923076923077,,,,,1.2393162393162394,,0.7260726072607261,,,3.995246531820705,1.7423964664877543,,,,,,,,,465.10000000000014,3.975213675213676,487,4.162393162393163,,,,,,,,,,,,,,,,,,,"Joe Musgrove","12970",605397
"Julio Teheran","ATL",11,11,,4.351648351648351,31,31,0,,,182,,178,94,88,28,61,3,7,155,7.664835164835165,3.0164835164835164,2.540983606557377,1.3846153846153846,,,,,1.3131868131868132,,0.7257257257257257,,,4.575222111796285,1.7421891486879866,,,,,,,,,645.5999999999999,3.5472527472527466,652,3.5824175824175826,,,,,,,,,,,,,,,,,,,"Julio Teheran","6797",527054
"Matthew Boyd","DET",10,10,,4.787618774085043,30,30,0,,,161.66700744628906,,172,92,86,25,53,1,7,134,7.459778089853439,2.950509244494271,2.5283018867924527,1.391749643629373,,,,,1.391749643629373,,0.7,,,4.6236159855034735,1.7374981585705567,,,,,,,,,529.6358551025392,3.276091167076876,571.3350372314453,3.534023708710394,,,,,,,,,,,,,,,,,,,"Matthew Boyd","15440",571510
"Joe Ross","WSN",7,6,,4.267241379310345,22,21,0,,,116,,121,59,55,17,31,2,4,101,7.836206896551724,2.4051724137931036,3.2580645161290325,1.3189655172413792,,,,,1.3103448275862069,,0.7254290171606865,,,4.226605211455246,1.7254113322912747,,,,,,,,,431.70000000000005,3.7215517241379312,456,3.9310344827586206,,,,,,,,,,,,,,,,,,,"Joe Ross","12972",605452
"Bryan Mitchell","SDP",4,4,,3.78597935197868,32,14,0,,,90.33329772949219,,88,41,38,6,34,1,4,77,7.671589739535746,3.3874552096651347,2.264705882352941,0.5977862134703179,,,,,1.3505540378403478,,0.7130281690140845,,,3.578304066655943,1.704312478595908,,,,,,,,,405.86640319824227,4.492987784123973,413.66648864746094,4.579335627557924,,,,,,,,,,,,,,,,,,,"Bryan Mitchell","11479",571951
"Taijuan Walker","ARI",10,8,,4.375276061865187,28,28,0,,,156.33299255371094,,154,81,76,25,52,4,9,144,8.289996748797197,2.993609937065654,2.769230769230769,1.43923554666618,,,,,1.317700100503258,,0.7309941520467836,,,4.56489222873191,1.7020577245769883,,,,,,,,,553.964144897461,3.543488395177601,561.6649627685547,3.5927474654819576,,,,,,,,,,,,,,,,,,,"Taijuan Walker","11836",592836
"Tyler Skaggs","LAA",5,4,,3.976028851663352,19,19,0,,,97.33329772949219,,97,46,43,10,32,0,6,83,7.67466034158275,2.958905191935518,2.59375,0.9246578724798494,,,,,1.3253429505544507,,0.7217391304347827,,,3.95900985036307,1.6970168758835895,,,,,,,,,397.06640319824214,4.079450840161251,408.66648864746094,4.198629843850798,,,,,,,,,,,,,,,,,,,"Tyler Skaggs","10190",572140
"Tyler Chatwood","CHC",12,10,,4.23654410113278,30,25,0,,,142.33299255371094,,133,72,67,15,66,2,4,115,7.271680173586115,4.1733120996233355,1.7424242424242424,0.9484800226416672,,,,,1.3981298111532725,,0.7134831460674157,,,4.387150834675288,1.6866251697347168,,,,,,,,,542.964144897461,3.8147455144144984,536.6649627685547,3.7704888595385797,,,,,,,,,,,,,,,,,,,"Tyler Chatwood","4338",543022
"Anthony Banda","ARI",10,9,,4.609766547103126,30,27,0,,,150.33299255371094,,150,82,77,21,62,1,9,141,8.441260820020009,3.7117600768882313,2.274193548387097,1.2572090583008526,,,,,1.410202753226353,,0.7119386637458927,,,4.5146272492052635,1.685668311005965,,,,,,,,,533.164144897461,3.546554457811197,547.6649627685547,3.6430124450086034,,,,,,,,,,,,,,,,,,,"Anthony Banda","14706",607455
"Matt Shoemaker","LAA",7,7,,4.061946902654867,20,20,0,,,113,,113,55,51,17,28,1,4,100,7.964601769911504,2.230088495575221,3.5714285714285716,1.3539823008849559,,,,,1.247787610619469,,0.7337883959044369,,,4.193037924302363,1.6710783480920148,,,,,,,,,437.3,3.869911504424779,448,3.9646017699115044,,,,,,,,,,,,,,,,,,,"Matt Shoemaker","4776",533167
"Jaime García","TOR",8,8,,4.531914893617022,25,25,0,,,141,,148,76,71,21,46,2,4,115,7.340425531914893,2.9361702127659575,2.5,1.3404255319148937,,,,,1.375886524822695,,0.7168894289185905,,,4.526434020455002,1.6652098942794382,,,,,,,,,480.3000000000001,3.4063829787234052,512,3.631205673758865,,,,,,,,,,,,,,,,,,,"Jaime Garcia","8137",448802
"Kyle Freeland","COL",13,10,,4.709948915139631,35,30,0,,,164.33299255371094,,182,92,86,23,61,4,8,114,6.243420654952535,3.340777718878111,1.8688524590163935,1.259637500560599,,,,,1.4787048919624426,,0.7163187855787476,,,4.849326772261435,1.6293169595542902,,,,,,,,,480.9641448974608,2.9267655716806926,543.6649627685547,3.308312921952432,,,,,,,,,,,,,,,,,,,"Kyle Freeland","16256",607536
"Reynaldo López","CHW",9,10,,4.7206925930650705,29,28,0,,,156.33299255371094,,156,88,82,25,64,1,6,150,8.63541327999708,3.684442999465421,2.34375,1.43923554666618,,,,,1.4072525345180427,,0.7135135135135136,,,4.660841265176322,1.6242359374113073,,,,,,,,,533.764144897461,3.414277026099126,546.6649627685547,3.4967984290375456,,,,,,,,,,,,,,,,,,,"Reynaldo Lopez","16400",625643
"CC Sabathia","NYY",9,8,,4.374672221778624,24,24,0,,,131.66700744628906,,136,68,64,19,43,1,6,107,7.313905120786137,2.939232899007513,2.488372093023256,1.298730815840529,,,,,1.359490152254121,,0.7283464566929133,,,4.524724763519687,1.6139929226239433,,,,,,,,,454.0358551025389,3.448364658001009,478.3350372314453,3.63291493069418,,,,,,,,,,,,,,,,,,,"CC Sabathia","404",282332
"Jeff Hoffman","COL",9,7,,4.816901408450704,31,26,0,,,142,,150,81,76,21,58,1,6,122,7.732394366197183,3.676056338028169,2.103448275862069,1.3309859154929577,,,,,1.4647887323943662,,0.7110862262038075,,,4.713977722382881,1.6000587009831742,,,,,,,,,454.5,3.2007042253521125,489,3.443661971830986,,,,,,,,,,,,,,,,,,,"Jeff Hoffman","17432",656546
"Kenley Jansen","LAD",4,1,,2.2857142857142856,63,0,37.804500579833984,,,63,,44,17,16,6,16,1,2,92,13.142857142857142,2.2857142857142856,5.75,0.8571428571428571,,,,,0.9523809523809523,,0.8333333333333333,,,2.3322428688170422,1.5616857674189668,,,,,,,,,597.02250289917,9.47654766506619,556.0225028991699,8.825754014272539,,,,,,,,,,,,,,,,,,,"Kenley Jansen","3096",445276
"Alex Meyer","LAA",5,5,,3.927271201898836,21,17,0,,,91.66670227050781,,79,43,40,10,46,0,4,103,10.112723344889503,4.516361882183662,2.239130434782609,0.981817800474709,,,,,1.3636358339926515,,0.7387387387387387,,,3.964912107937517,1.5497123375673911,,,,,,,,,405.93359680175786,4.428364790563214,384.33351135253906,4.192727586276351,,,,,,,,,,,,,,,,,,,"Alex Meyer","12833",543542
"Mike Clevinger","CLE",10,10,,4.434782608695652,31,26,0,,,138,,129,73,68,21,64,1,6,149,9.717391304347826,4.173913043478261,2.328125,1.3695652173913044,,,,,1.3985507246376812,,0.7334963325183375,,,4.498219404358795,1.546087166250166,,,,,,,,,515.5,3.7355072463768115,505,3.6594202898550723,,,,,,,,,,,,,,,,,,,"Mike Clevinger","12808",605182
"David Hurlbut","TEX",8,8,,4.711924402592978,22,21,0,,,120.33300018310547,,142,67,63,15,32,0,6,70,5.235471558436643,2.3933584267138936,2.1875,1.1218867625221378,,,,,1.4459873828063108,,0.6993464052287581,,,4.5620757154452845,1.535639036183068,,,,,,,,,362.76420135498057,3.014669299385689,432.66500091552734,3.5955639787685834,,,,,,,,,,,,,,,,,,,"David Hurlbut","sa503067",571798
"Chase Anderson","MIL",8,8,,4.322670983336345,26,26,0,,,135.33299255371094,,136,70,65,21,44,1,5,119,7.913813031031156,2.9261157425661417,2.7045454545454546,1.396555240770204,,,,,1.3300526102573371,,0.7304116865869854,,,4.5024706668073975,1.5355003827994478,,,,,,,,,480.564144897461,3.5509755295386287,494.6649627685547,3.6551690274064703,,,,,,,,,,,,,,,,,,,"Chase Anderson","6895",502624
"Yonny Chirinos","TBR",9,9,,4.348993288590604,28,25,0,,,149,,162,77,72,23,24,0,8,104,6.281879194630872,1.4496644295302012,4.333333333333333,1.389261744966443,,,,,1.2483221476510067,,0.7087126137841352,,,4.4126732512608475,1.5336864413808542,,,,,,,,,510.50000000000006,3.4261744966442955,558,3.7449664429530203,,,,,,,,,,,,,,,,,,,"Yonny Chirinos","16401",630023
"Jordan Zimmermann","DET",9,9,,4.80563211471778,25,25,0,,,142.33299255371094,,162,81,76,22,34,1,5,97,6.133504146416114,2.1498880513211125,2.8529411764705883,1.3911040332077786,,,,,1.377052477316791,,0.6961259079903148,,,4.626027284822078,1.5261608560984963,,,,,,,,,438.4641448974609,3.0805517191103924,502.6649627685547,3.5316124093917893,,,,,,,,,,,,,,,,,,,"Jordan Zimmermann","4505",519455
"Ubaldo Jiménez","BAL",7,9,,5.015267175572519,27,23,0,,,131,,135,78,73,19,58,0,5,119,8.17557251908397,3.984732824427481,2.0517241379310347,1.3053435114503817,,,,,1.4732824427480915,,0.6911057692307692,,,4.669090075893257,1.5129135930797477,,,,,,,,,433.70000000000005,3.3106870229007637,457,3.4885496183206106,,,,,,,,,,,,,,,,,,,"Ubaldo Jimenez","3374",434622
"Wade Miley","MIL",9,11,,4.957953387813164,28,28,0,,,150.66700744628906,,158,89,83,22,67,1,4,139,8.303078565132889,4.002203337150385,2.074626865671642,1.3141563196613204,,,,,1.4933594541605915,,0.7003089598352215,,,4.624450535856049,1.510613362356303,,,,,,,,,498.5358551025391,3.3088588109129398,532.3350372314453,3.533189158357819,,,,,,,,,,,,,,,,,,,"Wade Miley","8779",489119
"Artie Lewicki","DET",8,8,,4.655160072671308,25,23,0,,,125.66699981689453,,140,70,65,16,37,0,7,86,6.1591348653805,2.649860349059052,2.324324324324324,1.1458855563498604,,,,,1.408484329680037,,0.6921086675291074,,,4.494506176622037,1.5038887062759978,,,,,,,,,409.1357986450196,3.2557139045346717,460.33499908447266,3.6631335175918296,,,,,,,,,,,,,,,,,,,"Artie Lewicki","16731",592499
"Walker Buehler","LAD",4,3,,3.84341490917793,36,19,0,,,93.66670227050781,,79,43,40,13,42,1,4,122,11.722415472992687,4.035585654636827,2.9047619047619047,1.2491098454828273,,,,,1.2918144555848043,,0.7587548638132295,,,3.830237303320005,1.501835869183834,,,,,,,,,433.83359680175784,4.631673650139341,405.33351135253906,4.327402390893862,,,,,,,,,,,,,,,,,,,"Walker Buehler","19374",621111
"Thomas Eshelman","PHI",8,9,,4.725012076408734,24,24,0,,,133.33299255371094,,147,75,70,23,26,1,6,102,6.885017597052727,1.755004485523244,3.923076923076923,1.5525039679628698,,,,,1.2975033162201761,,0.6960227272727272,,,4.590143355474293,1.4961834126630649,,,,,,,,,429.56414489746095,3.221739321004277,475.6649627685547,3.5674963387395744,,,,,,,,,,,,,,,,,,,"Thomas Eshelman","18361",664045
"Marcos Molina","NYM",8,8,,4.153858927929677,20,19,0,,,108.33300018310547,,113,54,50,11,35,3,5,78,6.4800199275702965,2.907701249550774,2.2285714285714286,0.913848964144529,,,,,1.3661580474079826,,0.7088989441930619,,,4.145335039299368,1.4944517292274169,,,,,,,,,408.5642013549804,3.771373456512986,434.66500091552734,4.012304654914499,,,,,,,,,,,,,,,,,,,"Marcos Molina","sa657917",622506
"Jake Odorizzi","MIN",9,9,,4.409395973154362,29,29,0,,,149,,146,78,73,25,52,1,3,133,8.033557046979865,3.140939597315436,2.5576923076923075,1.5100671140939597,,,,,1.3288590604026846,,0.7361963190184049,,,4.660995398911854,1.4921633542755357,,,,,,,,,516.5000000000001,3.466442953020135,521,3.4966442953020134,,,,,,,,,,,,,,,,,,,"Jake Odorizzi","6397",543606
"Matt Gage","SFG",8,9,,4.3923552403719635,25,25,0,,,139.33299255371094,,156,73,68,14,41,1,7,87,5.619630969299424,2.648331836106625,2.1219512195121952,0.9043084318412866,,,,,1.4138790561328052,,0.6989853438556933,,,4.248551453260498,1.489673702262686,,,,,,,,,483.2641448974608,3.46841143680431,544.6649627685547,3.9090882409533685,,,,,,,,,,,,,,,,,,,"Matt Gage","17381",657424
"Joe Biagini","TOR",8,8,,4.597309715633346,41,21,0,,,123.33300018310547,,129,67,63,15,44,0,5,97,7.0783974986735645,3.2108194839344004,2.2045454545454546,1.094597551341273,,,,,1.4027064917188163,,0.6973684210526315,,,4.3576429356843,1.485559620718255,,,,,,,,,439.76420135498034,3.56566531830157,468.66500091552734,3.7999967585295678,,,,,,,,,,,,,,,,,,,"Joe Biagini","13194",607352
"Jharel Cotton","OAK",9,10,,4.625,26,26,0,,,144,,144,79,74,22,52,1,6,134,8.375,3.25,2.576923076923077,1.375,,,,,1.3611111111111112,,0.7082324455205812,,,4.4909730275472,1.4699119009994224,,,,,,,,,514.6000000000001,3.573611111111112,528,3.6666666666666665,,,,,,,,,,,,,,,,,,,"Jharel Cotton","13654",605194
"Brett Anderson","TOR",7,7,,4.438357787903277,20,20,0,,,97.33329772949219,,111,51,48,10,31,1,1,61,5.640413022127081,2.866439404687533,1.967741935483871,0.9246578724798494,,,,,1.4589046432459847,,0.7109375,,,4.226133235746138,1.4692104597084747,,,,,,,,,334.66640319824216,3.4383547152418896,382.66648864746094,3.9315064584677297,,,,,,,,,,,,,,,,,,,"Brett Anderson","8223",474463
"Félix Hernández","SEA",8,8,,4.209677419354839,22,22,0,,,124,,119,62,58,17,43,0,7,110,7.983870967741935,3.120967741935484,2.558139534883721,1.2338709677419355,,,,,1.3064516129032258,,0.7235890014471781,,,4.375381629697738,1.4624985217823965,,,,,,,,,469.09999999999985,3.783064516129031,469,3.782258064516129,,,,,,,,,,,,,,,,,,,"Felix Hernandez","4772",433587
"Roberto Osuna","TOR",5,2,,2.7000013108693333,73,0,31.545299530029297,,,73.33329772949219,,59,24,22,8,13,4,3,86,10.554550578852847,1.5954553200591515,6.615384615384615,0.9818186584979394,,,,,0.9818186584979394,,0.7894736842105263,,,2.884912289075551,1.4584122799665378,,,,,,,,,572.5929008483887,7.808088802450119,544.3929862976074,7.423544326422277,,,,,,,,,,,,,,,,,,,"Roberto Osuna","13764",532077
"Tyler Mahle","CIN",10,10,,4.470198675496689,28,28,0,,,151,,159,80,75,26,45,1,10,133,7.927152317880795,2.6821192052980134,2.9555555555555557,1.5496688741721854,,,,,1.3509933774834437,,0.7398568019093079,,,4.727176118054927,1.4572825562437717,,,,,,,,,485.2000000000001,3.2132450331125835,518,3.4304635761589406,,,,,,,,,,,,,,,,,,,"Tyler Mahle","16358",641816
"Alec Hansen","CHW",9,10,,4.61276700640318,23,23,0,,,146.33299255371094,,142,80,75,23,64,0,8,144,8.856512652294105,3.936227845464047,2.25,1.4145818819636418,,,,,1.4077481530652667,,0.7249712313003451,,,4.708896154145011,1.4566926403788676,,,,,,,,,502.764144897461,3.435753866052616,504.6649627685547,3.4487435400688566,,,,,,,,,,,,,,,,,,,"Alec Hansen","sa738344",641662
"Kendall Graveman","OAK",7,7,,4.465116279069767,23,23,0,,,129,,140,68,64,15,38,1,5,82,5.72093023255814,2.6511627906976742,2.1578947368421053,1.0465116279069768,,,,,1.37984496124031,,0.7006369426751592,,,4.397949771733247,1.450148604069179,,,,,,,,,441.0999999999999,3.41937984496124,485,3.75968992248062,,,,,,,,,,,,,,,,,,,"Kendall Graveman","15514",608665
"Trevor Williams","PIT",7,8,,4.511210443925749,28,23,0,,,133.66700744628906,,144,72,67,17,44,2,7,99,6.665818417144016,2.9625859631751186,2.25,1.1446354857722048,,,,,1.4064802047397027,,0.7064555420219245,,,4.474344566736142,1.4312225346252871,,,,,,,,,450.6358551025391,3.3713319667429262,492.3350372314453,3.683295127477725,,,,,,,,,,,,,,,,,,,"Trevor Williams","16977",592866
"Andrew Miller","CLE",6,2,,2.076921988622441,58,0,12.701399803161621,,,60.66669845581055,,43,15,14,6,18,0,4,91,13.499992926045865,2.6703282710859955,5.055555555555555,0.8901094236953317,,,,,1.0054939786188006,,0.8745247148288973,,,2.531266396057893,1.4273515665245675,,,,,,,,,442.8405675888061,7.299565970470107,404.84049129486084,6.673191414722289,,,,,,,,,,,,,,,,,,,"Andrew Miller","6785",453192
"Josh Tomlin","CLE",8,8,,4.594252857929737,24,23,0,,,127.33300018310547,,139,70,65,24,15,1,3,96,6.785358067096227,1.0602121979837855,6.4,1.6963395167740567,,,,,1.2094272480703923,,0.6976744186046512,,,4.524135416059635,1.4269588613582993,,,,,,,,,423.66420135498043,3.32721447500451,462.66500091552734,3.633504278154232,,,,,,,,,,,,,,,,,,,"Josh Tomlin","9388",458708
"Felipe Vázquez","PIT",5,3,,2.8227286431815757,74,0,31.20560073852539,,,73.33329772949219,,58,25,23,5,25,1,5,89,10.922732575789576,3.0681833078060605,3.56,0.6136366615612121,,,,,1.1318187313240133,,0.7631578947368421,,,2.8440031783048036,1.4254760353272582,,,,,,,,,574.394406890869,7.832654805865452,545.6944923400879,7.441292144709155,,,,,,,,,,,,,,,,,,,"Felipe Vazquez","12076",553878
"Matt Moore","TEX",10,10,,4.91972878605216,28,27,0,,,153.66700744628906,,166,90,84,24,64,2,6,127,7.438161378912195,3.7483647893730745,1.984375,1.405636796014903,,,,,1.4967428846454987,,0.7128309572301426,,,4.9016705337138395,1.4191374109068533,,,,,,,,,454.3358551025391,2.9566259059306677,500.3350372314453,3.255969160500028,,,,,,,,,,,,,,,,,,,"Matt Moore","1890",519043
"Hisashi Iwakuma","SEA",9,9,,4.334199126794,22,22,0,,,126.66699981689453,,134,65,61,19,31,2,3,94,6.678929801944852,2.2026257857477702,3.032258064516129,1.3499964493292786,,,,,1.3026281528615846,,0.722543352601156,,,4.428688982763656,1.4189092235468659,,,,,,,,,441.23579864501954,3.4834313537295025,472.33499908447266,3.7289507114502114,,,,,,,,,,,,,,,,,,,"Hisashi Iwakuma","13048",547874
"Steven Brault","PIT",8,8,,4.478037614458776,30,24,0,,,136.66700744628906,,141,73,68,16,58,1,8,111,7.309737870660649,3.8195026711560147,1.9137931034482758,1.0536559092844178,,,,,1.4560939301916607,,0.7134767836919592,,,4.503977800521735,1.4106841993295691,,,,,,,,,471.935855102539,3.4531805731387846,499.3350372314453,3.653661893692133,,,,,,,,,,,,,,,,,,,"Steven Brault","15291",643230
"Kolby Allard","ATL",9,10,,4.597122302158273,27,27,0,,,139,,148,76,71,18,54,4,8,115,7.446043165467626,3.4964028776978417,2.1296296296296298,1.1654676258992807,,,,,1.4532374100719425,,0.7126696832579185,,,4.524546169034011,1.4070352849550316,,,,,,,,,466.40000000000015,3.3553956834532386,505,3.633093525179856,,,,,,,,,,,,,,,,,,,"Kolby Allard","18694",663465
"Ken Giles","HOU",3,2,,2.9076923076923076,66,0,33.04119873046875,,,65,,50,22,21,6,23,1,2,93,12.876923076923077,3.1846153846153844,4.043478260869565,0.8307692307692308,,,,,1.123076923076923,,0.7894736842105264,,,2.6499473865215597,1.4051926200053368,,,,,,,,,553.4059936523438,8.513938363882213,523.2059936523438,8.049322979266828,,,,,,,,,,,,,,,,,,,"Ken Giles","12910",571704
"Chad Green","NYY",4,2,,2.958904109589041,59,0,0,,,73,,56,26,24,8,24,0,3,99,12.205479452054794,2.958904109589041,4.125,0.9863013698630136,,,,,1.095890410958904,,0.7848837209302326,,,2.9795575024330456,1.4002077601842082,,,,,,,,,413.20000000000005,5.660273972602741,378,5.178082191780822,,,,,,,,,,,,,,,,,,,"Chad Green","15552",643338
"Mike Fiers","DET",9,9,,4.703630788924372,28,26,0,,,147.33299255371094,,154,82,77,24,47,1,7,121,7.3914198111668705,2.871047364668123,2.574468085106383,1.466066739404999,,,,,1.3642565491685408,,0.7108721624850657,,,4.732303969871088,1.3902556758921403,,,,,,,,,474.66414489746086,3.2217097926957523,504.6649627685547,3.4253357243427787,,,,,,,,,,,,,,,,,,,"Mike Fiers","7754",571666
"Alec Mills","CHC",5,4,,4.060148745598974,20,18,0,,,88.66670227050781,,93,43,40,10,25,1,5,70,7.105260304798205,2.537592965999359,2.8,1.0150371863997436,,,,,1.3308265332796638,,0.7211538461538461,,,4.059894971013639,1.3899348239036813,,,,,,,,,341.3335968017578,3.8496254857928967,363.33351135253906,4.097744723200228,,,,,,,,,,,,,,,,,,,"Alec Mills","13834",621219
"Craig Kimbrel","BOS",4,1,,2.413406535416856,62,0,32.85749816894531,,,59.66669845581055,,36,17,16,6,25,0,3,100,15.083790846355349,3.7709477115888372,4,0.905027450781321,,,,,1.0223458240307515,,0.8365019011406843,,,2.5207685251455305,1.381863447458128,,,,,,,,,554.4210594177247,9.291968112301902,500.6209831237793,8.390291336373197,,,,,,,,,,,,,,,,,,,"Craig Kimbrel","6655",518886
"Robert Gsellman","NYM",8,9,,4.478961263980876,29,27,0,,,142.66700744628906,,154,76,71,18,47,2,8,103,6.497648030845497,2.9649461888324113,2.1914893617021276,1.1355113063613491,,,,,1.4088751393742664,,0.7110352673492605,,,4.510440201175228,1.376785073156007,,,,,,,,,474.93585510253905,3.3289816868230155,520.3350372314453,3.6471994930386398,,,,,,,,,,,,,,,,,,,"Robert Gsellman","13696",607229
"Chance Adams","NYY",10,9,,4.545214455403524,27,27,0,,,132.66700744628906,,129,72,67,19,59,0,7,120,8.140682606692879,4.002502281623999,2.0338983050847457,1.2889414127263725,,,,,1.4170817870909826,,0.7187112763320942,,,4.70286185566946,1.3738293025070962,,,,,,,,,454.635855102539,3.4268946277890584,458.3350372314453,3.4547778385444072,,,,,,,,,,,,,,,,,,,"Chance Adams","18135",664856
"Adalberto Mejía","MIN",6,6,,4.587730960415475,25,25,0,,,119.66699981689453,,128,65,61,17,41,2,6,99,7.445661722641509,3.0835568750333517,2.4146341463414633,1.2785479725748046,,,,,1.412252335719882,,0.7162534435261708,,,4.528109416450913,1.369868850002533,,,,,,,,,400.6357986450194,3.347922144434491,434.33499908447266,3.629530277762955,,,,,,,,,,,,,,,,,,,"Adalberto Mejia","13188",606167
"Jesse Hahn","KCR",6,6,,4.351987992096624,21,20,0,,,101.33300018310547,,104,52,49,8,43,1,5,70,6.217125702995177,3.819091503268466,1.627906976744186,0.7105286517708774,,,,,1.450662664032208,,0.6995581737849779,,,4.223432671870183,1.3554448432715436,,,,,,,,,377.0642013549805,3.7210405363863464,398.66500091552734,3.934207022343684,,,,,,,,,,,,,,,,,,,"Jesse Hahn","13287",534910
"Tyler Anderson","COL",8,5,,4.457142857142857,21,19,0,,,105,,109,56,52,16,36,1,5,91,7.8,3.085714285714286,2.5277777777777777,1.3714285714285714,,,,,1.380952380952381,,0.7259380097879282,,,4.576687313261487,1.3511330094071037,,,,,,,,,355.8,3.388571428571429,376,3.580952380952381,,,,,,,,,,,,,,,,,,,"Tyler Anderson","12880",542881
"Andrew Albers","SEA",8,9,,4.568181818181818,29,21,0,,,132,,146,72,67,20,33,0,6,103,7.0227272727272725,2.25,3.121212121212121,1.3636363636363635,,,,,1.356060606060606,,0.7086092715231788,,,4.453094239668413,1.3491431954265116,,,,,,,,,440.20000000000016,3.334848484848486,489,3.7045454545454546,,,,,,,,,,,,,,,,,,,"Andrew Albers","7853",452027
"Jason Hammel","KCR",9,10,,4.5995471188146215,27,27,0,,,150.66700744628906,,160,82,77,25,40,2,7,122,7.287594136303686,2.3893751266569465,3.05,1.4933594541605915,,,,,1.3274306259205257,,0.7151515151515152,,,4.631087688985651,1.3487446208649416,,,,,,,,,494.4358551025391,3.2816464830815693,531.3350372314453,3.5265520052282167,,,,,,,,,,,,,,,,,,,"Jason Hammel","4538",434628
"Corbin Burnes","MIL",5,5,,4.569230769230769,26,26,0,,,130,,127,71,66,16,65,0,8,120,8.307692307692308,4.5,1.8461538461538463,1.1076923076923078,,,,,1.476923076923077,,0.7134433962264152,,,4.596101232675406,1.3429136658687797,,,,,,,,,456.00000000000006,3.507692307692308,463,3.5615384615384613,,,,,,,,,,,,,,,,,,,"Corbin Burnes","19361",669203
"Jesse Chavez","LAA",7,8,,4.487947682258389,29,19,0,,,124.33300018310547,,130,66,62,20,36,3,3,107,7.745329064542703,2.6059051058274516,2.9722222222222223,1.4477250587930286,,,,,1.335124220886904,,0.7246376811594203,,,4.4686351641208875,1.3405294681120707,,,,,,,,,433.06420135498047,3.483099424265528,458.66500091552734,3.6890045300929795,,,,,,,,,,,,,,,,,,,"Jesse Chavez","5448",445926
"Hyun Jin Ryu","LAD",7,6,,4.1538338711476275,22,21,0,,,112.66699981689453,,117,56,52,17,33,3,3,99,7.90826063930029,2.636086879766763,3,1.357984150182878,,,,,1.3313570099832137,,0.7448494453248812,,,4.320358149599207,1.338189088785065,,,,,,,,,410.4357986450197,3.642910517827372,432.33499908447266,3.83728154461466,,,,,,,,,,,,,,,,,,,"Hyun Jin Ryu","14444",547943
"Joey Lucchesi","SDP",8,9,,4.37217150502784,23,22,0,,,117.33300018310547,,118,61,57,18,38,0,6,109,8.360819193825167,2.914781003351893,2.8684210526315788,1.380685738429844,,,,,1.3295492295991092,,0.7262996941896024,,,4.419006912038663,1.3237703978256217,,,,,,,,,426.0642013549805,3.6312392991748337,438.66500091552734,3.738632782175204,,,,,,,,,,,,,,,,,,,"Joey Lucchesi","19320",664192
"Andrew Triggs","OAK",4,4,,4.375860457267856,16,16,0,,,96.66670227050781,,102,50,47,11,30,0,4,73,6.79654922086284,2.793102419532674,2.433333333333333,1.024137553828647,,,,,1.365516738438196,,0.7032590051457976,,,4.181777248042515,1.3222736905910133,,,,,,,,,358.8335968017578,3.7120703238392654,384.33351135253906,3.975862446171353,,,,,,,,,,,,,,,,,,,"Andrew Triggs","13533",592811
"Nick Kingham","PIT",7,8,,4.513419370328134,21,20,0,,,111.66699981689453,,122,60,56,14,31,1,6,77,6.205951634201185,2.498500008574503,2.4838709677419355,1.1283548425820336,,,,,1.3701451659924693,,0.697151424287856,,,4.402412099919444,1.319664621655403,,,,,,,,,379.9357986450196,3.4023999862807957,419.33499908447266,3.755227594294423,,,,,,,,,,,,,,,,,,,"Nick Kingham","11694",592468
"Brent Suter","MIL",6,6,,4.4112800249488355,32,21,0,,,118.33300018310547,,125,62,58,17,34,1,6,95,7.225372454657575,2.5859227732458687,2.7941176470588234,1.2929613866229344,,,,,1.3436657547257946,,0.7174556213017752,,,4.433699624802515,1.3191956848073136,,,,,,,,,411.56420135498036,3.4780171272437648,440.66500091552734,3.7239400694113525,,,,,,,,,,,,,,,,,,,"Brent Suter","13942",608718
"Mike Foltynewicz","ATL",9,11,,4.761009588479932,27,26,0,,,143.66700744628906,,149,81,76,23,53,2,8,137,8.58234623186514,3.320177739334689,2.5849056603773586,1.4408318491452425,,,,,1.4060291474750677,,0.7126030624263839,,,4.605432083693145,1.3163283322644066,,,,,,,,,483.835855102539,3.367758984493531,510.3350372314453,3.5522076105207225,,,,,,,,,,,,,,,,,,,"Mike Foltynewicz","10811",592314
"Brad Hand","SDP",4,3,,3.038961038961039,73,0,28.973400115966797,,,77,,59,28,26,8,27,2,3,102,11.922077922077921,3.155844155844156,3.7777777777777777,0.935064935064935,,,,,1.1168831168831168,,0.7754010695187166,,,3.0277695643437377,1.3162825536985039,,,,,,,,,576.8670005798341,7.491779228309534,539.867000579834,7.011259747790052,,,,,,,,,,,,,,,,,,,"Brad Hand","9111",543272
"Alex Reyes","STL",4,3,,3.857142857142857,18,14,0,,,84,,74,39,36,8,46,1,3,93,9.964285714285714,4.928571428571429,2.0217391304347827,0.8571428571428571,,,,,1.4285714285714286,,0.7444852941176471,,,3.931449218023391,1.3149920637097396,,,,,,,,,369.80000000000007,4.402380952380954,355,4.226190476190476,,,,,,,,,,,,,,,,,,,"Alex Reyes","15015",621052
"Aroldis Chapman","NYY",5,2,,2.40764477459171,54,0,29.043399810791016,,,52.33330154418945,,34,15,14,4,23,1,2,82,14.101919394037157,3.9554164154006664,3.5652173913043477,0.6878985070262028,,,,,1.089172636124821,,0.8171206225680934,,,2.4506328953258256,1.3081496073821892,,,,,,,,,483.88343048095714,9.246185816737995,443.88350677490234,8.481855600111409,,,,,,,,,,,,,,,,,,,"Aroldis Chapman","10233",547973
"Matt Harvey","NYM",6,7,,4.644328401682787,22,22,0,,,114.33300018310547,,118,63,59,15,35,2,4,87,6.848416456718685,2.7551100687948735,2.4857142857142858,1.180761458054946,,,,,1.3381963191289385,,0.6818181818181818,,,4.364640295781145,1.3056775834551735,,,,,,,,,411.76420135498046,3.6014466575313855,433.66500091552734,3.792999398432722,,,,,,,,,,,,,,,,,,,"Matt Harvey","11713",518774
"Alex Claudio","TEX",4,2,,3.1834075983607657,65,1,19.613000869750977,,,76.33329772949219,,76,29,27,5,15,2,3,54,6.366815196721531,1.768559776867092,3.6,0.589519925622364,,,,,1.1921402940363361,,0.7380952380952381,,,3.3017445649215564,1.3042892843022122,,,,,,,,,457.83140754699707,5.997794162770843,468.7314929962158,6.140590108621973,,,,,,,,,,,,,,,,,,,"Alex Claudio","12890",592222
"David Robertson","NYY",7,3,,2.715082352343963,57,0,3.6303999423980713,,,59.66669845581055,,42,19,18,6,21,3,2,86,12.9720601278656,3.1675960777346233,4.095238095238095,0.905027450781321,,,,,1.0558653592448746,,0.8058608058608059,,,2.73864550403733,1.3016458629614576,,,,,,,,,379.68556828498845,6.3634418882114865,341.4854919910431,5.723217486952943,,,,,,,,,,,,,,,,,,,"David Robertson","8241",502085
"Bartolo Colon","TEX",9,10,,5.120702549490748,26,25,0,,,135.33299255371094,,167,82,77,24,27,2,2,84,5.586220963080816,1.7955710238474052,3.111111111111111,1.5960631323088046,,,,,1.4335011466106855,,0.6982543640897755,,,4.864540544044116,1.3005722655395036,,,,,,,,,353.06414489746095,2.608854930606348,445.6649627685547,3.2930991501697506,,,,,,,,,,,,,,,,,,,"Bartolo Colon","375",112526
"Nathan Eovaldi","TBR",6,6,,4.282757043283433,18,16,0,,,96.66670227050781,,102,49,46,11,31,1,1,72,6.703445806878418,2.8862058335170966,2.3225806451612905,1.024137553828647,,,,,1.3758615622142432,,0.7142857142857143,,,4.140397952938327,1.2929844728810138,,,,,,,,,362.8335968017578,3.753449618943453,388.33351135253906,4.017241741275541,,,,,,,,,,,,,,,,,,,"Nathan Eovaldi","9132",543135
"Wei-Yin Chen","MIA",6,5,,4.11728998525428,20,20,0,,,113.66699981689453,,117,56,52,18,25,0,3,92,7.284436127757574,1.979466339064558,3.68,1.4252157641264818,,,,,1.2492632006540767,,0.7363013698630138,,,4.336521869478982,1.2774981604896227,,,,,,,,,415.5357986450196,3.655729449307219,434.33499908447266,3.8211178247348854,,,,,,,,,,,,,,,,,,,"Wei-Yin Chen","13071",612672
"Tanner Anderson","PIT",8,8,,4.384615384615385,31,16,0,,,117,,129,61,57,12,36,1,7,72,5.538461538461538,2.769230769230769,2,0.9230769230769231,,,,,1.4102564102564104,,0.7017543859649124,,,4.362767899342073,1.2608280846142113,,,,,,,,,397.8,3.4,444,3.7948717948717947,,,,,,,,,,,,,,,,,,,"Tanner Anderson","18029",664196
"Ariel Jurado","TEX",9,9,,5.038289834544311,26,26,0,,,139.33299255371094,,166,83,78,19,43,0,7,75,4.844509456292607,2.7775187549410947,1.744186046511628,1.2272757289274603,,,,,1.5000036686891183,,0.6907894736842105,,,4.930371302664644,1.2557098965003632,,,,,,,,,365.7641448974608,2.6251079388570786,449.6649627685547,3.2272683915492237,,,,,,,,,,,,,,,,,,,"Ariel Jurado","17030",642558
"Chad Bettis","COL",8,6,,4.997000017149006,23,20,0,,,111.66699981689453,,126,66,62,16,39,2,4,81,6.528338732081766,3.1432742043356647,2.076923076923077,1.289548391522324,,,,,1.477607531952663,,0.694249649368864,,,4.724799197800025,1.2545626184547316,,,,,,,,,334.93579864501964,2.99941611393007,383.33499908447266,3.432840496413842,,,,,,,,,,,,,,,,,,,"Chad Bettis","10587",518452
"Jeremy Hellickson","BAL",8,9,,4.955282197699791,27,27,0,,,141.66700744628906,,155,83,78,24,38,1,6,94,5.971750340817698,2.4141118399050265,2.473684210526316,1.524702214676859,,,,,1.3623496640399713,,0.6900878293601004,,,4.964694170867922,1.2498895953909224,,,,,,,,,406.13585510253915,2.866834433956117,452.3350372314453,3.192945523345945,,,,,,,,,,,,,,,,,,,"Jeremy Hellickson","4371",476451
"Jhoulys Chacín","MIL",9,9,,4.772104369087848,28,26,0,,,143.33299255371094,,146,81,76,20,61,3,8,120,7.534901635401866,3.830241664662615,1.9672131147540983,1.2558169392336442,,,,,1.444189480118691,,0.7039106145251397,,,4.741364389802963,1.2354554467637955,,,,,,,,,468.064144897461,3.2655715656119026,489.6649627685547,3.416275304410904,,,,,,,,,,,,,,,,,,,"Jhoulys Chacin","2608",468504
"Ben Lively","PHI",9,12,,4.975155279503106,29,29,0,,,161,,171,95,89,27,50,0,10,123,6.875776397515528,2.7950310559006213,2.46,1.5093167701863355,,,,,1.3726708074534162,,0.6877729257641921,,,4.927826029617594,1.233700498509223,,,,,,,,,480.70000000000005,2.985714285714286,520,3.229813664596273,,,,,,,,,,,,,,,,,,,"Ben Lively","14932",594902
"Zach Eflin","PHI",6,7,,4.747265782027558,22,22,0,,,121.33300018310547,,134,68,64,19,29,0,6,83,6.156610311066989,2.151104807481237,2.8620689655172415,1.4093445290394313,,,,,1.3434102820668263,,0.6964809384164222,,,4.690610936326933,1.2316797872696967,,,,,,,,,376.76420135498057,3.1052079878219447,420.66500091552734,3.4670287578869345,,,,,,,,,,,,,,,,,,,"Zach Eflin","13774",621107
"Rogelio Armenteros","HOU",8,7,,4.463414634146342,26,22,0,,,123,,121,65,61,18,52,0,7,121,8.853658536585366,3.8048780487804876,2.326923076923077,1.3170731707317074,,,,,1.4065040650406504,,0.7307171853856562,,,4.531623434051266,1.2308071716376454,,,,,,,,,439.20000000000005,3.5707317073170737,446,3.6260162601626016,,,,,,,,,,,,,,,,,,,"Rogelio Armenteros","17679",660494
"JC Ramírez","LAA",8,9,,4.619288487899181,24,24,0,,,138.33299255371094,,147,76,71,20,46,3,6,99,6.440979722563646,2.992778456948765,2.152173913043478,1.3012080247603326,,,,,1.3951841598819121,,0.7090909090909091,,,4.733547190868048,1.2276373367879259,,,,,,,,,437.46414489746104,3.162399199363851,473.6649627685547,3.4240925033458196,,,,,,,,,,,,,,,,,,,"JC Ramirez","8302",500724
"Clayton Blackburn","TEX",6,6,,4.850313915118438,23,21,0,,,111.33300018310547,,127,64,60,17,32,0,5,79,6.386246654905943,2.5868340880631666,2.46875,1.3742556092835574,,,,,1.4281479861182065,,0.7026627218934912,,,4.720518622418697,1.2246484320640612,,,,,,,,,331.5642013549805,2.978130480717025,382.66500091552734,3.43712107179517,,,,,,,,,,,,,,,,,,,"Clayton Blackburn","sa598302",607185
"Ryan Yarbrough","TBR",8,9,,4.477711441241479,25,25,0,,,134.66700744628906,,140,72,67,21,37,0,7,109,7.284635031273451,2.4727660197900705,2.945945945945946,1.403461795015986,,,,,1.3143531096181456,,0.7113821138211383,,,4.546250041663547,1.2172487125001863,,,,,,,,,460.2358551025393,3.417584335094852,486.3350372314453,3.611389652550321,,,,,,,,,,,,,,,,,,,"Ryan Yarbrough","16502",642232
"Trevor Richards","MIA",10,11,,4.357142857142857,25,23,0,,,126,,128,65,61,16,47,1,8,104,7.428571428571429,3.357142857142857,2.2127659574468086,1.1428571428571428,,,,,1.3888888888888888,,0.7208387942332897,,,4.467163503737677,1.2096455900283112,,,,,,,,,445.8000000000001,3.5380952380952393,465,3.6904761904761907,,,,,,,,,,,,,,,,,,,"Trevor Richards","19309",670950
"Cody Allen","CLE",6,3,,2.9076923076923076,67,0,21.773799896240234,,,65,,50,22,21,6,23,1,1,81,11.215384615384615,3.1846153846153844,3.5217391304347827,0.8307692307692308,,,,,1.123076923076923,,0.7894736842105264,,,2.9730243095984825,1.2035732219092345,,,,,,,,,476.0689994812012,7.324138453556942,445.8689994812012,6.859523068941557,,,,,,,,,,,,,,,,,,,"Cody Allen","12183",592102
"Domingo Germán","NYY",7,7,,4.605895892252347,26,19,0,,,113.33300018310547,,113,62,58,19,40,0,6,110,8.735319795651003,3.176479925691274,2.75,1.5088279647033551,,,,,1.3500039684187914,,0.7199367088607594,,,4.613526326822368,1.2035014214273114,,,,,,,,,393.1642013549803,3.4691060919570473,401.66500091552734,3.5441133673914993,,,,,,,,,,,,,,,,,,,"Domingo German","17149",593334
"Corey Knebel","MIL",3,2,,2.9571428571428573,70,0,30.246200561523438,,,70,,49,25,23,8,34,4,3,110,14.142857142857142,4.371428571428571,3.235294117647059,1.0285714285714285,,,,,1.1857142857142857,,0.807799442896936,,,3.0862111227852957,1.19516436722197,,,,,,,,,552.4310028076172,7.891871468680246,506.2310028076172,7.231871468680246,,,,,,,,,,,,,,,,,,,"Corey Knebel","15010",608349
"Nick Martinez","TEX",8,7,,4.873158580440433,29,22,0,,,136.66700744628906,,154,79,74,22,32,0,6,81,5.3341330407523655,2.1073118185688355,2.53125,1.4487768752660746,,,,,1.3609722161590396,,0.6894329896907218,,,4.899098766503391,1.1931311822902568,,,,,,,,,388.3358551025389,2.8414747813597745,445.3350372314453,3.258540927710476,,,,,,,,,,,,,,,,,,,"Nick Martinez","12730",607259
"Walker Lockett","SDP",6,7,,4.415094339622642,20,19,0,,,106,,117,56,52,13,26,0,7,67,5.688679245283019,2.207547169811321,2.576923076923077,1.1037735849056605,,,,,1.349056603773585,,0.6971153846153846,,,4.421790637610094,1.191179653849429,,,,,,,,,355.3000000000001,3.3518867924528313,396,3.7358490566037736,,,,,,,,,,,,,,,,,,,"Walker Lockett","13804",621141
"Anthony DeSclafani","CIN",7,7,,4.527452820017731,19,19,0,,,109.33300018310547,,121,59,55,16,29,1,5,75,6.1737993000241795,2.387202396009349,2.586206896551724,1.3170771840051583,,,,,1.371955400005373,,0.713166144200627,,,4.621058787552932,1.1786775123740119,,,,,,,,,345.6642013549805,3.1615724509167342,386.66500091552734,3.5365809066609355,,,,,,,,,,,,,,,,,,,"Anthony DeSclafani","13050",543101
"Archie Bradley","ARI",4,2,,3.330394908702406,69,0,26.066099166870117,,,75.66670227050781,,64,30,28,7,29,3,2,89,10.585898102661218,3.449337584013206,3.0689655172413794,0.8325987271756015,,,,,1.2290743115449356,,0.7572115384615384,,,3.236934811087734,1.1772325041585288,,,,,,,,,522.7640926361084,6.908773303840192,502.66400718688965,6.64313353302844,,,,,,,,,,,,,,,,,,,"Archie Bradley","12918",605151
"Chad Kuhl","PIT",8,10,,4.703630788924372,29,29,0,,,147.33299255371094,,154,82,77,23,55,3,7,124,7.574678153592495,3.359736277803123,2.2545454545454544,1.404980625263124,,,,,1.418555317294652,,0.7183257918552036,,,4.766240699949908,1.1725992192210872,,,,,,,,,468.9641448974608,3.183021920405898,499.6649627685547,3.3913989942639593,,,,,,,,,,,,,,,,,,,"Chad Kuhl","14975",641771
"Tommy Kahnle","NYY",3,2,,3.132598335623523,63,0,1.8151999711990356,,,60.33330154418945,,46,22,21,5,28,2,1,82,12.23205064386328,4.176797780831364,2.9285714285714284,0.7458567465770293,,,,,1.2265199832600036,,0.7761194029850746,,,2.9587445617933263,1.1677053071863999,,,,,,,,,351.44243128299706,5.825015742352385,322.74250757694244,5.349326148521122,,,,,,,,,,,,,,,,,,,"Tommy Kahnle","11384",592454
"Aníbal Sánchez","MIN",7,7,,4.915747518893429,28,21,0,,,122.66699981689453,,129,72,67,22,38,1,3,113,8.29073835276056,2.7880359062380644,2.973684210526316,1.614126050979932,,,,,1.3614093460285284,,0.6975036710719531,,,4.64948346860441,1.166474622536269,,,,,,,,,404.73579864501966,3.299467658369164,430.33499908447266,3.508156225609457,,,,,,,,,,,,,,,,,,,"Anibal Sanchez","3284",434671
"Brandon McCarthy","ATL",5,5,,4.274133036782475,17,16,0,,,86.33329772949219,,93,44,41,10,25,1,4,63,6.567570276031608,2.606178680964924,2.52,1.0424714723859696,,,,,1.3667959304616044,,0.7115384615384616,,,4.211694182959681,1.1639709448618631,,,,,,,,,313.0664031982422,3.6262532699627905,340.66648864746094,3.9459455112541866,,,,,,,,,,,,,,,,,,,"Brandon McCarthy","4662",435221
"Pablo López","MIA",7,8,,4.632352941176471,26,23,0,,,136,,152,75,70,17,33,0,8,77,5.095588235294118,2.1838235294117645,2.3333333333333335,1.125,,,,,1.3602941176470589,,0.6823821339950372,,,4.5546985177432795,1.162214249188655,,,,,,,,,433.1000000000001,3.184558823529412,490,3.6029411764705883,,,,,,,,,,,,,,,,,,,"Pablo Lopez","17085",641154
"Brad Brach","BAL",6,3,,3.239998269654244,62,0,14.63759994506836,,,66.66670227050781,,54,26,24,6,26,1,0,76,10.259994520571775,3.5099981254587647,2.923076923076923,0.809999567413561,,,,,1.1999993591312017,,0.7541899441340782,,,3.2176396621704275,1.158354682561636,,,,,,,,,426.3215965270996,6.394820532703878,402.52151107788086,6.037819441624749,,,,,,,,,,,,,,,,,,,"Brad Brach","6627",542960
"Stephen Gonsalves","MIN",7,7,,4.640610506058304,21,20,0,,,106.66699981689453,,108,59,55,14,46,0,6,93,7.846850492062224,3.8812378777942182,2.0217391304347827,1.1812463106330229,,,,,1.4437454907736946,,0.706845238095238,,,4.582635243548943,1.1475856256389685,,,,,,,,,366.33579864501957,3.434387385731995,381.33499908447266,3.575004450664925,,,,,,,,,,,,,,,,,,,"Stephen Gonsalves","15492",624427
"Doug Fister","TEX",8,8,,4.671540560192357,22,20,0,,,113.66699981689453,,125,63,59,17,38,2,5,81,6.4134709385691675,3.008788835378128,2.1315789473684212,1.3460371105638995,,,,,1.434013392300102,,0.7183908045977012,,,4.8115937908544755,1.1414316601725885,,,,,,,,,340.03579864501955,2.991508522198889,380.33499908447266,3.3460459033593914,,,,,,,,,,,,,,,,,,,"Doug Fister","9425",450729
"Aaron Wilkerson","MIL",7,8,,4.77309965825255,25,24,0,,,126.33300018310547,,130,72,67,21,45,1,7,116,8.26387403518352,3.205813203303951,2.577777777777778,1.4960461615418439,,,,,1.3852279273535593,,0.7074175824175825,,,4.71701056100616,1.130407164830635,,,,,,,,,414.5642013549807,3.281519482273963,434.66500091552734,3.4406291332077075,,,,,,,,,,,,,,,,,,,"Aaron Wilkerson","16904",658792
"John Lackey","CHC",10,9,,4.438356164383562,26,25,0,,,146,,144,77,72,26,44,2,9,129,7.9520547945205475,2.712328767123288,2.9318181818181817,1.6027397260273972,,,,,1.2876712328767124,,0.7321899736147758,,,4.794625995583731,1.1303112161790858,,,,,,,,,485.2000000000001,3.3232876712328774,491,3.363013698630137,,,,,,,,,,,,,,,,,,,"John Lackey","1507",407793
"Zack Britton","BAL",2,1,,2.8867924528301887,55,0,0,,,53,,44,18,17,2,20,1,0,51,8.660377358490566,3.3962264150943398,2.55,0.33962264150943394,,,,,1.2075471698113207,,0.7516339869281046,,,2.8557529017610372,1.1272880730166712,,,,,,,,,295.20000000000005,5.5698113207547175,281,5.30188679245283,,,,,,,,,,,,,,,,,,,"Zack Britton","3240",502154
"Andrew Suárez","SFG",8,10,,4.458150134279437,25,23,0,,,143.33299255371094,,156,76,71,21,39,1,8,112,7.032574859708408,2.4488430315056062,2.871794871794872,1.3186077861953265,,,,,1.360468350836448,,0.7185990338164251,,,4.483224241182715,1.1239383541982733,,,,,,,,,479.76414489746105,3.34719966666209,526.6649627685547,3.6744154530311532,,,,,,,,,,,,,,,,,,,"Andrew Suarez","18300",605498
"Grayson Long","DET",8,8,,4.675990707882987,26,26,0,,,119.33300018310547,,126,66,62,15,52,0,7,91,6.863147651892771,3.921798658224441,1.75,1.1312880744878195,,,,,1.4916242759913472,,0.7133757961783439,,,4.749822910159687,1.1212825278033234,,,,,,,,,375.96420135498045,3.1505467957572346,406.66500091552734,3.4078167840541798,,,,,,,,,,,,,,,,,,,"Grayson Long","sa659274",621047
"Paul Blackburn","OAK",7,8,,4.684348889137198,27,26,0,,,138.33299255371094,,154,77,72,17,43,0,6,79,5.139771697803313,2.797597253234715,1.8372093023255813,1.1060268210462827,,,,,1.424099893765475,,0.6928406466512702,,,4.675715723100922,1.120285536518955,,,,,,,,,425.164144897461,3.0734833176718945,481.6649627685547,3.4819239711129453,,,,,,,,,,,,,,,,,,,"Paul Blackburn","14739",621112
"Ryan Castellani","COL",10,9,,5.363013698630137,26,26,0,,,146,,169,93,87,22,56,0,8,97,5.97945205479452,3.452054794520548,1.7321428571428572,1.356164383561644,,,,,1.5410958904109588,,0.6797116374871267,,,5.102845173665922,1.1194464363667123,,,,,,,,,372.40000000000003,2.5506849315068494,446,3.0547945205479454,,,,,,,,,,,,,,,,,,,"Ryan Castellani","16377",624418
"Marco Gonzales","SEA",6,7,,4.699115044247788,23,21,0,,,113,,125,63,59,17,33,1,5,90,7.168141592920354,2.6283185840707963,2.727272727272727,1.3539823008849559,,,,,1.3982300884955752,,0.7078986587183309,,,4.529321110143071,1.1187331355560963,,,,,,,,,368.1,3.2575221238938057,410,3.6283185840707963,,,,,,,,,,,,,,,,,,,"Marco Gonzales","15467",594835
"Francis Martes","HOU",6,5,,4.301696472782216,36,15,0,,,98.33329772949219,,88,50,47,9,60,2,8,107,9.793223884844618,5.491527412062403,1.7833333333333334,0.8237291118093605,,,,,1.5050852907133994,,0.723781388478582,,,4.245775681418825,1.1155595162345218,,,,,,,,,398.1664031982422,4.049151329121182,384.66648864746094,3.9118640127950424,,,,,,,,,,,,,,,,,,,"Francis Martes","17303",642564
"Daniel Mengden","OAK",7,8,,4.699115044247788,23,22,0,,,113,,117,63,59,15,44,0,5,94,7.486725663716814,3.504424778761062,2.1363636363636362,1.1946902654867257,,,,,1.424778761061947,,0.7,,,4.520471552620947,1.1060387409442807,,,,,,,,,388.50000000000006,3.4380530973451333,411,3.6371681415929205,,,,,,,,,,,,,,,,,,,"Daniel Mengden","16980",596043
"Erasmo Ramírez","SEA",6,5,,4.061946902654867,46,13,0,,,113,,111,55,51,15,29,2,4,85,6.769911504424779,2.309734513274336,2.9310344827586206,1.1946902654867257,,,,,1.238938053097345,,0.7142857142857143,,,4.25498482695723,1.1047079207881323,,,,,,,,,434.1,3.8415929203539827,441,3.9026548672566372,,,,,,,,,,,,,,,,,,,"Erasmo Ramirez","10314",541640
"Ty Blach","SFG",9,11,,4.588235294117647,31,24,0,,,153,,172,83,78,18,41,1,5,83,4.882352941176471,2.411764705882353,2.024390243902439,1.0588235294117647,,,,,1.392156862745098,,0.6922257720979765,,,4.504044922972037,1.103413177110334,,,,,,,,,491.6000000000001,3.213071895424837,559,3.65359477124183,,,,,,,,,,,,,,,,,,,"Ty Blach","14361",621389
"James Hoyt","HOU",3,1,,3.064863284928974,55,0,0,,,61.66669845581055,,50,22,21,6,22,1,3,82,11.96756139829409,3.2108091556398777,3.727272727272727,0.8756752242654211,,,,,1.1675669656872283,,0.7861635220125786,,,2.97926140778943,1.1019796498497798,,,,,,,,,341.53356857299804,5.538379338043142,319.33349227905273,5.178378286424437,,,,,,,,,,,,,,,,,,,"James Hoyt","14605",624586
"Chris Devenski","HOU",7,4,,3.1834075983607657,59,0,0,,,76.33329772949219,,61,29,27,9,22,1,3,91,10.729262646327024,2.5938876727384015,4.136363636363637,1.0611358661202552,,,,,1.0873367517034713,,0.7670454545454545,,,3.288644122129948,1.0956140295524202,,,,,,,,,402.56640319824214,5.273798134922006,371.66648864746094,4.868995572083919,,,,,,,,,,,,,,,,,,,"Chris Devenski","12763",606965
"Mike Hauschild","HOU",6,6,,4.597508993859112,22,19,0,,,107.66699981689453,,109,59,55,13,46,1,6,89,7.4396054627902,3.84518934031853,1.934782608695652,1.086683944003063,,,,,1.439624028380126,,0.7017543859649122,,,4.522960546935664,1.0925118887450718,,,,,,,,,375.4357986450196,3.487009011893245,391.33499908447266,3.634679147278203,,,,,,,,,,,,,,,,,,,"Mike Hauschild","14033",623434
"César Valdez","TOR",6,6,,4.68,21,17,0,,,100,,114,56,52,15,19,1,5,63,5.67,1.71,3.3157894736842106,1.35,,,,,1.33,,0.6875,,,4.5676396942138675,1.0915262010015758,,,,,,,,,313.09999999999997,3.131,359,3.59,,,,,,,,,,,,,,,,,,,"Cesar Valdez","9013",491624
"Williams Pérez","CHC",8,7,,4.671540560192357,23,22,0,,,113.66699981689453,,118,63,59,13,50,2,6,85,6.730185552819497,3.958932678129116,1.7,1.02932249631357,,,,,1.4780015331682033,,0.7009345794392523,,,4.626843599208451,1.0825061175382171,,,,,,,,,376.4357986450196,3.3117421877186666,401.33499908447266,3.530796095005417,,,,,,,,,,,,,,,,,,,"Williams Perez","11592",554234
"Zack Littell","MIN",9,10,,4.857465032767993,27,25,0,,,142.66700744628906,,160,82,77,22,46,0,9,103,6.497648030845497,2.901862227367892,2.239130434782609,1.3878471522194267,,,,,1.4439217846323327,,0.7077625570776256,,,4.874925311859117,1.082204625723727,,,,,,,,,410.13585510253904,2.8747771642784756,468.3350372314453,3.28271438235475,,,,,,,,,,,,,,,,,,,"Zack Littell","15823",641793
"Mitch Keller","PIT",7,7,,4.446121088858567,22,22,0,,,111.33300018310547,,114,59,55,15,40,0,6,86,6.95211661166976,3.2335426100789584,2.15,1.2125784787796094,,,,,1.3832376720893322,,0.7142857142857143,,,4.603751805943624,1.081204116397527,,,,,,,,,376.9642013549805,3.3859161320992044,395.66500091552734,3.5538878882702436,,,,,,,,,,,,,,,,,,,"Mitch Keller","17594",656605
"Mychal Givens","BAL",5,3,,3.2986409396702983,64,0,0,,,73.66670227050781,,59,29,27,7,31,1,5,88,10.751126025592084,3.7873284862881205,2.838709677419355,0.8552032065811885,,,,,1.221718866544555,,0.7605985037406483,,,3.4698567378863645,1.0802200678443898,,,,,,,,,373.6335968017578,5.071946826528986,345.33351135253906,4.687782956327503,,,,,,,,,,,,,,,,,,,"Mychal Givens","10430",571710
"P.J. Conlon","NYM",7,9,,4.628583719431264,27,23,0,,,128.33299255371094,,138,71,66,16,45,4,7,89,6.241575015596704,3.1558525359758614,1.9777777777777779,1.1220809016803064,,,,,1.425977812552056,,0.6973848069738481,,,4.606994192217597,1.0772176213951188,,,,,,,,,416.06414489746106,3.242066880995755,455.6649627685547,3.550645501996271,,,,,,,,,,,,,,,,,,,"P.J. Conlon","18213",664869
"Michael Feliz","PIT",5,4,,3.8028169014084505,45,5,2.202699899673462,,,71,,62,32,30,9,30,0,2,92,11.661971830985916,3.8028169014084505,3.066666666666667,1.1408450704225352,,,,,1.295774647887324,,0.7556675062972291,,,3.5660903984392194,1.074996935720366,,,,,,,,,352.5134994983673,4.964978866174188,337.0134994983673,4.746669007019258,,,,,,,,,,,,,,,,,,,"Michael Feliz","11903",593140
"Mike Bolsinger","TOR",6,6,,4.53147022382251,25,15,0,,,95.33329772949219,,99,51,48,14,38,1,3,90,8.496506669667207,3.587413927192821,2.3684210526315788,1.3216788152815655,,,,,1.4370634737585277,,0.7325383304940375,,,4.468828995088437,1.0731753373773427,,,,,,,,,332.86640319824215,3.4916069319530845,351.66648864746094,3.688810699125431,,,,,,,,,,,,,,,,,,,"Mike Bolsinger","11137",502211
"Jason Vargas","NYM",10,12,,4.63960681801819,25,25,0,,,139.66700744628906,,143,77,72,24,42,2,4,117,7.5393610792795585,2.7064373105106108,2.7857142857142856,1.5465356060060633,,,,,1.3245791069959338,,0.71334214002642,,,4.704175300219931,1.0729282306347336,,,,,,,,,462.53585510253896,3.311704485974712,482.3350372314453,3.453464393993937,,,,,,,,,,,,,,,,,,,"Jason Vargas","8044",450306
"Daniel Gossett","OAK",9,11,,4.953020134228188,29,29,0,,,149,,164,88,82,22,55,1,7,116,7.006711409395973,3.3221476510067114,2.109090909090909,1.3288590604026846,,,,,1.4697986577181208,,0.6960680127523912,,,4.768377949247425,1.0681017844698004,,,,,,,,,451.6000000000001,3.030872483221477,505,3.389261744966443,,,,,,,,,,,,,,,,,,,"Daniel Gossett","16164",605254
"Erick Fedde","WSN",5,5,,4.574766020774176,29,17,0,,,100.33300018310547,,108,55,51,14,34,1,6,83,7.445207445573658,3.0498440138494503,2.4411764705882355,1.2558181233497736,,,,,1.4152870913941893,,0.7107843137254901,,,4.513125922591401,1.0632548737412817,,,,,,,,,335.4642013549805,3.343508125370176,365.66500091552734,3.6445137716224667,,,,,,,,,,,,,,,,,,,"Erick Fedde","17425",607200
"Nate Karns","KCR",5,5,,4.435715977805647,19,17,0,,,93.33329772949219,,89,49,46,14,38,1,4,96,9.257146388463958,3.664287112100317,2.526315789473684,1.3500005149843273,,,,,1.3607148047857902,,0.7262569832402235,,,4.400497311183566,1.0508206382095615,,,,,,,,,353.06640319824214,3.7828557630261193,350.66648864746094,3.7571423830303017,,,,,,,,,,,,,,,,,,,"Nate Karns","12638",501992
"Beau Burrows","DET",8,8,,4.895170276257001,25,25,0,,,117.66699981689453,,126,68,64,15,49,0,7,85,6.501398023153828,3.747864742759266,1.7346938775510203,1.1473055334977345,,,,,1.4872479137933594,,0.6948051948051948,,,4.797861679140258,1.0457576426193402,,,,,,,,,360.6357986450197,3.0648847952800433,395.33499908447266,3.3597780150736094,,,,,,,,,,,,,,,,,,,"Beau Burrows","18873",663366
"Liam Hendriks","OAK",3,2,,3.590423710587831,69,0,0,,,62.66669845581055,,53,27,25,6,23,0,0,77,11.058505028610519,3.3031898137408047,3.347826086956522,0.8617016905410795,,,,,1.2127653422430007,,0.7248520710059172,,,3.0459376232178017,1.0426145426942113,,,,,,,,,337.1335685729981,5.379788258842582,320.33349227905273,5.111702070996066,,,,,,,,,,,,,,,,,,,"Liam Hendriks","3548",521230
"Aaron Slegers","MIN",9,10,,5.070147473775622,27,26,0,,,147.33299255371094,,167,89,83,24,41,0,7,97,5.925353071761871,2.5045306798168734,2.3658536585365852,1.466066739404999,,,,,1.411767971278888,,0.6823394495412843,,,4.935924350344005,1.035809142984759,,,,,,,,,410.8641448974609,2.7886771168900166,474.6649627685547,3.2217153438698625,,,,,,,,,,,,,,,,,,,"Aaron Slegers","15231",642083
"Keone Kela","TEX",5,2,,2.759122166931426,48,0,0,,,45.66669845581055,,33,15,14,4,18,0,1,64,12.613129905972233,3.5474427860546904,3.5555555555555554,0.7883206191232646,,,,,1.1167875437579582,,0.7929515418502203,,,2.741581589676589,1.0231043413715541,,,,,,,,,273.93356857299807,5.998541121558642,247.33349227905273,5.416058104537279,,,,,,,,,,,,,,,,,,,"Keone Kela","14696",605309
"Andrew Heaney","LAA",5,5,,4.241379310344827,16,16,0,,,87,,91,44,41,14,23,0,5,76,7.862068965517241,2.3793103448275863,3.3043478260869565,1.4482758620689655,,,,,1.3103448275862069,,0.7415254237288135,,,4.467984521800075,1.021562189437515,,,,,,,,,303,3.4827586206896552,321,3.689655172413793,,,,,,,,,,,,,,,,,,,"Andrew Heaney","15423",571760
"Mike Montgomery","CHC",8,6,,4.112068965517241,38,15,0,,,116,,107,57,53,13,51,2,8,96,7.448275862068965,3.956896551724138,1.8823529411764706,1.0086206896551724,,,,,1.3620689655172413,,0.7224606580829757,,,4.485225901110419,1.0214390904619037,,,,,,,,,435.3000000000001,3.7525862068965528,426,3.6724137931034484,,,,,,,,,,,,,,,,,,,"Mike Montgomery","4869",543557
"Jacob Nix","SDP",5,6,,4.633663366336633,20,19,0,,,101,,114,56,52,13,27,0,6,65,5.792079207920792,2.405940594059406,2.4074074074074074,1.1584158415841583,,,,,1.396039603960396,,0.6921824104234527,,,4.523976327877234,1.0211585058636754,,,,,,,,,322.1000000000001,3.1891089108910897,367,3.633663366336634,,,,,,,,,,,,,,,,,,,"Jacob Nix","17775",656798
"Framber Valdez","HOU",7,7,,4.470764713282958,24,17,0,,,102.66699981689453,,100,55,51,10,56,0,6,89,7.80192273494477,4.909074979291091,1.5892857142857142,0.8766205320162663,,,,,1.519475588828195,,0.7112676056338029,,,4.501791176638809,1.01879187976433,,,,,,,,,368.7357986450196,3.591570799795999,375.33499908447266,3.655848517575058,,,,,,,,,,,,,,,,,,,"Framber Valdez","17295",664285
"Edwin Díaz","SEA",6,4,,3.260869565217391,69,0,32.12269973754883,,,69,,53,27,25,8,26,2,3,93,12.130434782608695,3.391304347826087,3.576923076923077,1.0434782608695652,,,,,1.144927536231884,,0.7669616519174042,,,3.2301034623298093,1.0186966933861494,,,,,,,,,534.0134986877442,7.739326067938322,500.61349868774414,7.255268096923828,,,,,,,,,,,,,,,,,,,"Edwin Diaz","14710",621242
"Dakota Hudson","STL",7,8,,4.779915996875372,24,24,0,,,139.33299255371094,,152,79,74,14,56,1,8,78,5.038289834544311,3.6172337273651465,1.3928571428571428,0.9043084318412866,,,,,1.492826617642759,,0.6847133757961783,,,4.7222368223202205,1.0186886886372748,,,,,,,,,427.66414489746086,3.069367398626727,478.6649627685547,3.435402871893647,,,,,,,,,,,,,,,,,,,"Dakota Hudson","19206",641712
"Austin Pruitt","TBR",7,8,,4.561320323745819,32,18,0,,,122.33300018310547,,134,66,62,20,27,1,6,98,7.209828898824036,1.9863814313086632,3.6296296296296298,1.471393652821232,,,,,1.3160798783567687,,0.7142857142857143,,,4.490068390935316,1.0160778822620409,,,,,,,,,407.8642013549805,3.334048872703996,448.66500091552734,3.667571303278551,,,,,,,,,,,,,,,,,,,"Austin Pruitt","15290",643493
"Wade Davis","COL",4,2,,3.0186317523033708,56,0,28.541099548339844,,,53.66669845581055,,40,19,18,5,23,1,2,72,12.074527009213483,3.8571405723876406,3.130434782608696,0.8385088200842697,,,,,1.1739123481179776,,0.7857142857142857,,,3.0831055768730433,1.0152456097900178,,,,,,,,,443.3390663146972,8.260971497617746,415.03899002075195,7.733641195805949,,,,,,,,,,,,,,,,,,,"Wade Davis","7441",451584
"Zac Gallen","MIA",8,10,,4.5995471188146215,26,26,0,,,150.66700744628906,,166,82,77,23,44,1,8,108,6.451312841973755,2.628312639322641,2.4545454545454546,1.373890697827744,,,,,1.393802157216552,,0.7199100112485939,,,4.743919292188895,1.015205579253406,,,,,,,,,460.435855102539,3.055983276675079,514.3350372314453,3.4137204020249716,,,,,,,,,,,,,,,,,,,"Zac Gallen","19291",668678
"Juan Nicasio","SEA",6,5,,3.9486182678179156,59,5,3.569200038909912,,,84.33329772949219,,79,40,37,10,31,3,3,91,9.711466550579198,3.308301791955551,2.935483870967742,1.0671941264372744,,,,,1.3043483767566688,,0.7291666666666666,,,3.750525320012353,1.0132216993631586,,,,,,,,,393.51240339279184,4.666156950900032,389.5124888420105,4.618727114068422,,,,,,,,,,,,,,,,,,,"Juan Nicasio","7731",504379
"Forrest Whitley","HOU",5,4,,4.3811338413418115,23,18,0,,,88.33329772949219,,79,46,43,13,44,0,6,105,10.698117519555586,4.483020674861388,2.3863636363636362,1.324528835754501,,,,,1.392453391434219,,0.7347328244274809,,,4.391602455728744,1.0049979428648859,,,,,,,,,348.3664031982422,3.943772191830349,332.66648864746094,3.766037238485123,,,,,,,,,,,,,,,,,,,"Forrest Whitley","19586",666215
"Mark Melancon","SFG",3,1,,2.7,53,0,22.308900833129883,,,50,,44,16,15,3,9,0,1,48,8.64,1.62,5.333333333333333,0.54,,,,,1.06,,0.7581967213114754,,,2.6176396942138673,1.0028856756589994,,,,,,,,,396.24450416564946,7.924890083312989,388.5445041656494,7.770890083312988,,,,,,,,,,,,,,,,,,,"Mark Melancon","4264",453343
"Nestor Cortes","BAL",6,6,,4.655170699221124,28,13,0,,,96.66670227050781,,98,54,50,15,35,0,5,86,8.006893602660332,3.2586194894547864,2.4571428571428573,1.396551209766337,,,,,1.3758615622142432,,0.7053571428571429,,,4.636949494188579,1.0002571954523072,,,,,,,,,328.0335968017578,3.39344975153702,340.33351135253906,3.5206902000252875,,,,,,,,,,,,,,,,,,,"Nestor Cortes","17874",641482
"Justin Masterson","LAD",7,7,,4.566779122464438,23,20,0,,,112.33300018310547,,112,61,57,12,56,1,9,96,7.691417469413791,4.486660190491378,1.7142857142857142,0.9614271836767239,,,,,1.4955533968304593,,0.7076719576719577,,,4.5730741590712665,0.9964241227148272,,,,,,,,,389.4642013549805,3.4670506504779945,402.66500091552734,3.584565535142601,,,,,,,,,,,,,,,,,,,"Justin Masterson","2038",475416
"Jon Perrin","MIL",5,5,,4.7877767873640025,24,16,0,,,114.66699981689453,,126,65,61,19,26,0,6,85,6.671492244687545,2.040691745433837,3.269230769230769,1.491274737047804,,,,,1.3255775440424926,,0.69377990430622,,,4.666356241051704,0.9932845912530188,,,,,,,,,361.2357986450195,3.1503030446585085,400.33499908447266,3.491283453162163,,,,,,,,,,,,,,,,,,,"Jon Perrin","sa829664",657714
"Edubray Ramos","PHI",6,4,,3.60829670694778,68,0,0,,,72.33329772949219,,65,31,29,8,25,3,2,82,10.202769998955793,3.1106006094377414,3.28,0.9953921950200773,,,,,1.2442402437750966,,0.7487309644670052,,,3.44796241776139,0.9894851693139333,,,,,,,,,350.8664031982422,4.850689989420802,340.66648864746094,4.709677276452477,,,,,,,,,,,,,,,,,,,"Edubray Ramos","16086",591693
"Dillon Peters","MIA",7,7,,4.423206578670877,20,20,0,,,97.66670227050781,,104,51,48,11,36,0,6,72,6.634809868006315,3.3174049340031573,2,1.0136515076120758,,,,,1.4334465764211175,,0.7142857142857143,,,4.437502708875579,0.9866329226700115,,,,,,,,,335.0335968017578,3.4303768737252343,363.33351135253906,3.720136985338288,,,,,,,,,,,,,,,,,,,"Dillon Peters","18790",596071
"José López","CIN",7,8,,4.809160305343512,26,24,0,,,131,,137,75,70,20,56,0,8,111,7.625954198473282,3.8473282442748094,1.9821428571428572,1.3740458015267176,,,,,1.4732824427480915,,0.7151515151515152,,,4.9133648850535625,0.9857387646254454,,,,,,,,,397.2000000000001,3.0320610687022906,425,3.2442748091603053,,,,,,,,,,,,,,,,,,,"Jose Lopez","sa709715",656661
"Justin Wilson","CHC",5,2,,3.0535714285714284,64,0,2.006200075149536,,,56,,40,20,19,4,30,2,2,78,12.535714285714286,4.821428571428571,2.6,0.6428571428571429,,,,,1.25,,0.7763975155279502,,,3.0147825513567246,0.9847643444693324,,,,,,,,,331.2310003757478,5.914839292424068,298.0310003757477,5.321982149566923,,,,,,,,,,,,,,,,,,,"Justin Wilson","4301",458677
"Jaron Long","WSN",9,10,,5.1063829787234045,26,24,0,,,141,,166,86,80,24,33,1,7,89,5.680851063829787,2.106382978723404,2.696969696969697,1.5319148936170213,,,,,1.4113475177304964,,0.683192261185006,,,4.95905813393018,0.9797957502024666,,,,,,,,,374.6,2.6567375886524824,451,3.198581560283688,,,,,,,,,,,,,,,,,,,"Jaron Long","sa706969",646140
"Josh Fields","LAD",3,2,,3.2142857142857144,58,0,0,,,56,,48,21,20,5,17,2,1,65,10.446428571428571,2.732142857142857,3.823529411764706,0.8035714285714286,,,,,1.1607142857142858,,0.7586206896551724,,,2.9612111227852957,0.9788782754597789,,,,,,,,,304.1000000000001,5.430357142857145,291,5.196428571428571,,,,,,,,,,,,,,,,,,,"Josh Fields","5070",451661
"Jake Buchanan","ARI",6,6,,4.8584070796460175,26,18,0,,,113,,135,65,61,13,35,2,6,59,4.699115044247788,2.7876106194690267,1.6857142857142857,1.0353982300884956,,,,,1.5044247787610618,,0.691699604743083,,,4.697462703063425,0.9762489168618993,,,,,,,,,320.30000000000007,2.8345132743362838,391,3.4601769911504423,,,,,,,,,,,,,,,,,,,"Jake Buchanan","10962",594772
"Brady Rodgers","HOU",7,8,,4.824466526070117,22,18,0,,,106.33300018310547,,119,61,57,17,23,1,6,77,6.517261798375422,1.9467145631511,3.347826086956522,1.4388759814595087,,,,,1.3354273814852957,,0.6852791878172588,,,4.60592009385285,0.9696401847813678,,,,,,,,,335.3642013549805,3.1539051919675285,377.66500091552734,3.551719600361017,,,,,,,,,,,,,,,,,,,"Brady Rodgers","13393",572086
"Brett Cecil","STL",4,2,,3.2586206896551726,66,0,15.437299728393555,,,58,,53,22,21,5,16,2,1,62,9.620689655172415,2.4827586206896552,3.875,0.7758620689655172,,,,,1.1896551724137931,,0.7580645161290323,,,3.019708659731109,0.9642103472857939,,,,,,,,,380.0864986419678,6.5532154938270315,375.1864986419678,6.468732735206341,,,,,,,,,,,,,,,,,,,"Brett Cecil","2660",446399
"Dellin Betances","NYY",6,3,,2.967031412317773,65,0,1.8151999711990356,,,60.66669845581055,,41,21,20,5,36,0,6,92,13.648344496661753,5.340656542171991,2.5555555555555554,0.7417578530794432,,,,,1.2692301041581582,,0.8,,,3.2730242491373365,0.963767869537069,,,,,,,,,347.9095684289932,5.734770100970792,305.4094921350479,5.034219759915027,,,,,,,,,,,,,,,,,,,"Dellin Betances","6216",476454
"Miguel González","CHW",9,8,,4.823833577152741,24,24,0,,,134.33299255371094,,151,77,72,21,43,1,6,88,5.895796594297795,2.8809006085773317,2.046511627906977,1.406951460002883,,,,,1.4441723980981973,,0.7108140947752126,,,4.974021473265208,0.9631874611456801,,,,,,,,,372.16414489746114,2.7704597197048013,427.6649627685547,3.183618220948659,,,,,,,,,,,,,,,,,,,"Miguel Gonzalez","7024",456068
"Clay Buchholz","PHI",6,8,,5.230769230769231,25,19,0,,,117,,124,73,68,19,40,1,5,94,7.230769230769231,3.076923076923077,2.35,1.4615384615384615,,,,,1.4017094017094016,,0.6622998544395924,,,4.815759352333526,0.9626743418572081,,,,,,,,,362.7000000000001,3.100000000000001,391,3.341880341880342,,,,,,,,,,,,,,,,,,,"Clay Buchholz","3543",453329
"Jonathan Holder","NYY",2,1,,3.356755026350781,52,0,0,,,61.66669845581055,,56,25,23,7,15,0,3,68,9.924319208341439,2.189188060663553,4.533333333333333,1.0216210949763247,,,,,1.1513507578304611,,0.7516339869281046,,,3.303585564924771,0.9608723041735001,,,,,,,,,306.633568572998,4.97243368384197,299.33349227905273,4.854054129289096,,,,,,,,,,,,,,,,,,,"Jonathan Holder","16588",656547
"Ryan Madson","WSN",6,3,,2.980521326264051,53,0,13.966899871826172,,,51.33330154418945,,45,18,17,4,13,2,2,53,9.292213546587924,2.2792221906725096,4.076923076923077,0.7012991355915413,,,,,1.12987082956415,,0.7633587786259542,,,2.982314910315982,0.9581192609617939,,,,,,,,,344.50093078613287,6.7110612491887895,335.5010070800781,6.535737951537511,,,,,,,,,,,,,,,,,,,"Ryan Madson","1852",425492
"Adam Conley","MIA",8,10,,4.646522675164484,30,28,0,,,143.33299255371094,,149,79,74,17,64,4,9,107,6.718620624899997,4.018614205547662,1.671875,1.0674443983485977,,,,,1.4860500447598124,,0.7082452431289641,,,4.7343876290294435,0.9566163958434089,,,,,,,,,459.164144897461,3.203478394727572,490.6649627685547,3.4232520651844243,,,,,,,,,,,,,,,,,,,"Adam Conley","14457",543045
"Raisel Iglesias","CIN",4,2,,3.2451939741543856,61,0,31.84709930419922,,,69.33329772949219,,62,27,25,6,24,1,3,70,9.08654312763228,3.1153862151882104,2.9166666666666665,0.7788465537970526,,,,,1.2403852523434542,,0.7603092783505155,,,3.431678296475793,0.9553043156103737,,,,,,,,,496.30189971923824,7.158204152578872,486.90198516845703,7.022628392322155,,,,,,,,,,,,,,,,,,,"Raisel Iglesias","17130",628452
"Mike Wright Jr.","BAL",6,7,,4.979812746175062,29,19,0,,,115.66699981689453,,125,68,64,19,36,1,8,87,6.7694329518317256,2.8011446697234725,2.4166666666666665,1.4783819090207218,,,,,1.391926826621849,,0.6919642857142857,,,4.929968883390756,0.9501387961698264,,,,,,,,,339.2357986450195,2.932865892450252,373.33499908447266,3.2276708108231116,,,,,,,,,,,,,,,,,,,"Mike Wright Jr.","12586",605541
"Ronald Herrera","TEX",7,8,,5.152671755725191,25,24,0,,,131,,152,80,75,19,49,0,8,82,5.633587786259542,3.366412213740458,1.6734693877551021,1.3053435114503817,,,,,1.534351145038168,,0.6938073394495413,,,5.096570991923791,0.9472798568517571,,,,,,,,,333.50000000000006,2.5458015267175576,401,3.0610687022900764,,,,,,,,,,,,,,,,,,,"Ronald Herrera","15688",622703
"Carl Edwards Jr.","CHC",5,3,,3.15,67,0,0,,,60,,38,22,21,5,38,1,2,92,13.8,5.7,2.4210526315789473,0.75,,,,,1.2666666666666666,,0.782608695652174,,,3.174306360880534,0.9472442804342798,,,,,,,,,347.7,5.795,299,4.983333333333333,,,,,,,,,,,,,,,,,,,"Carl Edwards Jr.","13607",605218
"Blake Parker","LAA",3,2,,3.176468806284284,62,0,10.707599639892578,,,56.66669845581055,,45,21,20,6,20,0,2,73,11.594111142937637,3.176468806284284,3.65,0.9529406418852852,,,,,1.1470581800471025,,0.7773851590106007,,,3.122345596366264,0.9469254685341336,,,,,,,,,362.0715667724609,6.389494652751107,338.8714904785156,5.980081771355925,,,,,,,,,,,,,,,,,,,"Blake Parker","5224",453284
"Trevor Hildenberger","MIN",5,3,,3.4974112619887303,52,0,1.67739999294281,,,64.33329772949219,,60,27,25,7,12,2,4,64,8.95337283069115,1.6787574057545906,5.333333333333333,0.9792751533568446,,,,,1.1191716038363937,,0.7234726688102894,,,3.328624244799983,0.946394381329113,,,,,,,,,322.35340316295617,5.010677433611185,319.053488612175,4.959383396662284,,,,,,,,,,,,,,,,,,,"Trevor Hildenberger","17002",657610
"Lucas Sims","ATL",6,7,,4.677797339733286,21,20,0,,,109.66699981689453,,104,61,57,19,50,1,5,124,10.17626087941978,4.10333099976604,2.48,1.5592657799110954,,,,,1.404251053253267,,0.7299843014128728,,,4.653075880795269,0.9453644748374903,,,,,,,,,390.43579864501936,3.560194035552266,384.33499908447266,3.504563813418599,,,,,,,,,,,,,,,,,,,"Lucas Sims","13470",608371
"Drew Steckenrider","MIA",2,1,,3.0815233362878596,58,0,0,,,61.33330154418945,,48,22,21,5,30,1,2,82,12.032614932171642,4.402176194696942,2.7333333333333334,0.7336960324494903,,,,,1.2717397895791165,,0.7887323943661971,,,3.1087266253839014,0.9428217638818325,,,,,,,,,335.566431427002,5.471194652471674,309.66650772094727,5.048913068829966,,,,,,,,,,,,,,,,,,,"Drew Steckenrider","18806",608716
"Andrew Moore","SEA",7,9,,4.893400858665012,31,28,0,,,156.33299255371094,,172,91,85,29,32,0,7,112,6.447775249064486,1.8422214997327104,3.5,1.6695132341327688,,,,,1.304906895644003,,0.6915544675642594,,,4.884722350213283,0.9414979759081656,,,,,,,,,459.96414489746104,2.9422077667926194,511.6649627685547,3.272917344000584,,,,,,,,,,,,,,,,,,,"Andrew Moore","17553",621058
"Trent Thornton","HOU",7,8,,4.927512593969109,25,23,0,,,133.33299255371094,,151,78,73,24,25,1,7,93,6.277516044371604,1.6875043130031193,3.72,1.6200041404829946,,,,,1.3200033737268844,,0.6882022471910112,,,4.822643949710279,0.938596465348104,,,,,,,,,388.86414489746096,2.916488540829935,444.6649627685547,3.334995744503589,,,,,,,,,,,,,,,,,,,"Trent Thornton","17948",663423
"Cody Anderson","CLE",5,5,,4.545454545454546,22,18,0,,,99,,106,54,50,15,28,1,3,70,6.363636363636363,2.5454545454545454,2.5,1.3636363636363635,,,,,1.3535353535353536,,0.7079646017699115,,,4.652589189163362,0.9379192403728328,,,,,,,,,319.5,3.227272727272727,347,3.505050505050505,,,,,,,,,,,,,,,,,,,"Cody Anderson","12799",594736
"Max Povse","SEA",6,7,,4.6139386436839604,26,18,0,,,105.33300018310547,,115,58,54,15,31,0,6,79,6.750021349093202,2.6487425547074586,2.5483870967741935,1.2816496232455445,,,,,1.386080333287774,,0.704,,,4.562707429327501,0.93722900803677,,,,,,,,,342.96420135498056,3.2559995515060733,378.66500091552734,3.5949322648863657,,,,,,,,,,,,,,,,,,,"Max Povse","16165",605428
"Francisco Liriano","HOU",7,7,,4.742196205123969,31,21,0,,,117.66699981689453,,110,66,62,17,61,1,4,119,9.10195723241536,4.665709169557453,1.9508196721311475,1.3002796046307656,,,,,1.453253675763797,,0.7133152173913044,,,4.670383286529399,0.9367830382112288,,,,,,,,,418.6357986450197,3.5578012467086997,410.33499908447266,3.4872564076844688,,,,,,,,,,,,,,,,,,,"Francisco Liriano","3201",434538
"Jakob Junis","KCR",9,10,,4.898498937204869,30,27,0,,,154.33299255371094,,168,90,84,30,37,0,9,131,7.63932572349807,2.1576721509116683,3.5405405405405403,1.749463906144596,,,,,1.3282966694801563,,0.7055214723926381,,,4.881185616563728,0.9304810950701434,,,,,,,,,460.2641448974609,2.98227966218746,505.6649627685547,3.2764540776501385,,,,,,,,,,,,,,,,,,,"Jakob Junis","13619",596001
"Jeurys Familia","NYM",3,2,,3,59,0,33.448699951171875,,,57,,47,20,19,3,25,4,1,61,9.631578947368421,3.9473684210526314,2.44,0.47368421052631576,,,,,1.263157894736842,,0.7669616519174042,,,3.0699203959682535,0.9225647005422086,,,,,,,,,473.94349975585936,8.314798241330866,457.2434997558594,8.021815785190515,,,,,,,,,,,,,,,,,,,"Jeurys Familia","5114",544727
"Andrew Cashner","BAL",8,10,,5.002387444501457,25,25,0,,,140.33299255371094,,154,83,78,22,53,2,6,89,5.707852340520893,3.3990581353663742,1.679245283018868,1.4109297920388724,,,,,1.4750629644042756,,0.7037457434733259,,,5.188523485784971,0.9210072204282436,,,,,,,,,368.4641448974609,2.625641612797755,416.6649627685547,2.969116208428896,,,,,,,,,,,,,,,,,,,"Andrew Cashner","8782",488768
"Ryan Merritt","CLE",8,9,,4.939012074770709,25,23,0,,,136.66700744628906,,160,80,75,24,27,0,6,84,5.5316935237431935,1.778044346917455,3.111111111111111,1.5804838639266268,,,,,1.368289271084626,,0.6975228161668839,,,4.9356840411313225,0.9199310448614897,,,,,,,,,369.1358551025389,2.700987326788519,440.3350372314453,3.221955653082545,,,,,,,,,,,,,,,,,,,"Ryan Merritt","13688",607320
"R.A. Dickey","ATL",8,9,,4.630278989500719,25,25,0,,,149.66700744628906,,150,82,77,22,56,1,8,109,6.554550777345175,3.3674756287277963,1.9464285714285714,1.3229368541430628,,,,,1.3763888482498532,,0.7077625570776256,,,4.894829502684556,0.9198394016685012,,,,,,,,,472.935855102539,3.1599205674788498,488.3350372314453,3.2628101915293115,,,,,,,,,,,,,,,,,,,"R.A. Dickey","1245",285079
"Christian Bergman","SEA",8,10,,4.895617837715919,27,20,0,,,121.33300018310547,,140,71,66,19,28,1,4,78,5.785730171846086,2.0769287796370564,2.7857142857142856,1.4093445290394313,,,,,1.3846191864247044,,0.6859971711456859,,,4.698852717198509,0.9187200277164626,,,,,,,,,360.1642013549806,2.9683944253537895,419.66500091552734,3.4587869770153588,,,,,,,,,,,,,,,,,,,"Christian Bergman","10925",548357
"Jackson Stephens","CIN",9,10,,4.973684210526316,31,28,0,,,152,,163,90,84,25,59,0,8,119,7.046052631578948,3.4934210526315788,2.016949152542373,1.480263157894737,,,,,1.4605263157894737,,0.7058823529411765,,,5.05237653631913,0.9166356107649631,,,,,,,,,430.49999999999994,2.832236842105263,472,3.1052631578947367,,,,,,,,,,,,,,,,,,,"Jackson Stephens","14420",623451
"Wilfredo Boscan","NYM",7,9,,4.810344827586207,25,23,0,,,116,,129,66,62,13,41,1,6,67,5.198275862068965,3.1810344827586206,1.6341463414634145,1.0086206896551724,,,,,1.4655172413793103,,0.6851119894598154,,,4.674881073524212,0.9063270254319149,,,,,,,,,356.1000000000001,3.0698275862068973,404,3.4827586206896552,,,,,,,,,,,,,,,,,,,"Wilfredo Boscan","7655",517448
"Ryan Pressly","MIN",5,3,,3.6346172510529122,62,0,0,,,69.33329772949219,,63,30,28,6,24,3,2,67,8.697119850733754,3.1153862151882104,2.7916666666666665,0.7788465537970526,,,,,1.2548083366730292,,0.7251908396946566,,,3.4749475494645186,0.905856002830378,,,,,,,,,331.46640319824223,4.780767885749172,324.66648864746094,4.682692144749349,,,,,,,,,,,,,,,,,,,"Ryan Pressly","7005",519151
"Addison Reed","MIN",4,2,,3.4714285714285715,74,0,1.67739999294281,,,70,,67,29,27,9,15,4,1,71,9.128571428571428,1.9285714285714286,4.733333333333333,1.1571428571428573,,,,,1.1714285714285715,,0.7636887608069164,,,3.486211122785296,0.9048368071147539,,,,,,,,,335.4869999647141,4.792671428067344,335.38699996471405,4.791242856638772,,,,,,,,,,,,,,,,,,,"Addison Reed","10586",592665
"Tyler Danish","CHW",8,10,,5.054199918977881,26,24,0,,,135.33299255371094,,157,81,76,16,51,0,7,66,4.389173613849213,3.3916341561562096,1.2941176470588236,1.0640420882058697,,,,,1.5369496829640341,,0.6842672413793104,,,5.004934986237947,0.9035089954541883,,,,,,,,,354.46414489746104,2.6191997842416836,426.6649627685547,3.1527047079759205,,,,,,,,,,,,,,,,,,,"Tyler Danish","15126",641501
"Casey Lawrence","SEA",7,8,,4.928571428571429,32,17,0,,,126,,146,74,69,18,35,1,6,84,6,2.5,2.4,1.2857142857142858,,,,,1.4365079365079365,,0.686777920410783,,,4.657639694213867,0.9032966396957198,,,,,,,,,376.4000000000001,2.9873015873015882,441,3.5,,,,,,,,,,,,,,,,,,,"Casey Lawrence","11121",596271
"Joakim Soria","CHW",4,3,,3.312885373873432,57,0,4.8703999519348145,,,54.33330154418945,,47,21,20,5,19,2,2,63,10.43558892770131,3.1472411051797606,3.3157894736842106,0.828221343468358,,,,,1.2147246370869251,,0.7627118644067796,,,3.19444953170135,0.8966211477028808,,,,,,,,,305.7184311866761,5.626722884454837,294.01850748062134,5.411386739336926,,,,,,,,,,,,,,,,,,,"Joakim Soria","6941",465657
"Brandon Finnegan","CIN",7,8,,4.6222700550788955,24,24,0,,,122.66699981689453,,114,67,63,22,53,1,3,117,8.584215816575092,3.888576395542563,2.207547169811321,1.614126050979932,,,,,1.3614093460285284,,0.7342143906020558,,,4.95111308419157,0.895041640842917,,,,,,,,,406.73579864501966,3.315771961914416,393.33499908447266,3.2065266100222978,,,,,,,,,,,,,,,,,,,"Brandon Finnegan","16208",605232
"Rob Zastryzny","CHC",5,5,,4.404255319148936,25,15,0,,,94,,98,49,46,12,38,0,5,78,7.468085106382978,3.6382978723404253,2.0526315789473686,1.148936170212766,,,,,1.446808510638298,,0.7298657718120806,,,4.529980119745782,0.89171893142822,,,,,,,,,320.2,3.4063829787234043,341,3.627659574468085,,,,,,,,,,,,,,,,,,,"Rob Zastryzny","15094",642239
"Yadier Álvarez","LAD",5,5,,4.3862832798036075,22,19,0,,,92.33329772949219,,89,48,45,8,57,0,5,83,8.090255827193321,5.55595882108457,1.456140350877193,0.7797836941873081,,,,,1.5812280465464859,,0.7270029673590503,,,4.500600500869787,0.8911479175541096,,,,,,,,,333.46640319824223,3.6115508857399954,337.66648864746094,3.6570391933440805,,,,,,,,,,,,,,,,,,,"Yadier Alvarez","sa868984",665751
"Taylor Jungmann","MIL",7,8,,4.862903225806452,27,23,0,,,124,,121,72,67,16,71,1,8,117,8.491935483870968,5.153225806451613,1.647887323943662,1.1612903225806452,,,,,1.5483870967741935,,0.7075471698113208,,,4.859252597439674,0.8893601420990909,,,,,,,,,403.19999999999993,3.251612903225806,409,3.2983870967741935,,,,,,,,,,,,,,,,,,,"Taylor Jungmann","13119",543380
"Fernando Romero","MIN",5,5,,4.975417477733003,22,22,0,,,135.66700744628906,,146,80,75,21,49,0,7,96,6.368534371498243,3.2506060854522283,1.9591836734693877,1.3931168937652407,,,,,1.4373428269006452,,0.6944444444444444,,,4.9930159193331525,0.886139120232935,,,,,,,,,390.03585510253913,2.8749499413625337,429.3350372314453,3.1646237748807144,,,,,,,,,,,,,,,,,,,"Fernando Romero","15885",622864
"Brad Keller","KCR",8,10,,4.902439024390244,25,25,0,,,123,,138,72,67,15,47,0,7,78,5.7073170731707314,3.4390243902439024,1.6595744680851063,1.0975609756097562,,,,,1.5040650406504066,,0.6890243902439024,,,4.791786035677282,0.8856182852498015,,,,,,,,,360.90000000000003,2.934146341463415,414,3.3658536585365852,,,,,,,,,,,,,,,,,,,"Brad Keller","15734",641745
"Zack Wheeler","NYM",5,7,,4.711411084674482,16,16,0,,,99.33329772949219,,97,56,52,15,41,1,5,95,8.607385635462995,3.7147664321471874,2.317073170731707,1.3590608898099465,,,,,1.3892622429168342,,0.7008547008547008,,,4.597237525642181,0.8794634394404582,,,,,,,,,350.3664031982422,3.527179819926767,353.66648864746094,3.5604021685716862,,,,,,,,,,,,,,,,,,,"Zack Wheeler","10310",554430
"Gabriel Ynoa","BAL",8,11,,5.263773810459988,30,25,0,,,145.33299255371094,,173,91,85,26,36,0,7,85,5.263773810459988,2.229363025606583,2.361111111111111,1.6100955184936432,,,,,1.4380767665178267,,0.6836616454229433,,,5.201222467686568,0.8761337197013475,,,,,,,,,346.864144897461,2.386685492416802,429.6649627685547,2.956417226527299,,,,,,,,,,,,,,,,,,,"Gabriel Ynoa","12938",593679
"Drew VerHagen","DET",7,8,,4.951303577603855,39,18,0.9674999713897705,,,116.33300018310547,,129,68,64,14,44,2,5,72,5.570216524804336,3.40402120960265,1.6363636363636365,1.0830976576008433,,,,,1.487110275912269,,0.6844850065189048,,,4.747902127992884,0.8738508514381611,,,,,,,,,355.1017012119293,3.052458895180279,401.5025007724762,3.451320778631347,,,,,,,,,,,,,,,,,,,"Drew VerHagen","13424",572403
"Jacob Barnes","MIL",4,3,,3.5816346048971863,66,0,2.6886000633239746,,,65.33329772949219,,57,28,26,5,29,2,3,72,9.918372752022979,3.994900136231477,2.4827586206896552,0.6887758855571512,,,,,1.3163272479536667,,0.7341772151898734,,,3.417843917646569,0.8725577080579457,,,,,,,,,335.20940351486206,5.130758972289635,323.1094889640808,4.94555609762563,,,,,,,,,,,,,,,,,,,"Jacob Barnes","12323",606930
"Blake Treinen","OAK",4,3,,3.60829670694778,69,0,21.872900009155273,,,72.33329772949219,,68,31,29,5,28,4,2,67,8.336409633293147,3.4838726825702704,2.392857142857143,0.6221201218875483,,,,,1.327189593360103,,0.7303370786516854,,,3.44796241776139,0.870353641513856,,,,,,,,,450.33090324401854,6.225775920353301,450.0309886932373,6.221629634200237,,,,,,,,,,,,,,,,,,,"Blake Treinen","12572",595014
"Giovanny Gallegos","NYY",5,3,,3.6,43,0,0,,,65,,55,28,26,10,18,1,3,85,11.76923076923077,2.4923076923076923,4.722222222222222,1.3846153846153846,,,,,1.123076923076923,,0.7627118644067796,,,3.5114858480600213,0.8656939586955559,,,,,,,,,322,4.953846153846154,302,4.6461538461538465,,,,,,,,,,,,,,,,,,,"Giovanny Gallegos","14986",606149
"Adam Warren","NYY",4,2,,3.45,54,0,0,,,60,,51,25,23,5,20,2,2,58,8.7,3,2.9,0.75,,,,,1.1833333333333333,,0.71875,,,3.4076396942138674,0.8655802402256418,,,,,,,,,299.9,4.998333333333333,285,4.75,,,,,,,,,,,,,,,,,,,"Adam Warren","9029",476589
"Anthony Swarzak","NYM",5,3,,3.391961619600945,60,0,1.9675999879837036,,,66.33329772949219,,58,27,25,7,20,2,2,72,9.76884946445072,2.713569295680756,3.6,0.9497492534882646,,,,,1.1758800281283275,,0.7478005865102639,,,3.353619698901922,0.857867196585899,,,,,,,,,341.8044031381607,5.15283296380111,328.50448858737946,4.952331631800123,,,,,,,,,,,,,,,,,,,"Anthony Swarzak","7466",461872
"Blaine Hardy","DET",5,3,,3.6,64,0,0,,,65,,64,28,26,5,20,2,1,53,7.338461538461538,2.769230769230769,2.65,0.6923076923076923,,,,,1.2923076923076924,,0.7272727272727273,,,3.496101232675406,0.8505564864657474,,,,,,,,,296.1,4.555384615384615,303,4.661538461538462,,,,,,,,,,,,,,,,,,,"Blaine Hardy","6499",543278
"Jordan Lyles","SDP",4,6,,4.671282003275942,39,12,0,,,96.33329772949219,,101,54,50,11,36,2,6,76,7.100348644979431,3.363323042358678,2.111111111111111,1.0276820407207072,,,,,1.4221458543306755,,0.6825657894736843,,,4.372173015065612,0.846499623770813,,,,,,,,,340.9664031982421,3.539444939959282,364.66648864746094,3.785466679148255,,,,,,,,,,,,,,,,,,,"Jordan Lyles","7593",543475
"Sean Doolittle","WSN",2,1,,3.278569195223403,51,0,21.947999954223633,,,46.66669845581055,,38,18,17,7,9,1,0,62,11.957134711991234,1.7357131033535662,6.888888888888889,1.349999080386107,,,,,1.007142171081699,,0.7795698924731183,,,3.0290683532247145,0.8462986009014798,,,,,,,,,367.1735683441162,7.867999676295909,349.0734920501709,7.480141162776155,,,,,,,,,,,,,,,,,,,"Sean Doolittle","1581",448281
"Spencer Turnbull","DET",6,6,,4.850849213988456,21,21,0,,,98.33329772949219,,105,57,53,10,50,0,6,67,6.13220561013635,4.576272843385336,1.34,0.9152545686770671,,,,,1.57627175716606,,0.6950354609929078,,,4.825436908247634,0.8452081341517077,,,,,,,,,297.6664031982423,3.0271170607651245,327.66648864746094,3.332202785966233,,,,,,,,,,,,,,,,,,,"Spencer Turnbull","16207",605513
"Seth Lugo","NYM",6,8,,4.888565777491899,25,21,0,,,119.66699981689453,,129,70,65,21,32,1,5,98,7.370453018372403,2.4066785366113965,3.0625,1.5793827896512291,,,,,1.3454001541473433,,0.6914893617021277,,,4.728665961168529,0.8416275000677114,,,,,,,,,376.83579864501945,3.1490369042561888,410.33499908447266,3.4289737330453383,,,,,,,,,,,,,,,,,,,"Seth Lugo","12447",607625
"Drew Smyly","CHC",7,6,,4.699115044247788,21,20,0,,,113,,113,63,59,22,37,1,1,106,8.442477876106194,2.9469026548672566,2.864864864864865,1.752212389380531,,,,,1.3274336283185841,,0.7298657718120806,,,4.821356508373159,0.8400098118708706,,,,,,,,,369.8,3.272566371681416,377,3.336283185840708,,,,,,,,,,,,,,,,,,,"Drew Smyly","11760",592767
"Bryan Shaw","COL",6,3,,3.6699010097683606,75,0,0,,,68.66670227050781,,64,30,28,7,24,3,1,64,8.388345165184825,3.145629436944309,2.6666666666666665,0.9174752524420902,,,,,1.2815527335699037,,0.7416879795396419,,,3.711037465528144,0.8384124744082239,,,,,,,,,308.6335968017579,4.494661700600049,305.33351135253906,4.446602228685723,,,,,,,,,,,,,,,,,,,"Bryan Shaw","8110",543766
"Cody Martin","SEA",5,6,,4.636363636363637,28,15,0,,,99,,102,55,51,15,35,0,5,89,8.090909090909092,3.1818181818181817,2.5428571428571427,1.3636363636363635,,,,,1.3838383838383839,,0.7068965517241379,,,4.5414780780522515,0.8383494889195181,,,,,,,,,340.90000000000003,3.443434343434344,358,3.6161616161616164,,,,,,,,,,,,,,,,,,,"Cody Martin","12182",592533
"Tanner Scott","BAL",2,2,,4.5,32,20,0,,,66,,53,35,33,3,63,0,4,76,10.363636363636363,8.590909090909092,1.2063492063492063,0.4090909090909091,,,,,1.7575757575757576,,0.7245080500894454,,,4.4909730275472,0.8377412772454721,,,,,,,,,264.7000000000001,4.0106060606060625,242,3.6666666666666665,,,,,,,,,,,,,,,,,,,"Tanner Scott","17586",656945
"Edinson Volquez","TEX",5,5,,4.681449596642083,16,15,0,,,82.66670227050781,,86,46,43,10,41,3,4,64,6.967738934537055,4.463707754937801,1.5609756097560976,1.0887092085214147,,,,,1.536289660913552,,0.7168141592920354,,,4.814897044963132,0.8326263804725825,,,,,,,,,258.1335968017578,3.122582487409197,276.33351135253906,3.3427426492507353,,,,,,,,,,,,,,,,,,,"Edinson Volquez","3990",450172
"Darren O'Day","BAL",3,2,,3.1153846153846154,56,0,1.6263999938964844,,,52,,40,19,18,6,18,2,4,67,11.596153846153847,3.1153846153846154,3.7222222222222223,1.0384615384615385,,,,,1.1153846153846154,,0.7862903225806451,,,3.34994738652156,0.8282481178732283,,,,,,,,,283.13199996948237,5.4448461532592765,258.1319999694824,4.9640769224900465,,,,,,,,,,,,,,,,,,,"Darren O'Day","3321",503285
"Wily Peralta","KCR",7,8,,4.810344827586207,29,19,0.6884999871253967,,,116,,129,66,62,16,44,1,4,86,6.672413793103448,3.413793103448276,1.9545454545454546,1.2413793103448276,,,,,1.4913793103448276,,0.7104913678618858,,,4.709363832144902,0.8264950120478661,,,,,,,,,357.6424999356271,3.083124999445061,403.442499935627,3.477952585651957,,,,,,,,,,,,,,,,,,,"Wily Peralta","7738",503449
"Dan Otero","CLE",3,2,,3.281769684938929,52,0,0,,,60.33330154418945,,61,24,22,5,9,3,1,40,5.966853972616234,1.3425421438386527,4.444444444444445,0.7458567465770293,,,,,1.16022160578649,,0.7301587301587301,,,3.406258609739544,0.8252206361843527,,,,,,,,,276.3664314270019,4.580661497938828,286.66650772094727,4.751381084474324,,,,,,,,,,,,,,,,,,,"Dan Otero","7385",519096
"Cal Quantrill","SDP",5,7,,4.7072523179820625,16,16,0,,,101.33300018310547,,105,57,53,16,38,0,6,91,8.082263413893731,3.3750110959116677,2.3947368421052633,1.4210573035417549,,,,,1.411188850044937,,0.713101160862355,,,4.71685534671107,0.824278232371149,,,,,,,,,330.06420135498047,3.257223222035912,348.66500091552734,3.440784347502797,,,,,,,,,,,,,,,,,,,"Cal Quantrill","19312",615698
"Brandon Morrow","CHC",6,3,,3.1354819417880018,53,0,36.111698150634766,,,51.66669845581055,,46,19,18,4,17,1,2,54,9.406445825364004,2.9612885005775573,3.176470588235294,0.6967737648417781,,,,,1.2193540884731118,,0.7665505226480837,,,3.1769945210150277,0.8146401789809964,,,,,,,,,445.0920593261718,8.614679718829912,437.89198303222656,8.47532348920546,,,,,,,,,,,,,,,,,,,"Brandon Morrow","9346",453344
"Julio Urías","LAD",3,2,,3.90361670046927,12,12,0,,,55.33330154418945,,53,26,24,5,24,1,2,46,7.481932009232768,3.90361670046927,1.9166666666666667,0.8132534792644313,,,,,1.391567064519138,,0.7285714285714285,,,4.079326970713556,0.8137389035868108,,,,,,,,,224.16643142700195,4.051202895384464,225.66650772094727,4.078312723500312,,,,,,,,,,,,,,,,,,,"Julio Urias","14765",628711
"Matt Bush","TEX",5,3,,3.514794882822253,58,0,6.537700176239014,,,56.33330154418945,,51,24,22,6,18,0,2,60,9.58580422587887,2.8757412677636616,3.3333333333333335,0.9585804225878871,,,,,1.2248527621956335,,0.7425742574257426,,,3.477166501743163,0.8135669395666736,,,,,,,,,303.1549323081971,5.381451539288776,296.35500860214233,5.2607427663310835,,,,,,,,,,,,,,,,,,,"Matt Bush","1246",456713
"Domingo Acevedo","NYY",6,6,,4.971657311823516,22,22,0,,,117.66699981689453,,125,70,65,23,37,0,7,105,8.031138734484141,2.8300203159610784,2.8378378378378377,1.7592018180298594,,,,,1.3767666401972813,,0.7087827426810477,,,5.035821345347196,0.8096861765824251,,,,,,,,,340.8357986450196,2.8966133170337085,367.33499908447266,3.1218183488666718,,,,,,,,,,,,,,,,,,,"Domingo Acevedo","17092",642758
"John Lamb","LAA",5,7,,4.764707643341461,19,19,0,,,96.33329772949219,,104,55,51,14,38,0,4,76,7.100348644979431,3.5501743224897155,2,1.3079589609172637,,,,,1.4740489877004084,,0.7107843137254901,,,4.777017455349528,0.8094123385067203,,,,,,,,,296.26640319824213,3.075430927633872,325.66648864746094,3.38062223886434,,,,,,,,,,,,,,,,,,,"John Lamb","8493",543424
"Chris Tillman","BAL",6,8,,5.303557596854424,27,25,0,,,130.66700744628906,,140,82,77,22,54,1,4,96,6.6122276532211,3.719378054936869,1.7777777777777777,1.5153021705298355,,,,,1.4846900054686267,,0.6862745098039216,,,5.208654753314857,0.8075952115885857,,,,,,,,,350.3358551025391,2.681134755814664,385.3350372314453,2.9489849408990105,,,,,,,,,,,,,,,,,,,"Chris Tillman","5279",501957
"David Paulino","HOU",3,3,,4.242857142857143,16,13,0,,,70,,69,35,33,11,23,0,4,69,8.871428571428572,2.9571428571428573,3,1.4142857142857144,,,,,1.3142857142857143,,0.7441253263707572,,,4.386211122785296,0.8065863083872308,,,,,,,,,260.29999999999995,3.718571428571428,264,3.7714285714285714,,,,,,,,,,,,,,,,,,,"David Paulino","17418",600944
"Dominic Leone","STL",3,2,,3.4077652233563347,65,0,0,,,68.66670227050781,,59,28,26,7,27,4,2,79,10.354363563275017,3.5388331165623477,2.925925925925926,0.9174752524420902,,,,,1.2524265350796786,,0.7611548556430446,,,3.4489016791161182,0.8028314504693227,,,,,,,,,339.6335968017579,4.946117777198538,323.33351135253906,4.708738015097749,,,,,,,,,,,,,,,,,,,"Dominic Leone","13763",608678
"Ryan Borucki","TOR",7,9,,5.096925482691265,26,25,0,,,130.66700744628906,,143,79,74,23,45,1,8,105,7.2321239957105785,3.099481712447391,2.3333333333333335,1.5841795419175553,,,,,1.4387717578768136,,0.6996148908857509,,,5.055593928008813,0.8013392476595484,,,,,,,,,363.235855102539,2.7798589881370614,405.3350372314453,3.1020457662050545,,,,,,,,,,,,,,,,,,,"Ryan Borucki","16350",621366
"Austin Gomber","STL",8,9,,4.714285714285714,25,25,0,,,126,,128,71,66,18,57,0,7,109,7.785714285714286,4.071428571428571,1.912280701754386,1.2857142857142858,,,,,1.4682539682539681,,0.7133917396745932,,,4.8084333450075185,0.8012876619888518,,,,,,,,,404.2000000000001,3.2079365079365085,422,3.3492063492063493,,,,,,,,,,,,,,,,,,,"Austin Gomber","16561",596295
"Jared Miller","ARI",5,3,,3.4925373134328357,53,0,0,,,67,,56,28,26,7,31,0,3,83,11.149253731343284,4.164179104477612,2.6774193548387095,0.9402985074626866,,,,,1.2985074626865671,,0.7642487046632124,,,3.560624768840733,0.8011503067607905,,,,,,,,,328.0999999999999,4.897014925373133,308,4.597014925373134,,,,,,,,,,,,,,,,,,,"Jared Miller","sa827467",656744
"Randall Delgado","ARI",4,2,,3.8181818181818183,46,3,0,,,66,,63,30,28,7,25,1,1,64,8.727272727272727,3.409090909090909,2.56,0.9545454545454546,,,,,1.3333333333333333,,0.7416879795396419,,,3.7788518154259885,0.8000484128318626,,,,,,,,,288.50000000000006,4.371212121212122,289,4.378787878787879,,,,,,,,,,,,,,,,,,,"Randall Delgado","5985",517414
"Héctor Rondón","HOU",4,2,,3.355031479057605,59,0,0,,,56.33330154418945,,49,22,21,7,14,0,1,64,10.224857840937462,2.23668765270507,4.571428571428571,1.118343826352535,,,,,1.118343826352535,,0.7706766917293233,,,3.299651608671332,0.7995770766775555,,,,,,,,,286.366431427002,5.083430645412607,273.66650772094727,4.8579880855425355,,,,,,,,,,,,,,,,,,,"Hector Rondon","2391",444468
"Scott Kazmir","ATL",5,6,,4.714285714285714,15,15,0,,,84,,89,47,44,12,31,1,3,69,7.392857142857143,3.3214285714285716,2.225806451612903,1.2857142857142858,,,,,1.4285714285714286,,0.7073643410852714,,,4.586211122785296,0.793849574379672,,,,,,,,,278.6,3.316666666666667,300,3.5714285714285716,,,,,,,,,,,,,,,,,,,"Scott Kazmir","4897",431148
"Zach McAllister","CLE",3,2,,3.1675960777346233,51,0,0,,,59.66669845581055,,54,22,21,6,21,1,2,65,9.804464050130978,3.1675960777346233,3.0952380952380953,0.905027450781321,,,,,1.2569825705296125,,0.7957957957957958,,,3.4425557435339127,0.791894262846031,,,,,,,,,288.33356857299805,4.832403602598179,281.33349227905273,4.715083950679954,,,,,,,,,,,,,,,,,,,"Zach McAllister","2895",502083
"Chris Stratton","SFG",7,9,,4.664933671128656,26,23,0,,,127.33300018310547,,135,71,66,16,54,0,6,101,7.138762133090822,3.8167639127416275,1.8703703703703705,1.1308930111827045,,,,,1.4842970771772996,,0.7082833133253301,,,4.61837650032486,0.7918451231636691,,,,,,,,,416.46420135498056,3.270669824445376,450.66500091552734,3.5392631938890067,,,,,,,,,,,,,,,,,,,"Chris Stratton","13761",608717
"A.J. Cole","WSN",8,8,,4.968510703385946,27,25,0,,,137.66700744628906,,149,81,76,24,51,2,7,111,7.256640632576842,3.3341321825353063,2.176470588235294,1.5690033800166148,,,,,1.4527809074227913,,0.7151442307692307,,,5.075310492011952,0.7905775070267832,,,,,,,,,384.135855102539,2.7903261807474826,424.3350372314453,3.0823292022019153,,,,,,,,,,,,,,,,,,,"A.J. Cole","11467",595918
"Josh A. Smith","OAK",6,6,,4.573304790855373,37,11,0,,,102.33300018310547,,107,56,52,13,38,2,5,84,7.387646200612526,3.3420304240866185,2.210526315789474,1.1433261977138431,,,,,1.4169427236624552,,0.7018927444794952,,,4.428002136118137,0.7869145482563057,,,,,,,,,358.16420135498055,3.499987303353891,381.66500091552734,3.72963755809573,,,,,,,,,,,,,,,,,,,"Josh A. Smith","10946",595001
"Rafael Montero","NYM",7,10,,5.0747112965652965,35,23,1.9675999879837036,,,138.33299255371094,,144,83,78,20,72,4,5,132,8.587972963418196,4.684348889137198,1.8333333333333333,1.3012080247603326,,,,,1.561449629712399,,0.7074468085106383,,,4.798607592106064,0.7847703340784982,,,,,,,,,446.1021448373795,3.22484272625108,474.5029627084732,3.430150349160101,,,,,,,,,,,,,,,,,,,"Rafael Montero","12760",606160
"Eric Lauer","SDP",6,8,,4.75,21,20,0,,,108,,112,61,57,17,43,0,6,96,8,3.5833333333333335,2.2325581395348837,1.4166666666666667,,,,,1.4351851851851851,,0.7164634146341464,,,4.787269323843497,0.7839281164563777,,,,,,,,,343.90000000000003,3.18425925925926,364,3.3703703703703702,,,,,,,,,,,,,,,,,,,"Eric Lauer","19316",641778
"Chris Bassitt","OAK",5,5,,4.438356164383562,22,12,0,,,73,,74,39,36,7,31,0,5,57,7.027397260273973,3.8219178082191783,1.8387096774193548,0.863013698630137,,,,,1.4383561643835616,,0.6932773109243697,,,4.322023255857703,0.7783594431032035,,,,,,,,,267.70000000000005,3.6671232876712336,280,3.835616438356164,,,,,,,,,,,,,,,,,,,"Chris Bassitt","12304",605135
"Corey Oswalt","NYM",7,9,,4.773913043478261,23,23,0,,,115,,123,65,61,17,42,0,7,90,7.043478260869565,3.2869565217391306,2.142857142857143,1.3304347826086957,,,,,1.434782608695652,,0.708215297450425,,,4.79242230290952,0.7720887460907222,,,,,,,,,355.09999999999997,3.0878260869565213,387,3.365217391304348,,,,,,,,,,,,,,,,,,,"Corey Oswalt","13677",621261
"Jose Alvarez","LAA",2,2,,3.5027008970616844,69,0,0,,,61.66669845581055,,58,26,24,5,21,4,3,58,8.464860501232405,3.064863284928974,2.761904761904762,0.7297293535545176,,,,,1.2810804206845976,,0.7361111111111112,,,3.4981800592059757,0.7706237941730232,,,,,,,,,288.03356857299804,4.6708122177061036,287.33349227905273,4.659459635007892,,,,,,,,,,,,,,,,,,,"Jose Alvarez","5358",501625
"Justin Haley","BOS",6,6,,4.797907622049399,24,18,0,,,95.66670227050781,,106,55,51,13,35,0,5,71,6.679440022853085,3.2926817014064507,2.0285714285714285,1.222996060522396,,,,,1.4738670472962208,,0.7003257328990228,,,4.694224488203544,0.7704323982255367,,,,,,,,,294.43359680175786,3.077701957042644,331.33351135253906,3.463415206010323,,,,,,,,,,,,,,,,,,,"Justin Haley","13572",595234
"Wade LeBlanc","NYY",5,5,,4.695652173913044,36,10,0,,,92,,95,51,48,15,26,1,3,76,7.434782608695652,2.5434782608695654,2.923076923076923,1.4673913043478262,,,,,1.315217391304348,,0.7,,,4.570683172474737,0.7674617505095214,,,,,,,,,314.30000000000007,3.4163043478260877,330,3.5869565217391304,,,,,,,,,,,,,,,,,,,"Wade LeBlanc","5221",453281
"Yusmeiro Petit","OAK",3,3,,3.9913024942734787,48,2,1.6825000047683716,,,76.66670227050781,,73,36,34,12,17,3,1,81,9.508691236357405,1.9956512471367394,4.764705882352941,1.4086949979788748,,,,,1.173912498315729,,0.7377049180327868,,,3.783726359982256,0.7661380483380956,,,,,,,,,346.34609682559966,4.517555686738234,343.7460113763809,4.483641544454604,,,,,,,,,,,,,,,,,,,"Yusmeiro Petit","4020",433589
"Jaime Barria","LAA",7,9,,4.947656923924332,26,26,0,,,127.33300018310547,,146,75,70,21,33,0,7,79,5.583784242714604,2.332466835564328,2.393939393939394,1.4842970771772996,,,,,1.4057628402896118,,0.6951871657754011,,,5.003194261074531,0.7647129475284579,,,,,,,,,342.36420135498054,2.688731129107609,401.66500091552734,3.1544454331393363,,,,,,,,,,,,,,,,,,,"Jaime Barria","18356",642545
"Andrew Chafin","ARI",2,1,,3.6404513886544887,69,0,0,,,59.33330154418945,,52,26,24,5,25,4,1,62,9.404499420690762,3.7921368631817587,2.48,0.7584273726363517,,,,,1.2977535042888686,,0.7285714285714285,,,3.4778645848825493,0.7624211615290425,,,,,,,,,288.366431427002,4.8601109987489295,277.66650772094727,4.6797751093313185,,,,,,,,,,,,,,,,,,,"Andrew Chafin","12988",605177
"Luis García","PHI",4,3,,3.7193897820086166,65,0,0,,,65.33329772949219,,62,29,27,4,33,6,0,60,8.265310626685816,4.545920844677198,1.8181818181818181,0.551020708445721,,,,,1.454082425065097,,0.7382550335570469,,,3.6321297487087936,0.761085166945535,,,,,,,,,294.06640319824226,4.501018828343902,295.66648864746094,4.525509945505074,,,,,,,,,,,,,,,,,,,"Luis Garcia","6984",472610
"Greg Holland","COL",5,2,,3.6126784826187905,53,0,0,,,47.33330154418945,,38,20,19,4,25,1,0,59,11.218317393395191,4.75352431923525,2.36,0.7605638910776401,,,,,1.33098680938587,,0.7491289198606272,,,3.3477806669832773,0.7608805392297315,,,,,,,,,245.26643142700198,5.18168865102355,227.66650772094727,4.80985902723059,,,,,,,,,,,,,,,,,,,"Greg Holland","7196",518813
"Nick Vincent","SEA",4,3,,3.58011238356974,64,0,0,,,60.33330154418945,,58,26,24,6,15,4,1,55,8.204424212347321,2.2375702397310877,3.6666666666666665,0.895028095892435,,,,,1.2099453888916252,,0.7275541795665635,,,3.4228332041079224,0.7577196416810668,,,,,,,,,283.8664314270019,4.704970955701667,285.66650772094727,4.734806490105945,,,,,,,,,,,,,,,,,,,"Nick Vincent","7555",543883
"Nick Tropeano","LAA",5,5,,4.604651162790698,17,16,0,,,86,,88,47,44,14,32,1,3,76,7.953488372093023,3.3488372093023258,2.375,1.4651162790697674,,,,,1.3953488372093024,,0.7270916334661354,,,4.727407136074333,0.75757436286332,,,,,,,,,282.3999999999999,3.2837209302325574,295,3.4302325581395348,,,,,,,,,,,,,,,,,,,"Nick Tropeano","12385",607374
"Ben Rowen","CIN",3,2,,3.6404513886544887,50,0,0,,,59.33330154418945,,61,26,24,4,15,3,3,42,6.370789930145355,2.275282117909055,2.8,0.6067418981090814,,,,,1.2808995626747275,,0.7102272727272727,,,3.5284264097249727,0.7543071906279857,,,,,,,,,261.2664314270021,4.403369181005706,274.66650772094727,4.629213284488895,,,,,,,,,,,,,,,,,,,"Ben Rowen","10983",594985
"Scott Alexander","LAD",5,3,,3.5,60,0,0,,,72,,68,30,28,5,27,1,2,61,7.625,3.375,2.259259259259259,0.625,,,,,1.3194444444444444,,0.7386363636363636,,,3.574306360880534,0.752484885119035,,,,,,,,,329.50000000000006,4.576388888888889,330,4.583333333333333,,,,,,,,,,,,,,,,,,,"Scott Alexander","10591",518397
"John Gant","STL",6,6,,4.671540560192357,26,20,0,,,113.66699981689453,,118,63,59,18,43,2,6,101,7.997044009820814,3.40468210319104,2.3488372093023258,1.4252157641264818,,,,,1.4164181359528616,,0.7216494845360825,,,4.732415137291893,0.7504528314843746,,,,,,,,,367.9357986450196,3.2369623482428946,389.33499908447266,3.425224556921974,,,,,,,,,,,,,,,,,,,"John Gant","13684",607231
"Will Harris","HOU",3,2,,3.2675179083744634,54,0,0,,,52.33330154418945,,45,20,19,6,14,1,1,58,9.974528351879941,2.40764477459171,4.142857142857143,1.0318477605393042,,,,,1.1273892198484992,,0.7707509881422925,,,3.29139773724674,0.7477830837105808,,,,,,,,,267.46643142700196,5.1108266349516915,254.66650772094727,4.866241956967127,,,,,,,,,,,,,,,,,,,"Will Harris","3192",501789
"Ross Stripling","LAD",6,6,,4.3159834163689075,39,10,0,,,89.66670227050781,,90,46,43,13,28,3,3,79,7.9293648812359,2.8104078060076607,2.8214285714285716,1.304832195646414,,,,,1.3159846075750157,,0.7214428857715431,,,4.317490534788457,0.7471013057203095,,,,,,,,,334.6335968017579,3.7319717166828594,344.33351135253906,3.84014915942541,,,,,,,,,,,,,,,,,,,"Ross Stripling","13273",548389
"Chris Flexen","NYM",6,7,,4.619769986902394,17,17,0,,,87.66670227050781,,90,48,45,12,34,0,5,72,7.391631979043831,3.4904928789929204,2.1176470588235294,1.231938663173972,,,,,1.414448094755301,,0.708955223880597,,,4.629121986338333,0.7445092269570169,,,,,,,,,294.1335968017578,3.355134722578792,309.33351135253906,3.5285177078755336,,,,,,,,,,,,,,,,,,,"Chris Flexen","13896",623167
"Dillon Gee","MIN",7,7,,4.798178326678889,27,16,0,,,110.66699981689453,,124,63,59,18,32,1,6,80,6.506004510751037,2.6024018043004147,2.5,1.4638510149189834,,,,,1.4096343106627247,,0.7110091743119266,,,4.856429760909972,0.7424285890220054,,,,,,,,,321.1357986450195,2.9018207702057413,365.33499908447266,3.301209933303896,,,,,,,,,,,,,,,,,,,"Dillon Gee","7396",518716
"Ian Kennedy","KCR",8,10,,4.757425941186619,27,27,0,,,145.66700744628906,,146,82,77,27,52,2,6,129,7.970233070299661,3.2128071291130413,2.480769230769231,1.6681883170394638,,,,,1.3592645546247484,,0.7240948813982523,,,4.9905873512078465,0.7420044909976461,,,,,,,,,450.23585510253906,3.0908567629396235,461.3350372314453,3.1670523430060213,,,,,,,,,,,,,,,,,,,"Ian Kennedy","6986",453178
"Jordan Guerrero","CHW",8,10,,5.2056418459383345,24,24,0,,,129.66700744628906,,143,80,75,20,57,1,7,99,6.871447236638602,3.9562878029131343,1.736842105263158,1.3881711589168892,,,,,1.5424123987965437,,0.6976744186046512,,,5.116503440685477,0.7385639476776077,,,,,,,,,347.73585510253923,2.681760472081374,394.3350372314453,3.0411362535283897,,,,,,,,,,,,,,,,,,,"Jordan Guerrero","sa658262",622218
"A.J. Puk","OAK",8,10,,4.915580245066058,25,25,0,,,126.33300018310547,,130,74,69,19,54,2,8,107,7.622711394522728,3.8469758439647417,1.9814814814814814,1.353565574728335,,,,,1.4564682207603137,,0.698856416772554,,,4.891153500444893,0.7382874344156856,,,,,,,,,391.1642013549806,3.0962947194164006,412.66500091552734,3.2664861937689746,,,,,,,,,,,,,,,,,,,"A.J. Puk","19343",640462
"Pat Neshek","PHI",4,3,,3.3973531390519423,61,0,12.05840015411377,,,50.33330154418945,,44,20,19,7,8,2,1,54,9.65563523730552,1.4304644796008177,6.75,1.2516564196507154,,,,,1.0331132352672572,,0.7582938388625592,,,3.3563153163806474,0.738133333370793,,,,,,,,,313.25843219757076,6.223681391584251,301.9585084915161,5.999179454310496,,,,,,,,,,,,,,,,,,,"Pat Neshek","4682",450212
"Eric Jokisch","OAK",6,8,,4.937128758809392,26,19,0,,,116.66699981689453,,133,68,64,16,38,0,6,75,5.785697764229756,2.931420200543076,1.9736842105263157,1.234282189702348,,,,,1.465710100271538,,0.6931359353970391,,,4.786206472293355,0.7318896658202618,,,,,,,,,338.73579864501966,2.9034414116815865,393.33499908447266,3.371433221920513,,,,,,,,,,,,,,,,,,,"Eric Jokisch","11157",518852
"Dylan Unsworth","SEA",7,9,,4.959198123830772,21,21,0,,,114.33300018310547,,132,67,63,19,23,0,6,69,5.431502707052751,1.8105009023509169,3,1.4956311802029314,,,,,1.3556890814704934,,0.6853582554517134,,,4.871930403686234,0.7295684470390976,,,,,,,,,320.16420135498043,2.8002781422881773,375.66500091552734,3.285709290527634,,,,,,,,,,,,,,,,,,,"Dylan Unsworth","sa550449",596842
"Bud Norris","STL",7,7,,4.59,41,15,0,,,100,,97,55,51,15,41,3,7,103,9.27,3.69,2.5121951219512195,1.35,,,,,1.38,,0.7094017094017094,,,4.487639694213867,0.7283500287235564,,,,,,,,,365.29999999999995,3.6529999999999996,367,3.67,,,,,,,,,,,,,,,,,,,"Bud Norris","9492",502032
"Seunghwan Oh","STL",4,3,,3.394287564025641,60,0,0,,,58.33330154418945,,53,24,22,7,14,5,2,63,9.720005296982519,2.1600011771072265,4.5,1.0800005885536132,,,,,1.1485720544935252,,0.7517482517482517,,,3.3804969585185813,0.7276138470486889,,,,,,,,,285.7664314270019,4.898855779841711,278.66650772094727,4.7771427356952865,,,,,,,,,,,,,,,,,,,"Seunghwan Oh","18719",493200
"Chris Volstad","CHW",7,9,,5.2105263157894735,29,21,0,,,133,,156,82,77,19,38,0,7,64,4.330827067669173,2.5714285714285716,1.6842105263157894,1.2857142857142858,,,,,1.4586466165413534,,0.6690561529271206,,,5.067414130304093,0.7269996250506118,,,,,,,,,337.9,2.5406015037593983,411,3.0902255639097747,,,,,,,,,,,,,,,,,,,"Chris Volstad","9901",458690
"Brandon Leibrandt","PHI",7,9,,5.081446408272229,24,24,0,,,118.66699981689453,,129,72,67,19,48,1,7,92,6.977508500911121,3.6404392178666716,1.9166666666666667,1.4410071904055575,,,,,1.4915688462092613,,0.6981382978723404,,,5.078982614754611,0.7219663623415613,,,,,,,,,328.0357986450195,2.7643388570637586,365.33499908447266,3.0786570794592567,,,,,,,,,,,,,,,,,,,"Brandon Leibrandt","16135",605335
"Hector Velázquez","BOS",4,4,,4.75520969373857,21,21,0,,,111.66699981689453,,124,63,59,16,43,3,6,80,6.44774195761162,3.465661302216246,1.8604651162790697,1.289548391522324,,,,,1.4955179262793619,,0.719225449515906,,,4.903903141067015,0.7204281912582687,,,,,,,,,320.13579864501963,2.8668791959124977,363.33499908447266,3.2537365531468527,,,,,,,,,,,,,,,,,,,"Hector Velazquez","19341",584171
"Tyler Alexander","DET",8,9,,5.294117647058823,26,25,0,,,136,,162,86,80,26,25,1,8,84,5.5588235294117645,1.6544117647058822,3.36,1.7205882352941178,,,,,1.375,,0.6706507304116867,,,5.135580870684455,0.7204200672312762,,,,,,,,,334.40000000000015,2.4588235294117657,411,3.0220588235294117,,,,,,,,,,,,,,,,,,,"Tyler Alexander","17735",641302
"A.J. Ladwig","DET",9,11,,5.386861313868613,27,25,0,,,137,,172,88,82,24,25,0,8,70,4.598540145985401,1.6423357664233578,2.8,1.5766423357664234,,,,,1.437956204379562,,0.6670746634026927,,,5.135741883994889,0.7139209872683072,,,,,,,,,312.40000000000015,2.280291970802921,414,3.021897810218978,,,,,,,,,,,,,,,,,,,"A.J. Ladwig","16266",607609
"Kyle Barraclough","MIA",5,3,,3.3582089552238807,68,0,10.79069995880127,,,67,,50,27,25,4,46,2,2,86,11.552238805970148,6.17910447761194,1.8695652173913044,0.5373134328358209,,,,,1.4328358208955223,,0.7632743362831858,,,3.515848649437748,0.7131974710252476,,,,,,,,,398.55349979400626,5.948559698418004,364.95349979400635,5.447067161104572,,,,,,,,,,,,,,,,,,,"Kyle Barraclough","13713",607457
"Dietrich Enns","MIN",6,6,,4.691121625736863,20,15,0,,,86.33329772949219,,87,48,45,11,43,0,5,74,7.714288895656175,4.4826273312596685,1.7209302325581395,1.1467186196245664,,,,,1.5057921267797338,,0.7155322862129145,,,4.7676789682321985,0.7114938683240116,,,,,,,,,281.3664031982422,3.2590716513557325,292.66648864746094,3.3899607259816693,,,,,,,,,,,,,,,,,,,"Dietrich Enns","13932",608650
"Mike Minor","TEX",6,4,,3.6818181818181817,59,0,0,,,66,,58,29,27,9,24,3,1,74,10.090909090909092,3.272727272727273,3.0833333333333335,1.2272727272727273,,,,,1.2424242424242424,,0.7636887608069164,,,3.824306360880534,0.7075624081217845,,,,,,,,,299.9000000000001,4.543939393939396,286,4.333333333333333,,,,,,,,,,,,,,,,,,,"Mike Minor","10021",501985
"Mark Leiter Jr.","PHI",5,6,,4.886488086491232,30,15,0,,,108.66699981689453,,111,63,59,21,35,1,7,106,8.779114189289333,2.898764119104968,3.0285714285714285,1.7392584714629808,,,,,1.3435541631407153,,0.711835334476844,,,4.878493314126976,0.7040889057387214,,,,,,,,,343.2357986450196,3.158601960331811,356.33499908447266,3.279146380086892,,,,,,,,,,,,,,,,,,,"Mark Leiter Jr.","15551",643410
"Derek Law","SFG",4,3,,3.5816346048971863,64,0,0,,,65.33329772949219,,63,28,26,4,24,2,2,57,7.852045095351524,3.306124250674326,2.375,0.551020708445721,,,,,1.3316333787438257,,0.7248157248157248,,,3.40253778685641,0.6969904838378695,,,,,,,,,306.46640319824223,4.690814850141872,310.66648864746094,4.755101907357457,,,,,,,,,,,,,,,,,,,"Derek Law","13133",571882
"John Curtiss","MIN",1,1,,3.457315062711842,48,0,0,,,54.66669845581055,,46,22,21,4,27,0,4,63,10.371945188135527,4.445119366343797,2.3333333333333335,0.6585362024213033,,,,,1.335365077132087,,0.7566765578635014,,,3.5052004677139994,0.6958941569073441,,,,,,,,,268.7335685729981,4.915855103088529,254.33349227905273,4.652439226499868,,,,,,,,,,,,,,,,,,,"John Curtiss","16128",595928
"Chris Rusin","COL",4,2,,3.8908315091076022,58,0,0,,,76.33329772949219,,78,35,33,9,21,2,3,62,7.310047077717313,2.4759836876139287,2.9523809523809526,1.0611358661202552,,,,,1.2969438363692007,,0.7407407407407407,,,4.009168475668393,0.6917743792303561,,,,,,,,,303.3664031982422,3.974234209994485,316.66648864746094,4.148471218545474,,,,,,,,,,,,,,,,,,,"Chris Rusin","9895",543734
"Justus Sheffield","NYY",7,8,,4.909090909090909,21,21,0,,,99,,103,58,54,15,45,1,5,80,7.2727272727272725,4.090909090909091,1.7777777777777777,1.3636363636363635,,,,,1.494949494949495,,0.7086614173228346,,,5.026326562900736,0.689361449487207,,,,,,,,,290.3,2.9323232323232324,310,3.1313131313131315,,,,,,,,,,,,,,,,,,,"Justus Sheffield","17285",656954
"Colin Rea","SDP",4,6,,4.813953488372093,17,17,0,,,86,,93,49,46,11,33,1,5,61,6.383720930232558,3.453488372093023,1.8484848484848484,1.1511627906976745,,,,,1.4651162790697674,,0.6962025316455697,,,4.727407136074333,0.6880239170596438,,,,,,,,,267.29999999999995,3.1081395348837204,295,3.4302325581395348,,,,,,,,,,,,,,,,,,,"Colin Rea","12317",607067
"Jerry Blevins","NYM",3,2,,3.1764728156768682,67,0,0.7870000004768372,,,45.33330154418945,,36,17,16,4,20,3,2,59,11.713243507808452,3.9705910195960854,2.95,0.7941182039192171,,,,,1.2352949838743377,,0.7738095238095238,,,3.1576396942138674,0.6863915323356745,,,,,,,,,248.60143142938614,5.483858950512515,230.60150772333145,5.086801531508763,,,,,,,,,,,,,,,,,,,"Jerry Blevins","7841",460283
"Wes Parsons","ATL",3,3,,4.77,29,11,0,,,100,,104,57,53,13,40,1,5,80,7.2,3.6,2,1.17,,,,,1.44,,0.6915739268680445,,,4.597639694213868,0.6841673516389455,,,,,,,,,334.7,3.347,356,3.56,,,,,,,,,,,,,,,,,,,"Wes Parsons","14764",641149
"Joe Kelly","BOS",3,2,,3.355031479057605,56,0,0,,,56.33330154418945,,50,22,21,4,25,0,2,57,9.106514014584928,3.9940850941161963,2.28,0.6390536150585914,,,,,1.3313616980387322,,0.7636887608069164,,,3.4949179910503463,0.6797422155689853,,,,,,,,,270.666431427002,4.804732263289832,262.66650772094727,4.6627217031635215,,,,,,,,,,,,,,,,,,,"Joe Kelly","9761",523260
"Kyle Lloyd","SDP",6,9,,5.2056418459383345,27,24,0,,,129.66700744628906,,139,80,75,20,56,0,8,109,7.565532816097047,3.88687924496729,1.9464285714285714,1.3881711589168892,,,,,1.50385208882663,,0.688622754491018,,,4.9622622008058235,0.6789519992804977,,,,,,,,,378.1358551025392,2.916207156698449,414.3350372314453,3.195377493408044,,,,,,,,,,,,,,,,,,,"Kyle Lloyd","15378",643414
"Tyler Duffey","MIN",4,3,,4.090909090909091,65,0,0,,,77,,77,37,35,10,20,2,2,71,8.2987012987013,2.3376623376623376,3.55,1.1688311688311688,,,,,1.2597402597402598,,0.7228915662650602,,,3.8589383955125687,0.6778549321160232,,,,,,,,,322.6,4.18961038961039,331,4.298701298701299,,,,,,,,,,,,,,,,,,,"Tyler Duffey","13758",608648
"Trevor Rosenthal","STL",4,3,,3.3503626312738746,49,0,0,,,45.66669845581055,,36,18,17,4,26,0,3,69,13.598530679876314,5.12408402430122,2.6538461538461537,0.7883206191232646,,,,,1.3576632884900668,,0.7801418439716312,,,3.1795374891895136,0.6752060823242448,,,,,,,,,246.13356857299806,5.389782421235676,227.33349227905273,4.978102205024354,,,,,,,,,,,,,,,,,,,"Trevor Rosenthal","10745",572096
"Ryan Meisinger","BAL",5,4,,3.8571408276498134,42,0,0,,,67.66670227050781,,64,31,29,6,27,1,4,60,7.980291367551338,3.591131115398102,2.2222222222222223,0.7980291367551338,,,,,1.3448268786058737,,0.7263922518159807,,,3.9113338789270493,0.6728788424771397,,,,,,,,,287.53359680175777,4.249262741551953,287.33351135253906,4.246305815286818,,,,,,,,,,,,,,,,,,,"Ryan Meisinger","18105",664682
"Aaron Loup","TOR",3,2,,3.4363636363636365,65,0,0,,,55,,49,22,21,4,23,3,6,58,9.49090909090909,3.7636363636363637,2.5217391304347827,0.6545454545454545,,,,,1.309090909090909,,0.753012048192771,,,3.5758215123956854,0.671389507121176,,,,,,,,,259.4,4.716363636363636,252,4.581818181818182,,,,,,,,,,,,,,,,,,,"Aaron Loup","10343",571901
"Tyler Wilson","BAL",7,9,,5.355371900826446,27,20,0,,,121,,142,77,72,21,35,1,6,73,5.429752066115703,2.603305785123967,2.085714285714286,1.56198347107438,,,,,1.462809917355372,,0.6775067750677507,,,5.223755396693206,0.6679620548352001,,,,,,,,,290.90000000000015,2.40413223140496,355,2.9338842975206614,,,,,,,,,,,,,,,,,,,"Tyler Wilson","12691",592869
"Jim Johnson","LAA",4,3,,3.6964285714285716,59,0,0,,,56,,54,25,23,5,18,1,3,53,8.517857142857142,2.892857142857143,2.9444444444444446,0.8035714285714286,,,,,1.2857142857142858,,0.7230769230769231,,,3.55049683707101,0.6672859709860404,,,,,,,,,255.50000000000009,4.562500000000002,258,4.607142857142857,,,,,,,,,,,,,,,,,,,"Jim Johnson","3656",462382
"José De León","TBR",4,5,,4.3434762437681975,17,16,0,,,76.66670227050781,,72,40,37,14,29,1,5,88,10.330429985178416,3.4043462451156143,3.0344827586206895,1.6434774976420206,,,,,1.3173906925543182,,0.7493857493857493,,,4.566334692192742,0.665710509880431,,,,,,,,,281.93359680175774,3.677393033118787,275.33351135253906,3.5913050020211252,,,,,,,,,,,,,,,,,,,"Jose De Leon","15463",592254
"Matt Wisler","ATL",7,10,,5.0979020979020975,35,21,0,,,143,,158,87,81,24,42,2,6,102,6.419580419580419,2.6433566433566433,2.4285714285714284,1.5104895104895104,,,,,1.3986013986013985,,0.6790865384615384,,,4.91987745645163,0.6632527156193058,,,,,,,,,412.2,2.8825174825174824,463,3.237762237762238,,,,,,,,,,,,,,,,,,,"Matt Wisler","12804",605538
"Austin Voth","WSN",7,8,,5.112,25,24,0,,,125,,138,76,71,19,54,1,7,92,6.624,3.888,1.7037037037037037,1.368,,,,,1.536,,0.7013301088270858,,,5.125639694213867,0.661918179030222,,,,,,,,,333.49999999999994,2.6679999999999997,379,3.032,,,,,,,,,,,,,,,,,,,"Austin Voth","15047",608723
"Joe Smith","HOU",5,3,,3.5084745762711864,64,0,0,,,59,,56,25,23,5,18,4,3,52,7.932203389830509,2.7457627118644066,2.888888888888889,0.7627118644067796,,,,,1.2542372881355932,,0.7313432835820896,,,3.5644193552308163,0.6603121763230789,,,,,,,,,270.5,4.584745762711864,271,4.593220338983051,,,,,,,,,,,,,,,,,,,"Joe Smith","3281",501925
"Pedro Strop","CHC",5,3,,3.3333333333333335,63,0,0,,,54,,42,21,20,5,23,2,4,64,10.666666666666666,3.8333333333333335,2.782608695652174,0.8333333333333334,,,,,1.2037037037037037,,0.7586206896551724,,,3.490973027547201,0.6600031632441699,,,,,,,,,275.90000000000003,5.10925925925926,252,4.666666666666667,,,,,,,,,,,,,,,,,,,"Pedro Strop","4070",467008
"Ricky Knapp","NYM",8,11,,5.117647058823529,27,26,0,,,153,,176,93,87,23,44,1,9,87,5.117647058823529,2.588235294117647,1.9772727272727273,1.3529411764705883,,,,,1.4379084967320261,,0.6762513312034079,,,5.013848844540664,0.6581277671422673,,,,,,,,,406.69999999999993,2.6581699346405223,481,3.1437908496732025,,,,,,,,,,,,,,,,,,,"Ricky Knapp","sa550202",595285
"Pedro Payano","TEX",6,7,,5.165217391304348,24,23,0,,,115,,122,71,66,13,72,0,7,83,6.495652173913044,5.6347826086956525,1.1527777777777777,1.017391304347826,,,,,1.6869565217391305,,0.6996587030716723,,,5.244596215952997,0.6576987077688884,,,,,,,,,302.90000000000003,2.633913043478261,335,2.9130434782608696,,,,,,,,,,,,,,,,,,,"Pedro Payano","18313",622797
"Edgar Olmos","BOS",5,5,,4.398187919560398,33,16,0,,,73.66670227050781,,74,39,36,8,36,1,4,62,7.574656972576241,4.398187919560398,1.7222222222222223,0.977375093235644,,,,,1.4932119479989006,,0.7186234817813766,,,4.515105101485595,0.6542214513490506,,,,,,,,,258.33359680175784,3.5067892119446853,268.33351135253906,3.642534592728272,,,,,,,,,,,,,,,,,,,"Edgar Olmos","10174",543607
"Matt Bowman","STL",5,3,,3.540983606557377,69,0,0,,,61,,58,26,24,4,20,2,3,49,7.229508196721311,2.9508196721311477,2.45,0.5901639344262295,,,,,1.278688524590164,,0.718232044198895,,,3.534688874541736,0.6525166478662177,,,,,,,,,280.4000000000001,4.596721311475411,282,4.622950819672131,,,,,,,,,,,,,,,,,,,"Matt Bowman","13528",621199
"Eric Skoglund","KCR",6,7,,5.025,25,24,0,,,120,,133,72,67,20,39,1,6,90,6.75,2.925,2.3076923076923075,1.5,,,,,1.4333333333333333,,0.6944444444444444,,,4.949306360880534,0.6509580549658156,,,,,,,,,341.2,2.8433333333333333,385,3.2083333333333335,,,,,,,,,,,,,,,,,,,"Eric Skoglund","16155",607215
"Chih-Wei Hu","TBR",5,5,,4.3426589644965725,33,12,0,,,95.33329772949219,,100,49,46,14,26,0,5,73,6.891610965396735,2.454546371237193,2.8076923076923075,1.3216788152815655,,,,,1.3216788152815655,,0.7236842105263157,,,4.510787052716423,0.6501317995666528,,,,,,,,,326.2664031982422,3.4223761368669074,347.66648864746094,3.646852641497445,,,,,,,,,,,,,,,,,,,"Chih-Wei Hu","16419",629496
"Aríel Miranda","SEA",7,8,,4.832923768768947,28,26,0,,,139.66700744628906,,139,80,75,25,52,0,5,118,7.603800062863145,3.3508271463464703,2.269230769230769,1.6109745895896492,,,,,1.367538429384991,,0.7115384615384616,,,5.019210331073017,0.6492422833622266,,,,,,,,,429.635855102539,3.076144201541381,438.3350372314453,3.1384293631408497,,,,,,,,,,,,,,,,,,,"Ariel Miranda","17526",664641
"Cam Bedrosian","LAA",6,5,,3.681820461855592,55,0,24.98430061340332,,,51.33330154418945,,46,22,21,6,19,1,0,59,10.344162249975236,3.3311708940598215,3.1052631578947367,1.051948703387312,,,,,1.2662345503736163,,0.7597173144876325,,,3.4888087304654287,0.6470157696140152,,,,,,,,,372.38793449401857,7.254314904593743,364.58801078796387,7.102368244795517,,,,,,,,,,,,,,,,,,,"Cam Bedrosian","13360",592135
"Phil Maton","SDP",4,3,,3.65625,63,0,3.6217000484466553,,,64,,57,28,26,9,19,0,3,76,10.6875,2.671875,4,1.265625,,,,,1.1875,,0.7570977917981073,,,3.6420146942138674,0.6464614839298912,,,,,,,,,318.8085002422333,4.981382816284896,307.1085002422333,4.798570316284895,,,,,,,,,,,,,,,,,,,"Phil Maton","18064",664208
"Marcus Walden","BOS",7,6,,4.717470245798573,30,12,0,,,89.66670227050781,,97,50,47,10,37,1,4,61,6.122674148802404,3.713753172224409,1.6486486486486487,1.0037170735741645,,,,,1.494423198432645,,0.7,,,4.618605656860707,0.6445092938929862,,,,,,,,,287.33359680175784,3.2044626324599923,317.33351135253906,3.5390340373531606,,,,,,,,,,,,,,,,,,,"Marcus Walden","8004",519393
"David Hernandez","CIN",3,2,,3.6964285714285716,63,0,1.7692999839782715,,,56,,52,25,23,7,18,1,2,62,9.964285714285714,2.892857142857143,3.4444444444444446,1.125,,,,,1.25,,0.7475083056478405,,,3.6397825513567246,0.6421442849707347,,,,,,,,,265.9464999198914,4.749044641426631,261.84649991989136,4.675830355712345,,,,,,,,,,,,,,,,,,,"David Hernandez","4259",456696
"Sam Gaviglio","KCR",7,9,,4.927512593969109,27,24,0,,,133.33299255371094,,150,78,73,22,36,1,7,85,5.737514664210606,2.4300062107244917,2.361111111111111,1.485003795442745,,,,,1.395003565415912,,0.6958762886597939,,,4.9951443905950415,0.637550699760491,,,,,,,,,367.064144897461,2.752988122947855,421.6649627685547,3.1624953036188255,,,,,,,,,,,,,,,,,,,"Sam Gaviglio","12778",543208
"Homer Bailey","CIN",7,10,,5.3834190783377975,21,21,0,,,108.66699981689453,,131,70,65,15,40,2,7,63,5.217775414388942,3.3128732789771065,1.575,1.242327479616415,,,,,1.5736148075141254,,0.6733333333333333,,,5.090149106950513,0.6367569853163081,,,,,,,,,264.03579864501955,2.429769838956847,333.33499908447266,3.0674905872633547,,,,,,,,,,,,,,,,,,,"Homer Bailey","8362",456701
"A.J. Minter","ATL",2,1,,3.3157894736842106,41,0,0,,,38,,30,15,14,4,15,0,1,52,12.31578947368421,3.5526315789473686,3.466666666666667,0.9473684210526315,,,,,1.1842105263157894,,0.7614213197969544,,,3.0523765363191306,0.6357919042108489,,,,,,,,,210,5.526315789473684,194,5.105263157894737,,,,,,,,,,,,,,,,,,,"A.J. Minter","18655",621345
"Shane Greene","DET",4,3,,3.65625,68,0,25.800800323486328,,,64,,57,28,26,6,28,2,4,67,9.421875,3.9375,2.392857142857143,0.84375,,,,,1.328125,,0.7441253263707572,,,3.7826396942138674,0.6349962960600712,,,,,,,,,418.60400161743155,6.540687525272368,409.00400161743164,6.390687525272369,,,,,,,,,,,,,,,,,,,"Shane Greene","10756",572888
"Luke Gregerson","STL",4,2,,3.335292246598498,59,0,19.296600341796875,,,56.66669845581055,,49,22,21,7,17,3,1,63,10.005876739795495,2.6999984853416414,3.7058823529411766,1.1117640821994994,,,,,1.1647052289709041,,0.7829181494661921,,,3.4929336237660973,0.6335356554201842,,,,,,,,,374.3165702819824,6.605582828755756,360.8164939880371,6.367346321921448,,,,,,,,,,,,,,,,,,,"Luke Gregerson","4090",502381
"Anthony Bass","CHC",4,4,,4.681449596642083,27,12,0,,,82.66670227050781,,84,46,43,11,36,2,4,71,7.7298353805020446,3.919353150677093,1.9722222222222223,1.1975801293735562,,,,,1.451612278028553,,0.7074569789674953,,,4.621348741225992,0.6332260807398976,,,,,,,,,280.03359680175777,3.3875017281494078,292.33351135253906,3.536290952987876,,,,,,,,,,,,,,,,,,,"Anthony Bass","7982",542914
"José Ureña","MIA",9,10,,4.625,32,25,0,,,144,,150,79,74,21,52,4,9,102,6.375,3.25,1.9615384615384615,1.3125,,,,,1.4027777777777777,,0.712630359212051,,,4.907639694213867,0.6321479656773552,,,,,,,,,438.3000000000002,3.043750000000001,468,3.25,,,,,,,,,,,,,,,,,,,"Jose Urena","11589",570632
"Shawn Morimando","CLE",9,10,,5.1098008786260705,26,25,0,,,142.66700744628906,,158,87,81,22,65,1,8,109,6.876151799632614,4.10045749519376,1.676923076923077,1.3878471522194267,,,,,1.5630803785097582,,0.7075962539021853,,,5.169317132026874,0.6279058994908759,,,,,,,,,373.335855102539,2.6168338551791073,426.3350372314453,2.9883225621869927,,,,,,,,,,,,,,,,,,,"Shawn Morimando","13606",596049
"Tommy Hunter","PHI",4,3,,3.6666666666666665,57,0,1.722599983215332,,,54,,51,24,22,6,13,1,1,47,7.833333333333333,2.1666666666666665,3.6153846153846154,1,,,,,1.1851851851851851,,0.7194244604316546,,,3.6391211756953488,0.6247324335767332,,,,,,,,,253.81299991607668,4.700240739186605,252.61299991607666,4.678018516964382,,,,,,,,,,,,,,,,,,,"Tommy Hunter","1157",488984
"Andrew Kittredge","TBR",4,3,,3.7241396456078837,49,2,0,,,77.33329772949219,,73,34,32,9,25,1,4,73,8.495693566542984,2.909484098131159,2.92,1.0474142753272173,,,,,1.2672419627415716,,0.7494145199063231,,,3.9076400395098996,0.6219649751335522,,,,,,,,,330.76640319824213,4.277153734672555,328.66648864746094,4.249999654703968,,,,,,,,,,,,,,,,,,,"Andrew Kittredge","12828",552640
"Merandy Gonzalez","MIA",8,9,,4.705700848240201,24,24,0,,,116.66699981689453,,118,65,61,14,67,0,7,102,7.868548959352467,5.168556669378582,1.5223880597014925,1.0799969159895544,,,,,1.585709757603711,,0.7255139056831922,,,4.871920513244906,0.6209218291437966,,,,,,,,,366.33579864501957,3.140012164707869,383.33499908447266,3.2857191809689614,,,,,,,,,,,,,,,,,,,"Merandy Gonzalez","17313",642571
"Matt Hall","DET",6,7,,5.1081219062592735,25,24,0,,,123.33300018310547,,128,75,70,16,71,0,8,99,7.224343838852401,5.181095076348692,1.3943661971830985,1.167570721430691,,,,,1.6135178719771355,,0.7021517553793885,,,5.1603478066679,0.6199982932577223,,,,,,,,,344.0642013549804,2.789717276350757,369.66500091552734,2.9972918875459675,,,,,,,,,,,,,,,,,,,"Matt Hall","18076",664180
"Jake Diekman","TEX",3,2,,3.6818181818181817,51,0,0,,,44,,36,19,18,3,25,2,2,52,10.636363636363637,5.113636363636363,2.08,0.6136363636363636,,,,,1.3863636363636365,,0.7394366197183099,,,3.521276057850231,0.614101510899807,,,,,,,,,218.10000000000002,4.956818181818182,204,4.636363636363637,,,,,,,,,,,,,,,,,,,"Jake Diekman","5003",518617
"David Phelps","SEA",4,3,,3.5895933969346654,56,0,0,,,57.66669845581055,,53,25,23,5,22,1,2,56,8.739879575145272,3.433524118807071,2.5454545454545454,0.7803463906379707,,,,,1.300577317729951,,0.7352941176470589,,,3.591165466790518,0.6140505546588744,,,,,,,,,267.4335685729981,4.637573777141585,263.33349227905273,4.56647422742335,,,,,,,,,,,,,,,,,,,"David Phelps","6316",475479
"Chris Lee","BAL",5,7,,5.303571428571429,25,20,0,,,112,,128,71,66,14,54,0,6,64,5.142857142857143,4.339285714285714,1.1851851851851851,1.125,,,,,1.625,,0.6834975369458128,,,5.246925408499582,0.6120298767055874,,,,,,,,,271.8,2.4267857142857143,326,2.9107142857142856,,,,,,,,,,,,,,,,,,,"Chris Lee","sa550044",595296
"Dayan Díaz","LAA",4,3,,3.75,43,0,0,,,60,,56,27,25,5,25,0,3,58,8.7,3.75,2.32,0.75,,,,,1.35,,0.7297297297297297,,,3.707639694213867,0.6108551271247776,,,,,,,,,268.9,4.4816666666666665,267,4.45,,,,,,,,,,,,,,,,,,,"Dayan Diaz","11543",500765
"Arodys Vizcaíno","ATL",4,3,,3.439492535131014,58,0,22.896400451660156,,,52.33330154418945,,44,21,20,5,24,2,1,61,10.490452232149593,4.127391042157217,2.5416666666666665,0.8598731337827535,,,,,1.2993638466050499,,0.7704918032786885,,,3.501588947726969,0.6078367707839346,,,,,,,,,372.8484336853028,7.124496691088277,358.14850997924805,6.843606258566218,,,,,,,,,,,,,,,,,,,"Arodys Vizcaino","5498",527055
"Hunter Strickland","SFG",4,3,,3.281769684938929,67,0,0,,,60.33330154418945,,54,24,22,5,21,2,2,58,8.651938260293539,3.132598335623523,2.761904761904762,0.7458567465770293,,,,,1.2430945776283822,,0.75,,,3.455982392844679,0.6050058004499742,,,,,,,,,291.56643142700193,4.832595332338181,283.66650772094727,4.701657301369188,,,,,,,,,,,,,,,,,,,"Hunter Strickland","7836",519326
"Nick Tepesch","TOR",6,6,,4.971121050444089,19,18,0,,,92.33329772949219,,104,55,51,14,28,1,6,56,5.458485859311156,2.729242929655578,2,1.364621464827789,,,,,1.429603439343398,,0.6850533807829181,,,5.020456296994659,0.5966393347077612,,,,,,,,,250.6664031982421,2.71479963742459,289.66648864746094,3.1371833972192085,,,,,,,,,,,,,,,,,,,"Nick Tepesch","11716",519344
"Jalen Beeks","BOS",9,9,,4.979234001206359,25,25,0,,,128.33299255371094,,135,76,71,21,60,0,7,114,7.9948264244721825,4.207803381301148,1.9,1.472731183455402,,,,,1.519484554358748,,0.7185990338164251,,,5.074527901251058,0.5964029468310915,,,,,,,,,367.3641448974611,2.8625853538302626,395.6649627685547,3.0831117929628102,,,,,,,,,,,,,,,,,,,"Jalen Beeks","17192",656222
"Sam Howard","COL",7,7,,5.487804878048781,24,24,0,,,123,,143,80,75,22,49,0,7,90,6.585365853658536,3.5853658536585367,1.836734693877551,1.6097560975609757,,,,,1.5609756097560976,,0.6947890818858561,,,5.3852819706366315,0.5956417186339916,,,,,,,,,279.8,2.2747967479674798,341,2.772357723577236,,,,,,,,,,,,,,,,,,,"Sam Howard","16265",607572
"Jake McGee","COL",2,1,,3.83225570662978,59,0,5.0366997718811035,,,51.66669845581055,,50,24,22,6,16,1,2,50,8.709672060522227,2.7870950593671124,3.125,1.045160647262667,,,,,1.2774185688765933,,0.7291666666666666,,,3.7769941518510035,0.5945507754719809,,,,,,,,,249.71706743240355,4.833230589447889,251.51699113845825,4.868067801033881,,,,,,,,,,,,,,,,,,,"Jake McGee","7550",459429
"Brandon Waddell","PIT",5,7,,4.926315789473684,21,20,0,,,95,,100,56,52,12,48,0,5,74,7.010526315789473,4.5473684210526315,1.5416666666666667,1.1368421052631579,,,,,1.5578947368421052,,0.701219512195122,,,4.915534431055972,0.594064850840343,,,,,,,,,284.4,2.9936842105263155,308,3.2421052631578946,,,,,,,,,,,,,,,,,,,"Brandon Waddell","18347",663399
"Brian Johnson","BOS",5,5,,4.861720710449879,21,21,0,,,103.66699981689453,,113,60,56,15,44,0,5,77,6.6848659768685845,3.8199234153534767,1.75,1.3022466188705035,,,,,1.514464586390141,,0.7132352941176471,,,4.97113868938168,0.5937061182157953,,,,,,,,,295.83579864501957,2.8537123594543097,330.33499908447266,3.186501004832188,,,,,,,,,,,,,,,,,,,"Brian Johnson","14272",598271
"Dan Jennings","TBR",2,2,,3.394287564025641,68,0,3.716399908065796,,,58.33330154418945,,55,24,22,3,26,4,1,48,7.4057183215104905,4.011430757484849,1.8461538461538463,0.46285739509440565,,,,,1.388572185283217,,0.7421875,,,3.569068489853339,0.5934592190252184,,,,,,,,,285.34843096733096,4.891690053770913,286.24850726127625,4.907119941504311,,,,,,,,,,,,,,,,,,,"Dan Jennings","8073",543359
"Juan Minaya","CHW",4,3,,3.8360655737704916,50,0,25.97570037841797,,,61,,56,28,26,5,27,1,4,59,8.704918032786885,3.9836065573770494,2.185185185185185,0.7377049180327869,,,,,1.360655737704918,,0.7236842105263158,,,3.8133773991319,0.5910366802380008,,,,,,,,,399.1785018920899,6.543909867083441,394.87850189208984,6.473418063804751,,,,,,,,,,,,,,,,,,,"Juan Minaya","10341",573668
"Taylor Rogers","MIN",5,4,,3.9295774647887325,71,0,0,,,71,,71,33,31,7,23,2,3,58,7.352112676056338,2.915492957746479,2.5217391304347827,0.8873239436619719,,,,,1.323943661971831,,0.7244655581947743,,,3.904118567453304,0.5892298836920684,,,,,,,,,292.69999999999993,4.122535211267604,302,4.253521126760563,,,,,,,,,,,,,,,,,,,"Taylor Rogers","13449",573124
"Carlos Estévez","COL",7,4,,3.994900136231477,70,0,0,,,65.33329772949219,,63,31,29,7,27,2,4,64,8.816331335131537,3.7193897820086166,2.3703703703703702,0.9642862397800117,,,,,1.3775517711143024,,0.7356608478802992,,,4.014783018462767,0.5874524268167741,,,,,,,,,268.5664031982422,4.110712493194849,270.66648864746094,4.1428566757511005,,,,,,,,,,,,,,,,,,,"Carlos Estevez","14542",608032
"Sean Gilmartin","STL",5,5,,4.722431542166892,27,16,0,,,87.66670227050781,,94,49,46,13,29,1,4,68,6.980985757985841,2.977185102670432,2.3448275862068964,1.3346002184384695,,,,,1.403041255281468,,0.7061068702290076,,,4.663342504759833,0.587138492565507,,,,,,,,,281.43359680175786,3.2102678612611126,306.33351135253906,3.4942971894540342,,,,,,,,,,,,,,,,,,,"Sean Gilmartin","12781",543219
"James Pazos","SEA",4,3,,3.521737044353933,53,0,0,,,53.66669845581055,,46,22,21,5,24,0,3,62,10.397509369044943,4.024842336404495,2.5833333333333335,0.8385088200842697,,,,,1.3043470534644195,,0.7619047619047619,,,3.567577339588399,0.5858086924722528,,,,,,,,,259.033568572998,4.826709598808051,246.33349227905273,4.590062354625468,,,,,,,,,,,,,,,,,,,"James Pazos","13323",572021
"Michael Mariot","SDP",4,4,,3.718560750721029,43,0,0,,,55.66669845581055,,52,25,23,5,22,1,2,56,9.05388704523381,3.5568841963418536,2.5454545454545454,0.8083827718958758,,,,,1.3293405582287736,,0.7313432835820896,,,3.6067412341560208,0.5852199575949424,,,,,,,,,255.23356857299805,4.585031547642584,253.33349227905273,4.550898460057847,,,,,,,,,,,,,,,,,,,"Michael Mariot","10835",592527
"Heath Hembree","BOS",3,2,,3.648646767772588,57,0,0,,,61.66669845581055,,59,27,25,8,20,1,1,66,9.632427466919632,2.9189174142180705,3.3,1.1675669656872283,,,,,1.2810804206845976,,0.7669616519174042,,,3.7252069692007144,0.5839891964907121,,,,,,,,,273.5335685729981,4.435677203782983,273.33349227905273,4.432432725013153,,,,,,,,,,,,,,,,,,,"Heath Hembree","11632",592390
"Alex McRae","PIT",7,9,,5.2811867950183995,26,25,0,,,136.33299255371094,,164,86,80,20,42,0,8,72,4.75306811551656,2.77262306738466,1.7142857142857142,1.3202966987545999,,,,,1.511006221908042,,0.6741573033707865,,,5.1087448157067765,0.5821401362741039,,,,,,,,,330.4641448974608,2.423948442027107,415.6649627685547,3.0488948785070913,,,,,,,,,,,,,,,,,,,"Alex McRae","16317",656725
"Buddy Baumann","SDP",2,2,,3.831083549733774,34,4,0,,,49.33330154418945,,45,22,21,5,20,1,3,50,9.121627499366129,3.6486509997464514,2.5,0.9121627499366128,,,,,1.3175684165751074,,0.7413793103448276,,,3.846829327499308,0.5819236497761188,,,,,,,,,217.566431427002,4.410133208541103,212.66650772094727,4.310810366714559,,,,,,,,,,,,,,,,,,,"Buddy Baumann","9309",571473
"Felix Jorge","MIN",7,9,,5.3125,26,26,0,,,144,,172,91,85,25,38,0,8,82,5.125,2.375,2.1578947368421053,1.5625,,,,,1.4583333333333333,,0.68,,,5.234028583102756,0.5809981844179426,,,,,,,,,336.90000000000015,2.3395833333333345,421,2.923611111111111,,,,,,,,,,,,,,,,,,,"Felix Jorge","14532",602928
"Alex Colomé","TBR",3,3,,3.5099981254587647,66,0,33.448001861572266,,,66.66670227050781,,63,28,26,7,20,3,3,62,8.369995529940132,2.6999985580452037,3.1,0.9449994953158213,,,,,1.2449993350986217,,0.7513661202185792,,,3.6976394058229083,0.5798229749390796,,,,,,,,,465.67360610961913,6.985100361198232,464.5735206604004,6.9685990882725815,,,,,,,,,,,,,,,,,,,"Alex Colome","6661",517008
"Luke Jackson","ATL",3,2,,4,55,3,0,,,72,,68,34,32,5,38,2,5,66,8.25,4.75,1.736842105263158,0.625,,,,,1.4722222222222223,,0.7272727272727273,,,4.018750805324979,0.5769484411092465,,,,,,,,,297.50000000000006,4.1319444444444455,298,4.138888888888889,,,,,,,,,,,,,,,,,,,"Luke Jackson","11752",592426
"Joe Palumbo","TEX",5,4,,4.430769230769231,25,6,0,,,65,,60,34,32,7,40,0,5,67,9.276923076923078,5.538461538461538,1.675,0.9692307692307692,,,,,1.5384615384615385,,0.7317073170731707,,,4.573024309598483,0.5760536683017075,,,,,,,,,237.89999999999998,3.6599999999999997,233,3.5846153846153848,,,,,,,,,,,,,,,,,,,"Joe Palumbo","17035",643478
"Kirby Yates","SDP",4,3,,3.5689655172413794,60,0,1.8107999563217163,,,58,,47,25,23,9,23,2,3,83,12.879310344827585,3.5689655172413794,3.608695652173913,1.396551724137931,,,,,1.206896551724138,,0.7839721254355401,,,3.6576396942138674,0.5754907496102302,,,,,,,,,293.35399978160865,5.057827582441528,270.0539997816086,4.656103444510493,,,,,,,,,,,,,,,,,,,"Kirby Yates","9073",489446
"Caleb Smith","MIA",6,6,,4.7292843099158075,27,19,0,,,104.66699981689453,,101,59,55,15,52,1,5,98,8.426724770395438,4.471323347556764,1.8846153846153846,1.2898048117952203,,,,,1.4617787867012495,,0.7121212121212122,,,4.781838346104145,0.5748535068524582,,,,,,,,,352.43579864501953,3.3672102884536113,353.33499908447266,3.375801348109723,,,,,,,,,,,,,,,,,,,"Caleb Smith","14875",592761
"DJ Baxendale","MIN",5,5,,4.917859018871478,32,13,0,,,93.33329772949219,,106,55,51,14,27,0,5,62,5.978573709216307,2.6035724217554885,2.2962962962962963,1.3500005149843273,,,,,1.4250005435945676,,0.6878306878306878,,,4.8076403236391565,0.5748242783342028,,,,,,,,,270.8664031982421,2.9021411413458673,312.66648864746094,3.349999370574711,,,,,,,,,,,,,,,,,,,"DJ Baxendale","sa577014",571474
"Matt Belisle","MIN",2,1,,3.5136963349849655,50,0,0,,,48.66669845581055,,47,20,19,4,15,4,2,41,7.582186828125452,2.7739707907776046,2.7333333333333334,0.7397255442073611,,,,,1.2739717705793443,,0.7446808510638298,,,3.5891462616681613,0.5735406500801866,,,,,,,,,219.73356857299808,4.515070377591292,222.33349227905273,4.568493432545706,,,,,,,,,,,,,,,,,,,"Matt Belisle","1837",279571
"Brett Kennedy","SDP",7,11,,5.0578512396694215,24,24,0,,,121,,129,73,68,20,50,0,7,102,7.586776859504132,3.71900826446281,2.04,1.487603305785124,,,,,1.4793388429752066,,0.7019867549668874,,,5.033672752065107,0.5730094918117239,,,,,,,,,347.00000000000006,2.8677685950413228,378,3.12396694214876,,,,,,,,,,,,,,,,,,,"Brett Kennedy","17877",664028
"Steve Cishek","CHC",5,3,,3.3311708940598215,57,0,2.006200075149536,,,51.33330154418945,,43,20,19,5,21,2,2,56,9.818187898281579,3.681820461855592,2.6666666666666665,0.8766239194894268,,,,,1.2467540188294068,,0.7719298245614035,,,3.586211388186476,0.5727266516489667,,,,,,,,,259.59743180274967,5.057095959029235,244.69750809669495,4.766837525267121,,,,,,,,,,,,,,,,,,,"Steve Cishek","6483",518553
"Trevor Gott","WSN",3,2,,3.8333333333333335,47,0,0,,,54,,54,25,23,3,22,2,3,42,7,3.6666666666666665,1.9090909090909092,0.5,,,,,1.4074074074074074,,0.7103064066852368,,,3.7131952497694227,0.5716282029209242,,,,,,,,,231.30000000000004,4.283333333333334,240,4.444444444444445,,,,,,,,,,,,,,,,,,,"Trevor Gott","15046",641627
"Thomas Pannone","TOR",5,7,,5.254068246438109,25,24,0,,,123.33300018310547,,135,77,72,23,46,1,7,103,7.516236519210073,3.3567658241132365,2.239130434782609,1.6783829120566183,,,,,1.4675715317982991,,0.6989247311827956,,,5.200888456717577,0.5709386861717697,,,,,,,,,325.7642013549803,2.641338497168939,364.66500091552734,2.9567512374962908,,,,,,,,,,,,,,,,,,,"Thomas Pannone","17281",623381
"Aaron West","SEA",3,3,,4.144183987690209,41,3,0,,,71.66670227050781,,79,35,33,7,17,2,4,44,5.525578650253611,2.134882660325259,2.588235294117647,0.8790693307221655,,,,,1.3395342182432999,,0.7076566125290022,,,4.078569469256136,0.5706611997479638,,,,,,,,,263.83359680175784,3.68139719623084,292.33351135253906,4.079070224957731,,,,,,,,,,,,,,,,,,,"Aaron West","sa658305",552676
"Chad Bell","DET",5,6,,5.021052631578947,31,13,0,,,95,,102,57,53,13,44,3,5,77,7.294736842105263,4.168421052631579,1.75,1.231578947368421,,,,,1.5368421052631578,,0.6964006259780908,,,4.862902852108604,0.5705952460923693,,,,,,,,,284.90000000000003,2.998947368421053,313,3.294736842105263,,,,,,,,,,,,,,,,,,,"Chad Bell","10297",518445
"Steven Wright","BOS",7,6,,4.573304790855373,18,16,0,,,102.33300018310547,,109,56,52,17,33,1,5,75,6.596112679118327,2.9022895788120637,2.272727272727273,1.4951188739334873,,,,,1.3876266673108182,,0.727580372250423,,,4.965463169231483,0.5699997891517072,,,,,,,,,300.76420135498046,2.9390734251592354,326.66500091552734,3.1921765249823846,,,,,,,,,,,,,,,,,,,"Steven Wright","8185",453214
"Trevor May","MIN",3,2,,3.857142857142857,48,0,0,,,49,,46,22,21,5,19,1,2,53,9.73469387755102,3.489795918367347,2.789473684210526,0.9183673469387755,,,,,1.3265306122448979,,0.7413793103448276,,,3.606619286050602,0.5681058020900235,,,,,,,,,224.5,4.581632653061225,223,4.551020408163265,,,,,,,,,,,,,,,,,,,"Trevor May","6398",543507
"Tyler Beede","SFG",6,7,,4.6880878279338125,19,19,0,,,103.66699981689453,,114,58,54,13,41,0,5,73,6.33760021183645,3.559474091579376,1.7804878048780488,1.1286137363544364,,,,,1.4951720438883558,,0.7090643274853801,,,4.710689365607578,0.5663324639354576,,,,,,,,,318.83579864501957,3.0755765982248398,357.33499908447266,3.4469503286062886,,,,,,,,,,,,,,,,,,,"Tyler Beede","16981",595881
"Mike Kickham","MIA",7,9,,4.84805291328785,24,22,0,,,120.66699981689453,,134,70,65,19,35,0,6,79,5.892248925380618,2.610490030231919,2.257142857142857,1.417123159268756,,,,,1.4005486193942678,,0.6952247191011236,,,4.914540920909635,0.566097841895561,,,,,,,,,345.83579864501945,2.866034617333704,391.33499908447266,3.243098773304232,,,,,,,,,,,,,,,,,,,"Mike Kickham","11618",592464
"Brock Stewart","LAD",4,5,,4.617098538441157,25,17,0,,,89.66670227050781,,89,49,46,17,30,1,4,90,9.033453662167481,3.0111512207224935,3,1.7063190250760798,,,,,1.3271370195036176,,0.7352941176470588,,,4.752434600003928,0.5659872778662128,,,,,,,,,301.0335968017579,3.3572506758818377,305.33351135253906,3.4052050942099386,,,,,,,,,,,,,,,,,,,"Brock Stewart","16727",592779
"Aaron Blair","ATL",7,9,,5.34375,26,26,0,,,128,,138,81,76,19,63,1,7,107,7.5234375,4.4296875,1.6984126984126984,1.3359375,,,,,1.5703125,,0.6880733944954128,,,5.056077194213867,0.5634885888400526,,,,,,,,,358.7,2.80234375,397,3.1015625,,,,,,,,,,,,,,,,,,,"Aaron Blair","14934",594760
"Tim Cooney","CLE",6,6,,4.86,18,18,0,,,100,,112,58,54,18,29,2,5,73,6.57,2.61,2.5172413793103448,1.62,,,,,1.41,,0.7167530224525044,,,5.057639694213867,0.5634696561061454,,,,,,,,,271.40000000000003,2.7140000000000004,310,3.1,,,,,,,,,,,,,,,,,,,"Tim Cooney","13762",608641
"Tony Barnette","TEX",2,1,,3.9754624486481185,48,0,0,,,54.33330154418945,,53,26,24,6,20,3,2,53,8.779146240764595,3.312885373873432,2.65,0.9938656121620296,,,,,1.3435590682931142,,0.7275541795665635,,,3.8570266064760363,0.5634484683167691,,,,,,,,,230.46643142700196,4.241715943573995,233.66650772094727,4.300613087737831,,,,,,,,,,,,,,,,,,,"Tony Barnette","3555",501817
"Ryan Helsley","STL",6,7,,4.938053097345133,23,22,0,,,113,,116,66,62,16,53,0,7,94,7.486725663716814,4.221238938053097,1.7735849056603774,1.2743362831858407,,,,,1.4955752212389382,,0.7025920873124147,,,4.927551198638646,0.5630566463685254,,,,,,,,,345.80000000000007,3.0601769911504433,365,3.230088495575221,,,,,,,,,,,,,,,,,,,"Ryan Helsley","18138",664854
"Trevor Clifton","CHC",7,7,,4.9411764705882355,22,22,0,,,102,,109,60,56,14,51,0,6,82,7.235294117647059,4.5,1.607843137254902,1.2352941176470589,,,,,1.5686274509803921,,0.7122507122507122,,,5.010580870684455,0.5620498405515953,,,,,,,,,292.2,2.864705882352941,321,3.1470588235294117,,,,,,,,,,,,,,,,,,,"Trevor Clifton","sa737901",641461
"Rob Kaminsky","CLE",7,9,,5.036697247706422,22,22,0,,,109,,121,65,61,13,51,0,6,64,5.284403669724771,4.2110091743119265,1.2549019607843137,1.073394495412844,,,,,1.5779816513761469,,0.6957087126137841,,,5.102593822654234,0.5607399292860231,,,,,,,,,289.1,2.6522935779816517,333,3.055045871559633,,,,,,,,,,,,,,,,,,,"Rob Kaminsky","15792",641739
"Brian Duensing","CHC",1,1,,3.5437521122408584,57,0,0,,,53.33330154418945,,50,22,21,5,17,2,2,48,8.100004827979104,2.868751709909266,2.823529411764706,0.84375050291449,,,,,1.2562507487837964,,0.75,,,3.6451399847866837,0.5599158746911775,,,,,,,,,242.16643142700195,4.540623295678673,240.66650772094727,4.512499709427184,,,,,,,,,,,,,,,,,,,"Brian Duensing","4064",488846
"Dan Straily","MIA",9,10,,4.681461262177024,30,30,0,,,165.33299255371094,,162,92,86,31,64,3,7,151,8.219775006845703,3.4838781485968546,2.359375,1.6875034782266014,,,,,1.3669383013591825,,0.7338444687842278,,,5.056837157164236,0.5589757405147697,,,,,,,,,509.96414489746104,3.084466911416918,512.6649627685547,3.1008025370496313,,,,,,,,,,,,,,,,,,,"Dan Straily","9460",573185
"Matt Garza","MIL",6,8,,5.241191877390602,23,21,0,,,113.33300018310547,,126,71,66,19,42,3,2,80,6.352959851382548,3.3353039219758376,1.9047619047619047,1.5088279647033551,,,,,1.482357298655928,,0.6859971711456859,,,5.089998315676059,0.556288559909114,,,,,,,,,305.3642013549804,2.694397932302343,347.66500091552734,3.0676413785378083,,,,,,,,,,,,,,,,,,,"Matt Garza","3340",490063
"Gregory Infante","CHW",2,2,,3.6315789473684212,56,0,0,,,57,,51,25,23,4,28,2,3,54,8.526315789473685,4.421052631578948,1.9285714285714286,0.631578947368421,,,,,1.3859649122807018,,0.7356948228882834,,,3.806762501231411,0.5559996130253116,,,,,,,,,254.99999999999997,4.473684210526315,248,4.350877192982456,,,,,,,,,,,,,,,,,,,"Gregory Infante","9119",500872
"Scott Oberg","COL",2,1,,4.232430250616202,66,0,0,,,61.66669845581055,,61,31,29,6,26,2,3,56,8.172968759810598,3.7945926384834916,2.1538461538461537,0.8756752242654211,,,,,1.410810083538734,,0.712468193384224,,,4.0170987106225216,0.5529754061264363,,,,,,,,,248.93356857299804,4.036758490506512,255.33349227905273,4.140540983591346,,,,,,,,,,,,,,,,,,,"Scott Oberg","13911",623184
"Kazuhisa Makita","SDP",3,3,,3.644173911260775,48,0,0,,,54.33330154418945,,58,24,22,4,9,0,3,31,5.13497232950382,1.4907984182430445,3.4444444444444446,0.6625770747746864,,,,,1.2331295558306663,,0.7003257328990228,,,3.636167581551141,0.5526766198854073,,,,,,,,,228.066431427002,4.197544138589016,245.66650772094727,4.521472112662726,,,,,,,,,,,,,,,,,,,"Kazuhisa Makita","19757",628318
"Brandon Maurer","KCR",4,4,,4.078125,68,0,1.0326999425888062,,,64,,64,31,29,7,19,3,1,56,7.875,2.671875,2.9473684210526314,0.984375,,,,,1.296875,,0.7103825136612022,,,3.7670146942138674,0.5521341949370813,,,,,,,,,278.26349971294405,4.347867183014751,286.16349971294403,4.4713046830147505,,,,,,,,,,,,,,,,,,,"Brandon Maurer","4878",543506
"Tony Zych","SEA",4,3,,3.398599132058249,47,0,0,,,47.66669845581055,,42,19,18,4,17,1,4,49,9.251742081714122,3.209788069166124,2.8823529411764706,0.7552442515684997,,,,,1.237761412292819,,0.7490636704119851,,,3.5142828130101034,0.5492251905697443,,,,,,,,,229.3335685729981,4.811190537679088,221.33349227905273,4.643356881203764,,,,,,,,,,,,,,,,,,,"Tony Zych","12876",543964
"Zach Hedges","CHC",9,10,,5.066666666666666,24,24,0,,,135,,162,81,76,19,43,1,8,65,4.333333333333333,2.8666666666666667,1.5116279069767442,1.2666666666666666,,,,,1.5185185185185186,,0.695067264573991,,,5.157639694213867,0.5435295406886125,,,,,,,,,321.09999999999997,2.3785185185185185,405,3,,,,,,,,,,,,,,,,,,,"Zach Hedges","sa829393",656522
"Josh Smoker","PIT",3,2,,3.9295774647887325,62,0,0,,,71,,68,33,31,9,28,4,3,79,10.014084507042254,3.5492957746478875,2.8214285714285716,1.1408450704225352,,,,,1.352112676056338,,0.7553956834532374,,,3.8900340604110504,0.5416633899125725,,,,,,,,,302.9,4.266197183098591,303,4.267605633802817,,,,,,,,,,,,,,,,,,,"Josh Smoker","10285",519294
"Onelki Garcia","KCR",4,5,,4.631797093182829,23,10,0,,,79.66670227050781,,85,44,41,9,35,2,4,58,6.552298326941563,3.9539731283268056,1.6571428571428573,1.0167359472840358,,,,,1.5062754774578306,,0.7076350093109869,,,4.638810580380734,0.5401920834385303,,,,,,,,,256.8335968017579,3.2238512387481655,280.33351135253906,3.5188291138331333,,,,,,,,,,,,,,,,,,,"Onelki Garcia","13674",607162
"Odrisamer Despaigne","MIA",5,6,,4.812703353654552,33,17,0,,,110.33300018310547,,115,63,59,13,46,2,6,74,6.036272002888761,3.752277190984905,1.608695652173913,1.0604261626696472,,,,,1.4592189076052409,,0.6862745098039215,,,4.761874145432051,0.53939734097484,,,,,,,,,349.5642013549806,3.1682651679448024,374.66500091552734,3.395765548781816,,,,,,,,,,,,,,,,,,,"Odrisamer Despaigne","16017",628333
"D.J. Snelten","SFG",5,4,,3.5048094920867365,53,0,0,,,69.33329772949219,,67,29,27,4,28,1,4,57,7.399042261071999,3.6346172510529122,2.0357142857142856,0.5192310358647018,,,,,1.3701930113096294,,0.7382550335570469,,,3.648024561419419,0.537953464094991,,,,,,,,,307.6664031982423,4.437498478705287,312.66648864746094,4.5096151327944485,,,,,,,,,,,,,,,,,,,"D.J. Snelten","15949",592769
"Oliver Drake","MIL",4,3,,3.9940850941161963,59,0,0,,,56.33330154418945,,50,27,25,6,28,1,2,67,10.704148052231407,4.47337530541014,2.392857142857143,0.9585804225878871,,,,,1.3846161659602814,,0.7327586206896552,,,3.7611903306580925,0.5367195875602931,,,,,,,,,257.066431427002,4.563312008712142,247.66650772094727,4.396449363555774,,,,,,,,,,,,,,,,,,,"Oliver Drake","8823",543118
"Jake Petricka","TOR",2,1,,3.6719971984884654,39,0,0,,,41.66669845581055,,42,18,17,3,13,1,1,33,7.127994561771727,2.80799785766765,2.5384615384615383,0.6479995056156116,,,,,1.3199989929206901,,0.7283464566929134,,,3.5176394195558736,0.5360513134936389,,,,,,,,,186.23356857299808,4.469602235716069,193.33349227905273,4.640000274657994,,,,,,,,,,,,,,,,,,,"Jake Petricka","10534",502593
"Ranger Suarez","PHI",6,8,,5.202675082449062,21,21,0,,,100.33300018310547,,106,62,58,16,48,0,6,85,7.624610034623625,4.305662137199223,1.7708333333333333,1.4352207123997411,,,,,1.534888817427501,,0.6990881458966566,,,5.151001794769064,0.5354794490204068,,,,,,,,,278.0642013549806,2.7714132025108356,301.66500091552734,3.006637899444804,,,,,,,,,,,,,,,,,,,"Ranger Suarez","17277",624133
"Chasen Shreve","NYY",4,3,,3.8117625675411406,55,0,0,,,56.66669845581055,,47,26,24,8,26,2,2,74,11.75293458325185,4.129409448169569,2.8461538461538463,1.2705875225137135,,,,,1.2882345714375152,,0.7605177993527509,,,3.8635216511659305,0.5342419467193377,,,,,,,,,262.7335685729981,4.636472138532674,243.33349227905273,4.294118043047937,,,,,,,,,,,,,,,,,,,"Chasen Shreve","10855",592741
"James Buckelew","MIA",5,5,,4.4021739130434785,35,9,0,,,92,,96,48,45,7,44,0,6,59,5.771739130434782,4.304347826086956,1.3409090909090908,0.6847826086956522,,,,,1.5217391304347827,,0.7066052227342551,,,4.494596215952997,0.5321500243391687,,,,,,,,,313.1,3.4032608695652176,337,3.6630434782608696,,,,,,,,,,,,,,,,,,,"James Buckelew","sa550261",595145
"Tyler Lyons","STL",4,3,,3.617223031765059,53,0,3.859299898147583,,,69.66670227050781,,62,30,28,10,19,1,4,77,9.947363337353913,2.45454420012629,4.052631578947368,1.2918653684875212,,,,,1.162678831638769,,0.7611940298507462,,,3.803572378457628,0.5314100174521076,,,,,,,,,335.63009629249575,4.8176544224711915,322.630010843277,4.63105042047981,,,,,,,,,,,,,,,,,,,"Tyler Lyons","11334",544928
"Grant Holmes","OAK",9,12,,5.202426052091813,28,24,0,,,136.66700744628906,,145,85,79,20,68,1,8,115,7.573151847981753,4.478037614458776,1.6911764705882353,1.3170698866055222,,,,,1.558532699149868,,0.6918918918918919,,,5.0454398650151155,0.5287822792573582,,,,,,,,,390.33585510253897,2.8561088912109476,425.3350372314453,3.1121998291987514,,,,,,,,,,,,,,,,,,,"Grant Holmes","16944",656550
"Clay Holmes","PIT",7,9,,5.015464356937214,25,24,0,,,107.66699981689453,,113,64,60,12,63,0,6,80,6.687285809249618,5.266237574784074,1.2698412698412698,1.0030928713874427,,,,,1.6346698644832398,,0.7035175879396985,,,5.043082776543968,0.5285821432042119,,,,,,,,,308.33579864501957,2.8637911260590094,335.33499908447266,3.1145569176698995,,,,,,,,,,,,,,,,,,,"Clay Holmes","13649",605280
"Luis Cessa","NYY",7,8,,5.2132414686520185,25,20,0,,,115.66699981689453,,124,72,67,22,40,0,6,93,7.236290396785638,3.112382966359414,2.325,1.7118106314976778,,,,,1.4178633513415109,,0.6906906906906908,,,5.215270655307036,0.5251102715249788,,,,,,,,,310.9357986450195,2.688198009261442,340.33499908447266,2.9423690389068318,,,,,,,,,,,,,,,,,,,"Luis Cessa","13345",570666
"Brian Clark","CHW",3,2,,3.717391304347826,35,0,0,,,46,,46,20,19,3,16,0,2,35,6.8478260869565215,3.130434782608696,2.1875,0.5869565217391305,,,,,1.3478260869565217,,0.726643598615917,,,3.6576396942138674,0.5248792430198342,,,,,,,,,199.89999999999998,4.345652173913043,207,4.5,,,,,,,,,,,,,,,,,,,"Brian Clark","sa827463",656311
"Robbie Erlin","SDP",4,5,,4.941961929203203,15,14,0,,,74.66670227050781,,83,44,41,12,22,0,3,54,6.508925467731048,2.651784449816353,2.4545454545454546,1.4464278817180107,,,,,1.406249329448066,,0.691609977324263,,,4.804960337281602,0.5244012707595322,,,,,,,,,222.13359680175785,2.975002110003419,250.33351135253906,3.3526793569322657,,,,,,,,,,,,,,,,,,,"Robbie Erlin","10354",572362
"Yovani Gallardo","MIL",7,8,,5.090163934426229,25,22,0,,,122,,130,74,69,19,58,1,1,91,6.713114754098361,4.278688524590164,1.5689655172413792,1.401639344262295,,,,,1.540983606557377,,0.7063197026022304,,,5.141246251590917,0.5241171984547186,,,,,,,,,336.10000000000014,2.7549180327868865,368,3.0163934426229506,,,,,,,,,,,,,,,,,,,"Yovani Gallardo","8173",451596
"Kelvin Herrera","KCR",4,3,,3.9,65,0,30.981000900268555,,,60,,58,28,26,7,21,1,2,62,9.3,3.15,2.9523809523809526,1.05,,,,,1.3166666666666667,,0.7369942196531791,,,3.7576396942138675,0.523971315526217,,,,,,,,,417.00500450134274,6.950083408355712,418.9050045013428,6.981750075022379,,,,,,,,,,,,,,,,,,,"Kelvin Herrera","6033",516969
"Ryan Tepera","TOR",4,3,,3.7241359715239577,64,0,1.752500057220459,,,67.66670227050781,,59,30,28,8,27,3,5,72,9.576349641061606,3.591131115398102,2.6666666666666665,1.064038849006845,,,,,1.270935291869287,,0.7486631016042781,,,3.9852254656636354,0.5220638396620338,,,,,,,,,305.69609708786015,4.517673934600714,291.09601163864136,4.30190923853421,,,,,,,,,,,,,,,,,,,"Ryan Tepera","10291",572193
"Rubby De La Rosa","ARI",7,7,,5.057142857142857,27,18,0,,,105,,107,63,59,21,43,2,3,107,9.17142857142857,3.6857142857142855,2.488372093023256,1.8,,,,,1.4285714285714286,,0.7213930348258707,,,5.033830170404343,0.5213504716791085,,,,,,,,,316.50000000000006,3.0142857142857147,328,3.123809523809524,,,,,,,,,,,,,,,,,,,"Rubby De La Rosa","3862",523989
"Corey Taylor","NYM",6,5,,3.8167520209746733,47,0,0,,,63.66669845581055,,67,29,27,4,20,2,3,41,5.795808624443022,2.8272237192404988,2.05,0.5654447438480997,,,,,1.3664914642995742,,0.7125307125307124,,,3.770204833382642,0.5198878585521177,,,,,,,,,260.733568572998,4.095289608176661,279.33349227905273,4.387434860831226,,,,,,,,,,,,,,,,,,,"Corey Taylor","sa827144",664219
"Michael Blazek","ARI",4,3,,4.441558441558442,35,10,0,,,77,,78,41,38,10,35,1,3,65,7.597402597402597,4.090909090909091,1.8571428571428572,1.1688311688311688,,,,,1.4675324675324675,,0.7272727272727273,,,4.638159174733348,0.519646717081887,,,,,,,,,260.00000000000006,3.3766233766233773,271,3.5194805194805197,,,,,,,,,,,,,,,,,,,"Michael Blazek","9654",518468
"Tyler Herb","SFG",6,8,,4.873158580440433,25,24,0,,,136.66700744628906,,148,79,74,17,61,0,8,98,6.453642444367059,4.017063154146843,1.6065573770491803,1.119509403614694,,,,,1.529264479447523,,0.7019438444924406,,,4.855196436949874,0.5182634893543709,,,,,,,,,406.43585510253894,2.9739134755128855,451.3350372314453,3.3024432572639935,,,,,,,,,,,,,,,,,,,"Tyler Herb","sa829625",600355
"Buck Farmer","DET",7,10,,5.538461538461538,30,27,0,,,143,,161,94,88,28,50,1,8,117,7.363636363636363,3.1468531468531467,2.34,1.7622377622377623,,,,,1.4755244755244756,,0.6810244470314318,,,5.283513820087993,0.5179870628586382,,,,,,,,,355.19999999999993,2.4839160839160837,411,2.874125874125874,,,,,,,,,,,,,,,,,,,"Buck Farmer","14814",571656
"Matt Grace","WSN",3,2,,4.099474392898723,51,1,0,,,63.66669845581055,,67,31,29,5,23,3,3,44,6.2198921823290965,3.2513072771265734,1.9130434782608696,0.7068059298101247,,,,,1.4136118596202494,,0.7108433734939759,,,4.0215136084262415,0.5161546502858877,,,,,,,,,245.43356857299798,3.8549755920412183,263.33349227905273,4.136126085787626,,,,,,,,,,,,,,,,,,,"Matt Grace","11449",594840
"Chaz Roe","TBR",3,3,,3.6,44,0,0,,,50,,43,21,20,5,21,1,2,57,10.26,3.78,2.7142857142857144,0.9,,,,,1.28,,0.7543859649122807,,,3.5576396942138673,0.5158686516734202,,,,,,,,,241.7,4.834,230,4.6,,,,,,,,,,,,,,,,,,,"Chaz Roe","9866",475054
"Grant Dayton","ATL",3,2,,3.6,46,0,0,,,50,,42,21,20,7,18,2,2,64,11.52,3.24,3.5555555555555554,1.26,,,,,1.2,,0.7768924302788844,,,3.6176396942138673,0.5153738859578495,,,,,,,,,242.7,4.854,227,4.54,,,,,,,,,,,,,,,,,,,"Grant Dayton","11203",594795
"Diego Castillo","TBR",5,4,,3.7285714285714286,50,0,0,,,70,,66,31,29,8,23,1,3,68,8.742857142857142,2.9571428571428573,2.9565217391304346,1.0285714285714285,,,,,1.2714285714285714,,0.7455012853470437,,,3.8147825513567244,0.5148975405326086,,,,,,,,,306,4.371428571428571,304,4.3428571428571425,,,,,,,,,,,,,,,,,,,"Diego Castillo","17496",650895
"George Kontos","PIT",4,3,,3.7087892653972157,60,0,2.937000036239624,,,60.66669845581055,,57,27,25,7,18,3,1,54,8.010984813257986,2.6703282710859955,3,1.0384609943112204,,,,,1.2362630884657386,,0.7361963190184049,,,3.816980008062261,0.5123334945854252,,,,,,,,,280.3185687541961,4.620633327498107,278.01849246025085,4.582720001859978,,,,,,,,,,,,,,,,,,,"George Kontos","9486",502004
"Donnie Hart","BAL",2,2,,3.943822337709029,63,0,0,,,59.33330154418945,,60,28,26,6,18,2,4,46,6.9775318282544365,2.7303385414908665,2.5555555555555554,0.9101128471636222,,,,,1.3146074459030097,,0.7183908045977012,,,4.034044658149207,0.5108913978198887,,,,,,,,,235.26643142700203,3.965166699038035,244.66650772094727,4.1235950360646605,,,,,,,,,,,,,,,,,,,"Donnie Hart","15306",643354
"Trevor Cahill","KCR",4,4,,4.5183653770877985,36,11,0,,,81.66670227050781,,81,44,41,11,40,1,4,79,8.706118653413075,4.408161343500291,1.975,1.2122443694625802,,,,,1.4816320071209312,,0.7291666666666667,,,4.590292130851462,0.5099480084810221,,,,,,,,,284.43359680175786,3.4828588505951585,291.33351135253906,3.5673475633624054,,,,,,,,,,,,,,,,,,,"Trevor Cahill","6249",502239
"Enny Romero","WSN",3,3,,4.1086977817171455,61,0,0,,,61.33330154418945,,56,30,28,7,28,1,2,67,9.83152683482317,4.1086977817171455,2.392857142857143,1.0271744454292864,,,,,1.3695659272390486,,0.7277628032345013,,,3.9239444392166685,0.5068352642384782,,,,,,,,,266.16643142700195,4.339672326871793,259.66650772094727,4.233695254997199,,,,,,,,,,,,,,,,,,,"Enny Romero","4001",544836
"Justin Nicolino","MIA",8,10,,4.80563211471778,33,25,0,,,142.33299255371094,,164,81,76,21,39,3,7,76,4.80563211471778,2.466048058868335,1.9487179487179487,1.3278720316983341,,,,,1.4262329229352477,,0.7027649769585254,,,4.97731618209677,0.5061779695325653,,,,,,,,,382.56414489746095,2.6878107319572875,452.6649627685547,3.1803235121170976,,,,,,,,,,,,,,,,,,,"Justin Nicolino","11754",592593
"Brandon Kintzler","WSN",3,2,,3.7241379310344827,60,0,1.995300054550171,,,58,,62,26,24,5,13,1,2,34,5.275862068965517,2.0172413793103448,2.6153846153846154,0.7758620689655172,,,,,1.293103448275862,,0.7205882352941176,,,3.88177762524835,0.5060615436930855,,,,,,,,,239.47650027275088,4.128905177116395,257.97650027275085,4.447870694357773,,,,,,,,,,,,,,,,,,,"Brandon Kintzler","9939",445213
"Sam Tuivailala","STL",2,1,,3.4,43,0,0,,,45,,38,18,17,4,21,2,2,53,10.6,4.2,2.5238095238095237,0.8,,,,,1.3111111111111111,,0.7677902621722846,,,3.490973027547201,0.5043242360594777,,,,,,,,,222,4.933333333333334,210,4.666666666666667,,,,,,,,,,,,,,,,,,,"Sam Tuivailala","13485",592815
"AJ Ramos","NYM",3,2,,3.453490286921505,61,0,1.1805000305175781,,,57.33330154418945,,45,24,22,5,34,2,3,72,11.302331848106743,5.337212261605962,2.1176470588235294,0.7848841561185239,,,,,1.3779077407414086,,0.7638888888888888,,,3.7157795385648176,0.50321623529151,,,,,,,,,284.66893157958987,4.965158536355738,260.56900787353516,4.544810796788014,,,,,,,,,,,,,,,,,,,"AJ Ramos","8350",573109
"Ryan Weber","TBR",4,4,,4.5183653770877985,30,9,0,,,81.66670227050781,,92,44,41,12,13,1,4,48,5.2897936122003495,1.4326524366375946,3.6923076923076925,1.3224484030500874,,,,,1.285713725187585,,0.691609977324263,,,4.516822775126457,0.5031498855177143,,,,,,,,,262.53359680175777,3.2146957021988896,297.33351135253906,3.6408169190874102,,,,,,,,,,,,,,,,,,,"Ryan Weber","10160",543901
"Will Smith","SFG",2,2,,3.1764680425916056,48,0,0,,,39.66669845581055,,34,15,14,3,19,2,1,48,10.890747574599791,4.310920914945751,2.526315789473684,0.6806717234124869,,,,,1.3361333829948818,,0.778688524590164,,,3.2332698857041438,0.5026203498555316,,,,,,,,,204.233568572998,5.148741299972773,195.33349227905273,4.924369808509724,,,,,,,,,,,,,,,,,,,"Will Smith","8048",519293
"Cionel Pérez","HOU",5,5,,4.927754652695888,21,16,0,,,87.66670227050781,,96,51,48,12,34,0,5,60,6.159693315869859,3.4904928789929204,1.7647058823529411,1.231938663173972,,,,,1.4828891315982995,,0.6978798586572438,,,4.902886133710328,0.5025496360791363,,,,,,,,,254.53359680175777,2.9034238794150022,285.33351135253906,3.25475356050354,,,,,,,,,,,,,,,,,,,"Cionel Perez","19614",672335
"Austin House","COL",6,4,,4.187167910799195,50,0,0,,,62.33330154418945,,65,31,29,5,27,1,3,48,6.93048481787453,3.898397710054423,1.7777777777777777,0.7219255018619302,,,,,1.4759365815843906,,0.7176470588235294,,,4.104164241099509,0.5020129463065165,,,,,,,,,236.76643142700198,3.7983938851554817,252.66650772094727,4.053475453114358,,,,,,,,,,,,,,,,,,,"Austin House","sa502193",572934
"Gregory Soto","DET",6,7,,5.22,22,22,0,,,100,,99,62,58,9,77,0,7,84,7.56,6.93,1.0909090909090908,0.81,,,,,1.76,,0.6976744186046512,,,5.167639694213867,0.5017532810457044,,,,,,,,,287.8999999999999,2.878999999999999,299,2.99,,,,,,,,,,,,,,,,,,,"Gregory Soto","19677",642397
"Nick Rumbelow","SEA",4,3,,3.5217391304347827,34,0,0,,,46,,41,19,18,5,16,0,2,50,9.782608695652174,3.130434782608696,3.125,0.9782608695652174,,,,,1.2391304347826086,,0.76,,,3.570683172474737,0.5012812507332515,,,,,,,,,218.3,4.745652173913044,211,4.586956521739131,,,,,,,,,,,,,,,,,,,"Nick Rumbelow","14867",592705
"David Hale","NYY",5,5,,5.196228509498427,20,16,0,,,88.33329772949219,,103,55,51,15,25,1,4,55,5.603775843576735,2.5471708379894253,2.2,1.528302502793655,,,,,1.4490571878339842,,0.6822429906542056,,,5.1048102903657835,0.5005752033735451,,,,,,,,,224.36640319824215,2.5399980411161764,269.66648864746094,3.052829403848084,,,,,,,,,,,,,,,,,,,"David Hale","9756",571735
"Cory Mazzoni","CHC",1,1,,3.7933914195536933,30,0,0,,,40.33330154418945,,39,18,17,5,10,0,2,44,9.818189556491912,2.2314067173845253,4.4,1.1157033586922627,,,,,1.2148769905760195,,0.7380952380952381,,,3.4799539978360765,0.4993229617602799,,,,,,,,,187.56643142700196,4.650411056022846,188.66650772094727,4.67768569637779,,,,,,,,,,,,,,,,,,,"Cory Mazzoni","12537",543508
"Shawn Armstrong","SEA",2,2,,3.740966004616384,53,0,0,,,55.33330154418945,,46,25,23,5,29,1,2,63,10.246993838731834,4.716870179733701,2.1724137931034484,0.8132534792644313,,,,,1.3554224654407188,,0.7352941176470589,,,3.735953279468574,0.4982408623789132,,,,,,,,,261.3664314270019,4.723492438243059,244.66650772094727,4.4216864147452934,,,,,,,,,,,,,,,,,,,"Shawn Armstrong","12857",542888
"Christian Friedrich","SDP",4,7,,5.228871272874273,29,16,0,,,94.66670227050781,,101,59,55,14,43,2,3,80,7.605630942362579,4.088026631519886,1.8604651162790697,1.3309854149134512,,,,,1.5211261884725158,,0.6832797427652733,,,4.8477799036277744,0.49802073555840354,,,,,,,,,287.7335968017578,3.0394382597121217,313.33351135253906,3.309859790586094,,,,,,,,,,,,,,,,,,,"Christian Friedrich","7942",543184
"Cody Stashak","MIN",5,6,,5.138410203603536,23,18,0,,,96.33329772949219,,108,59,55,15,33,0,6,64,5.979240964193205,3.0830461221621217,1.9393939393939394,1.4013846009827826,,,,,1.4636683610264618,,0.6833333333333333,,,5.06767500222003,0.4974835569767625,,,,,,,,,258.5664031982422,2.684081302026088,297.66648864746094,3.089964691993837,,,,,,,,,,,,,,,,,,,"Cody Stashak","18088",664054
"Alex Wilson","DET",4,3,,3.898397710054423,61,0,5.482699871063232,,,62.33330154418945,,64,29,27,6,16,3,2,41,5.919789115267828,2.310161605958177,2.5625,0.8663106022343162,,,,,1.2834231144212092,,0.7122905027932962,,,3.959779140727123,0.49731938736098635,,,,,,,,,276.4799307823181,4.435509172995038,289.0800070762634,4.63764953748404,,,,,,,,,,,,,,,,,,,"Alex Wilson","9239",543935
"Lisalverto Bonilla","CLE",5,6,,4.891304347826087,30,11,0,,,92,,96,54,50,14,41,1,5,83,8.119565217391305,4.010869565217392,2.024390243902439,1.3695652173913044,,,,,1.4891304347826086,,0.706984667802385,,,4.831552737692128,0.4958859753853281,,,,,,,,,287,3.119565217391304,306,3.3260869565217392,,,,,,,,,,,,,,,,,,,"Lisalverto Bonilla","11266",570810
"Brad Ziegler","MIA",3,2,,3.306122448979592,52,0,25.178199768066406,,,49,,47,19,18,2,17,5,3,33,6.061224489795919,3.122448979591837,1.9411764705882353,0.3673469387755102,,,,,1.3061224489795917,,0.7352941176470588,,,3.56580295951999,0.4932463005255152,,,,,,,,,347.69099884033204,7.095734670210858,350.89099884033203,7.161040792659837,,,,,,,,,,,,,,,,,,,"Brad Ziegler","7293",446899
"Hiram Burgos","MIL",6,7,,5.032258064516129,21,19,0,,,93,,96,56,52,16,41,0,5,85,8.225806451612904,3.967741935483871,2.073170731707317,1.5483870967741935,,,,,1.4731182795698925,,0.7068062827225131,,,5.050112812493437,0.4914884036454418,,,,,,,,,273.80000000000007,2.944086021505377,289,3.10752688172043,,,,,,,,,,,,,,,,,,,"Hiram Burgos","9412",572744
"TJ House","TOR",7,9,,5.223214285714286,25,20,0,,,112,,126,70,65,15,57,1,7,80,6.428571428571429,4.580357142857143,1.4035087719298245,1.2053571428571428,,,,,1.6339285714285714,,0.6975308641975309,,,5.184425408499582,0.490960273368347,,,,,,,,,284.70000000000005,2.541964285714286,333,2.9732142857142856,,,,,,,,,,,,,,,,,,,"TJ House","9121",543334
"Julian Merryweather","CLE",7,8,,5.2105263157894735,23,22,0,,,114,,130,71,66,22,35,0,7,91,7.184210526315789,2.763157894736842,2.6,1.736842105263158,,,,,1.4473684210526316,,0.7004470938897169,,,5.17518355386299,0.4905220081288292,,,,,,,,,290.9999999999999,2.5526315789473673,340,2.982456140350877,,,,,,,,,,,,,,,,,,,"Julian Merryweather","16703",657240
"Jeremy Jeffress","MIL",4,3,,3.675390835012648,60,0,0,,,63.66669845581055,,62,28,26,5,27,4,3,53,7.492142855987321,3.8167520209746733,1.962962962962963,0.7068059298101247,,,,,1.3979050611800243,,0.7439024390243902,,,3.927272817784892,0.48939391754387007,,,,,,,,,264.43356857299796,4.153404762405493,269.33349227905273,4.230366876428976,,,,,,,,,,,,,,,,,,,"Jeremy Jeffress","9490",502026
"Luis Avilán","CHW",3,3,,3.9056603773584904,65,0,1.6234999895095825,,,53,,49,25,23,5,24,5,2,53,9,4.0754716981132075,2.2083333333333335,0.8490566037735849,,,,,1.3773584905660377,,0.7272727272727273,,,3.8557529017610372,0.4881468710556195,,,,,,,,,239.41749994754795,4.517311319765056,236.1174999475479,4.455047168821658,,,,,,,,,,,,,,,,,,,"Luis Avilan","2882",501593
"Jen-Ho Tseng","CHC",8,9,,5.100768802806548,25,24,0,,,132.33299255371094,,150,80,75,24,43,1,7,97,6.596994318296469,2.9244407802757544,2.255813953488372,1.6322460168980955,,,,,1.458442042876539,,0.7089084065244667,,,5.182833826291134,0.48496634871860866,,,,,,,,,338.0641448974609,2.5546474720599126,393.6649627685547,2.9748058679227336,,,,,,,,,,,,,,,,,,,"Jen-Ho Tseng","15524",627500
"Chasen Bradford","SEA",3,2,,3.7358490566037736,44,0,0,,,53,,56,24,22,5,11,1,2,37,6.283018867924528,1.8679245283018868,3.3636363636363638,0.8490566037735849,,,,,1.2641509433962264,,0.7166666666666667,,,3.723677430062924,0.48487641727622377,,,,,,,,,220.10000000000005,4.152830188679246,235,4.433962264150943,,,,,,,,,,,,,,,,,,,"Chasen Bradford","12452",607473
"Tony Watson","SFG",5,4,,3.2513072771265734,67,0,2.02810001373291,,,63.66669845581055,,59,25,23,6,18,3,4,56,7.916226413873396,2.544501347316449,3.111111111111111,0.8481671157721495,,,,,1.2094234798973245,,0.7580174927113703,,,3.660257244301067,0.48433147405889676,,,,,,,,,300.0740686416625,4.7132029132928315,296.4739923477173,4.656657240574402,,,,,,,,,,,,,,,,,,,"Tony Watson","3132",453265
"Jefry Rodriguez","WSN",5,6,,5.165214992589208,18,17,0,,,76.66670227050781,,82,47,44,8,44,0,5,54,6.339127490904937,5.165214992589208,1.2272727272727273,0.9391299986525832,,,,,1.6434774976420206,,0.6881533101045296,,,5.022856219315526,0.4831024625176519,,,,,,,,,216.73359680175784,2.8269586454500604,240.33351135253906,3.1347834748983416,,,,,,,,,,,,,,,,,,,"Jefry Rodriguez","17018",622446
"Joe Jiménez","DET",3,2,,3.805366691892296,55,0,0,,,49.66669845581055,,44,22,21,5,22,2,3,54,9.785228636294477,3.9865746296014533,2.4545454545454546,0.9060396885457849,,,,,1.328858209867151,,0.7457627118644068,,,3.8019345838464256,0.48217866786145946,,,,,,,,,224.6335685729981,4.522820633484608,216.33349227905273,4.355705110367442,,,,,,,,,,,,,,,,,,,"Joe Jimenez","15761",641729
"Bryan Rodriguez","SDP",7,10,,5.236789304214723,26,23,0,,,132.33299255371094,,156,82,77,18,46,0,7,67,4.55668679717385,3.128471532388016,1.4565217391304348,1.2241845126735715,,,,,1.5264522935806262,,0.6787330316742081,,,5.114823575587047,0.48075719008967577,,,,,,,,,327.26414489746094,2.4730351712150083,402.6649627685547,3.0428161186268206,,,,,,,,,,,,,,,,,,,"Bryan Rodriguez","sa550590",594029
"Franklin Pérez","DET",4,5,,5.033896026787697,19,16,0,,,78.66670227050781,,86,47,44,11,33,0,5,55,6.292370033484621,3.775422020090773,1.6666666666666667,1.2584740066969242,,,,,1.51271117976701,,0.694980694980695,,,5.026282916278998,0.48070798375849433,,,,,,,,,219.23359680175778,2.786866494643294,246.33351135253906,3.13135677793487,,,,,,,,,,,,,,,,,,,"Franklin Perez","sa873722",658530
"Jason Gurka","BAL",2,2,,4.299365668913768,41,1,0,,,52.33330154418945,,53,27,25,7,16,1,2,48,8.254782084314433,2.7515940281048112,3,1.203822387295855,,,,,1.3184721384668887,,0.7094594594594594,,,4.093945995443977,0.475777142802173,,,,,,,,,205.36643142700194,3.9242017103314915,212.66650772094727,4.063693698769891,,,,,,,,,,,,,,,,,,,"Jason Gurka","8007",543261
"Ben Heller","NYY",5,4,,3.857144959120047,52,0,0,,,58.33330154418945,,48,27,25,8,29,2,3,76,11.725720675724943,4.474288152579255,2.6206896551724137,1.234286386918415,,,,,1.320000719343305,,0.7598784194528876,,,3.9804972854928105,0.4757380072185311,,,,,,,,,264.46643142700196,4.533712723711681,243.66650772094727,4.177142408721057,,,,,,,,,,,,,,,,,,,"Ben Heller","15100",621294
"Arturo Reyes","STL",6,7,,4.783462555397942,24,13,0,,,84.66670227050781,,94,48,45,10,32,1,4,52,5.527556730682066,3.401573372727425,1.625,1.0629916789773204,,,,,1.4881883505682485,,0.6964285714285714,,,4.740316194024544,0.4753468404899821,,,,,,,,,255.13359680175788,3.0133876714202588,289.33351135253906,3.417323500189323,,,,,,,,,,,,,,,,,,,"Arturo Reyes","sa739006",642007
"José Leclerc","TEX",4,3,,4.222750952788921,56,0,6.537700176239014,,,70.33329772949219,,60,35,33,5,51,2,3,77,9.853085556507482,6.526069654310151,1.5098039215686274,0.6398107504225639,,,,,1.578199851042324,,0.7307692307692307,,,4.195554911566027,0.4748761843699325,,,,,,,,,327.6549040794373,4.658602890193287,311.354989528656,4.426850433291976,,,,,,,,,,,,,,,,,,,"Jose Leclerc","14524",600917
"Adam Liberatore","LAD",2,1,,3.3157894736842106,43,0,0,,,38,,32,15,14,4,13,2,2,44,10.421052631578947,3.0789473684210527,3.3846153846153846,0.9473684210526315,,,,,1.1842105263157894,,0.7614213197969544,,,3.3944817994770253,0.4746997256803921,,,,,,,,,191.8,5.0473684210526315,181,4.7631578947368425,,,,,,,,,,,,,,,,,,,"Adam Liberatore","10637",571893
"James Shields","CHW",7,9,,5.158822020010571,24,24,0,,,134.33299255371094,,142,82,77,26,54,2,6,113,7.570738808586941,3.617875182864556,2.0925925925925926,1.741939902860712,,,,,1.459060773336323,,0.7142857142857143,,,5.3313424789802255,0.47359147075405816,,,,,,,,,351.0641448974612,2.613387360942575,379.6649627685547,2.8262972152336414,,,,,,,,,,,,,,,,,,,"James Shields","7059",448306
"Josh Rogers","NYY",7,8,,5.252557812171666,18,18,0,,,97.66670227050781,,113,61,57,19,22,0,6,64,5.897608771561169,2.0273030152241516,2.909090909090909,1.750852604057222,,,,,1.382252055834649,,0.6826568265682657,,,5.236137230024488,0.47272763809391083,,,,,,,,,239.23359680175776,2.4494898592884975,285.33351135253906,2.9215024641893796,,,,,,,,,,,,,,,,,,,"Josh Rogers","18510",642028
"Matt Barnes","BOS",4,3,,3.8181818181818183,68,0,0,,,66,,60,30,28,8,29,0,2,73,9.954545454545455,3.9545454545454546,2.5172413793103448,1.0909090909090908,,,,,1.3484848484848484,,0.7583547557840618,,,3.93036696694114,0.47256846954855136,,,,,,,,,287.0000000000001,4.34848484848485,279,4.2272727272727275,,,,,,,,,,,,,,,,,,,"Matt Barnes","12863",598264
"Jeff Locke","MIA",6,7,,5.138988326783674,22,19,0,,,110.33300018310547,,119,67,63,17,42,4,4,81,6.607270705864724,3.4259922178557827,1.9285714285714286,1.3867111357987691,,,,,1.4592189076052409,,0.685131195335277,,,4.94314357494823,0.46958726999204947,,,,,,,,,321.9642013549805,2.918113355212475,354.66500091552734,3.214496119265637,,,,,,,,,,,,,,,,,,,"Jeff Locke","2929",502046
"Jerry Keel","SDP",6,10,,5.1036740880199885,24,18,0,,,109.33300018310547,,120,66,62,17,43,0,7,84,6.91465521602708,3.5396449320138625,1.9534883720930232,1.3993945080054806,,,,,1.4908582013391722,,0.6968390804597702,,,5.014352668887806,0.46925849351504245,,,,,,,,,305.96420135498045,2.7984615883819783,343.66500091552734,3.1432870253260616,,,,,,,,,,,,,,,,,,,"Jerry Keel","sa856543",664843
"Jonathan Aro","SDP",3,3,,4,30,1,0,,,54,,52,26,24,6,19,0,3,52,8.666666666666666,3.1666666666666665,2.736842105263158,1,,,,,1.3148148148148149,,0.7188498402555911,,,3.898380434954608,0.4691941061863456,,,,,,,,,228.6,4.233333333333333,230,4.2592592592592595,,,,,,,,,,,,,,,,,,,"Jonathan Aro","14699",608167
"Scott Barlow","KCR",6,7,,4.991596638655462,25,24,0,,,119,,122,71,66,18,63,0,7,107,8.092436974789916,4.764705882352941,1.6984126984126984,1.361344537815126,,,,,1.5546218487394958,,0.7133917396745932,,,5.090412803457565,0.46720514974113525,,,,,,,,,345.99999999999994,2.9075630252100835,365,3.0672268907563027,,,,,,,,,,,,,,,,,,,"Scott Barlow","14993",605130
"Danny Barnes","TOR",2,2,,4.099474392898723,50,0,1.752500057220459,,,63.66669845581055,,60,31,29,11,17,0,3,74,10.460727761189844,2.4031401613544237,4.352941176470588,1.5549730455822741,,,,,1.2094234798973245,,0.7467532467532467,,,4.0215136084262415,0.466090735756726,,,,,,,,,276.5960688591003,4.344438702928481,272.09599256515503,4.273756911613848,,,,,,,,,,,,,,,,,,,"Danny Barnes","11388",592130
"Matt Koch","ARI",5,5,,5.1,21,16,0,,,90,,106,55,51,14,25,1,5,51,5.1,2.5,2.04,1.4,,,,,1.4555555555555555,,0.6822262118491921,,,5.046528583102756,0.46502575455908735,,,,,,,,,230.19999999999993,2.557777777777777,280,3.111111111111111,,,,,,,,,,,,,,,,,,,"Matt Koch","13420",571863
"Lucas Harrell","TOR",4,5,,5.23573931848938,20,17,0,,,87.66670227050781,,94,55,51,9,55,1,5,63,6.4676779816633525,5.646385539547371,1.1454545454545455,0.9239539973804789,,,,,1.6996190816011278,,0.689149560117302,,,5.1082092442393225,0.4649396728017987,,,,,,,,,239.63359680175782,2.73346197125489,267.33351135253906,3.0494304499745444,,,,,,,,,,,,,,,,,,,"Lucas Harrell","7541",449173
"Luke Bard","LAA",4,3,,3.836844031105057,41,0,0,,,63.33330154418945,,58,29,27,6,29,1,4,63,8.952636072578466,4.121054700075802,2.1724137931034484,0.852632006912235,,,,,1.3736849000252673,,0.7379134860050891,,,3.9629032562976447,0.4644011988360698,,,,,,,,,271.06643142700193,4.279998433965599,265.66650772094727,4.194736437916222,,,,,,,,,,,,,,,,,,,"Luke Bard","14288",572703
"Scott Feldman","CIN",6,7,,5.041155184765809,19,19,0,,,105.33300018310547,,120,63,59,18,32,3,5,63,5.3829284176312875,2.7341858629238285,1.96875,1.5379795478946534,,,,,1.4430425387653538,,0.7018927444794952,,,5.236760194145528,0.4613674573600225,,,,,,,,,261.0642013549806,2.47846544673711,307.66500091552734,2.920879500068339,,,,,,,,,,,,,,,,,,,"Scott Feldman","6283",444857
"Koda Glover","WSN",2,2,,4.013516099721096,43,0,0,,,49.33330154418945,,48,24,22,7,12,0,2,50,9.121627499366129,2.189190599847871,4.166666666666667,1.277027849911258,,,,,1.2162169999154837,,0.7171314741035856,,,3.8265590441673836,0.46063601490094364,,,,,,,,,212.16643142700195,4.3006736785487085,213.66650772094727,4.331080650046484,,,,,,,,,,,,,,,,,,,"Koda Glover","17695",606983
"Carter Capps","SDP",1,1,,3.4363606571191814,36,0,0,,,36.66669845581055,,32,15,14,3,15,0,2,40,9.818173306054804,3.6818149897705514,2.6666666666666665,0.7363629979541103,,,,,1.2818170705127105,,0.7476635514018692,,,3.4303667304931675,0.4583523905923006,,,,,,,,,180.23356857299808,4.915456699495577,173.33349227905273,4.7272729637207,,,,,,,,,,,,,,,,,,,"Carter Capps","12803",605169
"Jandel Gustave","HOU",4,3,,3.921785620052391,52,0,0,,,59.66669845581055,,57,28,26,3,31,1,3,49,7.391057514714121,4.675975162370158,1.5806451612903225,0.4525137253906605,,,,,1.474859549421412,,0.7159904534606205,,,3.878309701317512,0.45685323147503004,,,,,,,,,252.4335685729981,4.230727945504671,255.33349227905273,4.279329992896356,,,,,,,,,,,,,,,,,,,"Jandel Gustave","14665",594311
"Stefan Crichton","BAL",5,5,,4.5,41,2,16.263999938964844,,,68,,73,36,34,8,23,0,4,50,6.617647058823529,3.0441176470588234,2.1739130434782608,1.0588235294117647,,,,,1.411764705882353,,0.7075471698113208,,,4.407639694213867,0.45477637568400375,,,,,,,,,315.3199996948243,4.637058819041534,336.3199996948242,4.945882348453297,,,,,,,,,,,,,,,,,,,"Stefan Crichton","16058",592233
"Diego Moreno","CLE",2,2,,3.8283554843251495,29,2,0,,,44.66669845581055,,44,20,19,5,14,0,3,40,8.059695756474,2.8208935147658996,2.857142857142857,1.00746196955925,,,,,1.2985065385430332,,0.7450980392156863,,,3.9636092698612675,0.4545075355985266,,,,,,,,,183.63356857299803,4.111196370483248,187.33349227905273,4.1940304243526,,,,,,,,,,,,,,,,,,,"Diego Moreno","6238",514981
"Zach Stewart","BAL",5,7,,5.487114464839687,21,19,0,,,103.33300018310547,,118,67,63,17,43,0,6,69,6.009696794824419,3.74517336489058,1.6046511627906976,1.4806499349567408,,,,,1.5580695393989235,,0.685131195335277,,,5.3834533219266145,0.4532773664147829,,,,,,,,,239.76420135498046,2.320306203537299,286.66500091552734,2.7741863722872524,,,,,,,,,,,,,,,,,,,"Zach Stewart","7397",543819
"Andrew Sopko","LAD",6,7,,4.886488086491232,24,23,0,,,108.66699981689453,,119,63,59,15,47,0,7,77,6.37728106203093,3.8926261027980997,1.6382978723404256,1.242327479616415,,,,,1.5276026786394434,,0.7103448275862069,,,5.025732126525957,0.45262515327134023,,,,,,,,,302.23579864501954,2.781302503559418,340.33499908447266,3.1319075676879096,,,,,,,,,,,,,,,,,,,"Andrew Sopko","sa658286",621127
"Jorge De La Rosa","ARI",6,6,,4.876252438662369,34,16,0,,,99.66670227050781,,98,58,54,16,47,3,5,91,8.217388368856955,4.244145641057988,1.9361702127659575,1.4448155373814426,,,,,1.4548489786132583,,0.7096247960848288,,,4.983725998404302,0.4521876527869496,,,,,,,,,311.9335968017578,3.1297674117392913,316.33351135253906,3.1739136958095653,,,,,,,,,,,,,,,,,,,"Jorge De La Rosa","2047",407822
"Gabriel Moya","MIN",4,3,,4.036080252062472,64,0,0,,,64.66670227050781,,59,31,29,8,27,0,3,69,9.603087496286571,3.757729889851267,2.5555555555555554,1.1134014488448198,,,,,1.3298961750090903,,0.7352941176470589,,,4.023618598870949,0.4514163323268422,,,,,,,,,274.7335968017578,4.248455343408691,267.33351135253906,4.134021095342918,,,,,,,,,,,,,,,,,,,"Gabriel Moya","16348",622382
"Kevin Shackelford","CIN",2,2,,4.206032408305171,55,0,0,,,66.33329772949219,,65,33,31,7,30,2,4,66,8.954778675746494,4.070353943521134,2.2,0.9497492534882646,,,,,1.432161572720399,,0.7276995305164319,,,4.077238177750123,0.4432191574848304,,,,,,,,,265.7664031982422,4.006530841901455,270.66648864746094,4.080401516463744,,,,,,,,,,,,,,,,,,,"Kevin Shackelford","11012",594992
"Brian Flynn","KCR",4,3,,3.988634202353411,35,3,0,,,58.66669845581055,,59,28,26,6,21,1,3,46,7.056814358009881,3.2215891634392935,2.1904761904761907,0.9204540466969411,,,,,1.363635624736209,,0.7262569832402235,,,4.146275522147619,0.4420544860556352,,,,,,,,,226.93356857299798,3.8681837319332177,235.33349227905273,4.011364172066249,,,,,,,,,,,,,,,,,,,"Brian Flynn","12027",543169
"Brandon Cumpton","TEX",5,5,,4.9805799418284895,21,10,0,,,68.66670227050781,,79,41,38,8,33,1,4,44,5.7669873010645665,4.325240475798425,1.3333333333333333,1.0485431456481031,,,,,1.6310671154526046,,0.7043650793650794,,,5.007153298343161,0.4388361654256456,,,,,,,,,181.33359680175792,2.640779166697223,216.33351135253906,3.1504863958707072,,,,,,,,,,,,,,,,,,,"Brandon Cumpton","11366",592238
"Tyson Ross","SDP",4,6,,4.990523853295998,15,14,0,,,70.33329772949219,,73,42,39,6,43,0,6,52,6.654031804394664,5.502372453634049,1.2093023255813953,0.7677729005070766,,,,,1.6492899344226088,,0.6877323420074349,,,4.878019712016761,0.438379187876281,,,,,,,,,213.8664031982422,3.0407560871209323,230.66648864746094,3.279619982197106,,,,,,,,,,,,,,,,,,,"Tyson Ross","7872",475115
"Danny Coulombe","OAK",2,2,,3.7674439493689147,65,0,0,,,57.33330154418945,,52,26,24,5,26,2,2,55,8.633725717303763,4.081397611816324,2.1153846153846154,0.7848841561185239,,,,,1.3604658706054413,,0.7323943661971831,,,3.837872629516588,0.4343192450615043,,,,,,,,,253.56643142700196,4.4226727677904,247.66650772094727,4.319767064697279,,,,,,,,,,,,,,,,,,,"Danny Coulombe","13293",543056
"Nate Jones","CHW",3,2,,3.6,43,0,0,,,40,,34,17,16,6,12,2,2,49,11.025,2.7,4.083333333333333,1.35,,,,,1.15,,0.7712765957446808,,,3.707639694213867,0.4335683597995435,,,,,,,,,189.79999999999998,4.744999999999999,178,4.45,,,,,,,,,,,,,,,,,,,"Nate Jones","4696",518858
"Félix Doubront","OAK",3,4,,4.921179676656658,24,10,0,,,67.66670227050781,,71,40,37,9,31,1,2,58,7.714281655299627,4.123150539901524,1.8709677419354838,1.1970437051327008,,,,,1.507388369426364,,0.6935123042505592,,,4.635471428945596,0.4329143731851693,,,,,,,,,222.43359680175783,3.287194282241598,238.33351135253906,3.5221682652682706,,,,,,,,,,,,,,,,,,,"Felix Doubront","1478",467094
"Tristan Archer","MIL",5,5,,4.4808531004542385,45,2,0,,,78.33329772949219,,83,42,39,10,25,1,4,64,7.353194831514648,2.872341731060409,2.56,1.1489366924241635,,,,,1.3787240309089963,,0.7021276595744681,,,4.293810423388874,0.4325857749083563,,,,,,,,,281.86640319824215,3.598296144400934,302.66648864746094,3.863829270824994,,,,,,,,,,,,,,,,,,,"Tristan Archer","sa503277",572687
"Miguel Socolovich","ATL",3,3,,3.9940850941161963,48,0,0,,,56.33330154418945,,56,27,25,6,17,1,2,48,7.668643380703097,2.7159778639990133,2.823529411764706,0.9585804225878871,,,,,1.2958587194243658,,0.7120743034055729,,,3.849947777194008,0.43256685074875373,,,,,,,,,236.466431427002,4.19763132898417,242.66650772094727,4.307691917019859,,,,,,,,,,,,,,,,,,,"Miguel Socolovich","6697",462515
"Tim Dillard","MIL",3,2,,4.2804853157384715,30,2,0,,,54.66669845581055,,54,28,26,5,24,2,3,46,7.573166327844987,3.9512172145278197,1.9166666666666667,0.823170253026629,,,,,1.4268284385794903,,0.704225352112676,,,4.145443997845822,0.43226890078048047,,,,,,,,,213.6335685729981,3.9079288599381456,219.33349227905273,4.012195696368045,,,,,,,,,,,,,,,,,,,"Tim Dillard","5518",457422
"Aaron Laffey","ARI",5,5,,5.0206589410569,21,13,0,,,80.66670227050781,,93,48,45,11,30,1,4,49,5.466939735817514,3.3471059607046003,1.6333333333333333,1.2272721855916866,,,,,1.5247927154320957,,0.6970260223048328,,,4.979952939486372,0.4311647826864253,,,,,,,,,215.83359680175784,2.6756219199091738,256.33351135253906,3.1776867547274956,,,,,,,,,,,,,,,,,,,"Aaron Laffey","6248",444836
"Daniel Hudson","PIT",4,4,,4.11864406779661,66,0,0,,,59,,56,29,27,6,26,2,3,60,9.152542372881356,3.9661016949152543,2.3076923076923075,0.9152542372881356,,,,,1.3898305084745763,,0.720108695652174,,,3.9203515586206468,0.4298415487624833,,,,,,,,,250.20000000000002,4.240677966101695,250,4.237288135593221,,,,,,,,,,,,,,,,,,,"Daniel Hudson","7146",543339
"Chi Chi González","TEX",4,4,,5.120689655172414,11,10,0,,,58,,70,35,33,6,26,0,3,27,4.189655172413793,4.0344827586206895,1.0384615384615385,0.9310344827586207,,,,,1.6551724137931034,,0.6963470319634704,,,5.071432797662143,0.42766894260535626,,,,,,,,,140.40000000000003,2.4206896551724144,179,3.086206896551724,,,,,,,,,,,,,,,,,,,"Chi Chi Gonzalez","14663",592346
"Yohander Méndez","TEX",7,8,,5.414634146341464,29,23,0,,,123,,134,79,74,23,51,0,7,97,7.097560975609756,3.731707317073171,1.9019607843137254,1.6829268292682926,,,,,1.5040650406504066,,0.6937172774869109,,,5.425932377140697,0.42611460428169934,,,,,,,,,298.8999999999999,2.4300813008130073,336,2.731707317073171,,,,,,,,,,,,,,,,,,,"Yohander Mendez","14391",622795
"Wander Suero","WSN",3,2,,3.940538509194395,53,0,0,,,61.66669845581055,,61,29,27,6,24,2,3,52,7.589185276966983,3.5027008970616844,2.1666666666666665,0.8756752242654211,,,,,1.3783776678252,,0.731070496083551,,,4.049531126336055,0.4248670530980657,,,,,,,,,246.93356857299804,4.004326074792978,253.33349227905273,4.108108567877812,,,,,,,,,,,,,,,,,,,"Wander Suero","15855",593833
"Jake Thompson","PHI",10,14,,5.254658385093168,32,30,0,,,161,,176,101,94,28,68,1,10,118,6.596273291925466,3.801242236024845,1.7352941176470589,1.565217391304348,,,,,1.515527950310559,,0.6982421875,,,5.406086899182812,0.42348295635996147,,,,,,,,,391.4,2.431055900621118,443,2.751552795031056,,,,,,,,,,,,,,,,,,,"Jake Thompson","14371",622097
"Enyel De Los Santos","PHI",6,9,,5.358261541131531,26,23,0,,,129.33299255371094,,141,82,77,23,56,1,8,105,7.306720283361178,3.8969174844592955,1.875,1.6005196811172107,,,,,1.5231998897588912,,0.6978155339805825,,,5.330325831382641,0.4224684540126368,,,,,,,,,325.564144897461,2.5172551757221333,365.6649627685547,2.827313862831226,,,,,,,,,,,,,,,,,,,"Enyel De Los Santos","18403",660853
"Rob Whalen","SEA",5,7,,4.971121050444089,18,17,0,,,92.33329772949219,,97,55,51,14,38,0,7,72,7.018053247685772,3.7039725473897134,1.894736842105263,1.364621464827789,,,,,1.4620944266012026,,0.6932409012131715,,,5.031286626080593,0.4213093093171539,,,,,,,,,267.8664031982421,2.901081297702669,288.66648864746094,3.1263530681332736,,,,,,,,,,,,,,,,,,,"Rob Whalen","14165",547007
"Paul Sewald","NYM",3,3,,4.123150539901524,60,0,0,,,67.66670227050781,,62,33,31,10,22,2,3,76,10.108369065565027,2.9261068347688237,3.4545454545454546,1.3300485612585562,,,,,1.2413786571746526,,0.7285714285714285,,,3.940890513621684,0.420605097434619,,,,,,,,,293.53359680175777,4.337932645635856,285.33351135253906,4.216749180592184,,,,,,,,,,,,,,,,,,,"Paul Sewald","13892",623149
"Nick Goody","CLE",2,1,,3.8343216903515485,55,0,1.8144999742507935,,,56.33330154418945,,47,26,24,10,21,2,3,78,12.461545493642532,3.355031479057605,3.7142857142857144,1.5976340376464786,,,,,1.2071012728884505,,0.7777777777777778,,,3.9742082023442897,0.41386517841069875,,,,,,,,,264.738931298256,4.6995103081360705,244.73900759220123,4.344481876323562,,,,,,,,,,,,,,,,,,,"Nick Goody","13685",580792
"Kyle McGrath","SDP",1,1,,3.8812523134066543,44,0,0,,,53.33330154418945,,52,25,23,8,11,1,2,53,8.943755330893595,1.856251106411878,4.818181818181818,1.3500008046631842,,,,,1.181250704080286,,0.7335907335907337,,,3.851390107721337,0.4127801425041544,,,,,,,,,228.06643142700196,4.276248138098799,229.66650772094727,4.30624958649253,,,,,,,,,,,,,,,,,,,"Kyle McGrath","16793",657681
"Dillon Maples","CHC",5,4,,3.9746171343405523,59,0,0,,,65.66670227050781,,50,31,29,5,56,0,4,94,12.883241745793514,7.675122742174859,1.6785714285714286,0.6852788162656125,,,,,1.6142123227589982,,0.7575757575757576,,,4.02565952815031,0.41040822748733014,,,,,,,,,302.43359680175786,4.6055852714502254,271.33351135253906,4.131980166063557,,,,,,,,,,,,,,,,,,,"Dillon Maples","14672",596027
"Zack Burdi","CHW",2,2,,3.857142857142857,40,0,0,,,49,,41,22,21,5,28,1,3,60,11.020408163265307,5.142857142857143,2.142857142857143,0.9183673469387755,,,,,1.4081632653061225,,0.7580645161290323,,,3.9331498982955,0.41028688975027544,,,,,,,,,221.5,4.520408163265306,207,4.224489795918367,,,,,,,,,,,,,,,,,,,"Zack Burdi","19159",641420
"Emilio Pagán","OAK",4,4,,4.21100711108218,53,0,0,,,72.66670227050781,,68,36,34,10,25,0,3,76,9.412839424771931,3.096328758148662,3.04,1.2385315032594648,,,,,1.2798158867014469,,0.7215189873417721,,,4.010850285348165,0.4079627023894596,,,,,,,,,305.9335968017578,4.210093306049512,301.33351135253906,4.146789408865702,,,,,,,,,,,,,,,,,,,"Emilio Pagan","14771",641941
"Nick Gardewine","TEX",2,2,,4.125,44,0,0,,,48,,46,24,22,5,20,0,3,46,8.625,3.75,2.3,0.9375,,,,,1.375,,0.711864406779661,,,4.032639694213867,0.4074514885617806,,,,,,,,,197.10000000000002,4.10625,198,4.125,,,,,,,,,,,,,,,,,,,"Nick Gardewine","16513",643320
"Carson Fulmer","CHW",8,11,,5.386363636363637,29,27,0,,,132,,139,85,79,18,78,0,8,101,6.886363636363637,5.318181818181818,1.294871794871795,1.2272727272727273,,,,,1.643939393939394,,0.6882168925964546,,,5.354609391183564,0.4060352339679591,,,,,,,,,338.00000000000017,2.560606060606062,370,2.803030303030303,,,,,,,,,,,,,,,,,,,"Carson Fulmer","18311",608334
"Kevin Herget","STL",4,4,,4.339283645154032,39,6,0,,,74.66670227050781,,75,39,36,10,28,2,4,66,7.95535334944906,3.3749983906753585,2.357142857142857,1.2053565680983422,,,,,1.3794636279347696,,0.7191011235955056,,,4.416567665338802,0.4044806622494543,,,,,,,,,270.5335968017579,3.6232160866251952,279.33351135253906,3.7410720288750645,,,,,,,,,,,,,,,,,,,"Kevin Herget","15369",643361
"Tyler Thornburg","BOS",4,3,,3.8028194553882004,46,0,0,,,47.33330154418945,,40,21,20,4,25,1,2,51,9.69718961123991,4.75352431923525,2.04,0.7605638910776401,,,,,1.3732403588901834,,0.7407407407407408,,,3.812569711530724,0.40161237806636896,,,,,,,,,218.066431427002,4.607040377764889,205.66650772094727,4.345069982683143,,,,,,,,,,,,,,,,,,,"Tyler Thornburg","10688",592804
"Vance Worley","CIN",6,7,,5.0783858169159135,29,16,0,,,106.33300018310547,,121,64,60,18,35,3,5,71,6.009423216683831,2.9623917265342827,2.0285714285714285,1.5235157450747738,,,,,1.4670892359979304,,0.7033639143730887,,,5.151376348262337,0.4008585783518718,,,,,,,,,272.86420135498054,2.5661290557504093,319.66500091552734,3.00626334595153,,,,,,,,,,,,,,,,,,,"Vance Worley","6435",474699
"José Mesa Jr.","BAL",3,3,,4.695652173913044,29,7,0,,,69,,63,39,36,9,45,0,5,74,9.652173913043478,5.869565217391305,1.6444444444444444,1.173913043478261,,,,,1.565217391304348,,0.7232704402515723,,,4.882277375373288,0.39946879066176516,,,,,,,,,234.10000000000002,3.392753623188406,226,3.2753623188405796,,,,,,,,,,,,,,,,,,,"Jose Mesa Jr.","sa658593",621089
"Noé Ramirez","LAA",3,3,,3.921785620052391,48,0,0,,,59.66669845581055,,55,28,26,7,24,0,3,60,9.05027450781321,3.620109803125284,2.5,1.0558653592448746,,,,,1.3240216409578585,,0.7369942196531791,,,4.029147609781066,0.39329430732397697,,,,,,,,,251.43356857299807,4.213968177897609,246.33349227905273,4.128492084432802,,,,,,,,,,,,,,,,,,,"Noe Ramirez","12800",598287
"Nick Wittgren","MIA",3,3,,3.9512172145278197,49,0,0,,,54.66669845581055,,55,26,24,7,13,2,2,50,8.23170253026629,2.1402426578692357,3.8461538461538463,1.1524383542372807,,,,,1.2439017156846839,,0.7216494845360825,,,3.816175896635171,0.3928694133747921,,,,,,,,,230.43356857299807,4.21524575440142,237.33349227905273,4.3414637975786965,,,,,,,,,,,,,,,,,,,"Nick Wittgren","15594",621295
"Jimmy Herget","CIN",5,4,,4.1086977817171455,54,0,0,,,61.33330154418945,,57,30,28,8,27,2,3,68,9.978266041313068,3.9619585752272477,2.5185185185185186,1.1739136519191846,,,,,1.3695659272390486,,0.7417582417582418,,,4.1032923582598775,0.3923004692997959,,,,,,,,,253.266431427002,4.129346130902939,248.66650772094727,4.05434733595399,,,,,,,,,,,,,,,,,,,"Jimmy Herget","17556",623474
"Ryan Garton","SEA",3,3,,4.099474392898723,51,1,0,,,63.66669845581055,,60,31,29,6,31,1,3,61,8.623032343683521,4.382196764822773,1.967741935483871,0.8481671157721495,,,,,1.4293186580604742,,0.7263922518159807,,,4.068634003746917,0.39164869996016777,,,,,,,,,261.333568572998,4.104713687240796,260.33349227905273,4.0890056904669505,,,,,,,,,,,,,,,,,,,"Ryan Garton","14016",623439
"Carson Smith","BOS",3,2,,3.6719971984884654,43,0,3.6507999897003174,,,41.66669845581055,,39,18,17,3,18,1,3,39,8.423993573002951,3.8879970336936696,2.1666666666666665,0.6479995056156116,,,,,1.3679989562996244,,0.7386363636363636,,,3.7336392547610777,0.3904708219966064,,,,,,,,,203.28756852149965,4.878897922212279,202.58749222755432,4.862096103976361,,,,,,,,,,,,,,,,,,,"Carson Smith","13172",605476
"Jamie Callahan","NYM",5,5,,4.131147540983607,49,0,0,,,61,,57,30,28,5,31,0,3,60,8.852459016393443,4.573770491803279,1.935483870967742,0.7377049180327869,,,,,1.4426229508196722,,0.7160493827160493,,,3.928131497492556,0.38809219189212885,,,,,,,,,259.70000000000005,4.257377049180328,258,4.229508196721311,,,,,,,,,,,,,,,,,,,"Jamie Callahan","14711",621094
"Matt Cooper","CHW",4,5,,5.076923076923077,21,12,0,,,78,,80,47,44,14,33,1,5,74,8.538461538461538,3.8076923076923075,2.242424242424242,1.6153846153846154,,,,,1.4487179487179487,,0.7066381156316917,,,5.055075591649764,0.3877299232548668,,,,,,,,,231,2.9615384615384617,242,3.1025641025641026,,,,,,,,,,,,,,,,,,,"Matt Cooper","sa829187",656323
"Aaron Brooks","MIL",7,10,,5.506128675357856,25,24,0,,,135.66700744628906,,167,89,83,28,30,1,7,92,6.103178772685816,1.990166991093201,3.066666666666667,1.8574891916869876,,,,,1.4520848046124466,,0.6844106463878327,,,5.302597451280985,0.3877107129295441,,,,,,,,,298.335855102539,2.1990302632764345,387.3350372314453,2.8550422429328832,,,,,,,,,,,,,,,,,,,"Aaron Brooks","12272",605156
"Thomas Hatch","CHC",7,9,,5.354092489656094,26,26,0,,,117.66699981689453,,128,75,70,17,65,1,7,97,7.419242449952016,4.971657311823516,1.4923076923076923,1.3002796046307656,,,,,1.6402219849263906,,0.6973995271867612,,,5.222789654509789,0.3865797924289051,,,,,,,,,306.8357986450197,2.6076622937824276,345.33499908447266,2.934850039704078,,,,,,,,,,,,,,,,,,,"Thomas Hatch","19264",641672
"Joe Blanton","WSN",4,3,,3.9303773744936987,50,0,0,,,52.66669845581055,,51,25,23,7,16,3,2,50,8.544298640203694,2.7341755648651818,3.125,1.196201809628517,,,,,1.2721511308747722,,0.7342657342657343,,,4.012069558234237,0.38439111007336707,,,,,,,,,217.03356857299806,4.120888055192938,218.33349227905273,4.14557013597963,,,,,,,,,,,,,,,,,,,"Joe Blanton","4849",430599
"Shawn Tolleson","TEX",4,3,,4.254545454545455,54,0,0,,,55,,56,28,26,9,14,4,1,53,8.672727272727272,2.290909090909091,3.7857142857142856,1.4727272727272727,,,,,1.2727272727272727,,0.7317073170731707,,,4.175821512395686,0.38275348215974014,,,,,,,,,211.70000000000002,3.8490909090909096,219,3.981818181818182,,,,,,,,,,,,,,,,,,,"Shawn Tolleson","10481",474521
"Paolo Espino","TEX",5,6,,5.2522636797005315,26,18,0,,,109.66699981689453,,124,68,64,25,28,0,6,91,7.468062419574194,2.2978653598689824,3.25,2.05166549988302,,,,,1.3860140265876404,,0.717948717948718,,,5.391675460753156,0.38227912664219116,,,,,,,,,261.6357986450195,2.3857295182858986,303.33499908447266,2.7659642334607115,,,,,,,,,,,,,,,,,,,"Paolo Espino","8246",502179
"Héctor Neris","PHI",4,4,,4,69,0,20.671499252319336,,,72,,65,34,32,11,28,2,5,83,10.375,3.5,2.9642857142857144,1.375,,,,,1.2916666666666667,,0.7603092783505155,,,4.213195249769423,0.38163417413438416,,,,,,,,,398.8574962615967,5.539687448077732,387.3574962615967,5.37996522585551,,,,,,,,,,,,,,,,,,,"Hector Neris","11804",593576
"Amir Garrett","CIN",7,9,,5.189624170271417,28,26,0,,,128.33299255371094,,138,79,74,24,55,2,7,108,7.574046086342068,3.857153099526053,1.9636363636363636,1.6831213525204594,,,,,1.503900097390966,,0.7151819322459222,,,5.355048126671134,0.38144848660451725,,,,,,,,,325.664144897461,2.5376494260520066,359.6649627685547,2.8025915675427338,,,,,,,,,,,,,,,,,,,"Amir Garrett","14375",607237
"Logan Kensing","DET",3,2,,4.095507812236299,54,0,0,,,59.33330154418945,,61,29,27,4,25,1,3,40,6.067418981090814,3.7921368631817587,1.6,0.6067418981090814,,,,,1.449438978816139,,0.708955223880597,,,4.101460424605772,0.3813002686323202,,,,,,,,,227.26643142700206,3.830335166124906,240.66650772094727,4.056179269608095,,,,,,,,,,,,,,,,,,,"Logan Kensing","6166",434137
"Tyler Olson","CLE",2,2,,3.9272727272727272,58,0,0,,,55,,52,26,24,7,19,2,3,55,9,3.109090909090909,2.8947368421052633,1.1454545454545455,,,,,1.290909090909091,,0.7352941176470588,,,4.012185148759322,0.38089530074250255,,,,,,,,,229.69999999999996,4.176363636363636,228,4.1454545454545455,,,,,,,,,,,,,,,,,,,"Tyler Olson","14741",621397
"Chris Huffman","SDP",6,9,,5.285714285714286,25,23,0,,,126,,143,79,74,21,42,0,8,84,6,3,2,1.5,,,,,1.4682539682539681,,0.6812339331619538,,,5.181449218023391,0.380347948630959,,,,,,,,,320.3000000000001,2.5420634920634932,375,2.9761904761904763,,,,,,,,,,,,,,,,,,,"Chris Huffman","sa709509",656564
"Heath Fillmyer","KCR",7,8,,5.024826642867439,28,27,0,,,134.33299255371094,,148,80,75,20,54,0,8,86,5.761801217154663,3.617875182864556,1.5925925925925926,1.339953771431317,,,,,1.5037258990507003,,0.7011494252873564,,,5.197347101837094,0.3780615539240141,,,,,,,,,349.2641448974611,2.599987823228261,397.6649627685547,2.960292592376773,,,,,,,,,,,,,,,,,,,"Heath Fillmyer","17466",641571
"Edgar Santana","PIT",2,2,,4.181417905414233,60,0,0,,,75.33329772949219,,77,37,35,9,24,1,4,64,7.646021312757454,2.8672579922840455,2.6666666666666665,1.075221747106517,,,,,1.3407085982439286,,0.7239819004524887,,,4.12666670086542,0.3754259504427005,,,,,,,,,290.56640319824226,3.857077971571243,303.66648864746094,4.030972993348447,,,,,,,,,,,,,,,,,,,"Edgar Santana","17355",650828
"Matt Wotherspoon","BAL",4,4,,4.808219178082192,35,4,0,,,73,,72,42,39,11,34,1,4,71,8.753424657534246,4.191780821917808,2.088235294117647,1.356164383561644,,,,,1.452054794520548,,0.7064017660044151,,,4.7329821599672925,0.37472740706557484,,,,,,,,,245.70000000000002,3.3657534246575347,250,3.4246575342465753,,,,,,,,,,,,,,,,,,,"Matt Wotherspoon","16452",642226
"Murphy Smith","TOR",4,5,,4.866950558599126,36,8,0,,,77.66670227050781,,87,45,42,10,28,1,5,51,5.909868535441796,3.244633705732751,1.8214285714285714,1.1587977520474109,,,,,1.480686016505025,,0.693069306930693,,,4.792832077658547,0.37384685245449545,,,,,,,,,228.5335968017578,2.942491313790959,261.33351135253906,3.36480761655532,,,,,,,,,,,,,,,,,,,"Murphy Smith","9812",573166
"Al Alburquerque","TOR",2,2,,3.857142857142857,51,0,0,,,49,,45,22,21,5,22,1,2,48,8.816326530612244,4.040816326530612,2.1818181818181817,0.9183673469387755,,,,,1.3673469387755102,,0.75,,,3.994374388091418,0.37304454243915025,,,,,,,,,208.10000000000002,4.246938775510205,204,4.163265306122449,,,,,,,,,,,,,,,,,,,"Al Alburquerque","6324",456379
"Jordan Stephens","CHW",5,7,,5.400001955194696,19,19,0,,,98.33329772949219,,105,63,59,17,46,0,6,83,7.596612920019657,4.210171015914509,1.8043478260869565,1.555932766751014,,,,,1.5355937763359682,,0.6918238993710691,,,5.303403183001214,0.3718169248025026,,,,,,,,,255.56640319824226,2.5989813125284074,280.66648864746094,2.8542365112126538,,,,,,,,,,,,,,,,,,,"Jordan Stephens","sa875031",596111
"Phil Hughes","MIN",4,5,,5.25663965252075,17,12,0,,,75.33329772949219,,91,47,44,15,14,1,1,48,5.734515984568091,1.672567162165693,3.4285714285714284,1.7920362451775282,,,,,1.393805968471411,,0.6904761904761905,,,5.069145022403231,0.37025538494175836,,,,,,,,,187.36640319824224,2.487165819702199,232.66648864746094,3.0884946718106363,,,,,,,,,,,,,,,,,,,"Phil Hughes","7450",461833
"Kevin McAvoy","BOS",7,8,,5.287849510221982,23,22,0,,,112.33300018310547,,126,71,66,15,56,0,6,76,6.089038829952584,4.486660190491378,1.3571428571428572,1.2017839795959049,,,,,1.620182846566331,,0.6894409937888198,,,5.196221407750624,0.36771547545044364,,,,,,,,,285.1642013549805,2.538561249945751,332.66500091552734,2.961418286463243,,,,,,,,,,,,,,,,,,,"Kevin McAvoy","sa827491",656696
"Pedro Fernandez","KCR",5,5,,4.363636363636363,35,5,0,,,66,,68,34,32,7,26,0,4,48,6.545454545454546,3.5454545454545454,1.8461538461538463,0.9545454545454546,,,,,1.4242424242424243,,0.7125890736342042,,,4.445518482092655,0.36477302301238607,,,,,,,,,231.50000000000006,3.5075757575757582,245,3.712121212121212,,,,,,,,,,,,,,,,,,,"Pedro Fernandez","sa657697",613548
"Edward Paredes","LAD",3,2,,3.6,42,0,0,,,45,,37,19,18,5,23,1,2,56,11.2,4.6,2.4347826086956523,1,,,,,1.3333333333333333,,0.7735849056603774,,,3.7798619164360896,0.3644429627621455,,,,,,,,,212.3,4.717777777777778,197,4.377777777777778,,,,,,,,,,,,,,,,,,,"Edward Paredes","4168",487675
"Dovydas Neverauskas","PIT",3,3,,4.183098591549296,63,0,0,,,71,,71,35,33,6,33,1,3,59,7.47887323943662,4.183098591549296,1.7878787878787878,0.7605633802816901,,,,,1.4647887323943662,,0.7217573221757323,,,4.115386173087106,0.3627313142853719,,,,,,,,,277,3.9014084507042255,287,4.042253521126761,,,,,,,,,,,,,,,,,,,"Dovydas Neverauskas","11604",596720
"Andy Beltre","MIA",2,2,,3.7058823529411766,42,0,0,,,51,,46,22,21,4,25,1,3,51,9,4.411764705882353,2.04,0.7058823529411765,,,,,1.392156862745098,,0.7492354740061161,,,3.824306360880534,0.3618216985850021,,,,,,,,,226.60000000000002,4.443137254901961,221,4.333333333333333,,,,,,,,,,,,,,,,,,,"Andy Beltre","sa551335",596883
"Stephen Fife","CLE",4,4,,5.004312648785594,16,16,0,,,77.33329772949219,,89,46,43,11,32,1,5,50,5.818968196262318,3.7241396456078837,1.5625,1.28017300317771,,,,,1.5646558927727567,,0.7102272727272728,,,5.149019921379194,0.36016543390538946,,,,,,,,,194.56640319824217,2.515946027270494,232.66648864746094,3.008619772834673,,,,,,,,,,,,,,,,,,,"Stephen Fife","8077",543155
"Joe Mantiply","CIN",5,5,,4.567164179104478,42,4,0,,,67,,72,36,34,8,23,1,4,47,6.313432835820896,3.08955223880597,2.0434782608695654,1.0746268656716418,,,,,1.4179104477611941,,0.7040572792362769,,,4.515848649437748,0.3588156856037901,,,,,,,,,223.19999999999996,3.331343283582089,244,3.6417910447761193,,,,,,,,,,,,,,,,,,,"Joe Mantiply","14857",573009
"Cory Taylor","SFG",7,9,,4.840336134453781,25,24,0,,,119,,127,68,64,14,60,1,8,88,6.65546218487395,4.53781512605042,1.4666666666666666,1.0588235294117647,,,,,1.5714285714285714,,0.7108721624850657,,,4.9223455765668085,0.3584776433022876,,,,,,,,,350.1999999999999,2.9428571428571417,385,3.235294117647059,,,,,,,,,,,,,,,,,,,"Cory Taylor","sa875205",664127
"Ryan Dull","OAK",4,3,,4.066267396322156,56,0,0,,,55.33330154418945,,50,27,25,8,17,3,2,59,9.59639105532029,2.765061829499066,3.4705882352941178,1.30120556682309,,,,,1.2108440691270421,,0.7168458781362007,,,3.9347485743998796,0.35832501787203913,,,,,,,,,242.06643142700193,4.3746970571363155,233.66650772094727,4.222891119813988,,,,,,,,,,,,,,,,,,,"Ryan Dull","13974",623430
"Zach Duke","MIN",2,1,,3.5121951219512195,55,0,0,,,41,,37,17,16,4,17,2,2,40,8.78048780487805,3.731707317073171,2.3529411764705883,0.8780487804878049,,,,,1.3170731707317074,,0.7644628099173554,,,3.864956767384599,0.35771523276256123,,,,,,,,,181.00000000000006,4.414634146341465,176,4.2926829268292686,,,,,,,,,,,,,,,,,,,"Zach Duke","3840",435043
"Joel Payamps","ARI",8,10,,5.386713071542215,27,25,0,,,135.33299255371094,,159,87,81,23,45,1,9,83,5.519718332567949,2.9926183730790084,1.8444444444444446,1.5295605017959377,,,,,1.5073929582916488,,0.6810244470314318,,,5.337448138802281,0.3566339299363943,,,,,,,,,309.16414489746086,2.2844698773269188,381.6649627685547,2.8201915554115864,,,,,,,,,,,,,,,,,,,"Joel Payamps","14332",606303
"Koji Uehara","CHC",3,2,,3.6486486486486487,42,0,0,,,37,,33,16,15,6,10,2,1,45,10.945945945945946,2.4324324324324325,4.5,1.4594594594594594,,,,,1.162162162162162,,0.7803468208092486,,,3.725207261781435,0.35520257092753105,,,,,,,,,171.2,4.627027027027027,164,4.4324324324324325,,,,,,,,,,,,,,,,,,,"Koji Uehara","9227",493157
"Chris O'Grady","MIA",5,5,,4.651262591632115,30,12,0,,,79.33329772949219,,83,44,41,12,29,1,4,65,7.373952889172865,3.2899174428617397,2.2413793103448274,1.3613451487703752,,,,,1.411765339465574,,0.7142857142857143,,,4.733270653438838,0.3541022219707106,,,,,,,,,254.66640319824222,3.2100821532289574,271.66648864746094,3.4243690407750287,,,,,,,,,,,,,,,,,,,"Chris O'Grady","13818",622217
"Yuhei Nakaushiro","ARI",2,1,,4.153843977244882,48,0,0,,,60.66669845581055,,58,30,28,4,33,0,3,51,7.56593010141032,4.895601830324325,1.5454545454545454,0.5934062824635545,,,,,1.4999992140050962,,0.7142857142857142,,,4.113683149294038,0.3534686039998988,,,,,,,,,242.93356857299807,4.004397383680772,245.33349227905273,4.043956544919829,,,,,,,,,,,,,,,,,,,"Yuhei Nakaushiro","sa653446",608355
"Zach Lee","SDP",5,9,,5.3311932220869105,22,20,0,,,104.66699981689453,,120,66,62,17,36,0,5,68,5.847115146804998,3.0955315483085286,1.8888888888888888,1.4617787867012495,,,,,1.4904411158522546,,0.6807866868381242,,,5.144894515350207,0.35130763297628104,,,,,,,,,266.43579864501953,2.545556852791471,315.33499908447266,3.0127451788636606,,,,,,,,,,,,,,,,,,,"Zach Lee","11468",545346
"Jake Sanchez","OAK",4,3,,4.050002413989552,45,0,0,,,53.33330154418945,,52,26,24,6,18,1,3,50,8.437505029144901,3.0375018104921643,2.7777777777777777,1.012500603497388,,,,,1.312500782311429,,0.7142857142857143,,,3.9263901524248475,0.3505555235115503,,,,,,,,,222.66643142700192,4.17499807774906,225.66650772094727,4.23124954178902,,,,,,,,,,,,,,,,,,,"Jake Sanchez","sa739743",644425
"Brendan McCurry","HOU",4,3,,4.011430757484849,43,0,0,,,58.33330154418945,,56,28,26,8,18,1,3,58,8.94857630515851,2.777144370566434,3.2222222222222223,1.234286386918415,,,,,1.268572119888371,,0.7324840764331211,,,4.031925884947745,0.3459306066138099,,,,,,,,,240.66643142700198,4.125712501369205,240.66650772094727,4.125713809266123,,,,,,,,,,,,,,,,,,,"Brendan McCurry","sa829486",657680
"Aaron Barrett","WSN",2,1,,3.5526363043966827,31,0,0,,,25.33329963684082,,24,11,10,2,10,0,1,26,9.236854391431375,3.5526363043966827,2.6,0.7105272608793366,,,,,1.3421070483276358,,0.7371794871794872,,,3.4339558512224984,0.34560923745623684,,,,,,,,,119.46641731262207,4.715785903344728,119.6664981842041,4.7236838429913695,,,,,,,,,,,,,,,,,,,"Aaron Barrett","11243",502578
"A.J. Schugel","PIT",4,4,,3.934675478737096,57,0,0.3671000003814697,,,66.33329772949219,,66,31,29,7,25,2,3,56,7.597994027906116,3.391961619600945,2.24,0.9497492534882646,,,,,1.3718600328163821,,0.7389162561576355,,,4.107388947702132,0.34482053288136466,,,,,,,,,263.0019032001495,3.9648549401640447,270.5019886493683,4.0779216156639455,,,,,,,,,,,,,,,,,,,"A.J. Schugel","11432",519263
"Ryan Buchter","OAK",3,2,,3.8117625675411406,63,0,0,,,56.66669845581055,,48,26,24,6,27,1,3,61,9.688229859167066,4.288232888483783,2.259259259259259,0.9529406418852852,,,,,1.3235286692851183,,0.7357357357357358,,,3.96940394470874,0.3446135798956132,,,,,,,,,252.73356857299802,4.460001649294657,237.33349227905273,4.188235749505128,,,,,,,,,,,,,,,,,,,"Ryan Buchter","9456",488748
"Joe Broussard","LAD",3,3,,3.994900136231477,46,0,0,,,65.33329772949219,,63,31,29,9,20,1,4,66,9.091841689354396,2.7551035422286048,3.3,1.2397965940028723,,,,,1.27040885558319,,0.7386363636363635,,,4.030089149252926,0.3433658252829561,,,,,,,,,268.96640319824223,4.116834945510913,269.66648864746094,4.1275505449609415,,,,,,,,,,,,,,,,,,,"Joe Broussard","sa708442",657530
"Brody Koerner","NYY",6,7,,5.292376376974046,18,18,0,,,100.33300018310547,,117,63,59,17,32,1,6,56,5.023272493399094,2.8704414247994823,1.75,1.5249220069247251,,,,,1.4850547649136212,,0.6869009584664536,,,5.380238436332911,0.34129506599203524,,,,,,,,,227.16420135498055,2.264102547919538,278.66500091552734,2.7774012578809564,,,,,,,,,,,,,,,,,,,"Brody Koerner","17748",621259
"Jonathan Dziedzic","KCR",5,6,,5.151945407375044,19,19,0,,,94.33329772949219,,106,58,54,14,39,0,5,64,6.106009371703757,3.720849460881977,1.641025641025641,1.3356895500601969,,,,,1.5371030536407027,,0.69377990430622,,,5.129371887159872,0.3406435299405319,,,,,,,,,246.2664031982422,2.610598899069866,285.66648864746094,3.0282678070539952,,,,,,,,,,,,,,,,,,,"Jonathan Dziedzic","sa659070",571639
"Mat Latos","TOR",4,4,,5.1145350383644095,17,14,0,,,75.66670227050781,,83,46,43,13,30,1,2,56,6.660789817404812,3.5682802593240064,1.8666666666666667,1.5462547790404029,,,,,1.4933913677911583,,0.7067510548523207,,,5.179665174497471,0.34024185831025855,,,,,,,,,200.23359680175787,2.6462577434116854,225.33351135253906,2.9779745197163963,,,,,,,,,,,,,,,,,,,"Mat Latos","3815",502009
"Chris Martin","TEX",2,1,,4.108695652173913,42,0,0,,,46,,49,22,21,5,16,1,2,37,7.239130434782608,3.130434782608696,2.3125,0.9782608695652174,,,,,1.4130434782608696,,0.7413793103448276,,,4.135900563779085,0.3397546096103701,,,,,,,,,171.50000000000003,3.728260869565218,185,4.021739130434782,,,,,,,,,,,,,,,,,,,"Chris Martin","11847",455119
"Josh Hader","MIL",3,3,,3.8969050709568696,67,0,0.6721000075340271,,,64.66670227050781,,49,30,28,10,38,1,4,96,13.360817386137839,5.288656882012894,2.526315789473684,1.3917518110560247,,,,,1.345360084020824,,0.7808219178082192,,,4.1473298709648185,0.33954792335018347,,,,,,,,,297.4940968394279,4.600421645052781,262.6940113902092,4.062276290065507,,,,,,,,,,,,,,,,,,,"Josh Hader","14212",623352
"Bryan Garcia","DET",4,3,,4.096554418468092,51,0,0,,,48.33330154418945,,43,24,22,6,22,3,3,55,10.241386046170232,4.096554418468092,2.5,1.1172421141276616,,,,,1.3448284707092224,,0.724381625441696,,,4.047295451759968,0.33919248153780035,,,,,,,,,207.06643142700193,4.284135881710632,198.66650772094727,4.110344242453899,,,,,,,,,,,,,,,,,,,"Bryan Garcia","19457",650530
"Manny Banuelos","LAA",5,6,,4.804268636472413,32,13,0,,,93.66670227050781,,92,54,50,12,52,0,6,78,7.4946590728969635,4.996439381931309,1.5,1.153024472753379,,,,,1.537365963671172,,0.7075471698113207,,,5.015290233649867,0.33224728204698956,,,,,,,,,288.3335968017577,3.0782934576799263,294.33351135253906,3.1423494605640006,,,,,,,,,,,,,,,,,,,"Manny Banuelos","5365",544365
"Jon Harris","TOR",7,9,,5.413867519775868,24,24,0,,,129.66700744628906,,149,83,78,22,51,1,8,85,5.8997274253967795,3.5398364552380674,1.6666666666666667,1.5269882748085781,,,,,1.5424123987965437,,0.6914893617021277,,,5.417273858450804,0.3306296786043388,,,,,,,,,294.5358551025392,2.2714787740014932,355.3350372314453,2.7403658357630634,,,,,,,,,,,,,,,,,,,"Jon Harris","sa658929",622247
"Michael Tonkin","MIN",3,3,,4.2272727272727275,55,0,0,,,66,,63,33,31,11,25,0,3,79,10.772727272727273,3.409090909090909,3.16,1.5,,,,,1.3333333333333333,,0.7575757575757577,,,4.203094239668413,0.3303926071884273,,,,,,,,,263.30000000000007,3.9893939393939406,261,3.9545454545454546,,,,,,,,,,,,,,,,,,,"Michael Tonkin","10315",543859
"Peter Moylan","KCR",1,1,,3.772061468616281,59,0,0,,,45.33330154418945,,43,20,19,3,19,2,3,36,7.147063835272954,3.772061468616281,1.894736842105263,0.5955886529394129,,,,,1.3676480178608739,,0.726643598615917,,,3.8855813811398163,0.3301171022980012,,,,,,,,,192.76643142700192,4.252203675020214,193.66650772094727,4.272058313074051,,,,,,,,,,,,,,,,,,,"Peter Moylan","4891",493247
"Blake Wood","LAA",4,4,,4.5,65,0,0,,,68,,70,36,34,7,31,2,2,60,7.9411764705882355,4.102941176470588,1.935483870967742,0.9264705882352942,,,,,1.4852941176470589,,0.712719298245614,,,4.18705145891975,0.329105708121985,,,,,,,,,256.1,3.7661764705882357,270,3.9705882352941178,,,,,,,,,,,,,,,,,,,"Blake Wood","1345",502028
"James Farris","COL",3,2,,4.365266968237729,46,0,0,,,55.66669845581055,,55,29,27,8,21,2,3,56,9.05388704523381,3.3952076419626787,2.6666666666666665,1.2934124350334013,,,,,1.365268681424146,,0.7253086419753086,,,4.307339636465779,0.32879357014541133,,,,,,,,,210.5335685729981,3.7820379942260143,214.33349227905273,3.850300057748088,,,,,,,,,,,,,,,,,,,"James Farris","sa708443",592295
"Matt Purke","NYM",4,4,,3.898397710054423,47,0,0,,,62.33330154418945,,55,29,27,5,36,1,3,64,9.240646423832708,5.1978636134058975,1.7777777777777777,0.7219255018619302,,,,,1.4598937926541256,,0.7380952380952381,,,4.0239502964481835,0.3286637075533874,,,,,,,,,267.766431427002,4.2957203419937,257.66650772094727,4.133689397765684,,,,,,,,,,,,,,,,,,,"Matt Purke","12831",545357
"Austin Brice","CIN",3,2,,4.164891504281884,49,0,0,,,62.66669845581055,,61,31,29,7,23,2,4,53,7.611698266446202,3.3031898137408047,2.3043478260869565,1.0053186389645927,,,,,1.3404248519527902,,0.7142857142857143,,,4.210830649319631,0.32733275518465804,,,,,,,,,244.03356857299812,3.8941507145949057,247.33349227905273,3.9468090448942363,,,,,,,,,,,,,,,,,,,"Austin Brice","17237",592169
"Ryne Harper","SEA",4,4,,4.14110671734179,41,0,0,,,54.33330154418945,,52,27,25,6,23,1,3,55,9.110434778151939,3.809818179954447,2.391304347826087,0.9938656121620296,,,,,1.3803689057805968,,0.7207207207207208,,,4.004265956425967,0.32437206821523484,,,,,,,,,225.06643142700202,4.142329382357793,225.66650772094727,4.1533737377879,,,,,,,,,,,,,,,,,,,"Ryne Harper","12680",607560
"Ryan Atkinson","ARI",8,9,,5.304969788693016,24,24,0,,,113.66699981689453,,115,72,67,19,69,1,7,114,9.026366506134384,5.46332709581818,1.6521739130434783,1.504394417689064,,,,,1.6187635839461274,,0.7115628970775095,,,5.330653853098071,0.3229935600436179,,,,,,,,,308.43579864501953,2.713503471912489,321.33499908447266,2.826985841115796,,,,,,,,,,,,,,,,,,,"Ryan Atkinson","sa921224",670866
"Austin Davis","PHI",4,4,,4.30219554786077,39,0,0,,,60.66669845581055,,59,31,29,7,26,1,3,57,8.456039525105652,3.8571408360131043,2.1923076923076925,1.0384609943112204,,,,,1.401098166927837,,0.7180851063829787,,,4.2125841963712976,0.3221222873405658,,,,,,,,,236.43356857299804,3.8972545826804073,239.33349227905273,3.94505549784257,,,,,,,,,,,,,,,,,,,"Austin Davis","17117",656354
"Deolis Guerra","TEX",4,3,,4.313611901645492,46,0,0,,,56.33330154418945,,58,29,27,8,17,0,3,50,7.9881701882323926,2.7159778639990133,2.9411764705882355,1.2781072301171827,,,,,1.3313616980387322,,0.7210031347962382,,,4.293735009873585,0.32139153540155013,,,,,,,,,207.666431427002,3.6863884369372975,217.66650772094727,3.863904684340282,,,,,,,,,,,,,,,,,,,"Deolis Guerra","8410",500610
"Jake Kalish","KCR",4,5,,4.747252747252747,29,10,0,,,91,,101,51,48,13,29,2,6,59,5.835164835164835,2.868131868131868,2.0344827586206895,1.2857142857142858,,,,,1.4285714285714286,,0.7066189624329159,,,4.871925408499582,0.3212450483349455,,,,,,,,,263.9,2.9,299,3.2857142857142856,,,,,,,,,,,,,,,,,,,"Jake Kalish","sa709032",592455
"Dean Deetz","HOU",6,7,,5.049620379227655,26,17,0,,,87.33329772949219,,84,52,49,11,58,1,5,83,8.553438601548883,5.97710167337151,1.4310344827586208,1.1335882483980448,,,,,1.62595486133861,,0.7109004739336493,,,5.058403827891397,0.3199733786763953,,,,,,,,,269.56640319824214,3.0866394629137015,270.66648864746094,3.0992358663224704,,,,,,,,,,,,,,,,,,,"Dean Deetz","16687",657209
"Louis Head","CLE",3,2,,4.189655172413793,49,0,0,,,58,,55,29,27,5,31,1,3,55,8.53448275862069,4.810344827586207,1.7741935483870968,0.7758620689655172,,,,,1.4827586206896552,,0.7215189873417721,,,4.140398314903522,0.31959140972347877,,,,,,,,,232.70000000000005,4.012068965517242,233,4.017241379310345,,,,,,,,,,,,,,,,,,,"Louis Head","13259",545343
"Jose Rafael De Paula","CIN",4,3,,4.090909090909091,39,0,0,,,55,,50,27,25,7,25,0,3,60,9.818181818181818,4.090909090909091,2.4,1.1454545454545455,,,,,1.3636363636363635,,0.7361963190184049,,,4.157639694213867,0.31926535985786,,,,,,,,,226.89999999999998,4.125454545454545,220,4,,,,,,,,,,,,,,,,,,,"Jose Rafael De Paula","sa657482",606127
"Junichi Tazawa","MIA",4,4,,4.129409448169569,58,0,0,,,56.66669845581055,,57,28,26,7,17,2,1,50,7.94117201571071,2.6999984853416414,2.9411764705882355,1.1117640821994994,,,,,1.3058816203613166,,0.7165109034267912,,,3.9517568957849383,0.31894033255499865,,,,,,,,,231.033568572998,4.077060687648163,238.33349227905273,4.205882798428929,,,,,,,,,,,,,,,,,,,"Junichi Tazawa","4079",547749
"Jarred Cosart","SDP",5,7,,5.178084085887156,21,20,0,,,97.33329772949219,,101,60,56,11,59,1,3,67,6.195207745614991,5.4554814476311115,1.1355932203389831,1.0171236597278344,,,,,1.6438362177419545,,0.6915629322268326,,,5.161065084586874,0.3188913503483037,,,,,,,,,270.3664031982422,2.777738035236842,291.66648864746094,2.996574609626993,,,,,,,,,,,,,,,,,,,"Jarred Cosart","10304",543054
"Tyler Clippard","HOU",5,4,,3.9244207805926195,64,0,0,,,57.33330154418945,,47,27,25,8,26,1,2,68,10.674424523211924,4.081397611816324,2.6153846153846154,1.255814649789638,,,,,1.2732565199256054,,0.7443365695792881,,,4.064616941284162,0.31877245850228625,,,,,,,,,255.666431427002,4.459300695075932,234.66650772094727,4.093022752929706,,,,,,,,,,,,,,,,,,,"Tyler Clippard","5640",461325
"Josh James","HOU",6,7,,5.06249801201057,23,15,0,,,90.66670227050781,,96,55,51,12,46,0,6,69,6.849262016249594,4.566174677499729,1.5,1.1911760028260163,,,,,1.56617585556754,,0.694888178913738,,,5.076756587655783,0.3164906867440406,,,,,,,,,255.7335968017578,2.8205900335799816,279.33351135253906,3.0808831065580846,,,,,,,,,,,,,,,,,,,"Josh James","16794",657624
"Fernando Salas","ARI",3,2,,4.374299345443052,62,0,0,,,59.66669845581055,,61,31,29,9,18,4,1,57,8.597760782422549,2.715082352343963,3.1666666666666665,1.3575411761719816,,,,,1.3240216409578585,,0.7228915662650601,,,4.163225750637557,0.31498912804345347,,,,,,,,,229.2335685729981,3.8419013370208446,238.33349227905273,3.99441394357631,,,,,,,,,,,,,,,,,,,"Fernando Salas","4971",477569
"Simon Castro","OAK",6,5,,4.009903110415149,54,0,0,,,67.33329772949219,,60,32,30,9,28,1,4,75,10.024757776037871,3.7425762363874724,2.6785714285714284,1.2029709331245446,,,,,1.3069313841353078,,0.7427055702917771,,,4.093283753310735,0.31497488953867253,,,,,,,,,285.5664031982422,4.241087438572955,273.66648864746094,4.064355940903132,,,,,,,,,,,,,,,,,,,"Simon Castro","9243",501563
"Ryan Sherriff","STL",4,4,,3.9619585752272477,55,0,0,,,61.33330154418945,,62,29,27,6,22,2,3,50,7.336960324494903,3.2282625427777574,2.272727272727273,0.8804352389393884,,,,,1.3695659272390486,,0.7275132275132276,,,4.021770576876601,0.314848638162131,,,,,,,,,243.86643142700197,3.976085181902379,253.66650772094727,4.135869117337267,,,,,,,,,,,,,,,,,,,"Ryan Sherriff","12249",595411
"Sam Freeman","ATL",2,2,,4.095507812236299,57,1,0,,,59.33330154418945,,55,29,27,5,34,1,3,59,8.949442997108951,5.157306133927192,1.7352941176470589,0.7584273726363517,,,,,1.5000008036585624,,0.7317073170731707,,,4.135168307834054,0.31342667487741543,,,,,,,,,241.56643142700204,4.071346531207125,238.66650772094727,4.022471386379813,,,,,,,,,,,,,,,,,,,"Sam Freeman","6832",518693
"Matt Albers","MIL",4,3,,3.75,53,0,0,,,48,,44,21,20,6,15,1,3,45,8.4375,2.8125,3,1.125,,,,,1.2291666666666667,,0.7509881422924901,,,4.032639694213867,0.3128515183920009,,,,,,,,,203.00000000000003,4.229166666666667,198,4.125,,,,,,,,,,,,,,,,,,,"Matt Albers","4300",458006
"Ian Krol","LAA",3,2,,4.129409448169569,61,0,0,,,56.66669845581055,,56,28,26,7,21,2,3,54,8.576465776967567,3.335292246598498,2.5714285714285716,1.1117640821994994,,,,,1.3588227671327215,,0.7291666666666666,,,4.128227385022954,0.31111716963527325,,,,,,,,,223.63356857299803,3.946472525612031,228.33349227905273,4.0294123091909135,,,,,,,,,,,,,,,,,,,"Ian Krol","10066",571871
"Mike Mayers","STL",6,8,,5.023241219529446,30,18,0,,,114.66699981689453,,127,68,64,19,42,1,6,88,6.906956676852988,3.2965020503161986,2.0952380952380953,1.491274737047804,,,,,1.4738329272577713,,0.7092696629213483,,,5.0326342466423934,0.3109606266166814,,,,,,,,,316.6357986450194,2.7613506863407764,358.33499908447266,3.1250054475714744,,,,,,,,,,,,,,,,,,,"Mike Mayers","15451",594577
"Jason Hursh","ATL",4,4,,4.184997764970066,51,0,0,,,66.66670227050781,,69,33,31,5,29,0,4,50,6.749996395113009,3.914997909165545,1.7241379310344827,0.6749996395113009,,,,,1.469999214935722,,0.7142857142857143,,,4.117639181518829,0.3107060569418871,,,,,,,,,253.43359680175783,3.8015019218053094,269.33351135253906,4.0400005126950385,,,,,,,,,,,,,,,,,,,"Jason Hursh","14914",592422
"Mark Montgomery","DET",3,2,,4.105263157894737,45,0,0,,,57,,54,28,26,7,23,1,3,55,8.68421052631579,3.6315789473684212,2.391304347826087,1.105263157894737,,,,,1.3508771929824561,,0.7291666666666666,,,4.192727413512113,0.309433998122379,,,,,,,,,227.29999999999993,3.987719298245613,226,3.9649122807017543,,,,,,,,,,,,,,,,,,,"Mark Montgomery","sa598328",605384
"Riley Ferrell","HOU",2,2,,3.9554164154006664,38,0,0,,,52.33330154418945,,51,25,23,6,17,0,3,46,7.910832830801333,2.923568654861362,2.7058823529411766,1.0318477605393042,,,,,1.2993638466050499,,0.7214765100671141,,,4.036621119858459,0.3075944529805007,,,,,,,,,212.86643142700197,4.067513899295284,215.66650772094727,4.121018574355407,,,,,,,,,,,,,,,,,,,"Riley Ferrell","sa874967",621068
"Thyago Vieira","CHW",3,3,,4.153846153846154,43,0,0,,,52,,51,26,24,3,28,0,3,40,6.923076923076923,4.846153846153846,1.4285714285714286,0.5192307692307693,,,,,1.5192307692307692,,0.7085561497326204,,,4.157639694213867,0.30756959753138724,,,,,,,,,202.29999999999998,3.890384615384615,208,4,,,,,,,,,,,,,,,,,,,"Thyago Vieira","14510",600986
"Justin Miller","WSN",3,2,,4.32,44,0,0,,,50,,51,26,24,6,16,0,2,42,7.56,2.88,2.625,1.08,,,,,1.34,,0.6996587030716723,,,4.117639694213867,0.3071898346042548,,,,,,,,,193.6,3.872,202,4.04,,,,,,,,,,,,,,,,,,,"Justin Miller","8580",502522
"James Pugliese","CHC",5,5,,4.558441558441558,41,7,0,,,77,,81,42,39,7,40,1,5,54,6.311688311688312,4.675324675324675,1.35,0.8181818181818182,,,,,1.5714285714285714,,0.710431654676259,,,4.6901072266814,0.30565746843389774,,,,,,,,,246.10000000000005,3.196103896103897,267,3.4675324675324677,,,,,,,,,,,,,,,,,,,"James Pugliese","sa598816",605430
"Matt Dermody","TOR",4,3,,4.248728660846798,53,1,0,,,65.66670227050781,,71,33,31,9,15,1,4,48,6.57867663614988,2.0558364487968372,3.2,1.2335018692781023,,,,,1.3096439599742815,,0.7220708446866484,,,4.345456309074263,0.3056131416632733,,,,,,,,,229.63359680175788,3.496956430913857,250.33351135253906,3.812183385139605,,,,,,,,,,,,,,,,,,,"Matt Dermody","14844",571616
"Eddie Butler","CHC",6,7,,5.173668176126333,23,21,0,,,111.33300018310547,,126,68,64,16,47,2,5,65,5.254506741378307,3.799412566842776,1.3829787234042554,1.2934170440315833,,,,,1.553896865399055,,0.6972111553784861,,,5.259442390765191,0.3051697700294291,,,,,,,,,273.46420135498045,2.4562726317015033,322.66500091552734,2.898197303448677,,,,,,,,,,,,,,,,,,,"Eddie Butler","13453",572750
"Rowan Wick","SDP",1,2,,4.071428571428571,39,0,0,,,42,,38,20,19,2,27,0,2,41,8.785714285714286,5.785714285714286,1.5185185185185186,0.42857142857142855,,,,,1.5476190476190477,,0.7234726688102894,,,3.8957349323091055,0.30395548988112425,,,,,,,,,182.39999999999998,4.3428571428571425,179,4.261904761904762,,,,,,,,,,,,,,,,,,,"Rowan Wick","14646",592858
"Leonel Campos","CLE",2,2,,4.006449147840224,44,1,0,,,51.66669845581055,,44,25,23,6,29,1,3,60,10.451606472626672,5.051609795102892,2.0689655172413794,1.045160647262667,,,,,1.4129023564847167,,0.7430340557275542,,,4.202800341476534,0.30291263836114773,,,,,,,,,218.13356857299803,4.221937439249445,204.33349227905273,3.954839352737333,,,,,,,,,,,,,,,,,,,"Leonel Campos","12277",599998
"Bruce Rondón","CHW",4,4,,4.44303529290592,58,0,0,,,52.66669845581055,,45,28,26,5,36,3,3,64,10.936702259460727,6.151895020946659,1.7777777777777777,0.8544298640203694,,,,,1.5379737552366648,,0.7162162162162162,,,4.182955531038311,0.2968485167081765,,,,,,,,,222.23356857299814,4.219622172813072,209.33349227905273,3.974684163175557,,,,,,,,,,,,,,,,,,,"Bruce Rondon","5766",541652
"Pedro Báez","LAD",4,3,,3.857142857142857,66,0,0,,,63,,57,29,27,9,23,1,2,67,9.571428571428571,3.2857142857142856,2.9130434782608696,1.2857142857142858,,,,,1.2698412698412698,,0.7566765578635014,,,4.078274614848788,0.2965557339237221,,,,,,,,,266.30000000000007,4.226984126984128,257,4.079365079365079,,,,,,,,,,,,,,,,,,,"Pedro Baez","5420",520980
"Rex Brothers","ATL",4,3,,4.16912057057589,54,0,0,,,45.33330154418945,,35,22,21,4,35,2,1,62,12.308832160747865,6.9485342842931495,1.7714285714285714,0.7941182039192171,,,,,1.5441187298429222,,0.7453416149068323,,,3.9517578981330845,0.295807228344354,,,,,,,,,211.26643142700198,4.660292196478702,190.66650772094727,4.205881796080783,,,,,,,,,,,,,,,,,,,"Rex Brothers","9794",571521
"Daniel Ponce de Leon","STL",5,6,,4.951558923472498,19,19,0,,,96.33329772949219,,102,57,53,13,48,0,6,71,6.633220444651838,4.4844307231449045,1.4791666666666667,1.2145333208517448,,,,,1.5570940010919807,,0.7056145675265554,,,5.119578135589763,0.29305377932605564,,,,,,,,,267.76640319824224,2.779583067426397,292.66648864746094,3.0380615586241047,,,,,,,,,,,,,,,,,,,"Daniel Ponce de Leon","16110",594965
"Craig Stammen","SDP",2,3,,4.099474392898723,49,0,1.8107999563217163,,,63.66669845581055,,63,31,29,8,22,2,2,57,8.05758759983542,3.1099460911645482,2.590909090909091,1.1308894876961995,,,,,1.3350778674191244,,0.7317073170731707,,,4.131461197507817,0.2919934564113634,,,,,,,,,259.9875683546066,4.083572333110023,265.3874920606613,4.1683878463536175,,,,,,,,,,,,,,,,,,,"Craig Stammen","7274",489334
"Henderson Alvarez","PHI",3,4,,5.22972972972973,14,14,0,,,74,,87,46,43,12,25,2,3,41,4.986486486486487,3.0405405405405403,1.64,1.4594594594594594,,,,,1.5135135135135136,,0.6932773109243697,,,5.2927748293490025,0.2899875865124736,,,,,,,,,171.79999999999998,2.3216216216216212,212,2.864864864864865,,,,,,,,,,,,,,,,,,,"Henderson Alvarez","5669",506693
"Roenis Elías","BOS",7,8,,5.12217003422398,21,19,0,,,103.66699981689453,,112,63,59,16,49,1,6,79,6.858498859384651,4.254005621643644,1.6122448979591837,1.389063060128537,,,,,1.5530496713937114,,0.7070707070707071,,,5.231588013155781,0.28962457120605545,,,,,,,,,272.13579864501963,2.6250957308081553,303.33499908447266,2.926051681058087,,,,,,,,,,,,,,,,,,,"Roenis Elias","12673",606273
"Shawn Kelley","WSN",3,3,,4.084030340474921,48,0,0,,,39.66669845581055,,36,19,18,7,13,2,0,48,10.890747574599791,2.949577468120777,3.6923076923076925,1.5882340212958028,,,,,1.2352931276745134,,0.7653061224489796,,,4.0147818644369995,0.2881912366502423,,,,,,,,,170.833568572998,4.306725168047697,164.33349227905273,4.142857829776868,,,,,,,,,,,,,,,,,,,"Shawn Kelley","7773",518875
"Austin Coley","PIT",5,7,,5.2388059701492535,29,23,0,,,134,,155,83,78,26,35,0,8,92,6.17910447761194,2.3507462686567164,2.6285714285714286,1.7462686567164178,,,,,1.4179104477611941,,0.6966145833333334,,,5.26957999272133,0.28754940327417333,,,,,,,,,323.79999999999995,2.4164179104477608,387,2.888059701492537,,,,,,,,,,,,,,,,,,,"Austin Coley","sa738368",643261
"Jeff Ferrell","BAL",2,2,,4.448861225701882,56,0,0,,,58.66669845581055,,61,31,29,9,19,2,2,54,8.28408642027247,2.9147711478736467,2.8421052631578947,1.3806810700454115,,,,,1.363635624736209,,0.7270029673590503,,,4.3849117564764555,0.2866484200667555,,,,,,,,,209.83356857299802,3.5767066171458537,221.33349227905273,3.772727937737412,,,,,,,,,,,,,,,,,,,"Jeff Ferrell","11506",594815
"Jake Reed","MIN",3,2,,4.383119597447133,40,0,0,,,51.33330154418945,,52,27,25,4,24,1,3,41,7.188316139813299,4.207794813549248,1.7083333333333333,0.7012991355915413,,,,,1.4805203973599208,,0.6960227272727272,,,4.151146802968551,0.28633973003425456,,,,,,,,,196.466431427002,3.8272705147919814,205.66650772094727,4.006492891245316,,,,,,,,,,,,,,,,,,,"Jake Reed","16209",596082
"Eric Stout","KCR",4,4,,4.206032408305171,45,1,0,,,66.33329772949219,,68,33,31,5,29,1,4,46,6.241209380065738,3.934675478737096,1.5862068965517242,0.678392323920189,,,,,1.4623123426724074,,0.7111111111111111,,,4.24306741248617,0.28345068549055497,,,,,,,,,245.5664031982422,3.70200806538617,259.66648864746094,3.9145722817276978,,,,,,,,,,,,,,,,,,,"Eric Stout","16873",657770
"Josh Lucas","STL",5,4,,3.857142857142857,50,0,0,,,63,,61,29,27,8,20,2,4,59,8.428571428571429,2.857142857142857,2.95,1.1428571428571428,,,,,1.2857142857142858,,0.7449856733524356,,,4.078274614848788,0.2828951553817838,,,,,,,,,255.20000000000007,4.050793650793652,257,4.079365079365079,,,,,,,,,,,,,,,,,,,"Josh Lucas","11686",572998
"Oliver Pérez","WSN",1,1,,3.8942271982457104,52,0,0,,,34.66669845581055,,32,16,15,4,15,2,4,41,10.644221008538276,3.8942271982457104,2.7333333333333334,1.038460586198856,,,,,1.3557679875373954,,0.748792270531401,,,3.9364851338630094,0.2814472955049554,,,,,,,,,149.13356857299806,4.301925917840079,146.33349227905273,4.221154560350858,,,,,,,,,,,,,,,,,,,"Oliver Perez","1514",424144
"Frankie Montas","OAK",3,2,,3.8028194553882004,50,0,0,,,47.33330154418945,,41,21,20,6,22,0,3,57,10.83803544785637,4.18310140092702,2.590909090909091,1.1408458366164602,,,,,1.33098680938587,,0.7692307692307692,,,3.9815839095479775,0.2813285709686585,,,,,,,,,208.86643142700194,4.412674050045047,197.66650772094727,4.17605578466589,,,,,,,,,,,,,,,,,,,"Frankie Montas","14309",593423
"Eric Yardley","SDP",2,3,,4.292307692307692,50,0,0,,,65,,69,33,31,7,19,1,3,46,6.369230769230769,2.6307692307692307,2.4210526315789473,0.9692307692307692,,,,,1.353846153846154,,0.7033248081841432,,,4.157639694213867,0.27900398184485753,,,,,,,,,241.49999999999997,3.715384615384615,260,4,,,,,,,,,,,,,,,,,,,"Eric Yardley","15538",642233
"Junior Guerra","MIL",5,5,,5,23,19,0,,,99,,94,59,55,18,49,1,4,92,8.363636363636363,4.454545454545454,1.8775510204081634,1.6363636363636365,,,,,1.4444444444444444,,0.7130730050933787,,,5.268750805324979,0.27767688584489186,,,,,,,,,291.80000000000007,2.947474747474748,286,2.888888888888889,,,,,,,,,,,,,,,,,,,"Junior Guerra","5702",448855
"John Means","BAL",7,10,,5.702290076335878,25,24,0,,,131,,155,89,83,27,41,0,8,87,5.977099236641221,2.816793893129771,2.1219512195121952,1.8549618320610688,,,,,1.4961832061068703,,0.6763590391908977,,,5.630922136961959,0.2752953484491061,,,,,,,,,261.30000000000007,1.9946564885496187,331,2.5267175572519083,,,,,,,,,,,,,,,,,,,"John Means","16269",607644
"Madison Younginer IV","SFG",4,4,,4.164891504281884,43,2,0,,,62.66669845581055,,60,31,29,6,30,1,3,59,8.473399956987281,4.308508452705397,1.9666666666666666,0.8617016905410795,,,,,1.4361694842351325,,0.7230392156862746,,,4.099128578323565,0.27521495526906664,,,,,,,,,252.93356857299813,4.036171919147047,254.33349227905273,4.058511115890302,,,,,,,,,,,,,,,,,,,"Madison Younginer IV","10636",572283
"Zac Reininger","DET",3,2,,4.363636363636363,53,0,0,,,66,,68,34,32,7,25,1,2,48,6.545454545454546,3.409090909090909,1.92,0.9545454545454546,,,,,1.4090909090909092,,0.7091346153846153,,,4.309154845729019,0.2743195448458588,,,,,,,,,240.50000000000006,3.643939393939395,254,3.8484848484848486,,,,,,,,,,,,,,,,,,,"Zac Reininger","15285",643617
"Hunter Harvey","BAL",1,0,,4.3199912658868,8,8,0,,,16.66670036315918,,14,9,8,2,9,0,1,19,10.259979256481149,4.859990174122649,2.111111111111111,1.0799978164717,,,,,1.379997209936061,,0.6930693069306931,,,4.237637510685567,0.2743130131690257,,,,,,,,,70.33358268737794,4.220006429277774,65.3335018157959,3.9200021835283003,,,,,,,,,,,,,,,,,,,"Hunter Harvey","15507",640451
"Kyle Zimmer","KCR",1,1,,4.426226048214671,17,5,0,,,40.66669845581055,,40,21,20,5,19,0,2,36,7.967206886786409,4.204914745803938,1.894736842105263,1.1065565120536678,,,,,1.4508185380259202,,0.7307692307692307,,,4.534687798102876,0.2743040152248458,,,,,,,,,144.43356857299807,3.5516423525244667,147.33349227905273,3.622951896110991,,,,,,,,,,,,,,,,,,,"Kyle Zimmer","14169",622092
"Austen Williams","WSN",7,9,,5.597578032021922,22,22,0,,,109.33300018310547,,132,73,68,18,39,0,7,63,5.185991412020311,3.2103756360125733,1.6153846153846154,1.481711832005803,,,,,1.5640291560061255,,0.672153635116598,,,5.40764655022268,0.2740922931538875,,,,,,,,,232.4642013549805,2.126203442379346,300.66500091552734,2.749993143991188,,,,,,,,,,,,,,,,,,,"Austen Williams","16309",657117
"Casey Sadler","PIT",4,5,,5.086956521739131,24,8,0,,,69,,78,42,39,12,17,1,3,49,6.391304347826087,2.217391304347826,2.8823529411764706,1.565217391304348,,,,,1.3768115942028984,,0.6777493606138107,,,4.867784621750099,0.2733359008792549,,,,,,,,,198.2,2.8724637681159417,227,3.289855072463768,,,,,,,,,,,,,,,,,,,"Casey Sadler","11209",594987
"Andrew Barbosa","MIL",4,4,,4.790322580645161,28,8,0,,,62,,61,35,33,10,31,1,3,64,9.290322580645162,4.5,2.064516129032258,1.4516129032258065,,,,,1.4838709677419355,,0.7307692307692307,,,4.835059049052577,0.2720522201570942,,,,,,,,,203.19999999999996,3.277419354838709,206,3.3225806451612905,,,,,,,,,,,,,,,,,,,"Andrew Barbosa","sa327830",502373
"Jason García","BAL",5,6,,5.0427994605871875,33,7,0,,,85.66670227050781,,91,51,48,9,50,0,5,58,6.093382681542852,5.25291610477832,1.16,0.9455248988600977,,,,,1.6459137128305403,,0.7009345794392523,,,5.095382079532092,0.27200511896367713,,,,,,,,,237.63359680175788,2.7739318837252265,262.33351135253906,3.062257614681775,,,,,,,,,,,,,,,,,,,"Jason Garcia","12143",592329
"Derian González","STL",5,6,,4.959181511437827,21,18,0,,,81.66670227050781,,85,48,45,9,49,1,5,62,6.8326500824254515,5.399997645787857,1.2653061224489797,0.9918363022875655,,,,,1.640815611191775,,0.7084019769357496,,,5.05559805044316,0.27133853467444224,,,,,,,,,234.63359680175785,2.873063198077618,253.33351135253906,3.102041643770708,,,,,,,,,,,,,,,,,,,"Derian Gonzalez","sa737568",642524
"Mike Morin","SEA",2,2,,4.374299345443052,51,1,0,,,59.66669845581055,,62,31,29,8,16,2,3,49,7.391057514714121,2.413406535416856,3.0625,1.206703267708428,,,,,1.307261873350797,,0.7035928143712575,,,4.213505053458742,0.2696293703884796,,,,,,,,,222.9335685729981,3.736314801096357,235.33349227905273,3.9441346407551254,,,,,,,,,,,,,,,,,,,"Mike Morin","13442",573046
"Sergio Romo","TBR",2,2,,3.883559107088646,53,0,0,,,48.66669845581055,,44,22,21,8,13,2,1,53,9.801363460747535,2.4041080186739237,4.076923076923077,1.4794510884147223,,,,,1.171232111661655,,0.7641921397379913,,,3.9795569655553797,0.26559667147810045,,,,,,,,,211.33356857299802,4.342467750609574,203.33349227905273,4.178082728658487,,,,,,,,,,,,,,,,,,,"Sergio Romo","9817",489265
"Daniel Camarena","CHC",6,7,,5.097345132743363,23,22,0,,,113,,128,68,64,20,37,0,6,73,5.814159292035399,2.9469026548672566,1.972972972972973,1.592920353982301,,,,,1.4601769911504425,,0.708029197080292,,,5.308082172089973,0.2647812709224508,,,,,,,,,274.40000000000003,2.4283185840707966,322,2.849557522123894,,,,,,,,,,,,,,,,,,,"Daniel Camarena","14467",547176
"Xavier Cedeño","TBR",3,2,,3.8942271982457104,47,0,0,,,34.66669845581055,,32,16,15,4,13,1,1,36,9.346145275789706,3.3749969051462823,2.769230769230769,1.038460586198856,,,,,1.2980757327485701,,0.7360406091370558,,,3.792254496890946,0.2635886657211962,,,,,,,,,154.13356857299806,4.446156554812143,151.33349227905273,4.365385197322921,,,,,,,,,,,,,,,,,,,"Xavier Cedeno","36",458584
"Shea Spitzbarth","LAD",4,3,,4.090909090909091,43,0,0,,,66,,64,32,30,8,27,0,4,66,9,3.6818181818181817,2.4444444444444446,1.0909090909090908,,,,,1.378787878787879,,0.7393483709273183,,,4.142488179062353,0.2627343510432197,,,,,,,,,262.60000000000014,3.9787878787878808,265,4.015151515151516,,,,,,,,,,,,,,,,,,,"Shea Spitzbarth","18475",665661
"Richard Bleier","BAL",2,2,,4.184997764970066,58,0,0,,,66.66670227050781,,75,33,31,8,12,2,4,32,4.319997692872326,1.619999134827122,2.6666666666666665,1.0799994232180814,,,,,1.3049993030551819,,0.712401055408971,,,4.477638989258189,0.26031670255728123,,,,,,,,,215.93359680175786,3.239002222212559,245.33351135253906,3.680000704955678,,,,,,,,,,,,,,,,,,,"Richard Bleier","7803",542947
"Mike Zagurski","MIL",3,2,,4.0344827586206895,27,0,0,,,29,,24,14,13,3,16,1,2,37,11.482758620689655,4.9655172413793105,2.3125,0.9310344827586207,,,,,1.3793103448275863,,0.7262569832402235,,,3.8128121080069706,0.2597756360582457,,,,,,,,,135.3,4.665517241379311,126,4.344827586206897,,,,,,,,,,,,,,,,,,,"Mike Zagurski","9683",489448
"Fernando Rodney","MIN",5,4,,4.127391042157217,58,0,30.193700790405273,,,52.33330154418945,,46,26,24,6,26,3,5,58,9.974528351879941,4.471340295670318,2.230769230769231,1.0318477605393042,,,,,1.3757970140524056,,0.7232704402515723,,,4.208595746615011,0.2587535076404408,,,,,,,,,367.8349353790283,7.028697302203149,357.63501167297363,6.833794183059366,,,,,,,,,,,,,,,,,,,"Fernando Rodney","494",407845
"Huston Street","LAA",2,2,,3.857142857142857,38,0,0,,,35,,34,16,15,4,12,2,0,30,7.714285714285714,3.085714285714286,2.5,1.0285714285714285,,,,,1.3142857142857143,,0.7425742574257426,,,3.957639694213867,0.25833905833682097,,,,,,,,,145.4,4.154285714285715,147,4.2,,,,,,,,,,,,,,,,,,,"Huston Street","8258",434718
"Ricardo Rodríguez","TEX",3,3,,4.389160252153236,68,0,0,,,67.66670227050781,,66,35,33,10,27,1,4,67,8.911325360432327,3.591131115398102,2.4814814814814814,1.3300485612585562,,,,,1.3743835133005082,,0.7341772151898734,,,4.472909938125106,0.2571868786626919,,,,,,,,,247.13359680175782,3.652218720720335,249.33351135253906,3.684729756088761,,,,,,,,,,,,,,,,,,,"Ricardo Rodriguez","15458",600965
"James Sherfy","ARI",3,2,,4.050002413989552,54,0,0,,,53.33330154418945,,47,26,24,9,22,0,3,68,11.475006839637064,3.712502212823756,3.090909090909091,1.5187509052460821,,,,,1.2937507711355514,,0.7624113475177305,,,4.20764032006301,0.2555166216306376,,,,,,,,,222.76643142700198,4.176873078866649,210.66650772094727,3.949999374150857,,,,,,,,,,,,,,,,,,,"James Sherfy","15118",642073
"Max Fried","ATL",6,8,,5.185991412020311,28,24,0,,,109.33300018310547,,114,67,63,14,67,2,8,91,7.490876484029338,5.5152607080216,1.3582089552238805,1.1524425360045134,,,,,1.6554928493398169,,0.7063197026022304,,,5.215572794221927,0.2551977891167896,,,,,,,,,297.4642013549804,2.72071744904834,321.66500091552734,2.94206689999194,,,,,,,,,,,,,,,,,,,"Max Fried","13743",608331
"Jayson Aquino","BAL",6,9,,5.715861524452067,25,22,0,,,119.66699981689453,,140,81,76,23,44,0,6,78,5.866278932990279,3.3091829878406704,1.7727272727272727,1.7298001981894413,,,,,1.5376001761683924,,0.678524374176548,,,5.6061008443081,0.2541178960347651,,,,,,,,,244.63579864501935,2.044304603769984,305.33499908447266,2.5515388499057665,,,,,,,,,,,,,,,,,,,"Jayson Aquino","13150",593969
"Boone Logan","MIL",2,1,,3.6818224112898177,47,0,0,,,29.33329963684082,,24,13,12,4,14,2,2,40,12.27274137096606,4.2954594798381205,2.857142857142857,1.2272741370966058,,,,,1.295456033601973,,0.7716049382716049,,,3.839458659267537,0.2537274468545122,,,,,,,,,137.4664173126221,4.686360519086395,126.6664981842041,4.31818103494633,,,,,,,,,,,,,,,,,,,"Boone Logan","5525",457429
"Jeanmar Gómez","CHW",3,3,,4.44303529290592,47,0,0,,,52.66669845581055,,58,28,26,6,16,3,2,37,6.322780993750733,2.7341755648651818,2.3125,1.0253158368244433,,,,,1.4050624430557184,,0.701219512195122,,,4.258904852284566,0.2532890114695084,,,,,,,,,185.13356857299806,3.5151922182540543,205.33349227905273,3.898734841929302,,,,,,,,,,,,,,,,,,,"Jeanmar Gomez","9033",491646
"Dennis Santana","LAD",7,8,,5.067433828005268,25,20,0,,,113.66699981689453,,115,68,64,17,63,0,7,101,7.997044009820814,4.988255174442686,1.6031746031746033,1.3460371105638995,,,,,1.565977814904406,,0.7133592736705577,,,5.172296545972906,0.2527094101960482,,,,,,,,,325.03579864501955,2.859544099594585,339.33499908447266,2.985343148240961,,,,,,,,,,,,,,,,,,,"Dennis Santana","17878",642701
"Josh Collmenter","ATL",4,4,,4.878153449760511,25,11,0,,,79.33329772949219,,85,46,43,14,26,2,2,61,6.920171172916073,2.949581155669146,2.3461538461538463,1.5882360068987709,,,,,1.3991602917917743,,0.711159737417943,,,4.972766559241034,0.2523044831838489,,,,,,,,,231.8664031982422,2.9226870662663225,252.66648864746094,3.1848731349728334,,,,,,,,,,,,,,,,,,,"Josh Collmenter","7312",518567
"Zach Putnam","CHW",3,3,,4.049997241158321,47,0,0,,,46.66669845581055,,39,22,21,7,24,5,4,63,12.149991723474963,4.62856827560951,2.625,1.349999080386107,,,,,1.349999080386107,,0.7706766917293233,,,4.2076389789586175,0.2504918818691277,,,,,,,,,199.83356857299802,4.282144981013038,184.33349227905273,3.95000071525525,,,,,,,,,,,,,,,,,,,"Zach Putnam","9080",474029
"Logan Darnell","WSN",5,6,,5.422133521091564,17,14,0,,,81.33329772949219,,96,52,49,13,30,0,4,48,5.3114777349468385,3.319673584341774,1.6,1.4385252198814353,,,,,1.5491810060261613,,0.686456400742115,,,5.309279980361314,0.2503435401003342,,,,,,,,,186.3664031982422,2.2913912063184925,231.66648864746094,2.848359713852554,,,,,,,,,,,,,,,,,,,"Logan Darnell","11261",592244
"Richard Rodríguez","PIT",4,4,,4.295456630928484,46,1,0,,,73.33329772949219,,73,37,35,11,23,2,4,68,8.345458597232485,2.8227286431815757,2.9565217391304346,1.3500006554346666,,,,,1.309091544663919,,0.7320099255583127,,,4.35764027682246,0.25021200439578095,,,,,,,,,272.56640319824214,3.716816393607035,278.66648864746094,3.7999994173914073,,,,,,,,,,,,,,,,,,,"Richard Rodriguez","13549",593144
"Marc Rzepczynski","SEA",2,1,,3.6,63,0,0,,,35,,32,15,14,2,20,5,2,33,8.485714285714286,5.142857142857143,1.65,0.5142857142857142,,,,,1.4857142857142858,,0.7520325203252032,,,3.9004968370710102,0.24966596083930037,,,,,,,,,151.2,4.319999999999999,149,4.257142857142857,,,,,,,,,,,,,,,,,,,"Marc Rzepczynski","6612",519240
"Josh Sborz","LAD",7,9,,5.077596791619151,26,23,0,,,111.66699981689453,,120,67,63,15,57,1,7,80,6.44774195761162,4.59401614479828,1.4035087719298245,1.2089516170521788,,,,,1.5850698979128566,,0.7051282051282052,,,5.190469450294198,0.249475421897913,,,,,,,,,297.8357986450196,2.6671782991698043,331.33499908447266,2.9671702439196697,,,,,,,,,,,,,,,,,,,"Josh Sborz","18323",622250
"Jeff Johnson","CLE",2,1,,4.006449147840224,50,0,0,,,51.66669845581055,,46,25,23,4,33,2,3,53,9.232252384153561,5.74838355994467,1.606060606060606,0.6967737648417781,,,,,1.5290313172916798,,0.7356948228882834,,,4.202800341476534,0.2490689279849675,,,,,,,,,211.53356857299804,4.0941955823617855,204.33349227905273,3.954839352737333,,,,,,,,,,,,,,,,,,,"Jeff Johnson","sa598064",607414
"Brad Wieck","SDP",2,2,,4.079139489331341,44,0,0,,,46.33330154418945,,38,22,21,5,31,0,2,61,11.84892899281961,6.021586865203409,1.967741935483871,0.9712236879360335,,,,,1.4892096548352516,,0.7580645161290323,,,4.064115136287499,0.2475076570967803,,,,,,,,,205.56643142700193,4.436688614364057,189.66650772094727,4.093524557926369,,,,,,,,,,,,,,,,,,,"Brad Wieck","16390",623364
"Adam Plutko","CLE",8,10,,5.4,25,23,0,,,130,,151,83,78,25,46,1,7,96,6.6461538461538465,3.1846153846153844,2.0869565217391304,1.7307692307692308,,,,,1.5153846153846153,,0.7037037037037037,,,5.4037935403677135,0.24748167042616026,,,,,,,,,294.9,2.2684615384615383,358,2.753846153846154,,,,,,,,,,,,,,,,,,,"Adam Plutko","15846",592644
"Jacob Rhame","NYM",3,3,,4.2408355788607475,56,0,0,,,63.66669845581055,,60,32,30,10,22,1,3,71,10.03664420330377,3.1099460911645482,3.227272727272727,1.4136118596202494,,,,,1.2879574720984492,,0.7352941176470589,,,4.147167995948042,0.246637719279993,,,,,,,,,259.133568572998,4.070158730672301,255.33349227905273,4.0104716982658255,,,,,,,,,,,,,,,,,,,"Jacob Rhame","15267",642008
"Dan Altavilla","SEA",3,3,,4.094788802704408,63,0,0,,,70.33329772949219,,65,34,32,9,31,2,3,72,9.213274806084918,3.9668266526198956,2.3225806451612905,1.1516593507606148,,,,,1.3649296009014695,,0.7434052757793764,,,4.223990944918141,0.24559319044878397,,,,,,,,,282.76640319824224,4.020377436101258,276.66648864746094,3.933648749295727,,,,,,,,,,,,,,,,,,,"Dan Altavilla","16507",656186
"Miguel Castro","BAL",5,5,,4.535158142215431,48,0,0,,,85.33329772949219,,90,46,43,9,32,3,4,52,5.484377288260521,3.3750014081603203,1.625,0.9492191460450901,,,,,1.429688096512358,,0.6946983546617915,,,4.57560903583678,0.2448549573750099,,,,,,,,,282.7664031982422,3.3136701700503344,305.66648864746094,3.5820306583770876,,,,,,,,,,,,,,,,,,,"Miguel Castro","15684",612434
"Duane Underwood Jr.","CHC",8,10,,5.262711864406779,24,23,0,,,118,,132,74,69,17,58,0,6,78,5.9491525423728815,4.423728813559322,1.3448275862068966,1.2966101694915255,,,,,1.6101694915254237,,0.6979542719614922,,,5.335605795908783,0.243712497617116,,,,,,,,,284.90000000000003,2.414406779661017,333,2.8220338983050848,,,,,,,,,,,,,,,,,,,"Duane Underwood Jr.","14677",621249
"Hoby Milner","PHI",2,2,,4.374299345443052,55,0,0,,,59.66669845581055,,61,31,29,8,20,3,4,53,7.9944091485683355,3.01675816927107,2.65,1.206703267708428,,,,,1.3575411761719816,,0.7163323782234957,,,4.330823426708172,0.2400072523265125,,,,,,,,,218.53356857299812,3.662571823625287,228.33349227905273,3.826816267505695,,,,,,,,,,,,,,,,,,,"Hoby Milner","13346",571948
"Perci Garner","BAL",2,2,,4.28276143748937,32,0,0,,,48.33330154418945,,45,25,23,3,32,1,4,44,8.193108836936185,5.9586246086808625,1.375,0.5586210570638308,,,,,1.593104496070925,,0.7142857142857143,,,4.378330152242238,0.23961288589873908,,,,,,,,,183.76643142700198,3.802066599133327,182.66650772094727,3.779309541971629,,,,,,,,,,,,,,,,,,,"Perci Garner","10887",592330
"Yaisel Sierra","LAD",3,3,,4.102941176470588,42,0,0,,,68,,65,33,31,7,33,1,4,66,8.735294117647058,4.367647058823529,2,0.9264705882352942,,,,,1.4411764705882353,,0.7369614512471655,,,4.18705145891975,0.23638545668904365,,,,,,,,,269.1,3.9573529411764707,270,3.9705882352941178,,,,,,,,,,,,,,,,,,,"Yaisel Sierra","sa909930",666888
"Corey Walter","OAK",5,5,,4.863968678206233,51,10,0,,,90.66670227050781,,102,52,49,11,29,1,6,51,5.06249801201057,2.878675340162873,1.7586206896551724,1.0919113359238484,,,,,1.4448523737982235,,0.6833910034602076,,,4.767933179515705,0.23476485006588166,,,,,,,,,267.4335968017579,2.949634100552801,307.33351135253906,3.389706514698163,,,,,,,,,,,,,,,,,,,"Corey Walter","sa829586",657794
"Drew Smith","NYM",4,4,,4.024842336404495,43,0,0,,,53.66669845581055,,51,26,24,4,27,2,4,47,7.881982908792135,4.527947628455056,1.7407407407407407,0.6708070560674158,,,,,1.4534152881460676,,0.718232044198895,,,4.107949690309373,0.23176830764450584,,,,,,,,,216.33356857299808,4.031057896194757,217.33349227905273,4.0496900039044945,,,,,,,,,,,,,,,,,,,"Drew Smith","17755",622098
"Jack Leathersich","PIT",3,2,,3.8571456229027934,45,0,0,,,44.33330154418945,,34,20,19,5,33,1,2,64,12.992490519251515,6.699252923989063,1.9393939393939394,1.0150383218165246,,,,,1.5112792791490477,,0.7833333333333333,,,4.105008794575957,0.23159825578773757,,,,,,,,,201.16643142700198,4.537591932477401,179.66650772094727,4.052630899637911,,,,,,,,,,,,,,,,,,,"Jack Leathersich","12562",605333
"Cory Gearrin","SFG",3,3,,3.6745582865869006,60,0,0,,,56.33330154418945,,51,25,23,5,26,3,4,55,8.786987207055631,4.153848497880844,2.1153846153846154,0.7988170188232393,,,,,1.3668646766530983,,0.7428571428571429,,,3.956456713037107,0.23150144675898654,,,,,,,,,242.766431427002,4.309465711619424,236.66650772094727,4.2011829811767605,,,,,,,,,,,,,,,,,,,"Cory Gearrin","7947",518715
"Chris Hatcher","OAK",2,2,,4.288232888483783,50,0,10.095199584960938,,,56.66669845581055,,56,29,27,8,21,2,1,57,9.052936097910209,3.335292246598498,2.7142857142857144,1.2705875225137135,,,,,1.3588227671327215,,0.729483282674772,,,4.145874433946756,0.2312960102894468,,,,,,,,,273.80956649780273,4.831930815791626,277.8094902038574,4.902517665123847,,,,,,,,,,,,,,,,,,,"Chris Hatcher","3299",501822
"Neil Wagner","NYM",2,2,,4.23134027214885,38,1,0,,,44.66669845581055,,43,22,21,4,22,1,2,40,8.059695756474,4.432832666060699,1.8181818181818181,0.8059695756473999,,,,,1.4552228449189166,,0.7239057239057239,,,4.142713620005134,0.22846493503189347,,,,,,,,,177.53356857299804,3.97462930349855,179.33349227905273,4.014926074208733,,,,,,,,,,,,,,,,,,,"Neil Wagner","8162",474599
"Luis Ortiz","MIL",5,6,,5.2,21,20,0,,,90,,97,56,52,15,40,0,6,69,6.9,4,1.725,1.5,,,,,1.5222222222222221,,0.6982758620689655,,,5.324306360880534,0.22817029167580105,,,,,,,,,229.29999999999998,2.5477777777777777,255,2.8333333333333335,,,,,,,,,,,,,,,,,,,"Luis Ortiz","16942",656814
"Chris Smith","OAK",4,6,,5.264150943396227,24,18,0,,,106,,113,66,62,18,41,1,5,79,6.7075471698113205,3.481132075471698,1.9268292682926829,1.528301886792453,,,,,1.4528301886792452,,0.6832298136645962,,,5.1765076187421695,0.22788951952202313,,,,,,,,,289.2000000000001,2.728301886792454,316,2.981132075471698,,,,,,,,,,,,,,,,,,,"Chris Smith","4544",434672
"Sam Dyson","SFG",6,5,,4,63,0,16.224599838256836,,,63,,63,30,28,5,25,3,3,48,6.857142857142857,3.5714285714285716,1.92,0.7142857142857143,,,,,1.3968253968253967,,0.7160493827160493,,,3.9989095354837088,0.22740764286408455,,,,,,,,,334.0229991912842,5.301952368115622,343.1229991912842,5.446396812560066,,,,,,,,,,,,,,,,,,,"Sam Dyson","11710",473879
"Derek Holland","SFG",7,10,,4.9576271186440675,25,22,0,,,118,,125,70,65,17,52,2,5,87,6.635593220338983,3.9661016949152543,1.6730769230769231,1.2966101694915255,,,,,1.5,,0.6984334203655354,,,5.005097321332512,0.22680903057538765,,,,,,,,,342.1,2.8991525423728817,372,3.152542372881356,,,,,,,,,,,,,,,,,,,"Derek Holland","4141",502706
"Brett Martin","TEX",5,6,,5.517388742083926,16,16,0,,,76.66670227050781,,87,50,47,12,41,0,5,56,6.573909990568082,4.813041243094489,1.3658536585365855,1.4086949979788748,,,,,1.6695644420490368,,0.7014388489208633,,,5.531551635252342,0.22590047175990008,,,,,,,,,167.5335968017578,2.1852198130374614,201.33351135253906,2.6260880589615256,,,,,,,,,,,,,,,,,,,"Brett Martin","17369",656685
"John Brebbia","STL",2,2,,3.9112169054347485,59,0,0,,,71.33329772949219,,69,33,31,11,18,2,5,69,8.705611821774118,2.271029170897596,3.8333333333333335,1.3878511599929753,,,,,1.2196267769635236,,0.7541899441340782,,,4.195023389562152,0.22562508788711627,,,,,,,,,282.16640319824216,3.955605757471979,282.66648864746094,3.9626163046517155,,,,,,,,,,,,,,,,,,,"John Brebbia","12777",605154
"Sean Keselica","PIT",3,3,,4.477389337873247,40,3,0,,,66.33329772949219,,65,35,33,5,42,1,4,56,7.597994027906116,5.698495520929588,1.3333333333333333,0.678392323920189,,,,,1.6130661924324494,,0.72,,,4.52949972703025,0.2250475326141494,,,,,,,,,234.3664031982422,3.533163753654923,240.66648864746094,3.6281399671836176,,,,,,,,,,,,,,,,,,,"Sean Keselica","sa876113",656613
"Mauricio Cabrera","ATL",4,4,,4.127391042157217,52,0,0,,,52.33330154418945,,45,26,24,4,36,2,2,57,9.80255372512339,6.191086563235825,1.5833333333333333,0.6878985070262028,,,,,1.5477716408089564,,0.7294429708222812,,,4.151270871029494,0.2240806015123089,,,,,,,,,221.066431427002,4.224201892562364,209.66650772094727,4.006368823184373,,,,,,,,,,,,,,,,,,,"Mauricio Cabrera","12975",606291
"Jesen Therrien","LAD",2,2,,4.0631046893864,52,0,0,,,68.66670227050781,,66,33,31,9,25,1,4,66,8.65048095159685,3.276697330150322,2.64,1.179611038854116,,,,,1.3252420313052413,,0.7397959183673469,,,4.20618283986197,0.22383430879058702,,,,,,,,,270.83359680175795,3.944176549134796,271.33351135253906,3.951456854351897,,,,,,,,,,,,,,,,,,,"Jesen Therrien","15853",592279
"Austin Adams","LAA",3,2,,4.138683250397139,42,0,0,,,45.66669845581055,,46,22,21,5,19,1,1,39,7.68612603645183,3.7445229408355067,2.0526315789473686,0.9854007739040807,,,,,1.4233566734170056,,0.7413793103448276,,,4.1868360580692405,0.22113244100667334,,,,,,,,,174.83356857299805,3.8284696394720985,181.33349227905273,3.970803636144627,,,,,,,,,,,,,,,,,,,"Austin Adams","7411",542866
"Cody Reed","CIN",7,9,,5.295565489899036,30,22,0,,,120.66699981689453,,130,76,71,20,66,2,6,102,7.6077138023901645,4.922638342723047,1.5454545454545454,1.4917085887039538,,,,,1.6243049076998608,,0.7142857142857143,,,5.411777117144286,0.2205225401240799,,,,,,,,,296.93579864501953,2.460787117402464,331.33499908447266,2.745862577069581,,,,,,,,,,,,,,,,,,,"Cody Reed","15232",642003
"Kaleb Fleck","WSN",2,2,,4.5,43,0,0,,,52,,50,28,26,6,26,2,3,53,9.173076923076923,4.5,2.0384615384615383,1.0384615384615385,,,,,1.4615384615384615,,0.7100591715976332,,,4.2922550788292515,0.22030970063431587,,,,,,,,,200,3.8461538461538463,201,3.8653846153846154,,,,,,,,,,,,,,,,,,,"Kaleb Fleck","sa526875",592310
"T.J. McFarland","ARI",4,4,,4.731956157590484,44,3,0,,,64.66670227050781,,75,36,34,7,22,4,3,37,5.149481700907292,3.0618539843232546,1.6818181818181819,0.9742262677392174,,,,,1.49999917413816,,0.6995412844036697,,,4.5803193232933594,0.21904433949164281,,,,,,,,,196.43359680175774,3.0376312677899477,231.33351135253906,3.577320370920508,,,,,,,,,,,,,,,,,,,"T.J. McFarland","3237",519008
"Tom Koehler","LAD",7,8,,5.023255813953488,30,23,0,,,129,,133,77,72,24,55,3,6,115,8.023255813953488,3.8372093023255816,2.090909090909091,1.6744186046511629,,,,,1.4573643410852712,,0.7189119170984456,,,5.21190326010534,0.21784373486130715,,,,,,,,,360.59999999999985,2.795348837209301,380,2.945736434108527,,,,,,,,,,,,,,,,,,,"Tom Koehler","6570",543408
"Daury Torrez","CHC",5,4,,4.2028280711770325,45,1,0,,,70.66670227050781,,77,35,33,9,19,2,4,49,6.240562893565897,2.4198101015867763,2.5789473684210527,1.1462258375937362,,,,,1.3584898815925763,,0.7314148681055156,,,4.402922085673729,0.2176389772967282,,,,,,,,,241.03359680175785,3.410851066448467,265.33351135253906,3.7547176085401386,,,,,,,,,,,,,,,,,,,"Daury Torrez","sa596959",602718
"Carlos Navas","OAK",5,5,,4.38578442409992,48,1,0,,,65.66670227050781,,66,34,32,7,28,2,4,56,7.675122742174859,3.8375613710874297,2,0.9593903427718574,,,,,1.4314713050881682,,0.7125890736342042,,,4.299771054656555,0.21690609815542816,,,,,,,,,244.23359680175784,3.7192913357467,253.33351135253906,3.8578686395573127,,,,,,,,,,,,,,,,,,,"Carlos Navas","sa550615",593163
"Buddy Boshers","HOU",1,1,,4.263155219959447,56,0,0,,,50.66669845581055,,48,26,24,5,24,1,3,47,8.348678972420585,4.263155219959447,1.9583333333333333,0.8881573374915516,,,,,1.4210517399864824,,0.7076923076923077,,,4.18395483975966,0.2139634795252806,,,,,,,,,201.63356857299806,3.9796074091714253,201.33349227905273,3.973684854454207,,,,,,,,,,,,,,,,,,,"Buddy Boshers","8490",542953
"Jeff Beliveau","CLE",3,3,,4.391568788027929,44,1,0,,,55.33330154418945,,49,29,27,7,32,2,3,64,10.40964453458472,5.20482226729236,2,1.1385548709702038,,,,,1.4638562626759763,,0.7303370786516854,,,4.3865560628801195,0.21241316061091595,,,,,,,,,218.96643142700188,3.957226937780573,208.66650772094727,3.7710836313337484,,,,,,,,,,,,,,,,,,,"Jeff Beliveau","8504",542924
"Shane Carle","ATL",5,7,,5.292376376974046,32,14,0,,,100.33300018310547,,116,63,59,18,29,0,5,72,6.458493205798836,2.601337541224531,2.4827586206896552,1.614623301449709,,,,,1.4451875229025173,,0.6844741235392321,,,5.0712673107468556,0.21065967561437465,,,,,,,,,261.46420135498056,2.605964148164754,309.66500091552734,3.086372383467012,,,,,,,,,,,,,,,,,,,"Shane Carle","15258",641438
"Taylor Guerrieri","TOR",6,8,,5.470588235294118,22,20,0,,,102,,117,66,62,18,37,0,6,65,5.735294117647059,3.264705882352941,1.7567567567567568,1.588235294117647,,,,,1.5098039215686274,,0.6832298136645962,,,5.441953419704063,0.2085349592689859,,,,,,,,,230.2000000000001,2.25686274509804,277,2.715686274509804,,,,,,,,,,,,,,,,,,,"Taylor Guerrieri","13616",605260
"Spencer Adams","CHW",9,13,,5.674378293620038,26,26,0,,,144.33299255371094,,174,97,91,28,42,1,8,85,5.300243461073662,2.618943827824633,2.0238095238095237,1.7459625518830888,,,,,1.4965393301855048,,0.673076923076923,,,5.541017145990782,0.20713706936466963,,,,,,,,,291.26414489746077,2.0180011495921284,377.6649627685547,2.616622548223085,,,,,,,,,,,,,,,,,,,"Spencer Adams","sa828687",656181
"John Axford","TOR",3,2,,4.319996704104077,44,0,0,,,41.66669845581055,,39,21,20,4,23,1,2,41,8.855993243413359,4.967996209719689,1.7826086956521738,0.8639993408208154,,,,,1.48799886474696,,0.7269503546099291,,,4.237638870239887,0.20635384113513464,,,,,,,,,164.73356857299805,3.9536026293925253,163.33349227905273,3.9200008239739805,,,,,,,,,,,,,,,,,,,"John Axford","9059",446099
"César Vargas","WSN",3,3,,4.683676021788629,40,3,0,,,65.33329772949219,,65,36,34,8,34,1,4,60,8.265310626685816,4.683676021788629,1.7647058823529411,1.102041416891442,,,,,1.5153069482257326,,0.7175398633257404,,,4.657640511649442,0.2059657474267773,,,,,,,,,222.06640319824226,3.3989774114524605,228.66648864746094,3.499999182564426,,,,,,,,,,,,,,,,,,,"Cesar Vargas","14099",570714
"Nick Burdi","PIT",1,1,,3.6,15,0,0,,,15,,13,6,6,1,7,1,1,17,10.2,4.2,2.4285714285714284,0.6,,,,,1.3333333333333333,,0.7526881720430108,,,3.3576396942138675,0.2041994158449875,,,,,,,,,74.9,4.993333333333334,72,4.8,,,,,,,,,,,,,,,,,,,"Nick Burdi","16074",595897
"Wandy Peralta","CIN",4,3,,4.389160252153236,70,0,0,,,67.66670227050781,,67,35,33,7,31,1,3,54,7.182262230796204,4.123150539901524,1.7419354838709677,0.9310339928809894,,,,,1.4482751000370946,,0.7142857142857143,,,4.413796668735837,0.2039636858349027,,,,,,,,,246.43359680175777,3.641873898577212,253.33351135253906,3.7438430254780304,,,,,,,,,,,,,,,,,,,"Wandy Peralta","14295",593974
"Dario Alvarez","CHC",3,2,,4.0212765957446805,43,0,0,,,47,,40,22,21,7,25,1,3,63,12.063829787234043,4.787234042553192,2.52,1.3404255319148937,,,,,1.3829787234042554,,0.7789855072463767,,,4.200192885703229,0.20245133070105614,,,,,,,,,199.7,4.248936170212766,186,3.9574468085106385,,,,,,,,,,,,,,,,,,,"Dario Alvarez","14239",516714
"Michael Brady","MIL",3,3,,5.165214992589208,29,9,0,,,76.66670227050781,,85,47,44,16,16,2,5,64,7.513039989220665,1.8782599973051664,4,1.8782599973051664,,,,,1.3173906925543182,,0.6870229007633588,,,5.022856219315526,0.20201676130780533,,,,,,,,,214.53359680175782,2.7982630066023426,240.33351135253906,3.1347834748983416,,,,,,,,,,,,,,,,,,,"Michael Brady","8461",572728
"Adbert Alzolay","CHC",5,6,,5.22582329984732,22,22,0,,,103.33300018310547,,115,64,60,18,43,0,6,77,6.706473234804061,3.74517336489058,1.7906976744186047,1.5677469899541963,,,,,1.5290371877331048,,0.7078313253012047,,,5.354420970260797,0.20047037991431182,,,,,,,,,251.26420135498051,2.4315968849229366,289.66500091552734,2.8032187239530706,,,,,,,,,,,,,,,,,,,"Adbert Alzolay","17859",640470
"Evan Marshall","CLE",2,2,,4.295454545454546,37,1,0,,,44,,47,22,21,5,17,2,2,35,7.159090909090909,3.477272727272727,2.0588235294117645,1.0227272727272727,,,,,1.4545454545454546,,0.7368421052631579,,,4.339457876032049,0.19952823726213462,,,,,,,,,154.90000000000003,3.5204545454545464,168,3.8181818181818183,,,,,,,,,,,,,,,,,,,"Evan Marshall","12297",605359
"Robbie Ross Jr.","BOS",1,1,,4.039373112005032,39,0,0,,,42.33330154418945,,42,20,19,4,17,2,5,38,8.078746224010064,3.6141759423202924,2.235294117647059,0.8503943393694805,,,,,1.3937018339666487,,0.7303370786516854,,,4.149766423478261,0.1990834564196458,,,,,,,,,164.866431427002,3.8944855565991423,169.66650772094727,4.007873270735606,,,,,,,,,,,,,,,,,,,"Robbie Ross Jr.","6819",543726
"Francisco Rios","TOR",5,7,,5.420072197300489,23,18,0,,,89.66670227050781,,101,58,54,14,40,0,6,60,6.022302441444987,4.014868294296658,1.5,1.4052039030038304,,,,,1.5724900819328578,,0.6836902800658978,,,5.388122079934233,0.19765196778324284,,,,,,,,,210.7335968017578,2.350187878729092,248.33351135253906,2.7695176142796343,,,,,,,,,,,,,,,,,,,"Francisco Rios","sa736833",642590
"Miguel Almonte","KCR",4,4,,4.9805799418284895,27,13,0,,,68.66670227050781,,72,41,38,10,34,0,4,58,7.601937805948747,4.456308369004438,1.7058823529411764,1.3106789320601289,,,,,1.5436885199819295,,0.7065217391304348,,,5.021716397588273,0.19611655231319297,,,,,,,,,199.9335968017579,2.9116528126563157,215.33351135253906,3.1359232966255948,,,,,,,,,,,,,,,,,,,"Miguel Almonte","14139",602083
"Kraig Sitton","SFG",4,4,,4.142043210136235,45,1,0,,,58.66669845581055,,63,29,27,5,18,1,3,36,5.522724280181646,2.761362140090823,2,0.7670450389141176,,,,,1.3806810700454115,,0.7027027027027027,,,4.112184631529214,0.19348039019513813,,,,,,,,,217.83356857299805,3.713070179619475,237.33349227905273,4.0454550626846535,,,,,,,,,,,,,,,,,,,"Kraig Sitton","sa501975",552668
"Parker Bridwell","LAA",6,9,,5.3023255813953485,28,23,0,,,129,,140,81,76,24,49,0,6,94,6.558139534883721,3.4186046511627906,1.9183673469387754,1.6744186046511629,,,,,1.4651162790697674,,0.6949806949806949,,,5.397949771733247,0.19167205666194004,,,,,,,,,318.39999999999986,2.468217054263565,356,2.75968992248062,,,,,,,,,,,,,,,,,,,"Parker Bridwell","11502",592170
"Chase Whitley","ATL",3,3,,4.707692307692308,37,6,0,,,65,,69,36,34,11,19,1,3,54,7.476923076923077,2.6307692307692307,2.8421052631578947,1.523076923076923,,,,,1.353846153846154,,0.7162534435261708,,,4.711485848060021,0.19163953807921824,,,,,,,,,208.29999999999998,3.2046153846153844,224,3.4461538461538463,,,,,,,,,,,,,,,,,,,"Chase Whitley","10982",595032
"Fernando Abad","PHI",2,2,,4.251971696847403,51,0,0,,,42.33330154418945,,39,21,20,6,17,2,1,42,8.929140563379546,3.6141759423202924,2.4705882352941178,1.2755915090542207,,,,,1.322835639019192,,0.7352941176470588,,,4.291498813373175,0.18833743948144915,,,,,,,,,168.06643142700196,3.9700761645430953,163.66650772094727,3.8661408808406925,,,,,,,,,,,,,,,,,,,"Fernando Abad","4994",472551
"Cesár Ramos","PHI",3,4,,5.118486003380511,34,8,0,,,70.33329772949219,,75,43,40,11,30,1,2,54,6.9099561045636895,3.8388645025353827,1.8,1.4075836509296404,,,,,1.4928917509859823,,0.6919642857142858,,,5.020199878777331,0.1879671306560625,,,,,,,,,202.16640319824222,2.874405292011066,220.66648864746094,3.1374398154365366,,,,,,,,,,,,,,,,,,,"Cesar Ramos","3357",459987
"Tyler Webb","MIL",4,3,,4.450547118476659,43,1,0,,,60.66669845581055,,58,32,30,11,22,1,3,70,10.384609943112205,3.2637345535495497,3.1818181818181817,1.6318672767747748,,,,,1.3186806276967877,,0.7430340557275542,,,4.443353306218236,0.18524897918987407,,,,,,,,,227.83356857299805,3.7554964152030026,225.33349227905273,3.714286387995632,,,,,,,,,,,,,,,,,,,"Tyler Webb","14974",643778
"Chase Johnson","SFG",4,5,,4.8375,21,15,0,,,80,,86,46,43,10,38,0,5,59,6.6375,4.275,1.5526315789473684,1.125,,,,,1.55,,0.7090909090909091,,,4.9201396942138675,0.18499399465264343,,,,,,,,,234.4,2.93,259,3.2375,,,,,,,,,,,,,,,,,,,"Chase Johnson","sa549740",592438
"Brian Moran","LAD",2,1,,4.1086911375495605,27,0,0,,,30.66670036315918,,29,15,14,4,11,1,2,33,9.684771967081106,3.2282573223603688,3,1.1739117535855885,,,,,1.3043463928728762,,0.7267441860465117,,,3.972856189759415,0.18105435494526556,,,,,,,,,129.3335826873779,4.217394801390181,128.3335018157959,4.184783504454452,,,,,,,,,,,,,,,,,,,"Brian Moran","9646",572383
"Justin Grimm","CHC",2,2,,4.232430250616202,62,0,0,,,61.66669845581055,,54,31,29,9,31,1,2,72,10.508102691185053,4.5243219920380096,2.3225806451612905,1.3135128363981317,,,,,1.3783776678252,,0.7458563535911602,,,4.325206659901095,0.18007329544665632,,,,,,,,,250.23356857299805,4.05783956072031,236.33349227905273,3.8324330343127717,,,,,,,,,,,,,,,,,,,"Justin Grimm","11720",518748
"Drew Rucinski","MIA",6,8,,5.067961165048544,30,15,0,,,103,,113,62,58,18,34,0,6,80,6.990291262135922,2.970873786407767,2.3529411764705883,1.5728155339805825,,,,,1.4271844660194175,,0.6978653530377669,,,5.041134839844935,0.17996060316225904,,,,,,,,,287.00000000000006,2.786407766990292,321,3.116504854368932,,,,,,,,,,,,,,,,,,,"Drew Rucinski","12499",607968
"Cole Sulser","CLE",4,4,,4.909093292489697,38,6,0,,,73.33329772949219,,76,43,40,12,31,2,4,68,8.345458597232485,3.804547301679515,2.193548387096774,1.472727987746909,,,,,1.4590916174899933,,0.7095343680709534,,,4.8621859763283455,0.17930023828743338,,,,,,,,,228.46640319824215,3.1154524652770474,241.66648864746094,3.295453717885522,,,,,,,,,,,,,,,,,,,"Cole Sulser","15256",642121
"Colton Murray","TBR",3,3,,4.1086977817171455,47,0,0,,,61.33330154418945,,58,30,28,8,25,0,3,62,9.09783080237368,3.6684801622474517,2.48,1.1739136519191846,,,,,1.3532615709623932,,0.7381615598885795,,,4.201118495919809,0.1792916450101486,,,,,,,,,244.666431427002,3.989128666923704,242.66650772094727,3.956521198294058,,,,,,,,,,,,,,,,,,,"Colton Murray","12264",605396
"Adrian Houser","MIL",3,4,,5.201832313689752,20,15,0,,,72.66670227050781,,75,45,42,15,33,0,4,76,9.412839424771931,4.0871539607562335,2.303030303030303,1.857797254889197,,,,,1.4862378039113577,,0.7241379310344828,,,5.276904710902285,0.17825768387956611,,,,,,,,,199.2335968017578,2.74174540162968,209.33351135253906,2.8807349833115827,,,,,,,,,,,,,,,,,,,"Adrian Houser","12718",605288
"Colten Brewer","SDP",2,2,,4.271186440677966,45,0,0,,,59,,58,30,28,7,24,1,3,53,8.084745762711865,3.6610169491525424,2.2083333333333335,1.0677966101694916,,,,,1.3898305084745763,,0.7202216066481995,,,4.276283762010477,0.1747825675613396,,,,,,,,,224.7,3.8084745762711862,229,3.8813559322033897,,,,,,,,,,,,,,,,,,,"Colten Brewer","12997",605155
"Dario Agrazal","PIT",5,8,,5.470588235294118,20,19,0,,,102,,126,66,62,20,18,0,6,54,4.764705882352941,1.588235294117647,3,1.7647058823529411,,,,,1.411764705882353,,0.6724137931034483,,,5.353718125586417,0.1746520621875793,,,,,,,,,217.20000000000005,2.129411764705883,286,2.803921568627451,,,,,,,,,,,,,,,,,,,"Dario Agrazal","15821",642607
"Taylor Williams","MIL",2,3,,5.264997188188147,27,15,0,,,66.66670227050781,,68,42,39,13,30,1,4,68,9.179995097353693,4.049997837067806,2.2666666666666666,1.7549990627293823,,,,,1.469999214935722,,0.7017543859649124,,,5.18263861274777,0.1746031846680797,,,,,,,,,190.63359680175785,2.8595024248873164,198.33351135253906,2.975001081466097,,,,,,,,,,,,,,,,,,,"Taylor Williams","14899",592865
"Dan Winkler","ATL",2,1,,3.857142857142857,30,0,0,,,28,,26,13,12,4,10,0,1,31,9.964285714285714,3.2142857142857144,3.1,1.2857142857142858,,,,,1.2857142857142858,,0.7565789473684211,,,3.9790682656424385,0.17411879200690958,,,,,,,,,119.40000000000005,4.264285714285716,117,4.178571428571429,,,,,,,,,,,,,,,,,,,"Dan Winkler","12237",595465
"Jason Grilli","TEX",4,4,,4.429684199628086,49,0,0,,,42.66669845581055,,39,22,21,7,20,1,2,51,10.757804484811064,4.218746856788653,2.55,1.4765613998760283,,,,,1.3828114697251694,,0.7520325203252032,,,4.446701233788178,0.1740211353372091,,,,,,,,,164.23356857299805,3.8492213955362176,158.33349227905273,3.7109384604256896,,,,,,,,,,,,,,,,,,,"Jason Grilli","521",276351
"Keynan Middleton","LAA",3,3,,4.2028280711770325,72,0,0,,,70.66670227050781,,68,35,33,11,28,2,3,74,9.424523553548498,3.5660359391805128,2.642857142857143,1.4009426903923443,,,,,1.3584898815925763,,0.7568238213399504,,,4.402922085673729,0.17354034053644712,,,,,,,,,265.83359680175784,3.761794285859882,265.33351135253906,3.7547176085401386,,,,,,,,,,,,,,,,,,,"Keynan Middleton","15264",641871
"Jordan Romano","TOR",5,6,,5.522742953719376,25,23,0,,,117.33300018310547,,124,77,72,19,63,0,7,91,6.980133455395323,4.832400084504454,1.4444444444444444,1.4573905016759465,,,,,1.593754525224573,,0.685785536159601,,,5.501396348955886,0.17313461835338967,,,,,,,,,284.16420135498043,2.4218608653279508,311.66500091552734,2.656243345257981,,,,,,,,,,,,,,,,,,,"Jordan Romano","16122",605447
"Chris Mazza","MIA",5,6,,5.052631578947368,26,22,0,,,114,,129,68,64,16,43,1,7,63,4.973684210526316,3.3947368421052633,1.4651162790697674,1.263157894736842,,,,,1.5087719298245614,,0.6951871657754011,,,5.192727413512113,0.17170397606141533,,,,,,,,,287.3999999999999,2.5210526315789465,338,2.9649122807017543,,,,,,,,,,,,,,,,,,,"Chris Mazza","14151",607391
"Joaquín Benoit","PIT",3,3,,4.153849201091767,46,0,1.995300054550171,,,43.33330154418945,,42,21,20,5,18,1,1,38,7.892313482074358,3.7384642809825905,2.111111111111111,1.0384623002729418,,,,,1.3846164003639223,,0.7358490566037735,,,4.2191789344928745,0.17123943079432025,,,,,,,,,178.94293169975282,4.12945529934465,180.64300799369812,4.168687857985759,,,,,,,,,,,,,,,,,,,"Joaquin Benoit","1437",276542
"Jacob Turner","MIA",6,8,,5.228571428571429,31,16,0,,,105,,116,65,61,15,45,1,4,71,6.085714285714285,3.857142857142857,1.5777777777777777,1.2857142857142858,,,,,1.5333333333333334,,0.6857142857142857,,,5.062401598975772,0.16806345651473917,,,,,,,,,285.9,2.7228571428571424,325,3.0952380952380953,,,,,,,,,,,,,,,,,,,"Jacob Turner","10185",545363
"Nik Turley","PIT",5,7,,5.359550561797753,28,15,0,,,89,,89,57,53,16,48,1,5,93,9.404494382022472,4.853932584269663,1.9375,1.6179775280898876,,,,,1.5393258426966292,,0.6980802792321117,,,5.1913475593824066,0.1675801229146138,,,,,,,,,257.4,2.892134831460674,264,2.966292134831461,,,,,,,,,,,,,,,,,,,"Nik Turley","5530",543867
"Hunter Wood","TBR",5,7,,5.067707892074206,29,17,0,,,108.33300018310547,,114,65,61,17,49,0,6,87,7.227714534597638,4.070781749371084,1.7755102040816326,1.4123120354960903,,,,,1.5046200116723052,,0.7040229885057472,,,5.114568789149626,0.16721582899156323,,,,,,,,,305.16420135498043,2.8169089828509226,329.66500091552734,3.043070905064241,,,,,,,,,,,,,,,,,,,"Hunter Wood","15091",621056
"John Simms","WSN",7,9,,5.70319331534637,25,23,0,,,124.66699981689453,,144,85,79,23,49,0,7,87,6.280731878925749,3.537423701923698,1.7755102040816326,1.6604233702907152,,,,,1.5481242051502804,,0.6716417910447761,,,5.507900793224397,0.16612286388609196,,,,,,,,,271.2357986450193,2.175682410288197,330.33499908447266,2.6497389009894707,,,,,,,,,,,,,,,,,,,"John Simms","sa550088",592745
"Jordan Jankowski","LAD",4,3,,4.090909090909091,47,0,0,,,55,,46,27,25,6,36,2,3,68,11.127272727272727,5.890909090909091,1.8888888888888888,0.9818181818181818,,,,,1.490909090909091,,0.7472826086956522,,,4.230366966941141,0.16424572069029222,,,,,,,,,232.59999999999997,4.229090909090909,216,3.9272727272727272,,,,,,,,,,,,,,,,,,,"Jordan Jankowski","13313",543357
"Ryan Carpenter","DET",7,10,,5.68783201749173,25,22,0,,,131.33299255371094,,151,89,83,30,39,0,7,109,7.469562528995163,2.67259576725515,2.7948717948717947,2.055842897888577,,,,,1.4467042614771468,,0.6824324324324325,,,5.518051910308159,0.1638639362176685,,,,,,,,,290.2641448974608,2.2101388177746135,346.6649627685547,2.639587783905708,,,,,,,,,,,,,,,,,,,"Ryan Carpenter","12699",543001
"Freddy Peralta","MIL",5,6,,5.311458004785791,25,17,0,,,101.66699981689453,,94,64,60,18,72,0,6,123,10.88848890981087,6.373749605742949,1.7083333333333333,1.5934374014357373,,,,,1.632781534804521,,0.7244318181818181,,,5.34123909618136,0.160877544507465,,,,,,,,,298.53579864501967,2.9364080693114976,286.33499908447266,2.816400598032508,,,,,,,,,,,,,,,,,,,"Freddy Peralta","18679",642547
"Jace Fry","CHW",2,2,,4.411764705882353,46,0,0,,,51,,48,27,25,3,37,3,2,46,8.117647058823529,6.529411764705882,1.2432432432432432,0.5294117647058824,,,,,1.6666666666666667,,0.7178217821782178,,,4.412541654998181,0.15998463515797062,,,,,,,,,190.7,3.7392156862745094,191,3.7450980392156863,,,,,,,,,,,,,,,,,,,"Jace Fry","16159",605240
"Jason Wheeler","BAL",5,8,,5.791304347826087,26,19,0,,,115,,136,79,74,24,35,0,6,75,5.869565217391305,2.739130434782609,2.142857142857143,1.8782608695652174,,,,,1.4869565217391305,,0.6695778748180494,,,5.635900563779085,0.1587654786827759,,,,,,,,,229.19999999999993,1.993043478260869,290,2.5217391304347827,,,,,,,,,,,,,,,,,,,"Jason Wheeler","13128",605528
"Alec Asher","BAL",6,8,,5.675675675675675,29,19,0,,,111,,129,75,70,24,30,1,7,76,6.162162162162162,2.4324324324324325,2.533333333333333,1.945945945945946,,,,,1.4324324324324325,,0.6698564593301435,,,5.599081135655309,0.15863471783788397,,,,,,,,,231.8,2.0882882882882883,284,2.5585585585585586,,,,,,,,,,,,,,,,,,,"Alec Asher","13560",594742
"Tommy Milone","WSN",4,5,,5.363015660383127,23,18,0,,,97.33329772949219,,114,62,58,21,26,2,3,69,6.380139320110961,2.4041104684476085,2.6538461538461537,1.9417815322076837,,,,,1.4383566905242102,,0.705244122965642,,,5.4384624463308295,0.15663806272862843,,,,,,,,,216.5664031982422,2.2249981070211096,264.66648864746094,2.7191772478830383,,,,,,,,,,,,,,,,,,,"Tommy Milone","7608",543548
"Zac Rosscup","COL",2,1,,4.53781148941658,38,0,0,,,39.66669845581055,,37,21,20,7,19,1,1,49,11.11763814907062,4.310920914945751,2.5789473684210527,1.5882340212958028,,,,,1.4117635744851582,,0.7575757575757576,,,4.493773077208749,0.1564462227495206,,,,,,,,,149.23356857299802,3.762187789317708,145.33349227905273,3.663866617005118,,,,,,,,,,,,,,,,,,,"Zac Rosscup","9419",573127
"David Sosebee","NYY",3,3,,4.292307692307692,40,0,0,,,65,,64,33,31,8,28,1,4,56,7.753846153846154,3.876923076923077,2,1.1076923076923078,,,,,1.4153846153846155,,0.7301980198019802,,,4.511485848060021,0.15601836496638816,,,,,,,,,232.20000000000002,3.5723076923076924,237,3.646153846153846,,,,,,,,,,,,,,,,,,,"David Sosebee","sa602907",607729
"Francisco Rodríguez","PHI",3,3,,4.460873264539358,42,0,0,,,38.33330154418945,,35,20,19,6,15,1,0,39,9.156529332475523,3.5217420509521244,2.6,1.4086968203808496,,,,,1.304348907760046,,0.7211538461538461,,,4.331553711197909,0.15388213505541118,,,,,,,,,151.86643142700194,3.9617362791445183,146.66650772094727,3.8260859830159584,,,,,,,,,,,,,,,,,,,"Francisco Rodriguez","1642",408061
"Rob Scahill","CHW",2,2,,4.5,43,0,0,,,48,,51,26,24,5,18,3,3,34,6.375,3.375,1.8888888888888888,0.9375,,,,,1.4375,,0.6935483870967742,,,4.407639694213867,0.1531315042622178,,,,,,,,,166.10000000000005,3.4604166666666676,180,3.75,,,,,,,,,,,,,,,,,,,"Rob Scahill","9286",543746
"Sam Moll","SEA",3,3,,4.402176194696942,57,0,0,,,61.33330154418945,,65,32,30,7,23,0,3,49,7.190221118005005,3.3750017492676556,2.130434782608696,1.0271744454292864,,,,,1.43478335234567,,0.7161125319693095,,,4.315248989856396,0.15126501419577773,,,,,,,,,218.76643142700198,3.5668458393583298,235.66650772094727,3.842390704357471,,,,,,,,,,,,,,,,,,,"Sam Moll","14874",594580
"Bubba Derby","MIL",5,6,,5.266237574784074,28,17,0,,,107.66699981689453,,123,67,63,19,47,2,6,86,7.188832244943339,3.9287804129341506,1.8297872340425532,1.5882303796967843,,,,,1.5789424827394931,,0.7182705718270571,,,5.331007582219993,0.14914552939500636,,,,,,,,,256.23579864501954,2.379891694584141,304.33499908447266,2.826632111993874,,,,,,,,,,,,,,,,,,,"Bubba Derby","sa875183",622246
"Mike Pelfrey","CHW",6,8,,5.335345306630281,28,21,0,,,111.33300018310547,,130,71,66,17,47,1,8,64,5.173668176126333,3.799412566842776,1.3617021276595744,1.3742556092835574,,,,,1.5898251166221544,,0.6919060052219321,,,5.475011898103787,0.1478612984078792,,,,,,,,,239.76420135498051,2.1535771151468905,298.66500091552734,2.6826277961100797,,,,,,,,,,,,,,,,,,,"Mike Pelfrey","5203",460059
"Seth Maness","KCR",3,3,,4.288232888483783,41,0,0,,,56.66669845581055,,66,29,27,7,11,3,1,31,4.92352664974064,1.7470578434563562,2.8181818181818183,1.1117640821994994,,,,,1.3588227671327215,,0.7142857142857143,,,4.30469787426097,0.14505485562839407,,,,,,,,,187.63356857299803,3.311178764355174,218.33349227905273,3.8529418199528975,,,,,,,,,,,,,,,,,,,"Seth Maness","12235",595307
"Lou Trivino III","OAK",5,5,,4.292307692307692,51,0,0,,,65,,64,33,31,5,32,2,4,49,6.7846153846153845,4.430769230769231,1.53125,0.6923076923076923,,,,,1.476923076923077,,0.7078651685393258,,,4.3114858480600216,0.1436078576473617,,,,,,,,,243.1,3.7399999999999998,250,3.8461538461538463,,,,,,,,,,,,,,,,,,,"Lou Trivino III","15043",642152
"Kyle Lobstein","MIA",4,5,,4.9879518072289155,28,11,0,,,83,,88,49,46,11,39,2,3,59,6.397590361445783,4.228915662650603,1.5128205128205128,1.1927710843373494,,,,,1.5301204819277108,,0.6989247311827957,,,4.976916802647603,0.14328803637494913,,,,,,,,,242.10000000000002,2.9168674698795183,264,3.180722891566265,,,,,,,,,,,,,,,,,,,"Kyle Lobstein","9178",543456
"Travis Lakins","BOS",4,5,,5.221695482371465,16,16,0,,,70.66670227050781,,78,44,41,9,41,0,5,51,6.495279746364505,5.221695482371465,1.2439024390243902,1.1462258375937362,,,,,1.683961415724131,,0.7048872180451128,,,5.322732943002036,0.14235749645300833,,,,,,,,,173.43359680175786,2.4542477748270275,200.33351135253906,2.8349067512118316,,,,,,,,,,,,,,,,,,,"Travis Lakins","18600",664042
"Zach Neal","LAD",6,8,,5.189400594568324,27,18,0,,,119.66699981689453,,140,74,69,23,16,0,5,57,4.2868961433390504,1.2033392683056983,3.5625,1.7298001981894413,,,,,1.3036175406645065,,0.6623586429725363,,,5.23005732296257,0.14039724449510732,,,,,,,,,289.6357986450196,2.420348125115517,350.33499908447266,2.9275823712512974,,,,,,,,,,,,,,,,,,,"Zach Neal","11294",594943
"Jared Hughes","CIN",4,3,,3.8343216903515485,64,0,0,,,56.33330154418945,,56,26,24,6,21,4,5,41,6.550299554350562,3.355031479057605,1.9523809523809523,0.9585804225878871,,,,,1.3668646766530983,,0.7434402332361517,,,4.4712499029454165,0.13466982254849671,,,,,,,,,201.466431427002,3.576329203232762,207.66650772094727,3.686389791268451,,,,,,,,,,,,,,,,,,,"Jared Hughes","9325",453172
"Daniel Stumpf","DET",2,2,,4.47337530541014,68,0,0,,,56.33330154418945,,57,30,28,8,21,2,3,51,8.14793359199704,3.355031479057605,2.4285714285714284,1.2781072301171827,,,,,1.3846161659602814,,0.718562874251497,,,4.4712499029454165,0.13464445519656787,,,,,,,,,200.266431427002,3.5550274160641426,207.66650772094727,3.686389791268451,,,,,,,,,,,,,,,,,,,"Daniel Stumpf","13780",621385
"Santiago Casilla","OAK",4,4,,4.180642589050668,55,0,0,,,51.66669845581055,,49,26,24,7,18,1,5,51,8.883865501732672,3.1354819417880018,2.8333333333333335,1.2193540884731118,,,,,1.2967733956777538,,0.7167832167832168,,,4.280219648681177,0.13238838770087238,,,,,,,,,201.83356857299802,3.9064537623905284,200.33349227905273,3.877420045532691,,,,,,,,,,,,,,,,,,,"Santiago Casilla","2873",433586
"Cody Ege","LAA",3,2,,4.16778256731061,34,0,0,,,49.66669845581055,,49,25,23,7,19,1,3,48,8.697981010039534,3.4429508164739824,2.526315789473684,1.2684555639640989,,,,,1.369126640469186,,0.7388316151202748,,,4.385826827575931,0.1313304149077475,,,,,,,,,184.03356857299806,3.7053714922633,187.33349227905273,3.7718128666379362,,,,,,,,,,,,,,,,,,,"Cody Ege","15928",643297
"Richard Lovelady","KCR",3,3,,4.142857142857143,63,0,0,,,63,,61,31,29,7,28,2,4,56,8,4,2,1,,,,,1.4126984126984128,,0.7323232323232323,,,4.348115884690058,0.1305436444410167,,,,,,,,,237.50000000000003,3.76984126984127,240,3.8095238095238093,,,,,,,,,,,,,,,,,,,"Richard Lovelady","19337",663992
"Dustin Antolin","CHW",3,3,,5.006625678602862,31,3,0,,,50.33330154418945,,50,30,28,5,32,1,3,44,7.867554637804497,5.721857918403271,1.375,0.894040299750511,,,,,1.629140101767598,,0.6933333333333334,,,4.786779795981465,0.12967406140655485,,,,,,,,,163.96643142700196,3.257613277822632,169.66650772094727,3.370859898232402,,,,,,,,,,,,,,,,,,,"Dustin Antolin","7119",542884
"José Alvarado","TBR",4,4,,4.142043210136235,55,0,0,,,58.66669845581055,,49,29,27,4,44,2,3,64,9.818176498100705,6.749996342444234,1.4545454545454546,0.6136360311312941,,,,,1.585226413755843,,0.7322654462242563,,,4.265593639312037,0.12832980874444688,,,,,,,,,244.533568572998,4.168183569375184,228.33349227905273,3.8920460549018303,,,,,,,,,,,,,,,,,,,"Jose Alvarado","17780",621237
"Josh Martin","CLE",3,3,,4.348990505019767,38,0,0,,,49.66669845581055,,50,26,24,7,18,1,3,46,8.33556513462122,3.2617428787648253,2.5555555555555554,1.2684555639640989,,,,,1.369126640469186,,0.7216494845360825,,,4.405961042876949,0.12832920929141134,,,,,,,,,180.43356857299807,3.632888317179637,186.33349227905273,3.7516786513369187,,,,,,,,,,,,,,,,,,,"Josh Martin","sa599246",607294
"Brandon Workman","BOS",3,3,,4.320002354214453,49,0,0,,,58.33330154418945,,57,30,28,8,25,1,2,57,8.794290506793708,3.857144959120047,2.28,1.234286386918415,,,,,1.405715051768195,,0.7344632768361582,,,4.374783214647304,0.1278038261976261,,,,,,,,,218.06643142700196,3.7382837188087024,220.66650772094727,3.782856479566563,,,,,,,,,,,,,,,,,,,"Brandon Workman","11428",519443
"Adam Ottavino","COL",3,2,,4.6875,56,0,0,,,48,,44,27,25,7,28,1,3,57,10.6875,5.25,2.0357142857142856,1.3125,,,,,1.5,,0.7234726688102894,,,4.6159730275472,0.12776629688867974,,,,,,,,,175.70000000000002,3.660416666666667,170,3.5416666666666665,,,,,,,,,,,,,,,,,,,"Adam Ottavino","1247",493603
"Nick Anderson","MIN",4,3,,4.299365668913768,43,0,0,,,52.33330154418945,,51,27,25,8,20,1,3,53,9.114655218097187,3.439492535131014,2.65,1.3757970140524056,,,,,1.3566887221905668,,0.7357859531772576,,,4.437895248957078,0.12715331217199327,,,,,,,,,193.266431427002,3.6929913788032414,194.66650772094727,3.719744445256789,,,,,,,,,,,,,,,,,,,"Nick Anderson","18337",623433
"Kyle Crockett","CIN",4,3,,4.253421879192326,56,0,0,,,48.66669845581055,,47,25,23,8,16,2,3,49,9.061637916540175,2.9589021768294446,3.0625,1.4794510884147223,,,,,1.294519702362882,,0.7335907335907337,,,4.452159396576749,0.12642425595193324,,,,,,,,,180.53356857299804,3.709591451676609,180.33349227905273,3.705480297637118,,,,,,,,,,,,,,,,,,,"Kyle Crockett","15033",641490
"Nate Smith","LAA",5,7,,5.4,19,19,0,,,100,,112,64,60,19,37,0,5,71,6.39,3.33,1.9189189189189189,1.71,,,,,1.49,,0.6944444444444444,,,5.467639694213867,0.12570968922194117,,,,,,,,,231.09999999999997,2.3109999999999995,269,2.69,,,,,,,,,,,,,,,,,,,"Nate Smith","sa737900",642091
"Yoshihisa Hirano","ARI",5,4,,4.378381199695742,53,0,0,,,49.33330154418945,,50,26,24,7,18,0,3,46,8.391897299416838,3.2837858997718063,2.5555555555555554,1.277027849911258,,,,,1.3783792665708816,,0.7216494845360825,,,4.4143972607932005,0.1244342790333759,,,,,,,,,177.96643142700196,3.6074299885968832,184.66650772094727,3.743242433420667,,,,,,,,,,,,,,,,,,,"Yoshihisa Hirano","19756",673633
"Chris Heston","SFG",6,9,,5.072268986944238,24,21,0,,,115.33300018310547,,127,70,65,17,48,2,7,82,6.398862414298885,3.745675559589591,1.7083333333333333,1.326593427354647,,,,,1.5173454234448576,,0.6944444444444445,,,5.08250074566963,0.12424818443353136,,,,,,,,,313.16420135498055,2.7153043869299633,354.66500091552734,3.0751389485442377,,,,,,,,,,,,,,,,,,,"Chris Heston","10302",518790
"Kohl Stewart","MIN",6,8,,5.572951618307998,20,20,0,,,93.66670227050781,,105,62,58,10,60,0,5,53,5.092524754660757,5.765122363766895,0.8833333333333333,0.9608537272944825,,,,,1.7615651667065513,,0.6821192052980133,,,5.495717097297108,0.12355459147927983,,,,,,,,,208.1335968017578,2.2220660251352884,249.33351135253906,2.6619225969167593,,,,,,,,,,,,,,,,,,,"Kohl Stewart","15502",640464
"Mike Dunn","COL",4,3,,4.566179672535498,62,0,0,,,45.33330154418945,,43,25,23,7,23,0,2,50,9.926477548990214,4.566179672535498,2.1739130434782608,1.38970685685863,,,,,1.4558833738518981,,0.7295373665480427,,,4.613523068065765,0.12183232288327281,,,,,,,,,162.56643142700193,3.5860267372879817,160.66650772094727,3.544116626148102,,,,,,,,,,,,,,,,,,,"Mike Dunn","9948",445197
"Miguel Del Pozo","MIA",3,3,,4.335763405177955,29,2,0,,,45.66669845581055,,46,24,22,4,24,0,3,37,7.291965726890197,4.729923714739587,1.5416666666666667,0.7883206191232646,,,,,1.5328456482952366,,0.7142857142857142,,,4.449609597776996,0.12103342095485686,,,,,,,,,162.13356857299806,3.5503676432813918,169.33349227905273,3.7080300964368718,,,,,,,,,,,,,,,,,,,"Miguel Del Pozo","18792",600887
"Tyler Pike","ATL",6,9,,5.355963714615228,26,26,0,,,122.66699981689453,,117,78,73,13,104,1,8,116,8.51084645062146,7.63041405917786,1.1153846153846154,0.9538017573972325,,,,,1.801625541750328,,0.7051282051282051,,,5.383177128140743,0.12036509543194301,,,,,,,,,339.63579864501975,2.7687625779712173,340.33499908447266,2.774462566073124,,,,,,,,,,,,,,,,,,,"Tyler Pike","sa657974",621377
"Danny Farquhar","CHW",3,4,,4.405265369046547,63,0,0,,,63.33330154418945,,60,33,31,9,28,2,4,63,8.952636072578466,3.9789493655904296,2.25,1.2789480103683524,,,,,1.3894743816347532,,0.7294429708222812,,,4.531324594239135,0.11698665298208832,,,,,,,,,231.96643142700196,3.6626297030347037,229.66650772094727,3.6263150999747324,,,,,,,,,,,,,,,,,,,"Danny Farquhar","8501",543144
"Raúl Alcántara","OAK",5,6,,5.26595744680851,29,18,0,,,94,,107,59,55,16,26,1,7,57,5.457446808510638,2.4893617021276597,2.1923076923076925,1.5319148936170213,,,,,1.4148936170212767,,0.6690777576853526,,,5.21083118357557,0.11554336031271767,,,,,,,,,235.59999999999997,2.506382978723404,277,2.9468085106382977,,,,,,,,,,,,,,,,,,,"Raul Alcantara","12790",593417
"Yender Cáramo","KCR",5,6,,5.184002214844696,24,10,0,,,83.33329772949219,,105,51,48,13,13,1,4,28,3.0240012919927395,1.404000599853772,2.1538461538461537,1.404000599853772,,,,,1.4160006049807272,,0.6713426853707415,,,5.125640535034539,0.1141491770729228,,,,,,,,,188.7664031982422,2.2651978061758204,252.66648864746094,3.0319991591793283,,,,,,,,,,,,,,,,,,,"Yender Caramo","sa597233",606135
"Logan Bawcom","OAK",4,4,,4.690140845070423,43,3,0,,,71,,74,40,37,8,33,0,4,56,7.098591549295775,4.183098591549296,1.696969696969697,1.0140845070422535,,,,,1.5070422535211268,,0.6993736951983299,,,4.60834391956598,0.11366933895137546,,,,,,,,,235.6,3.3183098591549296,252,3.5492957746478875,,,,,,,,,,,,,,,,,,,"Logan Bawcom","sa549287",594747
"Kyle Regnault","NYM",3,3,,4.421052631578948,42,0,0,,,57,,55,30,28,6,29,1,3,54,8.526315789473685,4.578947368421052,1.8620689655172413,0.9473684210526315,,,,,1.4736842105263157,,0.7142857142857143,,,4.315534431055973,0.11224925580112241,,,,,,,,,216.99999999999994,3.807017543859648,219,3.8421052631578947,,,,,,,,,,,,,,,,,,,"Kyle Regnault","sa526832",660064
"Dean Kiekhefer","SEA",3,3,,4.32,50,0,0,,,50,,54,26,24,6,14,3,3,35,6.3,2.52,2.5,1.08,,,,,1.36,,0.7046979865771812,,,4.337639694213867,0.110744934339299,,,,,,,,,174.79999999999998,3.4959999999999996,191,3.82,,,,,,,,,,,,,,,,,,,"Dean Kiekhefer","10529",518883
"Kevin Comer","DET",4,4,,4.640625,45,0,0,,,64,,64,35,33,8,32,1,4,62,8.71875,4.5,1.9375,1.125,,,,,1.5,,0.7193396226415094,,,4.532639694213867,0.1102668457890014,,,,,,,,,224.80000000000004,3.5125000000000006,232,3.625,,,,,,,,,,,,,,,,,,,"Kevin Comer","sa597802",595919
"Adam Morgan","PHI",3,4,,4.542058341795192,56,0,0,,,71.33329772949219,,71,39,36,13,23,1,2,72,9.084116683590384,2.901870607258039,3.130434782608696,1.6401877345371525,,,,,1.3177576670640372,,0.7255936675461742,,,4.55950955279263,0.11022421301037144,,,,,,,,,252.36640319824224,3.537848539615509,256.66648864746094,3.598130141421237,,,,,,,,,,,,,,,,,,,"Adam Morgan","12580",605388
"Warwick Saupold","DET",4,5,,5.3252614837345735,41,11,0,,,96.33329772949219,,107,61,57,13,47,2,6,66,6.166092244324243,4.391005083079385,1.4042553191489362,1.2145333208517448,,,,,1.5986165077877668,,0.6848306332842414,,,5.192242522307389,0.10875481132285056,,,,,,,,,247.76640319824224,2.571970533947466,285.66648864746094,2.9653971719064787,,,,,,,,,,,,,,,,,,,"Warwick Saupold","13211",599683
"Félix Peña","LAA",2,3,,4.375,49,0,0,,,72,,68,37,35,12,28,3,4,78,9.75,3.5,2.7857142857142856,1.5,,,,,1.3333333333333333,,0.7449494949494949,,,4.4909730275472,0.10701933039536343,,,,,,,,,268.40000000000003,3.7277777777777783,264,3.6666666666666665,,,,,,,,,,,,,,,,,,,"Felix Pena","13403",570240
"Matt Strahm","SDP",4,7,,5.163344416316003,34,12,0,,,83.66670227050781,,84,51,48,18,33,1,5,93,10.003979806612257,3.5497992862172523,2.8181818181818183,1.9362541561185014,,,,,1.3984057794189175,,0.7189542483660131,,,5.0938938503323685,0.10663200746399215,,,,,,,,,251.3335968017578,3.003985934442069,256.33351135253906,3.063745843881499,,,,,,,,,,,,,,,,,,,"Matt Strahm","13799",621381
"Severino González","MIA",5,6,,4.593363031635283,46,5,0,,,80.33329772949219,,90,44,41,12,19,1,4,52,5.825728723049627,2.128631648806594,2.736842105263158,1.3443989360883755,,,,,1.35684707438549,,0.7049891540130152,,,4.663864428164732,0.10571692890136142,,,,,,,,,247.8664031982422,3.0854752662200844,280.66648864746094,3.493775266049135,,,,,,,,,,,,,,,,,,,"Severino Gonzalez","14697",605894
"JT Chargois","MIN",2,1,,4.186046511627907,46,0,0,,,43,,41,21,20,4,24,0,3,39,8.162790697674419,5.023255813953488,1.625,0.8372093023255814,,,,,1.5116279069767442,,0.7407407407407408,,,4.436709461655727,0.10503385566663936,,,,,,,,,159.39999999999998,3.706976744186046,160,3.7209302325581395,,,,,,,,,,,,,,,,,,,"JT Chargois","13767",608638
"Nick Ramirez","MIL",5,5,,4.478051113694934,48,0,0,,,68.33329772949219,,71,36,34,6,31,1,4,46,6.058539742057852,4.082928956604205,1.4838709677419355,0.7902443141814589,,,,,1.4926837045649781,,0.7051282051282052,,,4.489347705149289,0.10145731442886408,,,,,,,,,234.26640319824227,3.4282906135398536,250.66648864746094,3.6682919890645787,,,,,,,,,,,,,,,,,,,"Nick Ramirez","12575",598286
"Connor Sadzeck","TEX",6,7,,5.456443962330689,31,16,0,,,95.66670227050781,,105,62,58,15,58,0,6,79,7.432052983174559,5.456443962330689,1.3620689655172413,1.4111493006027644,,,,,1.70383211850556,,0.7112676056338029,,,5.551367026347446,0.09985444051559525,,,,,,,,,216.43359680175786,2.2623712500277136,249.33351135253906,2.606272667866422,,,,,,,,,,,,,,,,,,,"Connor Sadzeck","13483",592712
"Glen Perkins","MIN",3,2,,4.5,41,0,0,,,38,,39,20,19,6,12,2,2,36,8.526315789473685,2.8421052631578947,3,1.4210526315789473,,,,,1.3421052631578947,,0.7276995305164319,,,4.420797588950709,0.09944124790440254,,,,,,,,,135.99999999999997,3.5789473684210518,142,3.736842105263158,,,,,,,,,,,,,,,,,,,"Glen Perkins","8041",450282
"Kyle Bird","TBR",3,3,,4.222750952788921,52,0,0,,,70.33329772949219,,71,35,33,7,30,1,4,55,7.0379182546482015,3.8388645025353827,1.8333333333333333,0.8957350505915893,,,,,1.4360196842817543,,0.7236842105263158,,,4.337735078326596,0.09604565446693736,,,,,,,,,257.7664031982422,3.664927019199833,268.66648864746094,3.819904615887271,,,,,,,,,,,,,,,,,,,"Kyle Bird","16618",613317
"Myles Jaye","MIN",8,11,,5.771484274170283,27,26,0,,,135.66700744628906,,158,93,87,24,54,1,9,88,5.83782317387339,3.5823005839677617,1.6296296296296295,1.5921335928745608,,,,,1.5626496374509578,,0.6670403587443946,,,5.553211072381609,0.09500536851149288,,,,,,,,,284.93585510253905,2.100259012607365,353.3350372314453,2.604428621832258,,,,,,,,,,,,,,,,,,,"Myles Jaye","11769",594867
"Sean Reid-Foley","TOR",8,11,,5.656440372439097,25,25,0,,,119.33300018310547,,131,80,75,23,56,0,7,99,7.4665012916196085,4.22347547808786,1.7678571428571428,1.7346417142146566,,,,,1.5670434809572018,,0.6912144702842377,,,5.587814076446961,0.09419372111044613,,,,,,,,,268.56420135498036,2.250544283164702,306.66500091552734,2.5698256177669063,,,,,,,,,,,,,,,,,,,"Sean Reid-Foley","17034",656887
"Teddy Stankiewicz","BOS",5,6,,5.540274452046512,24,23,0,,,128.33299255371094,,155,85,79,24,41,0,7,81,5.680534564756551,2.875332310555785,1.975609756097561,1.6831213525204594,,,,,1.527276782842639,,0.6834975369458128,,,5.448554868477826,0.09349878224869951,,,,,,,,,269.464144897461,2.0997261852573312,347.6649627685547,2.709084825736041,,,,,,,,,,,,,,,,,,,"Teddy Stankiewicz","sa657954",621103
"Alex Wimmers","MIA",5,5,,4.178571428571429,46,0,0,,,56,,52,28,26,6,28,1,2,52,8.357142857142858,4.5,1.8571428571428572,0.9642857142857143,,,,,1.4285714285714286,,0.7262569832402235,,,4.300496837071011,0.09194836917240257,,,,,,,,,219.40000000000006,3.917857142857144,216,3.857142857142857,,,,,,,,,,,,,,,,,,,"Alex Wimmers","11394",592872
"Jaime Schultz","TBR",4,6,,5.133800886094741,24,20,0,,,94.66670227050781,,88,58,54,17,62,1,5,112,10.64788331930761,5.894363980330999,1.8064516129032258,1.616196575252048,,,,,1.5845064463255372,,0.7290015847860538,,,5.249188203363577,0.09182795243978226,,,,,,,,,285.63359680175785,3.0172551694635645,275.33351135253906,2.908451490850291,,,,,,,,,,,,,,,,,,,"Jaime Schultz","15066",621289
"Phil Pfeifer","ATL",3,3,,4.527947628455056,41,1,0,,,53.66669845581055,,45,29,27,3,49,1,3,62,10.397509369044943,8.217386436825842,1.2653061224489797,0.5031052920505619,,,,,1.7515517575093633,,0.7238307349665924,,,4.480620277013493,0.09145923183232826,,,,,,,,,211.23356857299802,3.9360268965852057,197.33349227905273,3.6770194172003743,,,,,,,,,,,,,,,,,,,"Phil Pfeifer","sa602699",547177
"Fabio Castillo","LAD",6,8,,5.23469387755102,29,16,0,,,98,,103,61,57,16,49,1,5,85,7.8061224489795915,4.5,1.7346938775510203,1.469387755102041,,,,,1.5510204081632653,,0.7021604938271605,,,5.19845602074448,0.0913967325183272,,,,,,,,,268.6000000000001,2.740816326530613,290,2.9591836734693877,,,,,,,,,,,,,,,,,,,"Fabio Castillo","2826",503566
"Taylor Hill","WSN",7,10,,5.6112609697070495,26,24,0,,,136.33299255371094,,170,91,85,25,39,0,8,68,4.489008775765639,2.5745785625714697,1.7435897435897436,1.6503708734432498,,,,,1.5330111668872854,,0.6781609195402298,,,5.578183641930634,0.09094274203805497,,,,,,,,,254.36414489746085,1.8657563377203015,351.6649627685547,2.5794560522832337,,,,,,,,,,,,,,,,,,,"Taylor Hill","12515",592398
"Sandy Alcantara","MIA",6,7,,5.031496062992126,32,23,0,,,127,,129,76,71,16,81,0,8,106,7.511811023622047,5.74015748031496,1.308641975308642,1.1338582677165354,,,,,1.6535433070866141,,0.7142857142857143,,,5.228505835946151,0.09047645002453947,,,,,,,,,352.6000000000002,2.776377952755907,372,2.9291338582677167,,,,,,,,,,,,,,,,,,,"Sandy Alcantara","18684",645261
"Drew Anderson","PHI",5,8,,5.7408828495989646,23,21,0,,,100.33300018310547,,109,68,64,19,49,0,6,85,7.624610034623625,4.395363431724207,1.7346938775510203,1.7043245959746927,,,,,1.574756059438605,,0.684931506849315,,,5.569607835885655,0.08799438181194089,,,,,,,,,230.36420135498048,2.2959963415284204,259.66500091552734,2.5880318583282125,,,,,,,,,,,,,,,,,,,"Drew Anderson","15130",623454
"Shae Simmons","CHC",1,1,,4.183092635681,28,0,0,,,23.66670036315918,,21,12,11,2,15,0,1,24,9.126747568758544,5.70421723047409,1.6,0.7605622973965454,,,,,1.5211245947930907,,0.7228915662650601,,,4.25622967934221,0.08721250269346432,,,,,,,,,95.93358268737794,4.053525891455201,92.3335018157959,3.9014100148716566,,,,,,,,,,,,,,,,,,,"Shae Simmons","14200",623406
"C.C. Lee","LAD",2,2,,4.05,33,0,0,,,40,,38,19,18,6,16,1,2,43,9.675,3.6,2.6875,1.35,,,,,1.35,,0.7675438596491228,,,4.307639694213867,0.08454424501478816,,,,,,,,,155.39999999999998,3.8849999999999993,154,3.85,,,,,,,,,,,,,,,,,,,"C.C. Lee","5177",547348
"Jonathan Broxton","STL",2,2,,4.354842058952438,47,0,0,,,41.33330154418945,,40,21,20,5,19,2,1,39,8.491942014957255,4.137099956004817,2.0526315789473686,1.0887105147381095,,,,,1.4274204526566325,,0.7307692307692307,,,4.294737342940337,0.08397839726212718,,,,,,,,,158.36643142700194,3.8314488683584185,159.66650772094727,3.86290235127353,,,,,,,,,,,,,,,,,,,"Jonathan Broxton","4759",455009
"José Torres","SDP",5,5,,4.363636363636363,61,0,0,,,66,,66,34,32,10,22,0,4,62,8.454545454545455,3,2.8181818181818183,1.3636363636363635,,,,,1.3333333333333333,,0.7297297297297297,,,4.43036696694114,0.0818387123711312,,,,,,,,,239.8000000000001,3.6333333333333346,246,3.727272727272727,,,,,,,,,,,,,,,,,,,"Jose Torres","14957",600526
"Kyle Ryan","CHC",3,2,,4.3259691301467695,62,0,0,,,60.33330154418945,,59,31,29,4,34,4,3,42,6.265196671247046,5.071825876723799,1.2352941176470589,0.5966853972616234,,,,,1.5414372762591937,,0.7093821510297482,,,4.4670326493157635,0.08143846455460216,,,,,,,,,216.8664314270019,3.5944731330203123,222.66650772094727,3.6906070448981043,,,,,,,,,,,,,,,,,,,"Kyle Ryan","11753",594986
"Preston Claiborne","CLE",2,2,,4.5,39,0,0,,,42,,42,22,21,6,17,2,2,40,8.571428571428571,3.642857142857143,2.3529411764705883,1.2857142857142858,,,,,1.4047619047619047,,0.7312252964426877,,,4.467163503737677,0.0802820882170273,,,,,,,,,150.8,3.5904761904761906,155,3.6904761904761907,,,,,,,,,,,,,,,,,,,"Preston Claiborne","10500",502011
"Louis Coleman","ARI",3,3,,4.554219483880815,49,0,0,,,55.33330154418945,,52,30,28,7,31,2,3,59,9.59639105532029,5.042171571439474,1.903225806451613,1.1385548709702038,,,,,1.5000008617543954,,0.7240437158469946,,,4.513062159654586,0.07982281381222303,,,,,,,,,204.16643142700187,3.6897569046002707,201.66650772094727,3.6445775345592812,,,,,,,,,,,,,,,,,,,"Louis Coleman","9720",488786
"Devan Watts","ATL",2,2,,4.391568788027929,40,0,0,,,55.33330154418945,,54,29,27,7,25,1,3,53,8.620486880202971,4.066267396322156,2.12,1.1385548709702038,,,,,1.427711663597557,,0.722543352601156,,,4.404628362419329,0.0797935265049338,,,,,,,,,204.96643142700188,3.704214744231639,207.66650772094727,3.753011331794539,,,,,,,,,,,,,,,,,,,"Devan Watts","sa918361",670086
"Bobby Poyner","BOS",2,2,,4.238374443040029,42,0,0,,,57.33330154418945,,58,29,27,10,17,1,3,58,9.104656210974877,2.668606130802981,3.411764705882353,1.5697683122370478,,,,,1.3081402601975398,,0.7540983606557377,,,4.44833808427544,0.07868482312502821,,,,,,,,,206.46643142700196,3.6011606843863446,212.66650772094727,3.7093016099384273,,,,,,,,,,,,,,,,,,,"Bobby Poyner","17987",596074
"Tim Peterson","NYM",3,4,,4.354836030261113,44,0,0,,,51.66669845581055,,51,27,25,8,17,2,3,51,8.883865501732672,2.9612885005775573,3,1.3935475296835562,,,,,1.3161282224789144,,0.721830985915493,,,4.357638955885818,0.0771839021124096,,,,,,,,,193.33356857299808,3.7419377345806653,196.33349227905273,3.8000007383280487,,,,,,,,,,,,,,,,,,,"Tim Peterson","13946",623402
"Matt Reynolds","SFG",2,2,,4.050003862384665,34,0,0,,,33.33330154418945,,34,16,15,4,11,1,1,28,7.5600072097847075,2.970002832415421,2.5454545454545454,1.080001029969244,,,,,1.350001287461555,,0.7360406091370558,,,4.117640609742084,0.07378018302869896,,,,,,,,,129.06643142700196,3.871996635433803,134.66650772094727,4.039999084471783,,,,,,,,,,,,,,,,,,,"Matt Reynolds","8887",519186
"Matt Ramsey","HOU",3,3,,4.5,47,0,0,,,46,,43,25,23,5,27,1,2,47,9.195652173913043,5.282608695652174,1.7407407407407407,0.9782608695652174,,,,,1.5217391304347827,,0.7142857142857143,,,4.418509259431259,0.07369602735086711,,,,,,,,,174.10000000000002,3.784782608695653,172,3.739130434782609,,,,,,,,,,,,,,,,,,,"Matt Ramsey","14460",543677
"Edward Mujica","DET",1,1,,4.5,52,0,0,,,52,,58,28,26,9,8,2,2,37,6.403846153846154,1.3846153846153846,4.625,1.5576923076923077,,,,,1.2692307692307692,,0.7116104868913858,,,4.5614858480600216,0.07327680529997758,,,,,,,,,167.3,3.2173076923076924,187,3.5961538461538463,,,,,,,,,,,,,,,,,,,"Edward Mujica","3970",465629
"Jumbo Diaz","MIA",2,2,,4.14,51,0,0,,,50,,47,25,23,6,22,2,2,46,8.28,3.96,2.090909090909091,1.08,,,,,1.38,,0.7260726072607261,,,4.3176396942138675,0.07231811296968171,,,,,,,,,194,3.88,192,3.84,,,,,,,,,,,,,,,,,,,"Jumbo Diaz","3397",471822
"Burch Smith","KCR",4,5,,5.285714285714286,16,15,0,,,63,,68,40,37,10,32,0,4,50,7.142857142857143,4.571428571428571,1.5625,1.4285714285714286,,,,,1.5873015873015872,,0.6976744186046512,,,5.348115884690058,0.06958047153983836,,,,,,,,,158.40000000000003,2.5142857142857147,177,2.8095238095238093,,,,,,,,,,,,,,,,,,,"Burch Smith","12784",572143
"Dustin McGowan","TBR",4,4,,4.175255433168075,55,0,0,,,64.66670227050781,,62,32,30,8,28,4,2,58,8.072160504124945,3.8969050709568696,2.0714285714285716,1.1134014488448198,,,,,1.3917518110560247,,0.7360406091370558,,,4.3638245971290885,0.06908438983336869,,,,,,,,,244.93359680175777,3.7876308548590285,245.33351135253906,3.7938150970847784,,,,,,,,,,,,,,,,,,,"Dustin McGowan","8600",430661
"Akeel Morris","ATL",2,2,,4.525137253906605,47,0,0,,,59.66669845581055,,52,32,30,7,40,0,3,72,10.860329409375852,6.03351633854214,1.8,1.0558653592448746,,,,,1.541898619849658,,0.7299270072992701,,,4.431382032350541,0.06819167689172562,,,,,,,,,235.23356857299805,3.9424599426632128,222.33349227905273,3.726257661863326,,,,,,,,,,,,,,,,,,,"Akeel Morris","12185",592570
"Ryan Kelly","SEA",2,2,,4.5900043773692865,34,0,0,,,33.33330154418945,,33,18,17,5,11,1,2,32,8.640008239753952,2.970002832415421,2.909090909090909,1.350001287461555,,,,,1.3200012588512982,,0.7027027027027027,,,4.357640838624139,0.06634732199773433,,,,,,,,,124.36643142700196,3.7309965009655963,126.66650772094727,3.799998855589729,,,,,,,,,,,,,,,,,,,"Ryan Kelly","4858",502462
"Rhiner Cruz","TOR",3,3,,4.335763405177955,39,0,0,,,45.66669845581055,,42,24,22,5,28,1,3,47,9.262767274698358,5.518244333862852,1.6785714285714286,0.9854007739040807,,,,,1.5328456482952366,,0.7301587301587301,,,4.559098572655227,0.06633090773497634,,,,,,,,,168.23356857299808,3.683944192632834,164.33349227905273,3.598541121558641,,,,,,,,,,,,,,,,,,,"Rhiner Cruz","711",462480
"Glenn Sparkman","KCR",3,4,,5.126579184122216,16,11,0,,,52.66669845581055,,61,32,30,9,17,0,3,33,5.639237102534437,2.9050615376692557,1.9411764705882353,1.5379737552366648,,,,,1.4810117643019736,,0.7033639143730887,,,5.265233358797445,0.06423441088219271,,,,,,,,,126.4335685729981,2.4006359289652623,152.33349227905273,2.8924063354164224,,,,,,,,,,,,,,,,,,,"Glenn Sparkman","15200",642098
"Tyler Cyr","SFG",4,4,,4.14110671734179,46,0,0,,,54.33330154418945,,51,27,25,5,31,1,3,55,9.110434778151939,5.13497232950382,1.7741935483870968,0.828221343468358,,,,,1.5092033369867857,,0.7333333333333333,,,4.206720062607121,0.0634673807198012,,,,,,,,,215.96643142700205,3.9748446217897477,214.66650772094727,3.9509196316067463,,,,,,,,,,,,,,,,,,,"Tyler Cyr","18421",664202
"Seth Frankoff","SEA",4,6,,5.399998011096503,27,16,0,,,96.66670227050781,,104,62,58,19,40,0,5,88,8.193100430629176,3.7241365593768987,2.2,1.768964865704027,,,,,1.4896546237507595,,0.6984667802385008,,,5.288673392079537,0.0627209714742661,,,,,,,,,252.23359680175776,2.609312109312661,277.33351135253906,2.8689663021343303,,,,,,,,,,,,,,,,,,,"Seth Frankoff","11346",571676
"Josh Edgin","BAL",1,1,,4.384615384615385,50,0,0,,,39,,39,20,19,4,21,1,3,32,7.384615384615385,4.846153846153846,1.5238095238095237,0.9230769230769231,,,,,1.5384615384615385,,0.7352941176470589,,,4.696101232675406,0.062329220077336586,,,,,,,,,130.00000000000003,3.333333333333334,135,3.4615384615384617,,,,,,,,,,,,,,,,,,,"Josh Edgin","10796",572831
"T.J. Weir","SDP",4,5,,4.684931506849315,43,4,0,,,73,,74,41,38,11,31,1,4,65,8.013698630136986,3.8219178082191783,2.096774193548387,1.356164383561644,,,,,1.4383561643835616,,0.7142857142857143,,,4.774078050378251,0.05970311462617342,,,,,,,,,237.50000000000003,3.253424657534247,247,3.3835616438356166,,,,,,,,,,,,,,,,,,,"T.J. Weir","sa829207",657798
"Tommy Layne","LAD",1,1,,4,46,0,0,,,36,,34,17,16,3,20,1,2,31,7.75,5,1.55,0.75,,,,,1.5,,0.7429718875502008,,,4.352084138658312,0.05802864473079783,,,,,,,,,137.10000000000002,3.808333333333334,137,3.8055555555555554,,,,,,,,,,,,,,,,,,,"Tommy Layne","7501",518927
"Taylor Clarke","ARI",9,11,,5.513103429515684,26,26,0,,,127.33300018310547,,142,83,78,27,48,0,8,106,7.492166199085417,3.3926790335481134,2.2083333333333335,1.9083819563708138,,,,,1.4921505008660683,,0.7030223390275954,,,5.568640766665883,0.05772482766685816,,,,,,,,,284.9642013549805,2.237944609372281,329.66500091552734,2.5889989275479843,,,,,,,,,,,,,,,,,,,"Taylor Clarke","17611",664199
"Matt Carasiti","CHC",3,2,,4.391568788027929,52,0,0,,,55.33330154418945,,51,29,27,8,29,1,3,63,10.246993838731834,4.716870179733701,2.1724137931034484,1.30120556682309,,,,,1.4457839631367666,,0.7412790697674418,,,4.494989860115377,0.05759550500870447,,,,,,,,,208.46643142700194,3.7674677926188735,202.66650772094727,3.6626498340984908,,,,,,,,,,,,,,,,,,,"Matt Carasiti","13276",571539
"Michael Lorenzen","CIN",5,5,,4.403431457780162,67,0,0,,,77.66670227050781,,79,41,38,10,30,3,6,62,7.184546062693948,3.4763932561422326,2.066666666666667,1.1587977520474109,,,,,1.4034328330351977,,0.7157894736842105,,,4.625450180140588,0.05593108010493965,,,,,,,,,262.33359680175784,3.377684247337654,274.33351135253906,3.5321895140732793,,,,,,,,,,,,,,,,,,,"Michael Lorenzen","14843",547179
"Zack Weiss","CIN",4,4,,4.342654446518874,41,0,0,,,47.66669845581055,,46,25,23,8,19,0,3,51,9.629364207498371,3.587410194950374,2.6842105263157894,1.5104885031369994,,,,,1.3636354542209024,,0.7434944237918216,,,4.584212169398811,0.055598875053128965,,,,,,,,,170.73356857299802,3.581820728181473,170.33349227905273,3.573427524815056,,,,,,,,,,,,,,,,,,,"Zack Weiss","15444",592848
"Eduardo Jiménez","DET",2,1,,4.404255319148936,35,0,0,,,47,,47,25,23,6,20,1,3,40,7.659574468085107,3.8297872340425534,2,1.148936170212766,,,,,1.425531914893617,,0.7167235494880546,,,4.583171609107485,0.05518936083782698,,,,,,,,,162.8,3.463829787234043,168,3.574468085106383,,,,,,,,,,,,,,,,,,,"Eduardo Jimenez","19642",621592
"Osmer Morales","LAA",4,6,,5.40001660630858,27,20,0,,,108.33300018310547,,117,70,65,22,44,0,6,93,7.726177605949199,3.655395856578116,2.1136363636363638,1.827697928289058,,,,,1.4861584164370623,,0.6989247311827957,,,5.465339098619244,0.05438794648429901,,,,,,,,,262.8642013549805,2.4264462436255334,291.66500091552734,2.6923005955946238,,,,,,,,,,,,,,,,,,,"Osmer Morales","17133",591672
"Sammy Solís","WSN",3,3,,4.5725841619000605,42,0,0,,,41.33330154418945,,39,22,21,6,20,1,2,43,9.362910426747742,4.354842058952438,2.15,1.3064526176857316,,,,,1.4274204526566325,,0.7312252964426877,,,4.56086657987632,0.05433525060084607,,,,,,,,,150.66643142700192,3.64515840250323,148.66650772094727,3.5967731143375476,,,,,,,,,,,,,,,,,,,"Sammy Solis","11457",519301
"Jimmy Reyes","TEX",3,4,,5.1,37,4,0,,,60,,70,36,34,9,21,0,3,36,5.4,3.15,1.7142857142857142,1.35,,,,,1.5166666666666666,,0.7015306122448979,,,5.1076396942138675,0.05348571538655918,,,,,,,,,151.3,2.521666666666667,183,3.05,,,,,,,,,,,,,,,,,,,"Jimmy Reyes","sa526353",592670
"Josh Ravin","ATL",2,2,,4.467628964505755,40,0,0,,,46.33330154418945,,39,25,23,8,25,2,2,63,12.237418467994024,4.856118439680168,2.52,1.5539579006976538,,,,,1.3812959117312478,,0.7386363636363636,,,4.431021862841112,0.05313022260644144,,,,,,,,,188.0664314270019,4.058990513500043,172.66650772094727,3.726617831372756,,,,,,,,,,,,,,,,,,,"Josh Ravin","2951",502051
"Tyler Carpenter","LAA",4,6,,5.535562379657528,20,17,0,,,79.66670227050781,,97,52,49,14,24,0,5,42,4.744767753992167,2.7112958594240952,1.75,1.5815892513307221,,,,,1.5188277731033126,,0.680473372781065,,,5.479814388628023,0.05287566920614978,,,,,,,,,162.13359680175782,2.0351488411210266,213.33351135253906,2.6778253055858445,,,,,,,,,,,,,,,,,,,"Tyler Carpenter","sa829365",641440
"Daniel Wright","CIN",7,10,,5.743078066510223,26,21,0,,,120.66699981689453,,139,82,77,24,43,0,7,85,6.339761501991804,3.2071734657135007,1.9767441860465116,1.7900503064447446,,,,,1.5082831285784422,,0.6738544474393531,,,5.57752251588917,0.052489036727113386,,,,,,,,,256.33579864501945,2.1243239579503492,311.33499908447266,2.5801171783246972,,,,,,,,,,,,,,,,,,,"Daniel Wright","15179",642229
"Adam Wilk","CLE",5,7,,5.482758620689655,17,15,0,,,87,,103,57,53,19,23,1,4,61,6.310344827586207,2.3793103448275863,2.652173913043478,1.9655172413793103,,,,,1.4482758620689655,,0.6941649899396378,,,5.525455786167891,0.05076564377865435,,,,,,,,,183.3,2.1068965517241383,229,2.632183908045977,,,,,,,,,,,,,,,,,,,"Adam Wilk","8421",573244
"Chad Qualls","COL",2,1,,4.655172413793103,36,0,0,,,29,,32,16,15,5,7,1,1,22,6.827586206896552,2.1724137931034484,3.142857142857143,1.5517241379310345,,,,,1.3448275862068966,,0.71875,,,4.709363832144902,0.04881885361693744,,,,,,,,,89.90000000000002,3.1000000000000005,100,3.4482758620689653,,,,,,,,,,,,,,,,,,,"Chad Qualls","2170",430589
"Jake Barrett","ARI",2,2,,4.609753416949123,58,0,0,,,54.66669845581055,,53,30,28,7,28,3,2,52,8.560970631476943,4.609753416949123,1.8571428571428572,1.1524383542372807,,,,,1.4817064554479322,,0.7162921348314606,,,4.566175460503877,0.04710477106963007,,,,,,,,,194.63356857299806,3.5603680864380127,196.33349227905273,3.5914642337099902,,,,,,,,,,,,,,,,,,,"Jake Barrett","13322",545332
"Cody Hall","TBR",2,2,,4.347461140730535,32,0,0,,,39.33330154418945,,38,20,19,5,18,1,2,39,8.923736025710046,4.11864739648156,2.1666666666666665,1.1440687212448777,,,,,1.4237299642158479,,0.7346938775510204,,,4.35255591418074,0.047069336034119655,,,,,,,,,148.76643142700198,3.7822004659300874,149.66650772094727,3.8050837800331276,,,,,,,,,,,,,,,,,,,"Cody Hall","12232",595235
"Jonathan Albaladejo","NYM",2,3,,5.014282298576969,19,5,0,,,46.66669845581055,,52,28,26,7,17,2,3,33,6.364281378963076,3.278569195223403,1.9411764705882353,1.349999080386107,,,,,1.4785704213752602,,0.6925675675675675,,,4.979067024893536,0.04660581483161358,,,,,,,,,130.033568572998,2.786431714172557,148.33349227905273,3.1785726693203316,,,,,,,,,,,,,,,,,,,"Jonathan Albaladejo","3521",452293
"Caleb Dirks","ATL",3,3,,4.3732423736964305,37,0,0,,,47.33330154418945,,45,25,23,7,21,2,3,51,9.69718961123991,3.9929604281576103,2.4285714285714284,1.33098680938587,,,,,1.3943671336423402,,0.7295373665480427,,,4.446372954095424,0.04616950852884062,,,,,,,,,177.16643142700195,3.7429552904016807,175.66650772094727,3.711266740118443,,,,,,,,,,,,,,,,,,,"Caleb Dirks","sa829346",656375
"Manny Parra","CHC",1,1,,4.387494455880972,35,0,0,,,26.66670036315918,,27,14,13,3,12,1,1,22,7.424990617644721,4.049994882351666,1.8333333333333333,1.0124987205879166,,,,,1.462498151960324,,0.7183908045977012,,,4.432638083102355,0.0461371739215424,,,,,,,,,95.23358268737793,3.571254838073101,99.3335018157959,3.7250016111115123,,,,,,,,,,,,,,,,,,,"Manny Parra","4279",448159
"Akeem Bostick","HOU",6,8,,5.319700489943072,21,16,0,,,89.66670227050781,,102,57,53,13,41,0,5,53,5.319700489943072,4.115240001654075,1.2926829268292683,1.304832195646414,,,,,1.5947949057900614,,0.6891025641025641,,,5.399274491862835,0.045354485724328944,,,,,,,,,206.43359680175791,2.302232507436105,247.33351135253906,2.7583652023510323,,,,,,,,,,,,,,,,,,,"Akeem Bostick","15979",641384
"David Peterson","ATL",3,3,,4.645161290322581,47,1,0,,,62,,68,34,32,8,20,2,3,43,6.241935483870968,2.903225806451613,2.15,1.1612903225806452,,,,,1.4193548387096775,,0.703125,,,4.56086550066548,0.04208054167027446,,,,,,,,,200.59999999999997,3.2354838709677414,223,3.596774193548387,,,,,,,,,,,,,,,,,,,"David Peterson","sa603091",543639
"Yoanys Quiala","HOU",6,8,,5.3642206580331,23,15,0,,,100.66699981689453,,117,64,60,18,31,0,6,61,5.453624335666985,2.771514006650435,1.967741935483871,1.6092661974099303,,,,,1.4701938099794425,,0.6840390879478827,,,5.372864151142352,0.04170086286684874,,,,,,,,,230.33579864501957,2.288096387733642,280.33499908447266,2.784775543071516,,,,,,,,,,,,,,,,,,,"Yoanys Quiala","sa876861",665240
"Oscar De La Cruz","CHC",3,4,,5.236363636363636,14,13,0,,,55,,62,34,32,11,20,0,3,43,7.036363636363636,3.272727272727273,2.15,1.8,,,,,1.490909090909091,,0.7207207207207208,,,5.448548785122958,0.041064179051219105,,,,,,,,,127.49999999999997,2.3181818181818175,149,2.709090909090909,,,,,,,,,,,,,,,,,,,"Oscar De La Cruz","sa737037",642601
"Touki Toussaint","ATL",7,10,,5.441312339629864,26,25,0,,,130.66700744628906,,131,85,79,20,89,3,8,126,8.678548794852695,6.130086053507062,1.4157303370786516,1.377547427754396,,,,,1.6836690783664838,,0.703125,,,5.445899032539225,0.03826503298586434,,,,,,,,,341.3358551025391,2.612257384426944,354.3350372314453,2.7117406616746424,,,,,,,,,,,,,,,,,,,"Touki Toussaint","16929",657053
"Casey Kelly","SFG",5,7,,5.170212765957447,21,17,0,,,94,,105,58,54,14,39,2,6,66,6.319148936170213,3.734042553191489,1.6923076923076923,1.3404255319148937,,,,,1.5319148936170213,,0.6913183279742765,,,5.125724800596846,0.03801547043342879,,,,,,,,,247.39999999999998,2.631914893617021,285,3.0319148936170213,,,,,,,,,,,,,,,,,,,"Casey Kelly","9174",543391
"John Stilson","PIT",3,3,,4.470201498752555,38,0,0,,,50.33330154418945,,50,27,25,5,26,1,3,42,7.509938517904293,4.649009558702658,1.6153846153846154,0.894040299750511,,,,,1.5099347284675297,,0.7101449275362319,,,4.508633924947973,0.03713406729610544,,,,,,,,,177.96643142700196,3.5357591488561244,183.66650772094727,3.6490057692658944,,,,,,,,,,,,,,,,,,,"John Stilson","sa502049",572166
"Steve Johnson","CHW",3,4,,5.285714285714286,26,9,0,,,63,,63,40,37,12,32,1,3,62,8.857142857142858,4.571428571428571,1.9375,1.7142857142857142,,,,,1.507936507936508,,0.7033248081841432,,,5.332242868817042,0.035823252548248544,,,,,,,,,173.8,2.7587301587301587,178,2.8253968253968256,,,,,,,,,,,,,,,,,,,"Steve Johnson","4053",489002
"Chad Girodo","TOR",3,3,,4.703222912682002,37,1,0,,,51.66669845581055,,56,29,27,7,18,1,3,36,6.2709638835760035,3.1354819417880018,2,1.2193540884731118,,,,,1.4322571832858773,,0.7009345794392523,,,4.7447354919090285,0.0341996868552495,,,,,,,,,159.63356857299803,3.0896800713815553,176.33349227905273,3.412904202304839,,,,,,,,,,,,,,,,,,,"Chad Girodo","15542",643325
"Sam Coonrod","SFG",6,9,,5.057142857142857,24,20,0,,,105,,112,63,59,14,56,1,6,80,6.857142857142857,4.8,1.4285714285714286,1.2,,,,,1.6,,0.7075471698113207,,,5.138592075166248,0.0334854818946381,,,,,,,,,287.59999999999997,2.7390476190476187,317,3.019047619047619,,,,,,,,,,,,,,,,,,,"Sam Coonrod","17264",656322
"Brandon Barker","MIA",6,8,,5.203925142643969,25,18,0,,,119.33300018310547,,128,74,69,20,51,1,6,89,6.712309241961062,3.8463794532585864,1.7450980392156863,1.5083840993170927,,,,,1.50000418765422,,0.695364238410596,,,5.27775734492067,0.032899871013597204,,,,,,,,,311.26420135498046,2.608366511169369,343.66500091552734,2.8798823492931973,,,,,,,,,,,,,,,,,,,"Brandon Barker","sa829237",656210
"Roberto Gómez","SFG",5,7,,5.014287627084644,34,14,0,,,93.33329772949219,,103,56,52,12,43,1,5,66,6.364288142068972,4.146430153166148,1.5348837209302326,1.1571432985579948,,,,,1.5642863110135856,,0.6965944272445821,,,4.957640380859637,0.03106705451777246,,,,,,,,,263.26640319824213,2.8207125388547496,298.66648864746094,3.19999931335423,,,,,,,,,,,,,,,,,,,"Roberto Gomez","12963",596816
"Keegan Akin","BAL",6,9,,5.837840245361429,20,20,0,,,86.33329772949219,,92,60,56,16,52,0,5,75,7.818536042894771,5.4208516564070415,1.4423076923076923,1.6679543558175511,,,,,1.6679543558175511,,0.6907894736842105,,,5.810150440618168,0.03047127741586793,,,,,,,,,181.86640319824218,2.1065615235512434,202.66648864746094,2.3474892535957,,,,,,,,,,,,,,,,,,,"Keegan Akin","19362",669211
"Jonny Venters","TBR",0,0,,4.673086007688904,20,0,0,,,17.33329963684082,,16,10,9,1,12,0,1,16,8.307708458113607,6.230781343585205,1.3333333333333333,0.5192317786321005,,,,,1.6153877557443126,,0.6766917293233082,,,4.31148809117409,0.02884355536484115,,,,,,,,,67.36641731262208,3.8865316312561204,66.6664981842041,3.8461516030397767,,,,,,,,,,,,,,,,,,,"Jonny Venters","7175",458924
"Tim Shibuya","LAD",3,4,,5.054794520547945,23,10,0,,,73,,87,44,41,13,15,0,4,39,4.808219178082192,1.8493150684931507,2.6,1.6027397260273972,,,,,1.3972602739726028,,0.6921241050119332,,,5.18503695448784,0.028803761494882715,,,,,,,,,175.10000000000005,2.398630136986302,217,2.9726027397260273,,,,,,,,,,,,,,,,,,,"Tim Shibuya","sa580380",607348
"Lucas Long","BAL",6,8,,5.66765499866374,28,16,0,,,114.33300018310547,,134,77,72,25,35,1,7,81,6.376111873496708,2.7551100687948735,2.3142857142857145,1.9679357634249097,,,,,1.4781384178613766,,0.6865671641791045,,,5.685343852568529,0.028118524946963583,,,,,,,,,226.16420135498043,1.978118312235104,282.66500091552734,2.472295841645338,,,,,,,,,,,,,,,,,,,"Lucas Long","sa827466",657664
"Brad Markey","CHC",4,4,,4.984613336868676,34,9,0,,,86.66670227050781,,99,51,48,15,27,1,5,59,6.126920559901081,2.80384500198863,2.185185185185185,1.5576916677714612,,,,,1.4538455565866972,,0.7142857142857143,,,5.153792720320999,0.02757872893344933,,,,,,,,,221.4335968017578,2.5550019903908403,260.33351135253906,3.0038469738928684,,,,,,,,,,,,,,,,,,,"Brad Markey","sa659004",623490
"Jarret Martin","OAK",2,2,,4.829268292682927,41,1,0,,,41,,35,24,22,2,37,1,2,43,9.439024390243903,8.121951219512194,1.162162162162162,0.43902439024390244,,,,,1.7560975609756098,,0.6936416184971098,,,4.547883596652891,0.02693944220246358,,,,,,,,,156.80000000000004,3.82439024390244,148,3.6097560975609757,,,,,,,,,,,,,,,,,,,"Jarret Martin","sa455420",543496
"Asher Wojciechowski","BAL",4,6,,5.843285910933844,27,15,0,,,89.33329772949219,,103,62,58,20,33,1,5,75,7.555973160690315,3.3246281907037383,2.272727272727273,2.0149261761840838,,,,,1.5223886664501967,,0.6851851851851852,,,5.665103380131839,0.026808764694628576,,,,,,,,,183.26640319824224,2.051490405662471,222.66648864746094,2.4925363140820287,,,,,,,,,,,,,,,,,,,"Asher Wojciechowski","10836",592879
"Cale Coshow","NYY",5,5,,5.131219239487131,41,5,0,,,73.66670227050781,,76,45,42,11,39,2,4,65,7.941172632539607,4.764703579523765,1.6666666666666667,1.3438907531990105,,,,,1.561085218362487,,0.7028112449799198,,,5.085240572539721,0.026739042152037013,,,,,,,,,213.23359680175778,2.8945723132651353,226.33351135253906,3.0723991216741466,,,,,,,,,,,,,,,,,,,"Cale Coshow","sa738313",641483
"Pierce Johnson","SFG",3,4,,4.640625,33,7,0,,,64,,59,35,33,9,40,0,4,73,10.265625,5.625,1.825,1.265625,,,,,1.546875,,0.7407407407407407,,,4.767014694213867,0.026363096689500667,,,,,,,,,223.50000000000003,3.4921875000000004,217,3.390625,,,,,,,,,,,,,,,,,,,"Pierce Johnson","13435",572955
"Rayan González","COL",2,2,,5.1923029309942805,34,0,0,,,34.66669845581055,,37,21,20,3,22,1,2,27,7.009608956842278,5.711533224093708,1.2272727272727273,0.7788454396491421,,,,,1.7019215162703476,,0.6934306569343066,,,4.801868955695389,0.024824104673274353,,,,,,,,,105.43356857299803,3.041350150704245,116.33349227905273,3.3557707385184776,,,,,,,,,,,,,,,,,,,"Rayan Gonzalez","sa455370",543234
"Edwin Fierro","TBR",4,5,,4.929462765657377,31,8,0,,,80.33329772949219,,92,47,44,12,24,1,4,46,5.153529255005439,2.688797872176751,1.9166666666666667,1.3443989360883755,,,,,1.443984042465292,,0.6955645161290323,,,4.999964162186826,0.024528626843951018,,,,,,,,,215.6664031982422,2.6846452130529945,253.66648864746094,3.1576755320270413,,,,,,,,,,,,,,,,,,,"Edwin Fierro","sa652170",616623
"Eddie Gamboa","BAL",6,9,,5.748405629832052,23,18,0,,,103.33300018310547,,113,71,66,16,60,0,6,68,5.922599739826963,5.22582329984732,1.1333333333333333,1.3935528799592856,,,,,1.674198946062197,,0.6772908366533865,,,5.770551344137528,0.023896901546864024,,,,,,,,,212.06420135498047,2.052240823156242,246.66500091552734,2.38708835007634,,,,,,,,,,,,,,,,,,,"Eddie Gamboa","6911",543195
"Jeremy Bleich","OAK",4,5,,4.922654527408393,34,3,0,,,60.33330154418945,,67,35,33,8,22,2,3,41,6.11602532193164,3.281769684938929,1.8636363636363635,1.1933707945232468,,,,,1.4751388987856802,,0.6940874035989717,,,4.765375347946575,0.023172289019643806,,,,,,,,,180.8664314270019,2.997787735758689,204.66650772094727,3.3922643462672926,,,,,,,,,,,,,,,,,,,"Jeremy Bleich","9069",542946
"Yeudy Garcia","PIT",6,9,,5.399984579947772,27,24,0,,,116.66699981689453,,123,75,70,18,69,0,8,97,7.482835775070484,5.322841943091375,1.4057971014492754,1.3885674634151413,,,,,1.6457095862697972,,0.7014388489208633,,,5.480490204000924,0.02309986635526297,,,,,,,,,285.13579864501963,2.444014152181268,312.33499908447266,2.6771494902129427,,,,,,,,,,,,,,,,,,,"Yeudy Garcia","sa828169",650817
"Tony Sipp","HOU",1,1,,4.354842058952438,50,0,0,,,41.33330154418945,,38,21,20,7,16,1,1,43,9.362910426747742,3.4838736471619507,2.6875,1.5241947206333535,,,,,1.3064526176857316,,0.7466063348416289,,,4.512479445887959,0.02291194127756653,,,,,,,,,155.9664314270019,3.773384307572385,150.66650772094727,3.645160248325908,,,,,,,,,,,,,,,,,,,"Tony Sipp","8280",448609
"Alex Powers","CIN",3,3,,4.747250259708436,37,1,0,,,60.66669845581055,,60,34,32,9,30,1,3,59,8.75274266633743,4.450547118476659,1.9666666666666666,1.3351641355429977,,,,,1.4835157061588864,,0.7235142118863048,,,4.773023463142432,0.021242329708090923,,,,,,,,,201.23356857299808,3.3170351064938215,205.33349227905273,3.3846162310714347,,,,,,,,,,,,,,,,,,,"Alex Powers","sa621533",641988
"Ryan Webb","SFG",1,1,,4.54455016433587,31,0,0,,,33.66669845581055,,36,18,17,3,13,2,1,22,5.881182565611126,3.4752442433156654,1.6923076923076923,0.8019794407651535,,,,,1.4554441702775007,,0.6919642857142858,,,4.256648557484633,0.01961864288928094,,,,,,,,,120.63356857299804,3.5831719208028803,131.33349227905273,3.900991136729234,,,,,,,,,,,,,,,,,,,"Ryan Webb","7474",444436
"Damien Magnifico","PIT",4,5,,4.369939787572636,50,0,0,,,57.66669845581055,,54,30,28,4,41,0,3,52,8.115602462634895,6.39884040323136,1.2682926829268293,0.6242771125103765,,,,,1.6473979357912716,,0.727069351230425,,,4.544922166459148,0.019347580101335124,,,,,,,,,209.13356857299814,3.6265916754928367,208.33349227905273,3.6127175277547185,,,,,,,,,,,,,,,,,,,"Damien Magnifico","13395",571911
"Braden Shipley","ARI",7,9,,5.556886970892177,28,24,0,,,137.66700744628906,,161,91,85,26,53,1,7,93,6.079888097564382,3.4648824642033573,1.7547169811320755,1.6997536616846658,,,,,1.5544755709423868,,0.6925675675675675,,,5.569256000535701,0.017453701016646492,,,,,,,,,286.3358551025391,2.079916317017738,356.3350372314453,2.5883836936781663,,,,,,,,,,,,,,,,,,,"Braden Shipley","15158",640463
"Neal Cotts","WSN",2,2,,4.604651162790698,48,0,0,,,43,,43,24,22,7,17,2,2,42,8.790697674418604,3.558139534883721,2.4705882352941178,1.4651162790697674,,,,,1.3953488372093024,,0.7171314741035856,,,4.646011787237123,0.016799295757979463,,,,,,,,,147.29999999999995,3.425581395348836,151,3.511627906976744,,,,,,,,,,,,,,,,,,,"Neal Cotts","1797",425840
"Luis Escobar","PIT",6,10,,5.4487787777539936,24,23,0,,,110.66699981689453,,111,72,67,17,76,0,7,105,8.539130920360735,6.180704285213485,1.381578947368421,1.3825259585345953,,,,,1.689753949320061,,0.7046568627450981,,,5.507030211985075,0.01307449579738812,,,,,,,,,282.2357986450195,2.550315804277664,293.33499908447266,2.6506094822287922,,,,,,,,,,,,,,,,,,,"Luis Escobar","17345",650813
"Joan Gregorio","SFG",4,6,,5.232558139534884,20,17,0,,,86,,89,54,50,14,46,1,4,80,8.372093023255815,4.813953488372093,1.7391304347826086,1.4651162790697674,,,,,1.569767441860465,,0.7019064124783362,,,5.157639694213867,0.012705232354388127,,,,,,,,,242.79999999999993,2.8232558139534873,258,3,,,,,,,,,,,,,,,,,,,"Joan Gregorio","sa547815",593340
"Casey Fien","PHI",2,3,,5.161768325474911,43,0,0,,,45.33330154418945,,50,28,26,9,10,2,0,39,7.742652488212367,1.9852955097980427,3.9,1.7867659588182385,,,,,1.323530339865362,,0.6751054852320675,,,4.6796995850590335,0.011187786020605266,,,,,,,,,142.76643142700198,3.1492617251324133,157.66650772094727,3.477940109154834,,,,,,,,,,,,,,,,,,,"Casey Fien","3926",502272
"Alan Busenitz","MIN",3,3,,4.5899975486768465,49,1,0,,,66.66670227050781,,70,36,34,10,24,1,3,53,7.15499617881979,3.239998269654244,2.2083333333333335,1.3499992790226019,,,,,1.409999246979162,,0.725,,,4.73263885307357,0.010494423773502952,,,,,,,,,213.33359680175784,3.2000022430407946,228.33351135253906,3.4250008411402977,,,,,,,,,,,,,,,,,,,"Alan Busenitz","15239",641427
"André Rienzo","SDP",2,4,,5.163934426229508,26,9,0,,,61,,61,37,35,8,40,0,4,56,8.262295081967213,5.901639344262295,1.4,1.180327868852459,,,,,1.6557377049180328,,0.7126948775055679,,,5.1904265794597695,0.009987015446497056,,,,,,,,,174.40000000000012,2.8590163934426247,181,2.9672131147540983,,,,,,,,,,,,,,,,,,,"Andre Rienzo","3507",516589
"Dillon Overton","SDP",6,9,,5.52447976528796,27,21,0,,,115.66699981689453,,136,76,71,22,34,1,6,72,5.602289339446945,2.645525521405502,2.1176470588235294,1.7118106314976778,,,,,1.4697364007808345,,0.6752873563218391,,,5.42276285306433,0.00946771027618079,,,,,,,,,255.73579864501949,2.2109659544196654,316.33499908447266,2.7348768411495374,,,,,,,,,,,,,,,,,,,"Dillon Overton","15627",592614
"Hansel Robles","NYM",6,6,,4.362447449605494,65,0,0,,,76.33329772949219,,69,40,37,11,37,2,3,81,9.550222795082297,4.362447449605494,2.189189189189189,1.2969438363692007,,,,,1.3886469359104574,,0.728476821192053,,,4.480784416166284,0.008087194409273087,,,,,,,,,292.16640319824216,3.827509250728474,280.66648864746094,3.676855278047583,,,,,,,,,,,,,,,,,,,"Hansel Robles","11801",570663
"Nick Hagadone","SEA",2,3,,4.584909785387458,37,0,0,,,35.33330154418945,,33,19,18,5,18,1,1,37,9.424536781074218,4.584909785387458,2.0555555555555554,1.273586051496516,,,,,1.443397525029385,,0.7272727272727273,,,4.516131482476818,0.007567537557299012,,,,,,,,,131.16643142700195,3.712260833111199,128.66650772094727,3.6415082117370496,,,,,,,,,,,,,,,,,,,"Nick Hagadone","1351",444935
"Wei-Chung Wang","MIL",4,4,,4.624311828777581,59,0,0,,,60.33330154418945,,63,33,31,10,19,0,3,54,8.055252863031916,2.834255636992711,2.8421052631578947,1.4917134931540585,,,,,1.359116738207031,,0.7205882352941176,,,4.616203998631169,0.0055930856146061,,,,,,,,,201.6664314270019,3.34253929862096,213.66650772094727,3.5414356955826984,,,,,,,,,,,,,,,,,,,"Wei-Chung Wang","14382",623913
"Taylor Cole","TOR",5,7,,5.708055737201776,21,19,0,,,99.33329772949219,,113,67,63,21,42,0,6,85,7.701345042256364,3.8053704914678503,2.0238095238095237,1.9026852457339252,,,,,1.5604032438558646,,0.7006369426751593,,,5.6442177666809545,0.001671799461679252,,,,,,,,,208.96640319824223,2.103689376822127,249.66648864746094,2.5134219275329124,,,,,,,,,,,,,,,,,,,"Taylor Cole","11964",518566
"Kam Mickolio","MIN",2,2,,4.709296789995906,32,0,0,,,28.66670036315918,,32,16,15,3,11,0,1,16,5.023249909328967,3.4534843126636643,1.4545454545454546,0.9418593579991812,,,,,1.4999982368135107,,0.6958762886597939,,,4.657637931027378,0.000796010310595105,,,,,,,,,88.03358268737794,3.0709353211963566,100.3335018157959,3.5000017631864893,,,,,,,,,,,,,,,,,,,"Kam Mickolio","9513",501874
"Patrick Weigel","ATL",5,7,,5.514082433212869,19,19,0,,,94.66670227050781,,100,62,58,17,49,0,6,83,7.890842102701176,4.658448952197079,1.6938775510204083,1.616196575252048,,,,,1.5739430700167003,,0.694888178913738,,,5.481582482157989,0.0003702760390215318,,,,,,,,,232.43359680175786,2.4552835498334407,253.33351135253906,2.6760572120558788,,,,,,,,,,,,,,,,,,,"Patrick Weigel","17792",622256
"Trey Wingenter","SDP",2,2,,4.531465509410999,49,0,0,,,47.66669845581055,,43,26,24,7,26,0,3,56,10.573419521958996,4.909087635195249,2.1538461538461537,1.3216774402448745,,,,,1.4475514821729578,,0.7263513513513513,,,4.542254155422784,-0.0003979030809404156,,,,,,,,,179.83356857299805,3.7727296917724,172.33349227905273,3.6153855387910836,,,,,,,,,,,,,,,,,,,"Trey Wingenter","17793",622259
"Kyle Crick","PIT",2,2,,4.421052631578948,58,0,0,,,57,,51,30,28,5,41,1,3,58,9.157894736842104,6.473684210526316,1.4146341463414633,0.7894736842105263,,,,,1.6140350877192982,,0.7294117647058823,,,4.578692325792815,-0.002228024670308505,,,,,,,,,211.69999999999996,3.7140350877192976,204,3.5789473684210527,,,,,,,,,,,,,,,,,,,"Kyle Crick","13182",605195
"Alexi Ogando","CLE",2,2,,4.4,43,0,0,,,45,,46,24,22,5,22,1,2,35,7,4.4,1.5909090909090908,1,,,,,1.511111111111111,,0.7213114754098361,,,4.646528583102756,-0.0024693131715131794,,,,,,,,,149.89999999999998,3.3311111111111105,158,3.511111111111111,,,,,,,,,,,,,,,,,,,"Alexi Ogando","10261",468396
"Cory Burns","NYM",3,3,,4.554219483880815,43,0,0,,,55.33330154418945,,55,30,28,7,24,2,3,49,7.969884096791427,3.90361670046927,2.0416666666666665,1.1385548709702038,,,,,1.427711663597557,,0.708092485549133,,,4.494989860115377,-0.002948980850470191,,,,,,,,,197.36643142700194,3.566865267733647,202.66650772094727,3.6626498340984908,,,,,,,,,,,,,,,,,,,"Cory Burns","6620",451132
"Patrick Schuster","OAK",2,3,,4.584905660377358,48,0,0,,,53,,53,29,27,6,25,0,3,45,7.6415094339622645,4.245283018867925,1.8,1.0188679245283019,,,,,1.471698113207547,,0.7040229885057472,,,4.516130260251603,-0.0051042975144405395,,,,,,,,,186.60000000000002,3.5207547169811324,193,3.641509433962264,,,,,,,,,,,,,,,,,,,"Patrick Schuster","10029",572119
"Tyler Bashlor","NYM",3,4,,4.618418154956068,39,0,0,,,50.66669845581055,,44,28,26,6,35,0,3,62,11.013150984895239,6.217101362440861,1.7714285714285714,1.0657888049898618,,,,,1.5592095480407238,,0.7223796033994335,,,4.499744115312212,-0.005405961271622493,,,,,,,,,196.73356857299805,3.882896943533456,185.33349227905273,3.6578955789016554,,,,,,,,,,,,,,,,,,,"Tyler Bashlor","15203",641341
"Yimi García","LAD",2,2,,4.354842058952438,39,0,0,,,41.33330154418945,,41,21,20,8,10,0,2,42,9.145168323800121,2.177421029476219,4.2,1.7419368235809753,,,,,1.2338719167031909,,0.7537688442211056,,,4.512479445887959,-0.008020288728972366,,,,,,,,,148.86643142700194,3.601609981913706,150.66650772094727,3.645160248325908,,,,,,,,,,,,,,,,,,,"Yimi Garcia","12095",554340
"Julian Fernández","SFG",2,2,,4.218752514572451,51,0,0,,,53.33330154418945,,52,27,25,3,32,0,3,41,6.918754123898818,5.400003218652737,1.28125,0.506250301748694,,,,,1.5750009387737147,,0.7142857142857143,,,4.3201403871182755,-0.00858118591243914,,,,,,,,,199.56643142700196,3.741872819586289,204.66650772094727,3.8374993070955914,,,,,,,,,,,,,,,,,,,"Julian Fernandez","18341",642759
"Christian Binford","BAL",7,11,,6.07336481427116,25,23,0,,,136.33299255371094,,166,98,92,29,47,1,7,86,5.677275804644779,3.10269724207331,1.8297872340425532,1.91443021319417,,,,,1.5623510935262765,,0.6670533642691415,,,5.849577963341302,-0.008735120891003978,,,,,,,,,230.56414489746078,1.6911837742183038,314.6649627685547,2.308061730872566,,,,,,,,,,,,,,,,,,,"Christian Binford","sa599309",606935
"James Russell","DET",2,2,,5.2905439496323545,27,6,0,,,49.33330154418945,,57,31,29,9,15,1,2,32,5.837841599594322,2.7364882498098386,2.1333333333333333,1.6418929498859032,,,,,1.4594603998985805,,0.6902356902356902,,,5.265749160734039,-0.013143492960981652,,,,,,,,,119.16643142700198,2.4155373286797097,142.66650772094727,2.891890533479828,,,,,,,,,,,,,,,,,,,"James Russell","4089",460701
"Franklyn Kilome","PHI",5,8,,5.762212680022567,24,24,0,,,109.33300018310547,,120,75,70,17,69,0,7,86,7.079289864027725,5.679895356022245,1.2463768115942029,1.3993945080054806,,,,,1.72866380400677,,0.6900726392251817,,,5.691183999557123,-0.013727251325423608,,,,,,,,,231.96420135498045,2.1216302577126607,269.66500091552734,2.4664556946567444,,,,,,,,,,,,,,,,,,,"Franklyn Kilome","17861",642584
"Rodolfo Martinez","SFG",2,2,,4.458719497400247,37,0,0,,,36.33330154418945,,38,19,18,3,16,1,2,25,6.192665968611453,3.9633062199113303,1.5625,0.7431199162333745,,,,,1.486239832466749,,0.7028112449799198,,,4.341126968215168,-0.014784959076537381,,,,,,,,,129.16643142700195,3.5550425074887997,138.66650772094727,3.8165127259987,,,,,,,,,,,,,,,,,,,"Rodolfo Martinez","sa206642",650869
"Travis Banwart","CLE",5,7,,5.484377288260521,20,17,0,,,85.33329772949219,,99,56,52,16,32,1,5,56,5.906252464280561,3.3750014081603203,1.75,1.6875007040801602,,,,,1.535156890517368,,0.6906077348066298,,,5.583421956329097,-0.015064184878638497,,,,,,,,,178.2664031982422,2.0890602841032737,219.66648864746094,2.5742177378847697,,,,,,,,,,,,,,,,,,,"Travis Banwart","sa389775",518432
"Tyler Pill","ARI",6,7,,5.621684402943345,22,20,0,,,113.66699981689453,,136,76,71,23,38,1,6,76,6.017577670756256,3.008788835378128,2,1.8211090319393934,,,,,1.5307873022099248,,0.6911142454160789,,,5.612177954653919,-0.0164353466319977,,,,,,,,,224.63579864501946,1.9762622309631106,289.33499908447266,2.545461739559948,,,,,,,,,,,,,,,,,,,"Tyler Pill","12751",543652
"J.P. Howell","TOR",2,2,,4.68,35,0,0,,,25,,26,14,13,3,12,0,1,19,6.84,4.32,1.5833333333333333,1.08,,,,,1.52,,0.7100591715976332,,,4.757639694213868,-0.017574440257133308,,,,,,,,,79.49999999999999,3.1799999999999993,85,3.4,,,,,,,,,,,,,,,,,,,"J.P. Howell","8245",434442
"Chandler Shepherd","BOS",3,3,,4.475140479462175,37,0,0,,,60.33330154418945,,63,32,30,10,20,2,3,56,8.353595561662727,2.983426986308117,2.8,1.4917134931540585,,,,,1.3756913325754094,,0.7391304347826086,,,4.5996294042627905,-0.01840753817804523,,,,,,,,,202.6664314270019,3.3591138929893383,214.66650772094727,3.558010289951077,,,,,,,,,,,,,,,,,,,"Chandler Shepherd","16166",605469
"Drew Storen","CIN",3,3,,4.354836030261113,57,0,0,,,51.66669845581055,,55,27,25,6,18,3,7,36,6.2709638835760035,3.1354819417880018,2,1.045160647262667,,,,,1.4129023564847167,,0.7120743034055729,,,4.725380665107869,-0.018683682955790287,,,,,,,,,162.53356857299804,3.145809069104921,177.33349227905273,3.432259029105999,,,,,,,,,,,,,,,,,,,"Drew Storen","6983",519322
"Kevin Lenik","KCR",1,1,,4.54455016433587,19,0,0,,,33.66669845581055,,34,18,17,3,19,0,2,27,7.217814966886381,5.079203124845972,1.4210526315789473,0.8019794407651535,,,,,1.5742559392797457,,0.7172131147540984,,,4.583380922240807,-0.018783459078744083,,,,,,,,,114.83356857299805,3.4108948557496253,120.33349227905273,3.5742587719730605,,,,,,,,,,,,,,,,,,,"Kevin Lenik","sa919332",667595
"Adam Kolarek","TBR",3,4,,4.218752514572451,50,0,0,,,53.33330154418945,,52,27,25,5,28,2,4,45,7.593754526230411,4.725002816321144,1.6071428571428572,0.84375050291449,,,,,1.5000008940702045,,0.726027397260274,,,4.488890487701174,-0.01888738232983062,,,,,,,,,191.96643142700194,3.5993727346496187,195.66650772094727,3.6687492065126937,,,,,,,,,,,,,,,,,,,"Adam Kolarek","10843",592473
"Edwin Jackson","WSN",5,7,,5.799293593551466,28,16,0,,,94.66670227050781,,106,65,61,18,45,2,2,75,7.1302790084649175,4.278167405078951,1.6666666666666667,1.7112669620315801,,,,,1.5950698226343742,,0.6836248012718601,,,5.534399363702173,-0.021389722296404963,,,,,,,,,212.53359680175788,2.2450723612875865,248.33351135253906,2.623240330511694,,,,,,,,,,,,,,,,,,,"Edwin Jackson","1841",429719
"Rafael Martín","WSN",3,3,,4.803683792116477,49,0,0,,,54.33330154418945,,56,31,29,9,21,3,3,52,8.613501972070923,3.4785296425671035,2.4761904761904763,1.4907984182430445,,,,,1.4171787432680794,,0.7142857142857142,,,4.722057787431877,-0.023461183193158812,,,,,,,,,177.766431427002,3.27177672577883,186.66650772094727,3.4355819067819904,,,,,,,,,,,,,,,,,,,"Rafael Martin","10258",514669
"Reyes Moronta","SFG",2,2,,4.404255319148936,48,0,0,,,47,,41,25,23,6,29,1,3,59,11.297872340425531,5.553191489361702,2.0344827586206895,1.148936170212766,,,,,1.4893617021276595,,0.7305194805194805,,,4.349129055915995,-0.023527402272516217,,,,,,,,,189.39999999999998,4.029787234042553,179,3.8085106382978724,,,,,,,,,,,,,,,,,,,"Reyes Moronta","14966",606625
"Silvino Bracho","ARI",2,2,,4.7368421052631575,58,0,0,,,57,,53,32,30,12,22,1,3,72,11.368421052631579,3.473684210526316,3.272727272727273,1.894736842105263,,,,,1.3157894736842106,,0.7388316151202748,,,4.683955483687551,-0.024168533734892885,,,,,,,,,205.39999999999992,3.6035087719298233,198,3.473684210526316,,,,,,,,,,,,,,,,,,,"Silvino Bracho","15051",611093
"Ivan Pineyro","ARI",6,7,,5.625,24,17,0,,,96,,112,64,60,20,32,0,6,72,6.75,3,2.25,1.875,,,,,1.5,,0.6896551724137931,,,5.5534730275472,-0.024517144730836257,,,,,,,,,203.2000000000001,2.1166666666666676,250,2.6041666666666665,,,,,,,,,,,,,,,,,,,"Ivan Pineyro","sa597101",606335
"Yohan Pino","MIN",4,5,,5.741379310344827,15,10,0,,,58,,68,40,37,13,17,1,2,43,6.672413793103448,2.6379310344827585,2.5294117647058822,2.0172413793103448,,,,,1.4655172413793103,,0.6736526946107785,,,5.571432797662143,-0.025710699607907856,,,,,,,,,121.50000000000006,2.0948275862068977,150,2.586206896551724,,,,,,,,,,,,,,,,,,,"Yohan Pino","6955",464416
"Evan Mitchell","CIN",3,3,,4.733769165242904,37,1,0,,,51.33330154418945,,57,29,27,5,23,2,3,28,4.9090939491407894,4.032470029651363,1.2173913043478262,0.8766239194894268,,,,,1.5584425235367587,,0.6986301369863014,,,4.852445938560092,-0.026037640403672544,,,,,,,,,148.16643142700198,2.8863608412066633,169.66650772094727,3.305193755653775,,,,,,,,,,,,,,,,,,,"Evan Mitchell","sa708969",641887
"Joe Colón J","CLE",2,3,,5.173649740133605,28,6,0,,,55.66669845581055,,58,34,32,8,32,1,3,47,7.5987980558212325,5.173649740133605,1.46875,1.2934124350334013,,,,,1.6167655437917516,,0.7106598984771574,,,5.223506777947772,-0.028524619370618023,,,,,,,,,151.73356857299808,2.7257511722820698,163.33349227905273,2.934132916266095,,,,,,,,,,,,,,,,,,,"Joe Colon J","4920",571572
"Carlos Torres","MIL",4,4,,4.3923422528575715,62,0,0,,,69.66670227050781,,69,36,34,10,31,2,2,62,8.009565284622632,4.004782642311316,2,1.2918653684875212,,,,,1.4354059649861346,,0.7441860465116279,,,4.664815957449308,-0.030584881124804807,,,,,,,,,238.13359680175788,3.4181838531284634,243.33351135253906,3.4928237367645587,,,,,,,,,,,,,,,,,,,"Carlos Torres","7624",448614
"Ryne Stanek","TBR",2,2,,4.278688524590164,57,0,0,,,61,,55,31,29,9,32,1,3,70,10.327868852459016,4.721311475409836,2.1875,1.3278688524590163,,,,,1.4262295081967213,,0.7526881720430108,,,4.501901989295835,-0.030615309353547192,,,,,,,,,232.7000000000001,3.8147540983606576,223,3.6557377049180326,,,,,,,,,,,,,,,,,,,"Ryne Stanek","15947",592773
"Cody Satterwhite","WSN",2,2,,4.892614318147238,32,1,0,,,49.66669845581055,,52,29,27,7,23,1,3,42,7.610733383784592,4.16778256731061,1.826086956521739,1.2684555639640989,,,,,1.510066147576308,,0.705521472392638,,,4.86904799480035,-0.030978474167735554,,,,,,,,,152.23356857299805,3.065103445690945,163.33349227905273,3.2885916994135176,,,,,,,,,,,,,,,,,,,"Cody Satterwhite","sa454441",489292
"Austin Ross","CIN",5,7,,5.586204839065348,26,16,0,,,96.66670227050781,,114,64,60,17,36,1,5,55,5.1206877691432355,3.351722903439209,1.5277777777777777,1.582758037735182,,,,,1.551723566407041,,0.6814580031695721,,,5.578328457808851,-0.0316440922895638,,,,,,,,,196.83359680175778,2.0362088721196607,249.33351135253906,2.5793112364050157,,,,,,,,,,,,,,,,,,,"Austin Ross","sa553380",592697
"David Hess","BAL",7,11,,5.908396946564886,25,24,0,,,131,,153,92,86,27,52,1,7,86,5.908396946564886,3.572519083969466,1.6538461538461537,1.8549618320610688,,,,,1.5648854961832062,,0.6758373205741627,,,5.875196946122264,-0.03212873410294196,,,,,,,,,234.50000000000006,1.790076335877863,299,2.282442748091603,,,,,,,,,,,,,,,,,,,"David Hess","16130",605276
"Barry Enright","COL",5,6,,6.548510072598273,18,17,0,,,89.33329772949219,,118,70,65,20,25,0,5,52,5.238808058078618,2.518657720230105,2.08,2.0149261761840838,,,,,1.6007469066351334,,0.6347826086956522,,,5.911372134998782,-0.033590462371937815,,,,,,,,,122.26640319824224,1.3686543126223094,200.66648864746094,2.2462675592150854,,,,,,,,,,,,,,,,,,,"Barry Enright","2412",446264
"Adam Cimber","SDP",3,4,,4.718444155416464,49,1,0,,,68.66670227050781,,77,39,36,11,15,1,4,48,6.291258873888618,1.966018398090193,3.2,1.4417468252661416,,,,,1.3398051305503538,,0.6919060052219321,,,4.6722020157055715,-0.03475517999885912,,,,,,,,,211.63359680175788,3.0820410738241324,239.33351135253906,3.4854376785082954,,,,,,,,,,,,,,,,,,,"Adam Cimber","15288",643256
"R.J. Alvarez","TEX",2,2,,4.909090909090909,44,0,0,,,44,,42,26,24,6,29,1,2,47,9.613636363636363,5.931818181818182,1.6206896551724137,1.2272727272727273,,,,,1.6136363636363635,,0.7188498402555911,,,4.907639694213867,-0.03492223277081107,,,,,,,,,143.60000000000002,3.263636363636364,143,3.25,,,,,,,,,,,,,,,,,,,"R.J. Alvarez","13401",571439
"Tyler Rogers","SFG",3,4,,4.163553479978925,56,0,0,,,71.33329772949219,,75,35,33,5,32,2,4,44,5.551404639971901,4.037385192706837,1.375,0.6308414363604433,,,,,1.5000007486792764,,0.72,,,4.349229074005816,-0.03562878956530312,,,,,,,,,251.3664031982422,3.523829841029721,271.66648864746094,3.8084106202080514,,,,,,,,,,,,,,,,,,,"Tyler Rogers","15541",643511
"Colt Hynes","LAD",3,3,,4.745454545454545,31,3,0,,,55,,61,31,29,9,16,1,3,40,6.545454545454546,2.618181818181818,2.5,1.4727272727272727,,,,,1.4,,0.7142857142857142,,,4.866730603304776,-0.035819593275029274,,,,,,,,,160.70000000000002,2.9218181818181823,181,3.290909090909091,,,,,,,,,,,,,,,,,,,"Colt Hynes","7560",518833
"Cody Carroll","NYY",4,4,,4.921179676656658,35,2,0,,,67.66670227050781,,63,40,37,9,46,1,4,71,9.44334478493575,6.118223381789359,1.5434782608695652,1.1970437051327008,,,,,1.6108365908575848,,0.7157676348547718,,,5.004929362628529,-0.03747886916506491,,,,,,,,,218.2335968017578,3.225125349382865,213.33351135253906,3.1527103315853386,,,,,,,,,,,,,,,,,,,"Cody Carroll","17664",606944
"Dylan Floro","CIN",3,3,,4.794394916339369,44,1,0,,,71.33329772949219,,82,41,38,12,15,0,3,45,5.67757292724399,1.89252430908133,3,1.5140194472650639,,,,,1.3598137628214,,0.6982543640897755,,,4.839883524508383,-0.03899769791615222,,,,,,,,,203.06640319824217,2.8467266993361777,236.66648864746094,3.3177561697054845,,,,,,,,,,,,,,,,,,,"Dylan Floro","13394",571670
"Jimmy Yacabonis","BAL",3,3,,4.9805799418284895,53,0,0,,,68.66670227050781,,69,41,38,6,44,2,4,51,6.684462553506656,5.7669873010645665,1.1590909090909092,0.7864073592360773,,,,,1.6456302146977173,,0.6883365200764818,,,4.9052116036273725,-0.041144801594586604,,,,,,,,,212.9335968017579,3.1009731028427785,223.33351135253906,3.252428090586495,,,,,,,,,,,,,,,,,,,"Jimmy Yacabonis","15157",642231
"Tyler Cravy","MIL",5,7,,5.25663965252075,36,9,0,,,75.33329772949219,,78,47,44,13,37,0,4,67,8.00442856179296,4.4203560714379035,1.8108108108108107,1.5530980791538578,,,,,1.5265493940401167,,0.7024793388429752,,,5.254985818199419,-0.04116948657074994,,,,,,,,,205.76640319824224,2.7314137227486177,218.66648864746094,2.9026538760144485,,,,,,,,,,,,,,,,,,,"Tyler Cravy","10770",572788
"Foster Griffin","KCR",9,12,,5.504868028739185,27,27,0,,,137.33299255371094,,159,90,84,23,60,1,8,90,5.898072887934842,3.932048591956561,1.5,1.5072852935833485,,,,,1.5946641511823831,,0.6905781584582441,,,5.509587277921218,-0.04138844946781025,,,,,,,,,295.9641448974608,2.1550840726179414,363.6649627685547,2.6480524162926495,,,,,,,,,,,,,,,,,,,"Foster Griffin","16432",656492
"Craig Breslow","TOR",2,2,,5.023255813953488,42,0,0,,,43,,49,26,24,6,17,2,1,31,6.488372093023256,3.558139534883721,1.8235294117647058,1.255813953488372,,,,,1.5348837209302326,,0.6944444444444444,,,4.785546670958054,-0.043097480107338146,,,,,,,,,124.99999999999997,2.906976744186046,145,3.372093023255814,,,,,,,,,,,,,,,,,,,"Craig Breslow","4363",444520
"Austin Adams","WSN",3,3,,4.578947368421052,47,0,0,,,57,,45,31,29,5,54,2,4,74,11.68421052631579,8.526315789473685,1.3703703703703705,0.7894736842105263,,,,,1.736842105263158,,0.7391304347826086,,,4.754130922284043,-0.04433262793056386,,,,,,,,,217.29999999999995,3.812280701754385,194,3.4035087719298245,,,,,,,,,,,,,,,,,,,"Austin Adams","13801",613534
"Gerson Moreno","DET",2,2,,4.743246299670386,44,0,0,,,49.33330154418945,,46,28,26,5,34,1,3,48,8.756762399391484,6.202706699568967,1.411764705882353,0.9121627499366128,,,,,1.6216226665539784,,0.7123287671232876,,,4.779262360767846,-0.04692535883133936,,,,,,,,,168.96643142700196,3.4249974386095605,166.66650772094727,3.3783773334460214,,,,,,,,,,,,,,,,,,,"Gerson Moreno","sa736656",642575
"Kevin McGowan","NYM",4,5,,4.618421052631579,51,2,0,,,76,,77,42,39,11,30,0,4,64,7.578947368421052,3.5526315789473686,2.1333333333333333,1.3026315789473684,,,,,1.4078947368421053,,0.7096069868995634,,,4.697113378424394,-0.047355909265296876,,,,,,,,,252.89999999999995,3.3276315789473676,263,3.460526315789474,,,,,,,,,,,,,,,,,,,"Kevin McGowan","15215",641850
"Craig Brooks","CHC",2,1,,4.47337530541014,45,0,0,,,56.33330154418945,,47,30,28,5,48,2,4,68,10.863911455996053,7.668643380703097,1.4166666666666667,0.7988170188232393,,,,,1.686391484182394,,0.7386363636363636,,,4.66651628532443,-0.04789075360253694,,,,,,,,,213.166431427002,3.7840216281268044,196.66650772094727,3.491123408889437,,,,,,,,,,,,,,,,,,,"Craig Brooks","sa875197",663319
"Sean O'Sullivan","WSN",5,7,,5.8125,20,19,0,,,96,,115,66,62,18,36,1,6,58,5.4375,3.375,1.6111111111111112,1.6875,,,,,1.5729166666666667,,0.6756756756756757,,,5.699306360880534,-0.05006619254332397,,,,,,,,,180.0000000000001,1.875000000000001,236,2.4583333333333335,,,,,,,,,,,,,,,,,,,"Sean O'Sullivan","9137",457711
"Chris Rowley","TOR",6,8,,5.554269853660565,33,15,0,,,116.66699981689453,,136,77,72,24,34,1,6,79,6.094268311655343,2.6228496531174894,2.323529411764706,1.851423284553522,,,,,1.4571386961763828,,0.6818181818181818,,,5.506204416286391,-0.051990466754199265,,,,,,,,,252.53579864501955,2.164586378679208,309.33499908447266,2.651435277927477,,,,,,,,,,,,,,,,,,,"Chris Rowley","18820",635903
"Dillon Tate","NYY",4,5,,5.70924841491841,16,14,0,,,75.66670227050781,,86,51,48,13,38,2,4,49,5.82819109022921,4.519821661810408,1.2894736842105263,1.5462547790404029,,,,,1.6387657487265808,,0.6899810964083176,,,5.761162698239161,-0.054509857095682276,,,,,,,,,148.4335968017579,1.961676567733969,181.33351135253906,2.3964769959747065,,,,,,,,,,,,,,,,,,,"Dillon Tate","17796",622253
"Tim Hill","KCR",2,2,,4.478051113694934,40,0,0,,,68.33329772949219,,70,36,34,8,31,1,4,55,7.243906213330041,4.082928956604205,1.7741935483870968,1.0536590855752785,,,,,1.4780495505986546,,0.7238307349665924,,,4.606420936879875,-0.05569972028563515,,,,,,,,,230.2664031982423,3.369753997674561,242.66648864746094,3.551218757333992,,,,,,,,,,,,,,,,,,,"Tim Hill","16814",657612
"Tucker Healy","OAK",2,2,,4.8214252870932395,40,0,0,,,46.66669845581055,,45,27,25,5,27,2,2,42,8.099994482316642,5.207139310060699,1.5555555555555556,0.9642850574186479,,,,,1.5428560918698366,,0.6923076923076923,,,4.614781558757602,-0.05618200472796345,,,,,,,,,163.83356857299805,3.51071693507812,165.33349227905273,3.5428581354562656,,,,,,,,,,,,,,,,,,,"Tucker Healy","sa621510",605272
"Mark Appel","PHI",5,9,,5.724944761604457,22,21,0,,,116.33300018310547,,123,79,74,20,69,0,6,93,7.194863011205602,5.338124169604156,1.3478260869565217,1.5472823680012047,,,,,1.6504345258679516,,0.6890243902439024,,,5.727847627726979,-0.056706099153478504,,,,,,,,,256.06420135498064,2.201131243515954,282.66500091552734,2.429792066486888,,,,,,,,,,,,,,,,,,,"Mark Appel","14823",571446
"Erik Davis","MIL",4,5,,4.850296631375255,47,0,0,,,55.66669845581055,,53,32,30,8,32,1,3,61,9.862269817129684,5.173649740133605,1.90625,1.2934124350334013,,,,,1.526945235803321,,0.7181571815718157,,,4.72051305321256,-0.05831638090425959,,,,,,,,,192.73356857299808,3.462277697787201,191.33349227905273,3.437126641001307,,,,,,,,,,,,,,,,,,,"Erik Davis","8422",458530
"Andrew Faulkner","BAL",2,2,,4.856118439680168,47,0,0,,,46.33330154418945,,46,27,25,5,29,2,2,37,7.187055290726648,5.633097390028995,1.2758620689655173,0.9712236879360335,,,,,1.618706146560056,,0.7058823529411765,,,4.97059057836113,-0.05968448788055603,,,,,,,,,142.76643142700192,3.08129200097777,147.66650772094727,3.187049115852737,,,,,,,,,,,,,,,,,,,"Andrew Faulkner","12982",605226
"Cory Luebke","CHW",1,1,,5.2388138744620525,14,1,0,,,22.33329963684082,,23,14,13,5,8,0,1,23,9.268670700971324,3.223885461207417,2.875,2.0149284132546352,,,,,1.3880617957976378,,0.7083333333333334,,,5.217344294429717,-0.061308309114145525,,,,,,,,,62.96641731262208,2.8193960738677957,65.6664981842041,2.9402953997841506,,,,,,,,,,,,,,,,,,,"Cory Luebke","1984",458537
"Tim Mayza","TOR",3,3,,4.921875,52,0,0,,,64,,63,37,35,9,35,1,4,65,9.140625,4.921875,1.8571428571428572,1.265625,,,,,1.53125,,0.7142857142857142,,,4.782639694213867,-0.06199736438915027,,,,,,,,,212.10000000000002,3.3140625000000004,216,3.375,,,,,,,,,,,,,,,,,,,"Tim Mayza","15042",641835
"Anthony Gose","HOU",1,1,,4.5,11,0,0,,,10,,9,5,5,1,8,0,1,10,9,7.2,1.25,0.9,,,,,1.7,,0.7692307692307693,,,5.157639694213867,-0.06596264629317697,,,,,,,,,31.3,3.13,30,3,,,,,,,,,,,,,,,,,,,"Anthony Gose","5097",543238
"Matt Whitehouse","CLE",6,8,,5.472970998052804,29,16,0,,,98.66670227050781,,114,64,60,18,39,0,6,68,6.202700464459845,3.5574311487343224,1.7435897435897436,1.6418912994158412,,,,,1.5506751161149612,,0.6964006259780908,,,5.519125328558873,-0.06643365347270198,,,,,,,,,213.3335968017579,2.16216405223391,260.33351135253906,2.6385143656549936,,,,,,,,,,,,,,,,,,,"Matt Whitehouse","sa738202",643605
"Tanner Scheppers","TEX",3,3,,5.051609795102892,42,0,0,,,51.66669845581055,,55,31,29,7,23,2,3,38,6.619350765996892,4.006449147840224,1.6521739130434783,1.2193540884731118,,,,,1.5096764904905193,,0.689149560117302,,,4.957638586721794,-0.0680589708507385,,,,,,,,,151.23356857299802,2.927099526251807,165.33349227905273,3.2000011074920733,,,,,,,,,,,,,,,,,,,"Tanner Scheppers","10267",489294
"Brandon Brennan","CHW",2,2,,4.8795208755865875,45,0,0,,,55.33330154418945,,56,32,30,5,34,2,3,42,6.831329225821222,5.530123658998132,1.2352941176470589,0.8132534792644313,,,,,1.6265069585288625,,0.6987951807228916,,,4.820291251821149,-0.07068278256188965,,,,,,,,,175.36643142700197,3.169274677871037,184.66650772094727,3.3373484423927184,,,,,,,,,,,,,,,,,,,"Brandon Brennan","13527",592165
"Nick Neidert","MIA",7,9,,5.400015873675166,24,24,0,,,113.33300018310547,,131,73,68,24,27,0,7,78,6.194135855097985,2.14412394984161,2.888888888888889,1.9058879554147643,,,,,1.3941217451645036,,0.6832797427652733,,,5.434116974292614,-0.07229808533279504,,,,,,,,,256.8642013549804,2.266455497868935,308.66500091552734,2.7235227199212537,,,,,,,,,,,,,,,,,,,"Nick Neidert","18699",663734
"Casey Meisner","OAK",7,11,,5.612343794211119,28,23,0,,,118.66699981689453,,133,79,74,17,61,1,7,76,5.76402876162223,4.626391506038895,1.2459016393442623,1.2893222229944463,,,,,1.634826870986422,,0.6756756756756758,,,5.458195033282389,-0.07241859586721022,,,,,,,,,271.23579864501954,2.2856885154553632,320.33499908447266,2.699444660931478,,,,,,,,,,,,,,,,,,,"Casey Meisner","sa737630",641861
"Vidal Nuño","TBR",2,3,,4.238374443040029,48,0,0,,,57.33330154418945,,58,29,27,10,17,2,2,53,8.319772054856353,2.668606130802981,3.1176470588235294,1.5697683122370478,,,,,1.3081402601975398,,0.7540983606557377,,,4.57043117522721,-0.07327975861903055,,,,,,,,,199.46643142700196,3.4790675934345745,205.66650772094727,3.587208518986657,,,,,,,,,,,,,,,,,,,"Vidal Nuno","9674",573064
"Brian Ellington","MIA",2,2,,4.38578442409992,60,0,0,,,65.66670227050781,,57,34,32,7,45,1,5,75,10.279182243984186,6.167509346390512,1.6666666666666667,0.9593903427718574,,,,,1.553298650202055,,0.737527114967462,,,4.543425744884328,-0.07356754033374269,,,,,,,,,251.63359680175782,3.8319816299770446,237.33351135253906,3.6142139493295393,,,,,,,,,,,,,,,,,,,"Brian Ellington","17233",623395
"Chris Gimenez","CHC",0,0,,6.2308169966753555,5,0,0,,,4.3333001136779785,,6,3,3,1,0,0,0,0,0,0,0,2.0769389988917855,,,,,1.3846259992611902,,0.6521739130434783,,,6.157662692613113,-0.07421559114473199,,,,,,,,,4.166420841217043,0.9614891034354661,8.666500568389893,1.9999770016007545,,,,,,,,,,,,,,,,,,,"Chris Gimenez","7324",460269
"A.J. Griffin","TEX",5,6,,5.648936170212766,21,20,0,,,94,,100,63,59,23,34,1,5,79,7.5638297872340425,3.25531914893617,2.323529411764706,2.202127659574468,,,,,1.425531914893617,,0.6974459724950883,,,5.902320545277697,-0.07526852575442532,,,,,,,,,193.7,2.06063829787234,212,2.25531914893617,,,,,,,,,,,,,,,,,,,"A.J. Griffin","11132",456167
"Albert Suárez","ARI",5,6,,5.633091360866655,26,15,0,,,92.66670227050781,,105,62,58,20,31,3,5,73,7.089925333504583,3.0107902101183845,2.3548387096774195,1.9424452968505708,,,,,1.467625335398209,,0.6851851851851852,,,5.553322226996238,-0.0760761834029251,,,,,,,,,204.7335968017578,2.2093545123048637,241.33351135253906,2.6043174672176295,,,,,,,,,,,,,,,,,,,"Albert Suarez","6175",544150
"R.J. Alaniz","TBR",3,3,,4.678220295484341,45,3,0,,,67.33329772949219,,69,37,35,9,33,3,4,59,7.886142783816459,4.410893421456664,1.7878787878787878,1.2029709331245446,,,,,1.514852286156834,,0.727069351230425,,,4.791303924383002,-0.07639953465739484,,,,,,,,,215.1664031982422,3.1955423312647087,226.66648864746094,3.366335769830865,,,,,,,,,,,,,,,,,,,"R.J. Alaniz","10819",595798
"Bud Jeter","ARI",4,4,,4.729923714739587,43,0,0,,,45.66669845581055,,47,26,24,6,24,1,3,42,8.277366500794278,4.729923714739587,1.75,1.1824809286848967,,,,,1.5547434432708829,,0.7188498402555911,,,4.799974317387335,-0.07704118138219235,,,,,,,,,144.93356857299807,3.1737255697002764,153.33349227905273,3.357665376826532,,,,,,,,,,,,,,,,,,,"Bud Jeter","sa738369",641728
"Justin Marks","LAD",6,7,,5.068594012217503,33,13,0,,,92.33329772949219,,95,56,52,15,47,1,5,78,7.602891018326253,4.581229203350435,1.6595744680851063,1.4620944266012026,,,,,1.5379067302027465,,0.7107438016528925,,,5.26955386597116,-0.07726820946603977,,,,,,,,,251.7664031982422,2.726712999419119,266.66648864746094,2.8880858282427075,,,,,,,,,,,,,,,,,,,"Justin Marks","10265",476123
"Kris Medlen","ARI",5,6,,5.698964043996649,18,17,0,,,96.33329772949219,,114,65,61,21,33,0,4,70,6.539794804586318,3.0830461221621217,2.121212121212121,1.9619384413758956,,,,,1.525952121070141,,0.6972789115646258,,,5.690512602656822,-0.07836467661578198,,,,,,,,,187.16640319824216,1.942904557506305,237.66648864746094,2.4671270915570447,,,,,,,,,,,,,,,,,,,"Kris Medlen","9417",450665
"Ian Clarkin","CHW",4,7,,5.661287884311356,19,18,0,,,82.66670227050781,,94,56,52,13,44,0,6,52,5.661287884311356,4.790320517494225,1.1818181818181819,1.415321971077839,,,,,1.6693541197328359,,0.6844741235392321,,,5.7584450256816915,-0.07966305471806447,,,,,,,,,161.43359680175783,1.952824926697855,198.33351135253906,2.399194668532176,,,,,,,,,,,,,,,,,,,"Ian Clarkin","sa737534",624420
"Luis Diaz","LAA",6,9,,5.670864162222769,25,21,0,,,106.33300018310547,,118,72,67,21,47,0,6,85,7.194379907297543,3.9780688899174654,1.8085106382978724,1.7774350359205695,,,,,1.5517289996131958,,0.6858407079646018,,,5.621597257236033,-0.08260991615132116,,,,,,,,,232.76420135498046,2.1890118867535047,269.66500091552734,2.536042436977835,,,,,,,,,,,,,,,,,,,"Luis Diaz","sa506249",571074
"Corbin Clouse","ATL",4,5,,4.673076923076923,40,0,0,,,52,,44,29,27,5,43,3,3,62,10.73076923076923,7.4423076923076925,1.441860465116279,0.8653846153846154,,,,,1.6730769230769231,,0.725,,,4.6768704634446365,-0.08282014231885378,,,,,,,,,194.9,3.748076923076923,181,3.480769230769231,,,,,,,,,,,,,,,,,,,"Corbin Clouse","sa918605",641462
"Tate Scioneaux","PIT",5,5,,4.68,44,0,0,,,75,,81,42,39,12,20,0,4,57,6.84,2.4,2.85,1.44,,,,,1.3466666666666667,,0.7007125890736342,,,4.677639694213868,-0.08440151688859701,,,,,,,,,238.79999999999998,3.1839999999999997,261,3.48,,,,,,,,,,,,,,,,,,,"Tate Scioneaux","sa857686",665134
"Eduardo Paredes","LAA",1,2,,4.478675252957947,54,0,0,,,70.33329772949219,,71,37,35,11,27,2,5,64,8.189577605408816,3.4549780522818447,2.3703703703703702,1.4075836509296404,,,,,1.3933656342535834,,0.738498789346247,,,4.735839545256192,-0.08443887254583476,,,,,,,,,232.56640319824223,3.306632998963198,240.66648864746094,3.421800148957676,,,,,,,,,,,,,,,,,,,"Eduardo Paredes","16344",622161
"Blake McFarland","TOR",2,3,,4.872183944719318,37,0,0,,,44.33330154418945,,44,26,24,8,20,1,2,47,9.541360225075332,4.060153287266099,2.35,1.6240613149064393,,,,,1.4436100576946127,,0.7196969696969697,,,4.8719266377262205,-0.08571047695201457,,,,,,,,,143.26643142700195,3.231575958406806,145.66650772094727,3.2857130564876473,,,,,,,,,,,,,,,,,,,"Blake McFarland","sa598555",607962
"Frank Duncan","ARI",8,10,,5.832538744735566,25,24,0,,,137.33299255371094,,169,95,89,29,41,1,8,89,5.832538744735566,2.6868998711703167,2.1707317073170733,1.9004901527790046,,,,,1.5291300079831072,,0.678866587957497,,,5.677063421652701,-0.08640396444630187,,,,,,,,,251.16414489746086,1.828869670914879,340.6649627685547,2.480576272561166,,,,,,,,,,,,,,,,,,,"Frank Duncan","sa738963",641538
"Steven Okert","SFG",3,3,,4.391568788027929,64,0,0,,,55.33330154418945,,55,29,27,8,22,2,3,54,8.783137576055857,3.578315308763498,2.4545454545454546,1.30120556682309,,,,,1.391567064519138,,0.729483282674772,,,4.440772961497748,-0.0870733426669226,,,,,,,,,201.06643142700193,3.6337327760287224,205.66650772094727,3.7168667327161193,,,,,,,,,,,,,,,,,,,"Steven Okert","13580",595345
"Kevin Jepsen","TEX",2,2,,4.829268292682927,45,0,0,,,41,,41,24,22,7,19,1,1,37,8.121951219512194,4.170731707317073,1.9473684210526316,1.5365853658536586,,,,,1.4634146341463414,,0.7171314741035856,,,5.035688474701672,-0.08784367208289229,,,,,,,,,124.7,3.0414634146341464,128,3.1219512195121952,,,,,,,,,,,,,,,,,,,"Kevin Jepsen","6475",448178
"Brooks Pounders","COL",4,3,,5.318181818181818,43,5,0,,,66,,71,42,39,13,31,1,3,62,8.454545454545455,4.2272727272727275,2,1.7727272727272727,,,,,1.5454545454545454,,0.7159904534606205,,,5.384912421486595,-0.08948150815914944,,,,,,,,,165.90000000000012,2.5136363636363654,183,2.772727272727273,,,,,,,,,,,,,,,,,,,"Brooks Pounders","10387",572044
"Keury Mella","CIN",6,9,,5.688,27,25,0,,,125,,145,85,79,23,57,1,7,85,6.12,4.104,1.4912280701754386,1.656,,,,,1.616,,0.6890459363957596,,,5.725639694213868,-0.09246850820578462,,,,,,,,,243.0999999999999,1.9447999999999992,304,2.432,,,,,,,,,,,,,,,,,,,"Keury Mella","15964",622492
"Reymin Guduan","HOU",5,6,,4.816213733459816,57,0,0,,,61.66669845581055,,61,35,33,7,37,1,3,58,8.464860501232405,5.39999721630343,1.5675675675675675,1.0216210949763247,,,,,1.5891883699631717,,0.7142857142857143,,,4.698179440606738,-0.09302640223394928,,,,,,,,,207.63356857299803,3.3670291060220325,213.33349227905273,3.4594602536071295,,,,,,,,,,,,,,,,,,,"Reymin Guduan","13058",594056
"Kevin Siegrist","PHI",2,3,,4.733769165242904,59,0,0,,,51.33330154418945,,46,29,27,9,29,2,2,61,10.694811817771006,5.084418733038675,2.103448275862069,1.5779230550809682,,,,,1.4610398658157113,,0.7371794871794872,,,4.871926470104302,-0.09377488671813558,,,,,,,,,178.566431427002,3.4785690001506318,168.66650772094727,3.2857132241095655,,,,,,,,,,,,,,,,,,,"Kevin Siegrist","8180",543779
"Josh Lindblom","PIT",5,9,,5.625,29,20,0,,,128,,145,86,80,27,46,0,7,104,7.3125,3.234375,2.260869565217391,1.8984375,,,,,1.4921875,,0.685378590078329,,,5.517014694213867,-0.09554546822605342,,,,,,,,,287.1,2.24296875,338,2.640625,,,,,,,,,,,,,,,,,,,"Josh Lindblom","7882",458676
"Jhan Mariñez","BAL",2,2,,4.728813559322034,45,0,0,,,59,,62,33,31,8,28,3,5,47,7.169491525423729,4.271186440677966,1.6785714285714286,1.2203389830508475,,,,,1.5254237288135593,,0.7233502538071066,,,5.005097321332512,-0.0970853158535098,,,,,,,,,172.00000000000003,2.9152542372881363,186,3.152542372881356,,,,,,,,,,,,,,,,,,,"Jhan Marinez","5830",501697
"Hernan Iribarren","CIN",1,1,,4.909090909090909,8,0,0,,,11,,14,6,6,1,4,0,1,1,0.8181818181818182,3.272727272727273,0.25,0.8181818181818182,,,,,1.6363636363636365,,0.7228915662650601,,,5.521276057850232,-0.09754246032837545,,,,,,,,,19.70000000000001,1.790909090909092,29,2.6363636363636362,,,,,,,,,,,,,,,,,,,"Hernan Iribarren","4177",454975
"Jacob Lindgren","ATL",1,1,,4.9090796305387485,12,0,0,,,14.66670036315918,,13,9,8,2,13,1,0,18,11.045429168712184,7.977254399625467,1.3846153846153846,1.2272699076346871,,,,,1.7727231999167705,,0.7327586206896552,,,5.134907878736419,-0.09772615353224662,,,,,,,,,47.13358268737793,3.2136459817350116,44.3335018157959,3.0227318154774485,,,,,,,,,,,,,,,,,,,"Jacob Lindgren","16215",605338
"Deck McGuire","TOR",7,10,,5.74329063958251,29,25,0,,,136.33299255371094,,160,93,87,27,53,2,8,93,6.139379649208889,3.49878625169969,1.7547169811320755,1.7824005433187098,,,,,1.5623510935262765,,0.6849315068493151,,,5.710213311806093,-0.10158181317899471,,,,,,,,,263.7641448974608,1.9347051653219305,333.6649627685547,2.4474263824077735,,,,,,,,,,,,,,,,,,,"Deck McGuire","11596",592547
"Jairo Díaz","COL",2,2,,5.232558139534884,42,0,0,,,43,,46,27,25,6,24,1,2,36,7.534883720930233,5.023255813953488,1.5,1.255813953488372,,,,,1.627906976744186,,0.698051948051948,,,5.1111280663068905,-0.10784241259727662,,,,,,,,,118.79999999999997,2.762790697674418,131,3.046511627906977,,,,,,,,,,,,,,,,,,,"Jairo Diaz","12774",545064
"Wesley Wright","TEX",2,2,,5.157297512938078,29,0,0,,,29.66670036315918,,33,18,17,3,17,1,2,18,5.460667954875611,5.157297512938078,1.0588235294117647,0.9101113258126019,,,,,1.6853913440974109,,0.6986899563318778,,,5.180109307130761,-0.10847667566325646,,,,,,,,,75.83358268737793,2.5561852770640408,88.3335018157959,2.9775303870831067,,,,,,,,,,,,,,,,,,,"Wesley Wright","5960",449079
"Connor Jones","STL",6,8,,5.348259889207675,24,21,0,,,104.33300018310547,,117,66,62,16,51,2,7,70,6.03835793942802,4.399375070154701,1.3725490196078431,1.3801961004406904,,,,,1.610228783847472,,0.7005494505494506,,,5.477135918565583,-0.10874739903221364,,,,,,,,,237.06420135498053,2.272188099057158,279.66500091552734,2.680503775648284,,,,,,,,,,,,,,,,,,,"Connor Jones","sa738697",640453
"William Cuevas","BOS",6,8,,5.556252240514148,25,19,0,,,103.66699981689453,,117,68,64,17,52,0,6,73,6.33760021183645,4.514454945417746,1.4038461538461537,1.4758795013865706,,,,,1.6302198414008524,,0.6955922865013775,,,5.559561235686129,-0.10892807819183967,,,,,,,,,225.83579864501957,2.178473371891826,269.33499908447266,2.598078458527738,,,,,,,,,,,,,,,,,,,"William Cuevas","13331",571035
"Randy Rosario","CHC",2,3,,5.023253318412374,33,5,0,,,71.66670227050781,,78,43,40,9,37,0,4,48,6.027903982094849,4.646509319531446,1.2972972972972974,1.1302319966427843,,,,,1.6046503656039528,,0.703125,,,5.1669410215788165,-0.11158256471608569,,,,,,,,,189.83359680175784,2.6488395696682963,214.33351135253906,2.9906986726350504,,,,,,,,,,,,,,,,,,,"Randy Rosario","14508",600968
"Peter Tago","SEA",2,3,,4.595744680851064,35,0,0,,,47,,42,26,24,5,35,0,3,52,9.957446808510639,6.702127659574468,1.4857142857142858,0.9574468085106383,,,,,1.6382978723404256,,0.7285714285714285,,,4.753384375064931,-0.11414528857451238,,,,,,,,,167.10000000000002,3.555319148936171,160,3.404255319148936,,,,,,,,,,,,,,,,,,,"Peter Tago","sa548162",547185
"Seranthony Domínguez","PHI",3,5,,5.901639344262295,17,15,0,,,61,,62,43,40,11,44,0,4,62,9.147540983606557,6.491803278688525,1.4090909090909092,1.6229508196721312,,,,,1.7377049180327868,,0.695364238410596,,,5.829770841754851,-0.11583300102523131,,,,,,,,,134.90000000000006,2.2114754098360665,142,2.3278688524590163,,,,,,,,,,,,,,,,,,,"Seranthony Dominguez","19249",622554
"Joey Krehbiel","ARI",3,3,,4.7647032094264254,52,0,0,,,56.66669845581055,,53,32,30,9,33,0,3,65,10.323523620423922,5.2411735303690685,1.9696969696969697,1.4294109628279277,,,,,1.5176462074469357,,0.7356948228882834,,,4.834109341975017,-0.11661164626051661,,,,,,,,,192.83356857299805,3.4029434187589427,188.33349227905273,3.32353035223885,,,,,,,,,,,,,,,,,,,"Joey Krehbiel","13707",607216
"Logan Taylor","NYM",2,3,,5.01197318575443,40,2,0,,,55.66669845581055,,55,33,31,7,33,0,3,52,8.40718082771711,5.335326294512781,1.5757575757575757,1.1317358806542261,,,,,1.5808374205963793,,0.7033248081841432,,,4.864225545994049,-0.11706301594186914,,,,,,,,,178.83356857299805,3.212577241579363,183.33349227905273,3.2934141482198176,,,,,,,,,,,,,,,,,,,"Logan Taylor","sa658168",593151
"Abel De Los Santos","LAA",3,4,,4.993147423399688,38,1,0,,,48.66669845581055,,49,29,27,8,23,1,3,47,8.691775144436493,4.253421879192326,2.0434782608695654,1.4794510884147223,,,,,1.4794510884147223,,0.7072368421052632,,,4.965857691165194,-0.12272500277070893,,,,,,,,,150.33356857299802,3.089043911813767,155.33349227905273,3.1917820030486728,,,,,,,,,,,,,,,,,,,"Abel De Los Santos","12962",593582
"Matt Tomshaw","MIA",7,10,,5.441312339629864,25,23,0,,,130.66700744628906,,154,85,79,25,37,0,8,80,5.510189711017584,2.5484627413456327,2.1621621621621623,1.721934284692995,,,,,1.4617308816727201,,0.6794871794871795,,,5.453552073804527,-0.12295166423381285,,,,,,,,,284.0358551025391,2.1737381199251278,353.3350372314453,2.7040876204093403,,,,,,,,,,,,,,,,,,,"Matt Tomshaw","sa598974",607751
"Bobby Parnell","CHW",3,5,,5.25,33,0,0,,,36,,38,22,21,3,24,1,2,25,6.25,6,1.0416666666666667,0.75,,,,,1.7222222222222223,,0.6920415224913495,,,5.018750805324979,-0.12300819225502199,,,,,,,,,102.70000000000003,2.8527777777777787,113,3.138888888888889,,,,,,,,,,,,,,,,,,,"Bobby Parnell","9926",458730
"Bobby Bundy","BAL",1,2,,5.275862068965517,22,0,0,,,29,,31,18,17,4,15,0,2,21,6.517241379310345,4.655172413793103,1.4,1.2413793103448276,,,,,1.5862068965517242,,0.6930693069306931,,,5.261087970075936,-0.12520116515268753,,,,,,,,,75.80000000000003,2.613793103448277,84,2.896551724137931,,,,,,,,,,,,,,,,,,,"Bobby Bundy","sa454969",542989
"Arcenio Leon","DET",2,3,,4.928571428571429,42,0,0,,,42,,43,25,23,5,23,2,2,32,6.857142857142857,4.928571428571429,1.391304347826087,1.0714285714285714,,,,,1.5714285714285714,,0.6949152542372882,,,4.967163503737677,-0.12529877607701578,,,,,,,,,126.50000000000001,3.0119047619047623,134,3.1904761904761907,,,,,,,,,,,,,,,,,,,"Arcenio Leon","8846",455376
"Sean Donatello","DET",3,3,,4.969328060810148,45,0,0,,,54.33330154418945,,62,32,30,8,18,1,3,36,5.963193672972178,2.981596836486089,2,1.3251541495493728,,,,,1.472393499499303,,0.6976744186046512,,,4.90610697486929,-0.12605988609272156,,,,,,,,,151.46643142700194,2.7877273628184325,176.66650772094727,3.2515327193445773,,,,,,,,,,,,,,,,,,,"Sean Donatello","sa599283",607373
"Keyvius Sampson","MIA",4,6,,5.34065934065934,29,16,0,,,91,,86,58,54,13,67,1,4,91,9,6.626373626373627,1.3582089552238805,1.2857142857142858,,,,,1.6813186813186813,,0.7047477744807121,,,5.355441892016065,-0.12808934352294066,,,,,,,,,258.9,2.8450549450549447,255,2.802197802197802,,,,,,,,,,,,,,,,,,,"Keyvius Sampson","10039",572102
"Forrest Snow","TBR",6,8,,5,30,8,0,,,81,,83,48,45,17,29,0,4,78,8.666666666666666,3.2222222222222223,2.689655172413793,1.8888888888888888,,,,,1.382716049382716,,0.7256235827664399,,,5.182331052238559,-0.1284898902353026,,,,,,,,,231.49999999999994,2.858024691358024,241,2.9753086419753085,,,,,,,,,,,,,,,,,,,"Forrest Snow","sa549462",519296
"J.R. Bradley","ARI",3,3,,5.183996044924893,35,1,0,,,41.66669845581055,,44,26,24,6,22,0,3,37,7.991993902592543,4.751996374514484,1.6818181818181819,1.2959990112312232,,,,,1.5839987915048284,,0.6944444444444444,,,5.053638247681768,-0.1314144830571954,,,,,,,,,119.13356857299803,2.8592034643528255,129.33349227905273,3.1040014465320995,,,,,,,,,,,,,,,,,,,"J.R. Bradley","sa548235",592161
"Chris Withrow","KCR",1,1,,5,33,0,0,,,27,,25,16,15,3,19,0,1,25,8.333333333333334,6.333333333333333,1.3157894736842106,1,,,,,1.6296296296296295,,0.7035175879396985,,,4.972454509028682,-0.13254279520497936,,,,,,,,,87.9,3.255555555555556,86,3.185185185185185,,,,,,,,,,,,,,,,,,,"Chris Withrow","7161",519437
"Yacksel Ríos","PHI",3,4,,5.118486003380511,44,4,0,,,70.33329772949219,,70,43,40,13,34,2,4,70,8.957350505915894,4.350713102873434,2.0588235294117645,1.663507951098666,,,,,1.4786737343099252,,0.710955710955711,,,5.190816078890014,-0.13258313027243132,,,,,,,,,204.56640319824226,2.908528532033603,208.66648864746094,2.966823615323853,,,,,,,,,,,,,,,,,,,"Yacksel Rios","15007",605441
"Evan Scribner","TBR",1,2,,4.764705882352941,32,0,0,,,34,,35,19,18,9,4,0,1,38,10.058823529411764,1.0588235294117647,9.5,2.3823529411764706,,,,,1.1470588235294117,,0.7575757575757576,,,4.8046985177432795,-0.13366145351199776,,,,,,,,,110.90000000000003,3.261764705882354,114,3.3529411764705883,,,,,,,,,,,,,,,,,,,"Evan Scribner","7525",519267
"Enrique Burgos","DET",2,2,,5.13380626477407,50,0,0,,,47.33330154418945,,46,29,27,6,33,2,2,49,9.316907665701091,6.27465210139053,1.4848484848484849,1.1408458366164602,,,,,1.6690152054203768,,0.708215297450425,,,4.953415548147184,-0.13424456222773423,,,,,,,,,149.86643142700194,3.166194339667803,151.66650772094727,3.204224146066683,,,,,,,,,,,,,,,,,,,"Enrique Burgos","3895",542609
"Kevin Quackenbush","CIN",4,5,,5.033898305084746,54,0,0,,,59,,63,35,33,8,25,2,2,41,6.254237288135593,3.8135593220338984,1.64,1.2203389830508475,,,,,1.4915254237288136,,0.6901041666666667,,,4.903402406078274,-0.13451795146760936,,,,,,,,,175.40000000000003,2.972881355932204,192,3.2542372881355934,,,,,,,,,,,,,,,,,,,"Kevin Quackenbush","12360",534812
"Alejandro Chacin","CIN",2,2,,4.706419712385966,52,0,0,,,72.66670227050781,,74,41,38,10,36,1,4,63,7.8027484705346275,4.458713411734073,1.75,1.2385315032594648,,,,,1.5137607262060124,,0.71875,,,4.864060876482464,-0.1345411739437274,,,,,,,,,228.3335968017578,3.1422039210169066,239.33351135253906,3.293578817731404,,,,,,,,,,,,,,,,,,,"Alejandro Chacin","13530",591701
"Jorge López","MIL",6,9,,5.653107343743753,33,17,0,,,106.66699981689453,,114,72,67,20,56,1,6,96,8.099974701483585,4.7249852425320915,1.7142857142857142,1.687494729475747,,,,,1.59374502228265,,0.6901408450704225,,,5.538882256918533,-0.13486070708646997,,,,,,,,,252.9357986450196,2.371265706162274,279.33499908447266,2.6187574372953346,,,,,,,,,,,,,,,,,,,"Jorge Lopez","14527",605347
"Erik Cordier","BOS",2,2,,4.5473635822041185,30,0,0,,,31.66670036315918,,26,17,16,3,30,1,2,39,11.08419873162254,8.526306716632723,1.3,0.8526306716632723,,,,,1.7684191708571573,,0.752895752895753,,,4.957637778836331,-0.13518991578199033,,,,,,,,,111.83358268737793,3.5315830637499683,101.3335018157959,3.2000019153775363,,,,,,,,,,,,,,,,,,,"Erik Cordier","4086",449170
"Sam Selman","KCR",3,4,,4.709304936711143,40,0,0,,,57.33330154418945,,51,32,30,6,44,2,3,64,10.046517198317105,6.90698057384301,1.4545454545454546,0.9418609873422287,,,,,1.6569776629168838,,0.7274826789838338,,,4.7448498765868825,-0.13525295956025302,,,,,,,,,204.86643142700197,3.573253692168797,195.66650772094727,3.412789817626985,,,,,,,,,,,,,,,,,,,"Sam Selman","13397",572125
"Joely Rodríguez","BAL",3,3,,5.0710632403655325,57,0,0,,,65.66670227050781,,72,40,37,8,32,2,4,44,6.0304535831373896,4.38578442409992,1.375,1.09644610602498,,,,,1.5837554864805266,,0.6896551724137931,,,5.045963543479111,-0.136308259089554,,,,,,,,,180.33359680175786,2.74619541664953,204.33351135253906,3.111676150734757,,,,,,,,,,,,,,,,,,,"Joely Rodriguez","11487",570257
"Ian Gibaut","TBR",4,4,,4.474288152579255,47,0,0,,,58.33330154418945,,55,31,29,8,30,1,4,59,9.10286210352331,4.628573950944056,1.9666666666666666,1.234286386918415,,,,,1.4571436512231288,,0.7317073170731707,,,4.666211944891931,-0.13776541206447118,,,,,,,,,206.26643142700198,3.5359978942859622,203.66650772094727,3.4914277493219372,,,,,,,,,,,,,,,,,,,"Ian Gibaut","17871",664139
"Logan Verrett","TBR",5,7,,4.935483870967742,38,10,0,,,93,,100,55,51,16,34,3,5,69,6.67741935483871,3.2903225806451615,2.0294117647058822,1.5483870967741935,,,,,1.4408602150537635,,0.7078853046594983,,,5.16839238238591,-0.13919123761044375,,,,,,,,,252.4000000000001,2.7139784946236567,278,2.989247311827957,,,,,,,,,,,,,,,,,,,"Logan Verrett","12905",548337
"Paco Rodríguez","BAL",1,2,,5.586216632891738,22,0,0,,,19.33329963684082,,20,13,12,3,12,1,1,16,7.448288843855652,5.586216632891738,1.3333333333333333,1.3965541582229346,,,,,1.6551752986345891,,0.6834532374100719,,,5.53695418600109,-0.13945390334142502,,,,,,,,,47.16641731262206,2.4396465269044647,50.6664981842041,2.620685508212778,,,,,,,,,,,,,,,,,,,"Paco Rodriguez","13398",572089
"Nick Travieso","CIN",4,5,,5.742078672759408,16,16,0,,,73.66670227050781,,88,50,47,14,33,1,4,47,5.742078672759408,4.031672259597031,1.4242424242424243,1.710406413162377,,,,,1.6425331427987906,,0.700197238658777,,,5.858995854684606,-0.13975008704866299,,,,,,,,,127.13359680175773,1.7257945976041769,169.33351135253906,2.298643839529262,,,,,,,,,,,,,,,,,,,"Nick Travieso","sa657906",621072
"Jair Jurrjens","LAD",3,5,,5.758296753803075,14,13,0,,,70.33329772949219,,83,48,45,13,26,1,4,43,5.502372453634049,3.327015902197332,1.6538461538461537,1.663507951098666,,,,,1.5497638176902102,,0.6718061674008811,,,5.617356579171724,-0.13994640298767513,,,,,,,,,140.76640319824224,2.001419068101168,178.66648864746094,2.5402831150421434,,,,,,,,,,,,,,,,,,,"Jair Jurrjens","5556",457453
"Tom Gorzelanny","NYM",1,1,,5.522733616934726,34,1,0,,,29.33329963684082,,30,19,18,4,20,1,1,30,9.204556028224545,6.13637068548303,1.5,1.2272741370966058,,,,,1.7045474126341749,,0.6981981981981982,,,5.03264184811146,-0.14005682599325656,,,,,,,,,86.8664173126221,2.96135853750061,91.6664981842041,3.1249978461024077,,,,,,,,,,,,,,,,,,,"Tom Gorzelanny","6244",452733
"Robby Scott","BOS",2,2,,4.655175475531924,55,0,0,,,48.33330154418945,,49,27,25,8,18,0,3,43,8.006901817914908,3.3517263423829853,2.388888888888889,1.4896561521702156,,,,,1.3862078082695062,,0.7168458781362007,,,4.83350286540536,-0.14031313720842328,,,,,,,,,154.86643142700197,3.2041351713872266,160.66650772094727,3.3241368288085074,,,,,,,,,,,,,,,,,,,"Robby Scott","13042",582494
"Cody Ponce","MIL",7,10,,5.78029796372606,24,24,0,,,118.33300018310547,,143,81,76,25,36,0,7,76,5.78029796372606,2.7380358775544495,2.111111111111111,1.9014138038572566,,,,,1.5126803150686619,,0.6805555555555556,,,5.709759555391162,-0.14086777922086913,,,,,,,,,219.36420135498037,1.8537872023488104,289.66500091552734,2.4478801388227045,,,,,,,,,,,,,,,,,,,"Cody Ponce","17920",664074
"Eric O'Flaherty","ATL",1,1,,5.2597333544974445,31,0,0,,,25.66670036315918,,28,16,15,4,11,1,1,20,7.012977805996592,3.8571377932981257,1.8181818181818181,1.4025955611993184,,,,,1.519478524632595,,0.688622754491018,,,5.027767109146292,-0.14120532426770294,,,,,,,,,71.93358268737792,2.8026034382911225,80.3335018157959,3.1298725850675755,,,,,,,,,,,,,,,,,,,"Eric O'Flaherty","5746",447714
"Gabe Speier","ARI",4,4,,5.208119003618655,38,3,0,,,65.66670227050781,,74,41,38,8,33,1,4,43,5.893397819884267,4.522840187353042,1.303030303030303,1.09644610602498,,,,,1.629440740898234,,0.6889352818371608,,,5.1221056341752895,-0.1412580882412679,,,,,,,,,170.13359680175788,2.590865551629325,199.33351135253906,3.0355340600385774,,,,,,,,,,,,,,,,,,,"Gabe Speier","17170",642100
"Héctor Santiago","CHW",7,10,,5.415254237288136,25,24,0,,,118,,120,76,71,24,60,1,5,98,7.47457627118644,4.576271186440678,1.6333333333333333,1.8305084745762712,,,,,1.5254237288135593,,0.7103825136612022,,,5.793232914552851,-0.1448778015588536,,,,,,,,,267,2.26271186440678,279,2.364406779661017,,,,,,,,,,,,,,,,,,,"Hector Santiago","4026",502327
"Elih Villanueva","BOS",7,9,,5.65979381443299,20,19,0,,,97,,119,65,61,19,30,0,6,56,5.195876288659794,2.783505154639175,1.8666666666666667,1.7628865979381443,,,,,1.5360824742268042,,0.6862745098039216,,,5.662794333389125,-0.1464633498406748,,,,,,,,,178.7,1.8422680412371133,242,2.4948453608247423,,,,,,,,,,,,,,,,,,,"Elih Villanueva","8796",534631
"Jeremy Guthrie","WSN",6,9,,5.913527636082887,23,20,0,,,115.66699981689453,,143,81,76,22,43,0,8,69,5.3688606169699895,3.34581168883637,1.6046511627906976,1.7118106314976778,,,,,1.6080645326190306,,0.6765463917525774,,,5.759937674419933,-0.1473069579638982,,,,,,,,,198.5357986450195,1.7164428830981142,277.33499908447266,2.3977020197939343,,,,,,,,,,,,,,,,,,,"Jeremy Guthrie","2072",425386
"Josh Graham","ATL",3,4,,4.792902112939435,42,0,0,,,56.33330154418945,,55,32,30,7,32,2,4,54,8.627223803290985,5.112428920468731,1.6875,1.118343826352535,,,,,1.5443795697249292,,0.7124352331606217,,,4.773025221167529,-0.14980902029633864,,,,,,,,,187.76643142700198,3.3331337997243535,190.66650772094727,3.3846144730463386,,,,,,,,,,,,,,,,,,,"Josh Graham","sa658525",621050
"Juan Ramon Noriega","LAD",4,4,,4.566179672535498,50,0,0,,,45.33330154418945,,46,25,23,7,18,3,3,40,7.941182039192171,3.573531917636477,2.2222222222222223,1.38970685685863,,,,,1.411765695856386,,0.7195571955719556,,,4.789993780047814,-0.1501005424288568,,,,,,,,,146.76643142700192,3.2374970811234363,152.66650772094727,3.3676459141660535,,,,,,,,,,,,,,,,,,,"Juan Ramon Noriega","sa543294",585671
"Esmerling De La Rosa","MIA",3,3,,4.588235294117647,39,0,0,,,51,,52,28,26,6,26,3,3,43,7.588235294117647,4.588235294117647,1.6538461538461537,1.0588235294117647,,,,,1.5294117647058822,,0.7183908045977012,,,4.7066593020570044,-0.15117012381740458,,,,,,,,,167.4,3.282352941176471,176,3.450980392156863,,,,,,,,,,,,,,,,,,,"Esmerling De La Rosa","sa550547",593333
"Kent Emanuel","HOU",5,7,,5.688679245283019,23,18,0,,,106,,126,72,67,20,37,0,6,65,5.518867924528302,3.141509433962264,1.7567567567567568,1.6981132075471699,,,,,1.5377358490566038,,0.674074074074074,,,5.601035920628961,-0.15472066681345292,,,,,,,,,211.80000000000007,1.9981132075471704,271,2.556603773584906,,,,,,,,,,,,,,,,,,,"Kent Emanuel","15849",592288
"Scott Copeland","MIA",7,10,,5.385245901639344,24,23,0,,,122,,135,78,73,19,60,1,6,80,5.901639344262295,4.426229508196721,1.3333333333333333,1.401639344262295,,,,,1.598360655737705,,0.6947743467933492,,,5.4937052679843585,-0.1570780050049021,,,,,,,,,280.10000000000014,2.2959016393442635,325,2.6639344262295084,,,,,,,,,,,,,,,,,,,"Scott Copeland","10706",571577
"Tanner Rainey","CIN",3,3,,4.850296631375255,56,0,0,,,55.66669845581055,,50,32,30,8,37,0,3,62,10.02394637150886,5.982032512029481,1.6756756756756757,1.2934124350334013,,,,,1.5628733589986932,,0.7255936675461742,,,4.95404585398248,-0.15738272357021554,,,,,,,,,187.5335685729981,3.368864577479233,178.33349227905273,3.2035938402313873,,,,,,,,,,,,,,,,,,,"Tanner Rainey","17610",663432
"Brad Boxberger","ARI",5,4,,4.714285714285714,46,0,11.171199798583984,,,42,,36,24,22,9,24,2,2,59,12.642857142857142,5.142857142857143,2.4583333333333335,1.9285714285714286,,,,,1.4285714285714286,,0.759493670886076,,,4.9909730275472,-0.1581896531393544,,,,,,,,,202.35599899291992,4.817999976021903,188.85599899291992,4.496571404593332,,,,,,,,,,,,,,,,,,,"Brad Boxberger","10133",502202
"Adam Hofacket","LAA",3,4,,4.846153846153846,48,0,0,,,65,,72,37,35,11,17,0,4,48,6.6461538461538465,2.353846153846154,2.823529411764706,1.523076923076923,,,,,1.3692307692307693,,0.7065217391304348,,,4.84994738652156,-0.15903722395474734,,,,,,,,,191.49999999999997,2.946153846153846,215,3.3076923076923075,,,,,,,,,,,,,,,,,,,"Adam Hofacket","sa875282",664102
"Joe Nathan","WSN",2,2,,5.333333333333333,30,0,0,,,27,,28,17,16,5,14,1,1,27,9,4.666666666666667,1.9285714285714286,1.6666666666666667,,,,,1.5555555555555556,,0.7142857142857143,,,5.231713768287941,-0.16017699697061938,,,,,,,,,74.50000000000001,2.75925925925926,79,2.925925925925926,,,,,,,,,,,,,,,,,,,"Joe Nathan","1122",150274
"Tom Wilhelmsen","SDP",2,2,,4.62856827560951,45,0,0,,,46.66669845581055,,46,26,24,6,23,1,2,37,7.135709424897994,4.43571126412578,1.608695652173913,1.1571420689023775,,,,,1.4785704213752602,,0.7095709570957096,,,4.8504956839043825,-0.16022328018184784,,,,,,,,,150.933568572998,3.2342885519514404,154.33349227905273,3.307144010309485,,,,,,,,,,,,,,,,,,,"Tom Wilhelmsen","9975",452666
"Jairo Labourt","DET",1,1,,4.88297624639945,52,0,0,,,62.66669845581055,,57,36,34,5,51,1,3,58,8.329783008563767,7.324464369599175,1.1372549019607843,0.7180847421175662,,,,,1.723403381082159,,0.7128712871287128,,,4.928915391437197,-0.1608100695711529,,,,,,,,,208.03356857299812,3.3196829209008527,202.33349227905273,3.22872430277667,,,,,,,,,,,,,,,,,,,"Jairo Labourt","14996",607951
"Ryan Eades","MIN",4,6,,5.821559026730155,27,14,0,,,89.66670227050781,,103,62,58,14,47,0,5,58,5.821559026730155,4.717470245798573,1.2340425531914894,1.4052039030038304,,,,,1.6728617892902744,,0.6748466257668712,,,5.633475142363473,-0.16136449859578608,,,,,,,,,183.53359680175782,2.0468422742711225,226.33351135253906,2.524164551850394,,,,,,,,,,,,,,,,,,,"Ryan Eades","14808",592280
"Jacob Webb","ATL",3,4,,4.7647032094264254,39,0,0,,,56.66669845581055,,49,32,30,5,49,4,3,64,10.164700180109708,7.782348575396496,1.3061224489795917,0.794117201571071,,,,,1.7294107945325545,,0.7252747252747253,,,4.798815244127415,-0.16674177213879554,,,,,,,,,202.43356857299804,3.5723550884274378,190.33349227905273,3.3588244500864533,,,,,,,,,,,,,,,,,,,"Jacob Webb","19274",657097
"Kelvin Marte","MIA",4,5,,5.122531806898918,29,10,0,,,84.33329772949219,,91,51,48,12,42,1,5,59,6.29644534597992,4.482215331036553,1.4047619047619047,1.2806329517247295,,,,,1.5770757646239724,,0.7056798623063684,,,5.280170234572447,-0.1667829945701509,,,,,,,,,216.86640319824224,2.571539463497132,242.66648864746094,2.8774694596414205,,,,,,,,,,,,,,,,,,,"Kelvin Marte","5200",517629
"Justin Hancock","CHC",4,4,,4.6956493924719105,47,0,0,,,53.66669845581055,,54,30,28,6,31,2,3,44,7.3788776167415735,5.198754684522472,1.4193548387096775,1.0062105841011237,,,,,1.5838499934925094,,0.7180156657963447,,,4.871924393052819,-0.16685592696895782,,,,,,,,,168.93356857299804,3.147828605705992,176.33349227905273,3.2857153011610487,,,,,,,,,,,,,,,,,,,"Justin Hancock","12316",606995
"Andy Ferguson","BOS",7,8,,5.514082433212869,20,18,0,,,94.66670227050781,,109,62,58,21,32,1,6,74,7.035208621685385,3.0422523769450316,2.3125,1.9964781223701769,,,,,1.489436059546005,,0.7078853046594983,,,5.68228663202589,-0.17385963231216478,,,,,,,,,192.83359680175784,2.0369738480034987,234.33351135253906,2.4753530621879776,,,,,,,,,,,,,,,,,,,"Andy Ferguson","sa598931",592299
"Víctor Arano","PHI",2,3,,5.023258599158552,45,0,0,,,57.33330154418945,,59,34,32,12,20,0,3,60,9.418609873422286,3.1395366244740956,3,1.8837219746844573,,,,,1.3779077407414086,,0.7234726688102894,,,4.989036058490423,-0.17639262547363088,,,,,,,,,174.26643142700195,3.039532466008201,181.66650772094727,3.168603635723444,,,,,,,,,,,,,,,,,,,"Victor Arano","15915",644364
"Adam Loewen","TEX",3,3,,5.142857142857143,47,0,0,,,49,,44,30,28,5,43,2,3,52,9.551020408163266,7.8979591836734695,1.2093023255813953,0.9183673469387755,,,,,1.7755102040816326,,0.7125,,,5.178047857479173,-0.17808107857090683,,,,,,,,,152.70000000000002,3.116326530612245,146,2.979591836734694,,,,,,,,,,,,,,,,,,,"Adam Loewen","2134",429400
"Paul Voelker","DET",2,3,,5.357142857142857,42,0,0,,,42,,43,27,25,8,19,1,2,43,9.214285714285714,4.071428571428571,2.263157894736842,1.7142857142857142,,,,,1.4761904761904763,,0.6889763779527559,,,5.086211122785296,-0.17920557212536772,,,,,,,,,123.60000000000001,2.942857142857143,129,3.0714285714285716,,,,,,,,,,,,,,,,,,,"Paul Voelker","sa829176",657081
"José Taveras","PHI",5,9,,5.780487804878049,23,23,0,,,123,,140,85,79,29,45,0,8,103,7.536585365853658,3.292682926829268,2.2888888888888888,2.1219512195121952,,,,,1.5040650406504066,,0.6925207756232686,,,5.84056652348216,-0.18159550748838021,,,,,,,,,236.5,1.9227642276422765,285,2.317073170731707,,,,,,,,,,,,,,,,,,,"Jose Taveras","sa828246",650810
"Malcom Culver","KCR",3,3,,4.973681089952689,38,0,0,,,50.66669845581055,,54,30,28,6,26,3,2,38,6.749995764935791,4.618418154956068,1.4615384615384615,1.0657888049898618,,,,,1.5789463777627581,,0.6983240223463688,,,4.855007050308832,-0.18163785285450793,,,,,,,,,152.73356857299805,3.014476435763939,167.33349227905273,3.302632643905035,,,,,,,,,,,,,,,,,,,"Malcom Culver","sa454968",543074
"Elniery García","PHI",6,10,,5.854368932038835,20,19,0,,,103,,117,72,67,21,45,0,6,74,6.466019417475728,3.9320388349514563,1.6444444444444444,1.8349514563106797,,,,,1.5728155339805825,,0.6787330316742082,,,5.85666882042746,-0.18191690613832412,,,,,,,,,194.70000000000005,1.8902912621359227,237,2.3009708737864076,,,,,,,,,,,,,,,,,,,"Elniery Garcia","sa684104",622556
"Andrés Machado","KCR",6,9,,5.598660207353091,28,15,0,,,99.66670227050781,,115,66,62,19,38,1,6,73,6.591970889302832,3.4314369012809265,1.9210526315789473,1.7157184506404632,,,,,1.535116508467783,,0.6882911392405063,,,5.495431501226896,-0.1821362766729035,,,,,,,,,218.83359680175784,2.195654033057262,265.33351135253906,2.662208192986971,,,,,,,,,,,,,,,,,,,"Andres Machado","14681",600921
"José Castillo","SDP",2,3,,4.9411764705882355,43,0,0,,,51,,51,30,28,6,30,0,3,45,7.9411764705882355,5.294117647058823,1.5,1.0588235294117647,,,,,1.588235294117647,,0.7024793388429753,,,4.863522047155044,-0.1822376083614207,,,,,,,,,162.00000000000003,3.176470588235295,168,3.2941176470588234,,,,,,,,,,,,,,,,,,,"Jose Castillo","17169",620454
"Collin Wiles","TEX",8,11,,6.043795620437956,27,25,0,,,137,,173,98,92,31,35,0,8,74,4.861313868613139,2.2992700729927007,2.1142857142857143,2.0364963503649633,,,,,1.5182481751824817,,0.6682867557715675,,,5.960559402243065,-0.1826707007649988,,,,,,,,,201.70000000000022,1.4722627737226293,301,2.197080291970803,,,,,,,,,,,,,,,,,,,"Collin Wiles","15106",621079
"Neil Ramírez","CLE",2,2,,5.014282298576969,42,0,0,,,46.66669845581055,,44,28,26,9,26,1,1,56,10.799992643088856,5.014282298576969,2.1538461538461537,1.7357131033535662,,,,,1.4999989782067855,,0.7317073170731707,,,5.000495581725061,-0.18272046813871737,,,,,,,,,151.23356857299805,3.240717119000899,147.33349227905273,3.1571441124888064,,,,,,,,,,,,,,,,,,,"Neil Ramirez","7677",519166
"Sean Stutzman","HOU",2,3,,4.702249710345381,32,0,0,,,59.33330154418945,,60,33,31,8,29,1,3,50,7.584273726363517,4.39887876129084,1.7241379310344827,1.2134837962181628,,,,,1.5000008036585624,,0.7197943444730077,,,4.843033855627983,-0.18357410603502608,,,,,,,,,188.66643142700207,3.179773019819058,196.66650772094727,3.314605838585885,,,,,,,,,,,,,,,,,,,"Sean Stutzman","sa920319",621406
"Dan Runzler","TBR",2,2,,4.8214326768540285,40,0,0,,,37.33330154418945,,37,21,20,3,28,3,2,32,7.714292282966446,6.75000574759564,1.1428571428571428,0.7232149015281043,,,,,1.7410729110861771,,0.7236842105263158,,,4.8987126053000445,-0.18658801870637579,,,,,,,,,117.16643142700197,3.138389228402912,121.66650772094727,3.258927088913823,,,,,,,,,,,,,,,,,,,"Dan Runzler","4080",502130
"José Ramírez","ATL",3,3,,4.624311828777581,64,0,12.328800201416016,,,60.33330154418945,,56,33,31,8,35,2,5,62,9.248623657555163,5.220997226039205,1.7714285714285714,1.1933707945232468,,,,,1.508288087522437,,0.7268170426065164,,,4.81509913105171,-0.1891929269466091,,,,,,,,,268.110432434082,4.443821663525441,263.31050872802734,4.364264875098421,,,,,,,,,,,,,,,,,,,"Jose Ramirez","10171",542432
"Travis Wood","DET",4,5,,5.574901196209271,46,10,0,,,82.33329772949219,,92,55,51,15,34,2,2,57,6.230771925175067,3.716600797472847,1.6764705882352942,1.6396768224144913,,,,,1.530365034253525,,0.6761904761904762,,,5.453187245594155,-0.1913068466488481,,,,,,,,,191.56640319824217,2.3267184539071626,222.66648864746094,2.7044524486197123,,,,,,,,,,,,,,,,,,,"Travis Wood","9884",475243
"Jason Motte","STL",1,1,,4.7368421052631575,46,0,0,,,38,,39,21,20,6,15,2,2,31,7.342105263157895,3.5526315789473686,2.066666666666667,1.4210526315789473,,,,,1.4210526315789473,,0.7236842105263158,,,4.920797588950709,-0.19131063998894768,,,,,,,,,116.99999999999997,3.0789473684210518,123,3.236842105263158,,,,,,,,,,,,,,,,,,,"Jason Motte","5861",435400
"Greg Mahle","LAA",5,6,,4.846153846153846,53,1,0,,,65,,72,37,35,9,26,2,4,44,6.092307692307692,3.6,1.6923076923076923,1.2461538461538462,,,,,1.5076923076923077,,0.7142857142857142,,,4.988408924983098,-0.20035658477022036,,,,,,,,,181.1,2.786153846153846,206,3.169230769230769,,,,,,,,,,,,,,,,,,,"Greg Mahle","16877",657670
"Aaron Kurcz","OAK",4,5,,5.06250301748694,43,0,0,,,53.33330154418945,,56,32,30,7,24,0,3,41,6.918754123898818,4.050002413989552,1.7083333333333333,1.181250704080286,,,,,1.5000008940702045,,0.6837606837606838,,,4.8451407000428475,-0.2016205251595133,,,,,,,,,163.96643142700194,3.074372421725047,176.66650772094727,3.31249899417102,,,,,,,,,,,,,,,,,,,"Aaron Kurcz","sa549903",594891
"Nefi Ogando","CIN",2,3,,5.2137965325957545,50,0,0,,,48.33330154418945,,51,30,28,6,26,0,1,33,6.144831627702139,4.8413824945532005,1.2692307692307692,1.1172421141276616,,,,,1.593104496070925,,0.685131195335277,,,5.081778890767063,-0.20309209820316454,,,,,,,,,136.26643142700195,2.819307332076587,148.66650772094727,3.0758608034468047,,,,,,,,,,,,,,,,,,,"Nefi Ogando","12253",596331
"Miguel Díaz","SDP",2,3,,5.428571428571429,32,9,0,,,63,,67,41,38,10,34,0,4,50,7.142857142857143,4.857142857142857,1.4705882352941178,1.4285714285714286,,,,,1.6031746031746033,,0.6896551724137931,,,5.443353979928153,-0.20420167137594217,,,,,,,,,155.00000000000003,2.460317460317461,171,2.7142857142857144,,,,,,,,,,,,,,,,,,,"Miguel Diaz","18815",622766
"J.P. Feyereisen","NYY",3,3,,4.894736842105263,41,0,0,,,57,,55,33,31,9,33,1,3,58,9.157894736842104,5.2105263157894735,1.7575757575757576,1.4210526315789473,,,,,1.543859649122807,,0.7294429708222812,,,5.0699203959682535,-0.20434206362374716,,,,,,,,,176.09999999999997,3.089473684210526,176,3.087719298245614,,,,,,,,,,,,,,,,,,,"J.P. Feyereisen","16610",656420
"Aaron Bummer","CHW",4,5,,5.026593194822963,56,0,0,,,62.66669845581055,,60,37,35,8,38,2,4,57,8.186166060140254,5.457444040093503,1.5,1.148935587388106,,,,,1.563828993944922,,0.7027649769585254,,,5.008702585005816,-0.207305697880655,,,,,,,,,197.33356857299816,3.14893832666401,197.33349227905273,3.1489371092080516,,,,,,,,,,,,,,,,,,,"Aaron Bummer","16258",607481
"Anyelo Gómez","ATL",4,5,,4.943661971830986,35,5,0,,,71,,69,42,39,11,42,0,5,69,8.746478873239436,5.323943661971831,1.6428571428571428,1.3943661971830985,,,,,1.5633802816901408,,0.7217573221757323,,,5.213977722382881,-0.20766685042209934,,,,,,,,,207.69999999999996,2.9253521126760558,209,2.943661971830986,,,,,,,,,,,,,,,,,,,"Anyelo Gomez","sa737475",642667
"Yoan López","ARI",3,4,,5.7401617907439935,18,7,0,,,42.33330154418945,,44,29,27,9,25,0,3,44,9.354337733064286,5.314964621059254,1.76,1.9133872635813312,,,,,1.6299224837915043,,0.7092198581560284,,,5.8269330372347365,-0.20848654345406906,,,,,,,,,92.16643142700198,2.177161432372441,98.66650772094727,2.3307066569791304,,,,,,,,,,,,,,,,,,,"Yoan Lopez","17181",661255
"Angel Nesbitt","DET",1,2,,5.086956521739131,39,0,0,,,46,,48,28,26,7,24,1,3,41,8.021739130434783,4.695652173913044,1.7083333333333333,1.3695652173913044,,,,,1.565217391304348,,0.7073954983922829,,,5.114161433344302,-0.20978992698963236,,,,,,,,,130.5,2.8369565217391304,140,3.0434782608695654,,,,,,,,,,,,,,,,,,,"Angel Nesbitt","13415",553970
"Joel Seddon","OAK",4,6,,5.610371404904105,32,13,0,,,102.66699981689453,,119,68,64,16,41,2,6,59,5.172061138895971,3.594144181266692,1.4390243902439024,1.4025928512260262,,,,,1.5584365013622512,,0.6686046511627908,,,5.407632393055618,-0.21034549118650406,,,,,,,,,230.5357986450195,2.245471271744354,282.33499908447266,2.75000730115825,,,,,,,,,,,,,,,,,,,"Joel Seddon","sa599194",607080
"Michael Ynoa","CHW",1,2,,5.023255813953488,35,0,0,,,43,,42,26,24,5,29,2,4,39,8.162790697674419,6.069767441860465,1.3448275862068966,1.0465116279069768,,,,,1.6511627906976745,,0.703125,,,5.157639694213867,-0.21081065715746683,,,,,,,,,126.49999999999999,2.9418604651162785,129,3,,,,,,,,,,,,,,,,,,,"Michael Ynoa","14093",573589
"Roman Mendez","WSN",2,2,,5.13380626477407,35,0,0,,,47.33330154418945,,49,29,27,7,24,1,3,40,7.605638910776401,4.563383346465841,1.6666666666666667,1.33098680938587,,,,,1.5422545569074368,,0.6962025316455696,,,5.101302971412281,-0.2135444074201137,,,,,,,,,135.76643142700195,2.8683068156623945,144.66650772094727,3.0563367228015865,,,,,,,,,,,,,,,,,,,"Roman Mendez","10307",542669
"Ryan Brinley","WSN",4,4,,5.161768325474911,38,0,0,,,45.33330154418945,,53,28,26,8,12,0,3,30,5.955886529394128,2.3823546117576515,2.5,1.5882364078384341,,,,,1.433824534854142,,0.6877323420074349,,,5.120876365014154,-0.2143291707669186,,,,,,,,,114.26643142700195,2.5205848136963662,137.66650772094727,3.0367633291997134,,,,,,,,,,,,,,,,,,,"Ryan Brinley","sa875871",665096
"Carlos Ramírez","TOR",2,2,,5.023255813953488,35,0,0,,,43,,41,26,24,7,24,0,3,43,9,5.023255813953488,1.7916666666666667,1.4651162790697674,,,,,1.5116279069767442,,0.7065217391304347,,,5.157639694213867,-0.21527376855872637,,,,,,,,,130.49999999999994,3.0348837209302313,129,3,,,,,,,,,,,,,,,,,,,"Carlos Ramirez","11743",570702
"Neftalí Feliz","ARI",3,3,,5.027589513574478,53,0,0,,,48.33330154418945,,48,29,27,9,22,2,1,47,8.751729894000016,4.096554418468092,2.1363636363636362,1.6758631711914926,,,,,1.4482768146099319,,0.7142857142857143,,,5.06108922198692,-0.21883053648710876,,,,,,,,,147.16643142700195,3.0448247217801336,149.66650772094727,3.0965504722269466,,,,,,,,,,,,,,,,,,,"Neftali Feliz","18",491703
"Tony Cingrani","LAD",1,1,,4.563383346465841,54,0,0,,,47.33330154418945,,47,26,24,7,24,1,2,43,8.176061829084631,4.563383346465841,1.7916666666666667,1.33098680938587,,,,,1.5000010074031236,,0.7352941176470588,,,4.911161998642871,-0.2209826298550408,,,,,,,,,149.96643142700196,3.1683070171430194,153.66650772094727,3.2464776955709964,,,,,,,,,,,,,,,,,,,"Tony Cingrani","12555",571561
"Ryan Thompson","HOU",3,3,,4.909090909090909,39,0,0,,,66,,73,39,36,10,21,1,4,46,6.2727272727272725,2.8636363636363638,2.1904761904761907,1.3636363636363635,,,,,1.4242424242424243,,0.6875,,,4.869760906335079,-0.22387973931115154,,,,,,,,,192.60000000000008,2.9181818181818193,217,3.287878787878788,,,,,,,,,,,,,,,,,,,"Ryan Thompson","16647",657044
"Adam McCreery","ATL",2,2,,4.803683792116477,36,0,0,,,54.33330154418945,,47,31,29,5,48,1,4,63,10.43558892770131,7.950924897296237,1.3125,0.828221343468358,,,,,1.7484672806554225,,0.7272727272727273,,,4.90610697486929,-0.2242173401658477,,,,,,,,,188.36643142700206,3.4668688644624885,176.66650772094727,3.2515327193445773,,,,,,,,,,,,,,,,,,,"Adam McCreery","19550",607030
"Jake Esch","SDP",5,9,,5.798076923076923,21,19,0,,,104,,125,72,67,19,42,1,6,64,5.538461538461538,3.6346153846153846,1.5238095238095237,1.6442307692307692,,,,,1.6057692307692308,,0.6766381766381766,,,5.6864858480600216,-0.22634608813240864,,,,,,,,,194.89999999999998,1.8740384615384613,257,2.4711538461538463,,,,,,,,,,,,,,,,,,,"Jake Esch","12756",605222
"Sandy Báez","DET",6,9,,5.978573709216307,20,20,0,,,93.33329772949219,,109,66,62,20,37,0,6,66,6.364288142068972,3.567858503887151,1.7837837837837838,1.9285721642633247,,,,,1.5642863110135856,,0.6779661016949152,,,5.911212173189837,-0.22727824929155552,,,,,,,,,164.26640319824213,1.7599978485099208,209.66648864746094,2.2464275210240308,,,,,,,,,,,,,,,,,,,"Sandy Baez","17754",622783
"Collin Balester","SFG",2,3,,4.967996209719689,29,1,0,,,41.66669845581055,,44,25,23,6,19,0,2,34,7.343994396976931,4.103996868898873,1.7894736842105263,1.2959990112312232,,,,,1.511998846436427,,0.6959706959706959,,,4.909638357544965,-0.2283258576779541,,,,,,,,,125.13356857299803,3.003203354489628,135.33349227905273,3.248001336668902,,,,,,,,,,,,,,,,,,,"Collin Balester","6883",444446
"Kelly Secrest","NYM",2,2,,5.0978986980873735,32,1,0,,,47.66669845581055,,47,29,27,6,31,1,3,45,8.496497830145623,5.853142949655873,1.4516129032258065,1.1328663773527496,,,,,1.6363625450650827,,0.7040229885057472,,,5.045750323135117,-0.22930552072128038,,,,,,,,,144.73356857299808,3.036366546493113,148.33349227905273,3.1118893710787505,,,,,,,,,,,,,,,,,,,"Kelly Secrest","sa829156",642059
"Manny Barreda","ATL",5,7,,5.643068681772181,26,18,0,,,103.66699981689453,,109,70,65,19,59,1,6,94,8.160745478255155,5.12217003422398,1.5932203389830508,1.6495123839026378,,,,,1.6205735701499597,,0.693069306930693,,,5.607792591940592,-0.23189473511048847,,,,,,,,,243.0357986450195,2.3443892374071784,264.33499908447266,2.549847102273275,,,,,,,,,,,,,,,,,,,"Manny Barreda","10148",518435
"Tyler Kinley","MIN",2,3,,5.117647058823529,47,0,0,,,51,,53,31,29,8,27,1,3,48,8.470588235294118,4.764705882352941,1.7777777777777777,1.411764705882353,,,,,1.5686274509803921,,0.7122093023255814,,,5.079208321664848,-0.23210421935388967,,,,,,,,,147.2,2.8862745098039215,157,3.0784313725490198,,,,,,,,,,,,,,,,,,,"Tyler Kinley","18297",641755
"J.J. Hoover","MIL",3,4,,5.13497232950382,59,0,0,,,54.33330154418945,,51,33,31,10,31,1,2,64,10.601233196394983,5.13497232950382,2.064516129032258,1.656442686936716,,,,,1.5092033369867857,,0.7205882352941176,,,5.016536487331738,-0.2327177853257819,,,,,,,,,175.46643142700205,3.2294454126682255,170.66650772094727,3.14110320688213,,,,,,,,,,,,,,,,,,,"J.J. Hoover","9037",543331
"Montana DuRapau","PIT",2,3,,4.9090939491407894,43,1,0,,,51.33330154418945,,53,30,28,10,20,1,3,50,8.766239194894267,3.506495677957707,2.5,1.7532478389788535,,,,,1.4220788027272921,,0.7288135593220338,,,5.086212317090606,-0.23399052374791507,,,,,,,,,150.066431427002,2.9233738511406613,157.66650772094727,3.0714273771232614,,,,,,,,,,,,,,,,,,,"Montana DuRapau","16768",657566
"Matt Magill","MIN",4,6,,5.7240024455576854,24,15,0,,,83.33329772949219,,92,57,53,15,47,1,5,66,7.128003045411457,5.076002168702098,1.4042553191489362,1.6200006921389676,,,,,1.6680007126467888,,0.6949152542372882,,,5.785640817017081,-0.23629328456930726,,,,,,,,,168.96640319824215,2.0275977046621048,197.66648864746094,2.371998877196786,,,,,,,,,,,,,,,,,,,"Matt Magill","3950",543483
"Elieser Hernández","MIA",5,7,,5.423076923076923,20,15,0,,,78,,84,50,47,16,35,0,5,69,7.961538461538462,4.038461538461538,1.9714285714285715,1.8461538461538463,,,,,1.5256410256410255,,0.7142857142857143,,,5.593537130111303,-0.23748491262727042,,,,,,,,,180.00000000000003,2.307692307692308,200,2.5641025641025643,,,,,,,,,,,,,,,,,,,"Elieser Hernandez","16933",622694
"Ryan Hendrix","CIN",4,5,,4.939021518159774,45,0,0,,,54.66669845581055,,51,32,30,8,38,2,4,62,10.2073111375302,6.256093923002381,1.631578947368421,1.3170724048426066,,,,,1.6280478337637774,,0.7326478149100257,,,5.0966629568988155,-0.23793861305056418,,,,,,,,,171.53356857299812,3.137807356551011,167.33349227905273,3.0609767373150514,,,,,,,,,,,,,,,,,,,"Ryan Hendrix","19535",641682
"Aroni Nina","SDP",2,3,,5.299060697590572,29,0,0,,,35.66669845581055,,36,22,21,3,28,1,2,29,7.317750487148885,7.0654142634540955,1.0357142857142858,0.7570086710843674,,,,,1.7943909240518339,,0.7023411371237459,,,5.14829212558387,-0.23941085552424776,,,,,,,,,101.43356857299806,2.8439292943996413,107.33349227905273,3.009347568629997,,,,,,,,,,,,,,,,,,,"Aroni Nina","sa506381",542664
"Alex Klonowski","LAA",6,9,,5.611428890522769,25,20,0,,,110.66699981689453,,116,74,69,22,41,1,7,71,5.774079003291545,3.3343273117599064,1.7317073170731707,1.789151240456535,,,,,1.4186704280387679,,0.6576862123613312,,,5.760041498514282,-0.24942153282507226,,,,,,,,,244.73579864501949,2.2114614026760475,265.33499908447266,2.3975981956995853,,,,,,,,,,,,,,,,,,,"Alex Klonowski","sa829634",657644
"Dakota Bacus","WSN",3,5,,5.77674131617423,26,8,0,,,71.66670227050781,,83,49,46,13,33,1,4,50,6.279066648015467,4.144183987690209,1.5151515151515151,1.6325573284840216,,,,,1.6186038470439872,,0.6850715746421268,,,5.6692663534200545,-0.249504316028288,,,,,,,,,143.63359680175785,2.0041887271387084,178.33351135253906,2.488373340793813,,,,,,,,,,,,,,,,,,,"Dakota Bacus","14545",621290
"Darin Gillies","SEA",3,4,,4.838147621955418,41,0,0,,,57.66669845581055,,60,33,31,7,29,0,4,44,6.867048237614142,4.52600906570023,1.5172413793103448,1.092484946893159,,,,,1.5433517503728755,,0.7070707070707071,,,4.926424846326601,-0.2506312580673732,,,,,,,,,173.63356857299812,3.0109850784339924,186.33349227905273,3.231214847887266,,,,,,,,,,,,,,,,,,,"Darin Gillies","sa875269",606981
"Johnny Barbato","DET",2,3,,5.203125,49,2,0,,,64,,68,40,37,11,31,1,4,58,8.15625,4.359375,1.8709677419354838,1.546875,,,,,1.546875,,0.7057416267942584,,,5.220139694213867,-0.25197622695194677,,,,,,,,,172.5,2.6953125,188,2.9375,,,,,,,,,,,,,,,,,,,"Johnny Barbato","11440",592127
"Brayan Peña","KCR",0,1,,11.25,5,0,0,,,4,,5,5,5,1,6,0,0,1,2.25,13.5,0.16666666666666666,2.25,,,,,2.75,,0.625,,,10.407639694213866,-0.25322069940350017,,,,,,,,,-11.7,-2.925,-9,-2.25,,,,,,,,,,,,,,,,,,,"Brayan Pena","3231",430910
"Jered Weaver","SDP",6,10,,5.567796610169491,21,21,0,,,118,,134,78,73,25,37,1,6,76,5.796610169491525,2.8220338983050848,2.054054054054054,1.9067796610169492,,,,,1.4491525423728813,,0.6838235294117647,,,5.716961728112173,-0.2552559605246481,,,,,,,,,240.3,2.0364406779661017,288,2.440677966101695,,,,,,,,,,,,,,,,,,,"Jered Weaver","4235",450308
"Chase De Jong","SEA",6,10,,5.708955223880597,26,24,0,,,134,,155,91,85,27,48,0,6,89,5.977611940298507,3.2238805970149254,1.8541666666666667,1.8134328358208955,,,,,1.5149253731343284,,0.6779661016949153,,,5.657639694213867,-0.2572346106350595,,,,,,,,,272.4999999999999,2.033582089552238,335,2.5,,,,,,,,,,,,,,,,,,,"Chase De Jong","15036",608328
"Greg Ross","WSN",7,11,,5.872881355932203,24,21,0,,,118,,145,82,77,21,48,1,7,60,4.576271186440678,3.6610169491525424,1.25,1.6016949152542372,,,,,1.6355932203389831,,0.6784841075794621,,,5.852554948451155,-0.2573264727810666,,,,,,,,,192.9000000000001,1.6347457627118651,272,2.305084745762712,,,,,,,,,,,,,,,,,,,"Greg Ross","sa599717",607265
"Zac Curtis","PHI",2,2,,5.13497232950382,49,0,0,,,54.33330154418945,,53,33,31,10,27,0,5,59,9.773011852926624,4.4723952547291335,2.185185185185185,1.656442686936716,,,,,1.472393499499303,,0.7121212121212122,,,5.145370918537926,-0.25838750675805355,,,,,,,,,163.26643142700203,3.0049054039945817,163.66650772094727,3.012268775675941,,,,,,,,,,,,,,,,,,,"Zac Curtis","16684",657205
"James Needy","MIA",5,7,,5.457446808510638,19,19,0,,,94,,103,61,57,16,46,0,6,65,6.223404255319149,4.404255319148936,1.4130434782608696,1.5319148936170213,,,,,1.5851063829787233,,0.6951026856240127,,,5.647001396341527,-0.2618095346097399,,,,,,,,,205,2.1808510638297873,236,2.5106382978723403,,,,,,,,,,,,,,,,,,,"James Needy","sa501496",571982
"Jesse Biddle","ATL",2,3,,5.13380626477407,35,0,0,,,47.33330154418945,,49,29,27,7,26,0,2,43,8.176061829084631,4.943665292004661,1.6538461538461537,1.33098680938587,,,,,1.58450810641175,,0.705521472392638,,,5.037922647155811,-0.26444932910175445,,,,,,,,,138.76643142700195,2.9316871399188646,147.66650772094727,3.1197170470580566,,,,,,,,,,,,,,,,,,,"Jesse Biddle","11437",592145
"Connor Walsh","CHW",2,3,,5.2597435169365605,39,0,0,,,51.33330154418945,,46,32,30,5,46,1,3,54,9.467538330485809,8.064940059302726,1.173913043478261,0.8766239194894268,,,,,1.7922089020672725,,0.7058823529411765,,,5.183614974811654,-0.26573203854493493,,,,,,,,,159.76643142700198,3.1123350071194933,152.66650772094727,2.974024719402214,,,,,,,,,,,,,,,,,,,"Connor Walsh","sa829031",657793
"Chris Smith","WSN",2,3,,5.318181818181818,37,1,0,,,44,,48,28,26,9,15,1,3,37,7.568181818181818,3.0681818181818183,2.466666666666667,1.8409090909090908,,,,,1.4318181818181819,,0.6944444444444444,,,5.3621851487593215,-0.26806205107216946,,,,,,,,,110.10000000000002,2.502272727272728,123,2.7954545454545454,,,,,,,,,,,,,,,,,,,"Chris Smith","14449",627262
"Jesús Castillo","LAA",5,9,,5.653107343743753,23,22,0,,,106.66699981689453,,126,72,67,25,31,1,7,77,6.496854708481626,2.615616830687408,2.4838709677419355,2.109368411844684,,,,,1.4718704029316239,,0.6967213114754098,,,5.829506349217134,-0.2691973595281122,,,,,,,,,194.2357986450196,1.8209549249387946,248.33499908447266,2.3281333449967336,,,,,,,,,,,,,,,,,,,"Jesus Castillo","sa657701",612792
"Danny Reynolds","ATL",2,2,,4.9245283018867925,40,0,0,,,53,,52,31,29,4,41,2,3,43,7.30188679245283,6.962264150943396,1.048780487804878,0.6792452830188679,,,,,1.7547169811320755,,0.7093821510297482,,,5.006696297987452,-0.27793364808988286,,,,,,,,,161.80000000000004,3.052830188679246,167,3.150943396226415,,,,,,,,,,,,,,,,,,,"Danny Reynolds","sa501564",572066
"Dylan Covey","CHW",4,6,,6.0113231776550435,22,17,0,,,88.33329772949219,,103,63,59,16,43,0,4,52,5.298115343018004,4.3811338413418115,1.2093023255813953,1.630189336313232,,,,,1.652830854873138,,0.6715210355987056,,,5.931225717802352,-0.2802411253693601,,,,,,,,,152.06640319824214,1.7215071451755743,196.66648864746094,2.2264139764115147,,,,,,,,,,,,,,,,,,,"Dylan Covey","14825",592229
"Bryan Morris","SFG",2,3,,4.7368421052631575,40,0,0,,,38,,40,21,20,5,19,2,2,30,7.105263157894737,4.5,1.5789473684210527,1.1842105263157894,,,,,1.5526315789473684,,0.7307692307692307,,,4.947113378424394,-0.283625828693876,,,,,,,,,112.69999999999999,2.96578947368421,122,3.210526315789474,,,,,,,,,,,,,,,,,,,"Bryan Morris","10234",457768
"Ryan Beckman","MIA",3,4,,4.875,39,0,0,,,48,,50,28,26,4,30,2,3,32,6,5.625,1.0666666666666667,0.75,,,,,1.6666666666666667,,0.6989247311827956,,,4.970139694213867,-0.28484399107615066,,,,,,,,,141.00000000000006,2.9375000000000013,153,3.1875,,,,,,,,,,,,,,,,,,,"Ryan Beckman","sa501977",572713
"Tyler Knigge","SEA",2,2,,5.0625,36,0,0,,,48,,51,29,27,6,25,0,3,35,6.5625,4.6875,1.4,1.125,,,,,1.5833333333333333,,0.6952662721893492,,,5.074306360880534,-0.2872335413006431,,,,,,,,,134.80000000000004,2.808333333333334,148,3.0833333333333335,,,,,,,,,,,,,,,,,,,"Tyler Knigge","sa549105",592471
"Allen Webster","TEX",4,6,,6.0463345398386235,18,16,0,,,86.33329772949219,,103,62,58,18,43,0,6,61,6.3590759815544144,4.4826273312596685,1.4186046511627908,1.876448650294745,,,,,1.6911203885372394,,0.695364238410596,,,6.157640931413491,-0.2874506503629673,,,,,,,,,124.66640319824222,1.4440129877681611,172.66648864746094,1.9999987628003766,,,,,,,,,,,,,,,,,,,"Allen Webster","3993",543903
"Scott McGough","COL",4,4,,5.462424734465795,40,1,0,,,57.66669845581055,,65,37,35,10,28,1,3,45,7.0231175157417365,4.369939787572636,1.6071428571428572,1.5606927812759415,,,,,1.6127158739851395,,0.7088607594936709,,,5.463996804321647,-0.28868894016188645,,,,,,,,,131.73356857299814,2.284395883595527,155.33349227905273,2.69364288989222,,,,,,,,,,,,,,,,,,,"Scott McGough","12056",543518
"Erik Goeddel","TEX",3,3,,5.2105263157894735,56,0,0,,,57,,61,35,33,11,26,2,2,52,8.210526315789474,4.105263157894737,2,1.736842105263158,,,,,1.5263157894736843,,0.7262569832402235,,,5.315534431055973,-0.28927903114261644,,,,,,,,,147.89999999999995,2.594736842105262,162,2.8421052631578947,,,,,,,,,,,,,,,,,,,"Erik Goeddel","11712",592340
"Nick Additon","COL",5,6,,6.211267605633803,15,13,0,,,71,,89,52,49,16,26,1,4,38,4.816901408450704,3.295774647887324,1.4615384615384615,2.028169014084507,,,,,1.619718309859155,,0.6803455723542117,,,6.284400257594148,-0.291001843036074,,,,,,,,,83.19999999999996,1.1718309859154925,133,1.8732394366197183,,,,,,,,,,,,,,,,,,,"Nick Additon","sa393067",502836
"Scott Carroll","CHC",5,6,,5.571428571428571,21,14,0,,,84,,98,56,52,14,37,1,6,45,4.821428571428571,3.9642857142857144,1.2162162162162162,1.5,,,,,1.6071428571428572,,0.6845753899480069,,,5.788592075166248,-0.29161063187704145,,,,,,,,,155.59999999999997,1.852380952380952,199,2.369047619047619,,,,,,,,,,,,,,,,,,,"Scott Carroll","888",453222
"Mario Sanchez","PHI",2,4,,5.6440677966101696,24,5,0,,,59,,70,40,37,12,20,0,3,37,5.6440677966101696,3.0508474576271185,1.85,1.8305084745762712,,,,,1.5254237288135593,,0.6830601092896175,,,5.716961728112173,-0.2934753364331133,,,,,,,,,112,1.8983050847457628,144,2.440677966101695,,,,,,,,,,,,,,,,,,,"Mario Sanchez","sa691863",532936
"Ty Buttrey","BOS",5,6,,5.3999974922523535,36,7,0,,,76.66670227050781,,82,49,46,11,48,0,5,64,7.513039989220665,5.634779991915499,1.3333333333333333,1.291303748147302,,,,,1.695651386456053,,0.7068062827225131,,,5.427203857624277,-0.29435148956290047,,,,,,,,,187.8335968017578,2.450002298768676,209.33351135253906,2.7304358365895904,,,,,,,,,,,,,,,,,,,"Ty Buttrey","14719",621142
"Ross Detwiler","CHC",4,5,,5.634779991915499,30,11,0,,,76.66670227050781,,87,51,48,13,39,1,5,55,6.456518740736509,4.578258743431343,1.4102564102564104,1.5260862478104478,,,,,1.6434774976420206,,0.6957328385899815,,,5.6489428850839145,-0.3010073870752998,,,,,,,,,159.23359680175784,2.076958993748345,192.33351135253906,2.508696809129953,,,,,,,,,,,,,,,,,,,"Ross Detwiler","2859",446321
"Anthony Vasquez","ARI",8,10,,5.985236746158017,25,24,0,,,135.33299255371094,,162,96,90,28,48,1,7,83,5.519718332567949,3.192126264617609,1.7291666666666667,1.862073654360272,,,,,1.5517280453002267,,0.667447306791569,,,5.83991245823283,-0.3012634078783397,,,,,,,,,236.8641448974609,1.7502320788735555,313.6649627685547,2.317727235981037,,,,,,,,,,,,,,,,,,,"Anthony Vasquez","6577",457786
"Chris Narveson","CLE",5,6,,5.74015506647753,19,15,0,,,84.66670227050781,,97,58,54,17,38,0,4,57,6.059052570170726,4.039368380113817,1.5,1.8070858542614445,,,,,1.5944875184659806,,0.6924460431654677,,,5.909607040899597,-0.3026148883827026,,,,,,,,,153.23359680175784,1.8098448704448258,190.33351135253906,2.2480326533142705,,,,,,,,,,,,,,,,,,,"Chris Narveson","2141",429780
"Tyler Cloyd","MIA",4,6,,5.612903225806452,21,18,0,,,93,,107,62,58,20,27,0,5,62,6,2.6129032258064515,2.2962962962962963,1.935483870967742,,,,,1.4408602150537635,,0.6792452830188679,,,5.652263350127846,-0.3027921237993546,,,,,,,,,192.00000000000006,2.064516129032259,233,2.5053763440860215,,,,,,,,,,,,,,,,,,,"Tyler Cloyd","8536",543031
"Mickey Jannis","NYM",5,8,,5.792389684062168,19,19,0,,,96.33329772949219,,110,66,62,14,53,1,6,55,5.138410203603536,4.951558923472498,1.0377358490566038,1.3079589609172637,,,,,1.6920421478532857,,0.6764295676429567,,,5.742415736026555,-0.3033766727595131,,,,,,,,,187.66640319824216,1.9480948708432784,232.66648864746094,2.4152239581873123,,,,,,,,,,,,,,,,,,,"Mickey Jannis","11071",595263
"Justin De Fratus","SEA",4,6,,5.5494094574738275,28,11,0,,,84.33329772949219,,102,56,52,16,23,1,5,44,4.695654156324008,2.4545464908057313,1.9130434782608696,1.7075106022996391,,,,,1.4822140644962145,,0.672514619883041,,,5.57661304747169,-0.30437794637035825,,,,,,,,,166.06640319824226,1.9691676676858705,217.66648864746094,2.5810266467421776,,,,,,,,,,,,,,,,,,,"Justin De Fratus","4955",518603
"Tyler Eppler","PIT",6,10,,5.756360114088015,26,22,0,,,131.33299255371094,,159,90,84,28,36,1,8,79,5.413719631106586,2.4670114774662926,2.1944444444444446,1.9187867046960052,,,,,1.4847754262528612,,0.6739409499358151,,,5.7312504330521605,-0.3069278011228717,,,,,,,,,240.06414489746072,1.8279043234264403,318.6649627685547,2.4263892611617073,,,,,,,,,,,,,,,,,,,"Tyler Eppler","sa829043",621169
"Matt Tracy","MIN",5,7,,6,21,14,0,,,84,,100,60,56,16,39,0,5,55,5.892857142857143,4.178571428571429,1.4102564102564104,1.7142857142857142,,,,,1.6547619047619047,,0.6775300171526587,,,5.8957349323091055,-0.31002391035875787,,,,,,,,,142.8,1.7000000000000002,190,2.261904761904762,,,,,,,,,,,,,,,,,,,"Matt Tracy","12240",595441
"Landon Beck","STL",3,4,,4.939021518159774,51,0,0,,,54.66669845581055,,56,32,30,7,32,2,3,48,7.902434429055639,5.268289619370426,1.5,1.1524383542372807,,,,,1.6097551614742969,,0.7161125319693095,,,4.986906923161932,-0.3150862337679884,,,,,,,,,163.83356857299808,2.996953779922009,173.33349227905273,3.1707327710519353,,,,,,,,,,,,,,,,,,,"Landon Beck","sa829390",656219
"Lewis Thorpe","MIN",3,4,,6.071767231891349,17,16,0,,,69.66670227050781,,75,50,47,14,45,0,4,63,8.138751821471383,5.813394158193845,1.4,1.8086115158825296,,,,,1.7224871579833616,,0.697211155378486,,,6.071513803135721,-0.32214426680471364,,,,,,,,,127.33359680175784,1.8277540439238258,145.33351135253906,2.086125891078147,,,,,,,,,,,,,,,,,,,"Lewis Thorpe","15906",626929
"Jean Machi","CHW",4,5,,5.494189092829667,44,3,0,,,57.33330154418945,,62,37,35,12,21,1,2,46,7.22093423629042,3.2965134556978004,2.1904761904761907,1.8837219746844573,,,,,1.4476752212852773,,0.6948640483383686,,,5.477408422297504,-0.3228489847015138,,,,,,,,,138.46643142700194,2.415113515140575,153.66650772094727,2.680231271916363,,,,,,,,,,,,,,,,,,,"Jean Machi","3220",466948
"Matt Crouse","DET",6,9,,5.941487637259385,28,20,0,,,119.66699981689453,,146,85,79,22,46,1,7,61,4.587730960415475,3.4596003963788826,1.326086956521739,1.6545914939203352,,,,,1.604452357740931,,0.663771712158809,,,5.856796525205121,-0.3239262059102278,,,,,,,,,198.3357986450195,1.6573976029189172,275.33499908447266,2.300843169008746,,,,,,,,,,,,,,,,,,,"Matt Crouse","sa577832",607412
"Carlos Alvarado","SFG",2,3,,4.81528954918342,41,0,0,,,52.33330154418945,,53,30,28,8,27,1,3,53,9.114655218097187,4.643314922426869,1.962962962962963,1.3757970140524056,,,,,1.5286633489471173,,0.7267441860465117,,,4.839169378055697,-0.3240782730758221,,,,,,,,,167.066431427002,3.19235413202306,173.66650772094727,3.318470316158171,,,,,,,,,,,,,,,,,,,"Carlos Alvarado","sa505053",553973
"Brian Matusz","ARI",1,1,,5.510198719454085,29,2,0,,,32.66669845581055,,36,21,20,8,13,1,2,31,8.54080801515383,3.581629167645155,2.3846153846153846,2.204079487781634,,,,,1.4999985402958342,,0.7407407407407408,,,5.820902408616675,-0.326118959016671,,,,,,,,,66.73356857299801,2.0428623560863053,76.33349227905273,2.3367372855971924,,,,,,,,,,,,,,,,,,,"Brian Matusz","2646",451085
"Kevin McCarthy","KCR",3,3,,4.772090652491755,56,0,0,,,71.66670227050781,,81,41,38,10,25,1,3,43,5.399997317293303,3.1395333240077337,1.72,1.2558133296030936,,,,,1.4790690326436435,,0.7065217391304348,,,4.943685318538267,-0.3275317561079763,,,,,,,,,198.73359680175784,2.7730255544846023,230.33351135253906,3.2139543756756,,,,,,,,,,,,,,,,,,,"Kevin McCarthy","15240",641838
"Ashur Tolliver","SEA",1,2,,5.207139310060699,37,0,0,,,46.66669845581055,,46,29,27,5,34,0,3,41,7.907137470832913,6.557138390446806,1.2058823529411764,0.9642850574186479,,,,,1.7142845465220407,,0.6986301369863014,,,5.171924036377265,-0.32972764283158496,,,,,,,,,135.23356857299802,2.89786020969649,139.33349227905273,2.985715657836602,,,,,,,,,,,,,,,,,,,"Ashur Tolliver","10044",572208
"Dalton Sawyer","OAK",6,10,,5.797528238209936,25,19,0,,,108.66699981689453,,119,75,70,20,56,0,6,86,7.122677549800779,4.638022590567949,1.5357142857142858,1.6564366394885532,,,,,1.610424510613871,,0.6802721088435374,,,5.679104356546443,-0.33107695378782453,,,,,,,,,234.73579864501954,2.16013876375121,269.33499908447266,2.4785353376674246,,,,,,,,,,,,,,,,,,,"Dalton Sawyer","sa875849",662121
"Luis Heredia","PIT",3,4,,5.019230769230769,40,0,0,,,52,,53,31,29,4,39,1,3,37,6.403846153846154,6.75,0.9487179487179487,0.6923076923076923,,,,,1.7692307692307692,,0.7060185185185185,,,5.157639694213867,-0.33263837586822537,,,,,,,,,145.8,2.803846153846154,156,3,,,,,,,,,,,,,,,,,,,"Luis Heredia","sa599061",599093
"Daniel Schlereth","MIA",2,3,,5.282602891135149,32,0,0,,,30.66670036315918,,30,19,18,3,25,1,1,24,7.043470521513532,7.336948459909929,0.96,0.8804338151891915,,,,,1.7934762902002048,,0.7086614173228347,,,5.407637221919579,-0.3331798070992758,,,,,,,,,82.0335826873779,2.6750051918180047,84.3335018157959,2.7500024722942884,,,,,,,,,,,,,,,,,,,"Daniel Schlereth","8739",519259
"Troy Scribner","LAA",6,10,,5.679895356022245,27,21,0,,,109.33300018310547,,115,74,69,23,57,0,6,98,8.067097752031595,4.692087468018376,1.719298245614035,1.893298452007415,,,,,1.5731755253394946,,0.7010014306151645,,,5.828379539557661,-0.3350831359684945,,,,,,,,,234.16420135498038,2.1417522702460725,254.66500091552734,2.329260154656207,,,,,,,,,,,,,,,,,,,"Troy Scribner","15570",644428
"Mark Ecker","DET",3,3,,5.268289619370426,49,0,0,,,54.66669845581055,,55,34,32,10,28,1,3,54,8.890238732687594,4.609753416949123,1.9285714285714286,1.646340506053258,,,,,1.5182918000268937,,0.7101449275362319,,,5.261297007504142,-0.33582576341275405,,,,,,,,,153.5335685729981,2.8085392553403588,158.33349227905273,2.8963426867097257,,,,,,,,,,,,,,,,,,,"Mark Ecker","sa918000",641548
"Drew Gagnon","NYM",2,4,,5.705662677096313,29,13,0,,,88.33329772949219,,91,60,56,16,49,1,5,78,7.9471730145270065,4.992454842459273,1.5918367346938775,1.630189336313232,,,,,1.5849062991934202,,0.6802721088435374,,,5.58028218012381,-0.33648306889495877,,,,,,,,,214.26640319824216,2.4256583723886513,227.66648864746094,2.5773575140900578,,,,,,,,,,,,,,,,,,,"Drew Gagnon","12545",543193
"David Goforth","WSN",3,4,,5.2411735303690685,51,0,0,,,56.66669845581055,,61,35,33,7,34,3,3,42,6.670584493196996,5.399996970683283,1.2352941176470589,1.1117640821994994,,,,,1.6764696477611498,,0.704225352112676,,,5.2399914672224535,-0.3405324627503867,,,,,,,,,147.63356857299803,2.605296807403111,165.33349227905273,2.917648226991414,,,,,,,,,,,,,,,,,,,"David Goforth","12166",592341
"Michael Kelly","BAL",5,9,,6.256116624024502,26,21,0,,,109.33300018310547,,123,81,76,24,58,1,6,90,7.408559160029015,4.774404792018698,1.5517241379310345,1.9756157760077373,,,,,1.6554928493398169,,0.6784260515603799,,,6.121063358225474,-0.34061084527792423,,,,,,,,,182.0642013549804,1.6652264279775397,222.66500091552734,2.036576335988394,,,,,,,,,,,,,,,,,,,"Michael Kelly","12791",547184
"Trevor Kelley","BOS",2,2,,5.13497232950382,37,0,0,,,54.33330154418945,,62,33,31,10,15,1,3,38,6.294482210359521,2.484664030405074,2.533333333333333,1.656442686936716,,,,,1.4171787432680794,,0.6984126984126984,,,5.145370918537926,-0.34287242803040674,,,,,,,,,139.86643142700197,2.5742303053910343,163.66650772094727,3.012268775675941,,,,,,,,,,,,,,,,,,,"Trevor Kelley","18454",665001
"Andy Oliver","MIL",1,2,,5.86183842744424,28,5,0,,,50.66669845581055,,50,35,33,9,38,1,2,53,9.414467777410445,6.749995764935791,1.394736842105263,1.5986832074847928,,,,,1.7368410155390341,,0.7029177718832891,,,5.743164387800384,-0.3446880121520031,,,,,,,,,120.23356857299808,2.373029469797819,122.33349227905273,2.4144753064134834,,,,,,,,,,,,,,,,,,,"Andy Oliver","10257",501989
"Bobby Wahl","OAK",1,1,,5.449546052378079,30,1,0,,,36.33330154418945,,35,24,22,7,24,1,2,42,10.403678827267242,5.944959329866996,1.75,1.733946471211207,,,,,1.6238546317692255,,0.7113821138211381,,,5.4970912823559726,-0.34667033995464686,,,,,,,,,97.76643142700192,2.6908215678692446,96.66650772094727,2.6605484118578953,,,,,,,,,,,,,,,,,,,"Bobby Wahl","14832",592833
"Jarrett Grube","CLE",5,8,,5.880350070184364,22,21,0,,,108.66699981689453,,128,76,71,25,38,1,6,78,6.460102894005358,3.147229615028251,2.0526315789473686,2.0705457993606915,,,,,1.5276026786394434,,0.6870229007633588,,,5.927569852469725,-0.3528959873236744,,,,,,,,,187.83579864501957,1.7285449949066929,242.33499908447266,2.230069841744142,,,,,,,,,,,,,,,,,,,"Jarrett Grube","7553",459439
"Josh Osich","SFG",2,3,,5.019230769230769,63,0,0,,,52,,52,31,29,7,29,1,2,47,8.134615384615385,5.019230769230769,1.6206896551724137,1.2115384615384615,,,,,1.5576923076923077,,0.7022471910112359,,,4.888408924983098,-0.35317242619514766,,,,,,,,,164.49999999999997,3.163461538461538,170,3.269230769230769,,,,,,,,,,,,,,,,,,,"Josh Osich","11528",592612
"Andrew Robinson","LAD",2,3,,5.25,40,0,0,,,48,,49,30,28,10,18,1,2,47,8.8125,3.375,2.611111111111111,1.875,,,,,1.3958333333333333,,0.6981132075471698,,,5.157639694213867,-0.3550199668180136,,,,,,,,,138.80000000000004,2.8916666666666675,144,3,,,,,,,,,,,,,,,,,,,"Andrew Robinson","sa549091",572082
"Taylor Hearn","PIT",3,6,,5.947133765540011,20,17,0,,,75.66670227050781,,79,54,50,16,49,0,4,78,9.277528674242417,5.82819109022921,1.5918367346938775,1.9030828049728035,,,,,1.6916291599758253,,0.7007575757575758,,,5.946184637611516,-0.3565487409441468,,,,,,,,,154.73359680175784,2.0449364404515284,167.33351135253906,2.2114550566023508,,,,,,,,,,,,,,,,,,,"Taylor Hearn","18325",621368
"Mason Melotakis","MIN",2,3,,5.440294635619949,39,1,0,,,44.66669845581055,,47,29,27,8,24,0,3,40,8.059695756474,4.8358174538844,1.6666666666666667,1.6119391512947998,,,,,1.5895511075268165,,0.7023411371237459,,,5.508384289852117,-0.35775156104462663,,,,,,,,,108.93356857299803,2.438809501014893,118.33349227905273,2.64925540436175,,,,,,,,,,,,,,,,,,,"Mason Melotakis","sa621016",608691
"Pat Venditte","LAD",5,5,,4.790322580645161,47,0,0,,,62,,59,35,33,10,32,1,3,60,8.709677419354838,4.645161290322581,1.875,1.4516129032258065,,,,,1.467741935483871,,0.7272727272727273,,,5.012478403891286,-0.35819118111876436,,,,,,,,,197.39999999999995,3.183870967741935,195,3.1451612903225805,,,,,,,,,,,,,,,,,,,"Pat Venditte","7108",519381
"Andrew Bailey","LAA",2,3,,5.55139692128536,36,0,0,,,35.66669845581055,,38,24,22,9,12,0,1,35,8.83176782931762,3.0280346843374697,2.9166666666666665,2.271026013253102,,,,,1.401867909415495,,0.6951871657754011,,,5.5688524984085195,-0.36648059267502353,,,,,,,,,85.43356857299808,2.395331563386683,92.33349227905273,2.5887871958053483,,,,,,,,,,,,,,,,,,,"Andrew Bailey","1368",457732
"Blake Beavan","NYM",2,4,,5.9327382676449,15,12,0,,,74.33329772949219,,89,52,49,16,24,1,4,45,5.448433102939193,2.905830988234236,1.875,1.9372206588228242,,,,,1.520180100326244,,0.673289183222958,,,5.875129785062551,-0.3693625622470249,,,,,,,,,127.86640319824224,1.7201766517014145,169.66648864746094,2.282509909151316,,,,,,,,,,,,,,,,,,,"Blake Beavan","338",518444
"Jhondaniel Medina","LAA",2,2,,5.051609795102892,38,0,0,,,51.66669845581055,,50,31,29,7,36,0,3,49,8.535478619311782,6.2709638835760035,1.3611111111111112,1.2193540884731118,,,,,1.6645151048998033,,0.7217847769028871,,,5.286670642341523,-0.37142751663954,,,,,,,,,147.23356857299802,2.849680219047165,148.33349227905273,2.8709690518723447,,,,,,,,,,,,,,,,,,,"Jhondaniel Medina","sa550551",593442
"Sam Wolff","SFG",4,6,,5.431034482758621,30,8,0,,,58,,59,37,35,10,34,2,4,56,8.689655172413794,5.275862068965517,1.6470588235294117,1.5517241379310345,,,,,1.603448275862069,,0.7088607594936709,,,5.433501763179384,-0.373703832126085,,,,,,,,,150.80000000000004,2.6000000000000005,158,2.7241379310344827,,,,,,,,,,,,,,,,,,,"Sam Wolff","sa503437",572406
"Jarlín García","MIA",2,2,,4.969328060810148,69,0,0,,,54.33330154418945,,57,32,30,9,21,1,3,43,7.122703553827879,3.4785296425671035,2.0476190476190474,1.4907984182430445,,,,,1.4355836620118205,,0.7033639143730887,,,5.05334632481922,-0.3748377571795723,,,,,,,,,157.16643142700198,2.8926353996577587,168.66650772094727,3.104293369394647,,,,,,,,,,,,,,,,,,,"Jarlin Garcia","18282",606424
"Matt Stites","ARI",1,2,,5.634787281523399,36,0,0,,,38.33330154418945,,42,26,24,5,25,1,2,27,6.339135691713824,5.869570084920207,1.08,1.1739140169840414,,,,,1.7478275363984617,,0.6833333333333333,,,5.557641684492352,-0.3785977032316282,,,,,,,,,85.96643142700195,2.2426044187167777,99.66650772094727,2.5999980097215154,,,,,,,,,,,,,,,,,,,"Matt Stites","12165",592781
"Tim Collins","WSN",2,2,,5.666666666666667,26,0,0,,,27,,27,18,17,5,21,1,1,27,9,7,1.2857142857142858,1.6666666666666667,,,,,1.7777777777777777,,0.7317073170731707,,,6.0094915460657194,-0.3838423191302003,,,,,,,,,56.10000000000001,2.077777777777778,58,2.1481481481481484,,,,,,,,,,,,,,,,,,,"Tim Collins","3164",525768
"Yimmi Brasoban","SDP",1,2,,5.40000514984622,28,0,0,,,33.33330154418945,,35,21,20,4,25,1,2,26,7.020006694800085,6.750006437307775,1.04,1.080001029969244,,,,,1.8000017166154065,,0.7169117647058824,,,5.587642011644666,-0.38426230327385386,,,,,,,,,77.46643142700196,2.3239951591445536,85.66650772094727,2.569997682569201,,,,,,,,,,,,,,,,,,,"Yimmi Brasoban","sa598120",606574
"Ricardo Pinto","PHI",4,7,,5.865833426872934,37,13,0,,,104.33300018310547,,119,73,68,22,42,1,5,78,6.728455989648365,3.623014763656812,1.8571428571428572,1.8977696381059492,,,,,1.5431359178538273,,0.6758832565284179,,,5.755092077682111,-0.38541410454716607,,,,,,,,,207.0642013549804,1.9846472447986796,250.66500091552734,2.4025476165317565,,,,,,,,,,,,,,,,,,,"Ricardo Pinto","16318",620982
"Yefry Ramírez","BAL",7,11,,6.094062980299095,23,23,0,,,106.33300018310547,,118,77,72,24,56,2,7,87,7.363659434528074,4.739826762454852,1.5535714285714286,2.0313543267663654,,,,,1.636368763228461,,0.6908831908831908,,,6.232884438901837,-0.38720146471640554,,,,,,,,,169.86420135498048,1.5974739832645957,204.66500091552734,1.9247552553120304,,,,,,,,,,,,,,,,,,,"Yefry Ramirez","15655",606162
"Hunter Cervenka","MIA",2,3,,5.03730984779625,52,0,0,,,44.66669845581055,,40,27,25,5,36,2,3,45,9.06715772603325,7.253726180826599,1.25,1.00746196955925,,,,,1.7014913263667333,,0.7101449275362319,,,5.217339720868334,-0.39042064410839017,,,,,,,,,138.03356857299804,3.0903015746632083,131.33349227905273,2.9402999733455335,,,,,,,,,,,,,,,,,,,"Hunter Cervenka","10510",543017
"Colton Turner","CHW",3,4,,5.625,36,2,0,,,56,,60,37,35,10,29,3,4,47,7.553571428571429,4.660714285714286,1.6206896551724137,1.6071428571428572,,,,,1.5892857142857142,,0.6933333333333334,,,5.568353979928153,-0.3906292959736619,,,,,,,,,130.40000000000003,2.328571428571429,145,2.5892857142857144,,,,,,,,,,,,,,,,,,,"Colton Turner","sa658600",621394
"Kyle Kendrick","BOS",6,8,,5.96212631277218,20,20,0,,,105.66699981689453,,133,75,70,24,27,1,5,59,5.025220749336552,2.299677292069269,2.185185185185185,2.044157592950462,,,,,1.5141908095929346,,0.6724683544303797,,,5.902110536601061,-0.3906611871558566,,,,,,,,,162.93579864501947,1.5419743053873338,238.33499908447266,2.255529157612806,,,,,,,,,,,,,,,,,,,"Kyle Kendrick","6230",452718
"Jacob Dorris","HOU",2,3,,5.0710632403655325,42,0,0,,,65.66670227050781,,64,40,37,11,35,0,4,66,9.045680374706084,4.796951713859287,1.8857142857142857,1.5076133957843474,,,,,1.5076133957843474,,0.7057416267942584,,,5.106877216036054,-0.39391695920178926,,,,,,,,,199.23359680175784,3.034012519481087,200.33351135253906,3.0507624781778135,,,,,,,,,,,,,,,,,,,"Jacob Dorris","sa827396",665335
"Steve Geltz","LAD",2,3,,4.94656128442103,43,0,0,,,43.66669845581055,,41,26,24,9,21,1,2,46,9.48090912847364,4.328241123868401,2.1904761904761907,1.854960481657886,,,,,1.4198462946023325,,0.728744939271255,,,5.3103098828045,-0.3976467558048253,,,,,,,,,128.83356857299805,2.950384918689787,124.33349227905273,2.847329811409367,,,,,,,,,,,,,,,,,,,"Steve Geltz","8402",544993
"Alex Young","ARI",7,9,,5.833811165115116,25,23,0,,,120.33300018310547,,139,83,78,23,58,0,7,80,5.983396066784734,4.337962148418932,1.3793103448275863,1.7202263692006112,,,,,1.6371236460508232,,0.6917475728155339,,,5.933270647416785,-0.40030602585826114,,,,,,,,,211.16420135498043,1.7548320164349023,267.66500091552734,2.2243690467970816,,,,,,,,,,,,,,,,,,,"Alex Young","18333",622065
"David Rollins","CHC",3,4,,5.633097390028995,34,3,0,,,46.33330154418945,,52,31,29,9,22,2,2,36,6.992810553139441,4.273384226918548,1.6363636363636365,1.7482026382848603,,,,,1.5971233979392552,,0.7003257328990228,,,5.682821282847555,-0.40039386701081026,,,,,,,,,96.96643142700194,2.0928021141450963,114.66650772094727,2.4748184113663125,,,,,,,,,,,,,,,,,,,"David Rollins","11928",543716
"Pedro Beato","PHI",3,4,,5.2411735303690685,56,0,0,,,56.66669845581055,,60,35,33,10,26,2,3,46,7.3058782544538525,4.129409448169569,1.7692307692307692,1.588234403142142,,,,,1.5176462074469357,,0.7083333333333334,,,5.3635208096890645,-0.40187007562350935,,,,,,,,,145.33356857299805,2.564708594878368,158.33349227905273,2.794118884524803,,,,,,,,,,,,,,,,,,,"Pedro Beato","1330",474039
"Jordan Kipper","BAL",6,9,,6.201680672268908,25,20,0,,,119,,151,88,82,24,44,0,7,54,4.084033613445378,3.327731092436975,1.2272727272727273,1.815126050420168,,,,,1.638655462184874,,0.6629491945477075,,,6.157639694213867,-0.4026872323370863,,,,,,,,,147.79999999999995,1.2420168067226887,238,2,,,,,,,,,,,,,,,,,,,"Jordan Kipper","sa602555",607601
"Austin Bibens-Dirkx","TEX",4,5,,6.1214601370141,25,11,0,,,82.33329772949219,,99,60,56,20,27,0,4,55,6.012148348853135,2.9514182803460844,2.037037037037037,2.186235763219322,,,,,1.530365034253525,,0.673469387755102,,,6.109057974559952,-0.4055922564488594,,,,,,,,,122.86640319824215,1.492305137611788,168.66648864746094,2.0485817196539156,,,,,,,,,,,,,,,,,,,"Austin Bibens-Dirkx","9559",502212
"Ben Taylor","BOS",1,1,,5.346529605101024,31,0,0,,,33.66669845581055,,39,21,20,6,17,0,2,25,6.683162006376279,4.54455016433587,1.4705882352941178,1.603958881530307,,,,,1.6633647660314295,,0.7352941176470588,,,5.682389785511573,-0.4109089825848283,,,,,,,,,66.93356857299804,1.9881239219477416,83.33349227905273,2.4752499087022946,,,,,,,,,,,,,,,,,,,"Ben Taylor","18114",664701
"Josh Turley","DET",5,8,,6.166666666666667,22,20,0,,,108,,130,79,74,23,43,1,7,69,5.75,3.5833333333333335,1.6046511627906976,1.9166666666666667,,,,,1.6018518518518519,,0.6676136363636364,,,6.037269323843497,-0.41120644586913646,,,,,,,,,166.3,1.539814814814815,229,2.1203703703703702,,,,,,,,,,,,,,,,,,,"Josh Turley","sa503159",545362
"Mike Franco","TBR",3,5,,5.327356811762766,29,11,0,,,74.33329772949219,,77,47,44,11,49,1,5,60,7.264577470585591,5.9327382676449,1.2244897959183674,1.3318392029406916,,,,,1.6950680764699713,,0.7142857142857143,,,5.646430123951523,-0.41225376232433536,,,,,,,,,172.56640319824223,2.3215222312109995,186.66648864746094,2.511209570262344,,,,,,,,,,,,,,,,,,,"Mike Franco","sa829140",650574
"Gerson Bautista","NYM",3,4,,5.2105263157894735,37,0,0,,,57,,55,35,33,7,40,0,4,55,8.68421052631579,6.315789473684211,1.375,1.105263157894737,,,,,1.6666666666666667,,0.704225352112676,,,5.140095834564745,-0.41269489057900066,,,,,,,,,170.69999999999993,2.994736842105262,172,3.017543859649123,,,,,,,,,,,,,,,,,,,"Gerson Bautista","19256",639373
"Brock Dykxhoorn","HOU",4,6,,5.938144329896907,24,17,0,,,97,,112,68,64,19,43,0,5,65,6.030927835051546,3.9896907216494846,1.5116279069767442,1.7628865979381443,,,,,1.597938144329897,,0.677570093457944,,,5.848361343698404,-0.4162661726052489,,,,,,,,,178.90000000000003,1.8443298969072168,224,2.3092783505154637,,,,,,,,,,,,,,,,,,,"Brock Dykxhoorn","sa658513",621245
"Josh Staumont","KCR",7,10,,5.6800989136059306,27,25,0,,,115.66699981689453,,111,78,73,14,110,0,7,113,8.792481879965345,8.559053157488389,1.0272727272727273,1.089334038225795,,,,,1.9106573210150848,,0.7100297914597815,,,5.8118107238592565,-0.42167882622761094,,,,,,,,,270.13579864501946,2.3354612730740416,271.33499908447266,2.345828970354611,,,,,,,,,,,,,,,,,,,"Josh Staumont","18335",622251
"Daniel Gibson","ARI",2,2,,5.578516793461314,39,0,0,,,40.33330154418945,,44,27,25,6,25,2,2,30,6.6942201521535765,5.578516793461314,1.2,1.3388440304307152,,,,,1.7107451499948028,,0.693069306930693,,,5.6121870833368455,-0.4221236337950922,,,,,,,,,89.26643142700195,2.213219052479525,102.66650772094727,2.545452610877022,,,,,,,,,,,,,,,,,,,"Daniel Gibson","sa549733",592336
"Barrett Astin","CIN",3,4,,5.516129032258065,36,5,0,,,62,,70,41,38,9,35,1,5,38,5.516129032258065,5.080645161290323,1.0857142857142856,1.3064516129032258,,,,,1.6935483870967742,,0.6926406926406926,,,5.754413887762254,-0.4226095244481618,,,,,,,,,122.09999999999997,1.9693548387096769,149,2.403225806451613,,,,,,,,,,,,,,,,,,,"Barrett Astin","14812",592120
"Sam Bragg","OAK",3,4,,5.2615384615384615,44,0,0,,,65,,71,41,38,11,23,1,4,49,6.7846153846153845,3.1846153846153844,2.130434782608696,1.523076923076923,,,,,1.4461538461538461,,0.6743002544529263,,,5.096101232675406,-0.42632395715293,,,,,,,,,178.1,2.7399999999999998,199,3.0615384615384613,,,,,,,,,,,,,,,,,,,"Sam Bragg","sa738235",595892
"David Martinez","HOU",6,9,,5.774079003291545,26,18,0,,,110.66699981689453,,127,76,71,23,42,2,6,75,6.099379228829097,3.4156523681442943,1.7857142857142858,1.8704762968409232,,,,,1.527103836551285,,0.6798245614035087,,,5.805222085394497,-0.42833470043944616,,,,,,,,,211.83579864501945,1.914173141004229,260.33499908447266,2.3524176088193696,,,,,,,,,,,,,,,,,,,"David Martinez","8893",451075
"Antonio Bastardo","ARI",2,2,,5.571428571428571,47,0,0,,,42,,41,28,26,8,26,2,2,43,9.214285714285714,5.571428571428571,1.6538461538461537,1.7142857142857142,,,,,1.5952380952380953,,0.6989247311827957,,,5.586211122785295,-0.4285916183849257,,,,,,,,,107.8,2.5666666666666664,108,2.5714285714285716,,,,,,,,,,,,,,,,,,,"Antonio Bastardo","8844",455374
"Alex Winkelman","HOU",5,8,,5.794520547945205,27,9,0,,,73,,77,50,47,10,55,2,4,58,7.1506849315068495,6.780821917808219,1.0545454545454545,1.2328767123287672,,,,,1.8082191780821917,,0.6949152542372882,,,5.77407805037825,-0.42927132642683813,,,,,,,,,156.00000000000003,2.1369863013698636,174,2.3835616438356166,,,,,,,,,,,,,,,,,,,"Alex Winkelman","sa874113",664107
"Shawn Haviland","BOS",5,7,,5.847115146804998,21,16,0,,,104.66699981689453,,125,73,68,22,39,1,6,68,5.847115146804998,3.3534925106675724,1.7435897435897436,1.891713723966323,,,,,1.5668739935882676,,0.6831831831831833,,,5.880560963559333,-0.4327168301474261,,,,,,,,,179.93579864501953,1.7191263622708302,238.33499908447266,2.277078730654535,,,,,,,,,,,,,,,,,,,"Shawn Haviland","sa454866",543286
"Keegan Long","ARI",1,2,,5.2615384615384615,46,1,0,,,65,,74,41,38,10,27,1,4,40,5.538461538461538,3.7384615384615385,1.4814814814814814,1.3846153846153846,,,,,1.5538461538461539,,0.6896551724137931,,,5.3576396942138675,-0.43528960835173386,,,,,,,,,152.6,2.3476923076923075,182,2.8,,,,,,,,,,,,,,,,,,,"Keegan Long","sa875972",664172
"Jake Newberry","KCR",4,5,,4.989133020656534,43,0,0,,,61.33330154418945,,68,36,34,8,28,2,4,38,5.576089846616126,4.1086977817171455,1.3571428571428572,1.1739136519191846,,,,,1.5652182025589128,,0.7075471698113208,,,5.17937987251913,-0.4394428132694123,,,,,,,,,158.666431427002,2.5869540271313443,182.66650772094727,2.9782598216947376,,,,,,,,,,,,,,,,,,,"Jake Newberry","15136",623470
"Robbie Aviles","CLE",4,5,,5.460677082981733,40,1,0,,,59.33330154418945,,71,39,36,9,22,0,4,30,4.55056423581811,3.337080439599948,1.3636363636363635,1.3651692707454333,,,,,1.567416570115127,,0.6716417910447761,,,5.432921812122922,-0.44064073062515013,,,,,,,,,125.766431427002,2.1196600922895783,161.66650772094727,2.724717882090945,,,,,,,,,,,,,,,,,,,"Robbie Aviles","sa548357",592125
"Rookie Davis","CIN",5,8,,5.88785046728972,23,22,0,,,107,,130,75,70,26,39,0,6,80,6.728971962616822,3.2803738317757007,2.051282051282051,2.1869158878504673,,,,,1.5794392523364487,,0.7088989441930619,,,6.08287333907368,-0.4441392709254854,,,,,,,,,159.00000000000006,1.4859813084112155,222,2.074766355140187,,,,,,,,,,,,,,,,,,,"Rookie Davis","14962",606959
"Lucas Luetge","BAL",1,2,,5.695308256664681,34,0,0,,,42.66669845581055,,46,29,27,9,22,1,2,37,7.804681685059007,4.6406215424675175,1.6818181818181819,1.8984360855548936,,,,,1.593748812564602,,0.703971119133574,,,5.852950186051062,-0.44582581464636395,,,,,,,,,87.43356857299808,2.0492227366397264,98.33349227905273,2.3046895081628054,,,,,,,,,,,,,,,,,,,"Lucas Luetge","8337",476595
"Tim Adleman","CIN",6,9,,5.638251868102011,28,19,0,,,113.33300018310547,,125,76,71,27,41,1,7,88,6.9882558365208025,3.255891923833556,2.1463414634146343,2.14412394984161,,,,,1.464710187957643,,0.702028081123245,,,5.972353850590302,-0.4500717751152647,,,,,,,,,213.56420135498047,1.8843955512510684,247.66500091552734,2.1852858436235656,,,,,,,,,,,,,,,,,,,"Tim Adleman","10968",534947
"Chris Beck","CHW",2,3,,5.221695482371465,61,0,0,,,70.66670227050781,,77,44,41,10,35,3,4,48,6.113204467166593,4.457544923975641,1.3714285714285714,1.2735842639930404,,,,,1.5849048618580057,,0.6938775510204082,,,5.294431070468857,-0.45014398508440534,,,,,,,,,178.73359680175784,2.5292477370399506,202.33351135253906,2.86320862374501,,,,,,,,,,,,,,,,,,,"Chris Beck","13418",571476
"Phillippe Aumont","DET",2,3,,6.428571428571429,17,5,0,,,42,,44,32,30,7,38,0,2,38,8.142857142857142,8.142857142857142,1,1.5,,,,,1.9523809523809523,,0.6925207756232686,,,6.371925408499582,-0.4516616155889201,,,,,,,,,66.29999999999998,1.578571428571428,75,1.7857142857142858,,,,,,,,,,,,,,,,,,,"Phillippe Aumont","5362",518418
"Chris Young","SDP",3,6,,5.888888888888889,26,12,0,,,81,,88,57,53,19,40,2,1,77,8.555555555555555,4.444444444444445,1.925,2.111111111111111,,,,,1.5802469135802468,,0.700197238658777,,,5.824306360880534,-0.4533088048833057,,,,,,,,,167.89999999999992,2.0728395061728384,189,2.3333333333333335,,,,,,,,,,,,,,,,,,,"Chris Young","3196",432934
"Angel Sánchez","PIT",3,5,,5.203125,53,0,0,,,64,,68,40,37,12,26,1,4,57,8.015625,3.65625,2.1923076923076925,1.6875,,,,,1.46875,,0.699481865284974,,,5.220139694213867,-0.4534635754511725,,,,,,,,,173.2,2.70625,188,2.9375,,,,,,,,,,,,,,,,,,,"Angel Sanchez","11776",605795
"Cody Palmquist","TEX",1,2,,5.97986194440218,35,2,0,,,49.66669845581055,,59,35,33,11,18,1,3,34,6.161069882111337,3.2617428787648253,1.8888888888888888,1.9932873148007266,,,,,1.5503345781783429,,0.6818181818181818,,,5.936161405754274,-0.45443113870616836,,,,,,,,,83.83356857299808,1.6879231191013526,110.33349227905273,2.2214782884595934,,,,,,,,,,,,,,,,,,,"Cody Palmquist","sa829516",657708
"Matt Swarmer","CHC",5,6,,5.7,23,11,0,,,90,,104,61,57,21,33,0,6,73,7.3,3.3,2.212121212121212,2.1,,,,,1.5222222222222221,,0.7063197026022305,,,5.868750805324979,-0.4659354241904996,,,,,,,,,166.29999999999995,1.8477777777777773,206,2.2888888888888888,,,,,,,,,,,,,,,,,,,"Matt Swarmer","19705",664161
"Brad Goldberg","CHW",2,3,,5.399996677523781,43,0,0,,,51.66669845581055,,52,33,31,7,38,0,3,45,7.838704854470004,6.619350765996892,1.1842105263157894,1.2193540884731118,,,,,1.7419344121044453,,0.71072319201995,,,5.55763821755777,-0.473910899546472,,,,,,,,,128.033568572998,2.478067544464883,134.33349227905273,2.6000014766560975,,,,,,,,,,,,,,,,,,,"Brad Goldberg","14776",643329
"Clayton Mortensen","MIA",4,5,,5.48900811278788,32,5,0,,,60.66669845581055,,61,40,37,10,40,2,3,56,8.307687954489763,5.934062824635546,1.4,1.4835157061588864,,,,,1.6648342924671946,,0.7011494252873564,,,5.580715347606715,-0.4746708529247455,,,,,,,,,150.33356857299808,2.47802455712174,156.33349227905273,2.5769243466071523,,,,,,,,,,,,,,,,,,,"Clayton Mortensen","3166",489150
"Mason McCullough","ARI",2,3,,5.514088210312891,48,0,0,,,47.33330154418945,,40,31,29,6,50,0,3,61,11.598599338934012,9.5070486384705,1.22,1.1408458366164602,,,,,1.9014097276941002,,0.7230392156862746,,,5.587218790711884,-0.482980794718078,,,,,,,,,135.46643142700196,2.861968783236748,121.66650772094727,2.570420903501983,,,,,,,,,,,,,,,,,,,"Mason McCullough","sa827446",605368
"Génesis Cabrera","TBR",6,11,,5.654867256637168,24,23,0,,,113,,127,76,71,19,61,0,8,78,6.212389380530974,4.8584070796460175,1.278688524590164,1.5132743362831858,,,,,1.663716814159292,,0.6939281288723668,,,5.794807835806788,-0.48375556585786833,,,,,,,,,221.3,1.9584070796460178,267,2.3628318584070795,,,,,,,,,,,,,,,,,,,"Genesis Cabrera","17490",650893
"Cam Hill","CLE",4,4,,5.31382709166999,45,0,0,,,62.66669845581055,,71,40,37,12,20,0,4,45,6.462762679058096,2.872338968470265,2.25,1.723403381082159,,,,,1.452126922948856,,0.6873315363881402,,,5.3597662367077366,-0.48789236967180527,,,,,,,,,149.53356857299812,2.386172756148017,175.33349227905273,2.7978734575061304,,,,,,,,,,,,,,,,,,,"Cam Hill","16840",657611
"Kyle Schepel","WSN",3,4,,5.610393084732331,38,0,0,,,51.33330154418945,,52,34,32,8,35,0,3,47,8.240264843200611,6.136367436425987,1.3428571428571427,1.4025982711830827,,,,,1.694806244346225,,0.6992084432717678,,,5.573225605695843,-0.4898993330031758,,,,,,,,,126.266431427002,2.459737200388476,132.66650772094727,2.5844140885180242,,,,,,,,,,,,,,,,,,,"Kyle Schepel","sa731235",636520
"Javy Guerra","MIA",3,4,,4.9090882490503525,47,0,0,,,58.66669845581055,,60,34,32,8,34,3,3,48,7.363632373575529,5.215906264615999,1.411764705882353,1.2272720622625881,,,,,1.6022718590650455,,0.7246376811594203,,,5.186047686008978,-0.4900323938038093,,,,,,,,,164.73356857299802,2.807957033700816,174.33349227905273,2.971592008204889,,,,,,,,,,,,,,,,,,,"Javy Guerra","7407",457915
"Mike Broadway","KCR",1,2,,5.827342127616202,38,3,0,,,46.33330154418945,,53,32,30,10,19,1,2,36,6.992810553139441,3.6906500141569274,1.894736842105263,1.942447375872067,,,,,1.5539579006976538,,0.6896551724137931,,,5.7691522773307575,-0.4934454748654899,,,,,,,,,91.06643142700193,1.9654638972823717,110.66650772094727,2.38848741688311,,,,,,,,,,,,,,,,,,,"Mike Broadway","9894",458678
"Rob Wooten","CIN",2,4,,6.154416080373933,28,4,0,,,45.33330154418945,,56,33,31,12,12,1,2,31,6.154416080373933,2.3823546117576515,2.5833333333333335,2.3823546117576515,,,,,1.50000105184741,,0.68359375,,,6.1576417979086875,-0.4967477480148402,,,,,,,,,62.26643142700195,1.3735251858130522,90.66650772094727,1.9999978963051799,,,,,,,,,,,,,,,,,,,"Rob Wooten","8532",543942
"Matt Cain","SFG",4,8,,5.755503925838035,23,20,0,,,106.33300018310547,,127,73,68,21,39,3,4,70,5.9247834530685655,3.3009507809953433,1.794871794871795,1.7774350359205695,,,,,1.5611334177926697,,0.6808199121522694,,,5.621597257236033,-0.4976944796347365,,,,,,,,,209.36420135498048,1.9689485013538153,269.66500091552734,2.536042436977835,,,,,,,,,,,,,,,,,,,"Matt Cain","4732",430912
"Ryan Halstead","SFG",1,2,,5.170212765957447,46,0,0,,,47,,53,29,27,10,12,0,3,39,7.468085106382978,2.297872340425532,3.25,1.9148936170212767,,,,,1.3829787234042554,,0.7058823529411765,,,5.22146948144791,-0.4994117902693279,,,,,,,,,120,2.5531914893617023,138,2.9361702127659575,,,,,,,,,,,,,,,,,,,"Ryan Halstead","sa549980",595237
"Carlos Gonzalez","CIN",3,5,,5.7401617907439935,37,0,0,,,42.33330154418945,,47,29,27,7,24,1,3,30,6.377957545271104,5.102366036216883,1.25,1.4881900938965908,,,,,1.6771666137564756,,0.6862745098039216,,,5.803310972252252,-0.5030803667098964,,,,,,,,,83.96643142700195,1.9834604995160587,99.66650772094727,2.354328721961616,,,,,,,,,,,,,,,,,,,"Carlos Gonzalez","sa599217",592347
"David Holmberg","BAL",5,8,,5.908796639663098,35,18,0,,,109.66699981689453,,130,77,72,23,45,2,7,64,5.2522636797005315,3.6929978997894364,1.4222222222222223,1.8875322598923785,,,,,1.595739833242349,,0.6862745098039215,,,6.139393554043856,-0.5068265368185194,,,,,,,,,162.63579864501952,1.4829966983373697,221.33499908447266,2.0182461401700107,,,,,,,,,,,,,,,,,,,"David Holmberg","7725",571787
"Kyle McGowin","WSN",7,10,,6.237361499794983,21,21,0,,,105.33300018310547,,126,78,73,23,49,0,6,74,6.3228048080113535,4.186722102602112,1.510204081632653,1.9651960889765017,,,,,1.661397659762743,,0.6792717086834733,,,6.157649182699735,-0.5073152894910359,,,,,,,,,151.9642013549805,1.4427026771364506,210.66500091552734,1.9999905115141328,,,,,,,,,,,,,,,,,,,"Kyle McGowin","15071",641851
"Albert Abreu","NYY",3,5,,6.328125,18,14,0,,,64,,68,48,45,14,45,0,4,59,8.296875,6.328125,1.3111111111111111,1.96875,,,,,1.765625,,0.6959314775160599,,,6.454514694213867,-0.509881203262128,,,,,,,,,95.59999999999997,1.4937499999999995,109,1.703125,,,,,,,,,,,,,,,,,,,"Albert Abreu","17485",656061
"Shane Broyles","COL",2,2,,5.922577001155115,46,0,0,,,51.66669845581055,,53,36,34,12,31,1,3,60,10.451606472626672,5.399996677523781,1.935483870967742,2.090321294525334,,,,,1.6258054512974824,,0.7142857142857143,,,5.828605792774017,-0.5122555680261414,,,,,,,,,114.93356857299801,2.224519313369681,120.33349227905273,2.3290339014398502,,,,,,,,,,,,,,,,,,,"Shane Broyles","sa658297",622234
"Trey Nielsen","STL",4,6,,5.793988760237054,25,11,0,,,77.66670227050781,,91,54,50,14,36,1,5,49,5.678108985032313,4.171671907370679,1.3611111111111112,1.6223168528663754,,,,,1.6351923834446798,,0.6797020484171322,,,5.822874523922913,-0.5133497722266145,,,,,,,,,140.93359680175777,1.8145948351314787,181.33351135253906,2.3347651702909547,,,,,,,,,,,,,,,,,,,"Trey Nielsen","sa550155",592594
"José Ruiz","CHW",1,2,,5.7042291830823,47,0,0,,,47.33330154418945,,50,32,30,7,34,0,2,39,7.4154979380069905,6.464793074159941,1.1470588235294117,1.33098680938587,,,,,1.7746490791811602,,0.7008086253369272,,,5.713979439224824,-0.5139804914709526,,,,,,,,,104.16643142700195,2.200700733494244,115.66650772094727,2.443660254989043,,,,,,,,,,,,,,,,,,,"Jose Ruiz","14552",614179
"Tyrell Jenkins","SDP",5,10,,6.050165062784791,22,18,0,,,99.66670227050781,,112,72,67,16,62,1,5,65,5.869563120612111,5.598660207353091,1.0483870967741935,1.4448155373814426,,,,,1.74581877433591,,0.6728232189973615,,,5.956969797890412,-0.5151488166330429,,,,,,,,,178.53359680175788,1.7913063514150946,219.33351135253906,2.2006698963234546,,,,,,,,,,,,,,,,,,,"Tyrell Jenkins","11378",592433
"Dusten Knight","SFG",3,4,,5.167461473950085,39,2,0,,,69.66670227050781,,72,43,40,12,34,0,4,66,8.52631143201764,4.3923422528575715,1.9411764705882353,1.5502384421850253,,,,,1.5215303228853028,,0.7062780269058295,,,5.138499925894733,-0.5193326414568491,,,,,,,,,198.73359680175784,2.852633902923926,210.33351135253906,3.019139768319134,,,,,,,,,,,,,,,,,,,"Dusten Knight","16537",643400
"Dustin Hurlbutt","OAK",4,6,,5.909090909090909,23,16,0,,,99,,112,70,65,19,46,1,6,67,6.090909090909091,4.181818181818182,1.4565217391304348,1.7272727272727273,,,,,1.595959595959596,,0.669710806697108,,,5.8748114113855845,-0.5198256662691163,,,,,,,,,185.7,1.8757575757575757,226,2.282828282828283,,,,,,,,,,,,,,,,,,,"Dustin Hurlbutt","sa875683",664955
"Tom Windle","PHI",2,3,,5.837841599594322,39,0,0,,,49.33330154418945,,52,34,32,9,29,1,3,44,8.027032199442193,5.2905439496323545,1.5172413793103448,1.6418929498859032,,,,,1.6418929498859032,,0.6871345029239766,,,5.691425110704459,-0.5203815552022111,,,,,,,,,111.16643142700198,2.2533750620243116,121.66650772094727,2.4662145835094087,,,,,,,,,,,,,,,,,,,"Tom Windle","sa549785",592874
"Jose G. Valdez","SFG",3,4,,5.033898305084746,51,0,0,,,59,,59,35,33,9,33,1,3,56,8.542372881355933,5.033898305084746,1.696969696969697,1.3728813559322033,,,,,1.5593220338983051,,0.7178841309823677,,,5.072893931502003,-0.5250221609153567,,,,,,,,,176.50000000000003,2.991525423728814,182,3.0847457627118646,,,,,,,,,,,,,,,,,,,"Jose G. Valdez","3217",451990
"Jake Jewell","LAA",6,10,,6.024193548387097,27,24,0,,,124,,151,89,83,23,57,0,8,71,5.153225806451613,4.137096774193548,1.2456140350877194,1.6693548387096775,,,,,1.6774193548387097,,0.676905574516496,,,5.996349371633222,-0.536700595223333,,,,,,,,,189.0999999999998,1.5249999999999984,268,2.161290322580645,,,,,,,,,,,,,,,,,,,"Jake Jewell","16958",657228
"Donovan Hand","NYM",5,8,,5.774583154367287,27,19,0,,,115.33300018310547,,136,79,74,24,36,1,7,68,5.306373709418588,2.8092566696921932,1.8888888888888888,1.8728377797947955,,,,,1.4913337876143742,,0.6719653179190751,,,5.802156003646333,-0.5403238943078263,,,,,,,,,211.6642013549805,1.8352440413319455,271.66500091552734,2.355483690567534,,,,,,,,,,,,,,,,,,,"Donovan Hand","8728",518764
"Jordan Milbrath","PIT",3,5,,5.3674729631452465,34,0,0,,,55.33330154418945,,57,35,33,7,39,2,4,46,7.481932009232768,6.343377138262563,1.1794871794871795,1.1385548709702038,,,,,1.73494075576412,,0.7076566125290022,,,5.4708940352326945,-0.5404230538626587,,,,,,,,,138.16643142700192,2.4969851350124395,148.66650772094727,2.6867456589811733,,,,,,,,,,,,,,,,,,,"Jordan Milbrath","sa738636",641872
"Alberto Baldonado","CHC",2,2,,5.272192324233379,50,0,0,,,56.33330154418945,,56,35,33,10,36,1,3,58,9.266277418349576,5.751482535527323,1.6111111111111112,1.5976340376464786,,,,,1.6331370162608447,,0.7307692307692307,,,5.483084793454853,-0.5508003387183823,,,,,,,,,147.266431427002,2.6141984827834386,150.66650772094727,2.6745549007590146,,,,,,,,,,,,,,,,,,,"Alberto Baldonado","11812",593604
"Robinson Leyer","CHW",2,4,,5.651165924053371,48,0,0,,,57.33330154418945,,60,39,36,9,37,2,4,50,7.848841561185239,5.808142755277077,1.3513513513513513,1.4127914810133428,,,,,1.6918614031888182,,0.6872037914691943,,,5.599501513249275,-0.551438637501943,,,,,,,,,134.566431427002,2.3470902216103036,146.66650772094727,2.5581381809645922,,,,,,,,,,,,,,,,,,,"Robinson Leyer","14399",622490
"Jefri Hernandez","BAL",3,4,,5.708574539497669,38,0,0,,,58.33330154418945,,66,40,37,10,30,1,4,40,6.171431934592075,4.628573950944056,1.3333333333333333,1.5428579836480187,,,,,1.6457151825578866,,0.6829268292682927,,,5.763355399930521,-0.553837022200974,,,,,,,,,115.06643142700196,1.9725684708559696,139.66650772094727,2.394284294283346,,,,,,,,,,,,,,,,,,,"Jefri Hernandez","sa506317",542362
"Jake Stinnett","CHC",4,6,,6.037974683544304,18,15,0,,,79,,89,57,53,17,45,0,5,65,7.405063291139241,5.1265822784810124,1.4444444444444444,1.9367088607594938,,,,,1.6962025316455696,,0.6987295825771325,,,6.208272605606272,-0.5542482077328705,,,,,,,,,124.1,1.570886075949367,154,1.9493670886075949,,,,,,,,,,,,,,,,,,,"Jake Stinnett","sa738473",642109
"Michael Mader","ATL",5,8,,5.7073170731707314,32,10,0,,,82,,90,56,52,13,52,1,6,63,6.914634146341464,5.7073170731707314,1.2115384615384615,1.4268292682926829,,,,,1.7317073170731707,,0.6946688206785138,,,5.803981157628502,-0.5546160526843696,,,,,,,,,164.9000000000001,2.0109756097560987,193,2.3536585365853657,,,,,,,,,,,,,,,,,,,"Michael Mader","sa828804",641814
"Matt Tenuta","KCR",5,7,,5.8,28,12,0,,,90,,106,62,58,17,39,1,6,57,5.7,3.9,1.4615384615384615,1.7,,,,,1.6111111111111112,,0.6848184818481848,,,5.8465285831027565,-0.554973541465032,,,,,,,,,160.29999999999995,1.7811111111111106,208,2.311111111111111,,,,,,,,,,,,,,,,,,,"Matt Tenuta","sa658605",621343
"Williams Jerez","BOS",2,3,,5.39999721630343,38,0,0,,,61.66669845581055,,68,40,37,10,32,1,4,50,7.297293535545176,4.670267862748913,1.5625,1.4594587071090352,,,,,1.6216207856767058,,0.6976744186046512,,,5.3954763784477215,-0.5562172625983495,,,,,,,,,148.53356857299804,2.408651221687099,170.33349227905273,2.762163315766146,,,,,,,,,,,,,,,,,,,"Williams Jerez","14338",605301
"Vin Mazzaro","CIN",2,3,,6.041954012547998,32,2,0,,,47.66669845581055,,58,34,32,7,26,1,2,19,3.587410194950374,4.909087635195249,0.7307692307692307,1.3216774402448745,,,,,1.7622365869931662,,0.6738544474393531,,,6.031763651571769,-0.558758285034421,,,,,,,,,69.83356857299805,1.4650389230908727,101.33349227905273,2.125876042642098,,,,,,,,,,,,,,,,,,,"Vin Mazzaro","5231",476570
"Brandon Cunniff","MIA",2,3,,5.159238802696521,41,0,0,,,52.33330154418945,,50,32,30,8,35,3,3,50,8.598731337827536,6.019111936479275,1.4285714285714286,1.3757970140524056,,,,,1.6242048082563123,,0.7181571815718157,,,5.412418133910865,-0.5690656762528317,,,,,,,,,144.866431427002,2.768150052690235,143.66650772094727,2.7452215603030017,,,,,,,,,,,,,,,,,,,"Brandon Cunniff","11509",594792
"Seth Rosin","SFG",2,3,,5.66129467663817,32,1,0,,,41.33330154418945,,47,28,26,9,15,1,2,33,7.185489397271524,3.266131544214329,2.2,1.9596789265285972,,,,,1.5000011536391733,,0.688259109311741,,,5.625383527620249,-0.570685373417346,,,,,,,,,87.96643142700195,2.1282217519681312,104.66650772094727,2.5322561665936183,,,,,,,,,,,,,,,,,,,"Seth Rosin","10606",519229
"Tyron Guerrero","MIA",3,4,,5.443552573690548,40,0,0,,,41.33330154418945,,39,27,25,7,34,0,3,49,10.669363044433474,7.403231500219145,1.4411764705882353,1.5241947206333535,,,,,1.7661303905751555,,0.7278481012658228,,,5.673770661608609,-0.571305729127506,,,,,,,,,105.36643142700191,2.5491898176668664,102.66650772094727,2.483869032605258,,,,,,,,,,,,,,,,,,,"Tyron Guerrero","11691",594027
"Tyler Sturdevant","OAK",3,4,,5.701859976573034,42,0,0,,,53.66669845581055,,61,36,34,10,21,2,3,39,6.540368796657304,3.521737044353933,1.8571428571428572,1.6770176401685395,,,,,1.5279494054868914,,0.6764705882352942,,,5.468197331779411,-0.573405350963608,,,,,,,,,121.53356857299806,2.264599315217229,144.33349227905273,2.689442362434457,,,,,,,,,,,,,,,,,,,"Tyler Sturdevant","6780",573188
"Andrew Morales","STL",3,5,,5.875,24,12,0,,,72,,83,50,47,16,32,0,4,56,7,4,1.75,2,,,,,1.5972222222222223,,0.7019438444924406,,,5.9909730275472,-0.5778407138873267,,,,,,,,,124.20000000000005,1.7250000000000005,156,2.1666666666666665,,,,,,,,,,,,,,,,,,,"Andrew Morales","sa828705",656762
"Austin Maddox","BOS",3,3,,5.306355456338201,46,0,0,,,57.66669845581055,,62,36,34,11,27,1,3,49,7.647394628252113,4.213870509445042,1.8148148148148149,1.7167620594035355,,,,,1.5433517503728755,,0.720108695652174,,,5.498678866127779,-0.5871695312494898,,,,,,,,,138.2335685729981,2.3971125844654555,153.33349227905273,2.6589608280860877,,,,,,,,,,,,,,,,,,,"Austin Maddox","14241",545348
"Conner Greene","STL",6,10,,5.926829268292683,26,25,0,,,123,,134,87,81,14,94,1,8,77,5.634146341463414,6.878048780487805,0.8191489361702128,1.024390243902439,,,,,1.853658536585366,,0.6765834932821497,,,5.873086848685412,-0.591081545721882,,,,,,,,,237.59999999999997,1.9317073170731704,281,2.2845528455284554,,,,,,,,,,,,,,,,,,,"Conner Greene","16455",641632
"Matthew Crownover","WSN",4,7,,6.25,25,19,0,,,108,,132,80,75,22,50,2,7,67,5.583333333333333,4.166666666666667,1.34,1.8333333333333333,,,,,1.6851851851851851,,0.6746031746031746,,,6.148380434954609,-0.592122627291818,,,,,,,,,148.40000000000003,1.3740740740740744,217,2.009259259259259,,,,,,,,,,,,,,,,,,,"Matthew Crownover","sa829277",608327
"Matt Pierpont","COL",4,5,,5.869561740589888,32,0,0,,,53.66669845581055,,63,37,35,13,20,0,3,44,7.3788776167415735,3.354035280337079,2.2,2.1801229322191014,,,,,1.5465829348220974,,0.7098765432098766,,,5.952669094494766,-0.5960480820698802,,,,,,,,,92.43356857299801,1.7223636115627332,118.33349227905273,2.204970599719101,,,,,,,,,,,,,,,,,,,"Matt Pierpont","sa738366",641980
"Josh Taylor","ARI",5,7,,6.237623762376238,30,17,0,,,101,,119,75,70,22,51,0,6,82,7.306930693069307,4.544554455445544,1.607843137254902,1.9603960396039604,,,,,1.683168316831683,,0.6824712643678161,,,6.058629793223768,-0.6080145325799954,,,,,,,,,160.40000000000003,1.5881188118811884,212,2.099009900990099,,,,,,,,,,,,,,,,,,,"Josh Taylor","17359",657031
"Luis Mateo","NYM",1,2,,5.737503419818532,38,3,0,,,53.33330154418945,,59,36,34,11,25,1,3,43,7.2562543250646145,4.218752514572451,1.72,1.856251106411878,,,,,1.5750009387737147,,0.6997084548104957,,,5.801391270012603,-0.614200060264424,,,,,,,,,107.96643142700194,2.024371795875904,125.66650772094727,2.3562484242012647,,,,,,,,,,,,,,,,,,,"Luis Mateo","sa597557",606716
"Dusty Isaacs","TOR",3,4,,5.751482535527323,41,0,0,,,56.33330154418945,,61,39,36,13,26,2,3,56,8.94675061082028,4.153848497880844,2.1538461538461537,2.076924248940422,,,,,1.5443795697249292,,0.6976744186046512,,,5.713854154448233,-0.6151388471393032,,,,,,,,,123.36643142700203,2.189937888341763,137.66650772094727,2.4437855397656345,,,,,,,,,,,,,,,,,,,"Dusty Isaacs","sa550364",595260
"Brandon Mann","OAK",4,6,,5.9684240483856446,35,4,0,,,63.33330154418945,,68,45,42,12,37,1,3,56,7.957898731180859,5.257897375958782,1.5135135135135136,1.70526401382447,,,,,1.6578955689960124,,0.6802721088435374,,,5.7471146781695435,-0.6154216470049716,,,,,,,,,136.26643142700192,2.1515763130069088,152.66650772094727,2.4105250160443235,,,,,,,,,,,,,,,,,,,"Brandon Mann","5172",448167
"Jake Cosart","BOS",3,4,,5.506575492447619,39,0,0,,,50.66669845581055,,47,33,31,6,49,0,3,53,9.414467777410445,8.703941907417205,1.0816326530612246,1.0657888049898618,,,,,1.89473565331531,,0.7191780821917809,,,5.683953898634281,-0.6174572169175602,,,,,,,,,128.93356857299807,2.5447398883795187,125.33349227905273,2.473685795579587,,,,,,,,,,,,,,,,,,,"Jake Cosart","sa828802",656328
"Dan Slania","SFG",6,10,,5.6440677966101696,30,20,0,,,118,,134,79,74,22,54,1,7,90,6.864406779661017,4.11864406779661,1.6666666666666667,1.6779661016949152,,,,,1.5932203389830508,,0.6933842239185751,,,5.606792236586749,-0.624715499614658,,,,,,,,,251.2,2.1288135593220336,301,2.5508474576271185,,,,,,,,,,,,,,,,,,,"Dan Slania","15639",592753
"Josh Uhen","MIL",2,4,,5.876467291625925,40,1,0,,,56.66669845581055,,65,40,37,10,30,1,3,41,6.511761052882782,4.7647032094264254,1.3666666666666667,1.588234403142142,,,,,1.6764696477611498,,0.6790123456790124,,,5.751755886012699,-0.6250766202592308,,,,,,,,,110.33356857299805,1.9470618825453128,136.33349227905273,2.405883808201168,,,,,,,,,,,,,,,,,,,"Josh Uhen","sa737825",642159
"Ricardo Sánchez","ATL",6,10,,6.084504753890063,22,21,0,,,94.66670227050781,,104,68,64,18,63,1,6,80,7.605630942362579,5.989434367110531,1.2698412698412698,1.7112669620315801,,,,,1.7640838435757649,,0.698166431593794,,,6.1259484369970405,-0.6310560739045377,,,,,,,,,161.73359680175787,1.7084528447986709,192.33351135253906,2.031691257216827,,,,,,,,,,,,,,,,,,,"Ricardo Sanchez","17581",645307
"Greg Nappo","MIA",2,4,,5.55882742743452,26,0,0,,,45.33330154418945,,49,30,28,9,22,1,3,38,7.544122937232562,4.367650121555694,1.7272727272727273,1.7867659588182385,,,,,1.5661775688406783,,0.702054794520548,,,5.716465017953567,-0.6411931007150315,,,,,,,,,98.36643142700197,2.1698492736320456,110.66650772094727,2.4411746762603004,,,,,,,,,,,,,,,,,,,"Greg Nappo","sa599112",607429
"Michael Peoples","CLE",5,9,,6.237361499794983,21,20,0,,,105.33300018310547,,132,78,73,20,51,0,6,54,4.6139386436839604,4.357608719034851,1.0588235294117647,1.7088661643273928,,,,,1.7373472670661827,,0.6774193548387096,,,6.224105089090244,-0.6412277166470113,,,,,,,,,127.26420135498057,1.2082082645870813,203.66500091552734,1.933534605123623,,,,,,,,,,,,,,,,,,,"Michael Peoples","sa658314",621191
"Jeff Ames","WSN",2,2,,5.829542295747293,46,1,0,,,58.66669845581055,,59,41,38,10,44,0,3,58,8.897722451403764,6.749996342444234,1.3181818181818181,1.5340900778282351,,,,,1.755680866847869,,0.6966292134831461,,,5.799683717140272,-0.642517883793157,,,,,,,,,132.733568572998,2.262502783806332,138.33349227905273,2.357955977073595,,,,,,,,,,,,,,,,,,,"Jeff Ames","sa503692",571440
"Zach Jemiola","COL",6,7,,6.644859813084112,21,21,0,,,107,,138,85,79,23,49,0,6,51,4.289719626168225,4.121495327102804,1.0408163265306123,1.9345794392523366,,,,,1.7476635514018692,,0.6589147286821705,,,6.540817264307325,-0.6489344197566735,,,,,,,,,87.10000000000002,0.8140186915887853,173,1.6168224299065421,,,,,,,,,,,,,,,,,,,"Zach Jemiola","sa658131",621106
"Tim Melville","BAL",4,7,,6.673001092192347,19,17,0,,,87.66670227050781,,101,70,65,21,51,0,5,69,7.083647313250339,5.23573931848938,1.3529411764705883,2.155892660554451,,,,,1.733839600022627,,0.66884176182708,,,6.613912054785288,-0.6492920954899724,,,,,,,,,97.83359680175778,1.1159721338653597,135.33351135253906,1.5437276394285788,,,,,,,,,,,,,,,,,,,"Tim Melville","9149",543532
"Tim Berry","BAL",2,3,,6.0202741495816445,43,0,0,,,49.33330154418945,,52,35,33,8,39,1,3,42,7.662167099467548,7.11486944950558,1.0769230769230769,1.4594603998985805,,,,,1.8445957832051505,,0.7017543859649124,,,6.117101060674878,-0.6503150247384637,,,,,,,,,89.46643142700196,1.8135099137215447,100.66650772094727,2.0405386335389895,,,,,,,,,,,,,,,,,,,"Tim Berry","sa503777",572718
"Huascar Brazobán","COL",1,2,,6.950488486631331,34,0,0,,,33.66669845581055,,39,28,26,6,27,1,2,22,5.881182565611126,7.217814966886381,0.8148148148148148,1.603958881530307,,,,,1.960394188537042,,0.6597222222222222,,,6.751695706531778,-0.6517677478027327,,,,,,,,,30.93356857299804,0.918818000927537,47.333492279052734,1.4059439876820898,,,,,,,,,,,,,,,,,,,"Huascar Brazoban","6107",623211
"Braulio Lara","WSN",3,4,,6.258282098253577,36,3,0,,,50.33330154418945,,55,37,35,9,39,1,3,45,8.0463626977546,6.973514338053986,1.1538461538461537,1.60927253955092,,,,,1.8675508483677343,,0.7002457002457002,,,6.197376713365605,-0.6534357983278664,,,,,,,,,82.76643142700198,1.644367225828377,98.66650772094727,1.9602629808482623,,,,,,,,,,,,,,,,,,,"Braulio Lara","sa506176",542316
"Ryne Slack","TEX",3,3,,6.041954012547998,36,0,0,,,47.66669845581055,,53,34,32,8,34,1,3,36,6.797198264116498,6.419576138332248,1.0588235294117647,1.5104885031369994,,,,,1.8251736079572078,,0.6992084432717678,,,6.1576376934998525,-0.6560654281221497,,,,,,,,,77.53356857299806,1.62657727689858,95.33349227905273,2.000002000714015,,,,,,,,,,,,,,,,,,,"Ryne Slack","sa659790",624354
"Angel Ventura","MIL",6,10,,6.1549964996490605,25,20,0,,,109.66699981689453,,124,80,75,23,59,1,7,85,6.975662699602268,4.841930579723928,1.4406779661016949,1.8875322598923785,,,,,1.6686879399048564,,0.6830238726790451,,,6.139393554043856,-0.6563614761827344,,,,,,,,,178.23579864501949,1.6252455063292588,221.33499908447266,2.0182461401700107,,,,,,,,,,,,,,,,,,,"Angel Ventura","sa597505",606226
"Mark Peterson","KCR",3,4,,5.6184940125933895,37,0,0,,,57.66669845581055,,66,39,36,9,29,2,3,37,5.774563290720983,4.52600906570023,1.2758620689655173,1.4046235031483474,,,,,1.6473979357912716,,0.6796116504854368,,,5.568042989740043,-0.6574882438805245,,,,,,,,,122.4335685729981,2.123124296197012,149.33349227905273,2.589596704473824,,,,,,,,,,,,,,,,,,,"Mark Peterson","sa659558",624179
"Justin Shafer","TOR",4,6,,6.1875,35,8,0,,,80,,94,59,55,15,41,1,5,51,5.7375,4.6125,1.2439024390243902,1.6875,,,,,1.6875,,0.6666666666666666,,,6.0451396942138675,-0.6594117578967336,,,,,,,,,127.1,1.5887499999999999,169,2.1125,,,,,,,,,,,,,,,,,,,"Justin Shafer","16132",596101
"Harrison Musgrave","COL",8,11,,6.624,23,23,0,,,125,,156,98,92,33,46,0,7,87,6.264,3.312,1.891304347826087,2.376,,,,,1.616,,0.6675224646983311,,,6.469639694213868,-0.6671032610515086,,,,,,,,,128.4999999999999,1.0279999999999991,211,1.688,,,,,,,,,,,,,,,,,,,"Harrison Musgrave","16532",643466
"Kurt Spomer","DET",4,5,,5.922577001155115,44,0,0,,,51.66669845581055,,60,36,34,9,25,3,3,29,5.051609795102892,4.354836030261113,1.16,1.5677409708940009,,,,,1.6451602780986427,,0.6767955801104972,,,5.9253799267798195,-0.6825709535924742,,,,,,,,,89.63356857299806,1.7348421953003208,115.33349227905273,2.232259767434048,,,,,,,,,,,,,,,,,,,"Kurt Spomer","sa659458",623982
"Kyle Winkler","TBR",2,4,,5.514088210312891,45,0,0,,,47.33330154418945,,50,31,29,8,30,3,3,40,7.605638910776401,5.7042291830823,1.3333333333333333,1.5211277821552802,,,,,1.6901419801725335,,0.7122093023255814,,,5.7562329887291375,-0.6905354999103333,,,,,,,,,102.86643142700197,2.1732359263164405,113.66650772094727,2.40140670548473,,,,,,,,,,,,,,,,,,,"Kyle Winkler","sa526575",543937
"Miller Díaz","ARI",3,4,,6.2727272727272725,29,8,0,,,66,,73,49,46,13,46,0,4,57,7.7727272727272725,6.2727272727272725,1.2391304347826086,1.7727272727272727,,,,,1.803030303030303,,0.6944444444444444,,,6.263700300274474,-0.6925549250842691,,,,,,,,,102.7000000000001,1.5560606060606077,125,1.893939393939394,,,,,,,,,,,,,,,,,,,"Miller Diaz","sa504858",553859
"Kyle Hunter","SEA",2,3,,6.058539742057852,31,5,0,,,68.33329772949219,,83,49,46,14,25,1,4,40,5.268295427876393,3.2926846424227456,1.6,1.8439033997567376,,,,,1.5804886283629178,,0.667420814479638,,,5.923494793848974,-0.6942153149636872,,,,,,,,,110.66640319824222,1.6195091833022914,152.66648864746094,2.234144900364894,,,,,,,,,,,,,,,,,,,"Kyle Hunter","sa550211",543347
"Benton Moss","TBR",4,8,,6.1,18,16,0,,,90,,108,65,61,22,30,1,6,63,6.3,3,2.1,2.2,,,,,1.5333333333333334,,0.6809701492537313,,,6.135417471991645,-0.6968434509746833,,,,,,,,,132.59999999999997,1.473333333333333,182,2.022222222222222,,,,,,,,,,,,,,,,,,,"Benton Moss","sa829290",596052
"Bradley Roney","ATL",2,4,,6,31,0,0,,,42,,35,30,28,7,47,1,2,58,12.428571428571429,10.071428571428571,1.2340425531914894,1.5,,,,,1.9523809523809523,,0.7202216066481995,,,6.062401598975772,-0.7033726626760901,,,,,,,,,102.69999999999999,2.445238095238095,88,2.0952380952380953,,,,,,,,,,,,,,,,,,,"Bradley Roney","sa598926",605448
"Kyle Finnegan","OAK",2,4,,5.741379310344827,47,0,0,,,58,,61,40,37,10,33,1,3,48,7.448275862068965,5.120689655172414,1.4545454545454546,1.5517241379310345,,,,,1.6206896551724137,,0.675,,,5.605915556282833,-0.707936895681856,,,,,,,,,135.60000000000005,2.3379310344827595,148,2.5517241379310347,,,,,,,,,,,,,,,,,,,"Kyle Finnegan","15009",640448
"Alexis Rivero","PHI",3,5,,5.857142857142857,45,1,0,,,63,,70,44,41,13,31,1,4,52,7.428571428571429,4.428571428571429,1.6774193548387097,1.8571428571428572,,,,,1.6031746031746033,,0.6884057971014493,,,5.856052392626566,-0.7081774852579272,,,,,,,,,123.30000000000007,1.9571428571428582,145,2.3015873015873014,,,,,,,,,,,,,,,,,,,"Alexis Rivero","sa735860",640485
"Jonathan Hernández","TEX",6,10,,6.567565197663365,23,22,0,,,98.66670227050781,,117,77,72,20,64,0,7,68,6.202700464459845,5.837835731256324,1.0625,1.8243236660176012,,,,,1.834458797495477,,0.6797385620915033,,,6.573179002257932,-0.7084048022033744,,,,,,,,,102.93359680175791,1.043245537076448,156.33351135253906,1.5844606919559354,,,,,,,,,,,,,,,,,,,"Jonathan Hernandez","17464",642546
"Tyler Higgins","MIA",2,4,,5.692774354851019,36,1,0,,,55.33330154418945,,66,37,35,11,19,1,3,34,5.530123658998132,3.090363221204839,1.7894736842105263,1.789157654381749,,,,,1.5361454608328147,,0.6896551724137931,,,5.705833929242418,-0.7094514311339413,,,,,,,,,104.56643142700196,1.889755870494998,135.66650772094727,2.4518057649714486,,,,,,,,,,,,,,,,,,,"Tyler Higgins","sa503722",572371
"Robert Stock","SDP",4,7,,5.773584905660377,38,0,0,,,53,,55,36,34,5,49,1,3,41,6.962264150943396,8.320754716981131,0.8367346938775511,0.8490566037735849,,,,,1.9622641509433962,,0.7010309278350515,,,5.78028120364783,-0.7199623706311741,,,,,,,,,113.70000000000005,2.1452830188679255,126,2.3773584905660377,,,,,,,,,,,,,,,,,,,"Robert Stock","6576",476594
"Jesús Liranzo","BAL",2,4,,6.670584493196996,31,10,0,,,56.66669845581055,,58,45,42,14,44,0,4,60,9.529406418852851,6.988231373825425,1.3636363636363635,2.223528164398999,,,,,1.7999989902277609,,0.6917475728155339,,,6.792931772516992,-0.7239758314358874,,,,,,,,,72.33356857299802,1.2764740234408523,77.33349227905273,1.3647079216968752,,,,,,,,,,,,,,,,,,,"Jesus Liranzo","sa658076",622338
"Luke Farrell","CHC",5,7,,6.110091743119266,28,19,0,,,109,,127,79,74,22,56,0,6,75,6.192660550458716,4.623853211009174,1.3392857142857142,1.81651376146789,,,,,1.6788990825688073,,0.6833114323258871,,,6.11176813458084,-0.7284268228188637,,,,,,,,,169.8,1.5577981651376147,223,2.0458715596330275,,,,,,,,,,,,,,,,,,,"Luke Farrell","15101",608652
"Joey DeNato","PHI",2,4,,6.230765075440123,36,2,0,,,47.66669845581055,,52,35,33,8,38,1,3,37,6.986009327008623,7.174820389900748,0.9736842105263158,1.5104885031369994,,,,,1.8881106289212495,,0.6979695431472082,,,6.367427763379991,-0.7315917454700411,,,,,,,,,70.13356857299806,1.4713326251872771,85.33349227905273,1.790211930833876,,,,,,,,,,,,,,,,,,,"Joey DeNato","sa621650",657560
"David Garner","CHC",3,4,,6.021586865203409,38,0,0,,,46.33330154418945,,48,33,31,9,34,0,3,47,9.129502666598716,6.604321077965028,1.3823529411764706,1.7482026382848603,,,,,1.7697853869056612,,0.7060518731988472,,,6.049728009401168,-0.7352500504491861,,,,,,,,,90.36643142700194,1.9503559732478113,97.66650772094727,2.1079116848127,,,,,,,,,,,,,,,,,,,"David Garner","sa549882",595219
"Corey Baker","STL",4,6,,5.937761967723658,29,12,0,,,80.33329772949219,,93,57,53,17,38,3,5,59,6.609961435767846,4.257263297613188,1.5526315789473684,1.9045651594585318,,,,,1.630706116922011,,0.6902985074626865,,,6.045607779144452,-0.7391058401926205,,,,,,,,,132.5664031982422,1.6502049205627725,169.66648864746094,2.112031915069416,,,,,,,,,,,,,,,,,,,"Corey Baker","sa598476",607452
"Jordan Johnson","SFG",4,8,,5.829545454545454,21,16,0,,,88,,101,61,57,17,45,0,5,63,6.443181818181818,4.6022727272727275,1.4,1.7386363636363635,,,,,1.6590909090909092,,0.6955810147299509,,,5.9417306033047765,-0.7394961157979375,,,,,,,,,155.5,1.7670454545454546,195,2.215909090909091,,,,,,,,,,,,,,,,,,,"Jordan Johnson","sa602658",607588
"Henry Owens","LAD",7,11,,5.8359375,27,27,0,,,128,,124,89,83,19,111,0,7,118,8.296875,7.8046875,1.063063063063063,1.3359375,,,,,1.8359375,,0.7005758157389635,,,6.009202194213867,-0.7428993549247104,,,,,,,,,273.09999999999997,2.1335937499999997,275,2.1484375,,,,,,,,,,,,,,,,,,,"Henry Owens","13143",596064
"Brett Graves","MIA",4,7,,6.0750023174294725,21,18,0,,,93.33329772949219,,108,67,63,19,42,0,6,56,5.400002059937309,4.050001544952982,1.3333333333333333,1.8321435560501584,,,,,1.6071434702194374,,0.6726094003241491,,,6.146926548822021,-0.7688327889665734,,,,,,,,,144.1664031982421,1.5446406235005161,187.66648864746094,2.0107131453918465,,,,,,,,,,,,,,,,,,,"Brett Graves","16218",605255
"Brady Lail","NYY",5,8,,6.241575015596704,26,23,0,,,128.33299255371094,,153,95,89,31,48,0,7,81,5.680534564756551,3.3662427050409187,1.6875,2.174031747005593,,,,,1.5662379252620942,,0.6725888324873097,,,6.32128445867362,-0.7735409221679331,,,,,,,,,167.56414489746106,1.3056981027488375,235.6649627685547,1.8363552355402475,,,,,,,,,,,,,,,,,,,"Brady Lail","14707",621078
"Todd Van Steensel","MIN",3,4,,5.943396226415095,40,0,0,,,53,,57,37,35,10,35,0,3,46,7.811320754716981,5.943396226415095,1.3142857142857143,1.6981132075471699,,,,,1.7358490566037736,,0.7051282051282052,,,6.025564222515754,-0.7766651637058586,,,,,,,,,99.00000000000003,1.8679245283018873,113,2.1320754716981134,,,,,,,,,,,,,,,,,,,"Todd Van Steensel","sa505234",573667
"Victor Alcántara","DET",3,5,,6.293230555678409,38,11,0,,,88.66670227050781,,101,66,62,14,64,0,6,62,6.293230555678409,6.496237992958359,0.96875,1.4210520609596409,,,,,1.8609015083995297,,0.6808803301237965,,,6.180194871493104,-0.7888778911924126,,,,,,,,,135.33359680175772,1.526318148033483,175.33351135253906,1.9774448227207637,,,,,,,,,,,,,,,,,,,"Victor Alcantara","15028",622505
"Mitch Atkins","NYM",4,7,,6.447763763789069,19,16,0,,,89.33329772949219,,105,68,64,22,37,0,6,68,6.850748999025885,3.727613425940555,1.837837837837838,2.216418793802492,,,,,1.5895528723229995,,0.6654676258992805,,,6.280775267299198,-0.7947179183420189,,,,,,,,,124.46640319824223,1.3932811881090037,167.66648864746094,1.87686442691467,,,,,,,,,,,,,,,,,,,"Mitch Atkins","8369",444444
"Michael Roth","CHC",6,9,,6.14373095915002,26,20,0,,,111.33300018310547,,135,81,76,25,43,1,6,66,5.335345306630281,3.47605830583488,1.5348837209302326,2.020964131299349,,,,,1.5988071794279295,,0.6783216783216783,,,6.211541048177327,-0.8081783228539828,,,,,,,,,150.36420135498054,1.350580700310616,216.66500091552734,1.9460986460365395,,,,,,,,,,,,,,,,,,,"Michael Roth","13736",607706
"Ernesto Frieri","MIL",2,4,,6.328120285182979,41,0,0,,,42.66669845581055,,42,32,30,12,28,2,2,54,11.390616513329363,5.906245599504113,1.9285714285714286,2.5312481140731915,,,,,1.6406237776400316,,0.7142857142857143,,,6.3920122844185014,-0.8138050479412344,,,,,,,,,76.93356857299806,1.803129169993721,75.33349227905273,1.7656274097953664,,,,,,,,,,,,,,,,,,,"Ernesto Frieri","5178",457117
"Marcos Diplán","MIL",5,9,,6.343354397982261,26,21,0,,,110.66699981689453,,120,83,78,20,85,1,7,95,7.725880356516856,6.912629792672977,1.1176470588235294,1.6265011276877592,,,,,1.852404062088837,,0.6892655367231638,,,6.284136306324783,-0.8190969715402968,,,,,,,,,174.93579864501953,1.5807404098282392,207.33499908447266,1.873503387889085,,,,,,,,,,,,,,,,,,,"Marcos Diplan","17583",650959
"Corey Copping","LAD",3,4,,5.400002942768066,47,0,0,,,58.33330154418945,,60,37,35,10,38,3,4,52,8.022861514969698,5.862860337862472,1.368421052631579,1.5428579836480187,,,,,1.6800009155278426,,0.7261904761904762,,,5.763355399930521,-0.8204904519018716,,,,,,,,,130.66643142700195,2.239997188021626,139.66650772094727,2.394284294283346,,,,,,,,,,,,,,,,,,,"Corey Copping","sa875831",665045
"Greg Harris","TBR",4,8,,6.040680153268643,27,18,0,,,98.33329772949219,,108,71,66,21,54,0,6,82,7.505087463151951,4.942374670856163,1.5185185185185186,1.922034594221841,,,,,1.647458223618721,,0.6862745098039216,,,6.096623809188005,-0.8297381316245619,,,,,,,,,172.56640319824226,1.7549132103040008,202.66648864746094,2.061015885025862,,,,,,,,,,,,,,,,,,,"Greg Harris","sa738173",643353
"Yency Almonte","COL",6,8,,6.709090909090909,23,22,0,,,110,,132,88,82,27,60,0,7,82,6.709090909090909,4.909090909090909,1.3666666666666667,2.209090909090909,,,,,1.7454545454545454,,0.6744487678339819,,,6.684912421486595,-0.8298876576455079,,,,,,,,,101.69999999999999,0.9245454545454544,162,1.4727272727272727,,,,,,,,,,,,,,,,,,,"Yency Almonte","15068",622075
"José Mujica","TBR",7,12,,5.843283582089552,25,25,0,,,134,,162,93,87,27,47,0,9,68,4.567164179104478,3.156716417910448,1.446808510638298,1.8134328358208955,,,,,1.5597014925373134,,0.677570093457944,,,6.015848649437748,-0.8348293175414764,,,,,,,,,206.2999999999999,1.5395522388059695,287,2.1417910447761193,,,,,,,,,,,,,,,,,,,"Jose Mujica","17821",620445
"Emilio Ogando","KCR",7,12,,5.992667984055126,27,26,0,,,136.66700744628906,,165,97,91,29,51,1,9,78,5.136572557761537,3.358528210844082,1.5294117647058822,1.9097513355780074,,,,,1.5804838639266268,,0.6784492588369441,,,6.091778719373948,-0.8414128062339523,,,,,,,,,201.63585510253893,1.4753806267528247,282.3350372314453,2.0658609748399197,,,,,,,,,,,,,,,,,,,"Emilio Ogando","sa829049",656809
"Ariel Hernández","CIN",2,3,,5.74467793694053,55,0,0,,,62.66669845581055,,54,43,40,8,67,2,4,71,10.19680333806944,9.622335544375387,1.0597014925373134,1.148935587388106,,,,,1.930850084360567,,0.7103825136612022,,,5.950191469115514,-0.8420724358838506,,,,,,,,,153.93356857299815,2.4563854864884016,138.33349227905273,2.2074482250983536,,,,,,,,,,,,,,,,,,,"Ariel Hernandez","15603",554374
"Ranfi Casimiro","PHI",4,8,,6.616603583911102,31,11,0,,,84.33329772949219,,102,66,62,21,34,0,5,59,6.29644534597992,3.628460029886733,1.7352941176470589,2.2411076655182764,,,,,1.6126489021718815,,0.6566604127579738,,,6.382937498557631,-0.8448522211260296,,,,,,,,,101.56640319824226,1.2043452104058239,149.66648864746094,1.774702195656237,,,,,,,,,,,,,,,,,,,"Ranfi Casimiro","sa603017",608741
"Beck Wheeler","NYM",3,5,,5.965119586500782,41,1,0,,,57.33330154418945,,59,41,38,11,39,1,3,55,8.633725717303763,6.122096417724486,1.4102564102564104,1.7267451434607526,,,,,1.7093032733247853,,0.6900726392251817,,,5.930897045832651,-0.849465239550581,,,,,,,,,119.56643142700196,2.0854621695707953,127.66650772094727,2.2267426483812156,,,,,,,,,,,,,,,,,,,"Beck Wheeler","sa578922",608096
"Daniel Corcino","LAD",3,6,,6.125,26,10,0,,,72,,78,52,49,17,41,0,4,64,8,5.125,1.5609756097560976,2.125,,,,,1.6527777777777777,,0.703781512605042,,,6.324306360880534,-0.8647245912009104,,,,,,,,,113.90000000000003,1.5819444444444448,132,1.8333333333333333,,,,,,,,,,,,,,,,,,,"Daniel Corcino","9266",542289
"Josh Zeid","STL",4,7,,5.965116279069767,30,11,0,,,86,,95,61,57,18,50,2,5,73,7.6395348837209305,5.232558139534884,1.46,1.8837209302325582,,,,,1.686046511627907,,0.7011686143572621,,,6.099500159330146,-0.8679374858798335,,,,,,,,,149,1.7325581395348837,177,2.058139534883721,,,,,,,,,,,,,,,,,,,"Josh Zeid","6527",473646
"Chris Jensen","OAK",4,8,,6.205951634201185,28,16,0,,,111.66699981689453,,134,82,77,23,45,0,6,63,5.077596791619151,3.6268548511565366,1.4,1.853725812813341,,,,,1.6029802922395555,,0.6607629427792915,,,6.077033969465795,-0.8779931085194499,,,,,,,,,168.0357986450195,1.5047937073670419,232.33499908447266,2.080605724748072,,,,,,,,,,,,,,,,,,,"Chris Jensen","sa579619",605300
"Yankory Pimentel","BOS",3,6,,6.51063829787234,23,1,0,,,47,,55,36,34,11,27,0,2,36,6.8936170212765955,5.170212765957447,1.3333333333333333,2.106382978723404,,,,,1.7446808510638299,,0.6906906906906908,,,6.519341821873442,-0.8923714433214202,,,,,,,,,54.5,1.1595744680851063,77,1.6382978723404256,,,,,,,,,,,,,,,,,,,"Yankory Pimentel","sa659446",622524
"Travis Hissong","MIL",2,3,,6.157894736842105,34,1,0,,,57,,61,42,39,14,31,1,4,56,8.842105263157896,4.894736842105263,1.8064516129032258,2.210526315789474,,,,,1.6140350877192982,,0.6906077348066297,,,6.227815132810359,-0.90174106398144,,,,,,,,,97.99999999999991,1.7192982456140335,110,1.9298245614035088,,,,,,,,,,,,,,,,,,,"Travis Hissong","sa830119",658062
"Shao-Ching Chiang","CLE",7,12,,6.360561291709073,25,25,0,,,138.66700744628906,,179,105,98,33,38,1,9,67,4.3485470055562025,2.466340092703518,1.763157894736842,2.141821659453055,,,,,1.564900000341121,,0.6557377049180327,,,6.3018627363739075,-0.911860265583885,,,,,,,,,147.83585510253903,1.0661213350248537,257.3350372314453,1.8557769578399594,,,,,,,,,,,,,,,,,,,"Shao-Ching Chiang","sa659598",623992
"Wuilder Rodriguez","MIL",1,2,,6.285714285714286,29,3,0,,,63,,72,47,44,15,32,0,4,51,7.285714285714286,4.571428571428571,1.59375,2.142857142857143,,,,,1.6507936507936507,,0.6867469879518072,,,6.348115884690058,-0.9178569738424395,,,,,,,,,88.50000000000003,1.4047619047619053,114,1.8095238095238095,,,,,,,,,,,,,,,,,,,"Wuilder Rodriguez","sa873731",664356
"Tayler Scott","TEX",4,6,,6.078530996367072,50,0,0,,,63.66669845581055,,71,46,43,12,43,1,4,51,7.209420484063271,6.078530996367072,1.186046511627907,1.696334231544299,,,,,1.7905750221856491,,0.6995884773662551,,,6.220465390057741,-0.9179441326896719,,,,,,,,,99.93356857299798,1.569636418988482,123.33349227905273,1.9371743041561267,,,,,,,,,,,,,,,,,,,"Tayler Scott","13652",605463
"Bronson Arroyo","CIN",3,6,,6.913043478260869,13,13,0,,,69,,93,57,53,21,18,1,3,31,4.043478260869565,2.347826086956522,1.7222222222222223,2.739130434782609,,,,,1.608695652173913,,0.661764705882353,,,7.12865418696749,-0.9260355016952031,,,,,,,,,9.5,0.13768115942028986,71,1.0289855072463767,,,,,,,,,,,,,,,,,,,"Bronson Arroyo","978",276520
"Jesus Tinoco","COL",6,8,,6.749981049794454,23,23,0,,,118.66699981689453,,153,95,89,28,57,0,8,67,5.081446408272229,4.323021571216673,1.1754385964912282,2.1235895437555583,,,,,1.7696579531296321,,0.6733021077283372,,,6.739090313642885,-0.9282467442975967,,,,,,,,,74.93579864501953,0.6314796764108549,168.33499908447266,1.4185493805709828,,,,,,,,,,,,,,,,,,,"Jesus Tinoco","16300",622786
"Wirkin Estevez","WSN",4,7,,6.7272727272727275,21,19,0,,,99,,125,79,74,20,55,1,6,50,4.545454545454546,5,0.9090909090909091,1.8181818181818181,,,,,1.8181818181818181,,0.6644736842105263,,,6.622286158860332,-0.936855702434426,,,,,,,,,78.60000000000002,0.7939393939393942,152,1.5353535353535352,,,,,,,,,,,,,,,,,,,"Wirkin Estevez","sa550539",594135
"Dereck Rodríguez","SFG",5,10,,6.034401235204698,24,22,0,,,116.33300018310547,,137,83,78,25,47,0,7,80,6.189129472004819,3.6361135648028307,1.702127659574468,1.9341029600015058,,,,,1.5816664206234536,,0.6778523489932886,,,5.968535996082722,-0.9374330749378795,,,,,,,,,195.16420135498055,1.6776340423422123,254.66500091552734,2.189103698131145,,,,,,,,,,,,,,,,,,,"Dereck Rodriguez","14509",605446
"Derek Self","WSN",3,5,,6.589285714285714,37,1,0,,,56,,70,44,41,13,24,2,3,34,5.464285714285714,3.857142857142857,1.4166666666666667,2.0892857142857144,,,,,1.6785714285714286,,0.6596306068601583,,,6.407639694213867,-0.9543455414318367,,,,,,,,,59.50000000000003,1.0625000000000004,98,1.75,,,,,,,,,,,,,,,,,,,"Derek Self","sa577722",605464
"Edison Frias","COL",5,7,,7.017617843337213,30,10,0,,,75.66670227050781,,96,63,59,18,42,2,5,47,5.59030573960761,4.995592363053609,1.119047619047619,2.140968155594404,,,,,1.8237876880989365,,0.6648936170212766,,,6.871294334473296,-0.9701735083137766,,,,,,,,,41.93359680175786,0.5541882432228328,97.33351135253906,1.2863453597405712,,,,,,,,,,,,,,,,,,,"Edison Frias","sa605481",606469
"Kyle Martin","BOS",2,3,,6.051724137931035,36,0,0,,,58,,66,42,39,14,27,2,3,50,7.758620689655173,4.189655172413793,1.8518518518518519,2.1724137931034484,,,,,1.603448275862069,,0.6948228882833787,,,6.123156935593178,-0.9761643363631577,,,,,,,,,95.4,1.6448275862068966,118,2.0344827586206895,,,,,,,,,,,,,,,,,,,"Kyle Martin","14860",573016
"Trey Ball","BOS",7,10,,6.324324324324325,24,23,0,,,111,,134,83,78,22,68,0,7,75,6.081081081081081,5.513513513513513,1.1029411764705883,1.7837837837837838,,,,,1.8198198198198199,,0.6950934579439253,,,6.40989194646612,-0.983054317046993,,,,,,,,,127.40000000000003,1.147747747747748,194,1.7477477477477477,,,,,,,,,,,,,,,,,,,"Trey Ball","sa737438",640441
"Will Lamb","DET",2,3,,6.414368020562452,38,2,0,,,60.33330154418945,,67,46,43,12,42,0,4,48,7.16022476713948,6.265196671247046,1.1428571428571428,1.79005619178487,,,,,1.8066307861532487,,0.6832971800433839,,,6.439409379152796,-0.9840202284995142,,,,,,,,,82.66643142700187,1.3701625687839267,103.66650772094727,1.7182303150610714,,,,,,,,,,,,,,,,,,,"Will Lamb","sa577799",605327
"Matt Esparza","CLE",6,10,,6.400562389772359,25,25,0,,,122.33300018310547,,148,93,87,31,49,0,8,86,6.326992707131297,3.604914449412018,1.7551020408163265,2.2806601618729094,,,,,1.6103586089210151,,0.6770833333333334,,,6.443752185514619,-0.9906208742685317,,,,,,,,,140.16420135498055,1.1457595345915306,209.66500091552734,1.7138875086992484,,,,,,,,,,,,,,,,,,,"Matt Esparza","sa875700",656407
"Pedro Echemendia","STL",3,4,,6.0304535831373896,39,3,0,,,65.66670227050781,,81,47,44,14,24,2,4,36,4.934007477112409,3.28933831807494,1.5,1.9187806855437148,,,,,1.5989839046197625,,0.6791569086651054,,,6.111952813225619,-0.9907533486730833,,,,,,,,,91.13359680175782,1.3878205186296935,134.33351135253906,2.0456868809882485,,,,,,,,,,,,,,,,,,,"Pedro Echemendia","sa877307",661535
"Robert Stephenson","CIN",6,10,,6.202719457600546,30,21,0,,,123.33300018310547,,130,91,85,30,75,2,7,118,8.610834070551347,5.472987756706364,1.5733333333333333,2.189195102682546,,,,,1.6621666520367477,,0.6993865030674846,,,6.400891698188009,-0.9911171368085838,,,,,,,,,195.66420135498038,1.5864707828763502,216.66500091552734,1.7567479960258583,,,,,,,,,,,,,,,,,,,"Robert Stephenson","13594",596112
"Konner Wade","BAL",5,10,,6.923076923076923,31,17,0,,,104,,135,86,80,28,34,0,6,59,5.105769230769231,2.9423076923076925,1.7352941176470589,2.423076923076923,,,,,1.625,,0.6394453004622496,,,6.6768704634446365,-0.9951753202093291,,,,,,,,,72.19999999999999,0.6942307692307691,154,1.4807692307692308,,,,,,,,,,,,,,,,,,,"Konner Wade","14655",592831
"Luis Santos","TOR",6,10,,6.589285714285714,33,20,0,,,112,,133,88,82,31,44,0,6,93,7.473214285714286,3.5357142857142856,2.1136363636363638,2.4910714285714284,,,,,1.5803571428571428,,0.6661676646706587,,,6.434425408499582,-1.004892583687227,,,,,,,,,137.70000000000005,1.2294642857142861,193,1.7232142857142858,,,,,,,,,,,,,,,,,,,"Luis Santos","15006",608601
"Vic Black","SFG",1,3,,6.394736842105263,36,0,0,,,38,,38,29,27,5,41,2,3,32,7.578947368421052,9.710526315789474,0.7804878048780488,1.1842105263157894,,,,,2.0789473684210527,,0.6944444444444444,,,6.657639694213867,-1.0235203883833595,,,,,,,,,52.89999999999999,1.3921052631578945,57,1.5,,,,,,,,,,,,,,,,,,,"Vic Black","9195",502195
"Brett McKinney","PIT",2,3,,6.362068965517241,42,1,0,,,58,,67,44,41,14,30,1,3,48,7.448275862068965,4.655172413793103,1.6,2.1724137931034484,,,,,1.6724137931034482,,0.6847545219638242,,,6.34729486662766,-1.0500196313417782,,,,,,,,,79.80000000000001,1.3758620689655174,105,1.8103448275862069,,,,,,,,,,,,,,,,,,,"Brett McKinney","sa738242",643441
"Tyler Bray","STL",3,6,,5.966853972616234,43,0,0,,,60.33330154418945,,66,43,40,11,40,3,4,50,7.458567465770292,5.966853972616234,1.25,1.6408848424694644,,,,,1.7569070030481133,,0.695364238410596,,,6.058193708680092,-1.0579977702864718,,,,,,,,,107.5664314270019,1.78286996855655,126.66650772094727,2.0994459855337753,,,,,,,,,,,,,,,,,,,"Tyler Bray","sa829423",657528
"Johendí Jiminian","SEA",2,4,,6.275672440568852,40,2,0,,,61.66669845581055,,72,46,43,11,39,1,4,39,5.691888957725237,5.691888957725237,1,1.6054045778199388,,,,,1.7999990721011434,,0.6799163179916319,,,6.303584018426676,-1.061343468854927,,,,,,,,,82.83356857299802,1.3432463654975033,114.33349227905273,1.8540556757871907,,,,,,,,,,,,,,,,,,,"Johendi Jiminian","sa550714",593977
"Matt Withrow","ATL",3,6,,6.8625,20,18,0,,,80,,90,65,61,20,53,0,5,72,8.1,5.9625,1.3584905660377358,2.25,,,,,1.7875,,0.6782608695652174,,,6.782639694213867,-1.0616394648004064,,,,,,,,,82,1.025,110,1.375,,,,,,,,,,,,,,,,,,,"Matt Withrow","sa659074",621574
"Andrew Case","TOR",3,5,,6.50602783411545,48,0,0,,,55.33330154418945,,69,43,40,14,20,1,3,33,5.3674729631452465,3.253013917057725,1.65,2.2771097419404076,,,,,1.608434658989653,,0.6628242074927954,,,6.501015108967641,-1.065374461623535,,,,,,,,,54.86643142700194,0.9915625833962814,91.66650772094727,1.656624585246227,,,,,,,,,,,,,,,,,,,"Andrew Case","sa829881",647188
"D.J. Brown","CLE",4,8,,6.580645161290323,29,11,0,,,93,,116,73,68,25,34,0,6,68,6.580645161290323,3.2903225806451615,2,2.4193548387096775,,,,,1.6129032258064515,,0.6695652173913044,,,6.480220339375158,-1.0682509946914374,,,,,,,,,95.10000000000002,1.0225806451612907,156,1.6774193548387097,,,,,,,,,,,,,,,,,,,"D.J. Brown","sa659293",623447
"Ismael Guillón","WSN",3,5,,6.526069654310151,38,6,0,,,70.33329772949219,,75,55,51,17,51,0,4,72,9.213274806084918,6.526069654310151,1.411764705882353,2.175356551436717,,,,,1.7914701011831786,,0.6947162426614482,,,6.598399729819655,-1.073484430625316,,,,,,,,,95.36640319824221,1.3559211110081808,109.66648864746094,1.5592399643942123,,,,,,,,,,,,,,,,,,,"Ismael Guillon","sa550236",570145
"Geoff Broussard","CIN",2,4,,6.831329225821222,47,0,0,,,55.33330154418945,,70,45,42,14,24,0,3,35,5.692774354851019,3.90361670046927,1.4583333333333333,2.2771097419404076,,,,,1.6987961566857008,,0.6586021505376344,,,6.645593505281317,-1.1463362325716182,,,,,,,,,44.26643142700195,0.79999620828066,83.66650772094727,1.5120461889325503,,,,,,,,,,,,,,,,,,,"Geoff Broussard","sa658572",623412
"Victor Payano","CIN",4,7,,6.806725743851875,32,11,0,,,79.33329772949219,,84,64,60,19,63,1,5,81,9.189079754200032,7.147062031044469,1.2857142857142858,2.1554631522197605,,,,,1.8529420080485661,,0.6893687707641196,,,6.800498471942001,-1.14975531710801,,,,,,,,,92.9664031982422,1.1718459443755342,107.66648864746094,1.3571412222718668,,,,,,,,,,,,,,,,,,,"Victor Payano","sa548111",593633
"Jimmy Cordero","WSN",2,5,,7.135709424897994,40,0,0,,,46.66669845581055,,55,40,37,9,40,1,3,32,6.1714243674793465,7.714280459349183,0.8,1.7357131033535662,,,,,2.035712898994923,,0.6674757281553397,,,7.05763703755151,-1.1735013884385104,,,,,,,,,26.63356857299806,0.5707189377928207,51.333492279052734,1.1000026566623575,,,,,,,,,,,,,,,,,,,"Jimmy Cordero","15690",622772
"Thad Weber","COL",5,8,,7.336956521739131,20,17,0,,,92,,125,80,75,29,31,1,5,51,4.989130434782608,3.032608695652174,1.6451612903225807,2.8369565217391304,,,,,1.6956521739130435,,0.658578856152513,,,7.3206831724747365,-1.2417785797776373,,,,,,,,,-6.899999999999977,-0.07499999999999975,77,0.8369565217391305,,,,,,,,,,,,,,,,,,,"Thad Weber","8036",519403
"Troy Neiman","COL",3,4,,6.859455923412465,39,0,0,,,61.66669845581055,,74,50,47,17,32,3,4,50,7.297293535545176,4.670267862748913,1.5625,2.4810798020853597,,,,,1.7189180328173082,,0.681265206812652,,,6.871151293413524,-1.2538079066465166,,,,,,,,,46.83356857299802,0.7594628826538893,79.33349227905273,1.2864884008003437,,,,,,,,,,,,,,,,,,,"Troy Neiman","sa743088",645521
"Adam Ravenelle","DET",2,3,,7.5,43,0,0,,,48,,58,43,40,13,32,0,3,37,6.9375,6,1.15625,2.4375,,,,,1.875,,0.6545961002785515,,,7.324306360880534,-1.3373339145769545,,,,,,,,,13.500000000000028,0.2812500000000006,40,0.8333333333333334,,,,,,,,,,,,,,,,,,,"Adam Ravenelle","sa602703",605435
"Blake Perry","SEA",2,6,,7.08,33,8,0,,,75,,86,63,59,19,53,1,5,66,7.92,6.36,1.2452830188679245,2.28,,,,,1.8533333333333333,,0.6761565836298932,,,7.010973027547201,-1.5113398031062917,,,,,,,,,55.69999999999996,0.7426666666666661,86,1.1466666666666667,,,,,,,,,,,,,,,,,,,"Blake Perry","sa548326",594959
"Luis Lugo","BAL",4,9,,7.421052631578948,25,24,0,,,114,,144,101,94,32,63,0,7,71,5.605263157894737,4.973684210526316,1.126984126984127,2.526315789473684,,,,,1.8157894736842106,,0.653514180024661,,,7.4032537293015865,-1.6329700163768541,,,,,,,,,7.599999999999966,0.06666666666666637,86,0.7543859649122807,,,,,,,,,,,,,,,,,,,"Luis Lugo","sa597249",606208
"Jeff Thompson","DET",4,8,,7.6278063441148705,28,11,0,,,74.33329772949219,,90,67,63,20,57,0,5,56,6.780272305879885,6.9013485970563115,0.9824561403508771,2.42152582352853,,,,,1.9775794225482997,,0.6722689075630253,,,7.650915388983473,-1.6582774115195371,,,,,,,,,-3.9335968017577443,-0.052918367971142306,37.66648864746094,0.5067243052303938,,,,,,,,,,,,,,,,,,,"Jeff Thompson","sa707780",642142
"David Ledbetter","TEX",4,8,,7.676470588235294,27,19,0,,,102,,134,93,87,31,52,0,6,65,5.735294117647059,4.588235294117647,1.25,2.735294117647059,,,,,1.8235294117647058,,0.6521739130434783,,,7.539992635390338,-1.722485266395324,,,,,,,,,-18.899999999999977,-0.1852941176470586,63,0.6176470588235294,,,,,,,,,,,,,,,,,,,"David Ledbetter","sa737643",641780
"Christian Bethancourt","MIL",1,4,,8.536770692131585,39,0,0,,,45.33330154418945,,58,46,43,11,46,0,3,24,4.764709223515303,9.132359345070997,0.5217391304347826,2.183825060777847,,,,,2.2941192557666272,,0.654627539503386,,,8.495878731670826,-1.853034245859534,,,,,,,,,-49.63356857299806,-1.0948588980358478,-15.333492279052734,-0.33823903745695943,,,,,,,,,,,,,,,,,,,"Christian Bethancourt","10028",542194