Name,Team,W,L,QS,ERA,G,GS,SV,HLD,BS,IP,TBF,H,R,ER,HR,BB,IBB,HBP,SO,K/9,BB/9,K/BB,HR/9,K%,BB%,K-BB%,AVG,WHIP,BABIP,LOB%,GB%,HR/FB,FIP,WAR,RA9-WAR,ADP,InterSD,InterSK,IntraSD,Vol,Skew,Dim,FPTS,FPTS/IP,SPTS,SPTS/IP,P10,P20,P30,P40,P50,P60,P70,P80,P90,TT10,TT20,TT30,TT40,TT50,TT60,TT70,TT80,TT90,NameASCII,PlayerId,MLBAMID
"Gerrit Cole","NYY",6,3,,3.1621621621621623,12,12,0,,,74,,56,27,26,10,19,0,1,104,12.64864864864865,2.310810810810811,5.473684210526316,1.2162162162162162,,,,,1.0135135135135136,,0.7868852459016393,,,2.9707662324647646,2.370336734983203,,,,,,,,,427,5.77027027027027,388,5.243243243243243,,,,,,,,,,,,,,,,,,,"Gerrit Cole","13125",543037
"Jacob deGrom","NYM",4,2,,2.911764705882353,11,11,0,,,68,,56,23,22,8,16,0,2,83,10.985294117647058,2.1176470588235294,5.1875,1.0588235294117647,,,,,1.0588235294117647,,0.805921052631579,,,3.0963624168844786,1.9153855770679649,,,,,,,,,371.20000000000005,5.458823529411766,348,5.117647058823529,,,,,,,,,,,,,,,,,,,"Jacob deGrom","10954",594798
"Stephen Strasburg","WSN",6,3,,3.176470588235294,11,11,0,,,68,,56,26,24,7,19,1,3,82,10.852941176470589,2.514705882352941,4.315789473684211,0.9264705882352942,,,,,1.1029411764705883,,0.7515337423312883,,,3.1110682992374197,1.9050878384550647,,,,,,,,,369.5,5.4338235294117645,347,5.102941176470588,,,,,,,,,,,,,,,,,,,"Stephen Strasburg","10131",544931
"Lucas Giolito","CHW",5,3,,3.1846153846153844,11,11,0,,,65,,49,25,23,9,21,0,1,87,12.046153846153846,2.9076923076923076,4.142857142857143,1.2461538461538462,,,,,1.0769230769230769,,0.7839721254355401,,,3.3524710141695464,1.8935545726125722,,,,,,,,,350.9,5.398461538461538,316,4.861538461538461,,,,,,,,,,,,,,,,,,,"Lucas Giolito","15474",608337
"Chris Sale","BOS",5,2,,3.098360655737705,10,10,0,,,61,,48,23,21,7,13,0,5,80,11.80327868852459,1.9180327868852458,6.153846153846154,1.0327868852459017,,,,,1,,0.7421875,,,2.9681078363637456,1.8586300279100902,,,,,,,,,346.50000000000006,5.68032786885246,320,5.245901639344262,,,,,,,,,,,,,,,,,,,"Chris Sale","10603",519242
"Max Scherzer","WSN",5,2,,2.953125,10,10,0,,,64,,49,23,21,9,14,1,3,87,12.234375,1.96875,6.214285714285714,1.265625,,,,,0.984375,,0.7936507936507937,,,3.120259475708008,1.8151632305148448,,,,,,,,,358.5,5.6015625,326,5.09375,,,,,,,,,,,,,,,,,,,"Max Scherzer","3137",453286
"Justin Verlander","HOU",6,3,,3.2142857142857144,11,11,0,,,70,,53,27,25,11,16,0,2,90,11.571428571428571,2.057142857142857,5.625,1.4142857142857144,,,,,0.9857142857142858,,0.7835820895522387,,,3.456866618565151,1.8139529689032574,,,,,,,,,370.9,5.298571428571428,333,4.757142857142857,,,,,,,,,,,,,,,,,,,"Justin Verlander","8700",434378
"Noah Syndergaard","NYM",4,3,,3.391304347826087,11,11,0,,,69,,64,27,26,7,17,1,2,73,9.521739130434783,2.217391304347826,4.294117647058823,0.9130434782608695,,,,,1.173913043478261,,0.7584269662921348,,,3.242994982954385,1.7966245480111496,,,,,,,,,347.1,5.030434782608696,343,4.971014492753623,,,,,,,,,,,,,,,,,,,"Noah Syndergaard","11762",592789
"Luis Severino","NYY",5,3,,3.4838709677419355,10,10,0,,,62,,53,26,24,8,16,0,2,74,10.741935483870968,2.3225806451612905,4.625,1.1612903225806452,,,,,1.1129032258064515,,0.7439446366782008,,,3.375299798288653,1.7957150872775922,,,,,,,,,316.59999999999997,5.106451612903225,300,4.838709677419355,,,,,,,,,,,,,,,,,,,"Luis Severino","15890",622663
"Shane Bieber","CLE",5,3,,3.625,12,11,0,,,72,,68,31,29,10,13,0,3,79,9.875,1.625,6.076923076923077,1.25,,,,,1.125,,0.746268656716418,,,3.4917872534857857,1.7709605574754617,,,,,,,,,343.00000000000006,4.763888888888889,340,4.722222222222222,,,,,,,,,,,,,,,,,,,"Shane Bieber","19427",669456
"Jack Flaherty","STL",5,3,,3.085714285714286,12,12,0,,,70,,54,26,24,9,20,1,3,87,11.185714285714285,2.5714285714285716,4.35,1.1571428571428573,,,,,1.0571428571428572,,0.7817589576547231,,,3.3854380471365793,1.6988372756347256,,,,,,,,,371.9,5.312857142857142,338,4.828571428571428,,,,,,,,,,,,,,,,,,,"Jack Flaherty","17479",656427
"Trevor Bauer","CIN",5,3,,3.7285714285714286,11,11,0,,,70,,61,31,29,9,27,0,4,82,10.542857142857143,3.4714285714285715,3.037037037037037,1.1571428571428573,,,,,1.2571428571428571,,0.7559681697612731,,,3.871152332850865,1.5396541194332014,,,,,,,,,319.70000000000005,4.567142857142858,304,4.3428571428571425,,,,,,,,,,,,,,,,,,,"Trevor Bauer","12703",545333
"Walker Buehler","LAD",4,2,,3.338709677419355,11,11,0,,,62,,51,24,23,8,15,0,3,74,10.741935483870968,2.1774193548387095,4.933333333333334,1.1612903225806452,,,,,1.064516129032258,,0.7664233576642336,,,3.375299798288653,1.5082062409055668,,,,,,,,,321.79999999999995,5.1903225806451605,300,4.838709677419355,,,,,,,,,,,,,,,,,,,"Walker Buehler","19374",621111
"Germán Márquez","COL",4,3,,4.029850746268656,11,11,0,,,67,,63,32,30,9,16,1,3,70,9.402985074626866,2.1492537313432836,4.375,1.208955223880597,,,,,1.1791044776119404,,0.7078313253012047,,,3.7214721622751723,1.50308917807365,,,,,,,,,304.29999999999995,4.541791044776119,301,4.492537313432836,,,,,,,,,,,,,,,,,,,"German Marquez","15038",608566
"Aaron Nola","PHI",4,3,,3.625,12,12,0,,,72,,62,30,29,9,24,1,3,79,9.875,3,3.2916666666666665,1.125,,,,,1.1944444444444444,,0.7629427792915531,,,3.7695650312635633,1.4972545710923413,,,,,,,,,337.9000000000001,4.693055555555556,320,4.444444444444445,,,,,,,,,,,,,,,,,,,"Aaron Nola","16149",605400
"Clayton Kershaw","LAD",4,3,,3.193548387096774,10,10,0,,,62,,53,24,22,9,11,0,1,65,9.435483870967742,1.596774193548387,5.909090909090909,1.3064516129032258,,,,,1.032258064516129,,0.7782101167315175,,,3.584977217643492,1.4826459429694883,,,,,,,,,304.29999999999995,4.9080645161290315,287,4.629032258064516,,,,,,,,,,,,,,,,,,,"Clayton Kershaw","2036",477132
"Michael Soroka","ATL",4,2,,3.3230769230769233,11,11,0,,,65,,61,26,24,7,15,0,2,57,7.892307692307693,2.076923076923077,3.8,0.9692307692307692,,,,,1.1692307692307693,,0.755287009063444,,,3.644778706477239,1.4154164636789512,,,,,,,,,299.29999999999995,4.604615384615384,297,4.569230769230769,,,,,,,,,,,,,,,,,,,"Michael Soroka","18383",647336
"Patrick Corbin","WSN",4,3,,3.838235294117647,11,11,0,,,68,,62,30,29,9,22,1,1,76,10.058823529411764,2.911764705882353,3.4545454545454546,1.1911764705882353,,,,,1.2352941176470589,,0.7563025210084033,,,3.714009475708008,1.4124678213317878,,,,,,,,,314.30000000000007,4.622058823529413,306,4.5,,,,,,,,,,,,,,,,,,,"Patrick Corbin","9323",571578
"Luis Castillo","CIN",4,3,,3.6,11,11,0,,,65,,54,28,26,8,23,0,3,73,10.107692307692307,3.1846153846153844,3.1739130434782608,1.1076923076923078,,,,,1.1846153846153846,,0.7446808510638299,,,3.7678556295541616,1.4025424131325865,,,,,,,,,310.20000000000005,4.772307692307693,289,4.446153846153846,,,,,,,,,,,,,,,,,,,"Luis Castillo","15689",622491
"Charlie Morton","TBR",4,3,,3.3559322033898304,10,10,0,,,59,,49,23,22,6,20,0,4,69,10.525423728813559,3.0508474576271185,3.45,0.9152542372881356,,,,,1.1694915254237288,,0.759075907590759,,,3.4173993062164825,1.3879716882454045,,,,,,,,,301.4,5.108474576271186,283,4.796610169491525,,,,,,,,,,,,,,,,,,,"Charlie Morton","4676",450203
"Blake Snell","TBR",4,3,,3.42,10,10,0,,,50,,40,20,19,5,20,0,0,64,11.52,3.6,3.2,0.9,,,,,1.2,,0.7547169811320755,,,3.154009475708008,1.3821667707545036,,,,,,,,,272.5,5.45,253,5.06,,,,,,,,,,,,,,,,,,,"Blake Snell","13543",605483
"Yu Darvish","CHC",3,2,,3.6315789473684212,10,10,0,,,57,,47,24,23,7,18,0,3,70,11.052631578947368,2.8421052631578947,3.888888888888889,1.105263157894737,,,,,1.1403508771929824,,0.7427536231884058,,,3.459623510795727,1.320249360666239,,,,,,,,,290.49999999999994,5.096491228070175,271,4.754385964912281,,,,,,,,,,,,,,,,,,,"Yu Darvish","13074",506433
"Lance Lynn","TEX",5,3,,4.078125,11,11,0,,,64,,61,31,29,9,24,1,3,71,9.984375,3.375,2.9583333333333335,1.265625,,,,,1.328125,,0.7458563535911602,,,4.089009475708008,1.3033624031924544,,,,,,,,,265.30000000000007,4.145312500000001,264,4.125,,,,,,,,,,,,,,,,,,,"Lance Lynn","2520",458681
"José Berríos","MIN",5,4,,4.242857142857143,12,12,0,,,70,,66,35,33,10,22,0,4,71,9.128571428571428,2.8285714285714287,3.227272727272727,1.2857142857142858,,,,,1.2571428571428571,,0.7162162162162162,,,4.156866618565151,1.2933686769830137,,,,,,,,,287.4,4.105714285714285,284,4.057142857142857,,,,,,,,,,,,,,,,,,,"Jose Berrios","14168",621244
"Sonny Gray","CIN",4,3,,3.8135593220338984,10,10,0,,,59,,49,27,25,7,22,0,1,63,9.610169491525424,3.3559322033898304,2.8636363636363638,1.0677966101694916,,,,,1.2033898305084745,,0.7189542483660131,,,3.790280662148686,1.2799688555793851,,,,,,,,,280.1,4.747457627118645,261,4.423728813559322,,,,,,,,,,,,,,,,,,,"Sonny Gray","12768",543243
"James Paxton","NYY",4,3,,3.9056603773584904,10,10,0,,,53,,48,24,23,8,16,0,1,63,10.69811320754717,2.7169811320754715,3.9375,1.3584905660377358,,,,,1.2075471698113207,,0.7575757575757576,,,3.761179287028763,1.2709190492133264,,,,,,,,,244.00000000000006,4.603773584905661,236,4.452830188679245,,,,,,,,,,,,,,,,,,,"James Paxton","11828",572020
"Zack Wheeler","PHI",4,3,,3.9545454545454546,11,11,0,,,66,,64,31,29,9,19,1,2,63,8.590909090909092,2.590909090909091,3.3157894736842106,1.2272727272727273,,,,,1.2575757575757576,,0.7386363636363635,,,4.032191293889826,1.2704070419498321,,,,,,,,,274.30000000000007,4.156060606060607,276,4.181818181818182,,,,,,,,,,,,,,,,,,,"Zack Wheeler","10310",554430
"Corey Kluber","TEX",4,3,,4,9,9,0,,,54,,50,25,24,7,14,0,1,54,9,2.3333333333333335,3.857142857142857,1.1666666666666667,,,,,1.1851851851851851,,0.7195571955719556,,,3.7325279942265266,1.2552004024167704,,,,,,,,,246.5,4.564814814814815,242,4.481481481481482,,,,,,,,,,,,,,,,,,,"Corey Kluber","2429",446372
"Matthew Boyd","DET",4,4,,4.359375,11,11,0,,,64,,60,33,31,10,19,0,3,71,9.984375,2.671875,3.736842105263158,1.40625,,,,,1.234375,,0.7076923076923077,,,4.057759475708008,1.2527000887875217,,,,,,,,,270.6,4.228125,266,4.15625,,,,,,,,,,,,,,,,,,,"Matthew Boyd","15440",571510
"Mike Clevinger","CLE",4,3,,3.6666666666666665,10,10,0,,,54,,45,23,22,7,20,0,1,65,10.833333333333334,3.3333333333333335,3.25,1.1666666666666667,,,,,1.2037037037037037,,0.7608695652173912,,,3.6584539201524526,1.1992948803543906,,,,,,,,,263.5,4.87962962962963,246,4.555555555555555,,,,,,,,,,,,,,,,,,,"Mike Clevinger","12808",605182
"Marcus Stroman","NYM",4,3,,3.7142857142857144,11,11,0,,,63,,60,28,26,6,20,0,1,53,7.571428571428571,2.857142857142857,2.65,0.8571428571428571,,,,,1.2698412698412698,,0.7262569832402235,,,3.7695650312635633,1.1888456596626535,,,,,,,,,279.40000000000003,4.434920634920635,280,4.444444444444445,,,,,,,,,,,,,,,,,,,"Marcus Stroman","13431",573186
"Kevin Gausman","SFG",3,3,,3.857142857142857,10,10,0,,,56,,54,25,24,6,16,1,2,55,8.839285714285714,2.5714285714285716,3.4375,0.9642857142857143,,,,,1.25,,0.7305194805194805,,,3.606866618565151,1.1595645053392174,,,,,,,,,256.20000000000005,4.575000000000001,258,4.607142857142857,,,,,,,,,,,,,,,,,,,"Kevin Gausman","14107",592332
"Zack Greinke","HOU",5,3,,3.8955223880597014,11,11,0,,,67,,61,31,29,11,13,1,1,64,8.597014925373134,1.7462686567164178,4.923076923076923,1.4776119402985075,,,,,1.1044776119402986,,0.7337883959044369,,,4.064755744364724,1.154700012348287,,,,,,,,,287.9,4.297014925373134,278,4.149253731343284,,,,,,,,,,,,,,,,,,,"Zack Greinke","1943",425844
"Kyle Hendricks","CHC",4,3,,3.7142857142857144,11,11,0,,,63,,60,27,26,8,14,1,3,53,7.571428571428571,2,3.7857142857142856,1.1428571428571428,,,,,1.1746031746031746,,0.748407643312102,,,3.9917872534857857,1.1459057895207123,,,,,,,,,266.80000000000007,4.234920634920636,266,4.222222222222222,,,,,,,,,,,,,,,,,,,"Kyle Hendricks","12049",543294
"Mike Minor","TEX",4,3,,4.5,10,10,0,,,64,,62,34,32,10,20,1,2,60,8.4375,2.8125,3,1.40625,,,,,1.28125,,0.7058823529411765,,,4.401509475708008,1.1407375827890347,,,,,,,,,243.4,3.803125,244,3.8125,,,,,,,,,,,,,,,,,,,"Mike Minor","10021",501985
"Chris Paddack","SDP",4,3,,3.6610169491525424,10,10,0,,,59,,52,26,24,9,14,0,3,64,9.76271186440678,2.135593220338983,4.571428571428571,1.3728813559322033,,,,,1.11864406779661,,0.7490636704119851,,,3.891975577402923,1.1367312508246274,,,,,,,,,267.70000000000005,4.537288135593221,255,4.322033898305085,,,,,,,,,,,,,,,,,,,"Chris Paddack","20099",663978
"Max Fried","ATL",5,3,,3.789473684210526,12,10,0,,,57,,55,25,24,6,20,1,2,58,9.157894736842104,3.1578947368421053,2.9,0.9473684210526315,,,,,1.3157894736842106,,0.7507507507507508,,,3.7052375458834463,1.1050671328515285,,,,,,,,,254.99999999999994,4.473684210526315,257,4.508771929824562,,,,,,,,,,,,,,,,,,,"Max Fried","13743",608331
"Jon Gray","COL",4,3,,4.189655172413793,10,10,0,,,58,,55,29,27,8,20,1,2,59,9.155172413793103,3.103448275862069,2.95,1.2413793103448276,,,,,1.293103448275862,,0.7210031347962382,,,4.1105611998459395,1.0638373062790463,,,,,,,,,239.80000000000007,4.134482758620691,238,4.103448275862069,,,,,,,,,,,,,,,,,,,"Jon Gray","14916",592351
"Jake Odorizzi","MIN",4,3,,4.090909090909091,11,11,0,,,55,,50,27,25,8,19,0,1,59,9.654545454545454,3.109090909090909,3.1052631578947367,1.309090909090909,,,,,1.2545454545454546,,0.726643598615917,,,4.050373112071644,1.0632072201602845,,,,,,,,,236.60000000000002,4.301818181818183,229,4.163636363636364,,,,,,,,,,,,,,,,,,,"Jake Odorizzi","6397",543606
"Robbie Ray","ARI",4,3,,3.9836065573770494,11,11,0,,,61,,50,29,27,9,29,1,2,82,12.098360655737705,4.278688524590164,2.8275862068965516,1.3278688524590163,,,,,1.2950819672131149,,0.753012048192771,,,3.9681078363637456,1.0360592207913377,,,,,,,,,281.7000000000001,4.618032786885248,259,4.245901639344262,,,,,,,,,,,,,,,,,,,"Robbie Ray","11486",592662
"Eduardo Rodriguez","BOS",4,3,,4.292307692307692,11,11,0,,,65,,63,33,31,9,24,0,2,66,9.138461538461538,3.3230769230769233,2.75,1.2461538461538462,,,,,1.3384615384615384,,0.7258064516129031,,,4.183240244938777,1.0292279197548926,,,,,,,,,260.5,4.007692307692308,262,4.030769230769231,,,,,,,,,,,,,,,,,,,"Eduardo Rodriguez","13164",593958
"Zac Gallen","ARI",4,3,,3.6610169491525424,11,11,0,,,59,,51,25,24,8,21,0,3,69,10.525423728813559,3.2033898305084745,3.2857142857142856,1.2203389830508475,,,,,1.2203389830508475,,0.7730263157894737,,,3.8580772723181775,1.0275631185186394,,,,,,,,,271.6,4.603389830508475,257,4.3559322033898304,,,,,,,,,,,,,,,,,,,"Zac Gallen","19291",668678
"Jose Quintana","CHC",4,4,,4.278688524590164,11,11,0,,,61,,61,31,29,8,19,0,1,55,8.114754098360656,2.80327868852459,2.8947368421052633,1.180327868852459,,,,,1.3114754098360655,,0.7122093023255814,,,4.099255377347352,1.000157870021896,,,,,,,,,244.40000000000012,4.006557377049182,251,4.114754098360656,,,,,,,,,,,,,,,,,,,"Jose Quintana","11423",500779
"Chris Archer","PIT",3,3,,4.153846153846154,10,10,0,,,52,,50,26,24,7,19,0,1,59,10.211538461538462,3.2884615384615383,3.1052631578947367,1.2115384615384615,,,,,1.3269230769230769,,0.7263513513513513,,,3.8486248603233926,0.9892893089878647,,,,,,,,,226.7,4.359615384615385,227,4.365384615384615,,,,,,,,,,,,,,,,,,,"Chris Archer","6345",502042
"Masahiro Tanaka","NYY",4,3,,4.354838709677419,11,11,0,,,62,,63,32,30,11,14,0,1,56,8.129032258064516,2.032258064516129,4,1.596774193548387,,,,,1.2419354838709677,,0.7305194805194805,,,4.439815927320911,0.975844896707572,,,,,,,,,226.69999999999993,3.6564516129032247,234,3.774193548387097,,,,,,,,,,,,,,,,,,,"Masahiro Tanaka","15764",547888
"Kenta Maeda","MIN",4,3,,4.32,13,9,0,,,50,,45,25,24,7,19,1,2,58,10.44,3.42,3.0526315789473686,1.26,,,,,1.28,,0.7195571955719556,,,3.9740094757080078,0.9499602086283362,,,,,,,,,219.89999999999998,4.398,212,4.24,,,,,,,,,,,,,,,,,,,"Kenta Maeda","18498",628317
"Joe Musgrove","PIT",4,4,,4.105263157894737,11,10,0,,,57,,57,28,26,8,13,1,3,52,8.210526315789474,2.0526315789473686,4,1.263157894736842,,,,,1.2280701754385965,,0.7142857142857143,,,4.056114738865903,0.9478861065845998,,,,,,,,,231.19999999999996,4.056140350877192,237,4.157894736842105,,,,,,,,,,,,,,,,,,,"Joe Musgrove","12970",605397
"Frankie Montas","OAK",4,3,,3.75,9,9,0,,,48,,47,22,20,6,15,0,2,49,9.1875,2.8125,3.2666666666666666,1.125,,,,,1.2916666666666667,,0.7462686567164178,,,3.8598428090413415,0.9467148026288591,,,,,,,,,206.20000000000005,4.295833333333334,209,4.354166666666667,,,,,,,,,,,,,,,,,,,"Frankie Montas","14309",593423
"Tyler Glasnow","TBR",3,2,,3.477272727272727,8,8,0,,,44,,35,19,17,6,18,0,1,60,12.272727272727273,3.6818181818181817,3.3333333333333335,1.2272727272727273,,,,,1.2045454545454546,,0.7623318385650224,,,3.554918566617099,0.9435982156831909,,,,,,,,,223.8,5.086363636363637,205,4.659090909090909,,,,,,,,,,,,,,,,,,,"Tyler Glasnow","14374",607192
"Andrew Heaney","LAA",3,2,,4.224489795918367,9,9,0,,,49,,47,24,23,8,13,0,3,54,9.918367346938776,2.3877551020408165,4.153846153846154,1.469387755102041,,,,,1.2244897959183674,,0.7377049180327869,,,4.1119686593814775,0.9400345429128846,,,,,,,,,202.00000000000006,4.122448979591838,201,4.1020408163265305,,,,,,,,,,,,,,,,,,,"Andrew Heaney","15423",571760
"David Price","LAD",3,2,,3.75,9,9,0,,,48,,44,21,20,7,12,0,2,50,9.375,2.25,4.166666666666667,1.3125,,,,,1.1666666666666667,,0.7575757575757576,,,3.901509475708008,0.9358924673485914,,,,,,,,,212.70000000000002,4.43125,207,4.3125,,,,,,,,,,,,,,,,,,,"David Price","3184",456034
"Reynaldo López","CHW",4,4,,4.714285714285714,11,11,0,,,63,,63,35,33,10,24,0,3,58,8.285714285714286,3.4285714285714284,2.4166666666666665,1.4285714285714286,,,,,1.380952380952381,,0.7123287671232876,,,4.721945983644516,0.9330389939267704,,,,,,,,,214.40000000000003,3.4031746031746035,220,3.492063492063492,,,,,,,,,,,,,,,,,,,"Reynaldo Lopez","16400",625643
"Jameson Taillon","PIT",3,3,,3.78,9,9,0,,,50,,49,22,21,6,12,1,2,43,7.74,2.16,3.5833333333333335,1.08,,,,,1.22,,0.7414448669201521,,,3.894009475708008,0.9318557648719339,,,,,,,,,212.79999999999998,4.255999999999999,216,4.32,,,,,,,,,,,,,,,,,,,"Jameson Taillon","11674",592791
"Dallas Keuchel","CHW",4,4,,4.2,10,10,0,,,60,,59,30,28,8,20,0,2,50,7.5,3,2.5,1.2,,,,,1.3166666666666667,,0.7227138643067846,,,4.380676142374675,0.9204479555605629,,,,,,,,,226.20000000000002,3.7700000000000005,230,3.8333333333333335,,,,,,,,,,,,,,,,,,,"Dallas Keuchel","9434",572971
"Randy Dobnak","MIN",4,3,,4.333333333333333,12,9,0,,,54,,60,28,26,6,14,0,3,37,6.166666666666667,2.3333333333333335,2.642857142857143,1,,,,,1.3703703703703705,,0.701219512195122,,,4.232527994226526,0.9201828058557479,,,,,,,,,192.8,3.5703703703703704,215,3.9814814814814814,,,,,,,,,,,,,,,,,,,"Randy Dobnak","23798",677976
"Hyun Jin Ryu","TOR",3,3,,3.7358490566037736,9,9,0,,,53,,53,24,22,9,10,1,1,50,8.49056603773585,1.6981132075471699,5,1.528301886792453,,,,,1.1886792452830188,,0.7738095238095238,,,4.157405702123103,0.9140896935890787,,,,,,,,,210.70000000000005,3.9754716981132083,215,4.056603773584905,,,,,,,,,,,,,,,,,,,"Hyun Jin Ryu","14444",547943
"Joey Lucchesi","SDP",3,3,,4,10,10,0,,,54,,51,26,24,7,19,0,1,54,9,3.1666666666666665,2.8421052631578947,1.1666666666666667,,,,,1.2962962962962963,,0.7308970099667774,,,4.010305772004305,0.9133569016293244,,,,,,,,,228.9,4.238888888888889,227,4.203703703703703,,,,,,,,,,,,,,,,,,,"Joey Lucchesi","19320",664192
"Dylan Bundy","LAA",4,4,,4.5,10,10,0,,,58,,56,31,29,10,19,0,2,60,9.310344827586206,2.9482758620689653,3.1578947368421053,1.5517241379310345,,,,,1.293103448275862,,0.7213114754098361,,,4.472630165363181,0.909690592091318,,,,,,,,,217.60000000000005,3.7517241379310353,217,3.7413793103448274,,,,,,,,,,,,,,,,,,,"Dylan Bundy","12917",605164
"Trevor Williams","PIT",3,3,,4.333333333333333,10,10,0,,,54,,54,27,26,6,17,1,3,43,7.166666666666667,2.8333333333333335,2.5294117647058822,1,,,,,1.3148148148148149,,0.7028753993610224,,,4.176972438670971,0.9026415147316182,,,,,,,,,211.4,3.914814814814815,218,4.037037037037037,,,,,,,,,,,,,,,,,,,"Trevor Williams","16977",592866
"Marco Gonzales","SEA",5,4,,4.285714285714286,11,11,0,,,63,,67,32,30,9,17,0,2,49,7,2.4285714285714284,2.8823529411764706,1.2857142857142858,,,,,1.3333333333333333,,0.7282913165266106,,,4.4203586820572145,0.9020520191473382,,,,,,,,,222.30000000000004,3.5285714285714294,239,3.7936507936507935,,,,,,,,,,,,,,,,,,,"Marco Gonzales","15467",594835
"Tyler Mahle","CIN",4,3,,4.333333333333333,11,11,0,,,54,,53,28,26,8,17,1,3,54,9,2.8333333333333335,3.176470588235294,1.3333333333333333,,,,,1.2962962962962963,,0.7142857142857143,,,4.251046512745045,0.8818508020232126,,,,,,,,,211.40000000000003,3.9148148148148154,214,3.962962962962963,,,,,,,,,,,,,,,,,,,"Tyler Mahle","16358",641816
"Dustin May","LAD",3,3,,4.153846153846154,12,9,0,,,52,,51,25,24,7,13,0,3,48,8.307692307692308,2.25,3.6923076923076925,1.2115384615384615,,,,,1.2307692307692308,,0.7195571955719556,,,4.040932552631085,0.8697535556632003,,,,,,,,,214.1,4.117307692307692,217,4.173076923076923,,,,,,,,,,,,,,,,,,,"Dustin May","19716",669160
"Brandon Woodruff","MIL",3,2,,3.8,10,9,0,,,45,,41,20,19,6,14,0,2,50,10,2.8,3.5714285714285716,1.2,,,,,1.2222222222222223,,0.7510729613733905,,,3.7917872534857855,0.864253761549531,,,,,,,,,204.59999999999997,4.546666666666666,199,4.4222222222222225,,,,,,,,,,,,,,,,,,,"Brandon Woodruff","16162",605540
"Mike Foltynewicz","ATL",4,3,,4.189655172413793,11,11,0,,,58,,55,29,27,8,21,1,2,54,8.379310344827585,3.2586206896551726,2.5714285714285716,1.2413793103448276,,,,,1.3103448275862069,,0.7253086419753086,,,4.334699130880422,0.8585876153779964,,,,,,,,,226.80000000000007,3.9103448275862083,225,3.8793103448275863,,,,,,,,,,,,,,,,,,,"Mike Foltynewicz","10811",592314
"Brendan McKay","TBR",3,2,,3.7674418604651163,10,9,0,,,43,,39,19,18,6,14,0,1,50,10.465116279069768,2.9302325581395348,3.5714285714285716,1.255813953488372,,,,,1.2325581395348837,,0.7623318385650224,,,3.7488931966382406,0.8480671184369823,,,,,,,,,197.99999999999997,4.604651162790697,192,4.465116279069767,,,,,,,,,,,,,,,,,,,"Brendan McKay","20186",656713
"Carlos Carrasco","CLE",4,3,,3.857142857142857,10,8,0,,,49,,46,23,21,9,11,1,1,56,10.285714285714286,2.020408163265306,5.090909090909091,1.653061224489796,,,,,1.163265306122449,,0.7657657657657658,,,4.050744169585559,0.8402512466414946,,,,,,,,,208.3,4.251020408163265,204,4.163265306122449,,,,,,,,,,,,,,,,,,,"Carlos Carrasco","6632",471911
"John Means","BAL",4,4,,4.7368421052631575,11,10,0,,,57,,60,32,30,10,14,0,2,43,6.7894736842105265,2.210526315789474,3.0714285714285716,1.5789473684210527,,,,,1.2982456140350878,,0.7,,,4.828044563427306,0.8355878010662225,,,,,,,,,180.8,3.1719298245614036,193,3.3859649122807016,,,,,,,,,,,,,,,,,,,"John Means","16269",607644
"Mitch Keller","PIT",3,3,,4.333333333333333,10,10,0,,,54,,53,27,26,7,22,0,2,56,9.333333333333334,3.6666666666666665,2.5454545454545454,1.1666666666666667,,,,,1.3888888888888888,,0.7361963190184049,,,4.158453920152453,0.8229540415068073,,,,,,,,,215.7,3.994444444444444,219,4.055555555555555,,,,,,,,,,,,,,,,,,,"Mitch Keller","17594",656605
"Rick Porcello","NYM",4,4,,4.354838709677419,11,11,0,,,62,,63,32,30,10,15,0,3,56,8.129032258064516,2.1774193548387095,3.7333333333333334,1.4516129032258065,,,,,1.2580645161290323,,0.71875,,,4.375299798288653,0.8193405985262684,,,,,,,,,229.99999999999994,3.7096774193548376,238,3.838709677419355,,,,,,,,,,,,,,,,,,,"Rick Porcello","2717",519144
"Josh Hader","MIL",2,1,,2.3333333333333335,23,0,9.472000122070312,,,27,,15,8,7,3,10,0,1,49,16.333333333333332,3.3333333333333335,4.9,1,,,,,0.9259259259259259,,0.8173076923076923,,,2.251046512745045,0.806231248344516,,,,,,,,,236.26000061035154,8.750370392975983,208.36000061035156,7.71703705964265,,,,,,,,,,,,,,,,,,,"Josh Hader","14212",623352
"Caleb Smith","MIA",3,3,,4.14,10,9,0,,,50,,44,25,23,7,20,1,2,54,9.72,3.6,2.7,1.26,,,,,1.28,,0.7195571955719556,,,4.1940094757080075,0.8017030510287997,,,,,,,,,211.49999999999997,4.2299999999999995,201,4.02,,,,,,,,,,,,,,,,,,,"Caleb Smith","14875",592761
"MacKenzie Gore","SDP",2,2,,3.7058823529411766,8,8,0,,,34,,30,15,14,3,14,0,2,39,10.323529411764707,3.7058823529411766,2.7857142857142856,0.7941176470588235,,,,,1.2941176470588236,,0.7286432160804021,,,3.478715358060949,0.7943319855170973,,,,,,,,,166.70000000000002,4.902941176470589,161,4.735294117647059,,,,,,,,,,,,,,,,,,,"MacKenzie Gore","22201",669022
"Dylan Cease","CHW",3,3,,4.411764705882353,10,10,0,,,51,,49,27,25,7,25,0,2,52,9.176470588235293,4.411764705882353,2.08,1.2352941176470589,,,,,1.4509803921568627,,0.7320872274143302,,,4.547342809041341,0.7861571938290793,,,,,,,,,186.9,3.6647058823529415,187,3.6666666666666665,,,,,,,,,,,,,,,,,,,"Dylan Cease","18525",656302
"J.A. Happ","NYY",4,3,,4.411764705882353,10,9,0,,,51,,49,27,25,8,17,0,1,47,8.294117647058824,3,2.764705882352941,1.411764705882353,,,,,1.2941176470588236,,0.7116788321167884,,,4.468911436492322,0.7723604190545958,,,,,,,,,191.6,3.756862745098039,191,3.7450980392156863,,,,,,,,,,,,,,,,,,,"J.A. Happ","7410",457918
"David Peterson","NYM",2,2,,4,9,9,0,,,45,,44,22,20,4,17,0,3,39,7.8,3.4,2.2941176470588234,0.8,,,,,1.3555555555555556,,0.703971119133574,,,3.9695650312635635,0.7690593572299347,,,,,,,,,187.4,4.164444444444444,191,4.2444444444444445,,,,,,,,,,,,,,,,,,,"David Peterson","20302",656849
"Kolby Allard","TEX",3,3,,5,11,10,0,,,54,,59,33,30,8,21,0,3,44,7.333333333333333,3.5,2.0952380952380953,1.3333333333333333,,,,,1.4814814814814814,,0.6831395348837209,,,4.843639105337638,0.7625749682676652,,,,,,,,,163.80000000000004,3.033333333333334,182,3.3703703703703702,,,,,,,,,,,,,,,,,,,"Kolby Allard","18694",663465
"Ryan Yarbrough","TBR",4,3,,4.178571428571429,12,6,0,,,56,,55,28,26,8,13,1,3,49,7.875,2.0892857142857144,3.769230769230769,1.2857142857142858,,,,,1.2142857142857142,,0.7042253521126761,,,4.178295189993722,0.7607455600426292,,,,,,,,,223.0000000000001,3.982142857142859,226,4.035714285714286,,,,,,,,,,,,,,,,,,,"Ryan Yarbrough","16502",642232
"Kwang Hyun Kim","STL",4,3,,4.0344827586206895,10,10,0,,,58,,59,28,26,8,16,0,3,49,7.603448275862069,2.4827586206896552,3.0625,1.2413793103448276,,,,,1.293103448275862,,0.7366771159874609,,,4.300216372259732,0.7592136978421472,,,,,,,,,218.40000000000006,3.765517241379311,227,3.913793103448276,,,,,,,,,,,,,,,,,,,"Kwang Hyun Kim","27458",547942
"Bryse Wilson","ATL",4,3,,4.415094339622642,10,10,0,,,53,,54,28,26,8,16,1,2,50,8.49056603773585,2.7169811320754715,3.125,1.3584905660377358,,,,,1.320754716981132,,0.7142857142857143,,,4.308349098349518,0.7467347830792134,,,,,,,,,199.40000000000006,3.7622641509433974,207,3.9056603773584904,,,,,,,,,,,,,,,,,,,"Bryse Wilson","19990",669060
"Tanner Roark","TOR",4,3,,4.5,10,10,0,,,56,,56,30,28,9,18,1,3,51,8.196428571428571,2.892857142857143,2.8333333333333335,1.4464285714285714,,,,,1.3214285714285714,,0.7166123778501629,,,4.606866618565151,0.73896073190712,,,,,,,,,197.1000000000001,3.519642857142859,202,3.607142857142857,,,,,,,,,,,,,,,,,,,"Tanner Roark","8753",543699
"Gio Gonzalez","CHW",3,3,,4.5,10,10,0,,,54,,51,29,27,8,23,0,1,50,8.333333333333334,3.8333333333333335,2.1739130434782608,1.3333333333333333,,,,,1.3703703703703705,,0.7165605095541402,,,4.621416883115415,0.738884581219591,,,,,,,,,196.60000000000005,3.6407407407407417,194,3.5925925925925926,,,,,,,,,,,,,,,,,,,"Gio Gonzalez","7448",461829
"Nick Pivetta","PHI",3,3,,4.764705882352941,13,9,1.2120000123977661,,,51,,50,29,27,8,20,0,2,56,9.882352941176471,3.5294117647058822,2.8,1.411764705882353,,,,,1.3725490196078431,,0.6972789115646258,,,4.351264377668793,0.7304300748577306,,,,,,,,,201.06000006198883,3.942352942391938,203.06000006198883,3.9815686286664476,,,,,,,,,,,,,,,,,,,"Nick Pivetta","15454",601713
"Corbin Burnes","MIL",2,1,,4.114285714285714,15,5,0.36899998784065247,,,35,,33,17,16,4,13,0,1,39,10.028571428571428,3.342857142857143,3,1.0285714285714285,,,,,1.3142857142857143,,0.7178217821782178,,,3.6711523328508653,0.7131476240687695,,,,,,,,,161.84499993920326,4.6241428554058075,160.84499993920326,4.595571426834379,,,,,,,,,,,,,,,,,,,"Corbin Burnes","19361",669203
"Devin Smeltzer","MIN",3,2,,4.584905660377358,12,9,0,,,53,,57,29,27,9,13,0,2,45,7.6415094339622645,2.207547169811321,3.4615384615384617,1.528301886792453,,,,,1.320754716981132,,0.7142857142857143,,,4.5725000417457435,0.7076315356453075,,,,,,,,,178.30000000000004,3.3641509433962273,193,3.641509433962264,,,,,,,,,,,,,,,,,,,"Devin Smeltzer","19487",656970
"Lance McCullers Jr.","HOU",3,2,,4,7,7,0,,,36,,34,17,16,4,16,0,2,40,10,4,2.5,1,,,,,1.3888888888888888,,0.7432432432432433,,,3.9362316979302303,0.7061812987785435,,,,,,,,,154.80000000000004,4.300000000000001,154,4.277777777777778,,,,,,,,,,,,,,,,,,,"Lance McCullers Jr.","14120",621121
"Jeff Hoffman","COL",4,3,,5.166666666666667,11,10,0,,,54,,54,33,31,8,23,1,2,51,8.5,3.8333333333333335,2.217391304347826,1.3333333333333333,,,,,1.4259259259259258,,0.668693009118541,,,4.639935401633934,0.7059508260335732,,,,,,,,,187.80000000000004,3.4777777777777783,193,3.574074074074074,,,,,,,,,,,,,,,,,,,"Jeff Hoffman","17432",656546
"Miles Mikolas","STL",4,3,,3.9836065573770494,11,11,0,,,61,,62,29,27,9,13,1,3,48,7.081967213114754,1.9180327868852458,3.6923076923076925,1.3278688524590163,,,,,1.2295081967213115,,0.7371794871794872,,,4.345157016691615,0.7057701697502659,,,,,,,,,227.50000000000009,3.729508196721313,236,3.8688524590163933,,,,,,,,,,,,,,,,,,,"Miles Mikolas","9803",571945
"Anthony DeSclafani","CIN",3,3,,4.5,10,10,0,,,52,,52,28,26,10,14,1,1,51,8.826923076923077,2.423076923076923,3.642857142857143,1.7307692307692308,,,,,1.2692307692307692,,0.7307692307692307,,,4.617855629554162,0.7044822587229503,,,,,,,,,183.6,3.5307692307692307,187,3.5961538461538463,,,,,,,,,,,,,,,,,,,"Anthony DeSclafani","13050",543101
"Zach Eflin","PHI",4,4,,4.660714285714286,11,10,0,,,56,,58,31,29,9,16,1,2,47,7.553571428571429,2.5714285714285716,2.9375,1.4464285714285714,,,,,1.3214285714285714,,0.7003257328990228,,,4.589009475708008,0.7021583910100898,,,,,,,,,192.90000000000003,3.4446428571428576,203,3.625,,,,,,,,,,,,,,,,,,,"Zach Eflin","13774",621107
"Zach Plesac","CLE",4,3,,4.576271186440678,11,11,0,,,59,,61,32,30,9,19,0,3,49,7.47457627118644,2.8983050847457625,2.5789473684210527,1.3728813559322033,,,,,1.3559322033898304,,0.7121661721068249,,,4.654687441809703,0.6989410887734119,,,,,,,,,199.30000000000004,3.377966101694916,210,3.559322033898305,,,,,,,,,,,,,,,,,,,"Zach Plesac","19979",668676
"Daniel Norris","DET",3,3,,4.775510204081633,11,10,0,,,49,,51,27,26,7,17,0,1,43,7.8979591836734695,3.122448979591837,2.5294117647058822,1.2857142857142858,,,,,1.3877551020408163,,0.70446735395189,,,4.418091108361069,0.6849652950897117,,,,,,,,,175.9,3.589795918367347,186,3.795918367346939,,,,,,,,,,,,,,,,,,,"Daniel Norris","13475",596057
"Nate Pearson","TOR",2,1,,4.114285714285714,10,10,0,,,35,,33,17,16,5,11,0,2,38,9.771428571428572,2.8285714285714287,3.4545454545454546,1.2857142857142858,,,,,1.2571428571428571,,0.7297297297297297,,,4.014009475708008,0.6832607309790204,,,,,,,,,148.7,4.248571428571428,147,4.2,,,,,,,,,,,,,,,,,,,"Nate Pearson","20160",663878
"Pablo López","MIA",3,3,,4.0212765957446805,10,10,0,,,47,,47,23,21,6,13,2,4,41,7.851063829787234,2.4893617021276597,3.1538461538461537,1.148936170212766,,,,,1.2765957446808511,,0.7170542635658914,,,4.214009475708008,0.6824595924563195,,,,,,,,,182.8,3.8893617021276596,188,4,,,,,,,,,,,,,,,,,,,"Pablo Lopez","17085",641154
"Josh Green","ARI",3,3,,4.304347826086956,9,9,0,,,46,,50,24,22,4,14,0,3,29,5.673913043478261,2.739130434782609,2.0714285714285716,0.782608695652174,,,,,1.391304347826087,,0.684931506849315,,,4.192270345273226,0.6783115662420371,,,,,,,,,168.20000000000005,3.6565217391304357,185,4.021739130434782,,,,,,,,,,,,,,,,,,,"Josh Green","sa3006701",681401
"Patrick Sandoval","LAA",3,3,,4.408163265306122,11,10,0,,,49,,47,25,24,7,20,0,3,49,9,3.673469387755102,2.45,1.2857142857142858,,,,,1.3673469387755102,,0.7342657342657343,,,4.479315598156988,0.6781971960633119,,,,,,,,,183.3,3.7408163265306125,183,3.7346938775510203,,,,,,,,,,,,,,,,,,,"Patrick Sandoval","19447",663776
"Steven Matz","NYM",3,3,,4.153846153846154,10,10,0,,,52,,51,25,24,7,18,1,3,50,8.653846153846153,3.1153846153846154,2.7777777777777777,1.2115384615384615,,,,,1.3269230769230769,,0.7432432432432432,,,4.252471014169546,0.6776194807542573,,,,,,,,,203.1,3.9057692307692307,206,3.9615384615384617,,,,,,,,,,,,,,,,,,,"Steven Matz","13361",571927
"Alex Wood","LAD",3,2,,3.891891891891892,8,7,0,,,37,,35,17,16,5,9,1,1,34,8.27027027027027,2.189189189189189,3.7777777777777777,1.2162162162162162,,,,,1.1891891891891893,,0.7297297297297297,,,3.943739205437738,0.6701916025403409,,,,,,,,,159.3,4.305405405405406,158,4.27027027027027,,,,,,,,,,,,,,,,,,,"Alex Wood","13781",622072
"Cole Hamels","ATL",3,2,,3.980769230769231,10,10,0,,,52,,48,25,23,7,20,0,3,49,8.48076923076923,3.4615384615384617,2.45,1.2115384615384615,,,,,1.3076923076923077,,0.7388316151202748,,,4.4063171680157005,0.6673786917029949,,,,,,,,,202.89999999999998,3.9019230769230764,198,3.8076923076923075,,,,,,,,,,,,,,,,,,,"Cole Hamels","4972",430935
"Madison Bumgarner","ARI",3,3,,4.292307692307692,11,11,0,,,65,,63,34,31,12,16,1,3,62,8.584615384615384,2.2153846153846155,3.875,1.6615384615384616,,,,,1.2153846153846153,,0.7234726688102894,,,4.583240244938777,0.665291164328439,,,,,,,,,236.59999999999997,3.6399999999999997,236,3.6307692307692307,,,,,,,,,,,,,,,,,,,"Madison Bumgarner","5524",518516
"Kyle Gibson","TEX",3,3,,5.1923076923076925,10,9,0,,,52,,56,32,30,8,21,0,2,46,7.961538461538462,3.6346153846153846,2.1904761904761907,1.3846153846153846,,,,,1.4807692307692308,,0.6838905775075989,,,4.7717017834003155,0.6649464859192667,,,,,,,,,163.79999999999998,3.1499999999999995,179,3.4423076923076925,,,,,,,,,,,,,,,,,,,"Kyle Gibson","10123",502043
"Yonny Chirinos","TBR",3,3,,4.32,10,7,0,,,50,,50,26,24,8,11,0,2,44,7.92,1.98,4,1.44,,,,,1.22,,0.7028112449799198,,,4.3140094757080085,0.6625941117916895,,,,,,,,,190.60000000000002,3.8120000000000003,195,3.9,,,,,,,,,,,,,,,,,,,"Yonny Chirinos","16401",630023
"Lewis Thorpe","MIN",3,3,,4.595744680851064,11,9,0,,,47,,48,26,24,9,14,0,2,49,9.382978723404255,2.6808510638297873,3.5,1.7234042553191489,,,,,1.3191489361702127,,0.728744939271255,,,4.639541390601625,0.6607939454177194,,,,,,,,,162.3,3.453191489361702,168,3.574468085106383,,,,,,,,,,,,,,,,,,,"Lewis Thorpe","15906",626929
"Chad Green","NYY",2,1,,3.2142857142857144,21,4,0.2849999964237213,,,28,,22,11,10,4,8,0,1,37,11.892857142857142,2.5714285714285716,4.625,1.2857142857142858,,,,,1.0714285714285714,,0.778688524590164,,,3.3925809042794364,0.6571224371018238,,,,,,,,,149.22499998211867,5.329464285075667,136.4249999821186,4.872321427932808,,,,,,,,,,,,,,,,,,,"Chad Green","15552",643338
"Brent Suter","MIL",2,2,,3.6,10,6,0.36899998784065247,,,35,,33,16,14,5,7,0,1,33,8.485714285714286,1.8,4.714285714285714,1.2857142857142858,,,,,1.1428571428571428,,0.7272727272727273,,,3.871152332850865,0.653930891667679,,,,,,,,,155.54499993920325,4.444142855405807,153.84499993920326,4.395571426834379,,,,,,,,,,,,,,,,,,,"Brent Suter","13942",608718
"Chris Bassitt","OAK",3,2,,4.4,10,9,0,,,45,,44,23,22,6,17,0,3,42,8.4,3.4,2.4705882352941178,1.2,,,,,1.3555555555555556,,0.7224334600760456,,,4.414009475708008,0.6516635998610143,,,,,,,,,168.79999999999998,3.751111111111111,171,3.8,,,,,,,,,,,,,,,,,,,"Chris Bassitt","12304",605135
"Brad Keller","KCR",4,4,,4.5,11,11,0,,,64,,64,34,32,8,26,1,2,47,6.609375,3.65625,1.8076923076923077,1.125,,,,,1.40625,,0.7106598984771574,,,4.682759475708008,0.6505107133702598,,,,,,,,,218.80000000000004,3.4187500000000006,226,3.53125,,,,,,,,,,,,,,,,,,,"Brad Keller","15734",641745
"Adrian Houser","MIL",3,2,,4,14,8,0,,,45,,43,22,20,6,15,0,2,44,8.8,3,2.933333333333333,1.2,,,,,1.288888888888889,,0.7258064516129032,,,4.125120586819119,0.6474086642867956,,,,,,,,,184.39999999999998,4.097777777777777,184,4.088888888888889,,,,,,,,,,,,,,,,,,,"Adrian Houser","12718",605288
"Vince Velasquez","PHI",3,3,,4.5,11,9,0,,,46,,45,25,23,8,17,0,2,52,10.173913043478262,3.3260869565217392,3.0588235294117645,1.565217391304348,,,,,1.3478260869565217,,0.7283464566929134,,,4.453139910490616,0.6430045593081842,,,,,,,,,172,3.739130434782609,173,3.760869565217391,,,,,,,,,,,,,,,,,,,"Vince Velasquez","11189",592826
"Freddy Peralta","MIL",3,2,,4.285714285714286,16,6,0,,,42,,37,22,20,6,20,0,1,50,10.714285714285714,4.285714285714286,2.5,1.2857142857142858,,,,,1.3571428571428572,,0.7201646090534979,,,4.190199951898484,0.6407122804322984,,,,,,,,,177.8,4.233333333333333,169,4.023809523809524,,,,,,,,,,,,,,,,,,,"Freddy Peralta","18679",642547
"Jon Lester","CHC",4,3,,4.339285714285714,10,10,0,,,56,,58,29,27,9,19,0,1,50,8.035714285714286,3.0535714285714284,2.6315789473684212,1.4464285714285714,,,,,1.375,,0.7453416149068323,,,4.589009475708008,0.6390788178663792,,,,,,,,,192.9000000000001,3.444642857142859,203,3.625,,,,,,,,,,,,,,,,,,,"Jon Lester","4930",452657
"Kyle Freeland","COL",4,3,,4.909090909090909,10,10,0,,,55,,57,32,30,8,20,1,2,41,6.709090909090909,3.272727272727273,2.05,1.309090909090909,,,,,1.4,,0.6838905775075989,,,4.8140094757080085,0.6319626386560849,,,,,,,,,176.4,3.2072727272727275,187,3.4,,,,,,,,,,,,,,,,,,,"Kyle Freeland","16256",607536
"Mike Leake","ARI",4,3,,4.728813559322034,10,10,0,,,59,,69,33,31,9,9,1,3,37,5.6440677966101696,1.3728813559322033,4.111111111111111,1.3728813559322033,,,,,1.3220338983050848,,0.6880733944954128,,,4.552992526555466,0.6293718981920028,,,,,,,,,184.50000000000003,3.127118644067797,216,3.6610169491525424,,,,,,,,,,,,,,,,,,,"Mike Leake","10130",502190
"Ross Stripling","LAD",2,1,,3.9705882352941178,12,6,0,,,34,,33,16,15,5,8,1,0,34,9,2.1176470588235294,4.25,1.3235294117647058,,,,,1.2058823529411764,,0.7352941176470589,,,3.8316565345315374,0.6293326320302781,,,,,,,,,148.3,4.361764705882353,149,4.382352941176471,,,,,,,,,,,,,,,,,,,"Ross Stripling","13273",548389
"Sandy Alcantara","MIA",3,4,,4.5,12,12,0,,,72,,70,38,36,9,32,1,3,56,7,4,1.75,1.125,,,,,1.4166666666666667,,0.7158836689038031,,,4.741787253485786,0.6248766731752426,,,,,,,,,247.10000000000008,3.4319444444444454,250,3.4722222222222223,,,,,,,,,,,,,,,,,,,"Sandy Alcantara","18684",645261
"Michael Pineda","MIN",3,2,,4.5,8,8,0,,,44,,46,23,22,8,9,0,1,41,8.386363636363637,1.8409090909090908,4.555555555555555,1.6363636363636365,,,,,1.25,,0.7305936073059361,,,4.39582765752619,0.6217472709608273,,,,,,,,,159.60000000000002,3.627272727272728,168,3.8181818181818183,,,,,,,,,,,,,,,,,,,"Michael Pineda","5372",501381
"Bernardo Flores Jr.","CHW",3,3,,4.745454545454545,10,10,0,,,55,,63,31,29,8,14,0,3,32,5.236363636363636,2.290909090909091,2.2857142857142856,1.309090909090909,,,,,1.4,,0.6990881458966566,,,4.868554930253462,0.6209225800549809,,,,,,,,,157.8,2.869090909090909,184,3.3454545454545452,,,,,,,,,,,,,,,,,,,"Bernardo Flores Jr.","19561",641576
"Zach Davies","SDP",3,3,,4.178571428571429,11,11,0,,,56,,57,27,26,7,18,0,2,39,6.267857142857143,2.892857142857143,2.1666666666666665,1.125,,,,,1.3392857142857142,,0.7361963190184049,,,4.517580904279437,0.6184032092967738,,,,,,,,,198.1,3.5375,207,3.6964285714285716,,,,,,,,,,,,,,,,,,,"Zach Davies","13183",605200
"Shohei Ohtani","LAA",2,1,,3.8076923076923075,4,4,0,,,26,,23,12,11,3,11,0,1,31,10.73076923076923,3.8076923076923075,2.8181818181818183,1.0384615384615385,,,,,1.3076923076923077,,0.7382550335570469,,,3.714009475708008,0.6138495191606336,,,,,,,,,121.69999999999999,4.68076923076923,117,4.5,,,,,,,,,,,,,,,,,,,"Shohei Ohtani","19755",660271
"Jesús Luzardo","OAK",2,1,,3.7241379310344827,8,6,0,,,29,,26,13,12,4,8,0,1,31,9.620689655172415,2.4827586206896552,3.875,1.2413793103448276,,,,,1.1724137931034482,,0.7394366197183099,,,3.800216372259732,0.6134393388569416,,,,,,,,,132.8,4.5793103448275865,128,4.413793103448276,,,,,,,,,,,,,,,,,,,"Jesus Luzardo","19959",666200
"Luis Patiño","SDP",3,3,,3.857142857142857,8,8,0,,,35,,31,16,15,3,18,0,2,36,9.257142857142858,4.628571428571429,2,0.7714285714285715,,,,,1.4,,0.7366071428571429,,,3.9854380471365793,0.6127477086275608,,,,,,,,,153.5,4.385714285714286,148,4.228571428571429,,,,,,,,,,,,,,,,,,,"Luis Patino","22815",672715
"Rich Hill","MIN",3,1,,3.9375,7,7,0,,,32,,27,15,14,5,11,1,2,39,10.96875,3.09375,3.5454545454545454,1.40625,,,,,1.1875,,0.7419354838709677,,,4.026509475708008,0.6105219464888716,,,,,,,,,144.10000000000002,4.503125000000001,134,4.1875,,,,,,,,,,,,,,,,,,,"Rich Hill","4806",448179
"Josh Lindblom","MIL",3,3,,4.415094339622642,9,9,0,,,53,,53,28,26,9,16,0,3,50,8.49056603773585,2.7169811320754715,3.125,1.528301886792453,,,,,1.3018867924528301,,0.7269503546099291,,,4.610235890802348,0.6099761510420109,,,,,,,,,186.70000000000005,3.522641509433963,191,3.6037735849056602,,,,,,,,,,,,,,,,,,,"Josh Lindblom","7882",458676
"Shun Yamaguchi","TOR",3,3,,4.754716981132075,9,9,0,,,53,,51,30,28,9,23,0,3,56,9.50943396226415,3.9056603773584904,2.4347826086956523,1.528301886792453,,,,,1.3962264150943395,,0.7166123778501629,,,4.780047211557065,0.5995221123847227,,,,,,,,,182.90000000000006,3.450943396226416,182,3.4339622641509435,,,,,,,,,,,,,,,,,,,"Shun Yamaguchi","27460",685493
"Danny Duffy","KCR",3,3,,4.764705882352941,9,9,0,,,51,,51,29,27,8,18,0,2,46,8.117647058823529,3.176470588235294,2.5555555555555554,1.411764705882353,,,,,1.3529411764705883,,0.6920415224913495,,,4.625774181590361,0.5939754625391748,,,,,,,,,178.4,3.4980392156862745,183,3.588235294117647,,,,,,,,,,,,,,,,,,,"Danny Duffy","3542",518633
"CC Sabathia","NYY",3,2,,4.5,8,8,0,,,40,,40,21,20,6,14,0,2,36,8.1,3.15,2.5714285714285716,1.35,,,,,1.35,,0.7236842105263158,,,4.5640094757080085,0.5927273042087672,,,,,,,,,142.2,3.5549999999999997,146,3.65,,,,,,,,,,,,,,,,,,,"CC Sabathia","404",282332
"Matt Manning","DET",3,3,,4.6,9,9,0,,,45,,44,24,23,6,20,0,3,43,8.6,4,2.15,1.2,,,,,1.4222222222222223,,0.7194244604316546,,,4.569565031263563,0.5875886584067364,,,,,,,,,161.79999999999998,3.5955555555555554,164,3.6444444444444444,,,,,,,,,,,,,,,,,,,"Matt Manning","20369",666159
"José Urquidy","HOU",3,3,,4.5,11,9,0,,,52,,50,28,26,10,14,0,2,49,8.48076923076923,2.423076923076923,3.5,1.7307692307692308,,,,,1.2307692307692308,,0.72,,,4.752471014169546,0.584401653122552,,,,,,,,,181.8,3.496153846153846,180,3.4615384615384617,,,,,,,,,,,,,,,,,,,"Jose Urquidy","18413",664353
"Dakota Hudson","STL",4,4,,4.285714285714286,13,11,0,,,63,,61,32,30,6,30,1,3,47,6.714285714285714,4.285714285714286,1.5666666666666667,0.8571428571428571,,,,,1.4444444444444444,,0.7142857142857143,,,4.531469793168325,0.5816007531022014,,,,,,,,,228.80000000000004,3.631746031746032,232,3.6825396825396823,,,,,,,,,,,,,,,,,,,"Dakota Hudson","19206",641712
"Domingo Germán","NYY",4,3,,4.595744680851064,10,8,0,,,47,,45,26,24,9,16,0,2,50,9.574468085106384,3.0638297872340425,3.125,1.7234042553191489,,,,,1.297872340425532,,0.7231404958677686,,,4.724647773580348,0.5801137435278292,,,,,,,,,166.10000000000002,3.53404255319149,164,3.4893617021276597,,,,,,,,,,,,,,,,,,,"Domingo German","17149",593334
"Liam Hendriks","OAK",2,1,,3.1153846153846154,25,0,11.217000007629395,,,26,,20,9,9,3,7,1,0,36,12.461538461538462,2.423076923076923,5.142857142857143,1.0384615384615385,,,,,1.0384615384615385,,0.7894736842105263,,,2.7524710141695463,0.5793162064382452,,,,,,,,,210.58500003814697,8.099423078390268,198.08500003814697,7.6186538476210375,,,,,,,,,,,,,,,,,,,"Liam Hendriks","3548",521230
"Tyler Alexander","DET",3,4,,5.142857142857143,11,9,0,,,56,,65,34,32,11,10,0,3,43,6.910714285714286,1.6071428571428572,4.3,1.7678571428571428,,,,,1.3392857142857142,,0.6879194630872483,,,4.928295189993722,0.576644981557435,,,,,,,,,157.10000000000002,2.8053571428571433,184,3.2857142857142856,,,,,,,,,,,,,,,,,,,"Tyler Alexander","17735",641302
"Josh Fleming","TBR",3,4,,4.5,9,8,0,,,52,,58,28,26,7,11,0,3,33,5.711538461538462,1.9038461538461537,3,1.2115384615384615,,,,,1.3269230769230769,,0.6925675675675675,,,4.502471014169546,0.5759531989924026,,,,,,,,,171.89999999999998,3.30576923076923,193,3.7115384615384617,,,,,,,,,,,,,,,,,,,"Josh Fleming","20418",676596
"Jake Arrieta","PHI",3,3,,4.5,9,9,0,,,48,,47,25,24,7,17,1,2,41,7.6875,3.1875,2.411764705882353,1.3125,,,,,1.3333333333333333,,0.7195571955719556,,,4.589009475708008,0.5705837419571852,,,,,,,,,171.90000000000003,3.5812500000000007,174,3.625,,,,,,,,,,,,,,,,,,,"Jake Arrieta","4153",453562
"Jakob Junis","KCR",4,4,,4.790322580645161,11,11,0,,,62,,65,35,33,11,18,0,4,56,8.129032258064516,2.6129032258064515,3.111111111111111,1.596774193548387,,,,,1.3387096774193548,,0.7100591715976332,,,4.778525604740266,0.5698079442161702,,,,,,,,,200.49999999999994,3.2338709677419346,213,3.435483870967742,,,,,,,,,,,,,,,,,,,"Jakob Junis","13619",596001
"Jordan Lyles","TEX",3,3,,5.2,11,8,0,,,45,,47,28,26,8,17,1,1,44,8.8,3.4,2.588235294117647,1.6,,,,,1.4222222222222223,,0.6818181818181819,,,4.769565031263563,0.5672837105700748,,,,,,,,,146.40000000000003,3.2533333333333343,155,3.4444444444444446,,,,,,,,,,,,,,,,,,,"Jordan Lyles","7593",543475
"Martín Pérez","BOS",3,3,,5.09433962264151,10,9,0,,,53,,59,32,30,7,21,0,1,39,6.622641509433962,3.5660377358490565,1.8571428571428572,1.1886792452830188,,,,,1.509433962264151,,0.6837606837606838,,,4.7045755134438565,0.5656094057524087,,,,,,,,,164.70000000000002,3.1075471698113213,186,3.509433962264151,,,,,,,,,,,,,,,,,,,"Martin Perez","6902",527048
"Dinelson Lamet","SDP",3,3,,4.170731707317073,9,9,0,,,41,,34,20,19,6,20,0,3,51,11.195121951219512,4.390243902439025,2.55,1.3170731707317074,,,,,1.3170731707317074,,0.7456140350877193,,,4.311570451317764,0.5639559270237473,,,,,,,,,174.20000000000002,4.248780487804878,160,3.902439024390244,,,,,,,,,,,,,,,,,,,"Dinelson Lamet","17186",659275
"Eric Lauer","MIL",3,3,,4.584905660377358,11,10,0,,,53,,54,29,27,9,19,1,3,51,8.660377358490566,3.2264150943396226,2.6842105263157894,1.528301886792453,,,,,1.3773584905660377,,0.728476821192053,,,4.742311362500461,0.5632088859242785,,,,,,,,,177.10000000000005,3.341509433962265,184,3.4716981132075473,,,,,,,,,,,,,,,,,,,"Eric Lauer","19316",641778
"Yusei Kikuchi","SEA",3,3,,4.584905660377358,10,10,0,,,53,,54,29,27,8,19,0,3,44,7.471698113207547,3.2264150943396226,2.3157894736842106,1.3584905660377358,,,,,1.3773584905660377,,0.7119741100323624,,,4.761179287028763,0.5616692379066986,,,,,,,,,175.40000000000006,3.309433962264152,183,3.452830188679245,,,,,,,,,,,,,,,,,,,"Yusei Kikuchi","20633",579328
"Collin McHugh","HOU",2,1,,3.9375,13,4,0,,,32,,30,16,14,4,11,0,1,35,9.84375,3.09375,3.1818181818181817,1.125,,,,,1.28125,,0.7062146892655368,,,3.776509475708008,0.5591336880193807,,,,,,,,,143.60000000000002,4.487500000000001,142,4.4375,,,,,,,,,,,,,,,,,,,"Collin McHugh","7531",543521
"Michael Kopech","CHW",2,2,,4.25,7,7,0,,,36,,33,19,17,4,20,0,3,38,9.5,5,1.9,1,,,,,1.4722222222222223,,0.7172995780590717,,,4.464009475708008,0.5585172335776023,,,,,,,,,138.40000000000003,3.8444444444444454,135,3.75,,,,,,,,,,,,,,,,,,,"Michael Kopech","17282",656629
"Griffin Canning","LAA",3,2,,4.384615384615385,8,8,0,,,39,,37,20,19,6,14,0,4,41,9.461538461538462,3.230769230769231,2.9285714285714284,1.3846153846153846,,,,,1.3076923076923077,,0.7276995305164319,,,4.49606075775929,0.5542136074902552,,,,,,,,,146.60000000000002,3.7589743589743594,145,3.717948717948718,,,,,,,,,,,,,,,,,,,"Griffin Canning","19867",656288
"Trevor Richards","TBR",3,3,,4.5,11,9,0,,,50,,48,27,25,8,20,1,2,51,9.18,3.6,2.55,1.44,,,,,1.36,,0.721830985915493,,,4.574009475708008,0.5499629056269906,,,,,,,,,182.8,3.656,182,3.64,,,,,,,,,,,,,,,,,,,"Trevor Richards","19309",670950
"Luke Weaver","ARI",3,2,,4.384615384615385,8,7,0,,,39,,39,20,19,6,11,1,2,39,9,2.5384615384615383,3.5454545454545454,1.3846153846153846,,,,,1.2820512820512822,,0.7211538461538461,,,4.214009475708008,0.5490866154861864,,,,,,,,,152.4,3.907692307692308,156,4,,,,,,,,,,,,,,,,,,,"Luke Weaver","16918",596133
"Felipe Vázquez","PIT",1,1,,2.625,23,0,0,,,24,,17,7,7,2,7,0,1,33,12.375,2.625,4.714285714285714,0.75,,,,,1,,0.8018867924528302,,,2.5473428090413415,0.5484251115853591,,,,,,,,,150.8,6.283333333333334,136,5.666666666666667,,,,,,,,,,,,,,,,,,,"Felipe Vazquez","12076",553878
"Sean Manaea","OAK",3,2,,3.857142857142857,7,7,0,,,35,,33,16,15,5,10,0,2,33,8.485714285714286,2.5714285714285716,3.3,1.2857142857142858,,,,,1.2285714285714286,,0.75,,,4.214009475708008,0.5480541141838088,,,,,,,,,141.7,4.048571428571428,140,4,,,,,,,,,,,,,,,,,,,"Sean Manaea","15873",640455
"Michael Fulmer","DET",3,3,,4.285714285714286,7,7,0,,,42,,41,22,20,6,13,0,2,33,7.071428571428571,2.7857142857142856,2.5384615384615383,1.2857142857142858,,,,,1.2857142857142858,,0.7017543859649122,,,4.571152332850865,0.5477035622786275,,,,,,,,,151.39999999999998,3.6047619047619044,153,3.642857142857143,,,,,,,,,,,,,,,,,,,"Michael Fulmer","13218",605242
"Ryan Weber","BOS",2,2,,4.725,11,6,0,,,40,,46,22,21,5,10,0,2,26,5.85,2.25,2.6,1.125,,,,,1.4,,0.6938775510204082,,,4.4390094757080085,0.5383309070748488,,,,,,,,,130.89999999999998,3.2724999999999995,151,3.775,,,,,,,,,,,,,,,,,,,"Ryan Weber","10160",543901
"Brady Singer","KCR",3,3,,4.9411764705882355,10,10,0,,,51,,57,30,28,7,17,0,3,37,6.529411764705882,3,2.176470588235294,1.2352941176470589,,,,,1.4509803921568627,,0.6853582554517134,,,4.723813397276635,0.5321063649243581,,,,,,,,,157.1,3.080392156862745,178,3.4901960784313726,,,,,,,,,,,,,,,,,,,"Brady Singer","25377",663903
"Daulton Jefferies","OAK",1,1,,3.9375,11,6,0,,,32,,31,15,14,5,5,0,1,29,8.15625,1.40625,5.8,1.40625,,,,,1.125,,0.7241379310344828,,,3.995259475708008,0.5311481250211669,,,,,,,,,134.7,4.209375,135,4.21875,,,,,,,,,,,,,,,,,,,"Daulton Jefferies","19345",641726
"Daniel Ponce de Leon","STL",3,3,,4.295454545454546,10,8,0,,,44,,40,23,21,5,23,1,2,43,8.795454545454545,4.704545454545454,1.8695652173913044,1.0227272727272727,,,,,1.4318181818181819,,0.7142857142857143,,,4.4412822029807355,0.5300503594457864,,,,,,,,,171.10000000000002,3.888636363636364,166,3.772727272727273,,,,,,,,,,,,,,,,,,,"Daniel Ponce de Leon","16110",594965
"Merrill Kelly","ARI",4,4,,4.655172413793103,10,10,0,,,58,,61,33,30,9,19,1,3,50,7.758620689655173,2.9482758620689653,2.6315789473684212,1.396551724137931,,,,,1.3793103448275863,,0.6973293768545994,,,4.645043958466629,0.5289410960034838,,,,,,,,,193.90000000000006,3.3431034482758633,207,3.5689655172413794,,,,,,,,,,,,,,,,,,,"Merrill Kelly","11156",518876
"Anthony Banda","TBR",2,2,,4.235294117647059,8,6,0,,,34,,32,17,16,4,14,0,2,32,8.470588235294118,3.7058823529411766,2.2857142857142856,1.0588235294117647,,,,,1.3529411764705883,,0.7178217821782178,,,4.2728330051197725,0.5277683337464083,,,,,,,,,135.20000000000005,3.9764705882352955,134,3.9411764705882355,,,,,,,,,,,,,,,,,,,"Anthony Banda","14706",607455
"Hector Noesí","PIT",3,3,,4.6875,10,8,0,,,48,,50,27,25,7,16,0,3,39,7.3125,3,2.4375,1.3125,,,,,1.375,,0.693950177935943,,,4.672342809041341,0.5274181504618309,,,,,,,,,160.10000000000002,3.335416666666667,170,3.5416666666666665,,,,,,,,,,,,,,,,,,,"Hector Noesi","3292",456051
"Andrew Kittredge","TBR",1,1,,3.3,21,2,0,,,30,,27,12,11,3,8,1,1,31,9.3,2.4,3.875,0.9,,,,,1.1666666666666667,,0.7467532467532467,,,3.3473428090413413,0.5219254059644013,,,,,,,,,149.89999999999998,4.996666666666666,146,4.866666666666666,,,,,,,,,,,,,,,,,,,"Andrew Kittredge","12828",552640
"Adam Wainwright","STL",3,3,,4.404255319148936,9,9,0,,,47,,50,25,23,6,17,1,2,40,7.659574468085107,3.25531914893617,2.3529411764705883,1.148936170212766,,,,,1.425531914893617,,0.7167235494880546,,,4.384222241665455,0.5215835150441179,,,,,,,,,167,3.5531914893617023,180,3.8297872340425534,,,,,,,,,,,,,,,,,,,"Adam Wainwright","2233",425794
"Aaron Civale","CLE",3,3,,4.695652173913044,9,9,0,,,46,,50,26,24,8,11,0,2,36,7.043478260869565,2.152173913043478,3.272727272727273,1.565217391304348,,,,,1.326086956521739,,0.7028112449799198,,,4.757487736577573,0.5209520816180787,,,,,,,,,145,3.152173913043478,159,3.4565217391304346,,,,,,,,,,,,,,,,,,,"Aaron Civale","19479",650644
"Cory Abbott","CHC",3,3,,4.591836734693878,10,10,0,,,49,,47,27,25,7,24,0,3,50,9.183673469387756,4.408163265306122,2.0833333333333335,1.2857142857142858,,,,,1.4489795918367347,,0.7189542483660131,,,4.683397230810049,0.5164330095615207,,,,,,,,,173.3,3.5367346938775515,173,3.5306122448979593,,,,,,,,,,,,,,,,,,,"Cory Abbott","20277",676265
"Julio Urías","LAD",1,1,,3.9,14,4,0,,,30,,26,14,13,4,11,0,1,34,10.2,3.3,3.090909090909091,1.2,,,,,1.2333333333333334,,0.7324840764331211,,,3.8806761423746745,0.5152905308990313,,,,,,,,,137.2,4.573333333333333,130,4.333333333333333,,,,,,,,,,,,,,,,,,,"Julio Urias","14765",628711
"Drew Smyly","SFG",2,2,,4.4,9,8,0,,,45,,43,24,22,7,16,0,1,46,9.2,3.2,2.875,1.4,,,,,1.3111111111111111,,0.7113821138211381,,,4.32512058681912,0.5104985752951335,,,,,,,,,176.09999999999997,3.9133333333333327,175,3.888888888888889,,,,,,,,,,,,,,,,,,,"Drew Smyly","11760",592767
"Jesse Scholtens","SDP",2,3,,4.695652173913044,9,8,0,,,46,,48,25,24,6,16,0,3,37,7.239130434782608,3.130434782608696,2.3125,1.173913043478261,,,,,1.391304347826087,,0.7014388489208633,,,4.540096432229747,0.5101323393400663,,,,,,,,,158.8,3.4521739130434783,169,3.6739130434782608,,,,,,,,,,,,,,,,,,,"Jesse Scholtens","19205",669947
"Drew Gagnon","NYM",2,3,,4.609756097560975,11,6,0,,,41,,42,23,21,6,13,0,2,36,7.902439024390244,2.8536585365853657,2.769230769230769,1.3170731707317074,,,,,1.3414634146341464,,0.6866952789699571,,,4.4579119147323985,0.50766602313608,,,,,,,,,147.40000000000003,3.595121951219513,154,3.7560975609756095,,,,,,,,,,,,,,,,,,,"Drew Gagnon","12545",543193
"Trent Thornton","TOR",3,3,,5.117647058823529,11,10,0,,,51,,55,31,29,10,16,0,2,47,8.294117647058824,2.823529411764706,2.9375,1.7647058823529411,,,,,1.392156862745098,,0.7017543859649122,,,4.978715358060949,0.5066089425498531,,,,,,,,,151.40000000000003,2.9686274509803927,165,3.235294117647059,,,,,,,,,,,,,,,,,,,"Trent Thornton","17948",663423
"Taylor Rogers","MIN",1,1,,3.24,23,0,10.909000396728516,,,25,,21,9,9,2,7,1,1,29,10.44,2.52,4.142857142857143,0.72,,,,,1.12,,0.753968253968254,,,2.894009475708008,0.503972588932131,,,,,,,,,194.3450019836426,7.773800079345704,187.54500198364258,7.501800079345703,,,,,,,,,,,,,,,,,,,"Taylor Rogers","13449",573124
"Jhoulys Chacín","MIN",3,3,,4.891304347826087,10,9,0,,,46,,47,27,25,7,20,1,3,40,7.826086956521739,3.9130434782608696,2,1.3695652173913044,,,,,1.4565217391304348,,0.6993006993006993,,,4.953139910490616,0.5024864878206645,,,,,,,,,143.10000000000002,3.1108695652173917,150,3.260869565217391,,,,,,,,,,,,,,,,,,,"Jhoulys Chacin","2608",468504
"Sean Newcomb","ATL",3,3,,4.304347826086956,16,7,0,,,46,,41,23,22,6,21,0,1,45,8.804347826086957,4.108695652173913,2.142857142857143,1.173913043478261,,,,,1.3478260869565217,,0.7276119402985074,,,4.387922519186269,0.5015675218931399,,,,,,,,,184,4,176,3.8260869565217392,,,,,,,,,,,,,,,,,,,"Sean Newcomb","16943",656794
"Trevor Rogers","MIA",3,3,,4.3125,9,9,0,,,48,,47,24,23,6,19,0,3,40,7.5,3.5625,2.1052631578947367,1.125,,,,,1.375,,0.7291666666666666,,,4.547342809041341,0.5003425281294135,,,,,,,,,173.20000000000005,3.6083333333333343,176,3.6666666666666665,,,,,,,,,,,,,,,,,,,"Trevor Rogers","22286",669432
"Edwin Díaz","NYM",2,1,,2.88,26,0,11.045999526977539,,,25,,17,9,8,3,8,1,1,39,14.04,2.88,4.875,1.08,,,,,1,,0.7692307692307692,,,2.734009475708008,0.4990051976880686,,,,,,,,,210.12999763488767,8.405199905395508,192.2299976348877,7.689199905395508,,,,,,,,,,,,,,,,,,,"Edwin Diaz","14710",621242
"Justus Sheffield","SEA",3,3,,4.821428571428571,12,11,0,,,56,,57,32,30,7,29,0,3,51,8.196428571428571,4.660714285714286,1.7586206896551724,1.125,,,,,1.5357142857142858,,0.7086614173228346,,,4.731866618565151,0.4963680354594665,,,,,,,,,186.10000000000005,3.3232142857142866,195,3.482142857142857,,,,,,,,,,,,,,,,,,,"Justus Sheffield","17285",656954
"Spencer Howard","PHI",2,2,,4.645161290322581,7,7,0,,,31,,29,17,16,4,14,0,2,33,9.580645161290322,4.064516129032258,2.357142857142857,1.1612903225806452,,,,,1.3870967741935485,,0.6951871657754011,,,4.310783669256395,0.49233643957312767,,,,,,,,,122.79999999999998,3.9612903225806444,121,3.903225806451613,,,,,,,,,,,,,,,,,,,"Spencer Howard","23252",675921
"Matt Wisler","MIN",2,2,,4.846153846153846,14,6,0,,,39,,41,22,21,7,10,0,1,37,8.538461538461538,2.3076923076923075,3.7,1.6153846153846154,,,,,1.3076923076923077,,0.703883495145631,,,4.49606075775929,0.4900425227112,,,,,,,,,136.89999999999998,3.5102564102564098,145,3.717948717948718,,,,,,,,,,,,,,,,,,,"Matt Wisler","12804",605538
"Ranger Suarez","PHI",3,2,,4.395348837209302,16,6,0,,,43,,44,23,21,6,13,1,2,36,7.534883720930233,2.7209302325581395,2.769230769230769,1.255813953488372,,,,,1.3255813953488371,,0.6995884773662551,,,4.400055987335915,0.4880238020550727,,,,,,,,,156.99999999999997,3.651162790697674,164,3.813953488372093,,,,,,,,,,,,,,,,,,,"Ranger Suarez","17277",624133
"Sean Hjelle","SFG",3,3,,4.591836734693878,10,10,0,,,49,,52,27,25,6,16,0,3,36,6.612244897959184,2.938775510204082,2.25,1.1020408163265305,,,,,1.3877551020408163,,0.6879194630872483,,,4.499723761422294,0.48523331345851906,,,,,,,,,168.6,3.440816326530612,182,3.7142857142857144,,,,,,,,,,,,,,,,,,,"Sean Hjelle","21481",663546
"Justin Dunn","SEA",3,3,,4.875,10,10,0,,,48,,48,28,26,8,21,0,3,47,8.8125,3.9375,2.238095238095238,1.5,,,,,1.4375,,0.7093425605536332,,,4.922342809041341,0.484576485691848,,,,,,,,,154.00000000000006,3.2083333333333344,158,3.2916666666666665,,,,,,,,,,,,,,,,,,,"Justin Dunn","19268",643290
"Tyler Anderson","SFG",2,2,,4.090909090909091,8,8,0,,,44,,41,22,20,7,14,0,1,44,9,2.8636363636363638,3.142857142857143,1.4318181818181819,,,,,1.25,,0.7300884955752212,,,4.304918566617099,0.4825586585876589,,,,,,,,,175.89999999999998,3.997727272727272,172,3.909090909090909,,,,,,,,,,,,,,,,,,,"Tyler Anderson","12880",542881
"Trevor Oaks","SFG",2,3,,4.275,7,7,0,,,40,,43,21,19,4,10,0,2,22,4.95,2.25,2.2,0.9,,,,,1.325,,0.6751054852320675,,,4.3140094757080085,0.47970802824536296,,,,,,,,,143,3.575,156,3.9,,,,,,,,,,,,,,,,,,,"Trevor Oaks","16468",656805
"Jeremy Walker","ATL",3,3,,4.5,13,5,0,,,42,,45,23,21,5,13,0,2,31,6.642857142857143,2.7857142857142856,2.3846153846153846,1.0714285714285714,,,,,1.380952380952381,,0.6862745098039216,,,4.356866618565151,0.47654544768529056,,,,,,,,,149.3,3.554761904761905,162,3.857142857142857,,,,,,,,,,,,,,,,,,,"Jeremy Walker","19981",668683
"Austin Voth","WSN",3,3,,4.909090909090909,9,9,0,,,44,,45,26,24,8,15,1,2,40,8.181818181818182,3.0681818181818183,2.6666666666666665,1.6363636363636365,,,,,1.3636363636363635,,0.6967213114754098,,,4.918554930253462,0.47504945045972163,,,,,,,,,139.20000000000005,3.1636363636363645,145,3.2954545454545454,,,,,,,,,,,,,,,,,,,"Austin Voth","15047",608723
"Chad Kuhl","PIT",2,2,,4.371428571428571,7,7,0,,,35,,36,18,17,4,16,1,1,31,7.9714285714285715,4.114285714285714,1.9375,1.0285714285714285,,,,,1.4857142857142858,,0.7327586206896552,,,4.38543804713658,0.4746574906691262,,,,,,,,,127.2,3.6342857142857143,134,3.8285714285714287,,,,,,,,,,,,,,,,,,,"Chad Kuhl","14975",641771
"Daniel Mengden","OAK",3,3,,4.6,9,7,0,,,45,,46,25,23,7,15,0,1,36,7.2,3,2.4,1.4,,,,,1.3555555555555556,,0.703125,,,4.702898364596897,0.47054577477916465,,,,,,,,,151.29999999999995,3.362222222222221,158,3.511111111111111,,,,,,,,,,,,,,,,,,,"Daniel Mengden","16980",596043
"Jesús Castillo","MIL",3,3,,4.384615384615385,14,6,0,,,39,,41,21,19,4,13,0,2,26,6,3,2,0.9230769230769231,,,,,1.3846153846153846,,0.6818181818181819,,,4.367855629554162,0.4689291468157616,,,,,,,,,139.8,3.5846153846153848,150,3.8461538461538463,,,,,,,,,,,,,,,,,,,"Jesus Castillo","sa657701",612792
"Luiz Gohara","LAA",2,2,,4.846153846153846,10,8,0,,,39,,38,22,21,7,16,0,2,43,9.923076923076923,3.6923076923076925,2.6875,1.6153846153846154,,,,,1.3846153846153846,,0.7239819004524887,,,4.726829988528521,0.4685373782638853,,,,,,,,,135.7,3.479487179487179,136,3.4871794871794872,,,,,,,,,,,,,,,,,,,"Luiz Gohara","15166",627894
"Kyle Wright","ATL",3,3,,4.5,11,9,0,,,48,,48,26,24,7,20,0,2,46,8.625,3.75,2.3,1.3125,,,,,1.4166666666666667,,0.7216494845360825,,,4.568176142374675,0.4671575969100428,,,,,,,,,170.3,3.547916666666667,175,3.6458333333333335,,,,,,,,,,,,,,,,,,,"Kyle Wright","19665",657140
"Nick Margevicius","SEA",3,3,,4.875,10,9,0,,,48,,53,27,26,8,11,0,3,37,6.9375,2.0625,3.3636363636363638,1.5,,,,,1.3333333333333333,,0.7007575757575758,,,4.714009475708008,0.4657929718996148,,,,,,,,,151.00000000000006,3.1458333333333344,168,3.5,,,,,,,,,,,,,,,,,,,"Nick Margevicius","20395",676606
"Giovanny Gallegos","STL",1,1,,3.375,21,0,4.172999858856201,,,24,,19,9,9,3,6,1,1,32,12,2.25,5.333333333333333,1.125,,,,,1.0416666666666667,,0.7692307692307692,,,3.0473428090413415,0.46516459771707386,,,,,,,,,155.16499929428102,6.465208303928375,144.864999294281,6.036041637261708,,,,,,,,,,,,,,,,,,,"Giovanny Gallegos","14986",606149
"Mitch White","LAD",2,2,,4.628571428571429,9,8,0,,,35,,35,19,18,5,13,0,2,34,8.742857142857142,3.342857142857143,2.6153846153846154,1.2857142857142858,,,,,1.3714285714285714,,0.7073170731707317,,,4.414009475708008,0.46411138942863117,,,,,,,,,129.5,3.7,133,3.8,,,,,,,,,,,,,,,,,,,"Mitch White","19225",669952
"Michael Wacha","NYM",2,3,,4.295454545454546,9,8,0,,,44,,44,23,21,6,17,1,1,39,7.9772727272727275,3.477272727272727,2.2941176470588234,1.2272727272727273,,,,,1.3863636363636365,,0.7224334600760456,,,4.4412822029807355,0.4637996589365882,,,,,,,,,161.4,3.6681818181818184,166,3.772727272727273,,,,,,,,,,,,,,,,,,,"Michael Wacha","14078",608379
"José Leclerc","TEX",1,1,,3.6,25,0,9.98799991607666,,,25,,18,11,10,2,16,0,1,36,12.96,5.76,2.25,0.72,,,,,1.36,,0.7371794871794872,,,3.414009475708008,0.4599229636515762,,,,,,,,,184.5399995803833,7.381599983215332,169.9399995803833,6.797599983215332,,,,,,,,,,,,,,,,,,,"Jose Leclerc","14524",600917
"Antonio Santos","COL",3,3,,5.433962264150943,10,10,0,,,53,,62,34,32,10,14,0,3,40,6.7924528301886795,2.3773584905660377,2.857142857142857,1.6981132075471699,,,,,1.4339622641509433,,0.6774193548387096,,,5.119669853066498,0.45952477948562614,,,,,,,,,137.00000000000003,2.584905660377359,164,3.0943396226415096,,,,,,,,,,,,,,,,,,,"Antonio Santos","20383",665733
"Michael King","NYY",3,2,,4.829268292682927,8,7,0,,,41,,44,23,22,7,10,0,2,33,7.2439024390243905,2.1951219512195124,3.3,1.5365853658536586,,,,,1.3170731707317074,,0.7013574660633484,,,4.701814353756788,0.4589928916063303,,,,,,,,,132.9,3.2414634146341466,144,3.5121951219512195,,,,,,,,,,,,,,,,,,,"Michael King","19853",650633
"Dario Agrazal","DET",3,3,,5.019230769230769,10,10,0,,,52,,60,31,29,9,10,0,4,34,5.884615384615385,1.7307692307692308,3.4,1.5576923076923077,,,,,1.3461538461538463,,0.6794425087108014,,,4.964009475708008,0.4587279122658566,,,,,,,,,144.10000000000002,2.7711538461538465,169,3.25,,,,,,,,,,,,,,,,,,,"Dario Agrazal","15821",642607
"Matt Strahm","SDP",3,3,,3.891891891891892,16,5,0,,,37,,35,17,16,6,11,1,2,40,9.72972972972973,2.675675675675676,3.6363636363636362,1.4594594594594594,,,,,1.2432432432432432,,0.7712765957446808,,,4.214009475708008,0.45782582156105284,,,,,,,,,150,4.054054054054054,148,4,,,,,,,,,,,,,,,,,,,"Matt Strahm","13799",621381
"Josh James","HOU",2,1,,4.064516129032258,13,4,0,,,31,,25,15,14,4,17,0,2,41,11.903225806451612,4.935483870967742,2.411764705882353,1.1612903225806452,,,,,1.3548387096774193,,0.7417582417582418,,,4.084977217643492,0.4572656886896982,,,,,,,,,140.2,4.52258064516129,128,4.129032258064516,,,,,,,,,,,,,,,,,,,"Josh James","16794",657624
"Walker Lockett","NYM",2,3,,4.5,9,7,0,,,42,,46,23,21,6,10,0,2,31,6.642857142857143,2.142857142857143,3.1,1.2857142857142858,,,,,1.3333333333333333,,0.6932773109243697,,,4.452104713803246,0.4572594813698963,,,,,,,,,143.39999999999998,3.4142857142857137,158,3.761904761904762,,,,,,,,,,,,,,,,,,,"Walker Lockett","13804",621141
"Jeff Bain","ARI",3,3,,4.775510204081633,10,10,0,,,49,,51,28,26,6,21,0,3,39,7.163265306122449,3.857142857142857,1.8571428571428572,1.1020408163265305,,,,,1.469387755102041,,0.6918238993710691,,,4.683397230810049,0.45675571089364064,,,,,,,,,162.20000000000002,3.3102040816326532,173,3.5306122448979593,,,,,,,,,,,,,,,,,,,"Jeff Bain","sa829808",656206
"Drew Pomeranz","SDP",1,1,,3.24,26,0,0.4020000100135803,,,25,,19,10,9,2,12,0,0,34,12.24,4.32,2.8333333333333335,0.72,,,,,1.24,,0.7446808510638298,,,2.9740094757080078,0.45655675775923393,,,,,,,,,145.0100000500679,5.800400002002716,133.0100000500679,5.3204000020027165,,,,,,,,,,,,,,,,,,,"Drew Pomeranz","11426",519141
"Reiver Sanmartin","CIN",3,3,,4.909090909090909,9,9,0,,,44,,47,25,24,7,14,0,3,34,6.954545454545454,2.8636363636363638,2.4285714285714284,1.4318181818181819,,,,,1.3863636363636365,,0.703125,,,4.89582765752619,0.45591318705438105,,,,,,,,,134.3,3.0522727272727277,146,3.3181818181818183,,,,,,,,,,,,,,,,,,,"Reiver Sanmartin","19754",665665
"Seth Lugo","NYM",2,1,,3.2142857142857144,22,0,0.6899999976158142,,,28,,22,10,10,3,7,1,1,33,10.607142857142858,2.25,4.714285714285714,0.9642857142857143,,,,,1.0357142857142858,,0.7661290322580645,,,3.106866618565151,0.4557122747387365,,,,,,,,,158.5499999880791,5.662499999574253,146.44999998807907,5.230357142431395,,,,,,,,,,,,,,,,,,,"Seth Lugo","12447",607625
"Touki Toussaint","ATL",3,3,,4.395348837209302,13,7,0,,,43,,40,23,21,5,25,1,3,46,9.627906976744185,5.232558139534884,1.84,1.0465116279069768,,,,,1.5116279069767442,,0.7241379310344828,,,4.539590871056845,0.45374834077824366,,,,,,,,,160.7,3.737209302325581,158,3.6744186046511627,,,,,,,,,,,,,,,,,,,"Touki Toussaint","16929",657053
"Tucker Davidson","ATL",3,3,,4.604651162790698,9,9,0,,,43,,42,24,22,4,26,0,3,39,8.162790697674419,5.441860465116279,1.5,0.8372093023255814,,,,,1.5813953488372092,,0.7051282051282052,,,4.6326141268707985,0.4533905270011719,,,,,,,,,150.8,3.506976744186047,154,3.5813953488372094,,,,,,,,,,,,,,,,,,,"Tucker Davidson","19871",656353
"Brett Conine","HOU",3,2,,4.395348837209302,10,6,0,,,43,,42,23,21,6,17,0,3,38,7.953488372093023,3.558139534883721,2.235294117647059,1.255813953488372,,,,,1.372093023255814,,0.7114624505928854,,,4.655869940824287,0.4527365012318171,,,,,,,,,151.2,3.5162790697674415,153,3.558139534883721,,,,,,,,,,,,,,,,,,,"Brett Conine","sa3008024",669345
"Aaron Sanchez","HOU",3,3,,4.595744680851064,9,9,0,,,47,,47,26,24,6,24,0,3,41,7.851063829787234,4.595744680851064,1.7083333333333333,1.148936170212766,,,,,1.5106382978723405,,0.7188498402555911,,,4.852307348048433,0.45174439145064194,,,,,,,,,152.8,3.2510638297872343,158,3.3617021276595747,,,,,,,,,,,,,,,,,,,"Aaron Sanchez","11490",592717
"Logan Webb","SFG",2,2,,4.135135135135135,8,7,0,,,37,,36,19,17,4,14,0,2,32,7.783783783783784,3.4054054054054053,2.2857142857142856,0.972972972972973,,,,,1.3513513513513513,,0.6981981981981982,,,4.186982448680981,0.4447704175631833,,,,,,,,,147,3.972972972972973,149,4.027027027027027,,,,,,,,,,,,,,,,,,,"Logan Webb","17995",657277
"James Marvel","PIT",3,4,,5.072727272727272,11,10,0,,,55,,60,33,31,7,21,0,3,38,6.218181818181818,3.4363636363636365,1.8095238095238095,1.1454545454545455,,,,,1.4727272727272727,,0.6741573033707865,,,4.79582765752619,0.44345631225980153,,,,,,,,,168.89999999999998,3.0709090909090904,188,3.418181818181818,,,,,,,,,,,,,,,,,,,"James Marvel","19675",621086
"Griffin Jax","MIN",2,2,,4.928571428571429,8,8,0,,,42,,48,24,23,6,11,0,2,25,5.357142857142857,2.357142857142857,2.272727272727273,1.2857142857142858,,,,,1.4047619047619047,,0.691699604743083,,,4.809247570946104,0.4432617246728764,,,,,,,,,123.19999999999999,2.933333333333333,143,3.4047619047619047,,,,,,,,,,,,,,,,,,,"Griffin Jax","20253",643377
"Matt Shoemaker","TOR",2,2,,4.5,5,5,0,,,26,,26,14,13,4,8,0,1,25,8.653846153846153,2.769230769230769,3.125,1.3846153846153846,,,,,1.3076923076923077,,0.7042253521126761,,,4.329394091092624,0.4424973043989917,,,,,,,,,98.59999999999998,3.7923076923076917,101,3.8846153846153846,,,,,,,,,,,,,,,,,,,"Matt Shoemaker","4776",533167
"Alec Bettinger","MIL",2,3,,4.775510204081633,10,10,0,,,49,,50,27,26,9,16,1,3,47,8.63265306122449,2.938775510204082,2.9375,1.653061224489796,,,,,1.346938775510204,,0.7303370786516854,,,4.846662536932498,0.44080466272131863,,,,,,,,,158.90000000000003,3.2428571428571438,165,3.36734693877551,,,,,,,,,,,,,,,,,,,"Alec Bettinger","20312",676424
"José Suarez","LAA",2,2,,4.909090909090909,10,9,0,,,44,,46,26,24,8,17,0,3,40,8.181818181818182,3.477272727272727,2.3529411764705883,1.6363636363636365,,,,,1.4318181818181819,,0.7142857142857143,,,5.123100384798917,0.4371139240341914,,,,,,,,,127.60000000000001,2.9000000000000004,136,3.090909090909091,,,,,,,,,,,,,,,,,,,"Jose Suarez","19911",660761
"Deivi García","NYY",3,3,,4.725,10,8,0,,,40,,37,22,21,7,21,0,2,48,10.8,4.725,2.2857142857142856,1.575,,,,,1.45,,0.7468879668049793,,,4.8140094757080085,0.4346935353254786,,,,,,,,,140.7,3.5174999999999996,136,3.4,,,,,,,,,,,,,,,,,,,"Deivi Garcia","20276",665620
"Ty Blach","BAL",2,3,,5.673913043478261,11,7,0,,,46,,55,31,29,8,15,0,1,28,5.478260869565218,2.9347826086956523,1.8666666666666667,1.565217391304348,,,,,1.5217391304347827,,0.663265306122449,,,5.300965997447138,0.43356410070828133,,,,,,,,,107.00000000000003,2.3260869565217397,134,2.9130434782608696,,,,,,,,,,,,,,,,,,,"Ty Blach","14361",621389
"Nick Anderson","TBR",2,1,,3.272727272727273,22,0,8.123000144958496,,,22,,16,8,8,3,7,1,1,35,14.318181818181818,2.8636363636363638,5,1.2272727272727273,,,,,1.0454545454545454,,0.7978723404255319,,,2.8958276575261896,0.43287200376105966,,,,,,,,,170.9150007247925,7.768863669308749,157.61500072479248,7.164318214763295,,,,,,,,,,,,,,,,,,,"Nick Anderson","18337",623433
"Zack Godley","DET",3,3,,4.928571428571429,10,6,0,,,42,,42,24,23,6,19,1,2,39,8.357142857142858,4.071428571428571,2.0526315789473686,1.2857142857142858,,,,,1.4523809523809523,,0.7034220532319392,,,4.714009475708008,0.43253424730437284,,,,,,,,,142.8,3.4000000000000004,147,3.5,,,,,,,,,,,,,,,,,,,"Zack Godley","14862",643327
"Johnny Cueto","SFG",2,2,,4.153846153846154,7,7,0,,,39,,39,19,18,6,10,0,2,33,7.615384615384615,2.3076923076923075,3.3,1.3846153846153846,,,,,1.2564102564102564,,0.7389162561576355,,,4.444778706477239,0.4321739106502103,,,,,,,,,143.4,3.676923076923077,147,3.769230769230769,,,,,,,,,,,,,,,,,,,"Johnny Cueto","6893",456501
"Chandler Shepherd","BAL",2,3,,5.2,9,8,0,,,45,,51,28,26,8,15,0,2,35,7,3,2.3333333333333335,1.6,,,,,1.4666666666666666,,0.6934306569343066,,,5.102898364596896,0.4274495066598445,,,,,,,,,121,2.688888888888889,140,3.111111111111111,,,,,,,,,,,,,,,,,,,"Chandler Shepherd","16166",605469
"Steven Moyers","SEA",3,3,,4.909090909090909,10,9,0,,,55,,63,32,30,9,12,0,3,34,5.5636363636363635,1.9636363636363636,2.8333333333333335,1.4727272727272727,,,,,1.3636363636363635,,0.6891025641025641,,,4.923100384798917,0.4265449380724921,,,,,,,,,155.5,2.827272727272727,181,3.290909090909091,,,,,,,,,,,,,,,,,,,"Steven Moyers","sa920718",670625
"Colin Poche","TBR",3,2,,3.3333333333333335,23,1,0.4059999883174896,,,27,,20,11,10,4,11,0,1,39,13,3.6666666666666665,3.5454545454545454,1.3333333333333333,,,,,1.1481481481481481,,0.7874015748031497,,,3.5843798460783782,0.42613358796608014,,,,,,,,,142.62999994158747,5.282592590429165,127.02999994158745,4.704814812651387,,,,,,,,,,,,,,,,,,,"Colin Poche","19403",621363
"Stephen Gonsalves","NYM",3,3,,4.615384615384615,9,8,0,,,39,,36,21,20,4,22,0,2,37,8.538461538461538,5.076923076923077,1.6818181818181819,0.9230769230769231,,,,,1.4871794871794872,,0.7061068702290076,,,4.49606075775929,0.42574489055467474,,,,,,,,,147.8,3.78974358974359,145,3.717948717948718,,,,,,,,,,,,,,,,,,,"Stephen Gonsalves","15492",624427
"Spencer Turnbull","DET",3,4,,4.584905660377358,10,10,0,,,53,,54,29,27,9,21,0,6,53,9,3.5660377358490565,2.5238095238095237,1.528301886792453,,,,,1.4150943396226414,,0.7371794871794872,,,4.949858532311781,0.42539063210359923,,,,,,,,,166.10000000000005,3.133962264150944,173,3.2641509433962264,,,,,,,,,,,,,,,,,,,"Spencer Turnbull","16207",605513
"Sal Romano","CIN",3,3,,4.829268292682927,16,6,0,,,41,,42,23,22,6,16,1,2,38,8.341463414634147,3.5121951219512195,2.375,1.3170731707317074,,,,,1.4146341463414633,,0.7056451612903225,,,4.579863134244594,0.42439138239131535,,,,,,,,,142.40000000000003,3.473170731707318,149,3.6341463414634148,,,,,,,,,,,,,,,,,,,"Sal Romano","13690",607219
"Tyler Phillips","TEX",4,4,,5.2,9,9,0,,,45,,53,27,26,8,11,0,3,30,6,2.2,2.727272727272727,1.6,,,,,1.4222222222222223,,0.7007575757575758,,,5.125120586819119,0.4240092624637819,,,,,,,,,114.79999999999998,2.5511111111111107,139,3.088888888888889,,,,,,,,,,,,,,,,,,,"Tyler Phillips","20629",663969
"Zac Lowther","BAL",3,4,,5.170212765957447,9,9,0,,,47,,47,29,27,8,24,0,3,44,8.425531914893616,4.595744680851064,1.8333333333333333,1.5319148936170213,,,,,1.5106382978723405,,0.7023411371237459,,,5.2778392629420505,0.42352548451612965,,,,,,,,,134.2,2.85531914893617,138,2.9361702127659575,,,,,,,,,,,,,,,,,,,"Zac Lowther","20243",675912
"Brett Anderson","MIL",3,3,,4.68,10,10,0,,,50,,57,28,26,7,14,0,1,28,5.04,2.52,2,1.26,,,,,1.42,,0.7026143790849673,,,4.8140094757080085,0.4216827065904657,,,,,,,,,146.69999999999996,2.9339999999999993,170,3.4,,,,,,,,,,,,,,,,,,,"Brett Anderson","8223",474463
"Logan Gilbert","SEA",3,3,,4.8,10,10,0,,,45,,45,25,24,8,15,0,2,42,8.4,3,2.8,1.6,,,,,1.3333333333333333,,0.7172131147540984,,,4.7917872534857855,0.42072466134620135,,,,,,,,,150.60000000000002,3.346666666666667,154,3.422222222222222,,,,,,,,,,,,,,,,,,,"Logan Gilbert","22250",669302
"Tanner Scott","BAL",2,1,,3.8076923076923075,23,0,0,,,26,,21,11,11,2,14,1,1,32,11.076923076923077,4.846153846153846,2.2857142857142856,0.6923076923076923,,,,,1.3461538461538463,,0.7453416149068323,,,3.483240244938777,0.42032760824399107,,,,,,,,,132.2,5.084615384615384,123,4.730769230769231,,,,,,,,,,,,,,,,,,,"Tanner Scott","17586",656945
"Jeff Samardzija","SFG",3,4,,4.5,9,9,0,,,52,,51,28,26,9,14,1,1,43,7.4423076923076925,2.423076923076923,3.0714285714285716,1.5576923076923077,,,,,1.25,,0.7061068702290076,,,4.67554793724647,0.42010501975086234,,,,,,,,,182.50000000000003,3.509615384615385,184,3.5384615384615383,,,,,,,,,,,,,,,,,,,"Jeff Samardzija","3254",502188
"Ricardo Sánchez","STL",3,4,,4.6875,10,10,0,,,48,,53,27,25,6,16,0,3,32,6,3,2,1.125,,,,,1.4375,,0.693069306930693,,,4.693176142374675,0.41987051342561843,,,,,,,,,150.60000000000002,3.1375000000000006,169,3.5208333333333335,,,,,,,,,,,,,,,,,,,"Ricardo Sanchez","17581",645307
"Garrett Williams","LAA",3,3,,4.846153846153846,11,7,0,,,39,,39,23,21,4,24,1,2,34,7.846153846153846,5.538461538461538,1.4166666666666667,0.9230769230769231,,,,,1.6153846153846154,,0.6968641114982579,,,4.803753065451597,0.4158528929058407,,,,,,,,,128.00000000000003,3.282051282051283,133,3.41025641025641,,,,,,,,,,,,,,,,,,,"Garrett Williams","sa738512",624526
"Aroldis Chapman","NYY",1,0,,2.8421052631578947,20,0,12.835000038146973,,,19,,12,6,6,2,9,0,1,31,14.68421052631579,4.2631578947368425,3.4444444444444446,0.9473684210526315,,,,,1.105263157894737,,0.8241758241758242,,,2.8982200020237974,0.41507043837992247,,,,,,,,,180.97500019073487,9.525000010038678,165.17500019073486,8.693421062670255,,,,,,,,,,,,,,,,,,,"Aroldis Chapman","10233",547973
"Félix Peña","LAA",2,2,,4.846153846153846,8,5,0,,,39,,39,22,21,7,14,1,2,40,9.23076923076923,3.230769230769231,2.857142857142857,1.6153846153846154,,,,,1.358974358974359,,0.7175925925925926,,,4.726829988528521,0.41486788903115673,,,,,,,,,133.1,3.4128205128205127,136,3.4871794871794872,,,,,,,,,,,,,,,,,,,"Felix Pena","13403",570240
"Matt Barnes","BOS",2,1,,3.5217391304347827,24,0,1.9700000286102295,,,23,,17,10,9,2,13,0,1,36,14.08695652173913,5.086956521739131,2.769230769230769,0.782608695652174,,,,,1.3043478260869565,,0.7352941176470589,,,3.0400964322297472,0.41473101832594395,,,,,,,,,141.25000014305118,6.141304354045704,128.85000014305115,5.602173919263094,,,,,,,,,,,,,,,,,,,"Matt Barnes","12863",598264
"Tarik Skubal","DET",3,3,,4.909090909090909,10,10,0,,,44,,42,25,24,8,19,0,2,46,9.409090909090908,3.8863636363636362,2.4210526315789473,1.6363636363636365,,,,,1.3863636363636365,,0.7228915662650602,,,4.918554930253462,0.4123818575535406,,,,,,,,,147.00000000000006,3.340909090909092,145,3.2954545454545454,,,,,,,,,,,,,,,,,,,"Tarik Skubal","22267",669373
"Danny Salazar","CLE",2,2,,4.666666666666667,6,6,0,,,27,,26,15,14,4,13,0,0,32,10.666666666666666,4.333333333333333,2.4615384615384617,1.3333333333333333,,,,,1.4444444444444444,,0.718562874251497,,,4.214009475708008,0.4120343772501519,,,,,,,,,108.00000000000001,4.000000000000001,108,4,,,,,,,,,,,,,,,,,,,"Danny Salazar","5867",517593
"Sterling Sharp","MIA",2,3,,4.621621621621622,7,7,0,,,37,,40,20,19,4,13,0,2,25,6.081081081081081,3.1621621621621623,1.9230769230769231,0.972972972972973,,,,,1.4324324324324325,,0.6962025316455697,,,4.484279745978278,0.41134985660439755,,,,,,,,,125.60000000000002,3.394594594594595,138,3.72972972972973,,,,,,,,,,,,,,,,,,,"Sterling Sharp","19671",643532
"Damon Jones","PHI",2,2,,4.973684210526316,9,9,0,,,38,,34,22,21,4,29,0,3,44,10.421052631578947,6.868421052631579,1.5172413793103448,0.9473684210526315,,,,,1.6578947368421053,,0.7142857142857143,,,4.79295684412906,0.4088149546517545,,,,,,,,,135.6,3.568421052631579,130,3.4210526315789473,,,,,,,,,,,,,,,,,,,"Damon Jones","23310",676103
"Zac Grotz","SEA",2,1,,3.857142857142857,13,3,0,,,28,,27,13,12,3,8,0,1,24,7.714285714285714,2.5714285714285716,3,0.9642857142857143,,,,,1.25,,0.7142857142857143,,,3.856866618565151,0.4059719953027123,,,,,,,,,121.10000000000001,4.325,122,4.357142857142857,,,,,,,,,,,,,,,,,,,"Zac Grotz","18256",665093
"Mike Baumann","BAL",3,3,,5.142857142857143,9,9,0,,,42,,43,26,24,6,23,0,3,36,7.714285714285714,4.928571428571429,1.565217391304348,1.2857142857142858,,,,,1.5714285714285714,,0.6944444444444444,,,5.214009475708008,0.40448760590072697,,,,,,,,,119.2,2.8380952380952382,126,3,,,,,,,,,,,,,,,,,,,"Mike Baumann","20206",657508
"Brock Burke","TEX",2,2,,5.2105263157894735,8,8,0,,,38,,43,24,22,6,16,0,2,30,7.105263157894737,3.789473684210526,1.875,1.4210526315789473,,,,,1.5526315789473684,,0.691699604743083,,,5.108746317813271,0.4044785460609708,,,,,,,,,101.59999999999998,2.673684210526315,118,3.1052631578947367,,,,,,,,,,,,,,,,,,,"Brock Burke","17968",656271
"Julio Teheran","LAA",4,4,,4.721311475409836,11,11,0,,,61,,56,34,32,12,27,1,3,59,8.704918032786885,3.9836065573770494,2.185185185185185,1.7704918032786885,,,,,1.360655737704918,,0.7401812688821752,,,5.312370131445713,0.4029582630317631,,,,,,,,,186.20000000000007,3.0524590163934437,177,2.901639344262295,,,,,,,,,,,,,,,,,,,"Julio Teheran","6797",527054
"Antonio Senzatela","COL",4,4,,5.5,11,10,0,,,54,,61,35,33,8,21,1,2,35,5.833333333333333,3.5,1.6666666666666667,1.3333333333333333,,,,,1.5185185185185186,,0.6638418079096046,,,5.121416883115415,0.40238092315872265,,,,,,,,,143.60000000000005,2.6592592592592603,167,3.0925925925925926,,,,,,,,,,,,,,,,,,,"Antonio Senzatela","15488",622608
"Tyler Chatwood","CHC",2,2,,4.5,11,5,0,,,36,,31,19,18,3,22,0,1,33,8.25,5.5,1.5,0.75,,,,,1.4722222222222223,,0.6967213114754098,,,4.380676142374675,0.4005427364068786,,,,,,,,,145.90000000000003,4.052777777777779,138,3.8333333333333335,,,,,,,,,,,,,,,,,,,"Tyler Chatwood","4338",543022
"Keyvius Sampson","SFG",2,3,,4.75,8,5,0,,,36,,29,20,19,4,20,0,1,38,9.5,5,1.9,1,,,,,1.3611111111111112,,0.6682027649769585,,,4.297342809041341,0.3999377091527909,,,,,,,,,154.80000000000004,4.300000000000001,141,3.9166666666666665,,,,,,,,,,,,,,,,,,,"Keyvius Sampson","10039",572102
"Diego Castillo","TBR",3,2,,3.6666666666666665,23,2,1.625,,,27,,23,11,11,3,10,1,1,30,10,3.3333333333333335,3,1,,,,,1.2222222222222223,,0.7638888888888888,,,3.6584539201524526,0.398601763139535,,,,,,,,,138.225,5.1194444444444445,131.125,4.856481481481482,,,,,,,,,,,,,,,,,,,"Diego Castillo","17496",650895
"Tyler Ivey","HOU",1,1,,4.5,7,6,0,,,28,,27,16,14,4,12,0,1,29,9.321428571428571,3.857142857142857,2.4166666666666665,1.2857142857142858,,,,,1.3928571428571428,,0.688622754491018,,,4.392580904279437,0.3981792615564147,,,,,,,,,106.80000000000005,3.8142857142857163,107,3.8214285714285716,,,,,,,,,,,,,,,,,,,"Tyler Ivey","20237",663959
"Caleb Ferguson","LAD",1,1,,3.6666666666666665,20,2,0,,,27,,22,11,11,3,12,1,2,34,11.333333333333334,4,2.8333333333333335,1,,,,,1.2592592592592593,,0.7718120805369127,,,3.6954909571894894,0.3981380537581425,,,,,,,,,131.7,4.877777777777777,122,4.518518518518518,,,,,,,,,,,,,,,,,,,"Caleb Ferguson","19349",657571
"Thomas Eshelman","BAL",2,3,,5.4375,10,8,0,,,48,,56,31,29,10,12,0,2,34,6.375,2.25,2.8333333333333335,1.875,,,,,1.4166666666666667,,0.6851851851851852,,,5.380676142374675,0.3976689015382309,,,,,,,,,112.60000000000005,2.3458333333333345,136,2.8333333333333335,,,,,,,,,,,,,,,,,,,"Thomas Eshelman","18361",664045
"Roberto Osuna","HOU",2,1,,3.130434782608696,24,0,12.081999778747559,,,23,,19,8,8,3,4,0,1,26,10.173913043478262,1.565217391304348,6.5,1.173913043478261,,,,,1,,0.7978723404255319,,,3.3009659974471384,0.39733280120513803,,,,,,,,,181.3099988937378,7.883043430162513,173.4099988937378,7.539565169292947,,,,,,,,,,,,,,,,,,,"Roberto Osuna","13764",532077
"Daniel Castano","MIA",3,3,,4.595744680851064,11,6,0,,,47,,50,25,24,6,16,0,3,35,6.702127659574468,3.0638297872340425,2.1875,1.148936170212766,,,,,1.4042553191489362,,0.7118055555555556,,,4.596988199112263,0.39684444451019163,,,,,,,,,157,3.3404255319148937,170,3.617021276595745,,,,,,,,,,,,,,,,,,,"Daniel Castano","19805",641447
"Gabriel Ynoa","BAL",2,3,,5.170212765957447,13,7,0,,,47,,54,29,27,8,12,0,2,29,5.553191489361702,2.297872340425532,2.4166666666666665,1.5319148936170213,,,,,1.4042553191489362,,0.6751824817518248,,,5.086349901239923,0.3962825145883542,,,,,,,,,124.99999999999997,2.659574468085106,147,3.127659574468085,,,,,,,,,,,,,,,,,,,"Gabriel Ynoa","12938",593679
"Carlos Rodón","CHW",2,2,,4.628571428571429,6,6,0,,,35,,34,19,18,6,16,0,1,36,9.257142857142858,4.114285714285714,2.25,1.542857142857143,,,,,1.4285714285714286,,0.7451923076923077,,,4.842580904279437,0.3956680733473951,,,,,,,,,117.79999999999998,3.365714285714285,118,3.3714285714285714,,,,,,,,,,,,,,,,,,,"Carlos Rodon","16137",607074
"Ian Anderson","ATL",3,3,,4.595744680851064,10,10,0,,,47,,44,26,24,7,26,0,3,51,9.76595744680851,4.9787234042553195,1.9615384615384615,1.3404255319148937,,,,,1.4893617021276595,,0.7308970099667774,,,4.831030752303753,0.3956202460221434,,,,,,,,,162.29999999999998,3.4531914893617017,159,3.382978723404255,,,,,,,,,,,,,,,,,,,"Ian Anderson","19951",666120
"Jimmy Nelson","LAD",2,2,,4.25,9,6,0,,,36,,35,19,17,5,16,0,3,37,9.25,4,2.3125,1.25,,,,,1.4166666666666667,,0.7272727272727273,,,4.547342809041341,0.39426840724478573,,,,,,,,,130.90000000000003,3.636111111111112,132,3.6666666666666665,,,,,,,,,,,,,,,,,,,"Jimmy Nelson","10547",519076
"Aaron Wilkerson","MIL",2,2,,4.885714285714286,9,7,0,,,35,,36,21,19,6,14,0,1,34,8.742857142857142,3.6,2.4285714285714284,1.542857142857143,,,,,1.4285714285714286,,0.6971153846153846,,,4.785438047136579,0.3930989583604696,,,,,,,,,114.59999999999998,3.2742857142857136,120,3.4285714285714284,,,,,,,,,,,,,,,,,,,"Aaron Wilkerson","16904",658792
"Mike Montgomery","KCR",2,2,,4.378378378378378,13,6,0,,,37,,39,19,18,4,14,1,3,29,7.054054054054054,3.4054054054054053,2.0714285714285716,0.972972972972973,,,,,1.4324324324324325,,0.7172995780590717,,,4.430225691924225,0.39305155207997117,,,,,,,,,130.20000000000002,3.5189189189189194,140,3.7837837837837838,,,,,,,,,,,,,,,,,,,"Mike Montgomery","4869",543557
"Paul Blackburn","OAK",3,3,,4.875,10,9,0,,,48,,53,28,26,7,14,0,2,32,6,2.625,2.2857142857142856,1.3125,,,,,1.3958333333333333,,0.6818181818181818,,,4.776509475708008,0.392069400479606,,,,,,,,,147.3,3.06875,165,3.4375,,,,,,,,,,,,,,,,,,,"Paul Blackburn","14739",621112
"Wade Miley","CIN",3,3,,4.959183673469388,10,10,0,,,49,,52,29,27,8,20,0,2,40,7.346938775510204,3.673469387755102,2,1.469387755102041,,,,,1.469387755102041,,0.7072368421052632,,,5.050744169585559,0.39040982918468153,,,,,,,,,143.00000000000003,2.9183673469387763,155,3.163265306122449,,,,,,,,,,,,,,,,,,,"Wade Miley","8779",489119
"Austin Adams","SEA",1,1,,3,16,0,0,,,18,,12,7,6,1,11,0,1,29,14.5,5.5,2.6363636363636362,0.5,,,,,1.2777777777777777,,0.7407407407407407,,,2.714009475708008,0.3876127289545915,,,,,,,,,111.7,6.205555555555556,99,5.5,,,,,,,,,,,,,,,,,,,"Austin Adams","13801",613534
"A.J. Puk","OAK",2,1,,3.96,10,4,0,,,25,,22,12,11,3,13,0,1,28,10.08,4.68,2.1538461538461537,1.08,,,,,1.4,,0.7467532467532467,,,4.214009475708008,0.3875574899006308,,,,,,,,,104.89999999999999,4.196,100,4,,,,,,,,,,,,,,,,,,,"A.J. Puk","19343",640462
"Kyle Kubat","CHW",2,3,,4.973684210526316,10,7,0,,,38,,43,22,21,6,10,0,2,25,5.921052631578948,2.3684210526315788,2.5,1.4210526315789473,,,,,1.394736842105263,,0.695067264573991,,,4.898220002023797,0.3872274991324051,,,,,,,,,109.59999999999998,2.884210526315789,126,3.3157894736842106,,,,,,,,,,,,,,,,,,,"Kyle Kubat","sa827380",665417
"Sam Selman","SFG",1,1,,3.6,17,0,0,,,20,,14,8,8,1,12,0,1,28,12.6,5.4,2.3333333333333335,0.45,,,,,1.3,,0.7317073170731707,,,3.014009475708008,0.3862958933997172,,,,,,,,,116.29999999999998,5.8149999999999995,104,5.2,,,,,,,,,,,,,,,,,,,"Sam Selman","13397",572125
"Chris Stratton","PIT",2,3,,4.829268292682927,11,6,0,,,41,,44,23,22,6,16,0,1,35,7.682926829268292,3.5121951219512195,2.1875,1.3170731707317074,,,,,1.4634146341463414,,0.7170542635658914,,,4.65303386595191,0.38289066946276634,,,,,,,,,134.20000000000002,3.2731707317073173,146,3.5609756097560976,,,,,,,,,,,,,,,,,,,"Chris Stratton","13761",608717
"Josiah Gray","LAD",2,3,,5,10,10,0,,,45,,46,27,25,8,13,0,2,37,7.4,2.6,2.8461538461538463,1.6,,,,,1.3111111111111111,,0.6694560669456068,,,4.880676142374675,0.3826000392181055,,,,,,,,,144,3.2,150,3.3333333333333335,,,,,,,,,,,,,,,,,,,"Josiah Gray","24580",680686
"Brandon Gold","COL",3,3,,5.711538461538462,10,10,0,,,52,,66,35,33,10,11,0,3,33,5.711538461538462,1.9038461538461537,3,1.7307692307692308,,,,,1.4807692307692308,,0.6666666666666666,,,5.252471014169546,0.3819880684905195,,,,,,,,,114.20000000000002,2.1961538461538463,154,2.9615384615384617,,,,,,,,,,,,,,,,,,,"Brandon Gold","sa872724",641620
"Kenley Jansen","LAD",1,1,,3.272727272727273,22,0,12.821000099182129,,,22,,17,8,8,3,6,0,1,29,11.863636363636363,2.4545454545454546,4.833333333333333,1.2272727272727273,,,,,1.0454545454545454,,0.7978723404255319,,,3.304918566617099,0.3813562993211125,,,,,,,,,182.80500049591063,8.309318204359574,172.10500049591064,7.8229545679959385,,,,,,,,,,,,,,,,,,,"Kenley Jansen","3096",445276
"Adrian Sampson","TEX",3,3,,5.318181818181818,12,6,0,,,44,,52,28,26,8,11,0,3,31,6.340909090909091,2.25,2.8181818181818183,1.6363636363636365,,,,,1.4318181818181819,,0.6756756756756757,,,5.123100384798917,0.3805605092447778,,,,,,,,,112,2.5454545454545454,136,3.090909090909091,,,,,,,,,,,,,,,,,,,"Adrian Sampson","13339",592716
"Zack Littell","MIN",1,1,,3.9,24,0,0,,,30,,28,14,13,3,12,0,1,29,8.7,3.6,2.4166666666666665,0.9,,,,,1.3333333333333333,,0.7262569832402235,,,3.8806761423746745,0.38018283541354575,,,,,,,,,131.3,4.376666666666667,130,4.333333333333333,,,,,,,,,,,,,,,,,,,"Zack Littell","15823",641793
"Alex Cobb","BAL",3,3,,5.2,8,8,0,,,45,,50,28,26,9,12,1,1,31,6.2,2.4,2.5833333333333335,1.8,,,,,1.3777777777777778,,0.688259109311741,,,5.3028983645968975,0.3796108881117846,,,,,,,,,115.30000000000001,2.5622222222222226,131,2.911111111111111,,,,,,,,,,,,,,,,,,,"Alex Cobb","6562",502171
"Matt Hall","BOS",2,2,,5.142857142857143,14,6,0,,,42,,43,25,24,6,21,0,3,41,8.785714285714286,4.5,1.9523809523809523,1.2857142857142858,,,,,1.5238095238095237,,0.7014388489208633,,,4.8330570947556275,0.37939512380577495,,,,,,,,,135.2,3.2190476190476187,142,3.380952380952381,,,,,,,,,,,,,,,,,,,"Matt Hall","18076",664180
"Brad Hand","CLE",2,1,,3.375,23,0,11.1899995803833,,,24,,18,9,9,3,8,1,2,33,12.375,3,4.125,1.125,,,,,1.0833333333333333,,0.7798165137614679,,,3.339009475708008,0.37526628598493283,,,,,,,,,185.8499979019165,7.743749912579855,172.9499979019165,7.206249912579854,,,,,,,,,,,,,,,,,,,"Brad Hand","9111",543272
"Nathan Eovaldi","BOS",1,1,,4.935483870967742,8,6,0,,,31,,33,18,17,5,10,0,1,30,8.709677419354838,2.903225806451613,3,1.4516129032258065,,,,,1.3870967741935485,,0.6944444444444444,,,4.439815927320911,0.37496901467019034,,,,,,,,,109.09999999999998,3.5193548387096767,117,3.774193548387097,,,,,,,,,,,,,,,,,,,"Nathan Eovaldi","9132",543135
"Cal Quantrill","SDP",3,4,,4.86,10,9,0,,,50,,53,29,27,8,17,1,2,41,7.38,3.06,2.411764705882353,1.44,,,,,1.4,,0.6972789115646258,,,4.794009475708008,0.374553399228903,,,,,,,,,158.8,3.176,171,3.42,,,,,,,,,,,,,,,,,,,"Cal Quantrill","19312",615698
"Ervin Santana","NYM",2,3,,4.714285714285714,7,7,0,,,42,,41,23,22,7,13,0,1,33,7.071428571428571,2.7857142857142856,2.5384615384615383,1.5,,,,,1.2857142857142858,,0.7013574660633484,,,4.809247570946104,0.374058577260355,,,,,,,,,142.09999999999997,3.3833333333333324,143,3.4047619047619047,,,,,,,,,,,,,,,,,,,"Ervin Santana","3200",429722
"Dereck Rodríguez","SFG",3,3,,4.5,11,8,0,,,48,,49,26,24,7,16,0,2,39,7.3125,3,2.4375,1.3125,,,,,1.3541666666666667,,0.7065217391304347,,,4.609842809041341,0.37304853682560035,,,,,,,,,165.70000000000002,3.452083333333334,173,3.6041666666666665,,,,,,,,,,,,,,,,,,,"Dereck Rodriguez","14509",605446
"Jerad Eickhoff","SDP",2,3,,4.5,8,7,0,,,38,,38,21,19,6,14,0,1,34,8.052631578947368,3.3157894736842106,2.4285714285714284,1.4210526315789473,,,,,1.368421052631579,,0.7110091743119266,,,4.66137789676064,0.37278148339930045,,,,,,,,,131.59999999999997,3.4631578947368413,135,3.5526315789473686,,,,,,,,,,,,,,,,,,,"Jerad Eickhoff","12664",595191
"Casey Mize","DET",2,2,,4.75,8,8,0,,,36,,39,20,19,6,10,0,2,28,7,2.5,2.8,1.5,,,,,1.3611111111111112,,0.7142857142857143,,,4.82512058681912,0.37262498841592684,,,,,,,,,111.20000000000002,3.0888888888888895,122,3.388888888888889,,,,,,,,,,,,,,,,,,,"Casey Mize","20492",663554
"Yohander Méndez","TEX",2,2,,5.4,10,7,0,,,40,,45,26,24,7,19,0,2,36,8.1,4.275,1.894736842105263,1.575,,,,,1.6,,0.7011070110701106,,,5.264009475708008,0.36954008218109213,,,,,,,,,101.89999999999998,2.5474999999999994,118,2.95,,,,,,,,,,,,,,,,,,,"Yohander Mendez","14391",622795
"Jackson Kowar","KCR",3,3,,5.0625,9,9,0,,,48,,53,29,27,7,19,0,3,36,6.75,3.5625,1.894736842105263,1.3125,,,,,1.5,,0.6913183279742765,,,4.984842809041341,0.36879864187575306,,,,,,,,,137.3,2.860416666666667,155,3.2291666666666665,,,,,,,,,,,,,,,,,,,"Jackson Kowar","21549",663804
"Nolan Kingham","ATL",3,3,,4.909090909090909,10,10,0,,,55,,63,32,30,8,17,0,3,33,5.4,2.7818181818181817,1.9411764705882353,1.309090909090909,,,,,1.4545454545454546,,0.6976744186046512,,,4.99582765752619,0.3685232172589485,,,,,,,,,150.8,2.741818181818182,177,3.2181818181818183,,,,,,,,,,,,,,,,,,,"Nolan Kingham","21573",663884
"Cole Stapler","ARI",2,3,,4.928571428571429,9,8,0,,,42,,45,24,23,7,10,0,2,32,6.857142857142857,2.142857142857143,3.2,1.5,,,,,1.3095238095238095,,0.6858407079646017,,,4.714009475708008,0.3672368826013951,,,,,,,,,135.7,3.2309523809523806,147,3.5,,,,,,,,,,,,,,,,,,,"Cole Stapler","sa738639",642104
"Mario Sanchez","WSN",3,3,,4.813953488372093,10,8,0,,,43,,47,25,23,8,10,0,2,34,7.116279069767442,2.0930232558139537,3.4,1.6744186046511629,,,,,1.3255813953488371,,0.6986899563318778,,,4.888428080359171,0.3667113485725322,,,,,,,,,129.59999999999997,3.0139534883720924,143,3.3255813953488373,,,,,,,,,,,,,,,,,,,"Mario Sanchez","sa691863",532936
"Packy Naughton","CIN",3,4,,5.333333333333333,10,10,0,,,54,,59,34,32,10,17,0,3,40,6.666666666666667,2.8333333333333335,2.3529411764705883,1.6666666666666667,,,,,1.4074074074074074,,0.6774193548387096,,,5.251046512745045,0.3659869809390259,,,,,,,,,143.20000000000002,2.6518518518518523,160,2.962962962962963,,,,,,,,,,,,,,,,,,,"Packy Naughton","23292",676050
"Penn Murfee","SEA",2,2,,4.621621621621622,11,7,0,,,37,,38,21,19,5,15,0,3,33,8.027027027027026,3.6486486486486487,2.2,1.2162162162162162,,,,,1.4324324324324325,,0.6956521739130435,,,4.6464419081404404,0.3655985101545882,,,,,,,,,125.50000000000001,3.391891891891892,132,3.5675675675675675,,,,,,,,,,,,,,,,,,,"Penn Murfee","25174",682171
"Framber Valdez","HOU",3,3,,4.395348837209302,12,6,0,,,43,,39,23,21,6,23,0,3,46,9.627906976744185,4.813953488372093,2,1.255813953488372,,,,,1.441860465116279,,0.7276119402985074,,,4.702381568731264,0.3644962603110283,,,,,,,,,156.99999999999997,3.651162790697674,151,3.511627906976744,,,,,,,,,,,,,,,,,,,"Framber Valdez","17295",664285
"Cody Stashak","MIN",2,2,,4.655172413793103,16,3,0,,,29,,30,16,15,5,8,0,1,29,9,2.4827586206896552,3.625,1.5517241379310345,,,,,1.3103448275862069,,0.7096774193548387,,,4.386423268811456,0.3643399407184937,,,,,,,,,106.10000000000002,3.6586206896551734,111,3.8275862068965516,,,,,,,,,,,,,,,,,,,"Cody Stashak","18088",664054
"John Gant","STL",3,3,,4.153846153846154,17,5,0,,,39,,36,19,18,5,17,1,1,36,8.307692307692308,3.923076923076923,2.1176470588235294,1.1538461538461537,,,,,1.358974358974359,,0.7391304347826086,,,4.419137680836213,0.36363209141468184,,,,,,,,,151.5,3.8846153846153846,148,3.7948717948717947,,,,,,,,,,,,,,,,,,,"John Gant","13684",607231
"Jonathan Loáisiga","NYY",1,1,,4.285714285714286,8,4,0,,,21,,21,11,10,3,7,0,1,23,9.857142857142858,3,3.2857142857142856,1.2857142857142858,,,,,1.3333333333333333,,0.7142857142857143,,,4.023533285231817,0.3631971968972511,,,,,,,,,85.9,4.090476190476191,88,4.190476190476191,,,,,,,,,,,,,,,,,,,"Jonathan Loaisiga","19753",642528
"Braxton Garrett","MIA",2,3,,4.615384615384615,8,8,0,,,39,,37,21,20,5,19,0,2,36,8.307692307692308,4.384615384615385,1.894736842105263,1.1538461538461537,,,,,1.435897435897436,,0.7142857142857143,,,4.649906911605444,0.3626451072237741,,,,,,,,,139.90000000000003,3.587179487179488,139,3.5641025641025643,,,,,,,,,,,,,,,,,,,"Braxton Garrett","21844",666129
"Rico Garcia","SFG",3,3,,4.5,10,9,0,,,46,,46,24,23,6,19,0,3,41,8.021739130434783,3.717391304347826,2.1578947368421053,1.173913043478261,,,,,1.4130434782608696,,0.724381625441696,,,4.5618355626645295,0.36257982313332804,,,,,,,,,163,3.5434782608695654,168,3.652173913043478,,,,,,,,,,,,,,,,,,,"Rico Garcia","20023",670329
"Jairo Díaz","COL",2,1,,3.96,24,0,0.33500000834465027,,,25,,23,11,11,2,10,0,1,25,9,3.6,2.5,0.72,,,,,1.32,,0.728476821192053,,,3.574009475708008,0.3614036463426721,,,,,,,,,119.27500004172325,4.77100000166893,117.67500004172325,4.70700000166893,,,,,,,,,,,,,,,,,,,"Jairo Diaz","12774",545064
"Ty Buttrey","LAA",3,1,,3.4615384615384617,24,0,0.8970000147819519,,,26,,23,11,10,3,10,0,1,30,10.384615384615385,3.4615384615384617,3,1.0384615384615385,,,,,1.2692307692307692,,0.7638888888888888,,,3.6755479372464697,0.35935111280880516,,,,,,,,,127.18500007390975,4.891730772073452,122.48500007390976,4.710961541304221,,,,,,,,,,,,,,,,,,,"Ty Buttrey","14719",621142
"Artie Lewicki","ARI",2,2,,4.5,7,4,0,,,28,,31,15,14,3,9,0,1,20,6.428571428571429,2.892857142857143,2.2222222222222223,0.9642857142857143,,,,,1.4285714285714286,,0.6983240223463688,,,4.249723761422294,0.3582494443429103,,,,,,,,,99.7,3.560714285714286,111,3.9642857142857144,,,,,,,,,,,,,,,,,,,"Artie Lewicki","16731",592499
"Garrett Richards","SDP",1,1,,3.857142857142857,4,4,0,,,21,,19,10,9,3,7,0,0,21,9,3,3,1.2857142857142858,,,,,1.2380952380952381,,0.7339449541284403,,,4.071152332850865,0.3579046732409511,,,,,,,,,90.1,4.29047619047619,87,4.142857142857143,,,,,,,,,,,,,,,,,,,"Garrett Richards","9784",572070
"Josh Taylor","BOS",1,1,,3.6,25,0,0,,,25,,22,11,10,2,11,0,1,28,10.08,3.96,2.5454545454545454,0.72,,,,,1.32,,0.728476821192053,,,3.454009475708008,0.35602182690742673,,,,,,,,,123.2,4.928,119,4.76,,,,,,,,,,,,,,,,,,,"Josh Taylor","17359",657031
"Enderson Franco","SFG",2,3,,5.023255813953488,10,8,0,,,43,,47,25,24,6,16,0,2,32,6.6976744186046515,3.3488372093023258,2,1.255813953488372,,,,,1.4651162790697674,,0.6959706959706959,,,4.795404824545217,0.3554962705956412,,,,,,,,,132.2,3.0744186046511626,147,3.4186046511627906,,,,,,,,,,,,,,,,,,,"Enderson Franco","11896",575070
"Patrick Murphy","TOR",2,3,,5.108108108108108,8,8,0,,,37,,39,23,21,5,17,0,2,29,7.054054054054054,4.135135135135135,1.7058823529411764,1.2162162162162162,,,,,1.5135135135135136,,0.673469387755102,,,4.943739205437738,0.35541230291425907,,,,,,,,,111.9,3.0243243243243243,121,3.27027027027027,,,,,,,,,,,,,,,,,,,"Patrick Murphy","19712",641907
"Andrew Suárez","SFG",3,4,,4.959183673469388,12,8,0,,,49,,54,29,27,7,16,1,2,36,6.612244897959184,2.938775510204082,2.25,1.2857142857142858,,,,,1.4285714285714286,,0.6810631229235881,,,4.703805394075355,0.35537814267700774,,,,,,,,,154.1,3.144897959183673,172,3.510204081632653,,,,,,,,,,,,,,,,,,,"Andrew Suarez","18300",605498
"A.J. Cole","TOR",2,2,,4.764705882352941,12,5,0,,,34,,34,19,18,6,13,0,1,35,9.264705882352942,3.4411764705882355,2.6923076923076925,1.588235294117647,,,,,1.3823529411764706,,0.7253886010362695,,,4.684597711002126,0.3552352824505895,,,,,,,,,117.4,3.4529411764705884,120,3.5294117647058822,,,,,,,,,,,,,,,,,,,"A.J. Cole","11467",595918
"Brooks Raley","CIN",3,3,,5.236363636363636,10,10,0,,,55,,60,34,32,9,24,0,3,42,6.872727272727273,3.9272727272727272,1.75,1.4727272727272727,,,,,1.5272727272727273,,0.7002801120448179,,,5.286736748435281,0.3534456846506061,,,,,,,,,143.3,2.6054545454545455,161,2.9272727272727272,,,,,,,,,,,,,,,,,,,"Brooks Raley","10061",548384
"Jon Duplantier","ARI",1,1,,4.5,12,8,0,,,36,,34,19,18,4,20,0,3,37,9.25,5,1.85,1,,,,,1.5,,0.7231404958677686,,,4.519565031263563,0.35332514372682255,,,,,,,,,133.80000000000004,3.7166666666666677,133,3.6944444444444446,,,,,,,,,,,,,,,,,,,"Jon Duplantier","19546",641541
"Chase Anderson","TOR",2,3,,4.775510204081633,11,10,0,,,49,,48,27,26,10,17,0,2,43,7.8979591836734695,3.122448979591837,2.5294117647058822,1.836734693877551,,,,,1.3265306122448979,,0.7450980392156863,,,5.275233965503926,0.3527886524856012,,,,,,,,,143.8,2.9346938775510205,144,2.938775510204082,,,,,,,,,,,,,,,,,,,"Chase Anderson","6895",502624
"Miguel Yajure","NYY",3,3,,5,9,7,0,,,45,,49,27,25,8,14,0,3,35,7,2.8,2.5,1.6,,,,,1.4,,0.694980694980695,,,5.102898364596896,0.35277271547796485,,,,,,,,,126.19999999999999,2.804444444444444,140,3.111111111111111,,,,,,,,,,,,,,,,,,,"Miguel Yajure","21111",664337
"Adam Plutko","CLE",3,3,,5.282608695652174,9,9,0,,,46,,50,29,27,9,14,1,2,37,7.239130434782608,2.739130434782609,2.642857142857143,1.7608695652173914,,,,,1.391304347826087,,0.6809338521400778,,,5.192270345273226,0.35273382609183557,,,,,,,,,125.70000000000005,2.732608695652175,139,3.0217391304347827,,,,,,,,,,,,,,,,,,,"Adam Plutko","15846",592644
"Drew Rasmussen","MIL",1,1,,4.666666666666667,6,6,0,,,27,,24,15,14,4,15,0,1,33,11,5,2.2,1.3333333333333333,,,,,1.4444444444444444,,0.718562874251497,,,4.4732687349672675,0.35055520792244044,,,,,,,,,106.20000000000002,3.933333333333334,101,3.740740740740741,,,,,,,,,,,,,,,,,,,"Drew Rasmussen","25385",656876
"Jharel Cotton","CHC",2,2,,4.864864864864865,8,6,0,,,37,,36,21,20,6,15,0,1,35,8.513513513513514,3.6486486486486487,2.3333333333333335,1.4594594594594594,,,,,1.3783783783783783,,0.704225352112676,,,4.727522989221521,0.34935735320757516,,,,,,,,,128.39999999999998,3.4702702702702695,129,3.4864864864864864,,,,,,,,,,,,,,,,,,,"Jharel Cotton","13654",605194
"Ken Giles","TOR",1,1,,3.15,21,0,10.843000411987305,,,20,,17,7,7,3,6,0,0,28,12.6,2.7,4.666666666666667,1.35,,,,,1.15,,0.851063829787234,,,3.264009475708008,0.347732393774398,,,,,,,,,159.1150020599365,7.955750102996825,153.21500205993652,7.660750102996826,,,,,,,,,,,,,,,,,,,"Ken Giles","12910",571704
"Tommy Parsons","STL",3,4,,4.745454545454545,10,10,0,,,55,,60,31,29,9,16,0,3,40,6.545454545454546,2.618181818181818,2.5,1.4727272727272727,,,,,1.3818181818181818,,0.7097791798107256,,,4.923100384798917,0.3461216436347442,,,,,,,,,163.3,2.9690909090909092,181,3.290909090909091,,,,,,,,,,,,,,,,,,,"Tommy Parsons","sa3007624",682418
"Shaun Anderson","SFG",2,3,,4.6875,12,9,1.437000036239624,,,48,,51,27,25,7,17,0,2,37,6.9375,3.1875,2.176470588235294,1.3125,,,,,1.4166666666666667,,0.70446735395189,,,4.755676142374675,0.3460042684319585,,,,,,,,,160.68500018119815,3.347604170441628,173.18500018119812,3.608020837108294,,,,,,,,,,,,,,,,,,,"Shaun Anderson","19453",641312
"Alex Claudio","MIL",1,1,,3.375,27,0,0,,,24,,23,10,9,1,7,1,1,16,6,2.625,2.2857142857142856,0.375,,,,,1.25,,0.6993006993006993,,,3.4223428090413415,0.34552055193633785,,,,,,,,,113.5,4.729166666666667,115,4.791666666666667,,,,,,,,,,,,,,,,,,,"Alex Claudio","12890",592222
"Kirby Yates","SDP",1,1,,2.7,21,0,11.685999870300293,,,20,,14,6,6,3,6,0,1,32,14.4,2.7,5.333333333333333,1.35,,,,,1,,0.8860759493670886,,,3.014009475708008,0.3440616917086777,,,,,,,,,176.12999935150145,8.806499967575073,162.42999935150146,8.121499967575073,,,,,,,,,,,,,,,,,,,"Kirby Yates","9073",489446
"Jacob Nix","SDP",1,2,,4.153846153846154,5,5,0,,,26,,26,13,12,4,7,0,1,23,7.961538461538462,2.423076923076923,3.2857142857142856,1.3846153846153846,,,,,1.2692307692307692,,0.7299270072992701,,,4.367855629554162,0.34379918945393045,,,,,,,,,97.59999999999998,3.753846153846153,100,3.8461538461538463,,,,,,,,,,,,,,,,,,,"Jacob Nix","17775",656798
"Jordan Yamamoto","MIA",3,3,,4.595744680851064,9,9,0,,,47,,42,26,24,7,22,0,3,46,8.808510638297872,4.212765957446808,2.090909090909091,1.3404255319148937,,,,,1.3617021276595744,,0.7011070110701106,,,4.788477560814391,0.34329789820516005,,,,,,,,,169.5,3.606382978723404,161,3.425531914893617,,,,,,,,,,,,,,,,,,,"Jordan Yamamoto","17585",657141
"Jordan Montgomery","NYY",2,1,,4.5,7,7,0,,,32,,33,17,16,5,12,0,1,27,7.59375,3.375,2.25,1.40625,,,,,1.40625,,0.7368421052631579,,,4.776509475708008,0.34229235427720045,,,,,,,,,104.50000000000001,3.2656250000000004,110,3.4375,,,,,,,,,,,,,,,,,,,"Jordan Montgomery","16511",656756
"Nestor Cortes","SEA",2,2,,4.973684210526316,13,4,0,,,38,,39,22,21,6,16,0,1,38,9,3.789473684210526,2.375,1.4210526315789473,,,,,1.4473684210526316,,0.7081545064377682,,,4.608746317813271,0.341790428598685,,,,,,,,,130.99999999999997,3.447368421052631,137,3.6052631578947367,,,,,,,,,,,,,,,,,,,"Nestor Cortes","17874",641482
"Brad Peacock","HOU",3,2,,4.5,13,6,0,,,38,,34,20,19,7,16,0,1,43,10.18421052631579,3.789473684210526,2.6875,1.6578947368421053,,,,,1.3157894736842106,,0.7462686567164178,,,4.687693686234324,0.3410080855349057,,,,,,,,,141.69999999999996,3.7289473684210517,134,3.526315789473684,,,,,,,,,,,,,,,,,,,"Brad Peacock","5401",502748
"Mychal Givens","BAL",2,1,,3.9130434782608696,21,0,4.504000186920166,,,23,,18,11,10,3,10,0,1,31,12.130434782608695,3.9130434782608696,3.1,1.173913043478261,,,,,1.2173913043478262,,0.7142857142857143,,,3.6487920844036603,0.3389501695439892,,,,,,,,,138.02000093460083,6.00086960585221,127.52000093460083,5.544347866721775,,,,,,,,,,,,,,,,,,,"Mychal Givens","10430",571710
"Kolton Mahoney","MIA",2,2,,4.5,11,4,0,,,36,,37,19,18,4,13,1,2,27,6.75,3.25,2.076923076923077,1,,,,,1.3888888888888888,,0.6981981981981982,,,4.408453920152453,0.3370550532488078,,,,,,,,,130.00000000000006,3.6111111111111125,137,3.8055555555555554,,,,,,,,,,,,,,,,,,,"Kolton Mahoney","sa829372",656674
"Dylan File","MIL",4,4,,5.117647058823529,10,10,0,,,51,,57,31,29,10,12,0,3,40,7.0588235294117645,2.1176470588235294,3.3333333333333335,1.7647058823529411,,,,,1.3529411764705883,,0.6909090909090909,,,5.076754573747223,0.33674494866967475,,,,,,,,,141.20000000000002,2.7686274509803925,160,3.1372549019607843,,,,,,,,,,,,,,,,,,,"Dylan File","sa3004197",668766
"Ryan Pressly","HOU",1,1,,2.8636363636363638,22,0,0.9399999976158142,,,22,,17,8,7,3,6,0,1,29,11.863636363636363,2.4545454545454546,4.833333333333333,1.2272727272727273,,,,,1.0454545454545454,,0.7978723404255319,,,3.304918566617099,0.3364515921398684,,,,,,,,,123.39999998807907,5.609090908549049,112.69999998807907,5.122727272185412,,,,,,,,,,,,,,,,,,,"Ryan Pressly","7005",519151
"Joey Wentz","DET",2,3,,5.175,9,9,0,,,40,,41,24,23,6,20,0,2,36,8.1,4.5,1.8,1.35,,,,,1.525,,0.7034220532319392,,,5.014009475708008,0.3352258898595635,,,,,,,,,121.59999999999998,3.0399999999999996,128,3.2,,,,,,,,,,,,,,,,,,,"Joey Wentz","19962",666214
"Sixto Sánchez","MIA",2,3,,4.378378378378378,7,7,0,,,37,,38,19,18,6,10,0,2,30,7.297297297297297,2.4324324324324325,3,1.4594594594594594,,,,,1.2972972972972974,,0.7323232323232323,,,4.673468935167468,0.33473914423345597,,,,,,,,,125.2,3.383783783783784,131,3.5405405405405403,,,,,,,,,,,,,,,,,,,"Sixto Sanchez","19680",664350
"David Bednar","SDP",2,1,,3.4615384615384617,21,0,0,,,26,,21,11,10,2,12,1,1,30,10.384615384615385,4.153846153846154,2.5,0.6923076923076923,,,,,1.2692307692307692,,0.728476821192053,,,3.4063171680157005,0.3333014077388415,,,,,,,,,134.20000000000002,5.161538461538462,125,4.8076923076923075,,,,,,,,,,,,,,,,,,,"David Bednar","19569",670280
"Trevor Cahill","SFG",2,3,,4.5,10,6,0,,,36,,35,19,18,4,15,0,2,31,7.75,3.75,2.066666666666667,1,,,,,1.3888888888888888,,0.6981981981981982,,,4.352898364596896,0.3327504718671074,,,,,,,,,137.20000000000005,3.8111111111111122,139,3.861111111111111,,,,,,,,,,,,,,,,,,,"Trevor Cahill","6249",502239
"Victor González","LAD",1,1,,4.363636363636363,14,5,0,,,33,,33,17,16,4,14,0,2,29,7.909090909090909,3.8181818181818183,2.0714285714285716,1.0909090909090908,,,,,1.4242424242424243,,0.7246376811594203,,,4.4867367484352805,0.33218546744711897,,,,,,,,,119.20000000000006,3.612121212121214,123,3.727272727272727,,,,,,,,,,,,,,,,,,,"Victor Gonzalez","16408",624647
"Sean Doolittle","WSN",2,1,,3.6,20,0,6.809000015258789,,,20,,17,8,8,3,4,1,0,23,10.35,1.8,5.75,1.35,,,,,1.05,,0.7738095238095237,,,3.464009475708008,0.33116245201671723,,,,,,,,,134.94500007629392,6.747250003814696,129.04500007629395,6.452250003814697,,,,,,,,,,,,,,,,,,,"Sean Doolittle","1581",448281
"Brian Keller","NYY",2,2,,5,7,6,0,,,36,,39,21,20,6,12,0,2,28,7,3,2.3333333333333335,1.5,,,,,1.4166666666666667,,0.704225352112676,,,4.991787253485786,0.3308957031277289,,,,,,,,,105.20000000000002,2.9222222222222225,116,3.2222222222222223,,,,,,,,,,,,,,,,,,,"Brian Keller","19593",662144
"Elieser Hernández","MIA",2,2,,4.714285714285714,11,8,0.23600000143051147,,,42,,40,24,22,8,15,0,3,44,9.428571428571429,3.2142857142857144,2.933333333333333,1.7142857142857142,,,,,1.3095238095238095,,0.7077625570776256,,,4.880676142374675,0.3307145913256335,,,,,,,,,143.58000000715256,3.4185714287417275,141.18000000715256,3.3614285715988705,,,,,,,,,,,,,,,,,,,"Elieser Hernandez","16933",622694
"Jhoan Duran","MIN",3,3,,5.076923076923077,9,9,0,,,39,,39,23,22,6,20,0,2,37,8.538461538461538,4.615384615384615,1.85,1.3846153846153846,,,,,1.5128205128205128,,0.7114624505928854,,,5.008881270579803,0.330160772835078,,,,,,,,,121.4,3.112820512820513,125,3.2051282051282053,,,,,,,,,,,,,,,,,,,"Jhoan Duran","21029",661395
"Erick Fedde","WSN",2,2,,4.95,10,7,0,,,40,,43,23,22,6,15,1,2,32,7.2,3.375,2.1333333333333333,1.35,,,,,1.45,,0.7056451612903225,,,4.839009475708008,0.32981599990940585,,,,,,,,,123.39999999999999,3.085,135,3.375,,,,,,,,,,,,,,,,,,,"Erick Fedde","17425",607200
"Zack Kelly","LAA",2,2,,4.5,9,4,0,,,30,,30,16,15,4,13,0,1,25,7.5,3.9,1.9230769230769231,1.2,,,,,1.4333333333333333,,0.7219251336898396,,,4.680676142374675,0.3291697115933943,,,,,,,,,102.80000000000001,3.426666666666667,106,3.533333333333333,,,,,,,,,,,,,,,,,,,"Zack Kelly","20349",677161
"Connor Seabold","PHI",1,2,,5.0625,7,6,0,,,32,,33,19,18,6,10,0,1,30,8.4375,2.8125,3,1.6875,,,,,1.34375,,0.6936416184971098,,,4.807759475708008,0.32904547271202955,,,,,,,,,104.2,3.25625,109,3.40625,,,,,,,,,,,,,,,,,,,"Connor Seabold","19695",657756
"Anthony Shew","STL",2,2,,4.75,7,7,0,,,36,,38,20,19,5,13,0,2,29,7.25,3.25,2.230769230769231,1.25,,,,,1.4166666666666667,,0.7045454545454546,,,4.658453920152453,0.328664520553578,,,,,,,,,119.10000000000004,3.3083333333333345,128,3.5555555555555554,,,,,,,,,,,,,,,,,,,"Anthony Shew","sa921212",670651
"Alec Mills","CHC",2,2,,4.891304347826087,10,8,0,,,46,,48,27,25,8,16,0,3,41,8.021739130434783,3.130434782608696,2.5625,1.565217391304348,,,,,1.391304347826087,,0.7007575757575758,,,4.931400780055834,0.3258914170272609,,,,,,,,,142.2,3.0913043478260867,151,3.282608695652174,,,,,,,,,,,,,,,,,,,"Alec Mills","13834",621219
"Austin Gomber","STL",2,2,,4.5,9,7,0,,,38,,36,20,19,6,15,0,2,37,8.763157894736842,3.5526315789473686,2.466666666666667,1.4210526315789473,,,,,1.3421052631578947,,0.7276995305164319,,,4.66137789676064,0.32475517088210426,,,,,,,,,136.79999999999995,3.5999999999999988,135,3.5526315789473686,,,,,,,,,,,,,,,,,,,"Austin Gomber","16561",596295
"Ben Lively","ARI",3,2,,4.5,10,6,0,,,40,,40,21,20,6,13,0,2,34,7.65,2.925,2.6153846153846154,1.35,,,,,1.325,,0.7174887892376681,,,4.589009475708008,0.3229773029233747,,,,,,,,,141.2,3.53,145,3.625,,,,,,,,,,,,,,,,,,,"Ben Lively","14932",594902
"Noé Ramirez","LAA",2,1,,4.32,20,2,0,,,25,,23,13,12,4,9,0,1,29,10.44,3.24,3.2222222222222223,1.44,,,,,1.28,,0.7196969696969697,,,4.174009475708008,0.32271876980944586,,,,,,,,,104,4.16,101,4.04,,,,,,,,,,,,,,,,,,,"Noe Ramirez","12800",598287
"Trevor Gott","SFG",1,1,,3.3157894736842106,18,0,2.1559998989105225,,,19,,17,8,7,1,7,0,1,19,9,3.3157894736842106,2.7142857142857144,0.47368421052631576,,,,,1.263157894736842,,0.7079646017699115,,,3.1613778967606394,0.32237300858265233,,,,,,,,,108.87999949455259,5.730526289186979,106.77999949455261,5.619999973397506,,,,,,,,,,,,,,,,,,,"Trevor Gott","15046",641627
"Lucas Sims","CIN",1,2,,4.928571428571429,13,7,0,,,42,,37,24,23,9,22,0,2,56,12,4.714285714285714,2.5454545454545454,1.9285714285714286,,,,,1.4047619047619047,,0.7543103448275862,,,5.047342809041341,0.32183219430417104,,,,,,,,,143.90000000000003,3.426190476190477,133,3.1666666666666665,,,,,,,,,,,,,,,,,,,"Lucas Sims","13470",608371
"Joe Palumbo","TEX",1,1,,5.333333333333333,7,6,0,,,27,,28,17,16,4,13,0,1,26,8.666666666666666,4.333333333333333,2,1.3333333333333333,,,,,1.5185185185185186,,0.6779661016949153,,,4.769565031263563,0.3218219996356285,,,,,,,,,87.80000000000003,3.251851851851853,93,3.4444444444444446,,,,,,,,,,,,,,,,,,,"Joe Palumbo","17035",643478
"Joe Ross","WSN",2,2,,4.864864864864865,11,6,0,,,37,,40,22,20,6,13,1,2,31,7.54054054054054,3.1621621621621623,2.3846153846153846,1.4594594594594594,,,,,1.4324324324324325,,0.695067264573991,,,4.862658124356656,0.3217089166097313,,,,,,,,,113,3.054054054054054,124,3.3513513513513513,,,,,,,,,,,,,,,,,,,"Joe Ross","12972",605452
"Mike Fiers","OAK",3,3,,4.673076923076923,10,10,0,,,52,,54,29,27,10,15,0,3,40,6.923076923076923,2.5961538461538463,2.6666666666666665,1.7307692307692308,,,,,1.3269230769230769,,0.7272727272727273,,,5.214009475708008,0.32097094773132623,,,,,,,,,147.4,2.8346153846153848,156,3,,,,,,,,,,,,,,,,,,,"Mike Fiers","7754",571666
"Marcus Walden","BOS",2,1,,4.5,20,1,0,,,26,,26,13,13,2,11,0,1,23,7.961538461538462,3.8076923076923075,2.090909090909091,0.6923076923076923,,,,,1.4230769230769231,,0.7017543859649122,,,3.8293940910926234,0.32036692476187006,,,,,,,,,110.2,4.2384615384615385,114,4.384615384615385,,,,,,,,,,,,,,,,,,,"Marcus Walden","8004",519393
"Adalberto Mejía","CHW",1,1,,4.8,11,6,0,,,30,,30,17,16,5,13,0,1,29,8.7,3.9,2.230769230769231,1.5,,,,,1.4333333333333333,,0.7222222222222222,,,4.847342809041342,0.32001050472051096,,,,,,,,,98.5,3.283333333333333,101,3.3666666666666667,,,,,,,,,,,,,,,,,,,"Adalberto Mejia","13188",606167
"Heath Holder","COL",2,2,,4.935483870967742,13,3,0,,,31,,31,18,17,4,14,0,2,29,8.419354838709678,4.064516129032258,2.0714285714285716,1.1612903225806452,,,,,1.4516129032258065,,0.6852791878172589,,,4.568848185385427,0.31945650615254456,,,,,,,,,109.59999999999998,3.535483870967741,113,3.6451612903225805,,,,,,,,,,,,,,,,,,,"Heath Holder","sa602623",595988
"David Parkinson","PHI",3,3,,5.175,8,8,0,,,40,,40,24,23,7,19,0,2,40,9,4.275,2.1052631578947367,1.575,,,,,1.475,,0.7113821138211381,,,5.0640094757080085,0.31863203408546376,,,,,,,,,122.89999999999998,3.0724999999999993,126,3.15,,,,,,,,,,,,,,,,,,,"David Parkinson","sa3004857",663982
"Pedro Avila","SDP",2,2,,4.78125,7,6,0,,,32,,31,19,17,4,18,0,2,30,8.4375,5.0625,1.6666666666666667,1.125,,,,,1.53125,,0.6912442396313364,,,4.839009475708008,0.3179282280856586,,,,,,,,,107.00000000000001,3.3437500000000004,108,3.375,,,,,,,,,,,,,,,,,,,"Pedro Avila","18864",658648
"Will Smith","ATL",1,1,,3,21,0,4.0970001220703125,,,21,,16,8,7,3,7,1,0,30,12.857142857142858,3,4.285714285714286,1.2857142857142858,,,,,1.0952380952380953,,0.7978723404255319,,,3.214009475708008,0.31760774309624157,,,,,,,,,136.38500061035157,6.49452383858817,125.48500061035156,5.975476219540551,,,,,,,,,,,,,,,,,,,"Will Smith","8048",519293
"Grant Holmes","OAK",2,2,,4.5,10,7,0,,,34,,35,19,17,5,13,0,1,28,7.411764705882353,3.4411764705882355,2.1538461538461537,1.3235294117647058,,,,,1.411764705882353,,0.7073170731707317,,,4.714009475708008,0.3169115393288111,,,,,,,,,113.10000000000002,3.3264705882352947,119,3.5,,,,,,,,,,,,,,,,,,,"Grant Holmes","16944",656550
"Emilio Vargas","ARI",2,2,,4.725,9,9,0,,,40,,41,23,21,6,16,0,2,34,7.65,3.6,2.125,1.35,,,,,1.425,,0.6995884773662551,,,4.8140094757080085,0.3162368756428932,,,,,,,,,129.59999999999997,3.2399999999999993,136,3.4,,,,,,,,,,,,,,,,,,,"Emilio Vargas","sa736761",642496
"Homer Bailey","MIN",3,3,,5.361702127659575,9,9,0,,,47,,53,30,28,9,17,1,2,40,7.659574468085107,3.25531914893617,2.3529411764705883,1.7234042553191489,,,,,1.4893617021276595,,0.6968641114982579,,,5.214009475708008,0.31577905286337504,,,,,,,,,122.30000000000001,2.6021276595744682,141,3,,,,,,,,,,,,,,,,,,,"Homer Bailey","8362",456701
"Chris Flexen","NYM",2,2,,4.25,11,6,0,,,36,,35,19,17,6,13,1,2,35,8.75,3.25,2.6923076923076925,1.5,,,,,1.3333333333333333,,0.7323232323232323,,,4.68623169793023,0.315603233190268,,,,,,,,,126.60000000000002,3.5166666666666675,127,3.5277777777777777,,,,,,,,,,,,,,,,,,,"Chris Flexen","13896",623167
"Eli Morgan","CLE",3,3,,5.0625,10,10,0,,,48,,52,29,27,9,16,0,3,41,7.6875,3,2.5625,1.6875,,,,,1.4166666666666667,,0.703971119133574,,,5.130676142374675,0.3155620350808089,,,,,,,,,134.30000000000004,2.7979166666666675,148,3.0833333333333335,,,,,,,,,,,,,,,,,,,"Eli Morgan","20203",669212
"Alejandro Requena","PHI",3,4,,4.973684210526316,8,7,0,,,38,,40,23,21,5,19,0,2,30,7.105263157894737,4.5,1.5789473684210527,1.1842105263157894,,,,,1.5526315789473684,,0.6923076923076923,,,5.0034831599185345,0.3155273354511264,,,,,,,,,112.69999999999999,2.96578947368421,122,3.210526315789474,,,,,,,,,,,,,,,,,,,"Alejandro Requena","sa828724",650518
"Jacob Waguespack","TOR",3,3,,4.909090909090909,11,8,0,,,44,,46,26,24,7,20,0,3,37,7.568181818181818,4.090909090909091,1.85,1.4318181818181819,,,,,1.5,,0.7117437722419928,,,5.168554930253462,0.31522721070949244,,,,,,,,,124.89999999999999,2.8386363636363634,134,3.0454545454545454,,,,,,,,,,,,,,,,,,,"Jacob Waguespack","18318",621097
"Kyle Lloyd","SDP",2,3,,4.7368421052631575,10,6,0,,,38,,39,21,20,5,16,0,2,31,7.342105263157895,3.789473684210526,1.9375,1.1842105263157894,,,,,1.4473684210526316,,0.7083333333333334,,,4.714009475708008,0.3140374036787804,,,,,,,,,126.29999999999998,3.323684210526315,133,3.5,,,,,,,,,,,,,,,,,,,"Kyle Lloyd","15378",643414
"Joe Jiménez","DET",2,1,,3.5217391304347827,25,0,10.53600025177002,,,23,,19,10,9,3,9,1,1,29,11.347826086956522,3.5217391304347827,3.2222222222222223,1.173913043478261,,,,,1.2173913043478262,,0.7563025210084033,,,3.6922703452732253,0.31339528742306333,,,,,,,,,164.5800012588501,7.155652228645657,156.6800012588501,6.812173967776091,,,,,,,,,,,,,,,,,,,"Joe Jimenez","15761",641729
"Bowden Francis","MIL",3,3,,5.0625,10,10,0,,,48,,50,29,27,8,23,0,3,46,8.625,4.3125,2,1.5,,,,,1.5208333333333333,,0.7119741100323624,,,5.089009475708008,0.31039931719682967,,,,,,,,,140.80000000000007,2.933333333333335,150,3.125,,,,,,,,,,,,,,,,,,,"Bowden Francis","20548",670102
"Wilmer Font","TOR",2,2,,5.1,14,6,0,,,30,,31,18,17,6,10,0,1,32,9.6,3,3.2,1.8,,,,,1.3666666666666667,,0.705521472392638,,,4.780676142374674,0.31029268640863017,,,,,,,,,98.59999999999998,3.286666666666666,103,3.433333333333333,,,,,,,,,,,,,,,,,,,"Wilmer Font","5257",521655
"Matt Tomshaw","CHW",2,3,,5.175,9,7,0,,,40,,45,24,23,8,10,0,2,31,6.975,2.25,3.1,1.8,,,,,1.375,,0.7077625570776256,,,5.164009475708008,0.309400979556918,,,,,,,,,106.6,2.665,122,3.05,,,,,,,,,,,,,,,,,,,"Matt Tomshaw","sa598974",607751
"Garrett Whitlock","NYY",1,1,,5.1,6,6,0,,,30,,33,18,17,4,13,0,2,23,6.9,3.9,1.7692307692307692,1.2,,,,,1.5333333333333334,,0.6930693069306931,,,4.914009475708008,0.309347581616462,,,,,,,,,88.00000000000001,2.933333333333334,99,3.3,,,,,,,,,,,,,,,,,,,"Garrett Whitlock","20191",676477
"Jesse Chavez","TEX",1,1,,4.5,18,2,0.8230000138282776,,,26,,27,14,13,4,7,0,1,24,8.307692307692308,2.423076923076923,3.4285714285714284,1.3846153846153846,,,,,1.3076923076923077,,0.7042253521126761,,,4.290932552631085,0.3086886271502345,,,,,,,,,101.11500006914137,3.8890384641977453,106.11500006914139,4.081346156505438,,,,,,,,,,,,,,,,,,,"Jesse Chavez","5448",445926
"Dillon Peters","LAA",2,3,,5.2,10,8,0,,,45,,50,27,26,8,15,0,3,35,7,3,2.3333333333333335,1.6,,,,,1.4444444444444444,,0.7063197026022305,,,5.169565031263564,0.3082592062618452,,,,,,,,,120.6,2.6799999999999997,137,3.0444444444444443,,,,,,,,,,,,,,,,,,,"Dillon Peters","18790",596071
"Kyle Muller","ATL",2,3,,4.846153846153846,9,9,0,,,39,,37,23,21,4,27,0,2,37,8.538461538461538,6.230769230769231,1.3703703703703705,0.9230769230769231,,,,,1.641025641025641,,0.702054794520548,,,4.880676142374675,0.3074394248234503,,,,,,,,,130.20000000000005,3.3384615384615395,130,3.3333333333333335,,,,,,,,,,,,,,,,,,,"Kyle Muller","20167",666205
"Phil Maton","CLE",1,1,,3.75,20,0,0,,,24,,21,11,10,3,9,0,1,30,11.25,3.375,3.3333333333333335,1.125,,,,,1.25,,0.7364341085271318,,,3.589009475708008,0.30707033937496464,,,,,,,,,116.10000000000002,4.837500000000001,111,4.625,,,,,,,,,,,,,,,,,,,"Phil Maton","18064",664208
"Bailey Ober","MIN",1,1,,4.666666666666667,6,5,0,,,27,,29,15,14,5,6,0,1,23,7.666666666666667,2,3.8333333333333335,1.6666666666666667,,,,,1.2962962962962963,,0.7142857142857143,,,4.69549095718949,0.3068630594073668,,,,,,,,,87.9,3.255555555555556,95,3.5185185185185186,,,,,,,,,,,,,,,,,,,"Bailey Ober","21224",641927
"David Robertson","PHI",2,1,,3.3157894736842106,19,0,0,,,19,,14,7,7,2,9,1,0,24,11.368421052631579,4.2631578947368425,2.6666666666666665,0.9473684210526315,,,,,1.2105263157894737,,0.7920792079207921,,,3.47716737044485,0.30639675626974544,,,,,,,,,100.6,5.294736842105263,90,4.7368421052631575,,,,,,,,,,,,,,,,,,,"David Robertson","8241",502085
"Chris Ellis","STL",2,3,,4.846153846153846,13,5,0,,,39,,39,23,21,5,19,0,2,34,7.846153846153846,4.384615384615385,1.7894736842105263,1.1538461538461537,,,,,1.4871794871794872,,0.6862745098039216,,,4.752471014169546,0.30621534901086844,,,,,,,,,130.70000000000002,3.351282051282052,135,3.4615384615384617,,,,,,,,,,,,,,,,,,,"Chris Ellis","16125",595939
"Chi Chi González","COL",3,3,,5.6938775510204085,10,9,0,,,49,,53,33,31,8,23,0,2,36,6.612244897959184,4.224489795918367,1.565217391304348,1.469387755102041,,,,,1.5510204081632653,,0.6635802469135803,,,5.397682945095763,0.30466711176699734,,,,,,,,,123.40000000000003,2.5183673469387764,138,2.816326530612245,,,,,,,,,,,,,,,,,,,"Chi Chi Gonzalez","14663",592346
"Will Harris","WSN",1,1,,3.3157894736842106,22,0,1.3619999885559082,,,19,,17,7,7,2,4,0,0,19,9,1.894736842105263,4.75,0.9473684210526315,,,,,1.105263157894737,,0.7692307692307693,,,3.214009475708008,0.30385801194514384,,,,,,,,,104.60999994277954,5.505789470672608,101.80999994277954,5.358421049619976,,,,,,,,,,,,,,,,,,,"Will Harris","3192",501789
"Aníbal Sánchez","WSN",3,3,,4.891304347826087,9,9,0,,,46,,48,27,25,9,16,1,1,40,7.826086956521739,3.130434782608696,2.5,1.7608695652173914,,,,,1.391304347826087,,0.7198443579766537,,,5.127052953968878,0.3036133669937321,,,,,,,,,133.90000000000003,2.910869565217392,142,3.0869565217391304,,,,,,,,,,,,,,,,,,,"Anibal Sanchez","3284",434671
"Seranthony Domínguez","PHI",1,1,,3.176470588235294,17,0,0,,,17,,13,7,6,1,8,0,1,21,11.117647058823529,4.235294117647059,2.625,0.5294117647058824,,,,,1.2352941176470589,,0.7142857142857142,,,3.0963624168844786,0.3032769810545225,,,,,,,,,94.69999999999999,5.570588235294117,87,5.117647058823529,,,,,,,,,,,,,,,,,,,"Seranthony Dominguez","19249",622554
"Ryne Stanek","MIA",1,1,,3.6666666666666665,24,0,1.7710000276565552,,,27,,23,12,11,3,12,1,0,32,10.666666666666666,4,2.6666666666666665,1,,,,,1.2962962962962963,,0.7467532467532467,,,3.6214168831154154,0.3026307070542679,,,,,,,,,139.95500013828277,5.183518523640102,132.85500013828278,4.92055556067714,,,,,,,,,,,,,,,,,,,"Ryne Stanek","15947",592773
"Austin Warner","STL",3,3,,4.875,9,9,0,,,48,,51,28,26,7,20,1,3,39,7.3125,3.75,1.95,1.3125,,,,,1.4791666666666667,,0.7026143790849673,,,4.922342809041341,0.3021790323118363,,,,,,,,,145.50000000000003,3.0312500000000004,158,3.2916666666666665,,,,,,,,,,,,,,,,,,,"Austin Warner","sa3004494",677369
"Joel Payamps","ARI",3,3,,4.7368421052631575,9,7,0,,,38,,40,21,20,6,11,0,2,31,7.342105263157895,2.6052631578947367,2.8181818181818183,1.4210526315789473,,,,,1.3421052631578947,,0.704225352112676,,,4.66137789676064,0.30129054239711134,,,,,,,,,126.39999999999998,3.3263157894736834,135,3.5526315789473686,,,,,,,,,,,,,,,,,,,"Joel Payamps","14332",606303
"Scott Moss","CLE",3,3,,5.2,10,10,0,,,45,,44,27,26,7,26,0,3,46,9.2,5.2,1.7692307692307692,1.4,,,,,1.5555555555555556,,0.7142857142857143,,,5.125120586819119,0.2979943806289573,,,,,,,,,137.49999999999997,3.055555555555555,139,3.088888888888889,,,,,,,,,,,,,,,,,,,"Scott Moss","sa738902",641900
"Hunter Harvey","BAL",2,2,,4.9655172413793105,12,4,5.9670000076293945,,,29,,29,17,16,5,11,0,1,28,8.689655172413794,3.413793103448276,2.5454545454545454,1.5517241379310345,,,,,1.3793103448275863,,0.696969696969697,,,4.765733613639043,0.296991290297573,,,,,,,,,127.53500003814699,4.397758622005068,129.83500003814697,4.477068966832654,,,,,,,,,,,,,,,,,,,"Hunter Harvey","15507",640451
"Luke Jackson","ATL",2,1,,3.3333333333333335,23,0,0.3840000033378601,,,27,,22,11,10,3,12,1,1,34,11.333333333333334,4,2.8333333333333335,1,,,,,1.2592592592592593,,0.7718120805369127,,,3.5843798460783782,0.29698950824775683,,,,,,,,,136.6200000166893,5.060000000618122,126.9200000166893,4.700740741358863,,,,,,,,,,,,,,,,,,,"Luke Jackson","11752",592426
"Oliver Drake","TBR",2,1,,3.375,22,0,0,,,24,,20,10,9,3,9,0,0,30,11.25,3.375,3.3333333333333335,1.125,,,,,1.2083333333333333,,0.7661290322580645,,,3.464009475708008,0.2967952497059008,,,,,,,,,121.70000000000002,5.070833333333334,114,4.75,,,,,,,,,,,,,,,,,,,"Oliver Drake","8823",543118
"Joe Kelly","LAD",1,1,,3.3157894736842106,21,0,0,,,19,,16,8,7,1,9,0,1,21,9.947368421052632,4.2631578947368425,2.3333333333333335,0.47368421052631576,,,,,1.3157894736842106,,0.7203389830508474,,,3.2666410546553766,0.2966082315778834,,,,,,,,,98.69999999999999,5.194736842105263,94,4.947368421052632,,,,,,,,,,,,,,,,,,,"Joe Kelly","9761",523260
"Jorge López","KCR",2,3,,5.2682926829268295,14,6,0,,,41,,44,26,24,6,16,0,2,35,7.682926829268292,3.5121951219512195,2.1875,1.3170731707317074,,,,,1.4634146341463414,,0.6589147286821705,,,4.726204597659228,0.2959155306388681,,,,,,,,,131.20000000000002,3.2000000000000006,143,3.4878048780487805,,,,,,,,,,,,,,,,,,,"Jorge Lopez","14527",605347
"Alex Vesia","MIA",2,1,,3.6818181818181817,13,0,0,,,22,,19,9,9,2,9,0,1,26,10.636363636363637,3.6818181818181817,2.888888888888889,0.8181818181818182,,,,,1.2727272727272727,,0.753968253968254,,,3.3958276575261896,0.2956323761008135,,,,,,,,,110.80000000000001,5.036363636363637,106,4.818181818181818,,,,,,,,,,,,,,,,,,,"Alex Vesia","25007",681911
"Kyle Hart","BOS",4,4,,5.361702127659575,9,8,0,,,47,,52,30,28,7,20,0,3,35,6.702127659574468,3.8297872340425534,1.75,1.3404255319148937,,,,,1.5319148936170213,,0.67524115755627,,,5.128903092729285,0.2948244581059892,,,,,,,,,127.49999999999997,2.7127659574468077,145,3.0851063829787235,,,,,,,,,,,,,,,,,,,"Kyle Hart","19646",606996
"Emilio Pagán","SDP",1,1,,3.4615384615384617,23,0,0.4020000100135803,,,26,,21,11,10,4,7,0,1,31,10.73076923076923,2.423076923076923,4.428571428571429,1.3846153846153846,,,,,1.0769230769230769,,0.7589285714285715,,,3.7524710141695463,0.2946812873031616,,,,,,,,,128.6100000500679,4.94653846346415,118.0100000500679,4.538846155771842,,,,,,,,,,,,,,,,,,,"Emilio Pagan","14771",641941
"Taylor Guilbeau","SEA",1,1,,3.857142857142857,20,0,0,,,21,,19,9,9,1,9,0,1,20,8.571428571428571,3.857142857142857,2.2222222222222223,0.42857142857142855,,,,,1.3333333333333333,,0.7142857142857143,,,3.356866618565151,0.2945312362392152,,,,,,,,,103.69999999999999,4.938095238095237,102,4.857142857142857,,,,,,,,,,,,,,,,,,,"Taylor Guilbeau","18306",607555
"Jake Diekman","OAK",1,1,,3.6,25,0,0,,,20,,15,8,8,1,13,0,2,27,12.15,5.85,2.076923076923077,0.45,,,,,1.4,,0.7518796992481203,,,3.414009475708008,0.2943174246267865,,,,,,,,,105.69999999999999,5.284999999999999,96,4.8,,,,,,,,,,,,,,,,,,,"Jake Diekman","5003",518617
"Hoby Milner","LAA",1,1,,3.6818181818181817,20,0,0,,,22,,19,9,9,3,7,1,1,24,9.818181818181818,2.8636363636363638,3.4285714285714284,1.2272727272727273,,,,,1.1818181818181819,,0.7798165137614679,,,3.8958276575261896,0.2942071454223439,,,,,,,,,100.5,4.568181818181818,95,4.318181818181818,,,,,,,,,,,,,,,,,,,"Hoby Milner","13346",571948
"Elliot Ashbeck","SDP",1,2,,4.636363636363637,13,3,0,,,33,,34,18,17,4,11,0,2,26,7.090909090909091,3,2.3636363636363638,1.0909090909090908,,,,,1.3636363636363635,,0.6852791878172589,,,4.39582765752619,0.29417159975717433,,,,,,,,,119.60000000000005,3.624242424242426,126,3.8181818181818183,,,,,,,,,,,,,,,,,,,"Elliot Ashbeck","sa875665",664142
"Brent Honeywell","TBR",2,2,,4.333333333333333,6,6,0,,,27,,29,14,13,4,9,0,1,23,7.666666666666667,3,2.5555555555555554,1.3333333333333333,,,,,1.4074074074074074,,0.7407407407407408,,,4.547342809041341,0.29217269599314677,,,,,,,,,91.20000000000002,3.377777777777778,99,3.6666666666666665,,,,,,,,,,,,,,,,,,,"Brent Honeywell","16466",641703
"Drew VerHagen","DET",2,3,,5.2105263157894735,13,5,0,,,38,,41,23,22,6,13,0,2,31,7.342105263157895,3.0789473684210527,2.3846153846153846,1.4210526315789473,,,,,1.4210526315789473,,0.6798245614035088,,,4.819272633602745,0.29214621590229717,,,,,,,,,117.79999999999997,3.099999999999999,129,3.3947368421052633,,,,,,,,,,,,,,,,,,,"Drew VerHagen","13424",572403
"Michael Rucker","BAL",1,1,,5.181818181818182,11,4,0,,,33,,36,20,19,6,12,0,2,30,8.181818181818182,3.272727272727273,2.5,1.6363636363636365,,,,,1.4545454545454546,,0.7070707070707071,,,5.032191293889826,0.2915323391280091,,,,,,,,,94.80000000000003,2.8727272727272735,105,3.1818181818181817,,,,,,,,,,,,,,,,,,,"Michael Rucker","19454",621074
"Jeurys Familia","NYM",1,1,,3.75,25,0,0,,,24,,21,10,10,1,13,1,1,25,9.375,4.875,1.9230769230769231,0.375,,,,,1.4166666666666667,,0.7361963190184049,,,3.4223428090413415,0.29006012925447877,,,,,,,,,118.70000000000002,4.945833333333334,115,4.791666666666667,,,,,,,,,,,,,,,,,,,"Jeurys Familia","5114",544727
"Wade LeBlanc","BAL",2,2,,5.594594594594595,7,4,0,,,37,,42,24,23,8,10,0,1,29,7.054054054054054,2.4324324324324325,2.9,1.945945945945946,,,,,1.4054054054054055,,0.6862745098039216,,,5.349144610843143,0.28859562350212004,,,,,,,,,91.2,2.464864864864865,106,2.864864864864865,,,,,,,,,,,,,,,,,,,"Wade LeBlanc","5221",453281
"Matt Moore","DET",3,3,,5.510204081632653,11,8,0,,,49,,54,32,30,9,19,0,2,44,8.081632653061224,3.489795918367347,2.3157894736842106,1.653061224489796,,,,,1.489795918367347,,0.6788079470198676,,,5.091560496116172,0.28691683721063216,,,,,,,,,136.50000000000003,2.7857142857142865,153,3.122448979591837,,,,,,,,,,,,,,,,,,,"Matt Moore","1890",519043
"Brett Martin","TEX",1,1,,4,23,0,0,,,27,,27,13,12,3,10,1,1,25,8.333333333333334,3.3333333333333335,2.5,1,,,,,1.3703703703703705,,0.7317073170731708,,,4.028824290522823,0.2868013622479303,,,,,,,,,109.7,4.062962962962963,113,4.185185185185185,,,,,,,,,,,,,,,,,,,"Brett Martin","17369",656685
"Julian Garcia","PHI",3,3,,5.175,9,7,0,,,40,,41,24,23,6,20,0,3,36,8.1,4.5,1.8,1.35,,,,,1.525,,0.7034220532319392,,,5.089009475708008,0.2863327806361137,,,,,,,,,118.59999999999998,2.9649999999999994,125,3.125,,,,,,,,,,,,,,,,,,,"Julian Garcia","22362",670062
"Conner Menez","SFG",2,3,,4.5,11,9,0,,,48,,44,26,24,7,25,0,3,51,9.5625,4.6875,2.04,1.3125,,,,,1.4375,,0.7263513513513513,,,4.734842809041341,0.28614306757598806,,,,,,,,,172.70000000000002,3.597916666666667,167,3.4791666666666665,,,,,,,,,,,,,,,,,,,"Conner Menez","19199",669214
"Ricky Nolasco","ARI",2,3,,5.232558139534884,8,8,0,,,43,,46,27,25,7,16,1,1,34,7.116279069767442,3.3488372093023258,2.125,1.4651162790697674,,,,,1.441860465116279,,0.6704980842911877,,,4.934939708266148,0.2855534066875072,,,,,,,,,129.49999999999994,3.011627906976743,141,3.2790697674418605,,,,,,,,,,,,,,,,,,,"Ricky Nolasco","3830",445060
"Ariel Jurado","TEX",4,4,,5.7272727272727275,13,9,0,,,55,,67,37,35,11,14,0,2,34,5.5636363636363635,2.290909090909091,2.4285714285714284,1.8,,,,,1.4727272727272727,,0.6707317073170732,,,5.450373112071644,0.2844078417180559,,,,,,,,,117.49999999999997,2.136363636363636,152,2.7636363636363637,,,,,,,,,,,,,,,,,,,"Ariel Jurado","17030",642558
"José Rodríguez","LAA",2,2,,5,11,5,0,,,36,,38,22,20,6,16,0,1,29,7.25,4,1.8125,1.5,,,,,1.5,,0.7017543859649122,,,5.18623169793023,0.28308602735807414,,,,,,,,,100.80000000000003,2.8000000000000007,109,3.0277777777777777,,,,,,,,,,,,,,,,,,,"Jose Rodriguez","17860",642578
"Dylan Covey","TBR",2,3,,5.2682926829268295,11,8,0,,,41,,45,26,24,6,16,1,1,31,6.804878048780488,3.5121951219512195,1.9375,1.3170731707317074,,,,,1.4878048780487805,,0.6653992395437263,,,4.848155817171422,0.2825797385288962,,,,,,,,,123.60000000000002,3.014634146341464,138,3.3658536585365852,,,,,,,,,,,,,,,,,,,"Dylan Covey","14825",592229
"Nick Vincent","SFG",1,1,,3.857142857142857,18,1,0,,,21,,20,9,9,2,5,1,1,19,8.142857142857142,2.142857142857143,3.8,0.8571428571428571,,,,,1.1904761904761905,,0.7207207207207208,,,3.4997237614222936,0.2815208167175107,,,,,,,,,98.80000000000001,4.704761904761905,99,4.714285714285714,,,,,,,,,,,,,,,,,,,"Nick Vincent","7555",543883
"Bailey Falter","PHI",2,3,,4.935483870967742,6,6,0,,,31,,34,18,17,6,7,0,1,24,6.967741935483871,2.032258064516129,3.4285714285714284,1.7419354838709677,,,,,1.3225806451612903,,0.705521472392638,,,4.955944959578976,0.28133352227323793,,,,,,,,,91.19999999999996,2.9419354838709664,101,3.2580645161290325,,,,,,,,,,,,,,,,,,,"Bailey Falter","20070",663559
"Bryan Sammons","MIN",3,3,,5.048780487804878,9,9,0,,,41,,42,24,23,6,21,0,3,35,7.682926829268292,4.609756097560975,1.6666666666666667,1.3170731707317074,,,,,1.5365853658536586,,0.7142857142857143,,,5.16522898790313,0.2812574990941074,,,,,,,,,118.40000000000002,2.887804878048781,125,3.048780487804878,,,,,,,,,,,,,,,,,,,"Bryan Sammons","20462",676614
"Andrew Triggs","SFG",1,2,,4.125,4,4,0,,,24,,23,12,11,3,9,0,1,21,7.875,3.375,2.3333333333333335,1.125,,,,,1.3333333333333333,,0.7194244604316546,,,4.339009475708008,0.2810495851735626,,,,,,,,,92.9,3.8708333333333336,93,3.875,,,,,,,,,,,,,,,,,,,"Andrew Triggs","13533",592811
"Steven Brault","PIT",2,2,,4.846153846153846,10,6,0,,,39,,39,22,21,5,22,1,2,36,8.307692307692308,5.076923076923077,1.6363636363636365,1.1538461538461537,,,,,1.564102564102564,,0.7222222222222222,,,4.880676142374675,0.27976833521606836,,,,,,,,,125.70000000000002,3.2230769230769236,130,3.3333333333333335,,,,,,,,,,,,,,,,,,,"Steven Brault","15291",643230
"Tyler Duffey","MIN",1,1,,4.153846153846154,23,0,0,,,26,,24,13,12,4,8,1,1,31,10.73076923076923,2.769230769230769,3.875,1.3846153846153846,,,,,1.2307692307692308,,0.7196969696969697,,,3.8678556295541617,0.27927350646314014,,,,,,,,,115.79999999999998,4.453846153846153,113,4.346153846153846,,,,,,,,,,,,,,,,,,,"Tyler Duffey","13758",608648
"Mike Kickham","BOS",2,2,,4.935483870967742,10,5,0,,,31,,33,19,17,5,11,0,1,27,7.838709677419355,3.193548387096774,2.4545454545454546,1.4516129032258065,,,,,1.4193548387096775,,0.6756756756756757,,,4.730138507966073,0.27921715816528603,,,,,,,,,100.09999999999998,3.2290322580645157,108,3.4838709677419355,,,,,,,,,,,,,,,,,,,"Mike Kickham","11618",592464
"Carlos Estévez","COL",1,1,,3.96,25,0,0.22300000488758087,,,25,,23,12,11,3,9,0,1,27,9.72,3.24,3,1.08,,,,,1.28,,0.7194244604316546,,,3.814009475708008,0.27850595920038534,,,,,,,,,113.41500002443789,4.536600000977516,111.1150000244379,4.444600000977516,,,,,,,,,,,,,,,,,,,"Carlos Estevez","14542",608032
"Michael Lorenzen","CIN",1,1,,3.7241379310344827,24,0,0.8939999938011169,,,29,,26,13,12,3,11,1,1,27,8.379310344827585,3.413793103448276,2.4545454545454546,0.9310344827586207,,,,,1.2758620689655173,,0.7317073170731708,,,3.9381474067424906,0.2775907046656533,,,,,,,,,132.5699999690056,4.571379309276056,128.46999996900558,4.429999998931227,,,,,,,,,,,,,,,,,,,"Michael Lorenzen","14843",547179
"Franklyn Kilome","NYM",1,2,,4.764705882352941,7,7,0,,,34,,34,19,18,3,20,0,2,26,6.882352941176471,5.294117647058823,1.3,0.7941176470588235,,,,,1.588235294117647,,0.7028112449799198,,,4.7728330051197725,0.27697709606880294,,,,,,,,,112.30000000000001,3.3029411764705885,117,3.4411764705882355,,,,,,,,,,,,,,,,,,,"Franklyn Kilome","17861",642584
"Steven Fuentes","WSN",3,2,,4.5,12,4,0,,,36,,36,19,18,6,13,0,2,34,8.5,3.25,2.6153846153846154,1.5,,,,,1.3611111111111112,,0.7389162561576355,,,4.741787253485786,0.27665264263013356,,,,,,,,,122.00000000000001,3.3888888888888893,125,3.4722222222222223,,,,,,,,,,,,,,,,,,,"Steven Fuentes","sa828326",651002
"Sam Tuivailala","SEA",1,1,,3.6,16,1,0,,,15,,14,7,6,1,6,0,1,16,9.6,3.6,2.6666666666666665,0.6,,,,,1.3333333333333333,,0.6989247311827956,,,3.3473428090413413,0.27620952307976654,,,,,,,,,73.30000000000001,4.886666666666668,73,4.866666666666666,,,,,,,,,,,,,,,,,,,"Sam Tuivailala","13485",592815
"Nabil Crismatt","STL",3,3,,4.86,10,9,0,,,50,,51,29,27,9,16,0,3,43,7.74,2.88,2.6875,1.62,,,,,1.34,,0.698529411764706,,,4.974009475708008,0.2758408173344785,,,,,,,,,155.70000000000002,3.1140000000000003,162,3.24,,,,,,,,,,,,,,,,,,,"Nabil Crismatt","17732",622503
"Jose Alvarez","PHI",1,1,,3.6818181818181817,25,0,0,,,22,,21,10,9,2,7,1,0,19,7.7727272727272725,2.8636363636363638,2.7142857142857144,0.8181818181818182,,,,,1.2727272727272727,,0.7142857142857143,,,3.623100384798917,0.2755839432808537,,,,,,,,,100.60000000000002,4.572727272727274,101,4.590909090909091,,,,,,,,,,,,,,,,,,,"Jose Alvarez","5358",501625
"Blake Wood","LAA",1,1,,3.9375,15,0,0,,,16,,16,8,7,1,7,1,0,16,9,3.9375,2.2857142857142856,0.5625,,,,,1.4375,,0.6944444444444444,,,3.339009475708008,0.2748887389723083,,,,,,,,,75.5,4.71875,78,4.875,,,,,,,,,,,,,,,,,,,"Blake Wood","1345",502028
"John Brebbia","STL",1,1,,3.6,23,0,0,,,25,,22,11,10,3,9,1,1,28,10.08,3.24,3.111111111111111,1.08,,,,,1.24,,0.7462686567164178,,,3.734009475708008,0.27457996105094457,,,,,,,,,116.89999999999999,4.675999999999999,112,4.48,,,,,,,,,,,,,,,,,,,"John Brebbia","12777",605154
"Sean Poppen","MIN",2,2,,4.973684210526316,9,7,0,,,38,,40,23,21,6,17,0,2,34,8.052631578947368,4.026315789473684,2,1.4210526315789473,,,,,1.5,,0.6995884773662551,,,4.97716737044485,0.2742270835558047,,,,,,,,,114.39999999999998,3.0105263157894733,123,3.236842105263158,,,,,,,,,,,,,,,,,,,"Sean Poppen","19583",664092
"Joe Ryan","TBR",2,2,,4.5,9,8,0,,,40,,37,22,20,9,13,0,3,49,11.025,2.925,3.769230769230769,2.025,,,,,1.25,,0.7486631016042781,,,4.889009475708008,0.2742118009259478,,,,,,,,,139.10000000000002,3.4775000000000005,133,3.325,,,,,,,,,,,,,,,,,,,"Joe Ryan","21390",657746
"Raisel Iglesias","CIN",3,2,,3.75,23,0,11.48900032043457,,,24,,20,10,10,4,8,1,1,30,11.25,3,3.75,1.5,,,,,1.1666666666666667,,0.8035714285714286,,,4.005676142374675,0.2729392375329458,,,,,,,,,166.84500160217289,6.951875066757204,158.44500160217285,6.601875066757202,,,,,,,,,,,,,,,,,,,"Raisel Iglesias","17130",628452
"Archie Bradley","ARI",2,1,,3.5357142857142856,26,0,12.149999618530273,,,28,,24,12,11,3,12,1,1,32,10.285714285714286,3.857142857142857,2.6666666666666665,0.9642857142857143,,,,,1.2857142857142858,,0.7547169811320754,,,3.714009475708008,0.27284060552982187,,,,,,,,,193.64999809265143,6.916071360451837,186.74999809265137,6.669642789023263,,,,,,,,,,,,,,,,,,,"Archie Bradley","12918",605151
"Blake Treinen","LAD",2,1,,3.5217391304347827,22,0,1.3109999895095825,,,23,,20,10,9,2,10,1,1,24,9.391304347826088,3.9130434782608696,2.4,0.782608695652174,,,,,1.3043478260869565,,0.7352941176470589,,,3.6922703452732253,0.27257360346132903,,,,,,,,,115.15499994754794,5.006739128154258,110.55499994754791,4.806739128154257,,,,,,,,,,,,,,,,,,,"Blake Treinen","12572",595014
"Adam Kolarek","LAD",2,1,,3.4285714285714284,25,0,0,,,21,,20,8,8,1,7,1,1,16,6.857142857142857,3,2.2857142857142856,0.42857142857142855,,,,,1.2857142857142858,,0.7421875,,,3.452104713803246,0.2716338151994819,,,,,,,,,99.1,4.719047619047619,100,4.761904761904762,,,,,,,,,,,,,,,,,,,"Adam Kolarek","10843",592473
"Thomas Jankins","MIL",3,3,,5.04,10,9,0,,,50,,56,30,28,9,14,0,3,35,6.3,2.52,2.5,1.62,,,,,1.4,,0.6968641114982579,,,5.174009475708008,0.2691002978704043,,,,,,,,,132.70000000000002,2.6540000000000004,152,3.04,,,,,,,,,,,,,,,,,,,"Thomas Jankins","sa873276",669725
"Clayton Richard","TOR",2,3,,5.447368421052632,7,7,0,,,38,,43,24,23,6,14,1,2,25,5.921052631578948,3.3157894736842106,1.7857142857142858,1.4210526315789473,,,,,1.5,,0.6790123456790124,,,5.214009475708008,0.26904609157131365,,,,,,,,,97.59999999999998,2.5684210526315785,114,3,,,,,,,,,,,,,,,,,,,"Clayton Richard","3551",453385
"JT Brubaker","PIT",2,3,,5.076923076923077,8,8,0,,,39,,42,24,22,6,16,0,2,31,7.153846153846154,3.6923076923076925,1.9375,1.3846153846153846,,,,,1.4871794871794872,,0.6854838709677419,,,5.008881270579803,0.2688265463107364,,,,,,,,,113.60000000000001,2.912820512820513,125,3.2051282051282053,,,,,,,,,,,,,,,,,,,"JT Brubaker","17578",664141
"Kevin Smith","NYM",3,3,,4.609756097560975,9,9,0,,,41,,39,22,21,7,19,0,2,42,9.21951219512195,4.170731707317073,2.210526315789474,1.5365853658536586,,,,,1.4146341463414633,,0.7468879668049793,,,4.921326548878739,0.2683936196586125,,,,,,,,,136.9,3.3390243902439027,135,3.292682926829268,,,,,,,,,,,,,,,,,,,"Kevin Smith","sa3007710",663325
"Dustin Beggs","MIA",2,3,,4.95,9,7,0,,,40,,44,23,22,6,13,0,2,29,6.525,2.925,2.230769230769231,1.35,,,,,1.425,,0.6995884773662551,,,4.839009475708008,0.26804607714034195,,,,,,,,,120.79999999999998,3.0199999999999996,135,3.375,,,,,,,,,,,,,,,,,,,"Dustin Beggs","sa829242",657511
"Duncan Robinson","CHC",2,2,,4.864864864864865,7,7,0,,,37,,41,22,20,6,10,0,2,24,5.837837837837838,2.4324324324324325,2.4,1.4594594594594594,,,,,1.3783783783783783,,0.6807511737089201,,,4.997793259491791,0.2676086298725338,,,,,,,,,105.39999999999999,2.8486486486486484,119,3.2162162162162162,,,,,,,,,,,,,,,,,,,"Duncan Robinson","sa874105",670061
"Caleb Boushley","SDP",1,2,,4.5,10,3,0,,,34,,36,18,17,5,9,1,2,26,6.882352941176471,2.3823529411764706,2.888888888888889,1.3235294117647058,,,,,1.3235294117647058,,0.7105263157894737,,,4.566950652178596,0.2670508730231912,,,,,,,,,115.50000000000001,3.397058823529412,124,3.6470588235294117,,,,,,,,,,,,,,,,,,,"Caleb Boushley","19736",676961
"Héctor Neris","PHI",2,1,,3.375,25,0,8.486000061035156,,,24,,19,10,9,4,9,1,1,34,12.75,3.375,3.7777777777777777,1.5,,,,,1.1666666666666667,,0.8035714285714286,,,3.7973428090413415,0.2669232657548841,,,,,,,,,159.4300003051758,6.642916679382325,148.43000030517578,6.184583346048991,,,,,,,,,,,,,,,,,,,"Hector Neris","11804",593576
"Tyler Viza","PHI",2,2,,5.4,9,7,0,,,35,,38,22,21,6,12,0,2,28,7.2,3.085714285714286,2.3333333333333335,1.542857142857143,,,,,1.4285714285714286,,0.673076923076923,,,5.042580904279436,0.2668406387077965,,,,,,,,,100.39999999999999,2.8685714285714283,111,3.1714285714285713,,,,,,,,,,,,,,,,,,,"Tyler Viza","sa738610",643588
"Odrisamer Despaigne","CHW",2,3,,5.2682926829268295,10,7,0,,,41,,44,25,24,7,17,0,2,33,7.2439024390243905,3.731707317073171,1.9411764705882353,1.5365853658536586,,,,,1.4878048780487805,,0.703125,,,5.214009475708008,0.26644626064988786,,,,,,,,,111.9,2.729268292682927,123,3,,,,,,,,,,,,,,,,,,,"Odrisamer Despaigne","16017",628333
"José Castillo","SDP",1,1,,3.5217391304347827,22,0,0,,,23,,18,10,9,3,9,0,1,31,12.130434782608695,3.5217391304347827,3.4444444444444446,1.173913043478261,,,,,1.173913043478261,,0.7456140350877193,,,3.5183573017949645,0.26567971048383576,,,,,,,,,118.5,5.1521739130434785,108,4.695652173913044,,,,,,,,,,,,,,,,,,,"Jose Castillo","17169",620454
"Dillon Tate","BAL",1,2,,5.275862068965517,11,4,0,,,29,,32,19,17,4,11,0,2,21,6.517241379310345,3.413793103448276,1.9090909090909092,1.2413793103448276,,,,,1.4827586206896552,,0.6417112299465241,,,4.903664648121801,0.264460478786507,,,,,,,,,85.20000000000003,2.9379310344827596,96,3.310344827586207,,,,,,,,,,,,,,,,,,,"Dillon Tate","17796",622253
"Kendall Graveman","SEA",1,2,,5.0625,6,6,0,,,32,,36,19,18,5,10,0,1,22,6.1875,2.8125,2.2,1.40625,,,,,1.4375,,0.6923076923076923,,,4.901509475708008,0.26229550046848116,,,,,,,,,92.7,2.896875,106,3.3125,,,,,,,,,,,,,,,,,,,"Kendall Graveman","15514",608665
"Andrew Chafin","ARI",1,1,,3.15,27,0,0,,,20,,17,8,7,2,8,1,1,23,10.35,3.6,2.875,0.9,,,,,1.25,,0.7657657657657658,,,3.564009475708008,0.25936102268433225,,,,,,,,,98.2,4.91,93,4.65,,,,,,,,,,,,,,,,,,,"Andrew Chafin","12988",605177
"Shane McClanahan","TBR",3,3,,4.829268292682927,9,8,0,,,41,,39,23,22,7,20,0,2,43,9.439024390243903,4.390243902439025,2.15,1.5365853658536586,,,,,1.4390243902439024,,0.7317073170731707,,,4.9457167927811785,0.2562576246005821,,,,,,,,,135.9,3.3146341463414637,134,3.268292682926829,,,,,,,,,,,,,,,,,,,"Shane McClanahan","21483",663556
"Craig Stammen","SDP",2,2,,3.4615384615384617,24,0,0.2680000066757202,,,26,,24,11,10,3,6,1,1,24,8.307692307692308,2.076923076923077,4,1.0384615384615385,,,,,1.1538461538461537,,0.7364341085271318,,,3.6755479372464697,0.2547192267367546,,,,,,,,,121.4400000333786,4.670769232053023,119.3400000333786,4.5900000012837925,,,,,,,,,,,,,,,,,,,"Craig Stammen","7274",489334
"Hansel Robles","LAA",1,1,,3.96,24,0,8.717000007629395,,,25,,23,11,11,3,10,1,1,27,9.72,3.6,2.7,1.08,,,,,1.32,,0.7638888888888888,,,3.9340094757080077,0.25467934529627034,,,,,,,,,152.88500003814696,6.115400001525878,150.58500003814697,6.023400001525879,,,,,,,,,,,,,,,,,,,"Hansel Robles","11801",570663
"Blaine Hardy","MIN",1,1,,4.304347826086956,15,2,0,,,23,,23,11,11,3,7,0,0,18,7.043478260869565,2.739130434782609,2.5714285714285716,1.173913043478261,,,,,1.3043478260869565,,0.7364341085271318,,,4.257487736577573,0.2546770617161094,,,,,,,,,88.5,3.847826086956522,91,3.9565217391304346,,,,,,,,,,,,,,,,,,,"Blaine Hardy","6499",543278
"Joe Gunkel","MIA",2,3,,4.75,9,6,0,,,36,,40,21,19,6,6,0,2,23,5.75,1.5,3.8333333333333335,1.5,,,,,1.2777777777777777,,0.6648936170212766,,,4.769565031263563,0.25467407279790416,,,,,,,,,110.60000000000002,3.072222222222223,124,3.4444444444444446,,,,,,,,,,,,,,,,,,,"Joe Gunkel","sa738176",641646
"Lincoln Henzman","CHW",2,3,,5.232558139534884,10,9,0,,,43,,53,27,25,7,12,0,2,20,4.186046511627907,2.511627906976744,1.6666666666666667,1.4651162790697674,,,,,1.5116279069767442,,0.6884057971014492,,,5.376800173382426,0.25462514788539253,,,,,,,,,92.29999999999995,2.1465116279069756,122,2.8372093023255816,,,,,,,,,,,,,,,,,,,"Lincoln Henzman","sa3005187",669205
"Iván Nova","DET",3,4,,5.166666666666667,10,10,0,,,54,,66,34,31,11,12,1,2,34,5.666666666666667,2,2.8333333333333335,1.8333333333333333,,,,,1.4444444444444444,,0.7028753993610224,,,5.380676142374675,0.25453214739127317,,,,,,,,,118.70000000000002,2.1981481481481486,153,2.8333333333333335,,,,,,,,,,,,,,,,,,,"Ivan Nova","1994",467100
"Cody Ponce","PIT",2,2,,4.9655172413793105,11,4,0,,,29,,31,17,16,4,11,0,1,24,7.448275862068965,3.413793103448276,2.1818181818181817,1.2413793103448276,,,,,1.4482758620689655,,0.6868131868131868,,,4.593319820535594,0.25239847623698136,,,,,,,,,96.80000000000003,3.3379310344827595,105,3.6206896551724137,,,,,,,,,,,,,,,,,,,"Cody Ponce","17920",664074
"Scott Oberg","COL",1,1,,3.4285714285714284,20,0,1.8969999551773071,,,21,,19,9,8,2,8,0,1,21,9,3.4285714285714284,2.625,0.8571428571428571,,,,,1.2857142857142858,,0.7438016528925621,,,3.7378189995175317,0.252383964977312,,,,,,,,,105.88499977588654,5.042142846470788,103.48499977588654,4.927857132185073,,,,,,,,,,,,,,,,,,,"Scott Oberg","13911",623184
"Erik Swanson","SEA",1,2,,5.029411764705882,11,6,1.5360000133514404,,,34,,34,21,19,7,11,0,1,34,9,2.911764705882353,3.090909090909091,1.8529411764705883,,,,,1.3235294117647058,,0.6818181818181818,,,4.949303593355067,0.25155327018672735,,,,,,,,,116.7800000667572,3.4347058843163882,118.6800000667572,3.490588237257565,,,,,,,,,,,,,,,,,,,"Erik Swanson","16587",657024
"Edubray Ramos","LAD",1,1,,4,20,0,0,,,18,,17,9,8,2,6,1,0,18,9,3,3,1,,,,,1.2777777777777777,,0.6930693069306931,,,3.6584539201524526,0.25149185394582924,,,,,,,,,82.40000000000002,4.577777777777779,82,4.555555555555555,,,,,,,,,,,,,,,,,,,"Edubray Ramos","16086",591693
"Michael Feliz","PIT",1,1,,3.96,24,0,0,,,25,,21,12,11,3,12,0,1,32,11.52,4.32,2.6666666666666665,1.08,,,,,1.32,,0.7291666666666666,,,3.774009475708008,0.2510203504679438,,,,,,,,,118.5,4.74,111,4.44,,,,,,,,,,,,,,,,,,,"Michael Feliz","11903",593140
"Clay Buchholz","TOR",1,2,,4.9655172413793105,6,6,0,,,29,,31,17,16,5,9,0,1,21,6.517241379310345,2.793103448275862,2.3333333333333335,1.5517241379310345,,,,,1.3793103448275863,,0.696969696969697,,,5.04159568260456,0.2504210316450843,,,,,,,,,84.50000000000001,2.9137931034482762,92,3.1724137931034484,,,,,,,,,,,,,,,,,,,"Clay Buchholz","3543",453329
"Chris Martin","ATL",1,0,,3,18,0,0,,,18,,17,7,6,2,3,0,1,18,9,1.5,6,1,,,,,1.1111111111111112,,0.7558139534883721,,,3.325120586819119,0.24987039421857993,,,,,,,,,88.40000000000002,4.911111111111112,88,4.888888888888889,,,,,,,,,,,,,,,,,,,"Chris Martin","11847",455119
"Matt Andriese","LAA",2,2,,4.78125,17,3,0,,,32,,33,18,17,6,11,1,1,33,9.28125,3.09375,3,1.6875,,,,,1.375,,0.7303370786516854,,,4.714009475708008,0.24927840185954797,,,,,,,,,107.2,3.35,112,3.5,,,,,,,,,,,,,,,,,,,"Matt Andriese","12022",542882
"Dennis Santana","LAD",2,3,,4.864864864864865,10,6,0,,,37,,36,21,20,6,18,0,2,39,9.486486486486486,4.378378378378378,2.1666666666666665,1.4594594594594594,,,,,1.4594594594594594,,0.7236842105263158,,,4.83563109732963,0.24907456309481835,,,,,,,,,124.39999999999999,3.362162162162162,125,3.3783783783783785,,,,,,,,,,,,,,,,,,,"Dennis Santana","17878",642701
"Lou Trivino III","OAK",2,1,,4.125,23,0,0,,,24,,22,11,11,2,11,1,1,23,8.625,4.125,2.090909090909091,0.75,,,,,1.375,,0.728476821192053,,,3.8806761423746745,0.24888230101647946,,,,,,,,,105.80000000000003,4.408333333333334,104,4.333333333333333,,,,,,,,,,,,,,,,,,,"Lou Trivino III","15043",642152
"Luís Madero","SFG",3,3,,4.609756097560975,9,9,0,,,41,,44,23,21,6,13,0,2,28,6.146341463414634,2.8536585365853657,2.1538461538461537,1.3170731707317074,,,,,1.3902439024390243,,0.6995884773662551,,,4.848155817171422,0.24829006239567397,,,,,,,,,126.20000000000002,3.0780487804878054,138,3.3658536585365852,,,,,,,,,,,,,,,,,,,"Luis Madero","20399",650347
"Yusmeiro Petit","OAK",1,1,,3.8076923076923075,24,0,0.37400001287460327,,,26,,24,12,11,4,5,1,0,24,8.307692307692308,1.7307692307692308,4.8,1.3846153846153846,,,,,1.1153846153846154,,0.7264957264957266,,,3.944778706477239,0.2480431874796037,,,,,,,,,115.670000064373,4.4488461563220385,112.87000006437302,4.341153848629731,,,,,,,,,,,,,,,,,,,"Yusmeiro Petit","4020",433589
"Jay Jackson","MIL",1,1,,3.9130434782608696,21,0,0,,,23,,19,10,10,3,9,0,1,29,11.347826086956522,3.5217391304347827,3.2222222222222223,1.173913043478261,,,,,1.2173913043478262,,0.7563025210084033,,,3.6922703452732253,0.24781827482215546,,,,,,,,,111.9,4.865217391304348,104,4.521739130434782,,,,,,,,,,,,,,,,,,,"Jay Jackson","7432",543351
"John Schreiber","DET",2,2,,4.153846153846154,22,0,0,,,26,,24,13,12,3,9,1,1,26,9,3.1153846153846154,2.888888888888889,1.0384615384615385,,,,,1.2692307692307692,,0.6944444444444444,,,3.8678556295541617,0.24771166962820884,,,,,,,,,115.1,4.426923076923076,113,4.346153846153846,,,,,,,,,,,,,,,,,,,"John Schreiber","20020",670167
"Williams Pérez","STL",2,2,,4.5,7,6,0,,,30,,30,16,15,4,12,0,1,23,6.9,3.6,1.9166666666666667,1.2,,,,,1.4,,0.7142857142857143,,,4.714009475708008,0.2457068007762261,,,,,,,,,101.80000000000001,3.3933333333333335,105,3.5,,,,,,,,,,,,,,,,,,,"Williams Perez","11592",554234
"Riley O'Brien","TBR",2,3,,4.885714285714286,8,6,0,,,35,,34,20,19,4,21,0,2,32,8.228571428571428,5.4,1.5238095238095237,1.0285714285714285,,,,,1.5714285714285714,,0.708502024291498,,,4.842580904279437,0.24405173256882695,,,,,,,,,116.4,3.325714285714286,118,3.3714285714285714,,,,,,,,,,,,,,,,,,,"Riley O'Brien","20348",676617
"Anthony Kay","TOR",3,4,,5.361702127659575,10,10,0,,,47,,49,30,28,8,24,0,3,43,8.23404255319149,4.595744680851064,1.7916666666666667,1.5319148936170213,,,,,1.553191489361702,,0.6957928802588997,,,5.320392454431412,0.24404913139728446,,,,,,,,,127,2.702127659574468,136,2.893617021276596,,,,,,,,,,,,,,,,,,,"Anthony Kay","20387",641743
"Wes Parsons","COL",1,1,,5.275862068965517,10,3,0,,,29,,32,18,17,4,13,0,1,25,7.758620689655173,4.0344827586206895,1.9230769230769231,1.2413793103448276,,,,,1.5517241379310345,,0.6852791878172589,,,4.731250855018352,0.243740614427723,,,,,,,,,90.20000000000003,3.110344827586208,101,3.4827586206896552,,,,,,,,,,,,,,,,,,,"Wes Parsons","14764",641149
"Connor Brogdon","PHI",1,1,,4.32,17,1,0,,,25,,22,13,12,4,11,0,1,32,11.52,3.96,2.909090909090909,1.44,,,,,1.32,,0.7299270072992701,,,4.174009475708008,0.24269383026573227,,,,,,,,,106.60000000000001,4.264,101,4.04,,,,,,,,,,,,,,,,,,,"Connor Brogdon","21205",641401
"José Alvarado","TBR",2,1,,3.5,20,0,2.7079999446868896,,,18,,14,7,7,1,11,1,0,22,11,5.5,2,0.5,,,,,1.3888888888888888,,0.7627118644067796,,,3.325120586819119,0.241991040179655,,,,,,,,,109.03999972343445,6.057777762413025,101.53999972343445,5.641111095746358,,,,,,,,,,,,,,,,,,,"Jose Alvarado","17780",621237
"Jeffrey Passantino","CHC",2,1,,4.5,9,4,0,,,32,,34,17,16,6,8,0,2,29,8.15625,2.25,3.625,1.6875,,,,,1.3125,,0.7440476190476191,,,4.776509475708008,0.24114942157082253,,,,,,,,,102.6,3.20625,110,3.4375,,,,,,,,,,,,,,,,,,,"Jeffrey Passantino","sa915726",676561
"Corey Knebel","MIL",1,1,,3.176470588235294,18,0,2.0910000801086426,,,17,,12,6,6,2,9,1,1,26,13.764705882352942,4.764705882352941,2.888888888888889,1.0588235294117647,,,,,1.2352941176470589,,0.8241758241758242,,,3.449303593355067,0.2409925546234407,,,,,,,,,102.45500040054323,6.02676472944372,91.45500040054321,5.379705905914307,,,,,,,,,,,,,,,,,,,"Corey Knebel","15010",608349
"Kyle Keller","LAA",1,1,,3.9130434782608696,17,0,0,,,23,,19,11,10,3,12,0,1,28,10.956521739130435,4.695652173913044,2.3333333333333335,1.173913043478261,,,,,1.3478260869565217,,0.7462686567164178,,,4.170531214838443,0.24068068328612505,,,,,,,,,100.9,4.386956521739131,93,4.043478260869565,,,,,,,,,,,,,,,,,,,"Kyle Keller","18890",664918
"Bruce Zimmermann","BAL",2,3,,5.478260869565218,9,9,0,,,46,,51,30,28,9,21,0,3,38,7.434782608695652,4.108695652173913,1.8095238095238095,1.7608695652173914,,,,,1.565217391304348,,0.7070707070707071,,,5.670531214838443,0.24064657748007356,,,,,,,,,101.10000000000005,2.197826086956523,117,2.5434782608695654,,,,,,,,,,,,,,,,,,,"Bruce Zimmermann","20370",669145
"Tyson Ross","SFG",1,2,,4.655172413793103,6,5,0,,,29,,29,16,15,3,13,0,2,23,7.137931034482759,4.0344827586206895,1.7692307692307692,0.9310344827586207,,,,,1.4482758620689655,,0.6878306878306879,,,4.524354303294215,0.24033334309712334,,,,,,,,,103.30000000000001,3.5620689655172417,107,3.689655172413793,,,,,,,,,,,,,,,,,,,"Tyson Ross","7872",475115
"Wander Suero","WSN",3,2,,3.96,26,0,0,,,25,,24,12,11,3,9,1,1,27,9.72,3.24,3,1.08,,,,,1.32,,0.7291666666666666,,,3.814009475708008,0.23991384807181865,,,,,,,,,109.69999999999999,4.388,110,4.4,,,,,,,,,,,,,,,,,,,"Wander Suero","15855",593833
"Mark Melancon","ATL",1,1,,4.05,20,0,7.682000160217285,,,20,,20,9,9,2,6,0,0,19,8.55,2.7,3.1666666666666665,0.9,,,,,1.3,,0.7327586206896552,,,3.514009475708008,0.23977718707412907,,,,,,,,,129.81000080108643,6.490500040054322,132.41000080108643,6.6205000400543215,,,,,,,,,,,,,,,,,,,"Mark Melancon","4264",453343
"Kyle McGowin","WSN",2,3,,5.487804878048781,9,7,0,,,41,,44,27,25,8,15,0,2,40,8.78048780487805,3.292682926829268,2.6666666666666665,1.7560975609756098,,,,,1.4390243902439024,,0.6694560669456068,,,5.043277768390935,0.23886280158341314,,,,,,,,,119.60000000000002,2.9170731707317077,130,3.1707317073170733,,,,,,,,,,,,,,,,,,,"Kyle McGowin","15071",641851
"Taylor Widener","ARI",2,3,,5.3076923076923075,9,9,0,,,39,,39,24,23,6,21,0,2,39,9,4.846153846153846,1.8571428571428572,1.3846153846153846,,,,,1.5384615384615385,,0.6976744186046512,,,4.983240244938777,0.237658544735606,,,,,,,,,122.4,3.1384615384615384,126,3.230769230769231,,,,,,,,,,,,,,,,,,,"Taylor Widener","19266",642203
"James Karinchak","CLE",1,0,,3.2142857142857144,14,0,1.0529999732971191,,,14,,8,6,5,1,11,0,1,25,16.071428571428573,7.071428571428571,2.272727272727273,0.6428571428571429,,,,,1.3571428571428572,,0.7386363636363635,,,3.1425809042794364,0.23755328620391505,,,,,,,,,89.76499986648562,6.411785704748973,76.2649998664856,5.447499990463257,,,,,,,,,,,,,,,,,,,"James Karinchak","20151",675916
"Shawn Armstrong","BAL",1,1,,4.304347826086956,21,0,0,,,23,,21,12,11,3,11,0,1,25,9.782608695652174,4.304347826086956,2.272727272727273,1.173913043478261,,,,,1.391304347826087,,0.7194244604316546,,,4.300965997447138,0.23671155680571415,,,,,,,,,92.70000000000002,4.030434782608697,90,3.9130434782608696,,,,,,,,,,,,,,,,,,,"Shawn Armstrong","12857",542888
"Adam Morgan","PHI",1,1,,3.857142857142857,20,0,0.6060000061988831,,,14,,13,7,6,1,6,1,0,14,9,3.857142857142857,2.3333333333333335,0.6428571428571429,,,,,1.3571428571428572,,0.6818181818181818,,,3.4282951899937224,0.23558747059968196,,,,,,,,,70.53000003099444,5.037857145071031,70.03000003099442,5.002142859356744,,,,,,,,,,,,,,,,,,,"Adam Morgan","12580",605388
"Deolis Guerra","PHI",1,1,,3.6818181818181817,16,0,0,,,22,,19,10,9,3,6,0,1,24,9.818181818181818,2.4545454545454546,4,1.2272727272727273,,,,,1.1363636363636365,,0.7211538461538461,,,3.7594640211625534,0.23547168489716644,,,,,,,,,103.5,4.704545454545454,98,4.454545454545454,,,,,,,,,,,,,,,,,,,"Deolis Guerra","8410",500610
"José De León","CIN",1,1,,4.695652173913044,7,6,0,,,23,,22,13,12,4,11,0,1,26,10.173913043478262,4.304347826086956,2.3636363636363638,1.565217391304348,,,,,1.434782608695652,,0.7299270072992701,,,4.779226867012356,0.23464167378640485,,,,,,,,,79.8,3.4695652173913043,79,3.4347826086956523,,,,,,,,,,,,,,,,,,,"Jose De Leon","15463",592254
"Chris Devenski","HOU",1,1,,3.96,22,0,0,,,25,,23,12,11,4,7,0,1,27,9.72,2.52,3.857142857142857,1.44,,,,,1.2,,0.7377049180327869,,,4.094009475708008,0.23455140947159364,,,,,,,,,106,4.24,103,4.12,,,,,,,,,,,,,,,,,,,"Chris Devenski","12763",606965
"Tommy Kahnle","NYY",1,1,,3.6,24,0,0,,,20,,16,8,8,3,9,0,1,29,13.05,4.05,3.2222222222222223,1.35,,,,,1.25,,0.8173076923076923,,,3.764009475708008,0.23398957147087154,,,,,,,,,97.5,4.875,89,4.45,,,,,,,,,,,,,,,,,,,"Tommy Kahnle","11384",592454
"Taylor Clarke","ARI",3,3,,5.282608695652174,11,9,0,,,46,,49,29,27,8,17,0,3,37,7.239130434782608,3.3260869565217392,2.176470588235294,1.565217391304348,,,,,1.434782608695652,,0.6751824817518248,,,5.170531214838443,0.2337192601065234,,,,,,,,,128.6,2.7956521739130435,140,3.0434782608695654,,,,,,,,,,,,,,,,,,,"Taylor Clarke","17611",664199
"Kutter Crawford","BOS",3,3,,5.2105263157894735,9,9,0,,,38,,40,23,22,5,22,0,3,33,7.815789473684211,5.2105263157894735,1.5,1.1842105263157894,,,,,1.631578947368421,,0.7090909090909091,,,5.16137789676064,0.23360859198628484,,,,,,,,,106.69999999999999,2.8078947368421048,116,3.0526315789473686,,,,,,,,,,,,,,,,,,,"Kutter Crawford","20531",676710
"Jaime Barria","LAA",3,4,,5.470588235294118,11,9,0,,,51,,56,33,31,11,15,0,2,41,7.235294117647059,2.6470588235294117,2.7333333333333334,1.9411764705882353,,,,,1.392156862745098,,0.6834532374100719,,,5.410087907080557,0.2333705544667703,,,,,,,,,127.50000000000003,2.5000000000000004,143,2.803921568627451,,,,,,,,,,,,,,,,,,,"Jaime Barria","18356",642545
"Tyler Beede","SFG",3,4,,4.875,11,9,0,,,48,,48,28,26,7,23,0,3,46,8.625,4.3125,2,1.3125,,,,,1.4791666666666667,,0.7026143790849673,,,4.818176142374675,0.23334392012112218,,,,,,,,,158.3,3.297916666666667,163,3.3958333333333335,,,,,,,,,,,,,,,,,,,"Tyler Beede","16981",595881
"Andrew Cashner","BOS",3,3,,5.170212765957447,12,8,0,,,47,,50,29,27,7,20,0,2,34,6.51063829787234,3.8297872340425534,1.7,1.3404255319148937,,,,,1.4893617021276595,,0.6810631229235881,,,5.1076264969846035,0.2328853272731019,,,,,,,,,133.7,2.8446808510638295,146,3.106382978723404,,,,,,,,,,,,,,,,,,,"Andrew Cashner","8782",488768
"Rony García","DET",3,4,,5.651162790697675,9,9,0,,,43,,50,29,27,7,18,0,3,32,6.6976744186046515,3.7674418604651163,1.7777777777777777,1.4651162790697674,,,,,1.5813953488372092,,0.6701030927835051,,,5.307032731521962,0.23181136752221027,,,,,,,,,103.09999999999997,2.3976744186046504,125,2.9069767441860463,,,,,,,,,,,,,,,,,,,"Rony Garcia","20430",665621
"Cole Sulser","BAL",1,1,,4.5,20,1,0,,,24,,23,13,12,4,10,0,1,27,10.125,3.75,2.7,1.5,,,,,1.375,,0.7299270072992701,,,4.505676142374675,0.2316340758781794,,,,,,,,,89.60000000000002,3.7333333333333343,89,3.7083333333333335,,,,,,,,,,,,,,,,,,,"Cole Sulser","15256",642121
"Zack Britton","NYY",1,0,,3.3157894736842106,21,0,0.42800000309944153,,,19,,16,8,7,1,10,0,0,17,8.052631578947368,4.7368421052631575,1.7,0.47368421052631576,,,,,1.368421052631579,,0.7317073170731707,,,3.687693686234324,0.23154576131671645,,,,,,,,,92.8400000154972,4.886315790289326,88.14000001549721,4.638947369236695,,,,,,,,,,,,,,,,,,,"Zack Britton","3240",502154
"Brusdar Graterol","LAD",1,1,,3.7058823529411766,19,0,0,,,17,,15,7,7,1,7,0,1,17,9,3.7058823529411766,2.4285714285714284,0.5294117647058824,,,,,1.2941176470588236,,0.7281553398058251,,,3.390480063943302,0.23150764615806096,,,,,,,,,84.50000000000001,4.970588235294119,82,4.823529411764706,,,,,,,,,,,,,,,,,,,"Brusdar Graterol","20367",660813
"Ryan Helsley","STL",2,1,,4.354838709677419,13,4,2.503999948501587,,,31,,28,16,15,4,15,0,1,31,9,4.354838709677419,2.066666666666667,1.1612903225806452,,,,,1.3870967741935485,,0.7219251336898396,,,4.439815927320911,0.23021355675239763,,,,,,,,,133.9199997425079,4.319999991693804,129.51999974250793,4.178064507822836,,,,,,,,,,,,,,,,,,,"Ryan Helsley","18138",664854
"Bryan Abreu","HOU",2,2,,4.621621621621622,12,6,0.40299999713897705,,,37,,31,20,19,5,26,0,2,43,10.45945945945946,6.324324324324325,1.6538461538461537,1.2162162162162162,,,,,1.5405405405405406,,0.74,,,4.916712178410711,0.22964521449978778,,,,,,,,,135.71499998569487,3.667972972586348,124.01499998569489,3.351756756370132,,,,,,,,,,,,,,,,,,,"Bryan Abreu","16609",650556
"Sean Reid-Foley","TOR",3,3,,5.25,11,10,0,,,48,,47,30,28,8,30,0,2,50,9.375,5.625,1.6666666666666667,1.5,,,,,1.6041666666666667,,0.7142857142857143,,,5.297342809041341,0.2295206949218506,,,,,,,,,138.60000000000008,2.8875000000000015,140,2.9166666666666665,,,,,,,,,,,,,,,,,,,"Sean Reid-Foley","17034",656887
"Sam Delaplane","SEA",2,1,,3.9130434782608696,17,0,0,,,23,,19,10,10,3,10,0,1,29,11.347826086956522,3.9130434782608696,2.9,1.173913043478261,,,,,1.2608695652173914,,0.7661290322580645,,,3.822705127881921,0.22931428760217865,,,,,,,,,108.9,4.734782608695652,101,4.391304347826087,,,,,,,,,,,,,,,,,,,"Sam Delaplane","sa3004222",676845
"Aaron Leasher","SDP",2,3,,5.175,9,7,0,,,40,,43,24,23,5,21,0,2,31,6.975,4.725,1.4761904761904763,1.125,,,,,1.6,,0.7017543859649122,,,5.014009475708008,0.22839868471615113,,,,,,,,,115.7,2.8925,128,3.2,,,,,,,,,,,,,,,,,,,"Aaron Leasher","sa3004701",669468
"A.J. Minter","ATL",2,1,,3.857142857142857,21,0,0,,,21,,19,10,9,2,9,1,1,24,10.285714285714286,3.857142857142857,2.6666666666666665,0.8571428571428571,,,,,1.3333333333333333,,0.7142857142857143,,,3.594961856660389,0.22834868024781377,,,,,,,,,99.4,4.733333333333333,97,4.619047619047619,,,,,,,,,,,,,,,,,,,"A.J. Minter","18655",621345
"Ian Kennedy","KCR",1,1,,3.9130434782608696,23,0,10.194999694824219,,,23,,21,11,10,3,8,0,1,25,9.782608695652174,3.130434782608696,3.125,1.173913043478261,,,,,1.2608695652173914,,0.7258064516129032,,,3.9096616496210514,0.22745227283434652,,,,,,,,,152.6749984741211,6.638043411918309,149.9749984741211,6.520652107570482,,,,,,,,,,,,,,,,,,,"Ian Kennedy","6986",453178
"Austin Davis","PHI",1,1,,4.153846153846154,19,0,0,,,26,,23,13,12,3,13,1,1,31,10.73076923076923,4.5,2.3846153846153846,1.0384615384615385,,,,,1.3846153846153846,,0.7232704402515723,,,3.944778706477239,0.22646703972572252,,,,,,,,,115.69999999999999,4.449999999999999,111,4.269230769230769,,,,,,,,,,,,,,,,,,,"Austin Davis","17117",656354
"Jackson Stephens","CIN",2,3,,4.973684210526316,15,4,0,,,38,,40,23,21,6,17,0,2,34,8.052631578947368,4.026315789473684,2,1.4210526315789473,,,,,1.5,,0.6995884773662551,,,4.97716737044485,0.2264042837216336,,,,,,,,,114.39999999999998,3.0105263157894733,123,3.236842105263158,,,,,,,,,,,,,,,,,,,"Jackson Stephens","14420",623451
"Duane Underwood Jr.","CHC",2,2,,4.846153846153846,14,6,0,,,39,,39,23,21,6,17,0,2,36,8.307692307692308,3.923076923076923,2.1176470588235294,1.3846153846153846,,,,,1.435897435897436,,0.6932773109243697,,,4.829394091092624,0.22579830728646236,,,,,,,,,128.4,3.2923076923076926,132,3.3846153846153846,,,,,,,,,,,,,,,,,,,"Duane Underwood Jr.","14677",621249
"Grant Dayton","ATL",1,0,,3.857142857142857,13,0,0,,,14,,12,6,6,2,5,0,0,19,12.214285714285714,3.2142857142857144,3.8,1.2857142857142858,,,,,1.2142857142857142,,0.7746478873239437,,,3.4282951899937224,0.22531593517604145,,,,,,,,,70.80000000000003,5.057142857142859,67,4.785714285714286,,,,,,,,,,,,,,,,,,,"Grant Dayton","11203",594795
"Bryan Mata","BOS",3,3,,5,8,8,0,,,36,,36,22,20,4,24,0,2,30,7.5,6,1.25,1,,,,,1.6666666666666667,,0.698529411764706,,,5.158453920152453,0.22276091810402504,,,,,,,,,105.60000000000004,2.9333333333333345,110,3.0555555555555554,,,,,,,,,,,,,,,,,,,"Bryan Mata","sa917784",667356
"Alex Young","ARI",3,3,,4.875,12,8,0,,,48,,49,28,26,8,20,1,3,43,8.0625,3.75,2.15,1.5,,,,,1.4375,,0.7093425605536332,,,5.026509475708008,0.22234469142257707,,,,,,,,,146.40000000000006,3.050000000000001,153,3.1875,,,,,,,,,,,,,,,,,,,"Alex Young","18333",622065
"Jack Wynkoop","COL",3,4,,5.877551020408164,9,9,0,,,49,,63,34,32,10,9,0,3,26,4.775510204081633,1.653061224489796,2.888888888888889,1.836734693877551,,,,,1.469387755102041,,0.6551724137931034,,,5.540540087952905,0.2223113136053375,,,,,,,,,91.80000000000001,1.8734693877551023,131,2.673469387755102,,,,,,,,,,,,,,,,,,,"Jack Wynkoop","sa875060",622063
"Brett Kennedy","SDP",2,3,,4.636363636363637,6,6,0,,,33,,34,19,17,5,13,0,2,26,7.090909090909091,3.5454545454545454,2,1.3636363636363635,,,,,1.4242424242424243,,0.7,,,4.971585233283766,0.2221061168207665,,,,,,,,,101.30000000000004,3.0696969696969707,107,3.242424242424242,,,,,,,,,,,,,,,,,,,"Brett Kennedy","17877",664028
"Adam Scott","CLE",3,4,,5.086956521739131,10,9,0,,,46,,49,28,26,9,17,0,3,41,8.021739130434783,3.3260869565217392,2.411764705882353,1.7608695652173914,,,,,1.434782608695652,,0.7116104868913858,,,5.279226867012356,0.22192830773384228,,,,,,,,,124.30000000000004,2.702173913043479,135,2.9347826086956523,,,,,,,,,,,,,,,,,,,"Adam Scott","sa3006826",681792
"Matthew Kent","BOS",3,3,,5.711538461538462,10,9,0,,,52,,65,35,33,8,19,1,3,30,5.1923076923076925,3.2884615384615383,1.5789473684210527,1.3846153846153846,,,,,1.6153846153846154,,0.6730769230769231,,,5.329394091092624,0.22125531393340478,,,,,,,,,111.39999999999998,2.142307692307692,150,2.8846153846153846,,,,,,,,,,,,,,,,,,,"Matthew Kent","sa875610",664236
"Isaac Mattson","BAL",2,2,,4.5,17,0,0,,,28,,27,16,14,3,13,0,1,24,7.714285714285714,4.178571428571429,1.8461538461538463,0.9642857142857143,,,,,1.4285714285714286,,0.670391061452514,,,4.392580904279437,0.22105927793648422,,,,,,,,,106.10000000000001,3.7892857142857146,107,3.8214285714285716,,,,,,,,,,,,,,,,,,,"Isaac Mattson","20385",676755
"Cole Irvin","PHI",2,3,,5.170212765957447,11,7,0,,,47,,53,29,27,9,13,0,3,34,6.51063829787234,2.4893617021276597,2.6153846153846154,1.7234042553191489,,,,,1.4042553191489362,,0.6928838951310862,,,5.2778392629420505,0.2203413246580701,,,,,,,,,119.30000000000001,2.5382978723404257,138,2.9361702127659575,,,,,,,,,,,,,,,,,,,"Cole Irvin","19244",608344
"Josh A. Smith","MIA",2,2,,4.645161290322581,10,4,0,,,31,,32,17,16,5,10,0,1,27,7.838709677419355,2.903225806451613,2.7,1.4516129032258065,,,,,1.3548387096774193,,0.7142857142857143,,,4.633364314417685,0.21956869030783494,,,,,,,,,105.69999999999997,3.409677419354838,111,3.5806451612903225,,,,,,,,,,,,,,,,,,,"Josh A. Smith","10946",595001
"Andrés Muñoz","SDP",2,1,,3.4285714285714284,21,0,0,,,21,,15,9,8,2,13,0,1,29,12.428571428571429,5.571428571428571,2.230769230769231,0.8571428571428571,,,,,1.3333333333333333,,0.753968253968254,,,3.6901999518984843,0.21955696993845855,,,,,,,,,107.80000000000001,5.133333333333334,95,4.523809523809524,,,,,,,,,,,,,,,,,,,"Andres Munoz","20373",662253
"Jake Buchanan","WSN",2,2,,5.487804878048781,9,7,0,,,41,,50,27,25,6,14,1,3,24,5.2682926829268295,3.073170731707317,1.7142857142857142,1.3170731707317074,,,,,1.5609756097560976,,0.6654676258992805,,,5.189619231805569,0.21938509017181115,,,,,,,,,96.60000000000002,2.3560975609756105,124,3.024390243902439,,,,,,,,,,,,,,,,,,,"Jake Buchanan","10962",594772
"Sam McWilliams","TBR",3,3,,5.170212765957447,10,7,0,,,47,,53,29,27,7,19,0,2,34,6.51063829787234,3.6382978723404253,1.7894736842105263,1.3404255319148937,,,,,1.5319148936170213,,0.6913183279742765,,,5.043796709750561,0.21926661244144488,,,,,,,,,128.89999999999998,2.7425531914893613,149,3.1702127659574466,,,,,,,,,,,,,,,,,,,"Sam McWilliams","sa829124",656726
"Scott Alexander","LAD",1,1,,3.789473684210526,20,0,0,,,19,,19,9,8,1,8,1,0,15,7.105263157894737,3.789473684210526,1.875,0.47368421052631576,,,,,1.4210526315789473,,0.703125,,,3.5824305283395868,0.2186436165283524,,,,,,,,,84.89999999999998,4.4684210526315775,88,4.631578947368421,,,,,,,,,,,,,,,,,,,"Scott Alexander","10591",518397
"Heath Fillmyer","KCR",2,2,,5.4,11,8,0,,,40,,44,26,24,6,19,0,2,29,6.525,4.275,1.5263157894736843,1.35,,,,,1.575,,0.6776556776556777,,,5.289009475708008,0.21807672104273146,,,,,,,,,102.79999999999998,2.5699999999999994,117,2.925,,,,,,,,,,,,,,,,,,,"Heath Fillmyer","17466",641571
"Dillon Maples","CHC",2,1,,4.05,20,0,0,,,20,,13,10,9,1,20,0,1,33,14.85,9,1.65,0.45,,,,,1.65,,0.7278481012658228,,,3.714009475708008,0.21755837369128855,,,,,,,,,104.89999999999998,5.244999999999999,90,4.5,,,,,,,,,,,,,,,,,,,"Dillon Maples","14672",596027
"Blake Taylor","HOU",1,1,,4.5,13,2,0,,,26,,24,14,13,2,17,0,2,25,8.653846153846153,5.884615384615385,1.4705882352941178,0.6923076923076923,,,,,1.5769230769230769,,0.706806282722513,,,4.483240244938777,0.216371754217344,,,,,,,,,98.4,3.784615384615385,97,3.730769230769231,,,,,,,,,,,,,,,,,,,"Blake Taylor","16418",642130
"Charlie Barnes","MIN",3,3,,5.2,9,9,0,,,45,,49,28,26,6,24,0,3,31,6.2,4.8,1.2916666666666667,1.2,,,,,1.6222222222222222,,0.6965944272445821,,,5.369565031263564,0.21629447938026547,,,,,,,,,112.79999999999998,2.5066666666666664,128,2.8444444444444446,,,,,,,,,,,,,,,,,,,"Charlie Barnes","19865",656212
"McKenzie Mills","MIA",1,2,,4.885714285714286,11,5,0,,,35,,37,20,19,4,16,0,2,26,6.685714285714286,4.114285714285714,1.625,1.0285714285714285,,,,,1.5142857142857142,,0.6962025316455697,,,4.756866618565151,0.21597791878560335,,,,,,,,,111.60000000000001,3.1885714285714286,121,3.4571428571428573,,,,,,,,,,,,,,,,,,,"McKenzie Mills","sa829294",656746
"Sam Howard","PIT",2,2,,5.029411764705882,16,4,0,,,34,,33,20,19,5,16,0,2,34,9,4.235294117647059,2.125,1.3235294117647058,,,,,1.4411764705882353,,0.6904761904761905,,,4.714009475708008,0.2159116157900587,,,,,,,,,118.30000000000003,3.4794117647058833,119,3.5,,,,,,,,,,,,,,,,,,,"Sam Howard","16265",607572
"Dane Dunning","CHW",1,2,,5.1,6,6,0,,,30,,32,18,17,5,13,0,2,24,7.2,3.9,1.8461538461538463,1.5,,,,,1.5,,0.7105263157894737,,,5.280676142374675,0.21354055256670487,,,,,,,,,80.3,2.6766666666666667,88,2.933333333333333,,,,,,,,,,,,,,,,,,,"Dane Dunning","19409",641540
"Jeremy Jeffress","CHC",1,1,,3.6818181818181817,20,0,0.2759999930858612,,,22,,20,10,9,2,7,1,1,19,7.7727272727272725,2.8636363636363638,2.7142857142857144,0.8181818181818182,,,,,1.2272727272727273,,0.7024793388429752,,,3.7594640211625534,0.2130915251535653,,,,,,,,,101.57999996542932,4.617272725701333,99.3799999654293,4.517272725701332,,,,,,,,,,,,,,,,,,,"Jeremy Jeffress","9490",502026
"Marco Estrada","OAK",2,3,,5.487804878048781,8,8,0,,,41,,43,27,25,8,16,0,1,33,7.2439024390243905,3.5121951219512195,2.0625,1.7560975609756098,,,,,1.4390243902439024,,0.6694560669456068,,,5.384741183025081,0.21200438041266725,,,,,,,,,108.20000000000003,2.639024390243903,116,2.8292682926829267,,,,,,,,,,,,,,,,,,,"Marco Estrada","1118",462136
"Miguel Castro","BAL",1,1,,4.5,24,0,0,,,30,,27,16,15,3,16,2,1,25,7.5,4.8,1.5625,0.9,,,,,1.4333333333333333,,0.6958762886597939,,,4.547342809041341,0.21190185662041774,,,,,,,,,113.89999999999999,3.7966666666666664,110,3.6666666666666665,,,,,,,,,,,,,,,,,,,"Miguel Castro","15684",612434
"Edwar Colina","MIN",2,2,,5.4,7,6,0,,,35,,36,22,21,5,19,0,2,29,7.457142857142857,4.885714285714286,1.5263157894736843,1.2857142857142858,,,,,1.5714285714285714,,0.6875,,,5.214009475708008,0.21188920925974516,,,,,,,,,98.89999999999999,2.8257142857142856,105,3,,,,,,,,,,,,,,,,,,,"Edwar Colina","20589",666674
"J.B. Wendelken","OAK",2,2,,4.153846153846154,22,0,0,,,26,,25,13,12,3,10,0,1,27,9.346153846153847,3.4615384615384617,2.7,1.0384615384615385,,,,,1.3461538461538463,,0.7142857142857143,,,3.9063171680157005,0.2116731224923562,,,,,,,,,111.5,4.288461538461538,112,4.3076923076923075,,,,,,,,,,,,,,,,,,,"J.B. Wendelken","14506",605525
"Cristopher Sánchez","PHI",1,1,,4.666666666666667,9,4,0,,,27,,28,15,14,3,14,0,2,21,7,4.666666666666667,1.5,1,,,,,1.5555555555555556,,0.7142857142857143,,,4.880676142374675,0.21152890074311848,,,,,,,,,84.10000000000001,3.114814814814815,90,3.3333333333333335,,,,,,,,,,,,,,,,,,,"Cristopher Sanchez","20778",650911
"Joe Cavallaro","NYM",2,3,,4.628571428571429,11,5,0,,,35,,34,19,18,4,19,0,2,30,7.714285714285714,4.885714285714286,1.5789473684210527,1.0285714285714285,,,,,1.5142857142857142,,0.7172995780590717,,,4.785438047136579,0.21149021910113439,,,,,,,,,118.4,3.382857142857143,120,3.4285714285714284,,,,,,,,,,,,,,,,,,,"Joe Cavallaro","sa3004599",676860
"Ben Rowen","ATL",1,1,,4.821428571428571,15,2,0,,,28,,31,16,15,4,6,0,1,20,6.428571428571429,1.9285714285714286,3.3333333333333335,1.2857142857142858,,,,,1.3214285714285714,,0.6687898089171975,,,4.392580904279437,0.21020147395838834,,,,,,,,,96.39999999999999,3.4428571428571426,107,3.8214285714285716,,,,,,,,,,,,,,,,,,,"Ben Rowen","10983",594985
"Hector Velázquez","BOS",1,1,,4.821428571428571,13,4,0,,,28,,31,16,15,4,12,0,1,22,7.071428571428571,3.857142857142857,1.8333333333333333,1.2857142857142858,,,,,1.5357142857142858,,0.7219251336898396,,,4.892580904279437,0.21006536169963688,,,,,,,,,82.39999999999999,2.9428571428571426,93,3.3214285714285716,,,,,,,,,,,,,,,,,,,"Hector Velazquez","19341",584171
"James Kaprielian","OAK",1,1,,4.695652173913044,7,6,0,,,23,,24,13,12,4,7,0,1,20,7.826086956521739,2.739130434782609,2.857142857142857,1.565217391304348,,,,,1.3478260869565217,,0.7086614173228347,,,4.779226867012356,0.20891231016201686,,,,,,,,,74.6,3.243478260869565,79,3.4347826086956523,,,,,,,,,,,,,,,,,,,"James Kaprielian","18331",621076
"Jesse Hahn","KCR",1,2,,5,6,6,0,,,27,,29,16,15,3,15,0,1,21,7,5,1.4,1,,,,,1.6296296296296295,,0.7035175879396985,,,4.880676142374675,0.20813572864702667,,,,,,,,,81.5,3.0185185185185186,90,3.3333333333333335,,,,,,,,,,,,,,,,,,,"Jesse Hahn","13287",534910
"Colten Brewer","BOS",2,1,,3.96,23,0,0,,,25,,24,12,11,2,12,0,1,23,8.28,4.32,1.9166666666666667,0.72,,,,,1.44,,0.7228915662650601,,,3.9740094757080078,0.20750788384773,,,,,,,,,105,4.2,106,4.24,,,,,,,,,,,,,,,,,,,"Colten Brewer","12997",605155
"Kohl Stewart","BAL",2,3,,5.785714285714286,10,8,0,,,42,,48,29,27,7,19,0,2,28,6,4.071428571428571,1.4736842105263157,1.5,,,,,1.5952380952380953,,0.6643356643356643,,,5.547342809041341,0.20727995810607974,,,,,,,,,92.89999999999998,2.211904761904761,112,2.6666666666666665,,,,,,,,,,,,,,,,,,,"Kohl Stewart","15502",640464
"Ryan Borucki","TOR",3,3,,5.318181818181818,9,9,0,,,44,,48,27,26,8,17,0,2,34,6.954545454545454,3.477272727272727,2,1.6363636363636365,,,,,1.4772727272727273,,0.7063197026022305,,,5.327645839344372,0.20686928598992857,,,,,,,,,113.4,2.5772727272727276,127,2.8863636363636362,,,,,,,,,,,,,,,,,,,"Ryan Borucki","16350",621366
"Chad Bettis","NYY",1,1,,5.029411764705882,11,5,0,,,34,,36,20,19,6,12,1,1,26,6.882352941176471,3.176470588235294,2.1666666666666665,1.588235294117647,,,,,1.411764705882353,,0.7070707070707071,,,5.125774181590361,0.2064890660371444,,,,,,,,,97.2,2.8588235294117648,105,3.088235294117647,,,,,,,,,,,,,,,,,,,"Chad Bettis","10587",518452
"Ramón Rosso","PHI",2,3,,5.441860465116279,9,9,0,,,43,,44,27,26,8,20,0,3,40,8.372093023255815,4.186046511627907,2,1.6744186046511629,,,,,1.4883720930232558,,0.7007575757575758,,,5.376800173382426,0.20643654867102382,,,,,,,,,116.39999999999998,2.706976744186046,122,2.8372093023255816,,,,,,,,,,,,,,,,,,,"Ramon Rosso","20368",665759
"Nick Nelson","NYY",2,2,,5.294117647058823,8,7,0,,,34,,33,21,20,5,24,0,2,36,9.529411764705882,6.352941176470588,1.5,1.3235294117647058,,,,,1.6764705882352942,,0.72,,,5.302244769825656,0.20633043899993342,,,,,,,,,98.30000000000003,2.891176470588236,99,2.911764705882353,,,,,,,,,,,,,,,,,,,"Nick Nelson","20153",656793
"Jacob Patterson","STL",2,2,,3.9130434782608696,20,0,0,,,23,,22,11,10,2,10,1,1,23,9,3.9130434782608696,2.3,0.782608695652174,,,,,1.391304347826087,,0.7191780821917808,,,3.7792268670123557,0.20627098008489028,,,,,,,,,101.40000000000002,4.408695652173914,102,4.434782608695652,,,,,,,,,,,,,,,,,,,"Jacob Patterson","sa3002777",656828
"Adrian Morejon","SDP",1,1,,4.7368421052631575,7,7,0,,,19,,18,11,10,3,10,0,1,21,9.947368421052632,4.7368421052631575,2.1,1.4210526315789473,,,,,1.4736842105263157,,0.7142857142857143,,,4.79295684412906,0.20424259929890778,,,,,,,,,65.89999999999998,3.468421052631578,65,3.4210526315789473,,,,,,,,,,,,,,,,,,,"Adrian Morejon","20039",670970
"Jake Thompson","LAA",3,3,,5.048780487804878,10,7,0,,,41,,41,24,23,7,20,0,2,34,7.463414634146342,4.390243902439025,1.7,1.5365853658536586,,,,,1.4878048780487805,,0.72265625,,,5.384741183025081,0.20408747824827567,,,,,,,,,112.7,2.7487804878048783,116,2.8292682926829267,,,,,,,,,,,,,,,,,,,"Jake Thompson","14371",622097
"Tanner Anderson","OAK",3,3,,5.175,10,6,0,,,40,,45,24,23,6,15,0,2,24,5.4,3.375,1.6,1.35,,,,,1.5,,0.6976744186046512,,,5.2390094757080075,0.20284920017427943,,,,,,,,,102.19999999999999,2.5549999999999997,119,2.975,,,,,,,,,,,,,,,,,,,"Tanner Anderson","18029",664196
"Dean Kremer","BAL",2,3,,5.7073170731707314,8,8,0,,,41,,44,27,26,9,19,0,2,39,8.560975609756097,4.170731707317073,2.0526315789473686,1.975609756097561,,,,,1.5365853658536586,,0.7142857142857143,,,5.701814353756788,0.20237269930323962,,,,,,,,,93.30000000000004,2.275609756097562,103,2.5121951219512195,,,,,,,,,,,,,,,,,,,"Dean Kremer","19350",665152
"Leo Crawford","LAD",2,2,,5.086956521739131,9,9,0,,,46,,46,27,26,9,16,0,2,38,7.434782608695652,3.130434782608696,2.375,1.7608695652173914,,,,,1.3478260869565217,,0.708502024291498,,,5.279226867012356,0.20224501675798603,,,,,,,,,132.10000000000002,2.8717391304347832,135,2.9347826086956523,,,,,,,,,,,,,,,,,,,"Leo Crawford","sa872530",660587
"Kevin McCanna","ARI",2,2,,4.8,11,4,0,,,30,,30,17,16,4,14,0,2,28,8.4,4.2,2,1.2,,,,,1.4666666666666666,,0.703125,,,4.680676142374675,0.20206614672553608,,,,,,,,,102.80000000000001,3.426666666666667,106,3.533333333333333,,,,,,,,,,,,,,,,,,,"Kevin McCanna","sa658530",621153
"Brady Rodgers","BAL",1,1,,5.4,6,5,0,,,25,,29,16,15,5,8,0,1,17,6.12,2.88,2.125,1.8,,,,,1.48,,0.7,,,5.534009475708007,0.20156589430563007,,,,,,,,,55.099999999999994,2.2039999999999997,67,2.68,,,,,,,,,,,,,,,,,,,"Brady Rodgers","13393",572086
"Tanner Banks","CHW",2,3,,5.318181818181818,10,8,0,,,44,,51,28,26,8,13,0,3,26,5.318181818181818,2.659090909090909,2,1.6363636363636365,,,,,1.4545454545454546,,0.6818181818181819,,,5.4867367484352805,0.20137111503513938,,,,,,,,,98.60000000000002,2.2409090909090916,120,2.727272727272727,,,,,,,,,,,,,,,,,,,"Tanner Banks","16990",621383
"Wei-Yin Chen","SEA",1,1,,4.935483870967742,11,4,0,,,31,,33,19,17,6,9,1,1,30,8.709677419354838,2.6129032258064515,3.3333333333333335,1.7419354838709677,,,,,1.3548387096774193,,0.6845238095238095,,,4.762396572482201,0.20097092043517378,,,,,,,,,99.79999999999997,3.2193548387096764,107,3.4516129032258065,,,,,,,,,,,,,,,,,,,"Wei-Yin Chen","13071",612672
"Zach McAllister","LAD",1,0,,3.9375,14,0,0,,,16,,15,7,7,2,4,0,0,16,9,2.25,4,1.125,,,,,1.1875,,0.7407407407407408,,,3.589009475708008,0.2007860222996831,,,,,,,,,74.80000000000001,4.675000000000001,74,4.625,,,,,,,,,,,,,,,,,,,"Zach McAllister","2895",502083
"Nick Wittgren","CLE",1,1,,4.285714285714286,20,0,0.2630000114440918,,,21,,20,10,10,3,6,1,0,21,9,2.5714285714285716,3.5,1.2857142857142858,,,,,1.2380952380952381,,0.7339449541284403,,,3.9282951899937224,0.20059615558120275,,,,,,,,,91.81500005722046,4.372142859867641,91.31500005722046,4.348333336058117,,,,,,,,,,,,,,,,,,,"Nick Wittgren","15594",621295
"Alex McRae","CHW",3,4,,5.625,11,8,0,,,48,,53,32,30,9,21,0,3,37,6.9375,3.9375,1.7619047619047619,1.6875,,,,,1.5416666666666667,,0.6840390879478827,,,5.609842809041341,0.20054294418479746,,,,,,,,,108.70000000000005,2.2645833333333343,125,2.6041666666666665,,,,,,,,,,,,,,,,,,,"Alex McRae","16317",656725
"Dellin Betances","NYM",1,1,,3.176470588235294,18,0,1.38100004196167,,,17,,12,7,6,2,9,0,1,26,13.764705882352942,4.764705882352941,2.888888888888889,1.0588235294117647,,,,,1.2352941176470589,,0.7692307692307693,,,3.449303593355067,0.20025774657191162,,,,,,,,,98.90500020980836,5.817941188812257,87.90500020980835,5.170882365282844,,,,,,,,,,,,,,,,,,,"Dellin Betances","6216",476454
"Travis Radke","SDP",1,1,,4,18,0,0,,,27,,26,13,12,3,9,0,1,24,8,3,2.6666666666666665,1,,,,,1.2962962962962963,,0.7142857142857143,,,3.9917872534857857,0.1996533047399759,,,,,,,,,113.3,4.196296296296296,114,4.222222222222222,,,,,,,,,,,,,,,,,,,"Travis Radke","sa602806",607692
"Glenn Sparkman","KCR",2,3,,5.673913043478261,10,8,0,,,46,,54,30,29,8,13,0,2,29,5.673913043478261,2.5434782608695654,2.230769230769231,1.565217391304348,,,,,1.4565217391304348,,0.6630824372759857,,,5.192270345273226,0.19944105905286252,,,,,,,,,114.60000000000002,2.4913043478260875,139,3.0217391304347827,,,,,,,,,,,,,,,,,,,"Glenn Sparkman","15200",642098
"Addison Reed","MIN",1,1,,4.285714285714286,21,0,0,,,21,,21,10,10,3,5,1,0,19,8.142857142857142,2.142857142857143,3.8,1.2857142857142858,,,,,1.2380952380952381,,0.7339449541284403,,,3.97591423761277,0.19872387785540685,,,,,,,,,86.9,4.1380952380952385,89,4.238095238095238,,,,,,,,,,,,,,,,,,,"Addison Reed","10586",592665
"Oliver Ortega","LAA",2,3,,5.108108108108108,10,8,0,,,37,,37,23,21,5,25,0,2,33,8.027027027027026,6.081081081081081,1.32,1.2162162162162162,,,,,1.6756756756756757,,0.7090909090909091,,,5.37617163787017,0.1983597269687058,,,,,,,,,101.10000000000001,2.7324324324324327,105,2.8378378378378377,,,,,,,,,,,,,,,,,,,"Oliver Ortega","21025",661383
"Yoshihisa Hirano","SEA",2,1,,3.789473684210526,21,0,3.8389999866485596,,,19,,17,9,8,2,7,1,1,19,9,3.3157894736842106,2.7142857142857144,0.9473684210526315,,,,,1.263157894736842,,0.7075471698113208,,,3.8455884230764292,0.19780768999879225,,,,,,,,,104.9949999332428,5.52605262806541,102.1949999332428,5.378684207012779,,,,,,,,,,,,,,,,,,,"Yoshihisa Hirano","19756",673633
"Brandon Waddell","PIT",2,3,,4.973684210526316,11,6,0,,,38,,39,23,21,5,22,0,2,34,8.052631578947368,5.2105263157894735,1.5454545454545454,1.1842105263157894,,,,,1.605263157894737,,0.7037037037037037,,,5.029798949392219,0.19768377320846284,,,,,,,,,114.29999999999998,3.007894736842105,121,3.1842105263157894,,,,,,,,,,,,,,,,,,,"Brandon Waddell","18347",663399
"Justin Haley","SFG",2,2,,4.5,7,6,0,,,32,,34,17,16,5,11,0,1,25,7.03125,3.09375,2.272727272727273,1.40625,,,,,1.40625,,0.7368421052631579,,,4.807759475708008,0.19757579073122122,,,,,,,,,100.9,3.153125,109,3.40625,,,,,,,,,,,,,,,,,,,"Justin Haley","13572",595234
"Chris Mazza","BOS",2,2,,5.351351351351352,9,6,0,,,37,,42,23,22,6,13,0,2,27,6.5675675675675675,3.1621621621621623,2.076923076923077,1.4594594594594594,,,,,1.4864864864864864,,0.6866952789699571,,,5.078874340572873,0.19625712147240584,,,,,,,,,99.8,2.6972972972972973,116,3.135135135135135,,,,,,,,,,,,,,,,,,,"Chris Mazza","14151",607391
"Adam Ottavino","NYY",2,1,,3.6818181818181817,24,0,0.7129999995231628,,,22,,16,9,9,3,13,1,1,31,12.681818181818182,5.318181818181818,2.3846153846153846,1.2272727272727273,,,,,1.3181818181818181,,0.8064516129032258,,,4.077645839344371,0.19601241747284667,,,,,,,,,107.86499999761583,4.902954545346174,94.56499999761581,4.298409090800718,,,,,,,,,,,,,,,,,,,"Adam Ottavino","1247",493603
"Wil Crowe","WSN",3,3,,5.553191489361702,9,9,0,,,47,,52,31,29,8,20,0,3,36,6.8936170212765955,3.8297872340425534,1.8,1.5319148936170213,,,,,1.5319148936170213,,0.674342105263158,,,5.3629456459207745,0.19591481772332678,,,,,,,,,117.19999999999999,2.4936170212765956,134,2.851063829787234,,,,,,,,,,,,,,,,,,,"Wil Crowe","19800",640444
"Riley Smith","ARI",2,2,,5.170212765957447,9,9,0,,,47,,52,29,27,8,17,0,3,36,6.8936170212765955,3.25531914893617,2.1176470588235294,1.5319148936170213,,,,,1.4680851063829787,,0.6920415224913495,,,5.171456284218646,0.19550118248354964,,,,,,,,,126.19999999999996,2.6851063829787227,143,3.0425531914893615,,,,,,,,,,,,,,,,,,,"Riley Smith","19826",642092
"Corbin Martin","ARI",1,2,,5.275862068965517,7,6,0,,,29,,30,18,17,5,12,0,1,26,8.068965517241379,3.7241379310344827,2.1666666666666665,1.5517241379310345,,,,,1.4482758620689655,,0.6857142857142857,,,5.00711292398387,0.1951313019698919,,,,,,,,,88.10000000000002,3.0379310344827593,93,3.206896551724138,,,,,,,,,,,,,,,,,,,"Corbin Martin","19884",656686
"Brandon Workman","BOS",2,1,,3.9130434782608696,24,0,11.163000106811523,,,23,,18,10,10,3,12,1,1,31,12.130434782608695,4.695652173913044,2.5833333333333335,1.173913043478261,,,,,1.3043478260869565,,0.7751937984496123,,,3.9096616496210514,0.195048358152171,,,,,,,,,165.31500053405762,7.18760871887207,154.81500053405762,6.731086979741636,,,,,,,,,,,,,,,,,,,"Brandon Workman","11428",519443
"Paul Campbell","TBR",3,4,,5.086956521739131,10,7,0,,,46,,51,28,26,7,16,0,3,31,6.065217391304348,3.130434782608696,1.9375,1.3695652173913044,,,,,1.4565217391304348,,0.6818181818181818,,,5.083574693099313,0.19500222336245437,,,,,,,,,126.70000000000002,2.7543478260869567,144,3.130434782608696,,,,,,,,,,,,,,,,,,,"Paul Campbell","22248",669294
"Brad Wieck","CHC",1,1,,3.6,21,0,0,,,20,,15,9,8,3,10,0,1,30,13.5,4.5,3,1.35,,,,,1.25,,0.7692307692307692,,,3.814009475708008,0.19483372707674407,,,,,,,,,99.1,4.955,88,4.4,,,,,,,,,,,,,,,,,,,"Brad Wieck","16390",623364
"Amir Garrett","CIN",1,1,,4.090909090909091,25,0,0.382999986410141,,,22,,19,11,10,3,11,1,1,29,11.863636363636363,4.5,2.6363636363636362,1.2272727272727273,,,,,1.3636363636363635,,0.7364341085271318,,,3.9867367484352805,0.19434113181600945,,,,,,,,,100.4149999320507,4.564318178729578,94.9149999320507,4.314318178729578,,,,,,,,,,,,,,,,,,,"Amir Garrett","14375",607237
"Manny Banuelos","SEA",2,2,,5.275862068965517,9,5,0,,,29,,29,18,17,4,17,1,1,29,9,5.275862068965517,1.7058823529411764,1.2413793103448276,,,,,1.5862068965517242,,0.6930693069306931,,,4.869181889501111,0.19402108642419766,,,,,,,,,94.00000000000003,3.2413793103448287,97,3.3448275862068964,,,,,,,,,,,,,,,,,,,"Manny Banuelos","5365",544365
"Drew Steckenrider","MIA",1,1,,3.5,19,0,0,,,18,,15,8,7,2,8,1,1,21,10.5,4,2.625,1,,,,,1.2777777777777777,,0.7425742574257426,,,3.825120586819119,0.19395004029388396,,,,,,,,,84.60000000000002,4.700000000000001,79,4.388888888888889,,,,,,,,,,,,,,,,,,,"Drew Steckenrider","18806",608716
"Tony Santillan","CIN",2,3,,5.487804878048781,8,8,0,,,41,,44,27,25,7,21,0,2,34,7.463414634146342,4.609756097560975,1.619047619047619,1.5365853658536586,,,,,1.5853658536585367,,0.6884057971014492,,,5.4579119147323985,0.19361703255817855,,,,,,,,,101.9,2.4853658536585366,113,2.7560975609756095,,,,,,,,,,,,,,,,,,,"Tony Santillan","19926",663574
"JT Chargois","LAD",1,1,,3.3157894736842106,18,0,0,,,19,,16,8,7,2,8,1,1,21,9.947368421052632,3.789473684210526,2.625,0.9473684210526315,,,,,1.263157894736842,,0.7547169811320755,,,3.7929568441290606,0.19345781402902568,,,,,,,,,89.4,4.705263157894737,84,4.421052631578948,,,,,,,,,,,,,,,,,,,"JT Chargois","13767",608638
"Danny Coulombe","MIN",1,1,,4.235294117647059,16,0,0,,,17,,15,8,8,2,7,0,1,20,10.588235294117647,3.7058823529411766,2.857142857142857,1.0588235294117647,,,,,1.2941176470588236,,0.7291666666666667,,,3.802244769825655,0.1928198991874608,,,,,,,,,78.20000000000002,4.600000000000001,75,4.411764705882353,,,,,,,,,,,,,,,,,,,"Danny Coulombe","13293",543056
"David Hess","BAL",2,4,,6,11,8,0,,,45,,51,33,30,10,17,0,3,37,7.4,3.4,2.176470588235294,2,,,,,1.511111111111111,,0.6481481481481481,,,5.791787253485786,0.19271060878348256,,,,,,,,,91.4,2.031111111111111,109,2.422222222222222,,,,,,,,,,,,,,,,,,,"David Hess","16130",605276
"Jack Patterson","CHC",2,2,,4.846153846153846,9,4,0,,,26,,26,15,14,3,15,0,1,23,7.961538461538462,5.1923076923076925,1.5333333333333334,1.0384615384615385,,,,,1.5769230769230769,,0.7065217391304348,,,4.790932552631085,0.19175240011039874,,,,,,,,,85.89999999999999,3.3038461538461537,89,3.423076923076923,,,,,,,,,,,,,,,,,,,"Jack Patterson","sa3007860",682163
"Jalen Beeks","TBR",2,3,,4.6,12,4,0,,,45,,45,24,23,7,20,0,3,43,8.6,4,2.15,1.4,,,,,1.4444444444444444,,0.7427536231884058,,,4.858453920152453,0.19173830623722382,,,,,,,,,146.89999999999998,3.264444444444444,151,3.3555555555555556,,,,,,,,,,,,,,,,,,,"Jalen Beeks","17192",656222
"Emmanuel Clase","CLE",2,1,,3.75,22,0,0,,,24,,23,10,10,3,6,0,1,21,7.875,2.25,3.5,1.125,,,,,1.2083333333333333,,0.7661290322580645,,,3.964009475708008,0.19118838424581322,,,,,,,,,101.9,4.245833333333334,102,4.25,,,,,,,,,,,,,,,,,,,"Emmanuel Clase","21032",661403
"Tony Watson","SFG",1,1,,3.6,21,0,7.474999904632568,,,20,,19,8,8,2,5,1,1,17,7.65,2.25,3.4,0.9,,,,,1.2,,0.7547169811320755,,,3.714009475708008,0.19103805055929043,,,,,,,,,127.37499952316284,6.368749976158142,127.37499952316284,6.368749976158142,,,,,,,,,,,,,,,,,,,"Tony Watson","3132",453265
"Daniel Gossett","OAK",2,2,,4.885714285714286,7,7,0,,,35,,37,20,19,6,13,0,1,26,6.685714285714286,3.342857142857143,2,1.542857142857143,,,,,1.4285714285714286,,0.7211538461538461,,,5.156866618565151,0.19086336964034936,,,,,,,,,98.99999999999999,2.8285714285714283,107,3.057142857142857,,,,,,,,,,,,,,,,,,,"Daniel Gossett","16164",605254
"Jake Paulson","CLE",3,3,,5.487804878048781,10,7,0,,,41,,49,27,25,6,15,0,2,23,5.048780487804878,3.292682926829268,1.5333333333333334,1.3170731707317074,,,,,1.5609756097560976,,0.6654676258992805,,,5.238399719610447,0.19058075116754106,,,,,,,,,97.20000000000002,2.3707317073170735,122,2.975609756097561,,,,,,,,,,,,,,,,,,,"Jake Paulson","sa829444",641959
"Cionel Pérez","HOU",1,1,,4.78125,11,6,0,,,32,,31,18,17,5,16,0,1,30,8.4375,4.5,1.875,1.40625,,,,,1.46875,,0.725,,,4.964009475708008,0.1901906462925682,,,,,,,,,103.7,3.240625,104,3.25,,,,,,,,,,,,,,,,,,,"Cionel Perez","19614",672335
"Matt Harvey","OAK",2,3,,5.2105263157894735,8,7,0,,,38,,41,24,22,7,12,0,1,29,6.868421052631579,2.8421052631578947,2.4166666666666665,1.6578947368421053,,,,,1.394736842105263,,0.6712962962962963,,,5.108746317813271,0.18964931052055065,,,,,,,,,107.49999999999996,2.8289473684210513,118,3.1052631578947367,,,,,,,,,,,,,,,,,,,"Matt Harvey","11713",518774
"Pat Venditte","MIA",1,1,,3.789473684210526,13,0,0,,,19,,16,9,8,2,8,0,1,20,9.473684210526315,3.789473684210526,2.5,0.9473684210526315,,,,,1.263157894736842,,0.7075471698113208,,,3.8982200020237974,0.1893400855224722,,,,,,,,,87.4,4.6000000000000005,82,4.315789473684211,,,,,,,,,,,,,,,,,,,"Pat Venditte","7108",519381
"Brad Brach","NYM",1,1,,4.05,21,0,0,,,20,,18,9,9,2,10,1,0,22,9.9,4.5,2.2,0.9,,,,,1.4,,0.753968253968254,,,3.814009475708008,0.1890927443053433,,,,,,,,,90.6,4.529999999999999,88,4.4,,,,,,,,,,,,,,,,,,,"Brad Brach","6627",542960
"Luis Perdomo","SDP",1,1,,4.0344827586206895,22,0,0,,,29,,29,14,13,3,10,1,1,25,7.758620689655173,3.103448275862069,2.5,0.9310344827586207,,,,,1.3448275862068966,,0.7183908045977012,,,3.9726301653631806,0.1882948555387612,,,,,,,,,119.30000000000001,4.113793103448276,123,4.241379310344827,,,,,,,,,,,,,,,,,,,"Luis Perdomo","14682",606131
"Jeremy Hellickson","WSN",2,2,,5.142857142857143,7,7,0,,,35,,37,21,20,7,11,0,2,26,6.685714285714286,2.8285714285714287,2.3636363636363638,1.8,,,,,1.3714285714285714,,0.706806282722513,,,5.442580904279437,0.18796010840637192,,,,,,,,,89.69999999999997,2.5628571428571423,97,2.7714285714285714,,,,,,,,,,,,,,,,,,,"Jeremy Hellickson","4371",476451
"Edward Cabrera","MIA",2,3,,4.885714285714286,8,8,0,,,35,,34,20,19,5,20,0,2,34,8.742857142857142,5.142857142857143,1.7,1.2857142857142858,,,,,1.542857142857143,,0.723404255319149,,,5.014009475708008,0.18775928384161636,,,,,,,,,111.1,3.174285714285714,112,3.2,,,,,,,,,,,,,,,,,,,"Edward Cabrera","21690",665795
"Addison Russ","PHI",2,2,,3.857142857142857,20,0,0,,,21,,18,10,9,3,9,0,1,26,11.142857142857142,3.857142857142857,2.888888888888889,1.2857142857142858,,,,,1.2857142857142858,,0.7456140350877193,,,4.023533285231817,0.18753306733618857,,,,,,,,,93.69999999999999,4.461904761904761,88,4.190476190476191,,,,,,,,,,,,,,,,,,,"Addison Russ","sa3004106",676754
"Adbert Alzolay","CHC",1,2,,4.935483870967742,7,7,0,,,31,,30,19,17,6,16,0,1,32,9.290322580645162,4.645161290322581,2,1.7419354838709677,,,,,1.4838709677419355,,0.7180851063829787,,,5.310783669256395,0.18702461652045288,,,,,,,,,90.59999999999997,2.9225806451612892,90,2.903225806451613,,,,,,,,,,,,,,,,,,,"Adbert Alzolay","17859",640470
"Rob Zastryzny","BAL",1,2,,5.75,9,6,0,,,36,,40,24,23,7,16,0,2,30,7.5,4,1.875,1.75,,,,,1.5555555555555556,,0.6926406926406926,,,5.57512058681912,0.18682747979586573,,,,,,,,,82.30000000000001,2.2861111111111114,95,2.638888888888889,,,,,,,,,,,,,,,,,,,"Rob Zastryzny","15094",642239
"Dan Otero","NYY",0,0,,4.235294117647059,16,0,0,,,17,,19,8,8,2,2,1,0,11,5.823529411764706,1.0588235294117647,5.5,1.0588235294117647,,,,,1.2352941176470589,,0.7142857142857143,,,3.802244769825655,0.18657536331800742,,,,,,,,,67.80000000000001,3.9882352941176475,75,4.411764705882353,,,,,,,,,,,,,,,,,,,"Dan Otero","7385",519096
"Sergio Romo","MIN",1,1,,4.2631578947368425,21,0,1.3140000104904175,,,19,,18,10,9,3,6,1,0,20,9.473684210526315,2.8421052631578947,3.3333333333333335,1.4210526315789473,,,,,1.263157894736842,,0.7070707070707071,,,4.108746317813271,0.186548012746508,,,,,,,,,85.47000005245206,4.498421055392214,84.57000005245209,4.451052634339583,,,,,,,,,,,,,,,,,,,"Sergio Romo","9817",489265
"Richard Lovelady","KCR",1,1,,4.090909090909091,20,0,0,,,22,,22,10,10,2,8,1,1,18,7.363636363636363,3.272727272727273,2.25,0.8181818181818182,,,,,1.3636363636363635,,0.7352941176470589,,,3.9867367484352805,0.18602865803304572,,,,,,,,,90.00000000000001,4.090909090909092,93,4.2272727272727275,,,,,,,,,,,,,,,,,,,"Richard Lovelady","19337",663992
"Ryan Sherriff","TBR",1,1,,3.9375,13,0,0,,,16,,16,7,7,1,4,0,1,11,6.1875,2.25,2.75,0.5625,,,,,1.25,,0.6989247311827956,,,3.589009475708008,0.18564804272484864,,,,,,,,,71.5,4.46875,74,4.625,,,,,,,,,,,,,,,,,,,"Ryan Sherriff","12249",595411
"Jordan Zimmermann","DET",2,3,,5.7073170731707314,8,8,0,,,41,,49,28,26,9,10,0,1,30,6.585365853658536,2.1951219512195124,3,1.975609756097561,,,,,1.4390243902439024,,0.6681034482758621,,,5.40913142692752,0.18553247362205125,,,,,,,,,92.30000000000004,2.251219512195123,115,2.8048780487804876,,,,,,,,,,,,,,,,,,,"Jordan Zimmermann","4505",519455
"Matt Swarmer","CHC",3,4,,5.510204081632653,9,9,0,,,49,,55,32,30,10,15,0,3,40,7.346938775510204,2.7551020408163267,2.6666666666666665,1.836734693877551,,,,,1.4285714285714286,,0.6785714285714286,,,5.336458455299844,0.1850067015741348,,,,,,,,,122.60000000000002,2.502040816326531,141,2.877551020408163,,,,,,,,,,,,,,,,,,,"Matt Swarmer","19705",664161
"Wyatt Mills","SEA",1,1,,4.2631578947368425,16,0,0,,,19,,18,10,9,2,7,0,1,19,9,3.3157894736842106,2.7142857142857144,0.9473684210526315,,,,,1.3157894736842106,,0.6756756756756757,,,3.8455884230764292,0.18449940843598955,,,,,,,,,83.19999999999999,4.378947368421052,83,4.368421052631579,,,,,,,,,,,,,,,,,,,"Wyatt Mills","20010",670090
"Pedro Báez","LAD",2,1,,4.090909090909091,24,0,0.43700000643730164,,,22,,19,10,10,3,9,0,1,24,9.818181818181818,3.6818181818181817,2.6666666666666665,1.2272727272727273,,,,,1.2727272727272727,,0.7563025210084033,,,4.168554930253462,0.18404593463676278,,,,,,,,,96.68500003218651,4.3947727287357505,91.18500003218651,4.1447727287357505,,,,,,,,,,,,,,,,,,,"Pedro Baez","5420",520980
"Richard Bleier","BAL",1,1,,4.2631578947368425,18,0,0.7879999876022339,,,19,,21,9,9,2,3,1,1,10,4.7368421052631575,1.4210526315789473,3.3333333333333335,0.9473684210526315,,,,,1.263157894736842,,0.7075471698113208,,,4.16137789676064,0.18389089645296966,,,,,,,,,73.33999993801118,3.85999999673743,80.93999993801117,4.25999999673743,,,,,,,,,,,,,,,,,,,"Richard Bleier","7803",542947
"Kelvin Herrera","CHW",1,1,,4.5,21,0,0,,,20,,20,11,10,3,7,1,0,19,8.55,3.15,2.7142857142857144,1.35,,,,,1.35,,0.7017543859649122,,,4.3140094757080085,0.18330907121434503,,,,,,,,,76.1,3.8049999999999997,78,3.9,,,,,,,,,,,,,,,,,,,"Kelvin Herrera","6033",516969
"Jefry Rodriguez","CLE",2,2,,5.108108108108108,9,7,0,,,37,,38,23,21,5,20,1,2,30,7.297297297297297,4.864864864864865,1.5,1.2162162162162162,,,,,1.5675675675675675,,0.6862745098039216,,,5.132928394626926,0.1833024965484747,,,,,,,,,107.50000000000001,2.9054054054054057,114,3.081081081081081,,,,,,,,,,,,,,,,,,,"Jefry Rodriguez","17018",622446
"Ethan DeCaster","DET",1,1,,4.32,16,0,0,,,25,,27,13,12,3,6,1,1,18,6.48,2.16,3,1.08,,,,,1.32,,0.6944444444444444,,,4.174009475708008,0.1826863704354183,,,,,,,,,92.89999999999999,3.7159999999999997,101,4.04,,,,,,,,,,,,,,,,,,,"Ethan DeCaster","sa3007732",681915
"Ryan Lillie","CIN",2,3,,5.4,9,9,0,,,45,,49,29,27,8,19,1,3,33,6.6,3.8,1.736842105263158,1.6,,,,,1.511111111111111,,0.6866197183098592,,,5.525120586819119,0.18255512887487257,,,,,,,,,107.19999999999999,2.382222222222222,121,2.688888888888889,,,,,,,,,,,,,,,,,,,"Ryan Lillie","sa3004740",675923
"Aaron Brooks","BAL",2,3,,5.447368421052632,10,7,0,,,38,,44,25,23,8,12,0,3,29,6.868421052631579,2.8421052631578947,2.4166666666666665,1.894736842105263,,,,,1.4736842105263157,,0.6919642857142858,,,5.608746317813271,0.18244452922110457,,,,,,,,,81.39999999999998,2.142105263157894,99,2.6052631578947367,,,,,,,,,,,,,,,,,,,"Aaron Brooks","12272",605156
"Keone Kela","PIT",1,1,,3.6,16,0,10.319999694824219,,,15,,11,6,6,2,6,0,0,19,11.4,3.6,3.1666666666666665,1.2,,,,,1.1333333333333333,,0.7746478873239437,,,3.614009475708008,0.18158370106225527,,,,,,,,,129.3999984741211,8.626666564941408,120.5999984741211,8.03999989827474,,,,,,,,,,,,,,,,,,,"Keone Kela","14696",605309
"Arturo Reyes","TEX",3,3,,5.85,9,7,0,,,40,,47,28,26,7,17,0,2,27,6.075,3.825,1.588235294117647,1.575,,,,,1.6,,0.6642066420664207,,,5.5640094757080085,0.18153322688372306,,,,,,,,,84.69999999999997,2.1174999999999993,106,2.65,,,,,,,,,,,,,,,,,,,"Arturo Reyes","sa739006",642007
"Jeff Brigham","MIA",1,1,,3.857142857142857,19,0,0,,,21,,19,10,9,2,9,0,1,21,9,3.857142857142857,2.3333333333333335,0.8571428571428571,,,,,1.3333333333333333,,0.7142857142857143,,,3.8806761423746745,0.1804686812783437,,,,,,,,,93.4,4.447619047619048,91,4.333333333333333,,,,,,,,,,,,,,,,,,,"Jeff Brigham","16631",656257
"Drew Hutchison","LAA",2,3,,5.5227272727272725,9,8,0,,,44,,47,29,27,9,19,0,2,39,7.9772727272727275,3.8863636363636362,2.0526315789473686,1.8409090909090908,,,,,1.5,,0.6928838951310862,,,5.532191293889826,0.1804037124642272,,,,,,,,,107.70000000000003,2.4477272727272736,118,2.6818181818181817,,,,,,,,,,,,,,,,,,,"Drew Hutchison","10732",571800
"Josh Sborz","LAD",1,1,,3.9130434782608696,21,0,0,,,23,,20,11,10,3,9,0,1,25,9.782608695652174,3.5217391304347827,2.7777777777777777,1.173913043478261,,,,,1.2608695652173914,,0.7258064516129032,,,4.040096432229747,0.18006350261693493,,,,,,,,,101.30000000000001,4.404347826086957,96,4.173913043478261,,,,,,,,,,,,,,,,,,,"Josh Sborz","18323",622250
"Tony Barnette","CHC",0,0,,4.153846153846154,12,0,0,,,13,,13,6,6,1,5,0,0,13,9,3.4615384615384617,2.6,0.6923076923076923,,,,,1.3846153846153846,,0.7228915662650601,,,3.3678556295541617,0.1798945751589876,,,,,,,,,61.1,4.7,63,4.846153846153846,,,,,,,,,,,,,,,,,,,"Tony Barnette","3555",501817
"Derek Law","TEX",1,1,,4.32,23,0,0,,,25,,24,13,12,3,12,1,1,25,9,4.32,2.0833333333333335,1.08,,,,,1.44,,0.7232704402515723,,,4.334009475708008,0.17924406119355185,,,,,,,,,96.69999999999999,3.8679999999999994,97,3.88,,,,,,,,,,,,,,,,,,,"Derek Law","13133",571882
"Luis Cessa","NYY",1,1,,4.636363636363637,13,3,0,,,33,,33,19,17,6,13,0,1,31,8.454545454545455,3.5454545454545454,2.3846153846153846,1.6363636363636365,,,,,1.393939393939394,,0.7180851063829787,,,4.971585233283766,0.17875566090472048,,,,,,,,,104.60000000000004,3.169696969696971,107,3.242424242424242,,,,,,,,,,,,,,,,,,,"Luis Cessa","13345",570666
"Asher Wojciechowski","BAL",3,4,,5.8125,10,9,0,,,48,,54,34,31,12,19,0,3,44,8.25,3.5625,2.3157894736842106,2.25,,,,,1.5208333333333333,,0.693950177935943,,,6.005676142374675,0.17855211287608613,,,,,,,,,89.20000000000002,1.8583333333333336,106,2.2083333333333335,,,,,,,,,,,,,,,,,,,"Asher Wojciechowski","10836",592879
"Cam Bedrosian","LAA",1,1,,4.285714285714286,23,1,0.640999972820282,,,21,,20,10,10,3,9,0,0,22,9.428571428571429,3.857142857142857,2.4444444444444446,1.2857142857142858,,,,,1.380952380952381,,0.7661290322580645,,,4.261628523327055,0.17846025569963372,,,,,,,,,86.70499986410141,4.128809517338162,86.20499986410141,4.104999993528638,,,,,,,,,,,,,,,,,,,"Cam Bedrosian","13360",592135
"Sam Lewis","ARI",1,1,,4.909090909090909,9,3,0,,,22,,23,13,12,3,9,0,1,20,8.181818181818182,3.6818181818181817,2.2222222222222223,1.2272727272727273,,,,,1.4545454545454546,,0.6834532374100719,,,4.532191293889826,0.1782652176369367,,,,,,,,,76.1,3.459090909090909,81,3.6818181818181817,,,,,,,,,,,,,,,,,,,"Sam Lewis","sa701852",625974
"Andrew Vasquez","MIN",1,1,,4.5,14,0,0,,,18,,16,10,9,1,13,1,1,21,10.5,6.5,1.6153846153846154,0.5,,,,,1.6111111111111112,,0.6884057971014492,,,3.9362316979302303,0.17822157270664118,,,,,,,,,79.30000000000001,4.405555555555556,77,4.277777777777778,,,,,,,,,,,,,,,,,,,"Andrew Vasquez","19482",607755
"James Hoyt","CLE",1,0,,4,17,0,0,,,18,,16,8,8,2,8,0,1,20,10,4,2.5,1,,,,,1.3333333333333333,,0.7547169811320755,,,3.9362316979302303,0.17768265527206534,,,,,,,,,80.00000000000003,4.444444444444446,77,4.277777777777778,,,,,,,,,,,,,,,,,,,"James Hoyt","14605",624586
"Robbie Erlin","PIT",1,1,,4.5,16,1,0,,,30,,33,16,15,5,6,0,0,24,7.2,1.8,4,1.5,,,,,1.3,,0.71875,,,4.380676142374675,0.1773216206294535,,,,,,,,,104.7,3.49,115,3.8333333333333335,,,,,,,,,,,,,,,,,,,"Robbie Erlin","10354",572362
"Tyler Eppler","WSN",3,4,,5.470588235294118,10,9,0,,,51,,60,33,31,10,15,0,3,36,6.352941176470588,2.6470588235294117,2.4,1.7647058823529411,,,,,1.4705882352941178,,0.6885245901639344,,,5.410087907080557,0.17704816270631088,,,,,,,,,116.40000000000003,2.2823529411764714,143,2.803921568627451,,,,,,,,,,,,,,,,,,,"Tyler Eppler","sa829043",621169
"Andro Cutura","MIN",1,1,,5.478260869565218,6,4,0,,,23,,26,15,14,3,9,0,1,14,5.478260869565218,3.5217391304347827,1.5555555555555556,1.173913043478261,,,,,1.5217391304347827,,0.6493506493506493,,,4.996618171360182,0.17655184680309238,,,,,,,,,63.7,2.7695652173913046,74,3.217391304347826,,,,,,,,,,,,,,,,,,,"Andro Cutura","sa827476",656345
"Corey Oswalt","NYM",2,3,,4.973684210526316,8,7,0,,,38,,40,23,21,7,12,0,2,33,7.815789473684211,2.8421052631578947,2.75,1.6578947368421053,,,,,1.368421052631579,,0.6872037914691943,,,4.97716737044485,0.17569347320048168,,,,,,,,,115.09999999999997,3.028947368421052,123,3.236842105263158,,,,,,,,,,,,,,,,,,,"Corey Oswalt","13677",621261
"Taylor Cole","LAA",2,2,,4.666666666666667,20,2,0,,,27,,26,15,14,4,12,1,1,27,9,4,2.25,1.3333333333333333,,,,,1.4074074074074074,,0.7098765432098766,,,4.584379846078378,0.17563378722485,,,,,,,,,98.00000000000001,3.62962962962963,98,3.6296296296296298,,,,,,,,,,,,,,,,,,,"Taylor Cole","11964",518566
"Shawn Semple","NYY",2,2,,5.2682926829268295,9,7,0,,,41,,46,26,24,7,18,0,3,31,6.804878048780488,3.951219512195122,1.7222222222222223,1.5365853658536586,,,,,1.5609756097560976,,0.7011070110701106,,,5.4579119147323985,0.17472383561451815,,,,,,,,,96.7,2.3585365853658535,113,2.7560975609756095,,,,,,,,,,,,,,,,,,,"Shawn Semple","sa3004661",676111
"Rafael Dolis","TOR",2,1,,4,20,0,0,,,18,,17,8,8,2,7,0,1,18,9,3.5,2.5714285714285716,1,,,,,1.3333333333333333,,0.7547169811320755,,,3.9917872534857857,0.17423112913662386,,,,,,,,,76.40000000000002,4.244444444444445,76,4.222222222222222,,,,,,,,,,,,,,,,,,,"Rafael Dolis","4185",503569
"Tim Naughton","BAL",1,1,,4.7368421052631575,18,0,0,,,19,,17,10,10,1,14,1,1,19,9,6.631578947368421,1.3571428571428572,0.47368421052631576,,,,,1.631578947368421,,0.7094594594594594,,,4.266641054655376,0.17413292780874381,,,,,,,,,77.1,4.057894736842105,75,3.9473684210526314,,,,,,,,,,,,,,,,,,,"Tim Naughton","sa3004713",676987
"Rowan Wick","CHC",1,1,,4.090909090909091,21,0,0.4129999876022339,,,22,,20,11,10,2,12,1,1,24,9.818181818181818,4.909090909090909,2,0.8181818181818182,,,,,1.4545454545454546,,0.7191780821917808,,,3.9867367484352805,0.17406340435697898,,,,,,,,,97.26499993801119,4.42113636081869,95.06499993801117,4.32113636081869,,,,,,,,,,,,,,,,,,,"Rowan Wick","14646",592858
"Aaron Bummer","CHW",0,0,,3.8076923076923075,24,0,0.8669999837875366,,,26,,24,12,11,3,11,1,1,24,8.307692307692308,3.8076923076923075,2.1818181818181817,1.0384615384615385,,,,,1.3461538461538463,,0.7467532467532467,,,4.252471014169546,0.17327821282890304,,,,,,,,,109.43499991893768,4.20903845842068,107.33499991893768,4.128269227651449,,,,,,,,,,,,,,,,,,,"Aaron Bummer","16258",607481
"Colton Turner","CHW",1,1,,4.9655172413793105,14,3,0,,,29,,30,17,16,5,13,0,1,28,8.689655172413794,4.0344827586206895,2.1538461538461537,1.5517241379310345,,,,,1.4827586206896552,,0.7222222222222222,,,4.972630165363181,0.1732376918183208,,,,,,,,,89.10000000000002,3.072413793103449,94,3.2413793103448274,,,,,,,,,,,,,,,,,,,"Colton Turner","sa658600",621394
"Mickey Jannis","BAL",2,3,,5.651162790697675,8,7,0,,,43,,50,29,27,8,17,0,3,27,5.651162790697675,3.558139534883721,1.588235294117647,1.6744186046511629,,,,,1.558139534883721,,0.6810035842293907,,,5.772149010591729,0.17240108793240996,,,,,,,,,83.79999999999998,1.9488372093023252,105,2.441860465116279,,,,,,,,,,,,,,,,,,,"Mickey Jannis","11071",595263
"Rogelio Armenteros","HOU",2,3,,5.447368421052632,9,7,0,,,38,,40,24,23,8,16,0,2,37,8.763157894736842,3.789473684210526,2.3125,1.894736842105263,,,,,1.4736842105263157,,0.7142857142857143,,,5.424535791497481,0.17175347729344229,,,,,,,,,98.79999999999998,2.5999999999999996,106,2.789473684210526,,,,,,,,,,,,,,,,,,,"Rogelio Armenteros","17679",660494
"Tyler Cyr","SFG",0,0,,4,14,0,0,,,18,,16,9,8,1,10,0,1,19,9.5,5,1.9,0.5,,,,,1.4444444444444444,,0.6910569105691057,,,3.6584539201524526,0.17135128545536443,,,,,,,,,84.30000000000001,4.683333333333334,82,4.555555555555555,,,,,,,,,,,,,,,,,,,"Tyler Cyr","18421",664202
"Scott Barlow","KCR",1,1,,4.153846153846154,23,0,0.2549999952316284,,,26,,23,13,12,3,14,1,1,31,10.73076923076923,4.846153846153846,2.2142857142857144,1.0384615384615385,,,,,1.4230769230769231,,0.7317073170731708,,,4.060163321861854,0.17040189899844568,,,,,,,,,113.97499997615813,4.383653845236851,109.27499997615814,4.202884614467621,,,,,,,,,,,,,,,,,,,"Scott Barlow","14993",605130
"Pierce Johnson","SDP",1,1,,3.857142857142857,22,0,0,,,21,,19,10,9,3,8,0,0,24,10.285714285714286,3.4285714285714284,3,1.2857142857142858,,,,,1.2857142857142858,,0.7456140350877193,,,3.9282951899937224,0.16994144655146579,,,,,,,,,93.1,4.433333333333333,90,4.285714285714286,,,,,,,,,,,,,,,,,,,"Pierce Johnson","13435",572955
"Erich Uelmen","CHC",2,2,,5.0625,7,7,0,,,32,,34,19,18,4,17,0,2,23,6.46875,4.78125,1.3529411764705883,1.125,,,,,1.59375,,0.7048458149779736,,,5.182759475708008,0.16941979113109593,,,,,,,,,88.20000000000002,2.7562500000000005,97,3.03125,,,,,,,,,,,,,,,,,,,"Erich Uelmen","20323",657272
"Steven Okert","SFG",1,1,,3.857142857142857,19,1,0,,,21,,20,10,9,3,6,1,1,22,9.428571428571429,2.5714285714285716,3.6666666666666665,1.2857142857142858,,,,,1.2380952380952381,,0.7339449541284403,,,3.97591423761277,0.16866962535392052,,,,,,,,,89.5,4.261904761904762,89,4.238095238095238,,,,,,,,,,,,,,,,,,,"Steven Okert","13580",595345
"Denyi Reyes","BOS",3,4,,5.60377358490566,10,10,0,,,53,,63,35,33,11,13,0,3,36,6.113207547169812,2.207547169811321,2.769230769230769,1.8679245283018868,,,,,1.4339622641509433,,0.6765676567656765,,,5.459292494575933,0.16818428600520008,,,,,,,,,117.10000000000002,2.2094339622641512,146,2.7547169811320753,,,,,,,,,,,,,,,,,,,"Denyi Reyes","20526",660593
"Matt Foster","CHW",1,1,,4.5,17,0,0,,,22,,21,11,11,3,9,0,1,23,9.409090909090908,3.6818181818181817,2.5555555555555554,1.2272727272727273,,,,,1.3636363636363635,,0.7364341085271318,,,4.259464021162554,0.16815620446784904,,,,,,,,,87.30000000000001,3.9681818181818187,87,3.9545454545454546,,,,,,,,,,,,,,,,,,,"Matt Foster","19647",641582
"Tyler Johnson","CHW",1,1,,4.5,17,0,0,,,22,,21,11,11,3,9,0,1,23,9.409090909090908,3.6818181818181817,2.5555555555555554,1.2272727272727273,,,,,1.3636363636363635,,0.7364341085271318,,,4.259464021162554,0.16815620446784904,,,,,,,,,87.30000000000001,3.9681818181818187,87,3.9545454545454546,,,,,,,,,,,,,,,,,,,"Tyler Johnson","sa915688",656592
"Nick Neidert","MIA",2,3,,4.885714285714286,7,7,0,,,35,,37,21,19,6,13,0,2,29,7.457142857142857,3.342857142857143,2.230769230769231,1.542857142857143,,,,,1.4285714285714286,,0.6971153846153846,,,5.071152332850865,0.16763825993071205,,,,,,,,,101.99999999999999,2.9142857142857137,110,3.142857142857143,,,,,,,,,,,,,,,,,,,"Nick Neidert","18699",663734
"Andrew Miller","STL",2,1,,3.5,22,0,0.6959999799728394,,,18,,15,7,7,2,8,0,2,23,11.5,4,2.875,1,,,,,1.2777777777777777,,0.7920792079207921,,,3.7695650312635633,0.16759853765980864,,,,,,,,,89.07999989986422,4.94888888332579,83.4799998998642,4.637777772214678,,,,,,,,,,,,,,,,,,,"Andrew Miller","6785",453192
"Tyler Mapes","WSN",2,3,,5.318181818181818,9,8,0,,,44,,51,28,26,7,17,0,3,28,5.7272727272727275,3.477272727272727,1.6470588235294117,1.4318181818181819,,,,,1.5454545454545454,,0.6872852233676976,,,5.373100384798917,0.16730656226344642,,,,,,,,,102.9,2.338636363636364,125,2.840909090909091,,,,,,,,,,,,,,,,,,,"Tyler Mapes","sa603121",605356
"Enoli Paredes","HOU",2,2,,5.1,9,4,0,,,30,,27,18,17,5,19,0,1,35,10.5,5.7,1.8421052631578947,1.5,,,,,1.5333333333333334,,0.717948717948718,,,5.047342809041341,0.166710978143074,,,,,,,,,100.3,3.3433333333333333,95,3.1666666666666665,,,,,,,,,,,,,,,,,,,"Enoli Paredes","20447",660600
"Nick Kingham","TOR",2,3,,5.5588235294117645,10,6,0,,,34,,38,23,21,7,11,0,1,28,7.411764705882353,2.911764705882353,2.5454545454545454,1.8529411764705883,,,,,1.4411764705882353,,0.6632653061224489,,,5.302244769825656,0.16659314637639897,,,,,,,,,86.7,2.5500000000000003,99,2.911764705882353,,,,,,,,,,,,,,,,,,,"Nick Kingham","11694",592468
"Daniel McGrath","BOS",1,1,,5.175,12,6,0,,,40,,41,24,23,6,21,0,2,34,7.65,4.725,1.619047619047619,1.35,,,,,1.55,,0.708955223880597,,,5.1890094757080085,0.16640425885683136,,,,,,,,,114.59999999999998,2.8649999999999993,121,3.025,,,,,,,,,,,,,,,,,,,"Daniel McGrath","sa739598",600011
"Shane Greene","ATL",1,1,,3.6818181818181817,23,0,0.6399999856948853,,,22,,19,10,9,3,7,0,1,23,9.409090909090908,2.8636363636363638,3.2857142857142856,1.2272727272727273,,,,,1.1818181818181819,,0.7339449541284403,,,3.9867367484352805,0.16626453649609615,,,,,,,,,101.69999992847443,4.62272726947611,96.19999992847443,4.37272726947611,,,,,,,,,,,,,,,,,,,"Shane Greene","10756",572888
"Buck Farmer","DET",2,2,,4.32,27,0,0.9369999766349792,,,25,,24,13,12,3,11,0,1,25,9,3.96,2.272727272727273,1.08,,,,,1.4,,0.7142857142857143,,,4.214009475708008,0.16596602425700957,,,,,,,,,104.38499988317488,4.175399995326996,104.6849998831749,4.187399995326996,,,,,,,,,,,,,,,,,,,"Buck Farmer","14814",571656
"Zac Houston","DET",1,1,,4.285714285714286,16,0,0,,,21,,19,11,10,2,12,1,1,23,9.857142857142858,5.142857142857143,1.9166666666666667,0.8571428571428571,,,,,1.4761904761904763,,0.7092198581560284,,,4.118771380469913,0.16589929623943866,,,,,,,,,88.4,4.20952380952381,86,4.095238095238095,,,,,,,,,,,,,,,,,,,"Zac Houston","sa874155",667677
"Preston Guilmet","MIN",1,1,,4.695652173913044,15,1,0,,,23,,23,13,12,4,7,1,1,24,9.391304347826088,2.739130434782609,3.4285714285714284,1.565217391304348,,,,,1.3043478260869565,,0.6967213114754098,,,4.431400780055834,0.16559586153242487,,,,,,,,,85.19999999999999,3.704347826086956,87,3.782608695652174,,,,,,,,,,,,,,,,,,,"Preston Guilmet","7303",543258
"Darren McCaughan","SEA",3,4,,5.365384615384615,10,10,0,,,52,,60,33,31,11,11,0,3,36,6.230769230769231,1.9038461538461537,3.272727272727273,1.9038461538461537,,,,,1.3653846153846154,,0.6834532374100719,,,5.3870863987849305,0.16514761198012332,,,,,,,,,123.5,2.375,147,2.826923076923077,,,,,,,,,,,,,,,,,,,"Darren McCaughan","20038",670766
"Peter Lambert","COL",3,3,,5.666666666666667,11,11,0,,,54,,63,37,34,11,17,1,3,37,6.166666666666667,2.8333333333333335,2.176470588235294,1.8333333333333333,,,,,1.4814814814814814,,0.6656346749226006,,,5.602898364596896,0.1650145944910509,,,,,,,,,114.5,2.1203703703703702,141,2.611111111111111,,,,,,,,,,,,,,,,,,,"Peter Lambert","17969",663567
"Kevin Ginkel","ARI",1,1,,3.857142857142857,20,0,0,,,21,,16,10,9,3,10,0,1,29,12.428571428571429,4.285714285714286,2.9,1.2857142857142858,,,,,1.2380952380952381,,0.7339449541284403,,,3.8806761423746745,0.16469787097565033,,,,,,,,,101.9,4.852380952380953,91,4.333333333333333,,,,,,,,,,,,,,,,,,,"Kevin Ginkel","19876",656464
"Rafael Montero","TEX",1,1,,3.789473684210526,19,0,0.3529999852180481,,,19,,18,9,8,3,6,1,1,21,9.947368421052632,2.8421052631578947,3.5,1.4210526315789473,,,,,1.263157894736842,,0.7575757575757576,,,4.16137789676064,0.16462549950459868,,,,,,,,,79.66499992609022,4.192894732952117,78.76499992609024,4.145526311899486,,,,,,,,,,,,,,,,,,,"Rafael Montero","12760",606160
"Jeffrey Springs","BOS",1,1,,5.04,14,2,0,,,25,,24,15,14,4,13,0,1,29,10.44,4.68,2.230769230769231,1.44,,,,,1.48,,0.7006369426751593,,,4.654009475708008,0.16410029875122914,,,,,,,,,89.4,3.576,89,3.56,,,,,,,,,,,,,,,,,,,"Jeffrey Springs","17677",605488
"Jimmy Lambert","CHW",2,3,,5.516129032258065,6,6,0,,,31,,33,20,19,6,14,0,2,28,8.129032258064516,4.064516129032258,2,1.7419354838709677,,,,,1.5161290322580645,,0.699481865284974,,,5.472073991837041,0.16223239056563044,,,,,,,,,77.79999999999997,2.509677419354838,85,2.7419354838709675,,,,,,,,,,,,,,,,,,,"Jimmy Lambert","19541",669424
"DJ Myers","SFG",1,1,,4.304347826086956,6,3,0,,,23,,23,12,11,3,10,0,1,20,7.826086956521739,3.9130434782608696,2,1.173913043478261,,,,,1.434782608695652,,0.7291666666666666,,,4.605313823534095,0.16208669615194907,,,,,,,,,80.5,3.5,83,3.608695652173913,,,,,,,,,,,,,,,,,,,"DJ Myers","sa918356",670169
"Sam Wolff","SFG",1,1,,4.2,13,0,0,,,15,,14,7,7,1,7,0,1,16,9.6,4.2,2.2857142857142856,0.6,,,,,1.4,,0.7142857142857142,,,3.5473428090413415,0.16201345435850564,,,,,,,,,70.30000000000001,4.686666666666667,70,4.666666666666667,,,,,,,,,,,,,,,,,,,"Sam Wolff","sa503437",572406
"Nick Sandlin","CLE",0,0,,3.6,10,0,0,,,10,,9,5,4,1,4,0,0,12,10.8,3.6,3,0.9,,,,,1.3,,0.6896551724137931,,,3.314009475708008,0.16180369395320196,,,,,,,,,50.3,5.029999999999999,49,4.9,,,,,,,,,,,,,,,,,,,"Nick Sandlin","20517",680704
"Blake Parker","PHI",1,1,,4.5,21,0,0,,,20,,19,11,10,3,7,0,1,22,9.9,3.15,3.142857142857143,1.35,,,,,1.3,,0.6880733944954128,,,4.164009475708008,0.16174490675510594,,,,,,,,,81.69999999999999,4.084999999999999,81,4.05,,,,,,,,,,,,,,,,,,,"Blake Parker","5224",453284
"Huascar Ynoa","ATL",3,3,,5.076923076923077,10,7,0,,,39,,39,23,22,6,22,0,2,39,9,5.076923076923077,1.7727272727272727,1.3846153846153846,,,,,1.564102564102564,,0.7224334600760456,,,5.060163321861854,0.16112382455870675,,,,,,,,,119.4,3.0615384615384618,123,3.1538461538461537,,,,,,,,,,,,,,,,,,,"Huascar Ynoa","20468",660623
"Kent Emanuel","HOU",2,2,,5.294117647058823,10,4,0,,,34,,39,21,20,6,10,0,2,25,6.617647058823529,2.6470588235294117,2.5,1.588235294117647,,,,,1.4411764705882353,,0.689655172413793,,,5.096362416884478,0.16109127491888012,,,,,,,,,90.4,2.658823529411765,106,3.1176470588235294,,,,,,,,,,,,,,,,,,,"Kent Emanuel","15849",592288
"Yimi García","MIA",1,1,,4.2631578947368425,21,0,0.3540000021457672,,,19,,18,9,9,3,4,1,1,20,9.473684210526315,1.894736842105263,5,1.4210526315789473,,,,,1.1578947368421053,,0.7303370786516854,,,3.950851580971166,0.16092406007469995,,,,,,,,,83.67000001072881,4.40368421109099,82.77000001072884,4.35631579003836,,,,,,,,,,,,,,,,,,,"Yimi Garcia","12095",554340
"Tyler Zombro","TBR",1,1,,4.125,15,1,0,,,24,,26,12,11,3,5,0,1,16,6,1.875,3.2,1.125,,,,,1.2916666666666667,,0.708955223880597,,,4.255676142374675,0.1608722935735039,,,,,,,,,87.10000000000001,3.629166666666667,95,3.9583333333333335,,,,,,,,,,,,,,,,,,,"Tyler Zombro","sa873686",677742
"Kirby Snead","TOR",2,2,,4.5,19,0,0,,,22,,21,12,11,2,11,0,1,20,8.181818181818182,4.5,1.8181818181818181,0.8181818181818182,,,,,1.4545454545454546,,0.684931506849315,,,4.214009475708008,0.16084251726563698,,,,,,,,,87.60000000000002,3.981818181818183,88,4,,,,,,,,,,,,,,,,,,,"Kirby Snead","19179",669912
"Craig Kimbrel","CHC",1,1,,3.375,17,0,12.39799976348877,,,16,,10,6,6,2,9,0,1,24,13.5,5.0625,2.6666666666666665,1.125,,,,,1.1875,,0.8024691358024691,,,3.714009475708008,0.1601791412021542,,,,,,,,,147.78999881744386,9.236874926090241,133.98999881744385,8.37437492609024,,,,,,,,,,,,,,,,,,,"Craig Kimbrel","6655",518886
"Ryan Brasier","BOS",1,1,,4.285714285714286,23,0,0,,,21,,20,10,10,3,7,0,1,21,9,3,3,1.2857142857142858,,,,,1.2857142857142858,,0.7456140350877193,,,4.214009475708008,0.160154239179495,,,,,,,,,84.5,4.023809523809524,84,4,,,,,,,,,,,,,,,,,,,"Ryan Brasier","5615",518489
"DJ Baxendale","MIN",2,2,,5.333333333333333,11,3,0,,,27,,30,17,16,4,11,0,1,21,7,3.6666666666666665,1.9090909090909092,1.3333333333333333,,,,,1.5185185185185186,,0.6779661016949153,,,4.917713179411711,0.15974190558771967,,,,,,,,,78.60000000000002,2.911111111111112,89,3.2962962962962963,,,,,,,,,,,,,,,,,,,"DJ Baxendale","sa577014",571474
"Sam Moll","SFG",1,1,,4,16,0,0,,,18,,17,9,8,1,9,0,1,17,8.5,4.5,1.8888888888888888,0.5,,,,,1.4444444444444444,,0.6910569105691057,,,3.714009475708008,0.15971452942894004,,,,,,,,,80.70000000000002,4.483333333333334,81,4.5,,,,,,,,,,,,,,,,,,,"Sam Moll","14874",594580
"Michel Baez","SDP",1,1,,3.857142857142857,17,0,0,,,21,,19,10,9,2,12,1,1,23,9.857142857142858,5.142857142857143,1.9166666666666667,0.8571428571428571,,,,,1.4761904761904763,,0.7446808510638298,,,4.118771380469913,0.1588262366236477,,,,,,,,,88.4,4.20952380952381,86,4.095238095238095,,,,,,,,,,,,,,,,,,,"Michel Baez","20100",673258
"James Sherfy","ARI",1,1,,4.285714285714286,20,0,0,,,21,,18,10,10,3,10,1,1,27,11.571428571428571,4.285714285714286,2.7,1.2857142857142858,,,,,1.3333333333333333,,0.7563025210084033,,,4.071152332850865,0.15882100249796702,,,,,,,,,92.69999999999999,4.414285714285714,87,4.142857142857143,,,,,,,,,,,,,,,,,,,"James Sherfy","15118",642073
"Turner Larkins","TOR",2,2,,5.181818181818182,9,5,0,,,33,,37,20,19,5,13,0,2,21,5.7272727272727275,3.5454545454545454,1.6153846153846154,1.3636363636363635,,,,,1.5151515151515151,,0.6976744186046512,,,5.2746155363140685,0.15876798822531707,,,,,,,,,83.50000000000004,2.5303030303030316,97,2.9393939393939394,,,,,,,,,,,,,,,,,,,"Turner Larkins","sa829565",656640
"Tyler Carr","PHI",2,1,,4.304347826086956,14,0,0,,,23,,21,11,11,2,12,1,1,21,8.217391304347826,4.695652173913044,1.75,0.782608695652174,,,,,1.434782608695652,,0.728476821192053,,,4.214009475708008,0.15871300115398207,,,,,,,,,94.00000000000003,4.086956521739132,92,4,,,,,,,,,,,,,,,,,,,"Tyler Carr","sa3007491",682130
"Ryne Harper","WSN",1,1,,4.285714285714286,20,0,0,,,21,,20,10,10,3,6,0,1,19,8.142857142857142,2.5714285714285716,3.1666666666666665,1.2857142857142858,,,,,1.2380952380952381,,0.7339449541284403,,,4.261628523327055,0.15819336258729597,,,,,,,,,83.5,3.9761904761904763,83,3.9523809523809526,,,,,,,,,,,,,,,,,,,"Ryne Harper","12680",607560
"Trey Supak","MIL",3,4,,5.4,10,10,0,,,50,,54,32,30,10,17,0,3,40,7.2,3.06,2.3529411764705883,1.8,,,,,1.42,,0.6842105263157895,,,5.414009475708008,0.158176897851257,,,,,,,,,126.6,2.532,140,2.8,,,,,,,,,,,,,,,,,,,"Trey Supak","sa828707",657022
"Brady Feigl","SDP",1,1,,3.857142857142857,11,0,0,,,14,,15,7,6,1,4,0,1,11,7.071428571428571,2.5714285714285716,2.75,0.6428571428571429,,,,,1.3571428571428572,,0.6818181818181818,,,3.6425809042794364,0.1580863764324932,,,,,,,,,59.30000000000001,4.235714285714287,64,4.571428571428571,,,,,,,,,,,,,,,,,,,"Brady Feigl","15968",621399
"Paul Sewald","NYM",1,1,,4.5,21,0,0,,,24,,24,13,12,4,7,1,1,26,9.75,2.625,3.7142857142857144,1.5,,,,,1.2916666666666667,,0.7086614173228347,,,4.214009475708008,0.1570706091504179,,,,,,,,,94.00000000000003,3.916666666666668,96,4,,,,,,,,,,,,,,,,,,,"Paul Sewald","13892",623149
"Luis García","TEX",1,1,,4.5,21,0,0,,,20,,20,11,10,2,10,1,1,19,8.55,4.5,1.9,0.9,,,,,1.5,,0.698529411764706,,,4.264009475708008,0.1568477309562783,,,,,,,,,76.4,3.8200000000000003,79,3.95,,,,,,,,,,,,,,,,,,,"Luis Garcia","6984",472610
"Trevor Megill","CHC",1,1,,4.05,13,0,0,,,20,,19,10,9,3,8,0,1,25,11.25,3.6,3.125,1.35,,,,,1.35,,0.7456140350877193,,,4.014009475708008,0.1565313062850104,,,,,,,,,84.69999999999999,4.234999999999999,84,4.2,,,,,,,,,,,,,,,,,,,"Trevor Megill","17722",656730
"Carlos Belen","SDP",1,1,,3.96,18,0,0,,,25,,24,12,11,2,11,1,1,20,7.2,3.96,1.8181818181818181,0.72,,,,,1.4,,0.7142857142857142,,,4.094009475708008,0.15639876085429152,,,,,,,,,102,4.08,103,4.12,,,,,,,,,,,,,,,,,,,"Carlos Belen","sa736746",627893
"Marshall Kasowski","LAD",1,1,,4.5,13,0,0,,,14,,10,7,7,1,11,0,1,21,13.5,7.071428571428571,1.9090909090909092,0.6428571428571429,,,,,1.5,,0.7142857142857142,,,3.714009475708008,0.15632961245291396,,,,,,,,,71.30000000000003,5.092857142857144,63,4.5,,,,,,,,,,,,,,,,,,,"Marshall Kasowski","sa3005114",667445
"Marcel Rentería","NYM",1,1,,4.5,12,1,0,,,24,,23,13,12,2,13,1,1,21,7.875,4.875,1.6153846153846154,0.75,,,,,1.5,,0.6927710843373494,,,4.297342809041341,0.15585009634240285,,,,,,,,,93.20000000000002,3.883333333333334,94,3.9166666666666665,,,,,,,,,,,,,,,,,,,"Marcel Renteria","sa3005016",676344
"Daniel Tillo","KCR",3,3,,5.4,11,9,0,,,45,,51,29,27,4,27,0,3,23,4.6,5.4,0.8518518518518519,0.8,,,,,1.7333333333333334,,0.6767955801104972,,,5.347342809041342,0.1556363661618354,,,,,,,,,107.20000000000002,2.3822222222222225,129,2.8666666666666667,,,,,,,,,,,,,,,,,,,"Daniel Tillo","sa876284",664700
"Joakim Soria","OAK",1,1,,3.857142857142857,23,0,0.871999979019165,,,21,,19,10,9,3,7,0,1,23,9.857142857142858,3,3.2857142857142856,1.2857142857142858,,,,,1.2380952380952381,,0.7339449541284403,,,4.023533285231817,0.15519895619589708,,,,,,,,,95.45999989509582,4.545714280718848,92.35999989509583,4.398095233099801,,,,,,,,,,,,,,,,,,,"Joakim Soria","6941",465657
"Enyel De Los Santos","PHI",2,3,,5.487804878048781,10,8,0,,,41,,43,27,25,8,18,1,2,37,8.121951219512194,3.951219512195122,2.0555555555555554,1.7560975609756098,,,,,1.4878048780487805,,0.6827309236947792,,,5.40913142692752,0.1550470848995713,,,,,,,,,107.20000000000003,2.614634146341464,115,2.8048780487804876,,,,,,,,,,,,,,,,,,,"Enyel De Los Santos","18403",660853
"Luke Gregerson","STL",0,0,,4.5,13,0,0,,,12,,12,6,6,1,4,0,0,10,7.5,3,2.5,0.75,,,,,1.3333333333333333,,0.684931506849315,,,3.6306761423746745,0.1550156841087873,,,,,,,,,53.30000000000001,4.441666666666667,55,4.583333333333333,,,,,,,,,,,,,,,,,,,"Luke Gregerson","4090",502381
"Emmanuel Ramirez","SDP",2,3,,5.232558139534884,10,7,0,,,43,,46,27,25,7,20,0,2,36,7.534883720930233,4.186046511627907,1.8,1.4651162790697674,,,,,1.5348837209302326,,0.693950177935943,,,5.19075366175452,0.15487341435385613,,,,,,,,,118.49999999999996,2.755813953488371,130,3.0232558139534884,,,,,,,,,,,,,,,,,,,"Emmanuel Ramirez","17304",642629
"Keegan Thompson","CHC",2,3,,5.142857142857143,7,7,0,,,35,,38,22,20,7,11,0,2,29,7.457142857142857,2.8285714285714287,2.6363636363636362,1.8,,,,,1.4,,0.6887755102040816,,,5.271152332850865,0.15435781967418716,,,,,,,,,93.09999999999998,2.6599999999999993,103,2.942857142857143,,,,,,,,,,,,,,,,,,,"Keegan Thompson","19795",624522
"Brandon Bailey","BAL",1,2,,5.823529411764706,9,7,0,,,34,,36,23,22,6,20,0,2,30,7.9411764705882355,5.294117647058823,1.5,1.588235294117647,,,,,1.6470588235294117,,0.6932773109243697,,,5.684597711002126,0.1527723353218983,,,,,,,,,78.2,2.3000000000000003,86,2.5294117647058822,,,,,,,,,,,,,,,,,,,"Brandon Bailey","19582",669064
"Eduard Bazardo","BOS",2,1,,4.846153846153846,13,1,0,,,26,,28,15,14,4,8,0,2,24,8.307692307692308,2.769230769230769,3,1.3846153846153846,,,,,1.3846153846153846,,0.6907894736842105,,,4.5217017834003155,0.15230017779177982,,,,,,,,,88.39999999999999,3.3999999999999995,96,3.6923076923076925,,,,,,,,,,,,,,,,,,,"Eduard Bazardo","20997",660825
"Aaron Fletcher","SEA",2,1,,4.32,16,0,0,,,25,,24,13,12,3,10,0,1,24,8.64,3.6,2.4,1.08,,,,,1.36,,0.7046979865771812,,,4.174009475708008,0.15206937544431004,,,,,,,,,100.69999999999999,4.028,101,4.04,,,,,,,,,,,,,,,,,,,"Aaron Fletcher","22052",667465
"Heath Hembree","BOS",1,0,,4.5,19,0,0,,,18,,17,9,9,3,7,0,0,21,10.5,3.5,3,1.5,,,,,1.3333333333333333,,0.7575757575757576,,,4.214009475708008,0.1517885477552998,,,,,,,,,73.10000000000001,4.061111111111112,72,4,,,,,,,,,,,,,,,,,,,"Heath Hembree","11632",592390
"Robert Dugger","MIA",3,4,,5.072727272727272,10,10,0,,,55,,57,33,31,10,21,0,4,45,7.363636363636363,3.4363636363636365,2.142857142857143,1.6363636363636365,,,,,1.4181818181818182,,0.703125,,,5.304918566617099,0.15129942093442128,,,,,,,,,150.79999999999998,2.7418181818181817,160,2.909090909090909,,,,,,,,,,,,,,,,,,,"Robert Dugger","19191",667498
"JoJo Romero","PHI",2,3,,5.538461538461538,8,8,0,,,39,,42,26,24,7,19,0,2,33,7.615384615384615,4.384615384615385,1.736842105263158,1.6153846153846154,,,,,1.564102564102564,,0.68359375,,,5.470419732118264,0.1511327277224858,,,,,,,,,96.3,2.4692307692307693,107,2.7435897435897436,,,,,,,,,,,,,,,,,,,"JoJo Romero","19574",668941
"José Quijada","LAA",1,1,,4.304347826086956,20,0,0,,,23,,19,12,11,3,14,1,1,29,11.347826086956522,5.478260869565218,2.0714285714285716,1.173913043478261,,,,,1.434782608695652,,0.7291666666666666,,,4.344444258316703,0.15091157672327937,,,,,,,,,96.9,4.21304347826087,89,3.869565217391304,,,,,,,,,,,,,,,,,,,"Jose Quijada","19200",650671
"Carlos Navas","SFG",1,2,,4.666666666666667,14,2,0,,,27,,27,15,14,4,9,1,1,25,8.333333333333334,3,2.7777777777777777,1.3333333333333333,,,,,1.3333333333333333,,0.6907894736842105,,,4.399194660893193,0.1502718409097588,,,,,,,,,100.40000000000002,3.7185185185185192,103,3.814814814814815,,,,,,,,,,,,,,,,,,,"Carlos Navas","sa550615",593163
"Austen Williams","WSN",2,2,,5.1,10,4,0,,,30,,33,19,17,5,11,0,2,26,7.8,3.3,2.3636363636363638,1.5,,,,,1.4666666666666666,,0.6756756756756757,,,4.947342809041341,0.15026111208571943,,,,,,,,,87.7,2.9233333333333333,98,3.2666666666666666,,,,,,,,,,,,,,,,,,,"Austen Williams","16309",657117
"Fernando Salas","PHI",1,1,,4.7368421052631575,18,0,0,,,19,,19,10,10,3,6,1,0,18,8.526315789473685,2.8421052631578947,3,1.4210526315789473,,,,,1.3157894736842106,,0.7211538461538461,,,4.319272633602745,0.15021499160854093,,,,,,,,,72.29999999999998,3.805263157894736,74,3.8947368421052633,,,,,,,,,,,,,,,,,,,"Fernando Salas","4971",477569
"Brandon Morrow","CHC",1,0,,3.272727272727273,11,0,0,,,11,,10,5,4,1,4,0,0,11,9,3.272727272727273,2.75,0.8181818181818182,,,,,1.2727272727272727,,0.7142857142857143,,,3.4867367484352805,0.14984238954922846,,,,,,,,,53.10000000000001,4.827272727272728,52,4.7272727272727275,,,,,,,,,,,,,,,,,,,"Brandon Morrow","9346",453344
"Colton Eastman","PHI",3,3,,5.113636363636363,9,7,0,,,44,,46,27,25,9,19,0,3,42,8.590909090909092,3.8863636363636362,2.210526315789474,1.8409090909090908,,,,,1.4772727272727273,,0.7251908396946565,,,5.464009475708008,0.14955793306638157,,,,,,,,,113.30000000000003,2.5750000000000006,121,2.75,,,,,,,,,,,,,,,,,,,"Colton Eastman","sa3008312",663678
"Mauricio Llovera","PHI",1,2,,5.516129032258065,7,6,0,,,31,,31,20,19,6,14,0,2,30,8.709677419354838,4.064516129032258,2.142857142857143,1.7419354838709677,,,,,1.4516129032258065,,0.6830601092896175,,,5.343041733772524,0.14877788310218382,,,,,,,,,86.99999999999996,2.8064516129032246,89,2.870967741935484,,,,,,,,,,,,,,,,,,,"Mauricio Llovera","20080",661440
"John Axford","TOR",1,1,,4.153846153846154,13,0,0,,,13,,13,7,6,1,6,0,1,13,9,4.153846153846154,2.1666666666666665,0.6923076923076923,,,,,1.4615384615384615,,0.6818181818181818,,,3.8293940910926234,0.1484970181715654,,,,,,,,,55.1,4.2384615384615385,57,4.384615384615385,,,,,,,,,,,,,,,,,,,"John Axford","9059",446099
"Chad Sobotka","ATL",1,1,,4.285714285714286,19,0,0,,,21,,17,10,10,2,13,0,1,26,11.142857142857142,5.571428571428571,2,0.8571428571428571,,,,,1.4285714285714286,,0.7352941176470589,,,3.97591423761277,0.14848464062807357,,,,,,,,,96.60000000000001,4.6000000000000005,89,4.238095238095238,,,,,,,,,,,,,,,,,,,"Chad Sobotka","17470",656977
"Jace Fry","CHW",1,1,,4.285714285714286,24,0,0,,,21,,17,10,10,2,14,1,1,25,10.714285714285714,6,1.7857142857142858,0.8571428571428571,,,,,1.4761904761904763,,0.7446808510638298,,,4.214009475708008,0.14837219516059139,,,,,,,,,91.60000000000001,4.361904761904762,84,4,,,,,,,,,,,,,,,,,,,"Jace Fry","16159",605240
"Tylor Megill","NYM",2,3,,4.875,8,4,0,,,24,,23,13,13,4,13,0,1,28,10.5,4.875,2.1538461538461537,1.5,,,,,1.5,,0.7565789473684211,,,4.797342809041341,0.1482696032445749,,,,,,,,,82.60000000000002,3.4416666666666678,82,3.4166666666666665,,,,,,,,,,,,,,,,,,,"Tylor Megill","21318",656731
"Ryan Nutof","CIN",1,1,,4.285714285714286,17,0,0,,,21,,20,11,10,2,11,1,1,20,8.571428571428571,4.714285714285714,1.8181818181818181,0.8571428571428571,,,,,1.4761904761904763,,0.7092198581560284,,,4.261628523327055,0.14686381232283688,,,,,,,,,82.80000000000001,3.9428571428571435,83,3.9523809523809526,,,,,,,,,,,,,,,,,,,"Ryan Nutof","sa915630",657246
"Cy Sneed","HOU",3,3,,5.351351351351352,9,5,0,,,37,,40,23,22,7,14,0,2,30,7.297297297297297,3.4054054054054053,2.142857142857143,1.7027027027027026,,,,,1.4594594594594594,,0.7013574660633484,,,5.349144610843143,0.14602937925657256,,,,,,,,,95.69999999999999,2.586486486486486,106,2.864864864864865,,,,,,,,,,,,,,,,,,,"Cy Sneed","16106",605482
"Pedro Strop","CIN",1,1,,3.9375,19,0,0,,,16,,13,7,7,2,7,1,1,19,10.6875,3.9375,2.7142857142857144,1.125,,,,,1.25,,0.7558139534883721,,,3.964009475708008,0.14516251831142885,,,,,,,,,74,4.625,68,4.25,,,,,,,,,,,,,,,,,,,"Pedro Strop","4070",467008
"Joel Kuhnel","CIN",2,1,,3.9130434782608696,20,0,0,,,23,,23,11,10,3,8,1,1,20,7.826086956521739,3.130434782608696,2.5,1.173913043478261,,,,,1.3478260869565217,,0.7462686567164178,,,4.344444258316703,0.14496421362142473,,,,,,,,,86.5,3.760869565217391,89,3.869565217391304,,,,,,,,,,,,,,,,,,,"Joel Kuhnel","19995",669270
"Codi Heuer","CHW",2,2,,4.304347826086956,16,0,0,,,23,,24,12,11,3,7,0,1,18,7.043478260869565,2.739130434782609,2.5714285714285716,1.173913043478261,,,,,1.3478260869565217,,0.708955223880597,,,4.387922519186269,0.1448034640247531,,,,,,,,,82.9,3.604347826086957,88,3.8260869565217392,,,,,,,,,,,,,,,,,,,"Codi Heuer","23293",676051
"Carl Edwards Jr.","SEA",1,1,,4.235294117647059,20,0,0,,,17,,12,8,8,2,11,0,1,23,12.176470588235293,5.823529411764706,2.090909090909091,1.0588235294117647,,,,,1.3529411764705883,,0.7425742574257426,,,4.1551859462962435,0.14431378258972272,,,,,,,,,80.00000000000001,4.7058823529411775,69,4.0588235294117645,,,,,,,,,,,,,,,,,,,"Carl Edwards Jr.","13607",605218
"Justin Wilson","NYM",1,1,,3.7058823529411766,20,0,0.6899999976158142,,,17,,14,7,7,2,9,0,0,22,11.647058823529411,4.764705882352941,2.4444444444444446,1.0588235294117647,,,,,1.3529411764705883,,0.7920792079207921,,,3.7434212404138902,0.1437987343124295,,,,,,,,,85.24999998807908,5.014705881651711,79.44999998807907,4.673529411063475,,,,,,,,,,,,,,,,,,,"Justin Wilson","4301",458677
"Juan Minaya","MIN",1,1,,4.304347826086956,19,0,0,,,23,,22,12,11,3,11,1,1,23,9,4.304347826086956,2.090909090909091,1.173913043478261,,,,,1.434782608695652,,0.7291666666666666,,,4.4748790409254,0.14368635885174258,,,,,,,,,86.10000000000001,3.7434782608695656,86,3.739130434782609,,,,,,,,,,,,,,,,,,,"Juan Minaya","10341",573668
"Rubby De La Rosa","ARI",0,0,,4,8,0,0,,,9,,7,4,4,1,3,0,0,11,11,3,3.6666666666666665,1,,,,,1.1111111111111112,,0.6976744186046512,,,3.214009475708008,0.14182545186806772,,,,,,,,,49.10000000000001,5.455555555555557,45,5,,,,,,,,,,,,,,,,,,,"Rubby De La Rosa","3862",523989
"Brian Moran","TOR",1,1,,4.285714285714286,18,0,0,,,21,,19,11,10,3,10,1,1,26,11.142857142857142,4.285714285714286,2.6,1.2857142857142858,,,,,1.380952380952381,,0.7258064516129032,,,4.1663904280889605,0.141797503974181,,,,,,,,,88.1,4.1952380952380945,85,4.0476190476190474,,,,,,,,,,,,,,,,,,,"Brian Moran","9646",572383
"Alex Faedo","DET",2,3,,5.4,9,9,0,,,40,,45,26,24,9,12,0,2,34,7.65,2.7,2.8333333333333335,2.025,,,,,1.425,,0.6981981981981982,,,5.4890094757080075,0.14163241726517328,,,,,,,,,94.30000000000001,2.3575000000000004,109,2.725,,,,,,,,,,,,,,,,,,,"Alex Faedo","19874",656412
"Tanner Houck","BOS",3,3,,5.447368421052632,11,7,0,,,38,,42,25,23,6,19,0,2,31,7.342105263157895,4.5,1.631578947368421,1.4210526315789473,,,,,1.605263157894737,,0.6844106463878327,,,5.29295684412906,0.14157430157603076,,,,,,,,,97.19999999999997,2.5578947368421048,111,2.9210526315789473,,,,,,,,,,,,,,,,,,,"Tanner Houck","19879",656557
"Matt Magill","SEA",1,1,,4.285714285714286,19,0,6.7829999923706055,,,21,,19,11,10,3,9,1,1,25,10.714285714285714,3.857142857142857,2.7777777777777777,1.2857142857142858,,,,,1.3333333333333333,,0.7142857142857143,,,4.118771380469913,0.14027181882311163,,,,,,,,,123.01499996185302,5.85785714104062,119.91499996185303,5.710238093421573,,,,,,,,,,,,,,,,,,,"Matt Magill","3950",543483
"Taijuan Walker","SEA",2,2,,4.636363636363637,6,6,0,,,33,,34,18,17,6,13,1,2,29,7.909090909090909,3.5454545454545454,2.230769230769231,1.6363636363636365,,,,,1.4242424242424243,,0.7512953367875648,,,5.183706445404978,0.14008883664510918,,,,,,,,,95.00000000000003,2.87878787878788,100,3.0303030303030303,,,,,,,,,,,,,,,,,,,"Taijuan Walker","11836",592836
"Nik Turley","PIT",1,1,,5,6,3,0,,,18,,18,11,10,2,11,0,1,17,8.5,5.5,1.5454545454545454,1,,,,,1.6111111111111112,,0.6870229007633588,,,4.769565031263563,0.13911022213910823,,,,,,,,,59.80000000000002,3.3222222222222233,62,3.4444444444444446,,,,,,,,,,,,,,,,,,,"Nik Turley","5530",543867
"Angel Rondón","STL",3,3,,4.959183673469388,9,9,0,,,49,,51,29,27,8,23,0,3,41,7.530612244897959,4.224489795918367,1.7826086956521738,1.469387755102041,,,,,1.510204081632653,,0.7165605095541402,,,5.254825802238621,0.13829080547900513,,,,,,,,,135.60000000000005,2.7673469387755114,145,2.9591836734693877,,,,,,,,,,,,,,,,,,,"Angel Rondon","22036",667373
"Trevor May","MIN",1,1,,4.05,21,0,0.9200000166893005,,,20,,16,9,9,3,9,0,1,24,10.8,4.05,2.6666666666666665,1.35,,,,,1.25,,0.7692307692307692,,,4.264009475708008,0.13789513321594227,,,,,,,,,92.1000000834465,4.605000004172325,83.6000000834465,4.180000004172325,,,,,,,,,,,,,,,,,,,"Trevor May","6398",543507
"David Phelps","MIL",1,1,,3.7058823529411766,18,0,0,,,17,,15,7,7,2,7,0,0,17,9,3.7058823529411766,2.4285714285714284,1.0588235294117647,,,,,1.2941176470588236,,0.78125,,,3.978715358060949,0.1377758208664827,,,,,,,,,75.20000000000002,4.423529411764707,72,4.235294117647059,,,,,,,,,,,,,,,,,,,"David Phelps","6316",475479
"Robert Stephenson","CIN",1,1,,3.96,23,0,0,,,25,,20,12,11,4,14,1,1,33,11.88,5.04,2.357142857142857,1.44,,,,,1.36,,0.7746478873239437,,,4.454009475708008,0.13710105459223004,,,,,,,,,104.80000000000001,4.192,94,3.76,,,,,,,,,,,,,,,,,,,"Robert Stephenson","13594",596112
"Brian Schlitter","OAK",1,1,,4,15,0,0,,,18,,18,9,8,1,7,0,1,11,5.5,3.5,1.5714285714285714,0.5,,,,,1.3888888888888888,,0.6779661016949152,,,4.047342809041341,0.13701510089250352,,,,,,,,,72.10000000000002,4.005555555555556,75,4.166666666666667,,,,,,,,,,,,,,,,,,,"Brian Schlitter","3599",489295
"Mike Mayers","LAA",1,1,,4.5,18,0,0,,,20,,20,10,10,3,8,0,1,20,9,3.6,2.5,1.35,,,,,1.4,,0.7563025210084033,,,4.514009475708008,0.13647902791458233,,,,,,,,,72.1,3.6049999999999995,74,3.7,,,,,,,,,,,,,,,,,,,"Mike Mayers","15451",594577
"Derek Holland","PIT",2,2,,5.2105263157894735,14,6,0,,,38,,38,23,22,6,20,1,1,35,8.289473684210526,4.7368421052631575,1.75,1.4210526315789473,,,,,1.5263157894736843,,0.7056451612903225,,,5.082430528339587,0.13631868109418785,,,,,,,,,115.59999999999998,3.0421052631578944,119,3.1315789473684212,,,,,,,,,,,,,,,,,,,"Derek Holland","4141",502706
"Fernando Romero","MIN",1,1,,4.333333333333333,21,0,0,,,27,,26,14,13,3,13,0,2,25,8.333333333333334,4.333333333333333,1.9230769230769231,1,,,,,1.4444444444444444,,0.7183908045977012,,,4.4732687349672675,0.13602305000047524,,,,,,,,,100.3,3.714814814814815,101,3.740740740740741,,,,,,,,,,,,,,,,,,,"Fernando Romero","15885",622864
"Michael Peoples","CLE",3,3,,5.4,8,7,0,,,45,,51,29,27,9,13,0,3,32,6.4,2.6,2.4615384615384617,1.8,,,,,1.4222222222222223,,0.6809338521400778,,,5.4584539201524525,0.13585836510660315,,,,,,,,,105.70000000000002,2.3488888888888892,124,2.7555555555555555,,,,,,,,,,,,,,,,,,,"Michael Peoples","sa658314",621191
"Nick Burdi","PIT",0,0,,4.5,4,0,0,,,4,,3,2,2,0,2,0,0,6,13.5,4.5,3,0,,,,,1.25,,0.6,,,1.714009475708008,0.13569457587330724,,,,,,,,,27.8,6.95,26,6.5,,,,,,,,,,,,,,,,,,,"Nick Burdi","16074",595897
"Tyler Zuber","KCR",1,1,,4.2631578947368425,17,0,0,,,19,,19,10,9,2,8,1,1,18,8.526315789473685,3.789473684210526,2.25,0.9473684210526315,,,,,1.4210526315789473,,0.7024793388429752,,,4.108746317813271,0.13522678632433477,,,,,,,,,75.6,3.978947368421052,78,4.105263157894737,,,,,,,,,,,,,,,,,,,"Tyler Zuber","20379",676604
"Darren O'Day","ATL",0,0,,4.090909090909091,12,0,0,,,11,,9,5,5,1,4,0,1,11,9,3.272727272727273,2.75,0.8181818181818182,,,,,1.1818181818181819,,0.6896551724137931,,,3.7594640211625534,0.13518715594188413,,,,,,,,,52.7,4.790909090909091,49,4.454545454545454,,,,,,,,,,,,,,,,,,,"Darren O'Day","3321",503285
"Pete Fairbanks","TBR",2,1,,3.9130434782608696,22,0,0.2709999978542328,,,23,,21,11,10,3,10,0,1,27,10.565217391304348,3.9130434782608696,2.7,1.173913043478261,,,,,1.3478260869565217,,0.7462686567164178,,,3.996618171360182,0.1347257347600432,,,,,,,,,101.05499998927118,4.393695651707443,98.35499998927116,4.276304347359615,,,,,,,,,,,,,,,,,,,"Pete Fairbanks","17998",664126
"Alex Colomé","CHW",2,1,,4.090909090909091,23,0,11.14900016784668,,,22,,20,10,10,3,8,1,1,21,8.590909090909092,3.272727272727273,2.625,1.2272727272727273,,,,,1.2727272727272727,,0.7563025210084033,,,4.304918566617099,0.1345120239209014,,,,,,,,,144.6450008392334,6.5747727654197,141.7450008392334,6.4429545836015185,,,,,,,,,,,,,,,,,,,"Alex Colome","6661",517008
"Ray Black","MIL",1,1,,3.9375,18,0,0,,,16,,12,8,7,2,10,0,1,24,13.5,5.625,2.4,1.125,,,,,1.375,,0.7291666666666667,,,3.901509475708008,0.1342418821631743,,,,,,,,,77.60000000000001,4.8500000000000005,69,4.3125,,,,,,,,,,,,,,,,,,,"Ray Black","14244",605143
"Cody Carroll","BAL",1,1,,5.25,15,1,0,,,24,,23,15,14,3,16,0,1,25,9.375,6,1.5625,1.125,,,,,1.625,,0.6896551724137931,,,4.880676142374675,0.13390164545088795,,,,,,,,,79.9,3.329166666666667,80,3.3333333333333335,,,,,,,,,,,,,,,,,,,"Cody Carroll","17664",606944
"Joely Rodríguez","TEX",1,1,,4.5,21,0,0,,,20,,19,10,10,3,8,0,1,21,9.45,3.6,2.625,1.35,,,,,1.35,,0.7456140350877193,,,4.414009475708008,0.13382799326200134,,,,,,,,,76.69999999999999,3.8349999999999995,76,3.8,,,,,,,,,,,,,,,,,,,"Joely Rodriguez","11487",570257
"Mitch Talbot","CLE",1,2,,5.666666666666667,6,6,0,,,27,,31,18,17,4,11,0,1,16,5.333333333333333,3.6666666666666665,1.4545454545454546,1.3333333333333333,,,,,1.5555555555555556,,0.6593406593406593,,,5.2880835497820815,0.13355540342086458,,,,,,,,,66.00000000000001,2.444444444444445,79,2.925925925925926,,,,,,,,,,,,,,,,,,,"Mitch Talbot","4961",452676
"Rob Kaminsky","STL",1,1,,4.2631578947368425,16,0,0,,,19,,19,10,9,1,10,0,1,16,7.578947368421052,4.7368421052631575,1.6,0.47368421052631576,,,,,1.5263157894736843,,0.6884057971014492,,,3.950851580971166,0.13348823456406816,,,,,,,,,77.9,4.1000000000000005,81,4.2631578947368425,,,,,,,,,,,,,,,,,,,"Rob Kaminsky","15792",641739
"Evan Marshall","CHW",1,1,,4.2631578947368425,20,0,0,,,19,,19,10,9,2,8,1,1,16,7.578947368421052,3.789473684210526,2,0.9473684210526315,,,,,1.4210526315789473,,0.7024793388429752,,,4.319272633602745,0.13305180732397773,,,,,,,,,71.6,3.7684210526315787,74,3.8947368421052633,,,,,,,,,,,,,,,,,,,"Evan Marshall","12297",605359
"Julian Merryweather","TOR",2,3,,5.5588235294117645,7,7,0,,,34,,39,23,21,7,11,0,2,26,6.882352941176471,2.911764705882353,2.3636363636363638,1.8529411764705883,,,,,1.4705882352941178,,0.6716417910447761,,,5.508127122766831,0.1326278801128772,,,,,,,,,77.1,2.2676470588235293,92,2.7058823529411766,,,,,,,,,,,,,,,,,,,"Julian Merryweather","16703",657240
"Carlos Martinez","STL",1,1,,3.4615384615384617,23,0,3.059999942779541,,,26,,21,11,10,3,11,0,1,27,9.346153846153847,3.8076923076923075,2.4545454545454546,1.0384615384615385,,,,,1.2307692307692308,,0.7553956834532374,,,4.0217017834003155,0.13253113109097014,,,,,,,,,134.1999997138977,5.161538450534527,124.2999997138977,4.780769219765296,,,,,,,,,,,,,,,,,,,"Carlos Martinez","11682",593372
"Brian Howard","OAK",3,3,,5.0625,9,9,0,,,48,,53,29,27,9,18,0,3,37,6.9375,3.375,2.0555555555555554,1.6875,,,,,1.4791666666666667,,0.7191780821917808,,,5.422342809041341,0.132490206175562,,,,,,,,,117.70000000000005,2.4520833333333343,134,2.7916666666666665,,,,,,,,,,,,,,,,,,,"Brian Howard","sa918377",641709
"Brandon Bielak","HOU",3,3,,5.142857142857143,9,7,0,,,42,,43,26,24,8,19,0,2,37,7.928571428571429,4.071428571428571,1.9473684210526316,1.7142857142857142,,,,,1.4761904761904763,,0.7086614173228347,,,5.428295189993722,0.1323923145777284,,,,,,,,,111.60000000000001,2.6571428571428575,117,2.7857142857142856,,,,,,,,,,,,,,,,,,,"Brandon Bielak","19866",656232
"Matt Bowman","CIN",1,1,,4.304347826086956,20,0,0,,,23,,21,11,11,3,10,1,1,22,8.608695652173912,3.9130434782608696,2.2,1.173913043478261,,,,,1.3478260869565217,,0.7462686567164178,,,4.431400780055834,0.13180020278839452,,,,,,,,,89.70000000000002,3.900000000000001,87,3.782608695652174,,,,,,,,,,,,,,,,,,,"Matt Bowman","13528",621199
"Jeremy Bleich","MIN",1,1,,5.0625,11,1,0,,,16,,17,9,9,2,6,0,1,14,7.875,3.375,2.3333333333333335,1.125,,,,,1.4375,,0.6930693069306931,,,4.401509475708008,0.13155176025018625,,,,,,,,,56.60000000000001,3.5375000000000005,61,3.8125,,,,,,,,,,,,,,,,,,,"Jeremy Bleich","9069",542946
"John Parke","CHW",2,3,,5.74468085106383,9,9,0,,,47,,57,32,30,8,17,0,3,23,4.404255319148936,3.25531914893617,1.3529411764705883,1.5319148936170213,,,,,1.574468085106383,,0.6687898089171975,,,5.724647773580348,0.1310191587514547,,,,,,,,,87.19999999999999,1.85531914893617,117,2.4893617021276597,,,,,,,,,,,,,,,,,,,"John Parke","sa3003988",641949
"Phil Pfeifer","ATL",2,3,,5.048780487804878,11,6,0,,,41,,41,25,23,7,22,0,2,41,9,4.829268292682927,1.8636363636363635,1.5365853658536586,,,,,1.5365853658536586,,0.7142857142857143,,,5.189619231805569,0.13016351460678457,,,,,,,,,120.7,2.94390243902439,124,3.024390243902439,,,,,,,,,,,,,,,,,,,"Phil Pfeifer","sa602699",547177
"Brandon Kintzler","MIA",1,1,,3.789473684210526,21,0,8.267000198364258,,,19,,19,9,8,2,5,1,1,15,7.105263157894737,2.3684210526315788,3,0.9473684210526315,,,,,1.263157894736842,,0.7075471698113208,,,3.950851580971166,0.12950170013804868,,,,,,,,,119.93500099182128,6.312368473253752,122.33500099182129,6.4386842627274365,,,,,,,,,,,,,,,,,,,"Brandon Kintzler","9939",445213
"Chris Rusin","ATL",1,1,,4.5,12,2,0,,,24,,25,13,12,3,8,0,1,17,6.375,3,2.125,1.125,,,,,1.375,,0.6944444444444444,,,4.547342809041341,0.12887497663797925,,,,,,,,,82.70000000000002,3.445833333333334,88,3.6666666666666665,,,,,,,,,,,,,,,,,,,"Chris Rusin","9895",543734
"Luke Farrell","TEX",1,2,,5.275862068965517,10,5,0,,,29,,29,19,17,6,15,0,1,29,9,4.655172413793103,1.9333333333333333,1.8620689655172413,,,,,1.5172413793103448,,0.7022471910112359,,,5.558837061914904,0.1286585086339086,,,,,,,,,75.4,2.6,77,2.6551724137931036,,,,,,,,,,,,,,,,,,,"Luke Farrell","15101",608652
"Dominic Leone","CLE",1,0,,4.875,23,0,0,,,24,,22,13,13,4,11,1,0,30,11.25,4.125,2.727272727272727,1.5,,,,,1.375,,0.7299270072992701,,,4.255676142374675,0.12793503764893085,,,,,,,,,98.20000000000003,4.091666666666668,95,3.9583333333333335,,,,,,,,,,,,,,,,,,,"Dominic Leone","13763",608678
"Alex Lange","DET",3,4,,5.447368421052632,10,7,0,,,38,,41,24,23,5,22,0,3,28,6.631578947368421,5.2105263157894735,1.2727272727272727,1.1842105263157894,,,,,1.6578947368421053,,0.6964285714285714,,,5.424535791497481,0.12769940539460659,,,,,,,,,94.09999999999998,2.476315789473684,106,2.789473684210526,,,,,,,,,,,,,,,,,,,"Alex Lange","19883",656638
"Jason Bahr","TEX",3,3,,5.921052631578948,9,9,0,,,38,,41,27,25,7,21,0,2,32,7.578947368421052,4.973684210526316,1.5238095238095237,1.6578947368421053,,,,,1.631578947368421,,0.6704980842911877,,,5.740325265181692,0.1275269292197187,,,,,,,,,83.49999999999996,2.1973684210526305,94,2.473684210526316,,,,,,,,,,,,,,,,,,,"Jason Bahr","sa3004744",676599
"Tejay Antone","CIN",3,4,,5.625,9,9,0,,,48,,53,32,30,10,19,0,3,39,7.3125,3.5625,2.0526315789473686,1.875,,,,,1.5,,0.6896551724137931,,,5.672342809041341,0.12730318120004128,,,,,,,,,106.40000000000003,2.2166666666666672,122,2.5416666666666665,,,,,,,,,,,,,,,,,,,"Tejay Antone","16233",622088
"Fernando Rodney","WSN",1,1,,4.05,21,0,0,,,20,,18,10,9,2,11,1,1,21,9.45,4.95,1.9090909090909092,0.9,,,,,1.45,,0.7251908396946565,,,4.214009475708008,0.12679241301901667,,,,,,,,,82.6,4.13,80,4,,,,,,,,,,,,,,,,,,,"Fernando Rodney","494",407845
"R.J. Alaniz","CIN",1,1,,4.714285714285714,16,0,0,,,21,,20,12,11,3,10,1,1,22,9.428571428571429,4.285714285714286,2.2,1.2857142857142858,,,,,1.4285714285714286,,0.6976744186046512,,,4.547342809041341,0.12672828082950843,,,,,,,,,77.5,3.6904761904761907,77,3.6666666666666665,,,,,,,,,,,,,,,,,,,"R.J. Alaniz","10819",595798
"Jorge Alcala","MIN",2,3,,5.447368421052632,11,6,0,,,38,,40,24,23,6,20,0,2,33,7.815789473684211,4.7368421052631575,1.65,1.4210526315789473,,,,,1.5789473684210527,,0.6976744186046512,,,5.266641054655377,0.12645077275032082,,,,,,,,,103.39999999999998,2.7210526315789467,112,2.9473684210526314,,,,,,,,,,,,,,,,,,,"Jorge Alcala","19459",660896
"Reyes Moronta","SFG",2,1,,3.857142857142857,21,0,0,,,21,,16,9,9,2,13,1,1,26,11.142857142857142,5.571428571428571,2,0.8571428571428571,,,,,1.380952380952381,,0.7633587786259542,,,3.97591423761277,0.12626419258157764,,,,,,,,,99.20000000000002,4.723809523809525,89,4.238095238095238,,,,,,,,,,,,,,,,,,,"Reyes Moronta","14966",606625
"Chaz Roe","TBR",1,1,,4,23,0,0.4059999883174896,,,18,,15,8,8,2,9,0,1,21,10.5,4.5,2.3333333333333335,1,,,,,1.3333333333333333,,0.7547169811320755,,,3.9917872534857857,0.12583247295665909,,,,,,,,,83.62999994158747,4.646111107865971,78.02999994158745,4.334999996754858,,,,,,,,,,,,,,,,,,,"Chaz Roe","9866",475054
"Joe Biagini","HOU",1,1,,4.68,24,0,0,,,25,,25,13,13,3,10,0,1,22,7.92,3.6,2.2,1.08,,,,,1.4,,0.7142857142857143,,,4.334009475708008,0.12575409736360374,,,,,,,,,94.1,3.764,97,3.88,,,,,,,,,,,,,,,,,,,"Joe Biagini","13194",607352
"Matt Pierpont","COL",1,1,,4.764705882352941,13,0,0,,,17,,17,9,9,2,7,0,1,16,8.470588235294118,3.7058823529411766,2.2857142857142856,1.0588235294117647,,,,,1.411764705882353,,0.7075471698113208,,,4.2728330051197725,0.12562356961612062,,,,,,,,,65.00000000000001,3.8235294117647065,67,3.9411764705882355,,,,,,,,,,,,,,,,,,,"Matt Pierpont","sa738366",641980
"Tony Sipp","WSN",0,0,,4.5,15,0,0,,,10,,10,6,5,1,4,0,0,10,9,3.6,2.5,0.9,,,,,1.4,,0.6349206349206349,,,3.714009475708008,0.12549399112688936,,,,,,,,,43.7,4.37,45,4.5,,,,,,,,,,,,,,,,,,,"Tony Sipp","8280",448609
"Josh D. Smith","CIN",1,2,,4.846153846153846,16,1,0,,,26,,24,15,14,4,15,1,1,28,9.692307692307692,5.1923076923076925,1.8666666666666667,1.3846153846153846,,,,,1.5,,0.718562874251497,,,4.9063171680157005,0.1253358752408198,,,,,,,,,88.79999999999998,3.415384615384615,86,3.3076923076923075,,,,,,,,,,,,,,,,,,,"Josh D. Smith","13629",605479
"Trevor Bettencourt","PHI",1,1,,4.2,11,0,0,,,15,,14,7,7,2,6,0,1,17,10.2,3.6,2.8333333333333335,1.2,,,,,1.3333333333333333,,0.7558139534883721,,,4.080676142374674,0.1248764915979221,,,,,,,,,63.00000000000001,4.2,62,4.133333333333334,,,,,,,,,,,,,,,,,,,"Trevor Bettencourt","sa918556",670422
"Cody Reed","CIN",1,1,,3.857142857142857,20,0,0,,,21,,18,10,9,3,10,0,1,25,10.714285714285714,4.285714285714286,2.5,1.2857142857142858,,,,,1.3333333333333333,,0.7563025210084033,,,4.261628523327055,0.12469787348751327,,,,,,,,,88.69999999999999,4.223809523809523,83,3.9523809523809526,,,,,,,,,,,,,,,,,,,"Cody Reed","15232",642003
"Alexander Guillen","COL",1,1,,4.846153846153846,16,0,0,,,26,,25,15,14,4,11,0,1,27,9.346153846153847,3.8076923076923075,2.4545454545454546,1.3846153846153846,,,,,1.3846153846153846,,0.6907894736842105,,,4.5217017834003155,0.1246640179812987,,,,,,,,,96.19999999999999,3.6999999999999997,96,3.6923076923076925,,,,,,,,,,,,,,,,,,,"Alexander Guillen","sa737454",642565
"Génesis Cabrera","STL",2,3,,4.909090909090909,11,8,0,,,44,,44,26,24,7,22,0,3,42,8.590909090909092,4.5,1.9090909090909092,1.4318181818181819,,,,,1.5,,0.7117437722419928,,,5.077645839344371,0.12428015977008944,,,,,,,,,134.1,3.0477272727272724,138,3.1363636363636362,,,,,,,,,,,,,,,,,,,"Genesis Cabrera","17490",650893
"Oscar De La Cruz","CHC",2,2,,5.225806451612903,11,4,0,,,31,,33,19,18,5,14,0,2,28,8.129032258064516,4.064516129032258,2,1.4516129032258065,,,,,1.5161290322580645,,0.7,,,5.052719153127363,0.12380661284215697,,,,,,,,,90.09999999999998,2.906451612903225,98,3.161290322580645,,,,,,,,,,,,,,,,,,,"Oscar De La Cruz","sa737037",642601
"Tyler Erwin","BAL",1,1,,4.7368421052631575,16,0,0,,,19,,20,11,10,2,8,1,1,14,6.631578947368421,3.789473684210526,1.75,0.9473684210526315,,,,,1.4736842105263157,,0.6746031746031746,,,4.529798949392219,0.12338653347965808,,,,,,,,,65,3.4210526315789473,70,3.6842105263157894,,,,,,,,,,,,,,,,,,,"Tyler Erwin","sa918535",670428
"Nolan Blackwood","DET",2,2,,4.5,17,0,0,,,24,,25,13,12,2,11,1,1,17,6.375,4.125,1.5454545454545454,0.75,,,,,1.5,,0.6927710843373494,,,4.380676142374675,0.1219504265209721,,,,,,,,,86.00000000000003,3.5833333333333344,92,3.8333333333333335,,,,,,,,,,,,,,,,,,,"Nolan Blackwood","sa874212",670154
"Graham Spraker","TOR",2,2,,5.5,9,6,0,,,36,,41,23,22,6,13,0,2,21,5.25,3.25,1.6153846153846154,1.5,,,,,1.5,,0.6798245614035088,,,5.464009475708008,0.1216690135574498,,,,,,,,,83.00000000000001,2.305555555555556,99,2.75,,,,,,,,,,,,,,,,,,,"Graham Spraker","sa3004024",676942
"Junior Guerra","ARI",2,2,,4.32,23,0,0.675000011920929,,,25,,22,13,12,3,11,0,1,24,8.64,3.96,2.1818181818181817,1.08,,,,,1.32,,0.6944444444444444,,,4.294009475708008,0.12144358090313229,,,,,,,,,106.27500005960464,4.251000002384186,101.37500005960464,4.055000002384186,,,,,,,,,,,,,,,,,,,"Junior Guerra","5702",448855
"Cody Bolton","PIT",2,3,,5.0625,7,7,0,,,32,,34,19,18,6,13,0,2,28,7.875,3.65625,2.1538461538461537,1.6875,,,,,1.46875,,0.7253886010362695,,,5.307759475708008,0.1212866062052915,,,,,,,,,85.6,2.675,93,2.90625,,,,,,,,,,,,,,,,,,,"Cody Bolton","23265",675989
"Luc Rennie","NYM",2,3,,5.2682926829268295,9,8,0,,,41,,46,25,24,6,17,0,2,26,5.7073170731707314,3.731707317073171,1.5294117647058822,1.3170731707317074,,,,,1.5365853658536586,,0.6959706959706959,,,5.238399719610447,0.12118392262038849,,,,,,,,,105.00000000000001,2.560975609756098,122,2.975609756097561,,,,,,,,,,,,,,,,,,,"Luc Rennie","sa658278",621154
"Jamie Callahan","SFG",1,1,,4.153846153846154,11,0,0,,,13,,12,6,6,1,5,0,0,11,7.615384615384615,3.4615384615384617,2.2,0.6923076923076923,,,,,1.3076923076923077,,0.7051282051282052,,,3.6755479372464697,0.12114345279797713,,,,,,,,,59.7,4.592307692307693,59,4.538461538461538,,,,,,,,,,,,,,,,,,,"Jamie Callahan","14711",621094
"Michael Kohn","LAA",1,1,,4.5,11,0,0,,,10,,8,6,5,1,7,0,0,14,12.6,6.3,2,0.9,,,,,1.5,,0.6617647058823529,,,3.814009475708008,0.12103887954632297,,,,,,,,,47.900000000000006,4.790000000000001,44,4.4,,,,,,,,,,,,,,,,,,,"Michael Kohn","8505",543409
"Jordan Hicks","STL",1,1,,3.6818181818181817,23,0,3.4779999256134033,,,22,,19,10,9,2,11,0,2,24,9.818181818181818,4.5,2.1818181818181817,0.8181818181818182,,,,,1.3636363636363635,,0.7352941176470589,,,3.9867367484352805,0.12079301795394443,,,,,,,,,115.18999962806703,5.235909074003047,110.38999962806702,5.017727255821228,,,,,,,,,,,,,,,,,,,"Jordan Hicks","19618",663855
"Humberto Castellanos","HOU",1,1,,4.333333333333333,13,0,0,,,27,,27,14,13,4,7,0,1,22,7.333333333333333,2.3333333333333335,3.142857142857143,1.3333333333333333,,,,,1.2592592592592593,,0.7042253521126761,,,4.399194660893193,0.1206524856028919,,,,,,,,,100.40000000000002,3.7185185185185192,103,3.814814814814815,,,,,,,,,,,,,,,,,,,"Humberto Castellanos","21183",528748
"Stephen Tarpley","MIA",1,1,,4.5,14,2,0,,,24,,23,13,12,3,13,0,1,24,9,4.875,1.8461538461538463,1.125,,,,,1.5,,0.7232704402515723,,,4.589009475708008,0.1204718211398432,,,,,,,,,86.9,3.6208333333333336,87,3.625,,,,,,,,,,,,,,,,,,,"Stephen Tarpley","15859",605501
"Triston McKenzie","CLE",1,1,,5.571428571428571,4,4,0,,,21,,23,14,13,4,9,0,1,20,8.571428571428571,3.857142857142857,2.2222222222222223,1.7142857142857142,,,,,1.5238095238095237,,0.6818181818181819,,,5.214009475708008,0.12046099737621571,,,,,,,,,56.4,2.6857142857142855,63,3,,,,,,,,,,,,,,,,,,,"Triston McKenzie","18000",663474
"Evan Miller","SDP",1,1,,4.090909090909091,17,0,0,,,22,,21,11,10,2,10,1,1,19,7.7727272727272725,4.090909090909091,1.9,0.8181818181818182,,,,,1.4090909090909092,,0.7092198581560284,,,4.168554930253462,0.11941694004370566,,,,,,,,,88.60000000000002,4.027272727272728,89,4.045454545454546,,,,,,,,,,,,,,,,,,,"Evan Miller","sa915725",670377
"Tommy Eveld","MIA",2,1,,4,16,0,0,,,18,,16,8,8,2,7,0,1,18,9,3.5,2.5714285714285716,1,,,,,1.2777777777777777,,0.7425742574257426,,,3.9917872534857857,0.11940282119487745,,,,,,,,,79.00000000000003,4.38888888888889,76,4.222222222222222,,,,,,,,,,,,,,,,,,,"Tommy Eveld","sa918150",669746
"Juan Nicasio","TEX",1,1,,4.2631578947368425,19,0,0,,,19,,19,10,9,3,7,1,1,20,9.473684210526315,3.3157894736842106,2.857142857142857,1.4210526315789473,,,,,1.368421052631579,,0.7339449541284403,,,4.424535791497481,0.11915973509773649,,,,,,,,,70.29999999999998,3.6999999999999993,72,3.789473684210526,,,,,,,,,,,,,,,,,,,"Juan Nicasio","7731",504379
"Jordan Romano","TOR",2,2,,5.5588235294117645,11,6,0,,,34,,35,23,21,7,16,0,2,32,8.470588235294118,4.235294117647059,2,1.8529411764705883,,,,,1.5,,0.6796116504854368,,,5.596362416884478,0.11886196657970649,,,,,,,,,84.5,2.485294117647059,89,2.6176470588235294,,,,,,,,,,,,,,,,,,,"Jordan Romano","16122",605447
"Jasseel De La Cruz","ATL",3,3,,5.2682926829268295,9,8,0,,,41,,42,25,24,6,23,0,2,33,7.2439024390243905,5.048780487804878,1.434782608695652,1.3170731707317074,,,,,1.5853658536585367,,0.7067137809187279,,,5.335960695220203,0.11867696781666745,,,,,,,,,111.40000000000002,2.717073170731708,118,2.8780487804878048,,,,,,,,,,,,,,,,,,,"Jasseel De La Cruz","sa879559",665600
"Jack Anderson","SEA",1,1,,3.857142857142857,16,0,0,,,21,,21,10,9,2,8,1,1,16,6.857142857142857,3.4285714285714284,2,0.8571428571428571,,,,,1.380952380952381,,0.7251908396946565,,,4.214009475708008,0.11844654115036646,,,,,,,,,81.20000000000002,3.8666666666666676,84,4,,,,,,,,,,,,,,,,,,,"Jack Anderson","sa874072",670443
"Austin Pruitt","HOU",2,2,,5.142857142857143,11,3,0,,,35,,39,21,20,7,9,0,1,29,7.457142857142857,2.3142857142857145,3.2222222222222223,1.8,,,,,1.3714285714285714,,0.706806282722513,,,5.014009475708008,0.11818644826473512,,,,,,,,,99.49999999999997,2.842857142857142,112,3.2,,,,,,,,,,,,,,,,,,,"Austin Pruitt","15290",643493
"Joe Mantiply","NYY",1,1,,4.7368421052631575,13,1,0,,,19,,20,10,10,3,5,0,1,16,7.578947368421052,2.3684210526315788,3.2,1.4210526315789473,,,,,1.3157894736842106,,0.7211538461538461,,,4.529798949392219,0.11805459527346873,,,,,,,,,65.69999999999999,3.4578947368421047,70,3.6842105263157894,,,,,,,,,,,,,,,,,,,"Joe Mantiply","14857",573009
"Jonathan Holder","NYY",1,1,,4.5,19,0,0,,,22,,21,12,11,4,8,0,1,24,9.818181818181818,3.272727272727273,3,1.6363636363636365,,,,,1.3181818181818181,,0.7264957264957266,,,4.623100384798917,0.11744356189182688,,,,,,,,,80.00000000000003,3.6363636363636376,79,3.590909090909091,,,,,,,,,,,,,,,,,,,"Jonathan Holder","16588",656547
"Paul Fry","BAL",2,1,,4.125,23,0,0,,,24,,22,12,11,3,12,0,2,24,9,4.5,2,1.125,,,,,1.4166666666666667,,0.7382550335570469,,,4.589009475708008,0.11716171578424919,,,,,,,,,89.50000000000001,3.7291666666666674,87,3.625,,,,,,,,,,,,,,,,,,,"Paul Fry","15832",643316
"Cody Poteet","MIA",2,3,,5.2,9,9,0,,,45,,50,27,26,7,17,0,3,29,5.8,3.4,1.7058823529411764,1.4,,,,,1.488888888888889,,0.6993006993006993,,,5.280676142374675,0.11715484208694865,,,,,,,,,114.89999999999998,2.553333333333333,132,2.933333333333333,,,,,,,,,,,,,,,,,,,"Cody Poteet","18769",547001
"Damien Magnifico","ARI",1,1,,4.285714285714286,18,0,0,,,21,,19,11,10,1,15,0,1,21,9,6.428571428571429,1.4,0.42857142857142855,,,,,1.619047619047619,,0.705521472392638,,,4.118771380469913,0.11673600592191635,,,,,,,,,87.69999999999999,4.176190476190476,86,4.095238095238095,,,,,,,,,,,,,,,,,,,"Damien Magnifico","13395",571911
"Joe Kuzia","TEX",1,1,,4.5,14,0,0,,,18,,19,10,9,2,7,1,1,14,7,3.5,2,1,,,,,1.4444444444444444,,0.6896551724137931,,,4.43623169793023,0.11636368756912839,,,,,,,,,63.200000000000024,3.5111111111111124,68,3.7777777777777777,,,,,,,,,,,,,,,,,,,"Joe Kuzia","sa3002715",641772
"Zach Lee","OAK",2,3,,5.441860465116279,9,8,0,,,43,,50,28,26,8,14,0,2,29,6.069767441860465,2.9302325581395348,2.0714285714285716,1.6744186046511629,,,,,1.4883720930232558,,0.6818181818181819,,,5.400055987335914,0.11603942170921286,,,,,,,,,99.79999999999998,2.320930232558139,121,2.813953488372093,,,,,,,,,,,,,,,,,,,"Zach Lee","11468",545346
"Steven Wright","BOS",1,1,,5.25,6,3,0,,,24,,25,15,14,4,10,0,1,18,6.75,3.75,1.8,1.5,,,,,1.4583333333333333,,0.6802721088435374,,,5.255676142374675,0.11572072955563584,,,,,,,,,66.40000000000003,2.766666666666668,71,2.9583333333333335,,,,,,,,,,,,,,,,,,,"Steven Wright","8185",453214
"Joe Gatto","LAA",2,3,,5.34375,11,5,0,,,32,,34,20,19,4,20,0,2,24,6.75,5.625,1.2,1.125,,,,,1.6875,,0.7024793388429752,,,5.401509475708008,0.1156360218847473,,,,,,,,,81.20000000000002,2.5375000000000005,90,2.8125,,,,,,,,,,,,,,,,,,,"Joe Gatto","sa828693",656450
"Corbin Clouse","ATL",1,1,,4.235294117647059,13,1,0,,,17,,15,8,8,2,10,0,1,20,10.588235294117647,5.294117647058823,2,1.0588235294117647,,,,,1.4705882352941178,,0.7657657657657658,,,4.331656534531538,0.11510432466099325,,,,,,,,,69.20000000000002,4.070588235294118,66,3.8823529411764706,,,,,,,,,,,,,,,,,,,"Corbin Clouse","sa918605",641462
"Cristian Javier","HOU",2,2,,5.108108108108108,10,7,0,,,37,,33,23,21,7,26,0,2,47,11.432432432432432,6.324324324324325,1.8076923076923077,1.7027027027027026,,,,,1.5945945945945945,,0.7317073170731707,,,5.403198664897197,0.11453478318749682,,,,,,,,,111.89999999999999,3.0243243243243243,104,2.810810810810811,,,,,,,,,,,,,,,,,,,"Cristian Javier","17606",664299
"Miguel Aguilar","ARI",0,0,,4.153846153846154,13,0,0,,,13,,12,6,6,1,6,0,1,13,9,4.153846153846154,2.1666666666666665,0.6923076923076923,,,,,1.3846153846153846,,0.7228915662650601,,,3.8293940910926234,0.1143859300150558,,,,,,,,,57.7,4.438461538461539,57,4.384615384615385,,,,,,,,,,,,,,,,,,,"Miguel Aguilar","19246",620396
"Parker Markel","LAA",1,1,,4.304347826086956,18,0,0,,,23,,20,12,11,3,13,0,1,26,10.173913043478262,5.086956521739131,2,1.173913043478261,,,,,1.434782608695652,,0.7291666666666666,,,4.4748790409254,0.11363040887584988,,,,,,,,,91.30000000000001,3.9695652173913047,86,3.739130434782609,,,,,,,,,,,,,,,,,,,"Parker Markel","12106",571917
"Cristian Alvarado","BAL",2,3,,5.769230769230769,12,5,0,,,39,,46,27,25,9,9,0,2,27,6.230769230769231,2.076923076923077,3,2.076923076923077,,,,,1.4102564102564104,,0.6603773584905661,,,5.67554793724647,0.11342221273150004,,,,,,,,,79.30000000000003,2.033333333333334,99,2.5384615384615383,,,,,,,,,,,,,,,,,,,"Cristian Alvarado","sa657885",622459
"Robert Gsellman","NYM",1,1,,4,23,0,0,,,27,,26,13,12,3,10,1,2,24,8,3.3333333333333335,2.4,1,,,,,1.3333333333333333,,0.7232704402515723,,,4.214009475708008,0.11306675051903911,,,,,,,,,107.3,3.974074074074074,108,4,,,,,,,,,,,,,,,,,,,"Robert Gsellman","13696",607229
"Roel Ramírez","STL",1,1,,4.846153846153846,16,2,0,,,26,,26,15,14,3,13,0,1,23,7.961538461538462,4.5,1.7692307692307692,1.0384615384615385,,,,,1.5,,0.6896551724137931,,,4.560163321861854,0.11306523110519164,,,,,,,,,91.89999999999999,3.5346153846153845,95,3.6538461538461537,,,,,,,,,,,,,,,,,,,"Roel Ramirez","16470",641995
"Wyatt Short","CHC",2,1,,4.090909090909091,17,0,0,,,22,,21,11,10,2,12,0,1,21,8.590909090909092,4.909090909090909,1.75,0.8181818181818182,,,,,1.5,,0.728476821192053,,,4.259464021162554,0.11293466506581105,,,,,,,,,86.60000000000002,3.9363636363636374,87,3.9545454545454546,,,,,,,,,,,,,,,,,,,"Wyatt Short","sa874187",670151
"Stephen Woods Jr.","KCR",2,3,,5.516129032258065,7,6,0,,,31,,33,21,19,3,23,0,2,24,6.967741935483871,6.67741935483871,1.0434782608695652,0.8709677419354839,,,,,1.8064516129032258,,0.6756756756756757,,,5.343041733772524,0.11243573334204432,,,,,,,,,79.69999999999997,2.570967741935483,89,2.870967741935484,,,,,,,,,,,,,,,,,,,"Stephen Woods Jr.","sa737853",642225
"Tony Gonsolin","LAD",2,2,,4.885714285714286,9,8,0,,,35,,35,21,19,7,16,0,2,34,8.742857142857142,4.114285714285714,2.125,1.8,,,,,1.457142857142857,,0.7281553398058251,,,5.414009475708008,0.11234988772478831,,,,,,,,,95.89999999999998,2.7399999999999993,98,2.8,,,,,,,,,,,,,,,,,,,"Tony Gonsolin","19388",664062
"Edward Paredes","LAD",1,1,,4.5,13,0,0,,,12,,11,6,6,1,6,0,1,13,9.75,4.5,2.1666666666666665,0.75,,,,,1.4166666666666667,,0.7051282051282052,,,3.8806761423746745,0.11194678875775027,,,,,,,,,52.90000000000001,4.408333333333334,52,4.333333333333333,,,,,,,,,,,,,,,,,,,"Edward Paredes","4168",487675
"Adonis Uceta","NYM",1,1,,4.5,13,1,0,,,20,,19,10,10,2,10,0,1,18,8.1,4.5,1.8,0.9,,,,,1.45,,0.7251908396946565,,,4.3640094757080075,0.11130348581006053,,,,,,,,,77,3.85,77,3.85,,,,,,,,,,,,,,,,,,,"Adonis Uceta","sa737486",642637
"Wendolyn Bautista","SFG",2,3,,5.2105263157894735,12,6,0,,,38,,41,23,22,6,13,0,2,28,6.631578947368421,3.0789473684210527,2.1538461538461537,1.4210526315789473,,,,,1.4210526315789473,,0.6798245614035088,,,4.97716737044485,0.11084352240052492,,,,,,,,,111.79999999999997,2.942105263157894,123,3.236842105263158,,,,,,,,,,,,,,,,,,,"Wendolyn Bautista","sa737042",642664
"Tyler Stevens","MIA",1,1,,4.125,17,0,0,,,24,,23,12,11,3,9,0,1,23,8.625,3.375,2.5555555555555554,1.125,,,,,1.3333333333333333,,0.7194244604316546,,,4.172342809041341,0.11043143080157154,,,,,,,,,96.9,4.0375000000000005,97,4.041666666666667,,,,,,,,,,,,,,,,,,,"Tyler Stevens","sa915801",676744
"Daniel Zamora","NYM",1,1,,3.7058823529411766,17,0,0,,,17,,14,7,7,2,7,0,1,19,10.058823529411764,3.7058823529411766,2.7142857142857144,1.0588235294117647,,,,,1.2352941176470589,,0.7692307692307693,,,3.9198918286491846,0.11011349698286377,,,,,,,,,78.80000000000001,4.635294117647059,73,4.294117647058823,,,,,,,,,,,,,,,,,,,"Daniel Zamora","17811",623354
"Luis Avilán","NYY",1,1,,3.9375,21,0,0,,,16,,14,7,7,2,7,1,1,17,9.5625,3.9375,2.4285714285714284,1.125,,,,,1.3125,,0.7692307692307693,,,4.214009475708008,0.10984456852357605,,,,,,,,,67.4,4.2125,64,4,,,,,,,,,,,,,,,,,,,"Luis Avilan","2882",501593
"Shea Spitzbarth","LAD",1,1,,3.96,19,0,0,,,25,,22,12,11,4,11,0,1,30,10.8,3.96,2.727272727272727,1.44,,,,,1.32,,0.7664233576642336,,,4.334009475708008,0.10937758739125293,,,,,,,,,102.60000000000001,4.104,97,3.88,,,,,,,,,,,,,,,,,,,"Shea Spitzbarth","18475",665661
"Ben Heller","NYY",1,1,,4.153846153846154,12,1,0,,,13,,11,6,6,2,6,0,1,15,10.384615384615385,4.153846153846154,2.5,1.3846153846153846,,,,,1.3076923076923077,,0.7746478873239437,,,4.5217017834003155,0.10916813407882624,,,,,,,,,51.99999999999999,3.9999999999999996,48,3.6923076923076925,,,,,,,,,,,,,,,,,,,"Ben Heller","15100",621294
"Harol González","NYM",3,4,,5.282608695652174,9,9,0,,,46,,51,29,27,8,16,1,3,32,6.260869565217392,3.130434782608696,2,1.565217391304348,,,,,1.4565217391304348,,0.6810035842293907,,,5.322705127881921,0.10906533278406917,,,,,,,,,116.40000000000003,2.5304347826086966,133,2.891304347826087,,,,,,,,,,,,,,,,,,,"Harol Gonzalez","sa828505",656083
"Brett Graves","MIA",1,2,,4.846153846153846,13,2,0,,,26,,26,15,14,3,13,0,1,22,7.615384615384615,4.5,1.6923076923076923,1.0384615384615385,,,,,1.5,,0.6896551724137931,,,4.637086398784931,0.10845682085266412,,,,,,,,,89.89999999999999,3.4576923076923074,93,3.576923076923077,,,,,,,,,,,,,,,,,,,"Brett Graves","16218",605255
"Justin Miller","TOR",1,1,,4.5,15,0,0,,,16,,15,8,8,3,4,0,1,17,9.5625,2.25,4.25,1.6875,,,,,1.1875,,0.7432432432432432,,,4.464009475708008,0.10842611530541167,,,,,,,,,61.5,3.84375,60,3.75,,,,,,,,,,,,,,,,,,,"Justin Miller","8580",502522
"Tommy Romero","TBR",3,3,,5.2682926829268295,9,8,0,,,41,,44,25,24,6,20,0,3,31,6.804878048780488,4.390243902439025,1.55,1.3170731707317074,,,,,1.5609756097560976,,0.7014388489208633,,,5.287180207415325,0.10833783153307985,,,,,,,,,108.20000000000002,2.639024390243903,120,2.926829268292683,,,,,,,,,,,,,,,,,,,"Tommy Romero","23465",676720
"Jake Reed","MIN",1,1,,4.68,16,0,0,,,25,,24,14,13,3,13,1,1,25,9,4.68,1.9230769230769231,1.08,,,,,1.48,,0.701219512195122,,,4.454009475708008,0.10814848440123398,,,,,,,,,93.69999999999999,3.7479999999999993,94,3.76,,,,,,,,,,,,,,,,,,,"Jake Reed","16209",596082
"Phillip Diehl","COL",1,1,,4.5,20,0,0,,,26,,25,14,13,4,10,0,1,26,9,3.4615384615384617,2.6,1.3846153846153846,,,,,1.3461538461538463,,0.7142857142857143,,,4.483240244938777,0.10801151604575766,,,,,,,,,97.19999999999999,3.738461538461538,97,3.730769230769231,,,,,,,,,,,,,,,,,,,"Phillip Diehl","20030",670426
"Justin Dillon","TOR",2,3,,5.684210526315789,9,7,0,,,38,,45,26,24,7,14,0,2,25,5.921052631578948,3.3157894736842106,1.7857142857142858,1.6578947368421053,,,,,1.5526315789473684,,0.6707317073170731,,,5.556114738865903,0.10797563452738897,,,,,,,,,80.09999999999997,2.107894736842104,101,2.6578947368421053,,,,,,,,,,,,,,,,,,,"Justin Dillon","sa659283",623471
"Anthony Castro","DET",1,2,,5.447368421052632,10,7,0,,,38,,40,25,23,5,25,0,2,30,7.105263157894737,5.921052631578948,1.2,1.1842105263157894,,,,,1.7105263157894737,,0.6896551724137931,,,5.47716737044485,0.1074230536087093,,,,,,,,,94.69999999999999,2.4921052631578946,104,2.736842105263158,,,,,,,,,,,,,,,,,,,"Anthony Castro","19789",621593
"Clarke Schmidt","NYY",2,2,,5.1,7,7,0,,,30,,31,18,17,6,13,0,2,26,7.8,3.9,2,1.8,,,,,1.4666666666666666,,0.7303370786516854,,,5.580676142374674,0.10708961847092441,,,,,,,,,74.59999999999998,2.486666666666666,79,2.6333333333333333,,,,,,,,,,,,,,,,,,,"Clarke Schmidt","19899",657376
"Joey Gerber","SEA",1,1,,4.235294117647059,16,0,0,,,17,,15,8,8,2,9,0,1,20,10.588235294117647,4.764705882352941,2.2222222222222223,1.0588235294117647,,,,,1.411764705882353,,0.7547169811320755,,,4.1551859462962435,0.10687438761064252,,,,,,,,,72.20000000000002,4.247058823529413,69,4.0588235294117645,,,,,,,,,,,,,,,,,,,"Joey Gerber","24591",680702
"Brandon Brennan","SEA",2,2,,4.285714285714286,19,0,0.6399999856948853,,,21,,20,11,10,2,11,1,1,21,9,4.714285714285714,1.9090909090909092,0.8571428571428571,,,,,1.4761904761904763,,0.7092198581560284,,,4.1663904280889605,0.10632441787908369,,,,,,,,,87.99999992847444,4.190476187070211,88.19999992847443,4.199999996594021,,,,,,,,,,,,,,,,,,,"Brandon Brennan","13527",592165
"Ryan Meisinger","STL",1,1,,4.05,13,1,0,,,20,,18,10,9,3,7,0,1,20,9,3.15,2.857142857142857,1.35,,,,,1.25,,0.7211538461538461,,,4.3640094757080075,0.1063100019315018,,,,,,,,,80.29999999999998,4.014999999999999,77,3.85,,,,,,,,,,,,,,,,,,,"Ryan Meisinger","18105",664682
"Alex Reyes","STL",1,1,,5,6,4,0,,,18,,16,10,10,2,13,0,1,20,10,6.5,1.5384615384615385,1,,,,,1.6111111111111112,,0.7251908396946565,,,4.769565031263563,0.10583461713887893,,,,,,,,,65.00000000000003,3.6111111111111125,62,3.4444444444444446,,,,,,,,,,,,,,,,,,,"Alex Reyes","15015",621052
"Chris Lee","MIL",1,1,,4.875,7,2,0,,,24,,24,14,13,3,12,0,1,18,6.75,4.5,1.5,1.125,,,,,1.5,,0.6918238993710691,,,4.964009475708008,0.10565143075732134,,,,,,,,,75.30000000000001,3.1375000000000006,78,3.25,,,,,,,,,,,,,,,,,,,"Chris Lee","sa550044",595296
"Joey Murray","TOR",3,4,,5.282608695652174,10,9,0,,,46,,48,29,27,9,22,0,3,40,7.826086956521739,4.304347826086956,1.8181818181818181,1.7608695652173914,,,,,1.5217391304347827,,0.7142857142857143,,,5.64879208440366,0.10472672678112727,,,,,,,,,109.90000000000003,2.3891304347826092,118,2.5652173913043477,,,,,,,,,,,,,,,,,,,"Joey Murray","sa3007234",680765
"Hunter Wood","CLE",1,1,,4.285714285714286,22,0,0.6579999923706055,,,21,,21,11,10,3,9,0,1,22,9.428571428571429,3.857142857142857,2.4444444444444446,1.2857142857142858,,,,,1.4285714285714286,,0.7364341085271318,,,4.404485666184199,0.10465417293398087,,,,,,,,,81.18999996185303,3.866190474373954,83.28999996185303,3.9661904743739536,,,,,,,,,,,,,,,,,,,"Hunter Wood","15091",621056
"Tommy Hunter","PHI",1,1,,3.9375,16,0,0.6060000061988831,,,16,,16,7,7,2,4,0,1,13,7.3125,2.25,3.25,1.125,,,,,1.25,,0.7558139534883721,,,4.151509475708008,0.10389746481333303,,,,,,,,,66.23000003099443,4.139375001937152,68.03000003099442,4.251875001937151,,,,,,,,,,,,,,,,,,,"Tommy Hunter","1157",488984
"Brooks Kriske","NYY",1,1,,4.2631578947368425,15,0,0,,,19,,17,10,9,2,12,1,1,21,9.947368421052632,5.684210526315789,1.75,0.9473684210526315,,,,,1.5263157894736843,,0.7251908396946565,,,4.424535791497481,0.10329732715594407,,,,,,,,,74.8,3.9368421052631577,72,3.789473684210526,,,,,,,,,,,,,,,,,,,"Brooks Kriske","21189",621139
"Sam Gaviglio","TOR",1,1,,4.5,21,0,0,,,30,,30,16,15,5,8,0,1,26,7.8,2.4,3.25,1.5,,,,,1.2666666666666666,,0.7096774193548387,,,4.547342809041341,0.10275796759508941,,,,,,,,,107.5,3.5833333333333335,110,3.6666666666666665,,,,,,,,,,,,,,,,,,,"Sam Gaviglio","12778",543208
"Andres Sotillet","KCR",2,2,,5.142857142857143,11,4,0,,,35,,40,21,20,5,14,0,2,22,5.6571428571428575,3.6,1.5714285714285714,1.2857142857142858,,,,,1.542857142857143,,0.7021276595744681,,,5.1854380471365795,0.10242010782966969,,,,,,,,,89.5,2.557142857142857,106,3.0285714285714285,,,,,,,,,,,,,,,,,,,"Andres Sotillet","sa917861",666005
"Tyler Rogers","SFG",1,1,,3.8076923076923075,22,0,1.149999976158142,,,26,,25,12,11,2,11,1,1,20,6.923076923076923,3.8076923076923075,1.8181818181818181,0.6923076923076923,,,,,1.3846153846153846,,0.7228915662650601,,,4.060163321861854,0.10224599872983892,,,,,,,,,112.54999988079072,4.328846149261182,113.74999988079071,4.374999995415028,,,,,,,,,,,,,,,,,,,"Tyler Rogers","15541",643511
"David Hernandez","WSN",1,1,,4.7368421052631575,20,0,0,,,19,,19,10,10,3,7,1,1,20,9.473684210526315,3.3157894736842106,2.857142857142857,1.4210526315789473,,,,,1.368421052631579,,0.7339449541284403,,,4.424535791497481,0.10185526055216726,,,,,,,,,70.29999999999998,3.6999999999999993,72,3.789473684210526,,,,,,,,,,,,,,,,,,,"David Hernandez","4259",456696
"Roenis Elías","WSN",1,2,,5.4,13,3,0,,,25,,27,16,15,4,11,0,1,20,7.2,3.96,1.8181818181818181,1.44,,,,,1.52,,0.6790123456790124,,,5.134009475708008,0.10164876997421507,,,,,,,,,69.60000000000001,2.7840000000000003,77,3.08,,,,,,,,,,,,,,,,,,,"Roenis Elias","12673",606273
"José Ureña","MIA",1,1,,4.125,24,0,0,,,24,,23,11,11,3,7,1,1,20,7.5,2.625,2.857142857142857,1.125,,,,,1.25,,0.7364341085271318,,,4.172342809041341,0.10132190835664447,,,,,,,,,96.9,4.0375000000000005,97,4.041666666666667,,,,,,,,,,,,,,,,,,,"Jose Urena","11589",570632
"Yohan Ramírez","SEA",2,3,,5.142857142857143,10,5,0,,,35,,31,22,20,4,31,0,2,40,10.285714285714286,7.9714285714285715,1.2903225806451613,1.0285714285714285,,,,,1.7714285714285714,,0.7092198581560284,,,5.2425809042794365,0.10114620670994402,,,,,,,,,110.2,3.1485714285714286,104,2.9714285714285715,,,,,,,,,,,,,,,,,,,"Yohan Ramirez","19444",670990
"Zack Erwin","OAK",2,3,,5.34375,11,4,0,,,32,,36,20,19,5,12,1,2,23,6.46875,3.375,1.9166666666666667,1.40625,,,,,1.5,,0.6829268292682927,,,5.120259475708008,0.10101638212420615,,,,,,,,,85.7,2.678125,99,3.09375,,,,,,,,,,,,,,,,,,,"Zack Erwin","sa857605",664116
"Bennett Sousa","CHW",2,2,,4.125,17,0,0,,,24,,25,12,11,4,6,0,1,20,7.5,2.25,3.3333333333333335,1.5,,,,,1.2916666666666667,,0.7480314960629921,,,4.589009475708008,0.10057216138813063,,,,,,,,,82.40000000000003,3.433333333333335,87,3.625,,,,,,,,,,,,,,,,,,,"Bennett Sousa","21345",656986
"Justin Nicolino","CHW",2,3,,5.74468085106383,9,8,0,,,47,,56,32,30,10,14,1,2,29,5.553191489361702,2.6808510638297873,2.0714285714285716,1.9148936170212767,,,,,1.4893617021276595,,0.6785714285714286,,,5.76720096506971,0.10039321862239446,,,,,,,,,89.20000000000002,1.8978723404255322,115,2.4468085106382977,,,,,,,,,,,,,,,,,,,"Justin Nicolino","11754",592593
"Jordan Guerrero","SDP",1,1,,4.5,14,0,0,,,18,,17,9,9,1,11,1,1,16,8,5.5,1.4545454545454546,0.5,,,,,1.5555555555555556,,0.7142857142857143,,,4.158453920152453,0.0997202335967424,,,,,,,,,72.70000000000002,4.03888888888889,73,4.055555555555555,,,,,,,,,,,,,,,,,,,"Jordan Guerrero","sa875153",663910
"Jordan Holloway","MIA",2,3,,5.225806451612903,8,8,0,,,31,,30,19,18,3,23,0,2,26,7.548387096774194,6.67741935483871,1.1304347826086956,0.8709677419354839,,,,,1.7096774193548387,,0.6967213114754098,,,5.214009475708008,0.0996176621334383,,,,,,,,,91.49999999999997,2.9516129032258056,93,3,,,,,,,,,,,,,,,,,,,"Jordan Holloway","20631",656548
"Brock Stewart","CHC",2,2,,5.181818181818182,8,6,0,,,33,,35,20,19,6,14,0,1,28,7.636363636363637,3.8181818181818183,2,1.6363636363636365,,,,,1.4848484848484849,,0.7142857142857143,,,5.244312506011038,0.0984556590111119,,,,,,,,,90.40000000000003,2.7393939393939406,98,2.9696969696969697,,,,,,,,,,,,,,,,,,,"Brock Stewart","16727",592779
"Yeizo Campos","NYM",1,1,,4.285714285714286,10,1,0,,,21,,21,11,10,3,7,0,1,18,7.714285714285714,3,2.5714285714285716,1.2857142857142858,,,,,1.3333333333333333,,0.7142857142857143,,,4.499723761422294,0.09838413173528275,,,,,,,,,75.9,3.6142857142857148,78,3.7142857142857144,,,,,,,,,,,,,,,,,,,"Yeizo Campos","sa919234",668560
"Nick Ramirez","DET",2,2,,4.655172413793103,16,1,0,,,29,,29,16,15,4,13,1,1,24,7.448275862068965,4.0344827586206895,1.8461538461538463,1.2413793103448276,,,,,1.4482758620689655,,0.7142857142857143,,,4.800216372259732,0.09829952262997314,,,,,,,,,96.00000000000003,3.3103448275862077,99,3.413793103448276,,,,,,,,,,,,,,,,,,,"Nick Ramirez","12575",598286
"Shelby Miller","MIL",1,2,,5.516129032258065,9,6,0,,,31,,34,20,19,5,16,0,1,27,7.838709677419355,4.645161290322581,1.6875,1.4516129032258065,,,,,1.6129032258064515,,0.6976744186046512,,,5.214009475708008,0.09827438308033974,,,,,,,,,82.49999999999997,2.661290322580644,93,3,,,,,,,,,,,,,,,,,,,"Shelby Miller","10197",571946
"Ian McKinney","SEA",3,3,,5.2,10,9,0,,,45,,45,28,26,7,27,0,3,40,8,5.4,1.4814814814814814,1.4,,,,,1.6,,0.7073954983922829,,,5.4584539201524525,0.09801475184167914,,,,,,,,,119.89999999999998,2.664444444444444,124,2.7555555555555555,,,,,,,,,,,,,,,,,,,"Ian McKinney","sa738318",641855
"Joe Smith","HOU",1,1,,3.857142857142857,16,0,0,,,14,,13,6,6,2,4,0,1,13,8.357142857142858,2.5714285714285716,3.25,1.2857142857142858,,,,,1.2142857142857142,,0.7746478873239437,,,4.285438047136579,0.0979328377364976,,,,,,,,,56.200000000000024,4.014285714285716,55,3.9285714285714284,,,,,,,,,,,,,,,,,,,"Joe Smith","3281",501925
"Trey Wingenter","SDP",1,1,,4.5,21,0,0,,,20,,16,10,10,3,12,0,1,29,13.05,5.4,2.4166666666666665,1.35,,,,,1.4,,0.7563025210084033,,,4.214009475708008,0.09760078520625992,,,,,,,,,88.5,4.425,80,4,,,,,,,,,,,,,,,,,,,"Trey Wingenter","17793",622259
"Jimmy Herget","TEX",1,1,,5.086956521739131,20,0,0,,,23,,22,13,13,3,14,0,1,24,9.391304347826088,5.478260869565218,1.7142857142857142,1.173913043478261,,,,,1.565217391304348,,0.7232704402515723,,,4.779226867012356,0.09759297261098206,,,,,,,,,79.10000000000001,3.439130434782609,79,3.4347826086956523,,,,,,,,,,,,,,,,,,,"Jimmy Herget","17556",623474
"Randall Delgado","NYY",1,1,,4.95,9,3,0,,,20,,21,12,11,4,7,0,0,17,7.65,3.15,2.4285714285714284,1.8,,,,,1.4,,0.7142857142857143,,,5.164009475708008,0.09688292015297416,,,,,,,,,57.199999999999996,2.86,61,3.05,,,,,,,,,,,,,,,,,,,"Randall Delgado","5985",517414
"Oliver Pérez","CLE",1,1,,4.153846153846154,21,0,0,,,13,,11,6,6,2,4,1,1,15,10.384615384615385,2.769230769230769,3.75,1.3846153846153846,,,,,1.1538461538461537,,0.7377049180327869,,,4.060163321861854,0.0968328531586245,,,,,,,,,57.99999999999999,4.461538461538461,54,4.153846153846154,,,,,,,,,,,,,,,,,,,"Oliver Perez","1514",424144
"Justin Shafer","CIN",1,1,,4.68,21,0,0,,,25,,24,14,13,3,13,1,1,23,8.28,4.68,1.7692307692307692,1.08,,,,,1.48,,0.701219512195122,,,4.6140094757080075,0.09662564619358285,,,,,,,,,89.69999999999999,3.5879999999999996,90,3.6,,,,,,,,,,,,,,,,,,,"Justin Shafer","16132",596101
"James Bourque","WSN",1,1,,4.304347826086956,18,0,0,,,23,,21,12,11,3,13,0,1,28,10.956521739130435,5.086956521739131,2.1538461538461537,1.173913043478261,,,,,1.4782608695652173,,0.7382550335570469,,,4.300965997447138,0.09647563345752373,,,,,,,,,92.70000000000002,4.030434782608697,90,3.9130434782608696,,,,,,,,,,,,,,,,,,,"James Bourque","16668",630263
"Casey Sadler","CHC",1,1,,3.8076923076923075,16,1,0,,,26,,25,12,11,4,7,1,2,21,7.269230769230769,2.423076923076923,3,1.3846153846153846,,,,,1.2307692307692308,,0.7575757575757576,,,4.637086398784931,0.09640492315504963,,,,,,,,,93.19999999999999,3.5846153846153843,93,3.576923076923077,,,,,,,,,,,,,,,,,,,"Casey Sadler","11209",594987
"Wei-Chung Wang","PIT",1,2,,4.935483870967742,14,3,0,,,31,,33,18,17,5,12,0,1,23,6.67741935483871,3.4838709677419355,1.9166666666666667,1.4516129032258065,,,,,1.4516129032258065,,0.7105263157894737,,,5.084977217643492,0.09555669049406063,,,,,,,,,89.09999999999998,2.874193548387096,97,3.129032258064516,,,,,,,,,,,,,,,,,,,"Wei-Chung Wang","14382",623913
"Mike Dunn","COL",0,0,,5.4,14,0,0,,,10,,10,6,6,1,5,0,0,9,8.1,4.5,1.8,0.9,,,,,1.5,,0.6617647058823529,,,4.214009475708008,0.0954688936530953,,,,,,,,,38.7,3.87,40,4,,,,,,,,,,,,,,,,,,,"Mike Dunn","9948",445197
"Luke Leftwich","PHI",1,1,,4.5,14,0,0,,,20,,18,10,10,3,10,0,1,24,10.8,4.5,2.4,1.35,,,,,1.4,,0.7563025210084033,,,4.414009475708008,0.09528094890316456,,,,,,,,,79.29999999999998,3.964999999999999,76,3.8,,,,,,,,,,,,,,,,,,,"Luke Leftwich","sa857567",663398
"Adonis Medina","PHI",2,3,,5.684210526315789,8,8,0,,,38,,41,26,24,7,18,0,2,30,7.105263157894737,4.2631578947368425,1.6666666666666667,1.6578947368421053,,,,,1.5526315789473684,,0.6707317073170731,,,5.608746317813271,0.09505774778512788,,,,,,,,,88.49999999999996,2.3289473684210513,99,2.6052631578947367,,,,,,,,,,,,,,,,,,,"Adonis Medina","19903",658431
"Daniel Hudson","WSN",2,1,,4.714285714285714,22,0,5.447999954223633,,,21,,21,11,11,3,9,1,1,21,9,3.857142857142857,2.3333333333333335,1.2857142857142858,,,,,1.4285714285714286,,0.7364341085271318,,,4.499723761422294,0.09487128288647431,,,,,,,,,103.13999977111817,4.911428560529437,105.23999977111816,5.011428560529437,,,,,,,,,,,,,,,,,,,"Daniel Hudson","7146",543339
"Erasmo Ramírez","NYM",2,3,,4.95,10,7,0,,,40,,43,24,22,7,12,0,2,28,6.3,2.7,2.3333333333333335,1.575,,,,,1.375,,0.6858407079646017,,,5.139009475708008,0.09451305098615026,,,,,,,,,112.09999999999998,2.8024999999999993,123,3.075,,,,,,,,,,,,,,,,,,,"Erasmo Ramirez","10314",541640
"Drew Anderson","CHW",1,2,,5.7,7,6,0,,,30,,31,21,19,6,15,1,2,26,7.8,4.5,1.7333333333333334,1.8,,,,,1.5333333333333334,,0.6648936170212766,,,5.780676142374675,0.09434033950908532,,,,,,,,,68.59999999999998,2.286666666666666,73,2.433333333333333,,,,,,,,,,,,,,,,,,,"Drew Anderson","15130",623454
"Dan Winkler","CHC",1,1,,4.7368421052631575,21,0,0,,,19,,17,10,10,2,11,0,1,19,9,5.2105263157894735,1.7272727272727273,0.9473684210526315,,,,,1.4736842105263157,,0.7142857142857143,,,4.47716737044485,0.09384068193506769,,,,,,,,,73.8,3.884210526315789,71,3.736842105263158,,,,,,,,,,,,,,,,,,,"Dan Winkler","12237",595465
"Aaron Loup","TBR",0,0,,3.272727272727273,14,0,0,,,11,,10,5,4,1,4,0,1,11,9,3.272727272727273,2.75,0.8181818181818182,,,,,1.2727272727272727,,0.7142857142857143,,,3.7594640211625534,0.09377502700881268,,,,,,,,,50.10000000000001,4.554545454545456,49,4.454545454545454,,,,,,,,,,,,,,,,,,,"Aaron Loup","10343",571901
"Richard Rodríguez","PIT",2,1,,3.96,24,0,0.6449999809265137,,,25,,24,12,11,4,9,1,1,26,9.36,3.24,2.888888888888889,1.44,,,,,1.32,,0.7664233576642336,,,4.414009475708008,0.09372760606136835,,,,,,,,,98.62499990463257,3.944999996185303,98.22499990463257,3.928999996185303,,,,,,,,,,,,,,,,,,,"Richard Rodriguez","13549",593144
"Ryan Eades","BAL",1,1,,5.538461538461538,10,3,0,,,26,,28,17,16,5,11,0,1,21,7.269230769230769,3.8076923076923075,1.9090909090909092,1.7307692307692308,,,,,1.5,,0.6875,,,5.483240244938777,0.09288973747256205,,,,,,,,,64.10000000000001,2.4653846153846155,71,2.730769230769231,,,,,,,,,,,,,,,,,,,"Ryan Eades","14808",592280
"Alex Powers","CIN",1,1,,4.5,15,0,0,,,18,,16,9,9,3,8,0,1,22,11,4,2.75,1.5,,,,,1.3333333333333333,,0.7575757575757576,,,4.43623169793023,0.09276729793948765,,,,,,,,,71.70000000000002,3.9833333333333343,68,3.7777777777777777,,,,,,,,,,,,,,,,,,,"Alex Powers","sa621533",641988
"Donn Roach","CHW",2,3,,5.594594594594595,7,7,0,,,37,,43,25,23,7,13,0,2,21,5.108108108108108,3.1621621621621623,1.6153846153846154,1.7027027027027026,,,,,1.5135135135135136,,0.6709956709956709,,,5.754550016248548,0.09273426648299972,,,,,,,,,72.89999999999999,1.9702702702702701,91,2.4594594594594597,,,,,,,,,,,,,,,,,,,"Donn Roach","10620",543698
"Bud Norris","PHI",1,1,,4.2,17,0,1.2120000123977661,,,15,,14,8,7,2,7,1,1,17,10.2,4.2,2.4285714285714284,1.2,,,,,1.4,,0.7142857142857143,,,4.280676142374674,0.09272733204868541,,,,,,,,,66.06000006198883,4.404000004132588,65.06000006198883,4.337333337465922,,,,,,,,,,,,,,,,,,,"Bud Norris","9492",502032
"Blake Weiman","PIT",1,1,,3.7058823529411766,12,0,0,,,17,,16,8,7,2,6,0,1,15,7.9411764705882355,3.176470588235294,2.5,1.0588235294117647,,,,,1.2941176470588236,,0.7291666666666667,,,4.214009475708008,0.09247272066615578,,,,,,,,,68.60000000000002,4.0352941176470605,68,4,,,,,,,,,,,,,,,,,,,"Blake Weiman","20257",676620
"Kyle Barraclough","SDP",1,1,,4.05,23,0,0,,,20,,16,10,9,2,14,1,1,26,11.7,6.3,1.8571428571428572,0.9,,,,,1.5,,0.7352941176470589,,,4.164009475708008,0.09193434696197636,,,,,,,,,88.80000000000001,4.44,81,4.05,,,,,,,,,,,,,,,,,,,"Kyle Barraclough","13713",607457
"Nate Jones","CIN",1,1,,4.090909090909091,12,0,0,,,11,,10,5,5,1,5,1,1,11,9,4.090909090909091,2.2,0.8181818181818182,,,,,1.3636363636363635,,0.7352941176470589,,,4.032191293889826,0.0919017162840569,,,,,,,,,47.10000000000001,4.281818181818182,46,4.181818181818182,,,,,,,,,,,,,,,,,,,"Nate Jones","4696",518858
"Tyler Gilbert","LAD",1,1,,4.5,16,0,0,,,20,,20,11,10,3,6,0,1,19,8.55,2.7,3.1666666666666665,1.35,,,,,1.3,,0.6880733944954128,,,4.3140094757080085,0.09186057291209991,,,,,,,,,76.1,3.8049999999999997,78,3.9,,,,,,,,,,,,,,,,,,,"Tyler Gilbert","17964",656457
"Gabe Speier","KCR",1,1,,4.846153846153846,20,0,0,,,26,,26,15,14,3,13,1,1,22,7.615384615384615,4.5,1.6923076923076923,1.0384615384615385,,,,,1.5,,0.6896551724137931,,,4.637086398784931,0.09174301344108089,,,,,,,,,89.89999999999999,3.4576923076923074,93,3.576923076923077,,,,,,,,,,,,,,,,,,,"Gabe Speier","17170",642100
"Josh Lucas","WSN",1,1,,5,14,0,0,,,18,,19,10,10,2,8,0,1,16,8,4,2,1,,,,,1.5,,0.7024793388429752,,,4.380676142374675,0.09170864243845375,,,,,,,,,64.20000000000002,3.5666666666666678,69,3.8333333333333335,,,,,,,,,,,,,,,,,,,"Josh Lucas","11686",572998
"Kyle Ryan","CHC",1,1,,4.285714285714286,25,0,0,,,21,,20,11,10,2,11,1,1,20,8.571428571428571,4.714285714285714,1.8181818181818181,0.8571428571428571,,,,,1.4761904761904763,,0.7092198581560284,,,4.261628523327055,0.09150598307205317,,,,,,,,,82.80000000000001,3.9428571428571435,83,3.9523809523809526,,,,,,,,,,,,,,,,,,,"Kyle Ryan","11753",594986
"Jason Hursh","ATL",1,1,,4.5,16,0,0,,,20,,20,11,10,1,11,1,1,14,6.3,4.95,1.2727272727272727,0.45,,,,,1.55,,0.6756756756756757,,,4.264009475708008,0.09149732679715673,,,,,,,,,75.7,3.785,79,3.95,,,,,,,,,,,,,,,,,,,"Jason Hursh","14914",592422
"Jonathan Hernández","TEX",3,3,,5.85,11,7,0,,,40,,44,28,26,7,23,0,2,34,7.65,5.175,1.4782608695652173,1.575,,,,,1.675,,0.6818181818181818,,,5.664009475708008,0.09145356349771033,,,,,,,,,88.49999999999997,2.2124999999999995,102,2.55,,,,,,,,,,,,,,,,,,,"Jonathan Hernandez","17464",642546
"Phillips Valdez","SEA",1,2,,5.2105263157894735,12,6,0,,,38,,41,23,22,6,17,0,2,30,7.105263157894737,4.026315789473684,1.7647058823529411,1.4210526315789473,,,,,1.5263157894736843,,0.7056451612903225,,,5.187693686234324,0.0911112136244157,,,,,,,,,103.79999999999997,2.7315789473684204,115,3.026315789473684,,,,,,,,,,,,,,,,,,,"Phillips Valdez","15605",570488
"Matt Peacock","ARI",2,2,,5.25,9,7,0,,,36,,39,22,21,5,17,0,2,24,6,4.25,1.411764705882353,1.25,,,,,1.5555555555555556,,0.6938775510204082,,,5.269565031263563,0.09053411071371958,,,,,,,,,94.50000000000003,2.625000000000001,106,2.9444444444444446,,,,,,,,,,,,,,,,,,,"Matt Peacock","20339",676840
"Matt Bush","TEX",1,1,,4.2,15,0,0,,,15,,14,7,7,2,6,0,1,14,8.4,3.6,2.3333333333333335,1.2,,,,,1.3333333333333333,,0.7558139534883721,,,4.480676142374675,0.09004686539880095,,,,,,,,,57.00000000000001,3.8000000000000003,56,3.7333333333333334,,,,,,,,,,,,,,,,,,,"Matt Bush","1246",456713
"Ryan Merritt","TBR",2,2,,4.885714285714286,9,5,0,,,35,,40,21,19,7,7,0,1,23,5.914285714285715,1.8,3.2857142857142856,1.8,,,,,1.3428571428571427,,0.6989247311827956,,,5.1854380471365795,0.088567227525039,,,,,,,,,90.89999999999998,2.5971428571428565,106,3.0285714285714285,,,,,,,,,,,,,,,,,,,"Ryan Merritt","13688",607320
"Tim Hill","KCR",1,1,,4.090909090909091,23,0,0,,,22,,22,11,10,3,8,0,1,20,8.181818181818182,3.272727272727273,2.5,1.2272727272727273,,,,,1.3636363636363635,,0.7364341085271318,,,4.39582765752619,0.08849986344602451,,,,,,,,,81.7,3.713636363636364,84,3.8181818181818183,,,,,,,,,,,,,,,,,,,"Tim Hill","16814",657612
"Adam Warren","NYY",1,1,,4.2,14,0,0,,,15,,14,8,7,2,6,0,0,14,8.4,3.6,2.3333333333333335,1.2,,,,,1.3333333333333333,,0.6976744186046512,,,4.280676142374674,0.08848789778270845,,,,,,,,,60.00000000000001,4.000000000000001,59,3.933333333333333,,,,,,,,,,,,,,,,,,,"Adam Warren","9029",476589
"Aaron Northcraft","MIA",1,2,,4.666666666666667,11,3,0,,,27,,27,16,14,4,12,0,1,23,7.666666666666667,4,1.9166666666666667,1.3333333333333333,,,,,1.4444444444444444,,0.688622754491018,,,4.880676142374675,0.08789569623103607,,,,,,,,,87.40000000000002,3.237037037037038,90,3.3333333333333335,,,,,,,,,,,,,,,,,,,"Aaron Northcraft","10218",573062
"Jason Vargas","PHI",2,3,,5.7272727272727275,9,9,0,,,44,,48,30,28,10,18,0,2,37,7.568181818181818,3.6818181818181817,2.0555555555555554,2.0454545454545454,,,,,1.5,,0.6923076923076923,,,5.850373112071644,0.08781573367382484,,,,,,,,,91.80000000000001,2.0863636363636364,104,2.3636363636363638,,,,,,,,,,,,,,,,,,,"Jason Vargas","8044",450306
"Tommy Milone","BAL",2,3,,5.8,10,5,0,,,45,,52,31,29,12,11,1,1,37,7.4,2.2,3.3636363636363638,2.4,,,,,1.4,,0.6926406926406926,,,5.836231697930231,0.0874090634773584,,,,,,,,,88.19999999999996,1.959999999999999,107,2.3777777777777778,,,,,,,,,,,,,,,,,,,"Tommy Milone","7608",543548
"Zach Duke","CIN",1,1,,4.5,16,0,0,,,12,,11,6,6,1,6,1,1,11,8.25,4.5,1.8333333333333333,0.75,,,,,1.4166666666666667,,0.7051282051282052,,,4.214009475708008,0.08648011159159,,,,,,,,,48.90000000000001,4.075000000000001,48,4,,,,,,,,,,,,,,,,,,,"Zach Duke","3840",435043
"Kurt Hoekstra","ATL",1,1,,4.5,14,1,0,,,22,,20,12,11,2,15,0,1,22,9,6.136363636363637,1.4666666666666666,0.8181818181818182,,,,,1.5909090909090908,,0.7142857142857142,,,4.577645839344371,0.08595797905518802,,,,,,,,,82.20000000000002,3.736363636363637,80,3.6363636363636362,,,,,,,,,,,,,,,,,,,"Kurt Hoekstra","sa875296",664940
"Travis Lakins","BAL",1,1,,5.04,17,3,0,,,25,,27,16,14,4,12,0,1,20,7.2,4.32,1.6666666666666667,1.44,,,,,1.56,,0.688622754491018,,,5.254009475708008,0.0844075939949345,,,,,,,,,66.60000000000001,2.664,74,2.96,,,,,,,,,,,,,,,,,,,"Travis Lakins","18600",664042
"Vince Arobio","CHW",2,2,,4.5,14,0,0,,,22,,21,12,11,3,11,0,1,22,9,4.5,2,1.2272727272727273,,,,,1.4545454545454546,,0.7194244604316546,,,4.623100384798917,0.08436156884380466,,,,,,,,,79.30000000000001,3.604545454545455,79,3.590909090909091,,,,,,,,,,,,,,,,,,,"Vince Arobio","sa918614",668879
"Scott Boches","SEA",2,2,,4.8,15,1,0,,,30,,30,17,16,4,13,1,2,26,7.8,3.9,2,1.2,,,,,1.4333333333333333,,0.6951871657754011,,,4.714009475708008,0.0839561597502217,,,,,,,,,101.80000000000001,3.3933333333333335,105,3.5,,,,,,,,,,,,,,,,,,,"Scott Boches","sa3004022",676890
"Demarcus Evans","TEX",1,1,,4.2631578947368425,17,0,0,,,19,,14,10,9,2,18,1,1,28,13.263157894736842,8.526315789473685,1.5555555555555556,0.9473684210526315,,,,,1.6842105263157894,,0.7534246575342466,,,4.635062107286956,0.08380946702426978,,,,,,,,,78.6,4.136842105263158,68,3.5789473684210527,,,,,,,,,,,,,,,,,,,"Demarcus Evans","21087",663770
"Trey McNutt","SFG",2,2,,4.304347826086956,16,0,0,,,23,,23,12,11,3,8,0,1,22,8.608695652173912,3.130434782608696,2.75,1.173913043478261,,,,,1.3478260869565217,,0.708955223880597,,,4.170531214838443,0.08343644798073788,,,,,,,,,90.5,3.9347826086956523,93,4.043478260869565,,,,,,,,,,,,,,,,,,,"Trey McNutt","sa502768",571939
"Tim Adleman","DET",2,3,,5.4,8,7,0,,,40,,43,26,24,9,13,0,2,33,7.425,2.925,2.5384615384615383,2.025,,,,,1.4,,0.6912442396313364,,,5.6140094757080075,0.08255853911525544,,,,,,,,,94.50000000000001,2.3625000000000003,104,2.6,,,,,,,,,,,,,,,,,,,"Tim Adleman","10968",534947
"Bobby Poyner","BOS",1,1,,4.875,20,0,0,,,24,,25,14,13,4,9,0,1,24,9,3.375,2.6666666666666665,1.5,,,,,1.4166666666666667,,0.7042253521126761,,,4.630676142374675,0.0825127521137938,,,,,,,,,81.40000000000003,3.391666666666668,86,3.5833333333333335,,,,,,,,,,,,,,,,,,,"Bobby Poyner","17987",596074
"Ian Gibaut","TEX",1,1,,5.0625,14,0,0,,,16,,16,9,9,2,9,0,1,18,10.125,5.0625,2,1.125,,,,,1.5625,,0.7207207207207208,,,4.464009475708008,0.08229841038248503,,,,,,,,,58.20000000000001,3.6375000000000006,60,3.75,,,,,,,,,,,,,,,,,,,"Ian Gibaut","17871",664139
"Justin Anderson","LAA",1,1,,4.714285714285714,21,0,0,,,21,,18,11,11,3,13,0,1,25,10.714285714285714,5.571428571428571,1.9230769230769231,1.2857142857142858,,,,,1.4761904761904763,,0.7462686567164178,,,4.690199951898484,0.08185902582795294,,,,,,,,,79.69999999999999,3.7952380952380946,74,3.5238095238095237,,,,,,,,,,,,,,,,,,,"Justin Anderson","16201",605121
"Thomas Szapucki","NYM",1,1,,4.95,7,6,0,,,20,,20,12,11,3,12,0,1,20,9,5.4,1.6666666666666667,1.35,,,,,1.6,,0.7194244604316546,,,5.1140094757080075,0.08171330096404063,,,,,,,,,60.099999999999994,3.005,62,3.1,,,,,,,,,,,,,,,,,,,"Thomas Szapucki","21065",663378
"Matt Krook","TBR",1,1,,4.875,13,6,0,,,24,,21,14,13,2,21,0,1,24,9,7.875,1.1428571428571428,0.75,,,,,1.75,,0.7142857142857142,,,5.047342809041341,0.08153382551467354,,,,,,,,,80.40000000000003,3.3500000000000014,76,3.1666666666666665,,,,,,,,,,,,,,,,,,,"Matt Krook","19315",640454
"Cody Allen","TEX",1,1,,5,19,0,0.5879999995231628,,,18,,17,11,10,3,10,0,0,20,10,5,2,1.5,,,,,1.5,,0.7017543859649122,,,4.82512058681912,0.08123771646481528,,,,,,,,,65.03999999761582,3.6133333332008792,63.939999997615814,3.5522222220897675,,,,,,,,,,,,,,,,,,,"Cody Allen","12183",592102
"Jordan Mills","WSN",2,1,,4.5,16,0,0,,,20,,19,10,10,2,11,1,1,19,8.55,4.95,1.7272727272727273,0.9,,,,,1.5,,0.7352941176470589,,,4.414009475708008,0.08107977256561878,,,,,,,,,76,3.8,76,3.8,,,,,,,,,,,,,,,,,,,"Jordan Mills","sa738394",643458
"Nicholas Economos","PIT",3,4,,5.487804878048781,9,7,0,,,41,,44,27,25,7,20,0,2,33,7.2439024390243905,4.390243902439025,1.65,1.5365853658536586,,,,,1.5609756097560976,,0.6826568265682657,,,5.433521670829959,0.08062157549717093,,,,,,,,,102.9,2.5097560975609756,114,2.7804878048780486,,,,,,,,,,,,,,,,,,,"Nicholas Economos","sa875301",663996
"Taylor Williams","MIL",1,1,,4.5,21,0,0,,,24,,23,13,12,3,11,1,1,24,9,4.125,2.1818181818181817,1.125,,,,,1.4166666666666667,,0.7046979865771812,,,4.339009475708008,0.08052323124661864,,,,,,,,,92.9,3.8708333333333336,93,3.875,,,,,,,,,,,,,,,,,,,"Taylor Williams","14899",592865
"Raynel Espinal","BOS",2,2,,4.68,9,0,0,,,25,,26,14,13,4,9,0,1,25,9,3.24,2.7777777777777777,1.44,,,,,1.4,,0.7142857142857143,,,4.494009475708008,0.08040739496120843,,,,,,,,,88.2,3.528,93,3.72,,,,,,,,,,,,,,,,,,,"Raynel Espinal","19516",642659
"Jakob Hernandez","PHI",1,1,,4.5,18,0,0,,,24,,21,13,12,3,14,0,1,26,9.75,5.25,1.8571428571428572,1.125,,,,,1.4583333333333333,,0.7142857142857143,,,4.547342809041341,0.08031953877665828,,,,,,,,,93.10000000000002,3.8791666666666678,88,3.6666666666666665,,,,,,,,,,,,,,,,,,,"Jakob Hernandez","sa3004823",674342
"Nick Tropeano","NYY",2,2,,5.4,6,6,0,,,30,,32,19,18,7,13,0,1,28,8.4,3.9,2.1538461538461537,2.1,,,,,1.5,,0.7386363636363635,,,5.780676142374675,0.080174456782962,,,,,,,,,66.69999999999997,2.2233333333333323,73,2.433333333333333,,,,,,,,,,,,,,,,,,,"Nick Tropeano","12385",607374
"Geoff Hartlieb","PIT",1,1,,4.5,19,0,0,,,26,,26,14,13,3,13,0,1,26,9,4.5,2,1.0384615384615385,,,,,1.5,,0.7183908045977012,,,4.329394091092624,0.08009466508805649,,,,,,,,,97.89999999999999,3.765384615384615,101,3.8846153846153846,,,,,,,,,,,,,,,,,,,"Geoff Hartlieb","19558",664129
"Eric Yardley","MIL",1,1,,4.125,19,0,0,,,24,,25,12,11,3,7,0,1,17,6.375,2.625,2.4285714285714284,1.125,,,,,1.3333333333333333,,0.7194244604316546,,,4.422342809041341,0.07928331338003622,,,,,,,,,85.70000000000002,3.570833333333334,91,3.7916666666666665,,,,,,,,,,,,,,,,,,,"Eric Yardley","15538",642233
"Logan Bawcom","LAD",1,2,,5,7,4,0,,,27,,29,16,15,5,10,0,1,21,7,3.3333333333333335,2.1,1.6666666666666667,,,,,1.4444444444444444,,0.71875,,,5.2880835497820815,0.07908948603349832,,,,,,,,,71.9,2.662962962962963,79,2.925925925925926,,,,,,,,,,,,,,,,,,,"Logan Bawcom","sa549287",594747
"Trevor Stephan","NYY",2,3,,5.7272727272727275,8,8,0,,,33,,36,23,21,7,15,0,2,30,8.181818181818182,4.090909090909091,2,1.9090909090909092,,,,,1.5454545454545454,,0.6796116504854368,,,5.698857960556493,0.07893823944675223,,,,,,,,,73.50000000000001,2.2272727272727275,83,2.515151515151515,,,,,,,,,,,,,,,,,,,"Trevor Stephan","19932",663986
"Jacob Barnes","LAA",1,1,,4.5,20,0,0,,,20,,19,10,10,3,9,1,0,20,9,4.05,2.2222222222222223,1.35,,,,,1.4,,0.7563025210084033,,,4.514009475708008,0.07849409539106783,,,,,,,,,74.69999999999999,3.7349999999999994,74,3.7,,,,,,,,,,,,,,,,,,,"Jacob Barnes","12323",606930
"Pat Neshek","PHI",1,1,,4.090909090909091,13,0,0,,,11,,11,5,5,2,1,0,0,9,7.363636363636363,0.8181818181818182,9,1.6363636363636365,,,,,1.0909090909090908,,0.7608695652173914,,,4.214009475708008,0.07841685679644345,,,,,,,,,43.20000000000001,3.927272727272728,44,4,,,,,,,,,,,,,,,,,,,"Pat Neshek","4682",450212
"Ryan Tepera","CHC",1,1,,4.235294117647059,18,0,0,,,17,,16,9,8,2,7,1,1,15,7.9411764705882355,3.7058823529411766,2.142857142857143,1.0588235294117647,,,,,1.3529411764705883,,0.6930693069306931,,,4.390480063943302,0.07834600377998496,,,,,,,,,65.60000000000002,3.858823529411766,65,3.823529411764706,,,,,,,,,,,,,,,,,,,"Ryan Tepera","10291",572193
"Thomas Hatch","TOR",3,4,,5.6,10,10,0,,,45,,50,30,28,9,21,0,3,38,7.6,4.2,1.8095238095238095,1.8,,,,,1.5777777777777777,,0.702054794520548,,,5.725120586819119,0.07810450623244404,,,,,,,,,96.30000000000001,2.14,112,2.488888888888889,,,,,,,,,,,,,,,,,,,"Thomas Hatch","19264",641672
"Jake Faria","MIL",2,3,,5.108108108108108,14,5,0,,,37,,37,23,21,7,19,0,2,37,9,4.621621621621622,1.9473684210526316,1.7027027027027026,,,,,1.5135135135135136,,0.7142857142857142,,,5.37617163787017,0.07734106144605755,,,,,,,,,102.49999999999999,2.7702702702702697,105,2.8378378378378377,,,,,,,,,,,,,,,,,,,"Jake Faria","13699",607188
"Javy Guerra","WSN",1,1,,4.5,18,0,0,,,22,,23,12,11,3,9,1,1,20,8.181818181818182,3.6818181818181817,2.2222222222222223,1.2272727272727273,,,,,1.4545454545454546,,0.7194244604316546,,,4.532191293889826,0.07726288330650306,,,,,,,,,76.1,3.459090909090909,81,3.6818181818181817,,,,,,,,,,,,,,,,,,,"Javy Guerra","7407",457915
"Dillon Overton","SDP",2,3,,5.2682926829268295,9,7,0,,,41,,46,25,24,8,13,0,2,30,6.585365853658536,2.8536585365853657,2.3076923076923075,1.7560975609756098,,,,,1.4390243902439024,,0.7112970711297072,,,5.384741183025081,0.07639618701604442,,,,,,,,,100.40000000000002,2.4487804878048784,116,2.8292682926829267,,,,,,,,,,,,,,,,,,,"Dillon Overton","15627",592614
"Holden Capps","KCR",1,1,,4.5,13,1,0,,,22,,24,12,11,3,7,0,1,15,6.136363636363637,2.8636363636363638,2.142857142857143,1.2272727272727273,,,,,1.4090909090909092,,0.708955223880597,,,4.714009475708008,0.07617659981708465,,,,,,,,,69.5,3.159090909090909,77,3.5,,,,,,,,,,,,,,,,,,,"Holden Capps","sa3004097",676621
"Braden Shipley","KCR",2,3,,5.538461538461538,11,6,0,,,39,,43,25,24,7,16,0,2,30,6.923076923076923,3.6923076923076925,1.875,1.6153846153846154,,,,,1.5128205128205128,,0.6910569105691057,,,5.393496655195188,0.07578559493863173,,,,,,,,,96.7,2.4794871794871796,110,2.8205128205128207,,,,,,,,,,,,,,,,,,,"Braden Shipley","15158",640463
"Josh Roeder","MIA",1,1,,5.142857142857143,9,4,0,,,28,,31,17,16,4,11,0,1,18,5.785714285714286,3.5357142857142856,1.6363636363636365,1.2857142857142858,,,,,1.5,,0.6868131868131868,,,5.071152332850865,0.07534782081511655,,,,,,,,,77.39999999999999,2.764285714285714,88,3.142857142857143,,,,,,,,,,,,,,,,,,,"Josh Roeder","sa875299",664904
"Anthony Bass","TOR",1,1,,4.5,20,0,0.8429999947547913,,,20,,20,11,10,3,6,0,1,17,7.65,2.7,2.8333333333333335,1.35,,,,,1.3,,0.6880733944954128,,,4.514009475708008,0.07527711248220681,,,,,,,,,76.31499997377395,3.8157499986886974,78.21499997377396,3.910749998688698,,,,,,,,,,,,,,,,,,,"Anthony Bass","7982",542914
"Kyle Nelson","CLE",2,1,,4.235294117647059,16,0,0,,,17,,15,8,8,3,6,1,1,20,10.588235294117647,3.176470588235294,3.3333333333333335,1.588235294117647,,,,,1.2352941176470589,,0.7738095238095237,,,4.390480063943302,0.07513298815902131,,,,,,,,,68.9,4.052941176470589,65,3.823529411764706,,,,,,,,,,,,,,,,,,,"Kyle Nelson","20515",669459
"Tom Koehler","PIT",2,3,,5.282608695652174,10,8,0,,,46,,48,29,27,9,21,1,2,41,8.021739130434783,4.108695652173913,1.9523809523809523,1.7608695652173914,,,,,1.5,,0.7092198581560284,,,5.4748790409254,0.07431839218486005,,,,,,,,,117.90000000000003,2.5630434782608704,126,2.739130434782609,,,,,,,,,,,,,,,,,,,"Tom Koehler","6570",543408
"Bo Takahashi","ARI",3,3,,5.4,9,9,0,,,40,,44,25,24,8,15,0,2,34,7.65,3.375,2.2666666666666666,1.8,,,,,1.475,,0.7112970711297072,,,5.389009475708008,0.07406862768489848,,,,,,,,,100.19999999999999,2.505,113,2.825,,,,,,,,,,,,,,,,,,,"Bo Takahashi","sa830370",649963
"Forrest Whitley","HOU",2,2,,5.142857142857143,7,6,0,,,21,,20,13,12,4,13,0,1,24,10.285714285714286,5.571428571428571,1.8461538461538463,1.7142857142857142,,,,,1.5714285714285714,,0.7299270072992701,,,5.404485666184199,0.07359375430393236,,,,,,,,,60.2,2.8666666666666667,59,2.8095238095238093,,,,,,,,,,,,,,,,,,,"Forrest Whitley","19586",666215
"Austin Warren","LAA",2,2,,4.5,13,0,0,,,20,,19,11,10,2,13,0,1,20,9,5.85,1.5384615384615385,0.9,,,,,1.6,,0.7191780821917808,,,4.6140094757080075,0.07341754264506617,,,,,,,,,72,3.6,72,3.6,,,,,,,,,,,,,,,,,,,"Austin Warren","24937",681810
"Brian Duensing","CHC",0,0,,4.846153846153846,14,0,0,,,13,,14,7,7,1,6,1,0,9,6.230769230769231,4.153846153846154,1.5,0.6923076923076923,,,,,1.5384615384615385,,0.6989247311827956,,,4.214009475708008,0.07317100993772503,,,,,,,,,47.50000000000001,3.653846153846154,52,4,,,,,,,,,,,,,,,,,,,"Brian Duensing","4064",488846
"Will Vest","DET",1,1,,4.5,14,0,0,,,20,,20,10,10,2,9,0,1,15,6.75,4.05,1.6666666666666667,0.9,,,,,1.45,,0.7251908396946565,,,4.514009475708008,0.07303694941056191,,,,,,,,,71.4,3.5700000000000003,74,3.7,,,,,,,,,,,,,,,,,,,"Will Vest","19769",676684
"Dean Kiekhefer","OAK",1,1,,4.235294117647059,15,0,0,,,17,,18,9,8,2,4,1,1,11,5.823529411764706,2.1176470588235294,2.75,1.0588235294117647,,,,,1.2941176470588236,,0.6770833333333334,,,4.331656534531538,0.07283311631904851,,,,,,,,,61.40000000000001,3.611764705882354,66,3.8823529411764706,,,,,,,,,,,,,,,,,,,"Dean Kiekhefer","10529",518883
"Clayton Andrews","MIL",1,1,,4.05,14,0,0,,,20,,17,10,9,3,10,0,1,24,10.8,4.5,2.4,1.35,,,,,1.35,,0.7456140350877193,,,4.414009475708008,0.07253079387395804,,,,,,,,,81.89999999999999,4.095,76,3.8,,,,,,,,,,,,,,,,,,,"Clayton Andrews","23631",677076
"Austin Hamilton","LAD",2,2,,5.04,8,3,0,,,25,,28,16,14,4,10,0,1,18,6.48,3.6,1.8,1.44,,,,,1.52,,0.6790123456790124,,,5.174009475708008,0.07206897072588087,,,,,,,,,66.00000000000001,2.6400000000000006,76,3.04,,,,,,,,,,,,,,,,,,,"Austin Hamilton","sa3004717",677366
"Dovydas Neverauskas","PIT",1,1,,4.875,20,0,0,,,24,,22,13,13,3,13,1,1,27,10.125,4.875,2.076923076923077,1.125,,,,,1.4583333333333333,,0.7142857142857143,,,4.339009475708008,0.07141258374598408,,,,,,,,,95.50000000000001,3.9791666666666674,93,3.875,,,,,,,,,,,,,,,,,,,"Dovydas Neverauskas","11604",596720
"Seunghwan Oh","COL",1,1,,4.5,17,0,0,,,16,,16,9,8,3,4,1,1,17,9.5625,2.25,4.25,1.6875,,,,,1.25,,0.6962025316455696,,,4.464009475708008,0.07140383226919184,,,,,,,,,58.9,3.68125,60,3.75,,,,,,,,,,,,,,,,,,,"Seunghwan Oh","18719",493200
"Joe Broussard","LAD",1,1,,4.2631578947368425,15,1,0,,,19,,19,10,9,3,7,0,1,18,8.526315789473685,3.3157894736842106,2.5714285714285716,1.4210526315789473,,,,,1.368421052631579,,0.7339449541284403,,,4.635062107286956,0.07097995179061796,,,,,,,,,66.29999999999998,3.4894736842105254,68,3.5789473684210527,,,,,,,,,,,,,,,,,,,"Joe Broussard","sa708442",657530
"Michael Baird","STL",1,1,,5,7,3,0,,,18,,19,10,10,3,7,0,1,16,8,3.5,2.2857142857142856,1.5,,,,,1.4444444444444444,,0.7339449541284403,,,4.93623169793023,0.07094679871939602,,,,,,,,,54.90000000000001,3.0500000000000007,59,3.2777777777777777,,,,,,,,,,,,,,,,,,,"Michael Baird","sa3006810",676438
"Tyler Clippard","MIN",1,1,,4.5,21,0,0,,,20,,18,11,10,4,7,0,1,23,10.35,3.15,3.2857142857142856,1.8,,,,,1.25,,0.7216494845360826,,,4.714009475708008,0.07090614866364352,,,,,,,,,74,3.7,70,3.5,,,,,,,,,,,,,,,,,,,"Tyler Clippard","5640",461325
"James Reeves","NYY",1,1,,4.304347826086956,12,0,0,,,23,,21,12,11,3,13,0,1,24,9.391304347826088,5.086956521739131,1.8461538461538463,1.173913043478261,,,,,1.4782608695652173,,0.7382550335570469,,,4.64879208440366,0.07066487970480656,,,,,,,,,84.70000000000002,3.6826086956521746,82,3.5652173913043477,,,,,,,,,,,,,,,,,,,"James Reeves","sa875266",656885
"Michael Plassmeyer","TBR",2,2,,5.142857142857143,9,8,0,,,42,,46,26,24,9,10,0,2,31,6.642857142857143,2.142857142857143,3.1,1.9285714285714286,,,,,1.3333333333333333,,0.6912442396313364,,,5.380676142374675,0.07059113046251525,,,,,,,,,106.50000000000001,2.535714285714286,119,2.8333333333333335,,,,,,,,,,,,,,,,,,,"Michael Plassmeyer","23191",674681
"Trevor Hildenberger","BOS",1,1,,4.5,19,0,0,,,20,,21,11,10,3,6,1,1,17,7.65,2.7,2.8333333333333335,1.35,,,,,1.35,,0.7017543859649122,,,4.514009475708008,0.07048725481451038,,,,,,,,,69.5,3.475,74,3.7,,,,,,,,,,,,,,,,,,,"Trevor Hildenberger","17002",657610
"Ryan Garton","MIN",1,1,,4.909090909090909,16,0,0,,,22,,22,13,12,3,12,0,1,22,9,4.909090909090909,1.8333333333333333,1.2272727272727273,,,,,1.5454545454545454,,0.7046979865771812,,,4.759464021162554,0.0703416921194084,,,,,,,,,73.7,3.35,76,3.4545454545454546,,,,,,,,,,,,,,,,,,,"Ryan Garton","14016",623439
"Dan Jennings","NYY",1,1,,4.235294117647059,19,0,0,,,17,,17,8,8,2,7,1,0,13,6.882352941176471,3.7058823529411766,1.8571428571428572,1.0588235294117647,,,,,1.411764705882353,,0.7547169811320755,,,4.449303593355067,0.07003452162598946,,,,,,,,,62.000000000000014,3.6470588235294126,64,3.764705882352941,,,,,,,,,,,,,,,,,,,"Dan Jennings","8073",543359
"Kyle Crick","PIT",1,1,,4.05,21,0,1.934999942779541,,,20,,17,10,9,2,12,1,2,23,10.35,5.4,1.9166666666666667,0.9,,,,,1.45,,0.7251908396946565,,,4.3140094757080085,0.06988051603395343,,,,,,,,,92.87499971389771,4.643749985694885,87.6749997138977,4.383749985694886,,,,,,,,,,,,,,,,,,,"Kyle Crick","13182",605195
"Silvino Bracho","ARI",1,1,,4,16,0,0,,,18,,15,8,8,3,7,0,1,22,11,3.5,3.142857142857143,1.5,,,,,1.2222222222222223,,0.7865168539325842,,,4.269565031263563,0.06976038908768521,,,,,,,,,77.30000000000001,4.294444444444445,71,3.9444444444444446,,,,,,,,,,,,,,,,,,,"Silvino Bracho","15051",611093
"Gabriel Moya","MIN",1,1,,4.909090909090909,18,3,0,,,22,,22,13,12,4,9,0,1,21,8.590909090909092,3.6818181818181817,2.3333333333333335,1.6363636363636365,,,,,1.4090909090909092,,0.7086614173228347,,,5.032191293889826,0.06970515230176123,,,,,,,,,68.4,3.1090909090909093,70,3.1818181818181817,,,,,,,,,,,,,,,,,,,"Gabriel Moya","16348",622382
"Andrew Sopko","TOR",1,3,,5.914285714285715,8,8,0,,,35,,41,25,23,7,14,0,2,26,6.685714285714286,3.6,1.8571428571428572,1.8,,,,,1.5714285714285714,,0.663716814159292,,,5.699723761422294,0.06906180636456748,,,,,,,,,70.29999999999997,2.0085714285714276,88,2.5142857142857142,,,,,,,,,,,,,,,,,,,"Andrew Sopko","sa658286",621127
"Anthony Swarzak","PHI",1,1,,5,19,0,0,,,18,,17,10,10,3,8,1,0,19,9.5,4,2.375,1.5,,,,,1.3888888888888888,,0.7211538461538461,,,4.602898364596896,0.06898392264461374,,,,,,,,,66.10000000000001,3.6722222222222225,65,3.611111111111111,,,,,,,,,,,,,,,,,,,"Anthony Swarzak","7466",461872
"Justin Steele","CHC",1,1,,5.142857142857143,4,4,0,,,14,,14,9,8,2,9,0,1,14,9,5.785714285714286,1.5555555555555556,1.2857142857142858,,,,,1.6428571428571428,,0.6930693069306931,,,5.214009475708008,0.06887022970864666,,,,,,,,,40.60000000000003,2.900000000000002,42,3,,,,,,,,,,,,,,,,,,,"Justin Steele","17312",657006
"Dylan Lee","MIA",1,1,,4.090909090909091,19,0,0,,,22,,21,11,10,2,11,1,1,19,7.7727272727272725,4.5,1.7272727272727273,0.8181818181818182,,,,,1.4545454545454546,,0.7191780821917808,,,4.304918566617099,0.06847969768535983,,,,,,,,,85.60000000000002,3.890909090909092,86,3.909090909090909,,,,,,,,,,,,,,,,,,,"Dylan Lee","19996",669276
"J.B. Bukauskas","ARI",1,1,,5.181818181818182,8,6,0,,,33,,32,21,19,4,24,0,1,29,7.909090909090909,6.545454545454546,1.2083333333333333,1.0909090909090908,,,,,1.696969696969697,,0.6944444444444444,,,5.304918566617099,0.06833450294156324,,,,,,,,,94.80000000000005,2.8727272727272744,96,2.909090909090909,,,,,,,,,,,,,,,,,,,"J.B. Bukauskas","20491",656266
"Sam Coonrod","SFG",1,1,,4.285714285714286,24,0,0.718999981880188,,,21,,19,11,10,2,12,0,1,20,8.571428571428571,5.142857142857143,1.6666666666666667,0.8571428571428571,,,,,1.4761904761904763,,0.7092198581560284,,,4.404485666184199,0.06802546419236287,,,,,,,,,85.99499990940095,4.094999995685759,83.59499990940094,3.980714281400045,,,,,,,,,,,,,,,,,,,"Sam Coonrod","17264",656322
"Donnie Hart","OAK",1,1,,4.05,20,0,0,,,20,,20,10,9,2,7,1,1,14,6.3,3.15,2,0.9,,,,,1.35,,0.7024793388429752,,,4.3140094757080085,0.06759029164169456,,,,,,,,,75.4,3.7700000000000005,78,3.9,,,,,,,,,,,,,,,,,,,"Donnie Hart","15306",643354
"J.P. Feyereisen","MIL",2,2,,4.285714285714286,15,0,0,,,21,,18,10,10,3,12,0,1,26,11.142857142857142,5.142857142857143,2.1666666666666665,1.2857142857142858,,,,,1.4285714285714286,,0.7751937984496123,,,4.452104713803246,0.06747417897963565,,,,,,,,,84.69999999999999,4.033333333333333,79,3.761904761904762,,,,,,,,,,,,,,,,,,,"J.P. Feyereisen","16610",656420
"Justin Grimm","MIL",1,1,,4.714285714285714,19,0,0,,,21,,19,12,11,3,12,0,1,26,11.142857142857142,5.142857142857143,2.1666666666666665,1.2857142857142858,,,,,1.4761904761904763,,0.708955223880597,,,4.452104713803246,0.06747410420412686,,,,,,,,,82.1,3.9095238095238094,79,3.761904761904762,,,,,,,,,,,,,,,,,,,"Justin Grimm","11720",518748
"Connor Sadzeck","SEA",1,1,,4.235294117647059,16,0,0,,,17,,15,9,8,2,10,0,1,18,9.529411764705882,5.294117647058823,1.8,1.0588235294117647,,,,,1.4705882352941178,,0.7207207207207208,,,4.566950652178596,0.06729181895932268,,,,,,,,,65.20000000000002,3.83529411764706,62,3.6470588235294117,,,,,,,,,,,,,,,,,,,"Connor Sadzeck","13483",592712
"Víctor Arano","PHI",1,1,,4.235294117647059,17,0,0,,,17,,16,9,8,3,7,1,0,20,10.588235294117647,3.7058823529411766,2.857142857142857,1.588235294117647,,,,,1.3529411764705883,,0.7446808510638298,,,4.390480063943302,0.06715618116569858,,,,,,,,,66.30000000000001,3.900000000000001,65,3.823529411764706,,,,,,,,,,,,,,,,,,,"Victor Arano","15915",644364
"Garrett Cleavinger","PHI",1,1,,4.7368421052631575,13,0,0,,,19,,15,11,10,2,16,0,1,26,12.31578947368421,7.578947368421052,1.625,0.9473684210526315,,,,,1.631578947368421,,0.7092198581560284,,,4.529798949392219,0.06712530762372329,,,,,,,,,78,4.105263157894737,70,3.6842105263157894,,,,,,,,,,,,,,,,,,,"Garrett Cleavinger","17897",664076
"Luke Barker","MIL",1,1,,4.7368421052631575,15,0,0,,,19,,19,10,10,3,7,0,1,20,9.473684210526315,3.3157894736842106,2.857142857142857,1.4210526315789473,,,,,1.368421052631579,,0.7339449541284403,,,4.424535791497481,0.06673235266586805,,,,,,,,,70.29999999999998,3.6999999999999993,72,3.789473684210526,,,,,,,,,,,,,,,,,,,"Luke Barker","19609",673316
"David Sosebee","NYY",1,1,,4.714285714285714,14,0,0,,,21,,20,12,11,3,10,0,1,21,9,4.285714285714286,2.1,1.2857142857142858,,,,,1.4285714285714286,,0.6976744186046512,,,4.642580904279437,0.06589228066853293,,,,,,,,,75.5,3.5952380952380953,75,3.5714285714285716,,,,,,,,,,,,,,,,,,,"David Sosebee","sa602907",607729
"Jacob Condra-Bogan","WSN",2,2,,4.714285714285714,14,0,0,,,21,,22,11,11,3,5,0,1,15,6.428571428571429,2.142857142857143,3,1.2857142857142858,,,,,1.2857142857142858,,0.7017543859649122,,,4.499723761422294,0.06575324778728123,,,,,,,,,73.3,3.4904761904761905,78,3.7142857142857144,,,,,,,,,,,,,,,,,,,"Jacob Condra-Bogan","sa3005422",663394
"Parker Dunshee","OAK",2,3,,5.441860465116279,9,9,0,,,43,,47,28,26,9,16,0,3,37,7.744186046511628,3.3488372093023258,2.3125,1.8837209302325582,,,,,1.4651162790697674,,0.6944444444444444,,,5.539590871056845,0.06571176118279756,,,,,,,,,102.3,2.3790697674418606,115,2.6744186046511627,,,,,,,,,,,,,,,,,,,"Parker Dunshee","20018",670161
"Austin Brice","BOS",1,1,,4.5,17,0,0,,,20,,19,10,10,3,7,1,2,20,9,3.15,2.857142857142857,1.35,,,,,1.3,,0.7339449541284403,,,4.514009475708008,0.06567777824874908,,,,,,,,,74.69999999999999,3.7349999999999994,74,3.7,,,,,,,,,,,,,,,,,,,"Austin Brice","17237",592169
"Adam Conley","MIA",2,2,,4.5,24,0,0,,,24,,24,13,12,3,9,1,1,21,7.875,3.375,2.3333333333333335,1.125,,,,,1.375,,0.6944444444444444,,,4.339009475708008,0.06535700305278075,,,,,,,,,90.30000000000001,3.7625000000000006,93,3.875,,,,,,,,,,,,,,,,,,,"Adam Conley","14457",543045
"Adam Bray","MIN",1,1,,4.935483870967742,12,4,0,,,31,,35,18,17,6,10,0,2,24,6.967741935483871,2.903225806451613,2.4,1.7419354838709677,,,,,1.4516129032258065,,0.7377049180327868,,,5.343041733772524,0.06502737857833521,,,,,,,,,76.59999999999997,2.4709677419354827,89,2.870967741935484,,,,,,,,,,,,,,,,,,,"Adam Bray","sa876116",665032
"David Hale","NYY",1,1,,5.4,8,0,0,,,25,,29,16,15,4,7,0,1,17,6.12,2.52,2.4285714285714284,1.44,,,,,1.44,,0.6578947368421053,,,4.894009475708008,0.06493198407782248,,,,,,,,,70.4,2.8160000000000003,83,3.32,,,,,,,,,,,,,,,,,,,"David Hale","9756",571735
"Burch Smith","OAK",2,2,,5.142857142857143,12,5,0,,,35,,34,21,20,6,20,1,2,36,9.257142857142858,5.142857142857143,1.8,1.542857142857143,,,,,1.542857142857143,,0.7236842105263158,,,5.271152332850865,0.06492226707361906,,,,,,,,,102.79999999999998,2.937142857142857,103,2.942857142857143,,,,,,,,,,,,,,,,,,,"Burch Smith","12784",572143
"Steven Wilson","SDP",1,1,,4.090909090909091,16,0,0,,,22,,19,11,10,3,12,0,1,26,10.636363636363637,4.909090909090909,2.1666666666666665,1.2272727272727273,,,,,1.4090909090909092,,0.7462686567164178,,,4.39582765752619,0.0641138345974783,,,,,,,,,89.5,4.068181818181818,84,3.8181818181818183,,,,,,,,,,,,,,,,,,,"Steven Wilson","20353",621051
"Tommy Layne","STL",1,1,,4.153846153846154,12,0,0,,,13,,12,6,6,1,6,0,1,11,7.615384615384615,4.153846153846154,1.8333333333333333,0.6923076923076923,,,,,1.3846153846153846,,0.7228915662650601,,,4.137086398784931,0.06401144523113209,,,,,,,,,53.7,4.130769230769231,53,4.076923076923077,,,,,,,,,,,,,,,,,,,"Tommy Layne","7501",518927
"Tanner Chleborad","BAL",1,1,,5.0625,11,0,0,,,16,,18,10,9,2,6,1,1,11,6.1875,3.375,1.8333333333333333,1.125,,,,,1.5,,0.6603773584905661,,,4.776509475708008,0.06397303340183445,,,,,,,,,48.00000000000001,3.0000000000000004,55,3.4375,,,,,,,,,,,,,,,,,,,"Tanner Chleborad","sa599273",607222
"Beau Sulser","PIT",2,2,,5.1,12,2,0,,,30,,34,18,17,4,11,1,2,19,5.7,3.3,1.7272727272727273,1.2,,,,,1.5,,0.6852791878172589,,,4.980676142374675,0.06375099756244874,,,,,,,,,83.4,2.7800000000000002,97,3.2333333333333334,,,,,,,,,,,,,,,,,,,"Beau Sulser","23420",676641
"Tyson Miller","CHC",3,3,,5.4,9,9,0,,,45,,50,29,27,9,18,0,3,37,7.4,3.6,2.0555555555555554,1.8,,,,,1.511111111111111,,0.703971119133574,,,5.569565031263563,0.06325648601198323,,,,,,,,,103.30000000000001,2.295555555555556,119,2.6444444444444444,,,,,,,,,,,,,,,,,,,"Tyson Miller","19976",668338
"Steve Cishek","CHW",2,1,,3.857142857142857,24,0,0.3720000088214874,,,21,,17,10,9,3,10,1,2,22,9.428571428571429,4.285714285714286,2.2,1.2857142857142858,,,,,1.2857142857142858,,0.7456140350877193,,,4.690199951898484,0.06309362086044282,,,,,,,,,84.16000004410743,4.007619049719402,75.86000004410744,3.6123809544813064,,,,,,,,,,,,,,,,,,,"Steve Cishek","6483",518553
"Héctor Santiago","DET",1,2,,5.806451612903226,11,4,0,,,31,,33,21,20,6,17,0,1,30,8.709677419354838,4.935483870967742,1.7647058823529411,1.7419354838709677,,,,,1.6129032258064515,,0.6971153846153846,,,5.536590120869299,0.062215299641803876,,,,,,,,,75.79999999999997,2.4451612903225795,83,2.6774193548387095,,,,,,,,,,,,,,,,,,,"Hector Santiago","4026",502327
"Nick Green","NYY",2,3,,5.75,8,7,0,,,36,,41,25,23,5,22,0,2,23,5.75,5.5,1.0454545454545454,1.25,,,,,1.75,,0.6785714285714286,,,5.741787253485786,0.06218253207782132,,,,,,,,,72.30000000000003,2.008333333333334,89,2.4722222222222223,,,,,,,,,,,,,,,,,,,"Nick Green","sa738690",643340
"Edinson Volquez","TEX",1,1,,5.5,5,4,0,,,18,,20,12,11,3,10,0,0,13,6.5,5,1.3,1.5,,,,,1.6666666666666667,,0.6976744186046512,,,5.602898364596896,0.06200625393488449,,,,,,,,,40.30000000000001,2.2388888888888894,47,2.611111111111111,,,,,,,,,,,,,,,,,,,"Edinson Volquez","3990",450172
"Yennsy Díaz","TOR",3,4,,5.625,10,9,0,,,48,,53,32,30,8,24,0,3,34,6.375,4.5,1.4166666666666667,1.5,,,,,1.6041666666666667,,0.6838905775075989,,,5.651509475708008,0.06192638352687618,,,,,,,,,106.00000000000003,2.208333333333334,123,2.5625,,,,,,,,,,,,,,,,,,,"Yennsy Diaz","20218",660546
"Hunter Strickland","WSN",1,1,,4.2,17,0,0,,,15,,14,8,7,2,6,1,1,13,7.8,3.6,2.1666666666666665,1.2,,,,,1.3333333333333333,,0.6976744186046512,,,4.6140094757080075,0.060805956084328955,,,,,,,,,55.00000000000001,3.666666666666667,54,3.6,,,,,,,,,,,,,,,,,,,"Hunter Strickland","7836",519326
"Brooks Pounders","TBR",1,1,,4.714285714285714,16,1,0,,,21,,21,12,11,4,8,0,1,23,9.857142857142858,3.4285714285714284,2.875,1.7142857142857142,,,,,1.380952380952381,,0.7264957264957266,,,4.785438047136579,0.06057078876159981,,,,,,,,,70.6,3.3619047619047615,72,3.4285714285714284,,,,,,,,,,,,,,,,,,,"Brooks Pounders","10387",572044
"Taylor Hearn","TEX",1,2,,6,7,6,0,,,30,,31,22,20,6,18,0,2,31,9.3,5.4,1.7222222222222223,1.8,,,,,1.6333333333333333,,0.6650246305418719,,,5.747342809041341,0.06026748113985746,,,,,,,,,69.59999999999998,2.3199999999999994,74,2.466666666666667,,,,,,,,,,,,,,,,,,,"Taylor Hearn","18325",621368
"Keegan Akin","BAL",2,3,,6.075,9,9,0,,,40,,42,29,27,9,23,0,2,39,8.775,5.175,1.6956521739130435,2.025,,,,,1.625,,0.6870229007633588,,,6.0640094757080085,0.05954275064009165,,,,,,,,,79.10000000000001,1.9775000000000003,86,2.15,,,,,,,,,,,,,,,,,,,"Keegan Akin","19362",669211
"Clay Holmes","PIT",2,2,,4.885714285714286,14,4,0,,,35,,34,21,19,4,23,0,3,32,8.228571428571428,5.914285714285715,1.391304347826087,1.0285714285714285,,,,,1.6285714285714286,,0.7003891050583658,,,5.099723761422293,0.05858748055635361,,,,,,,,,107.4,3.068571428571429,109,3.1142857142857143,,,,,,,,,,,,,,,,,,,"Clay Holmes","13649",605280
"Aaron Barrett","WSN",0,0,,4.5,16,0,0,,,16,,15,8,8,2,8,0,1,15,8.4375,4.5,1.875,1.125,,,,,1.4375,,0.7425742574257426,,,4.651509475708008,0.0583995494533327,,,,,,,,,57.80000000000001,3.6125000000000007,57,3.5625,,,,,,,,,,,,,,,,,,,"Aaron Barrett","11243",502578
"Alex FaGalde","STL",3,3,,5.048780487804878,9,8,0,,,41,,45,25,23,7,16,0,3,30,6.585365853658536,3.5121951219512195,1.875,1.5365853658536586,,,,,1.4878048780487805,,0.703125,,,5.360350939122642,0.05778826022975818,,,,,,,,,103.30000000000001,2.5195121951219517,117,2.8536585365853657,,,,,,,,,,,,,,,,,,,"Alex FaGalde","sa3004602",676891
"Montana DuRapau","PIT",1,1,,4.95,17,0,0,,,20,,19,11,11,3,9,0,1,23,10.35,4.05,2.5555555555555554,1.35,,,,,1.4,,0.7142857142857143,,,4.3640094757080075,0.0577539565138044,,,,,,,,,77.69999999999999,3.8849999999999993,77,3.85,,,,,,,,,,,,,,,,,,,"Montana DuRapau","16768",657566
"Aaron Slegers","TBR",2,3,,5.441860465116279,9,7,0,,,43,,50,28,26,9,11,0,2,27,5.651162790697675,2.302325581395349,2.4545454545454546,1.8837209302325582,,,,,1.4186046511627908,,0.6818181818181819,,,5.586102498963822,0.057554402704862506,,,,,,,,,92.5,2.1511627906976742,113,2.627906976744186,,,,,,,,,,,,,,,,,,,"Aaron Slegers","15231",642083
"Danny Barnes","TOR",1,1,,4.5,17,0,0,,,18,,17,10,9,3,8,0,0,19,9.5,4,2.375,1.5,,,,,1.3888888888888888,,0.7211538461538461,,,4.602898364596896,0.057147038500638035,,,,,,,,,66.10000000000001,3.6722222222222225,65,3.611111111111111,,,,,,,,,,,,,,,,,,,"Danny Barnes","11388",592130
"Sam Clay","MIN",1,2,,5.04,15,1,0,,,25,,25,16,14,2,19,1,1,22,7.92,6.84,1.1578947368421053,0.72,,,,,1.76,,0.6796116504854368,,,4.894009475708008,0.05672893959715747,,,,,,,,,79.4,3.176,83,3.32,,,,,,,,,,,,,,,,,,,"Sam Clay","16279",621348
"Kodi Whitley","STL",1,1,,4.32,19,0,0,,,25,,24,13,12,3,11,1,1,23,8.28,3.96,2.090909090909091,1.08,,,,,1.4,,0.7142857142857143,,,4.374009475708008,0.05655368285652296,,,,,,,,,95.69999999999999,3.8279999999999994,96,3.84,,,,,,,,,,,,,,,,,,,"Kodi Whitley","19731",676831
"Kevin Quackenbush","WSN",1,1,,4.285714285714286,19,0,0,,,21,,20,11,10,4,7,0,1,24,10.285714285714286,3,3.4285714285714284,1.7142857142857142,,,,,1.2857142857142858,,0.7476635514018692,,,4.547342809041341,0.05500025818441483,,,,,,,,,78.19999999999999,3.7238095238095235,77,3.6666666666666665,,,,,,,,,,,,,,,,,,,"Kevin Quackenbush","12360",534812
"Angel Perdomo","MIL",1,1,,4.821428571428571,14,3,0,,,28,,24,16,15,4,21,0,2,34,10.928571428571429,6.75,1.619047619047619,1.2857142857142858,,,,,1.6071428571428572,,0.7360406091370558,,,5.106866618565151,0.05467903560949868,,,,,,,,,94.60000000000005,3.3785714285714303,87,3.107142857142857,,,,,,,,,,,,,,,,,,,"Angel Perdomo","17759",622780
"Matt Dennis","COL",3,3,,5.9361702127659575,11,8,0,,,47,,57,33,31,9,18,0,3,29,5.553191489361702,3.4468085106382977,1.6111111111111112,1.7234042553191489,,,,,1.5957446808510638,,0.6730769230769231,,,5.809754156559071,0.05442816667694918,,,,,,,,,83.9,1.7851063829787235,113,2.404255319148936,,,,,,,,,,,,,,,,,,,"Matt Dennis","sa918295",668757
"Curtis Taylor","TOR",1,1,,4.7368421052631575,11,1,0,,,19,,19,11,10,3,9,0,1,18,8.526315789473685,4.2631578947368425,2,1.4210526315789473,,,,,1.4736842105263157,,0.7142857142857143,,,4.950851580971166,0.05391955401960982,,,,,,,,,60.29999999999999,3.173684210526315,62,3.263157894736842,,,,,,,,,,,,,,,,,,,"Curtis Taylor","sa917970",668954
"Dean Deetz","HOU",1,0,,4.8,11,0,0,,,15,,13,8,8,2,10,0,1,20,12,6,2,1.2,,,,,1.5333333333333334,,0.7425742574257426,,,4.480676142374675,0.05381465396028467,,,,,,,,,59.6,3.9733333333333336,56,3.7333333333333334,,,,,,,,,,,,,,,,,,,"Dean Deetz","16687",657209
"Josh Tomlin","ATL",1,1,,5.225806451612903,13,4,0,,,31,,36,19,18,7,4,0,1,22,6.387096774193548,1.1612903225806452,5.5,2.032258064516129,,,,,1.2903225806451613,,0.6953642384105959,,,5.214009475708008,0.05363718273350844,,,,,,,,,78.69999999999995,2.538709677419353,93,3,,,,,,,,,,,,,,,,,,,"Josh Tomlin","9388",458708
"Stefan Crichton","ARI",1,1,,4.344827586206897,22,0,0,,,29,,28,15,14,4,10,0,1,26,8.068965517241379,3.103448275862069,2.6,1.2413793103448276,,,,,1.3103448275862069,,0.7098765432098766,,,4.351940510190767,0.05355057704863011,,,,,,,,,111.60000000000004,3.848275862068967,112,3.8620689655172415,,,,,,,,,,,,,,,,,,,"Stefan Crichton","16058",592233
"Leovanny Rodriguez","HOU",2,2,,5,12,2,0,,,27,,28,16,15,4,14,0,1,23,7.666666666666667,4.666666666666667,1.6428571428571428,1.3333333333333333,,,,,1.5555555555555556,,0.7142857142857143,,,5.102898364596896,0.052515870076673125,,,,,,,,,78.80000000000003,2.9185185185185194,84,3.111111111111111,,,,,,,,,,,,,,,,,,,"Leovanny Rodriguez","sa878421",665420
"Chasen Bradford","SEA",0,1,,4.8,13,0,0,,,15,,17,8,8,2,4,0,1,10,6,2.4,2.5,1.2,,,,,1.4,,0.7142857142857143,,,4.6140094757080075,0.05163152324319287,,,,,,,,,47.2,3.146666666666667,54,3.6,,,,,,,,,,,,,,,,,,,"Chasen Bradford","12452",607473
"Tyler Lyons","NYY",1,1,,4.2,12,0,0,,,15,,14,8,7,3,6,1,1,18,10.8,3.6,3,1.8,,,,,1.3333333333333333,,0.7594936708860759,,,4.8140094757080085,0.05157600025308283,,,,,,,,,52.699999999999996,3.513333333333333,51,3.4,,,,,,,,,,,,,,,,,,,"Tyler Lyons","11334",544928
"Jeanmar Gómez","TEX",1,1,,5.0625,15,0,0,,,16,,17,9,9,2,6,0,1,12,6.75,3.375,2,1.125,,,,,1.4375,,0.6930693069306931,,,4.651509475708008,0.05139844194749682,,,,,,,,,52.60000000000001,3.2875000000000005,57,3.5625,,,,,,,,,,,,,,,,,,,"Jeanmar Gomez","9033",491646
"Pedro Vasquez","PIT",2,3,,5.651162790697675,10,9,0,,,43,,50,29,27,8,16,0,2,29,6.069767441860465,3.3488372093023258,1.8125,1.6744186046511629,,,,,1.5348837209302326,,0.6751824817518248,,,5.539590871056845,0.05121156705167763,,,,,,,,,93.79999999999998,2.181395348837209,115,2.6744186046511627,,,,,,,,,,,,,,,,,,,"Pedro Vasquez","sa872824",664275
"Tyron Guerrero","CHW",1,1,,4.95,19,0,0,,,20,,18,11,11,3,13,0,1,25,11.25,5.85,1.9230769230769231,1.35,,,,,1.55,,0.7462686567164178,,,4.764009475708008,0.05094020767571252,,,,,,,,,72.29999999999998,3.6149999999999993,69,3.45,,,,,,,,,,,,,,,,,,,"Tyron Guerrero","11691",594027
"Gerardo Reyes","SDP",1,2,,4.5,21,0,0,,,24,,20,13,12,3,15,0,1,29,10.875,5.625,1.9333333333333333,1.125,,,,,1.4583333333333333,,0.7142857142857143,,,4.422342809041341,0.05071122833544829,,,,,,,,,98.70000000000002,4.112500000000001,91,3.7916666666666665,,,,,,,,,,,,,,,,,,,"Gerardo Reyes","16306",622103
"Sam Dyson","MIN",1,1,,4.285714285714286,22,0,0,,,21,,20,10,10,3,7,0,1,17,7.285714285714286,3,2.4285714285714284,1.2857142857142858,,,,,1.2857142857142858,,0.7456140350877193,,,4.5949618566603885,0.050441427111449465,,,,,,,,,76.5,3.642857142857143,76,3.619047619047619,,,,,,,,,,,,,,,,,,,"Sam Dyson","11710",473879
"Ben Bowden","COL",1,1,,5,18,0,0,,,18,,16,10,10,3,11,0,1,24,12,5.5,2.1818181818181817,1.5,,,,,1.5,,0.7456140350877193,,,4.714009475708008,0.05035323892812463,,,,,,,,,66.70000000000002,3.7055555555555566,63,3.5,,,,,,,,,,,,,,,,,,,"Ben Bowden","20198",641386
"Tim Mayza","TOR",1,1,,4.285714285714286,23,0,0,,,21,,19,11,10,3,11,1,1,23,9.857142857142858,4.714285714285714,2.090909090909091,1.2857142857142858,,,,,1.4285714285714286,,0.7364341085271318,,,4.5949618566603885,0.05006816149656459,,,,,,,,,79.1,3.7666666666666666,76,3.619047619047619,,,,,,,,,,,,,,,,,,,"Tim Mayza","15042",641835
"Josh Osich","BOS",1,1,,5.318181818181818,21,0,0,,,22,,23,13,13,3,9,0,1,20,8.181818181818182,3.6818181818181817,2.2222222222222223,1.2272727272727273,,,,,1.4545454545454546,,0.6834532374100719,,,4.532191293889826,0.049484897679231046,,,,,,,,,76.1,3.459090909090909,81,3.6818181818181817,,,,,,,,,,,,,,,,,,,"Josh Osich","11528",592612
"Ryan Hendrix","CIN",1,1,,4.2,13,0,0,,,15,,13,8,7,2,10,0,1,19,11.4,6,1.9,1.2,,,,,1.5333333333333334,,0.7425742574257426,,,4.6140094757080075,0.04930720354578356,,,,,,,,,57.6,3.8400000000000003,54,3.6,,,,,,,,,,,,,,,,,,,"Ryan Hendrix","19535",641682
"Fernando Abad","WSN",1,1,,4.5,20,0,0,,,18,,18,10,9,3,5,0,0,16,8,2.5,3.2,1.5,,,,,1.2777777777777777,,0.6914893617021276,,,4.43623169793023,0.049292640301056734,,,,,,,,,66.5,3.6944444444444446,68,3.7777777777777777,,,,,,,,,,,,,,,,,,,"Fernando Abad","4994",472551
"R.J. Alvarez","BOS",2,1,,4.5,18,0,0,,,18,,16,10,9,2,11,1,1,19,9.5,5.5,1.7272727272727273,1,,,,,1.5,,0.7024793388429752,,,4.547342809041341,0.0475029821925756,,,,,,,,,69.00000000000003,3.833333333333335,66,3.6666666666666665,,,,,,,,,,,,,,,,,,,"R.J. Alvarez","13401",571439
"Alex Wilson","DET",1,1,,4.5,19,0,0,,,20,,21,11,10,3,6,1,1,16,7.2,2.7,2.6666666666666665,1.35,,,,,1.35,,0.7017543859649122,,,4.6140094757080075,0.047416642037155836,,,,,,,,,67.5,3.375,72,3.6,,,,,,,,,,,,,,,,,,,"Alex Wilson","9239",543935
"Jacob Rhame","NYM",1,1,,4.5,16,0,0,,,18,,17,10,9,3,7,1,1,20,10,3.5,2.857142857142857,1.5,,,,,1.3333333333333333,,0.7070707070707071,,,4.491787253485786,0.04724907764201128,,,,,,,,,68.10000000000001,3.7833333333333337,67,3.7222222222222223,,,,,,,,,,,,,,,,,,,"Jacob Rhame","15267",642008
"Félix Hernández","ATL",2,3,,5.25,7,7,0,,,36,,39,23,21,7,13,0,3,28,7,3.25,2.1538461538461537,1.75,,,,,1.4444444444444444,,0.6872037914691943,,,5.519565031263563,0.046613485119271714,,,,,,,,,86.9,2.413888888888889,97,2.6944444444444446,,,,,,,,,,,,,,,,,,,"Felix Hernandez","4772",433587
"Ryan O'Rourke","MIN",1,1,,5.294117647058823,16,0,0,,,17,,16,10,10,2,12,1,1,19,10.058823529411764,6.352941176470588,1.5833333333333333,1.0588235294117647,,,,,1.6470588235294117,,0.7142857142857143,,,4.802244769825655,0.04658528683337402,,,,,,,,,58.600000000000016,3.447058823529413,58,3.411764705882353,,,,,,,,,,,,,,,,,,,"Ryan O'Rourke","10976",594951
"Rex Brothers","CHC",1,1,,4.5,14,0,0,,,16,,12,9,8,1,16,0,1,22,12.375,9,1.375,0.5625,,,,,1.75,,0.7142857142857143,,,4.464009475708008,0.04645055375312209,,,,,,,,,67.9,4.24375,60,3.75,,,,,,,,,,,,,,,,,,,"Rex Brothers","9794",571521
"Brody Koerner","NYY",2,2,,5.6,9,7,0,,,45,,52,30,28,9,17,0,2,29,5.8,3.4,1.7058823529411764,1.8,,,,,1.5333333333333334,,0.6914893617021277,,,5.791787253485786,0.046257791657488,,,,,,,,,88.1,1.9577777777777776,109,2.422222222222222,,,,,,,,,,,,,,,,,,,"Brody Koerner","17748",621259
"DJ Johnson","COL",1,1,,4.764705882352941,15,0,0,,,17,,17,10,9,2,10,1,1,17,9,5.294117647058823,1.7,1.0588235294117647,,,,,1.588235294117647,,0.7024793388429752,,,4.684597711002126,0.045690798274703806,,,,,,,,,58.000000000000014,3.4117647058823537,60,3.5294117647058822,,,,,,,,,,,,,,,,,,,"DJ Johnson","12578",597113
"D.J. Snelten","TBR",1,1,,4.8,12,0,0,,,15,,15,8,8,1,9,0,1,13,7.8,5.4,1.4444444444444444,0.6,,,,,1.6,,0.7079646017699115,,,4.347342809041342,0.04565482956740645,,,,,,,,,55.7,3.7133333333333334,58,3.8666666666666667,,,,,,,,,,,,,,,,,,,"D.J. Snelten","15949",592769
"Ian Krol","MIN",1,1,,4.7368421052631575,19,0,0,,,19,,18,10,10,3,9,1,1,21,9.947368421052632,4.2631578947368425,2.3333333333333335,1.4210526315789473,,,,,1.4210526315789473,,0.7456140350877193,,,4.635062107286956,0.045408463348974734,,,,,,,,,68.89999999999998,3.626315789473683,68,3.5789473684210527,,,,,,,,,,,,,,,,,,,"Ian Krol","10066",571871
"Ryan Thompson","TBR",1,1,,4.7368421052631575,12,1,0,,,19,,20,11,10,3,6,0,1,16,7.578947368421052,2.8421052631578947,2.6666666666666665,1.4210526315789473,,,,,1.368421052631579,,0.6880733944954128,,,4.687693686234324,0.04511496659726649,,,,,,,,,62.69999999999999,3.2999999999999994,67,3.526315789473684,,,,,,,,,,,,,,,,,,,"Ryan Thompson","16647",657044
"Eduardo Jiménez","DET",1,1,,4.695652173913044,19,0,0,,,23,,24,13,12,3,10,0,1,17,6.6521739130434785,3.9130434782608696,1.7,1.173913043478261,,,,,1.4782608695652173,,0.7046979865771812,,,4.8661833887514865,0.04466232816663095,,,,,,,,,71.9,3.1260869565217395,77,3.347826086956522,,,,,,,,,,,,,,,,,,,"Eduardo Jimenez","19642",621592
"Adam Cimber","CLE",1,1,,4.714285714285714,23,0,0,,,21,,23,11,11,3,6,1,1,16,6.857142857142857,2.5714285714285716,2.6666666666666665,1.2857142857142858,,,,,1.380952380952381,,0.7258064516129032,,,4.547342809041341,0.04410624142303474,,,,,,,,,69.69999999999999,3.3190476190476184,77,3.6666666666666665,,,,,,,,,,,,,,,,,,,"Adam Cimber","15288",643256
"Corey Taylor","NYM",1,1,,4.5,13,0,0,,,18,,19,9,9,2,6,1,1,13,6.5,3,2.1666666666666665,1,,,,,1.3888888888888888,,0.7207207207207208,,,4.380676142374675,0.04388340687905143,,,,,,,,,64.20000000000002,3.5666666666666678,69,3.8333333333333335,,,,,,,,,,,,,,,,,,,"Corey Taylor","sa827144",664219
"Ian Hamilton","CHW",1,1,,4.235294117647059,14,0,0,,,17,,17,9,8,3,6,0,1,17,9,3.176470588235294,2.8333333333333335,1.588235294117647,,,,,1.3529411764705883,,0.7446808510638298,,,4.74342124041389,0.043865649418537815,,,,,,,,,57.7,3.394117647058824,59,3.4705882352941178,,,,,,,,,,,,,,,,,,,"Ian Hamilton","19261",641656
"Darwinzon Hernández","BOS",1,1,,4.714285714285714,25,0,0,,,21,,16,11,11,2,20,0,1,31,13.285714285714286,8.571428571428571,1.55,0.8571428571428571,,,,,1.7142857142857142,,0.753012048192771,,,4.499723761422294,0.043522634214909074,,,,,,,,,88.20000000000002,4.200000000000001,78,3.7142857142857144,,,,,,,,,,,,,,,,,,,"Darwinzon Hernandez","19848",650382
"Tyler Spurlin","MIL",1,1,,4.846153846153846,12,0,0,,,13,,13,7,7,1,8,0,1,12,8.307692307692308,5.538461538461538,1.5,0.6923076923076923,,,,,1.6153846153846154,,0.7142857142857142,,,4.444778706477239,0.04280292924710467,,,,,,,,,47.1,3.623076923076923,49,3.769230769230769,,,,,,,,,,,,,,,,,,,"Tyler Spurlin","sa739833",644677
"Nate Karns","BAL",0,1,,6,4,3,0,,,15,,17,11,10,3,9,0,0,14,8.4,5.4,1.5555555555555556,1.8,,,,,1.7333333333333334,,0.6880733944954128,,,5.747342809041341,0.04271797689503987,,,,,,,,,30.89999999999999,2.0599999999999996,37,2.466666666666667,,,,,,,,,,,,,,,,,,,"Nate Karns","12638",501992
"Gerson Bautista","SEA",1,1,,4.2631578947368425,14,0,0,,,19,,17,10,9,2,12,0,1,21,9.947368421052632,5.684210526315789,1.75,0.9473684210526315,,,,,1.5263157894736843,,0.7251908396946565,,,4.424535791497481,0.04239689120121697,,,,,,,,,74.8,3.9368421052631577,72,3.789473684210526,,,,,,,,,,,,,,,,,,,"Gerson Bautista","19256",639373
"Mike Morin","MIL",1,1,,4.714285714285714,20,0,0,,,21,,23,11,11,3,6,0,1,15,6.428571428571429,2.5714285714285716,2.5,1.2857142857142858,,,,,1.380952380952381,,0.7258064516129032,,,4.642580904279437,0.04207607392447299,,,,,,,,,67.69999999999999,3.2238095238095235,75,3.5714285714285716,,,,,,,,,,,,,,,,,,,"Mike Morin","13442",573046
"Russell Martin","LAD",0,0,,9,1,0,0,,,1,,1,1,1,0,0,0,0,1,9,0,1,0,,,,,1,,0,,,1.214009475708008,0.04154626466258642,,,,,,,,,6.800000000000001,6.800000000000001,7,7,,,,,,,,,,,,,,,,,,,"Russell Martin","4616",431145
"Zach Muckenhirn","BAL",1,1,,4.909090909090909,17,0,0,,,22,,21,13,12,3,13,1,1,21,8.590909090909092,5.318181818181818,1.6153846153846154,1.2272727272727273,,,,,1.5454545454545454,,0.7046979865771812,,,4.9867367484352805,0.04136407112763781,,,,,,,,,71.30000000000001,3.2409090909090916,71,3.227272727272727,,,,,,,,,,,,,,,,,,,"Zach Muckenhirn","20209",669105
"Chasen Shreve","NYM",1,1,,4.5,20,0,0,,,20,,18,11,10,3,10,0,1,25,11.25,4.5,2.5,1.35,,,,,1.4,,0.7142857142857143,,,4.3140094757080085,0.04131740765533108,,,,,,,,,81.29999999999998,4.0649999999999995,78,3.9,,,,,,,,,,,,,,,,,,,"Chasen Shreve","10855",592741
"JD Hammer","PHI",1,1,,4.2,13,0,0,,,15,,13,8,7,2,8,0,1,16,9.6,4.8,2,1.2,,,,,1.4,,0.7142857142857143,,,4.6140094757080075,0.041266795189597076,,,,,,,,,57.6,3.8400000000000003,54,3.6,,,,,,,,,,,,,,,,,,,"JD Hammer","19548",670456
"Ronald Bolaños","SDP",3,4,,5.4375,10,9,0,,,48,,49,31,29,8,27,0,3,44,8.25,5.0625,1.6296296296296295,1.5,,,,,1.5833333333333333,,0.6944444444444444,,,5.422342809041341,0.04091371653046234,,,,,,,,,127.40000000000003,2.6541666666666672,134,2.7916666666666665,,,,,,,,,,,,,,,,,,,"Ronald Bolanos","20041",671790
"Ryan Carpenter","DET",2,4,,5.926829268292683,8,8,0,,,41,,49,29,27,9,13,0,2,31,6.804878048780488,2.8536585365853657,2.3846153846153846,1.975609756097561,,,,,1.5121951219512195,,0.6680161943319838,,,5.65303386595191,0.04074218925475098,,,,,,,,,82.30000000000004,2.0073170731707326,105,2.5609756097560976,,,,,,,,,,,,,,,,,,,"Ryan Carpenter","12699",543001
"Cory Gearrin","MIN",1,1,,4.5,21,0,0,,,18,,18,10,9,2,9,1,1,16,8,4.5,1.7777777777777777,1,,,,,1.5,,0.7024793388429752,,,4.547342809041341,0.04065792863310547,,,,,,,,,63.80000000000002,3.5444444444444456,66,3.6666666666666665,,,,,,,,,,,,,,,,,,,"Cory Gearrin","7947",518715
"West Tunnell","ARI",0,0,,4.5,15,0,0,,,14,,13,8,7,1,10,0,1,15,9.642857142857142,6.428571428571429,1.5,0.6428571428571429,,,,,1.6428571428571428,,0.6944444444444444,,,4.356866618565151,0.04064663238338588,,,,,,,,,54.50000000000002,3.8928571428571446,54,3.857142857142857,,,,,,,,,,,,,,,,,,,"West Tunnell","sa3002749",673360
"Ljay Newsome","SEA",3,4,,5.60377358490566,10,10,0,,,53,,63,36,33,14,7,0,3,42,7.132075471698113,1.1886792452830188,6,2.3773584905660377,,,,,1.320754716981132,,0.6746031746031745,,,5.62910381533065,0.040286361179297875,,,,,,,,,110.19999999999999,2.0792452830188677,137,2.5849056603773586,,,,,,,,,,,,,,,,,,,"Ljay Newsome","19942",664714
"Edgar García","PHI",1,1,,4.68,23,0,0,,,25,,22,14,13,4,14,1,1,31,11.16,5.04,2.2142857142857144,1.44,,,,,1.44,,0.7236842105263158,,,4.6140094757080075,0.040187324809778,,,,,,,,,95.60000000000001,3.8240000000000003,90,3.6,,,,,,,,,,,,,,,,,,,"Edgar Garcia","19276",658305
"Jared Robinson","CLE",2,2,,4.32,15,0,0,,,25,,23,13,12,3,14,1,1,24,8.64,5.04,1.7142857142857142,1.08,,,,,1.48,,0.7317073170731708,,,4.654009475708008,0.03931816464222529,,,,,,,,,91.29999999999998,3.6519999999999992,89,3.56,,,,,,,,,,,,,,,,,,,"Jared Robinson","sa829022",656904
"Zack Burdi","CHW",1,1,,4.5,8,0,0,,,10,,9,6,5,1,7,0,0,10,9,6.3,1.4285714285714286,0.9,,,,,1.6,,0.684931506849315,,,4.6140094757080075,0.03929359027528359,,,,,,,,,37.3,3.7299999999999995,36,3.6,,,,,,,,,,,,,,,,,,,"Zack Burdi","19159",641420
"Chase Johnson","SDP",1,1,,5.1923076923076925,12,3,0,,,26,,27,16,15,3,15,0,1,19,6.576923076923077,5.1923076923076925,1.2666666666666666,1.0384615384615385,,,,,1.6153846153846154,,0.6878306878306879,,,5.098624860323392,0.03920934603532962,,,,,,,,,75.3,2.896153846153846,81,3.1153846153846154,,,,,,,,,,,,,,,,,,,"Chase Johnson","sa549740",592438
"Austin Hutchison","SEA",2,3,,5.357142857142857,10,7,0,,,42,,47,27,25,7,21,0,3,33,7.071428571428571,4.5,1.5714285714285714,1.5,,,,,1.619047619047619,,0.70446735395189,,,5.523533285231817,0.03846306251576314,,,,,,,,,96.49999999999999,2.2976190476190474,113,2.6904761904761907,,,,,,,,,,,,,,,,,,,"Austin Hutchison","sa3004018",676816
"Tyler Higgins","SDP",1,1,,4.7368421052631575,14,0,0,,,19,,19,10,10,3,6,0,1,18,8.526315789473685,2.8421052631578947,3,1.4210526315789473,,,,,1.3157894736842106,,0.7211538461538461,,,4.47716737044485,0.03833478431355542,,,,,,,,,69.29999999999998,3.6473684210526307,71,3.736842105263158,,,,,,,,,,,,,,,,,,,"Tyler Higgins","sa503722",572371
"Stevie Wilkerson","BAL",0,0,,4.5,1,0,0,,,2,,3,1,1,0,0,0,0,0,0,0,0,0,,,,,1.5,,0.6666666666666666,,,3.214009475708008,0.038224926444607336,,,,,,,,,7,3.5,10,5,,,,,,,,,,,,,,,,,,,"Stevie Wilkerson","16041",592859
"Patrick Weigel","ATL",1,1,,5.538461538461538,10,7,0,,,26,,27,17,16,4,16,0,1,23,7.961538461538462,5.538461538461538,1.4375,1.3846153846153846,,,,,1.6538461538461537,,0.6951871657754011,,,5.4063171680157005,0.03794700909891546,,,,,,,,,67.99999999999999,2.615384615384615,73,2.8076923076923075,,,,,,,,,,,,,,,,,,,"Patrick Weigel","17792",622256
"Ben Bracewell","OAK",1,2,,5.142857142857143,13,4,0,,,35,,37,21,20,6,14,0,2,27,6.942857142857143,3.6,1.9285714285714286,1.542857142857143,,,,,1.457142857142857,,0.704225352112676,,,5.271152332850865,0.0362415532088667,,,,,,,,,94.99999999999999,2.714285714285714,103,2.942857142857143,,,,,,,,,,,,,,,,,,,"Ben Bracewell","sa837103",659070
"Dylan Floro","LAD",1,1,,4.285714285714286,20,0,0,,,21,,22,11,10,3,7,1,1,17,7.285714285714286,3,2.4285714285714284,1.2857142857142858,,,,,1.380952380952381,,0.7258064516129032,,,4.5949618566603885,0.03605192507104781,,,,,,,,,71.3,3.395238095238095,76,3.619047619047619,,,,,,,,,,,,,,,,,,,"Dylan Floro","13394",571670
"Matt Koch","ARI",2,3,,5.5227272727272725,10,7,0,,,44,,51,29,27,9,11,0,3,29,5.931818181818182,2.25,2.6363636363636362,1.8409090909090908,,,,,1.4090909090909092,,0.6680161943319838,,,5.509464021162554,0.035924863972866226,,,,,,,,,98.30000000000004,2.23409090909091,119,2.7045454545454546,,,,,,,,,,,,,,,,,,,"Matt Koch","13420",571863
"Tony Dibrell","NYM",3,4,,5.441860465116279,9,9,0,,,43,,44,27,26,6,28,0,3,37,7.744186046511628,5.8604651162790695,1.3214285714285714,1.255813953488372,,,,,1.6744186046511629,,0.7075471698113207,,,5.46982342919638,0.035737587935210514,,,,,,,,,110.99999999999997,2.5813953488372086,118,2.744186046511628,,,,,,,,,,,,,,,,,,,"Tony Dibrell","sa3004657",675914
"Shawn Morimando","TOR",2,3,,5.823529411764706,7,7,0,,,34,,39,23,22,7,15,0,2,27,7.147058823529412,3.9705882352941178,1.8,1.8529411764705883,,,,,1.588235294117647,,0.7013574660633484,,,5.802244769825656,0.03471270217641292,,,,,,,,,67.1,1.9735294117647058,82,2.411764705882353,,,,,,,,,,,,,,,,,,,"Shawn Morimando","13606",596049
"Dany Jiménez","SFG",2,2,,4.090909090909091,17,0,0,,,22,,20,11,10,3,11,1,1,25,10.227272727272727,4.5,2.272727272727273,1.2272727272727273,,,,,1.4090909090909092,,0.7462686567164178,,,4.350373112071645,0.034631897907952645,,,,,,,,,87.9,3.9954545454545456,85,3.8636363636363638,,,,,,,,,,,,,,,,,,,"Dany Jimenez","21170",666204
"Vladimir Gutierrez","CIN",3,4,,5.94,10,10,0,,,50,,55,35,33,12,18,1,3,43,7.74,3.24,2.388888888888889,2.16,,,,,1.46,,0.6761565836298932,,,5.874009475708008,0.034452075508540486,,,,,,,,,102.39999999999998,2.0479999999999996,117,2.34,,,,,,,,,,,,,,,,,,,"Vladimir Gutierrez","19278",661269
"Caleb Thielbar","MIN",1,1,,4.909090909090909,16,0,0,,,22,,23,13,12,4,6,0,1,20,8.181818181818182,2.4545454545454546,3.3333333333333335,1.6363636363636365,,,,,1.3181818181818181,,0.6837606837606838,,,4.714009475708008,0.03406542968139512,,,,,,,,,72.80000000000001,3.3090909090909095,77,3.5,,,,,,,,,,,,,,,,,,,"Caleb Thielbar","10078",573204
"Michael Tonkin","ARI",1,1,,4.2,13,0,0,,,15,,14,8,7,2,7,0,1,16,9.6,4.2,2.2857142857142856,1.2,,,,,1.4,,0.7142857142857143,,,4.414009475708008,0.03401754979683021,,,,,,,,,58.00000000000001,3.866666666666667,57,3.8,,,,,,,,,,,,,,,,,,,"Michael Tonkin","10315",543859
"Seth Elledge","STL",2,2,,4.695652173913044,18,1,0,,,23,,22,13,12,3,13,1,1,24,9.391304347826088,5.086956521739131,1.8461538461538463,1.173913043478261,,,,,1.5217391304347827,,0.7142857142857143,,,4.64879208440366,0.03367286832812531,,,,,,,,,82.10000000000001,3.569565217391305,82,3.5652173913043477,,,,,,,,,,,,,,,,,,,"Seth Elledge","19766",676220
"Rob Wooten","CIN",1,1,,5.538461538461538,4,3,0,,,13,,14,8,8,3,3,0,1,10,6.923076923076923,2.076923076923077,3.3333333333333335,2.076923076923077,,,,,1.3076923076923077,,0.703125,,,5.598624860323392,0.03365147834882787,,,,,,,,,30.9,2.376923076923077,34,2.6153846153846154,,,,,,,,,,,,,,,,,,,"Rob Wooten","8532",543942
"Francisco Liriano","PHI",1,1,,4.5,23,0,0,,,22,,20,12,11,3,13,0,1,23,9.409090909090908,5.318181818181818,1.7692307692307692,1.2272727272727273,,,,,1.5,,0.7291666666666666,,,4.804918566617099,0.03355335357414289,,,,,,,,,77.9,3.540909090909091,75,3.409090909090909,,,,,,,,,,,,,,,,,,,"Francisco Liriano","3201",434538
"Chih-Wei Hu","SDP",1,3,,5.454545454545454,10,6,0,,,33,,37,21,20,6,13,0,1,24,6.545454545454546,3.5454545454545454,1.8461538461538463,1.6363636363636365,,,,,1.5151515151515151,,0.6971153846153846,,,5.39582765752619,0.03309776236366105,,,,,,,,,80.20000000000003,2.430303030303031,93,2.8181818181818183,,,,,,,,,,,,,,,,,,,"Chih-Wei Hu","16419",629496
"Drew Carlton","DET",1,1,,4.68,18,0,0,,,25,,26,14,13,4,7,0,1,19,6.84,2.52,2.7142857142857144,1.44,,,,,1.32,,0.6934306569343066,,,4.7340094757080085,0.03256637775412154,,,,,,,,,82.2,3.2880000000000003,87,3.48,,,,,,,,,,,,,,,,,,,"Drew Carlton","19868",656290
"Victor Alcántara","DET",1,1,,4.875,21,1,0,,,24,,26,14,13,3,11,0,1,16,6,4.125,1.4545454545454546,1.125,,,,,1.5416666666666667,,0.701219512195122,,,5.005676142374675,0.031415553969134036,,,,,,,,,69.10000000000001,2.879166666666667,77,3.2083333333333335,,,,,,,,,,,,,,,,,,,"Victor Alcantara","15028",622505
"Brian Johnson","BOS",1,1,,5.464285714285714,10,5,0,,,28,,31,19,17,5,14,0,1,24,7.714285714285714,4.5,1.7142857142857142,1.6071428571428572,,,,,1.6071428571428572,,0.6842105263157895,,,5.428295189993722,0.031304368253237166,,,,,,,,,68.10000000000001,2.4321428571428574,78,2.7857142857142856,,,,,,,,,,,,,,,,,,,"Brian Johnson","14272",598271
"Robert Stock","PHI",1,1,,4.7368421052631575,16,1,0,,,19,,18,10,10,3,11,0,1,22,10.421052631578947,5.2105263157894735,2,1.4210526315789473,,,,,1.5263157894736843,,0.7661290322580645,,,4.845588423076429,0.031079589079636136,,,,,,,,,64.89999999999998,3.4157894736842094,64,3.3684210526315788,,,,,,,,,,,,,,,,,,,"Robert Stock","6576",476594
"Chad Donato","HOU",3,3,,5.4,9,7,0,,,40,,43,26,24,8,17,0,3,33,7.425,3.825,1.9411764705882353,1.8,,,,,1.5,,0.6967213114754098,,,5.664009475708008,0.030922292806458605,,,,,,,,,91.8,2.295,102,2.55,,,,,,,,,,,,,,,,,,,"Chad Donato","sa919112",669942
"Tyler Webb","STL",1,1,,4.285714285714286,22,0,0,,,21,,20,11,10,3,9,1,1,21,9,3.857142857142857,2.3333333333333335,1.2857142857142858,,,,,1.380952380952381,,0.7258064516129032,,,4.499723761422294,0.030752625455495133,,,,,,,,,78.5,3.738095238095238,78,3.7142857142857144,,,,,,,,,,,,,,,,,,,"Tyler Webb","14974",643778
"Wandy Peralta","SFG",1,1,,4.285714285714286,24,0,0,,,21,,21,10,10,2,9,1,1,17,7.285714285714286,3.857142857142857,1.8888888888888888,0.8571428571428571,,,,,1.4285714285714286,,0.7352941176470589,,,4.261628523327055,0.03034682546808084,,,,,,,,,80.20000000000002,3.8190476190476197,83,3.9523809523809526,,,,,,,,,,,,,,,,,,,"Wandy Peralta","14295",593974
"Ryan Buchter","LAA",1,1,,4.235294117647059,23,0,0,,,17,,15,8,8,3,8,0,1,19,10.058823529411764,4.235294117647059,2.375,1.588235294117647,,,,,1.3529411764705883,,0.7978723404255319,,,4.86106829923742,0.030192299007215567,,,,,,,,,60.900000000000006,3.5823529411764707,57,3.3529411764705883,,,,,,,,,,,,,,,,,,,"Ryan Buchter","9456",488748
"Jake Fishman","TOR",0,0,,4.304347826086956,16,0,0,,,23,,23,12,11,4,7,0,1,20,7.826086956521739,2.739130434782609,2.857142857142857,1.565217391304348,,,,,1.3043478260869565,,0.7377049180327869,,,4.779226867012356,0.030125930059178636,,,,,,,,,77.19999999999999,3.3565217391304345,79,3.4347826086956523,,,,,,,,,,,,,,,,,,,"Jake Fishman","20060",670288
"Carson Fulmer","CHW",2,3,,5.7272727272727275,13,5,0,,,33,,33,22,21,6,22,0,2,32,8.727272727272727,6,1.4545454545454546,1.6363636363636365,,,,,1.6666666666666667,,0.7081545064377682,,,5.820070081768614,0.029133977201754882,,,,,,,,,76.60000000000004,2.321212121212122,79,2.393939393939394,,,,,,,,,,,,,,,,,,,"Carson Fulmer","18311",608334
"Jerry Blevins","SFG",0,0,,3.857142857142857,20,0,0,,,14,,12,7,6,2,7,1,1,17,10.928571428571429,4.5,2.4285714285714284,1.2857142857142858,,,,,1.3571428571428572,,0.7407407407407408,,,4.356866618565151,0.028851784219610543,,,,,,,,,57.800000000000026,4.128571428571431,54,3.857142857142857,,,,,,,,,,,,,,,,,,,"Jerry Blevins","7841",460283
"Bryan Shaw","COL",1,1,,5.318181818181818,23,0,0,,,22,,23,13,13,3,10,1,1,19,7.7727272727272725,4.090909090909091,1.9,1.2272727272727273,,,,,1.5,,0.6944444444444444,,,4.759464021162554,0.028414209632505155,,,,,,,,,71.1,3.2318181818181815,76,3.4545454545454546,,,,,,,,,,,,,,,,,,,"Bryan Shaw","8110",543766
"Cory Thompson","CIN",1,2,,4.909090909090909,17,0,0,,,22,,24,13,12,3,9,1,1,17,6.954545454545454,3.6818181818181817,1.8888888888888888,1.2272727272727273,,,,,1.5,,0.6944444444444444,,,4.804918566617099,0.028377148589188023,,,,,,,,,67.5,3.0681818181818183,75,3.409090909090909,,,,,,,,,,,,,,,,,,,"Cory Thompson","sa738349",642140
"James Norwood","CHC",1,1,,4.304347826086956,20,0,0,,,23,,20,12,11,3,14,0,1,27,10.565217391304348,5.478260869565218,1.9285714285714286,1.173913043478261,,,,,1.4782608695652173,,0.7382550335570469,,,4.518357301794964,0.028203751082033338,,,,,,,,,90.30000000000001,3.92608695652174,85,3.6956521739130435,,,,,,,,,,,,,,,,,,,"James Norwood","16440",656803
"Yadier Álvarez","LAD",0,1,,5.4,6,3,0,,,15,,13,10,9,2,13,0,1,18,10.8,7.8,1.3846153846153846,1.2,,,,,1.7333333333333334,,0.6896551724137931,,,5.347342809041342,0.027964677041361054,,,,,,,,,46.6,3.106666666666667,43,2.8666666666666667,,,,,,,,,,,,,,,,,,,"Yadier Alvarez","sa868984",665751
"Miguel Díaz","SDP",1,1,,5.318181818181818,10,3,0,,,22,,21,13,13,4,13,0,1,24,9.818181818181818,5.318181818181818,1.8461538461538463,1.6363636363636365,,,,,1.5454545454545454,,0.7394366197183099,,,5.304918566617099,0.027182364439806476,,,,,,,,,65,2.9545454545454546,64,2.909090909090909,,,,,,,,,,,,,,,,,,,"Miguel Diaz","18815",622766
"Luke Bard","LAA",1,2,,5.086956521739131,17,1,0,,,23,,23,14,13,4,10,0,2,22,8.608695652173912,3.9130434782608696,2.2,1.565217391304348,,,,,1.434782608695652,,0.6934306569343066,,,5.127052953968878,0.026851365452678286,,,,,,,,,69.19999999999999,3.0086956521739125,71,3.0869565217391304,,,,,,,,,,,,,,,,,,,"Luke Bard","14288",572703
"Yefry Ramírez","NYM",2,3,,5.108108108108108,11,6,0,,,37,,35,23,21,7,20,0,2,40,9.72972972972973,4.864864864864865,2,1.7027027027027026,,,,,1.4864864864864864,,0.7079646017699115,,,5.29509055678909,0.026716067770910387,,,,,,,,,110.69999999999999,2.9918918918918918,108,2.918918918918919,,,,,,,,,,,,,,,,,,,"Yefry Ramirez","15655",606162
"Craig Brooks","CHC",1,1,,4.5,16,0,0,,,20,,16,11,10,2,17,1,1,26,11.7,7.65,1.5294117647058822,0.9,,,,,1.65,,0.728476821192053,,,4.6140094757080075,0.025473339301632064,,,,,,,,,79.80000000000001,3.9900000000000007,72,3.6,,,,,,,,,,,,,,,,,,,"Craig Brooks","sa875197",663319
"Zac Rosscup","COL",0,0,,5.625,9,0,0,,,8,,7,5,5,1,6,0,0,10,11.25,6.75,1.6666666666666667,1.125,,,,,1.625,,0.6896551724137931,,,4.589009475708008,0.025373997650556937,,,,,,,,,30.700000000000006,3.837500000000001,29,3.625,,,,,,,,,,,,,,,,,,,"Zac Rosscup","9419",573127
"Sam Hentges","CLE",2,3,,5.8604651162790695,9,9,0,,,43,,47,30,28,7,26,0,3,35,7.325581395348837,5.441860465116279,1.3461538461538463,1.4651162790697674,,,,,1.697674418604651,,0.680379746835443,,,5.725637382684752,0.024707964319072205,,,,,,,,,92.89999999999996,2.160465116279069,107,2.488372093023256,,,,,,,,,,,,,,,,,,,"Sam Hentges","18548",656529
"Ashton Goudeau","COL",2,2,,6,8,6,0,,,30,,34,21,20,7,10,0,2,24,7.2,3,2.4,2.1,,,,,1.4666666666666666,,0.6725146198830408,,,5.847342809041342,0.024481619573641415,,,,,,,,,59.49999999999997,1.9833333333333323,71,2.3666666666666667,,,,,,,,,,,,,,,,,,,"Ashton Goudeau","15139",623485
"Jonny Venters","WSN",0,0,,4.5,14,0,0,,,10,,9,6,5,1,7,0,0,10,9,6.3,1.4285714285714286,0.9,,,,,1.6,,0.684931506849315,,,4.6140094757080075,0.02439823936672865,,,,,,,,,37.3,3.7299999999999995,36,3.6,,,,,,,,,,,,,,,,,,,"Jonny Venters","7175",458924
"Matt Albers","MIL",2,2,,4.7368421052631575,21,0,0,,,19,,18,10,10,3,7,1,1,18,8.526315789473685,3.3157894736842106,2.5714285714285716,1.4210526315789473,,,,,1.3157894736842106,,0.7211538461538461,,,4.635062107286956,0.023944471600936424,,,,,,,,,68.89999999999998,3.626315789473683,68,3.5789473684210527,,,,,,,,,,,,,,,,,,,"Matt Albers","4300",458006
"Braden Bristo","NYY",1,1,,4.714285714285714,14,0,0,,,21,,21,12,11,3,12,0,1,22,9.428571428571429,5.142857142857143,1.8333333333333333,1.2857142857142858,,,,,1.5714285714285714,,0.7291666666666666,,,4.8330570947556275,0.02390379602690682,,,,,,,,,68.9,3.2809523809523813,71,3.380952380952381,,,,,,,,,,,,,,,,,,,"Braden Bristo","20494",668754
"Kyle Dohy","PHI",2,3,,5.04,18,0,0,,,25,,19,15,14,3,25,0,1,39,14.04,9,1.56,1.08,,,,,1.76,,0.7286432160804021,,,4.774009475708008,0.02366952624391764,,,,,,,,,98.69999999999999,3.9479999999999995,86,3.44,,,,,,,,,,,,,,,,,,,"Kyle Dohy","20334",675971
"Edwin Uceta","LAD",2,3,,5.232558139534884,10,9,0,,,43,,44,27,25,9,20,0,3,41,8.581395348837209,4.186046511627907,2.05,1.8837209302325582,,,,,1.4883720930232558,,0.7198443579766537,,,5.6326141268707985,0.02355070770349172,,,,,,,,,106.1,2.467441860465116,111,2.5813953488372094,,,,,,,,,,,,,,,,,,,"Edwin Uceta","20539",670955
"Buddy Boshers","TOR",1,1,,4.2631578947368425,19,0,0,,,19,,18,10,9,3,8,0,1,19,9,3.789473684210526,2.375,1.4210526315789473,,,,,1.368421052631579,,0.7339449541284403,,,4.687693686234324,0.02316700314131046,,,,,,,,,67.89999999999998,3.5736842105263147,67,3.526315789473684,,,,,,,,,,,,,,,,,,,"Buddy Boshers","8490",542953
"Daniel Corcino","LAD",2,3,,5.594594594594595,9,7,0,,,37,,39,24,23,7,19,0,2,33,8.027027027027026,4.621621621621622,1.736842105263158,1.7027027027027026,,,,,1.5675675675675675,,0.7053941908713692,,,5.592387854086386,0.0225035411736001,,,,,,,,,89.29999999999998,2.413513513513513,97,2.6216216216216215,,,,,,,,,,,,,,,,,,,"Daniel Corcino","9266",542289
"Carlos Torres","SFG",1,1,,4.090909090909091,15,1,0,,,22,,22,11,10,3,9,0,1,20,8.181818181818182,3.6818181818181817,2.2222222222222223,1.2272727272727273,,,,,1.4090909090909092,,0.7462686567164178,,,4.532191293889826,0.022158149358592453,,,,,,,,,78.7,3.5772727272727276,81,3.6818181818181817,,,,,,,,,,,,,,,,,,,"Carlos Torres","7624",448614
"Brad Wilson","TOR",1,1,,4.7368421052631575,15,0,0,,,19,,19,10,10,3,8,1,1,18,8.526315789473685,3.789473684210526,2.25,1.4210526315789473,,,,,1.4210526315789473,,0.7456140350877193,,,4.79295684412906,0.022124429178310964,,,,,,,,,63.29999999999999,3.3315789473684205,65,3.4210526315789473,,,,,,,,,,,,,,,,,,,"Brad Wilson","sa3007247",681865
"Zach Thompson","CHW",1,1,,5,18,0,0,,,27,,27,16,15,4,13,0,1,24,8,4.333333333333333,1.8461538461538463,1.3333333333333333,,,,,1.4814814814814814,,0.6976744186046512,,,4.917713179411711,0.02078629471320995,,,,,,,,,86.40000000000002,3.2000000000000006,89,3.2962962962962963,,,,,,,,,,,,,,,,,,,"Zach Thompson","16094",605507
"Joe Navilhon","DET",1,1,,4.909090909090909,14,1,0,,,22,,24,13,12,4,7,0,1,18,7.363636363636363,2.8636363636363638,2.5714285714285716,1.6363636363636365,,,,,1.4090909090909092,,0.7086614173228347,,,5.032191293889826,0.02019705985491363,,,,,,,,,63.2,2.872727272727273,70,3.1818181818181817,,,,,,,,,,,,,,,,,,,"Joe Navilhon","sa918459",667700
"Jason Adam","CHC",1,1,,4.8,15,0,0,,,15,,13,8,8,2,9,0,1,16,9.6,5.4,1.7777777777777777,1.2,,,,,1.4666666666666666,,0.7291666666666667,,,4.8140094757080085,0.019095762142334934,,,,,,,,,54.6,3.64,51,3.4,,,,,,,,,,,,,,,,,,,"Jason Adam","11861",592094
"Layne Somsen","LAD",1,1,,4.909090909090909,9,0,0,,,11,,11,7,6,1,7,0,1,11,9,5.7272727272727275,1.5714285714285714,0.8181818181818182,,,,,1.6363636363636365,,0.6626506024096385,,,4.577645839344371,0.01899025634271781,,,,,,,,,38.50000000000001,3.5000000000000004,40,3.6363636363636362,,,,,,,,,,,,,,,,,,,"Layne Somsen","15301",643550
"Jake Barrett","NYY",1,0,,4.235294117647059,15,0,0,,,17,,14,9,8,3,9,0,1,19,10.058823529411764,4.764705882352941,2.111111111111111,1.588235294117647,,,,,1.3529411764705883,,0.7446808510638298,,,5.037538887472714,0.01853414305400829,,,,,,,,,60.50000000000001,3.558823529411765,54,3.176470588235294,,,,,,,,,,,,,,,,,,,"Jake Barrett","13322",545332
"Vincenzo Aiello","MIA",1,1,,4.5,14,0,0,,,18,,17,9,9,2,10,0,1,18,9,5,1.8,1,,,,,1.5,,0.7438016528925621,,,4.491787253485786,0.01839667836519957,,,,,,,,,67.40000000000002,3.7444444444444454,67,3.7222222222222223,,,,,,,,,,,,,,,,,,,"Vincenzo Aiello","sa3004320",664027
"James Pazos","COL",1,1,,5.318181818181818,21,0,0,,,22,,23,13,13,3,11,1,1,20,8.181818181818182,4.5,1.8181818181818181,1.2272727272727273,,,,,1.5454545454545454,,0.7046979865771812,,,4.804918566617099,0.018083911856754557,,,,,,,,,70.1,3.186363636363636,75,3.409090909090909,,,,,,,,,,,,,,,,,,,"James Pazos","13323",572021
"Cam Vieaux","PIT",2,3,,5.7272727272727275,9,9,0,,,44,,50,30,28,8,20,0,3,33,6.75,4.090909090909091,1.65,1.6363636363636365,,,,,1.5909090909090908,,0.6802721088435374,,,5.64582765752619,0.01798321513469199,,,,,,,,,94.20000000000002,2.140909090909091,113,2.5681818181818183,,,,,,,,,,,,,,,,,,,"Cam Vieaux","19529",664944
"Ian Gardeck","OAK",1,1,,4.8,13,0,0,,,15,,14,9,8,1,11,0,1,14,8.4,6.6,1.2727272727272727,0.6,,,,,1.6666666666666667,,0.6779661016949152,,,4.6140094757080075,0.01782057743249024,,,,,,,,,54.300000000000004,3.62,54,3.6,,,,,,,,,,,,,,,,,,,"Ian Gardeck","sa598115",571687
"Brandon Barnes","MIN",0,0,,9,1,0,0,,,1,,2,1,1,0,0,0,0,0,0,0,0,0,,,,,2,,0.5,,,3.214009475708008,0.017732948841772452,,,,,,,,,2.2,2.2,5,5,,,,,,,,,,,,,,,,,,,"Brandon Barnes","629",488681
"Harrison Musgrave","COL",1,1,,6,11,3,0,,,24,,27,17,16,5,11,0,1,20,7.5,4.125,1.8181818181818181,1.875,,,,,1.5833333333333333,,0.6774193548387096,,,5.755676142374675,0.017366318075258826,,,,,,,,,49.90000000000002,2.0791666666666675,59,2.4583333333333335,,,,,,,,,,,,,,,,,,,"Harrison Musgrave","16532",643466
"Drew Smith","NYM",1,1,,4.235294117647059,14,0,0,,,17,,16,9,8,2,7,0,1,14,7.411764705882353,3.7058823529411766,2,1.0588235294117647,,,,,1.3529411764705883,,0.6930693069306931,,,4.508127122766831,0.017295709471599075,,,,,,,,,63.600000000000016,3.741176470588236,63,3.7058823529411766,,,,,,,,,,,,,,,,,,,"Drew Smith","17755",622098
"Xavier Cedeño","CHC",0,0,,4.909090909090909,15,0,0,,,11,,10,6,6,1,7,0,0,10,8.181818181818182,5.7272727272727275,1.4285714285714286,0.8181818181818182,,,,,1.5454545454545454,,0.7051282051282052,,,4.4867367484352805,0.017255442819456752,,,,,,,,,42.10000000000001,3.827272727272728,41,3.727272727272727,,,,,,,,,,,,,,,,,,,"Xavier Cedeno","36",458584
"Chad Smith","MIA",1,1,,4.8,13,0,0,,,15,,14,9,8,1,11,1,1,15,9,6.6,1.3636363636363635,0.6,,,,,1.6666666666666667,,0.6779661016949152,,,4.480676142374675,0.017186102436683854,,,,,,,,,56.300000000000004,3.7533333333333334,56,3.7333333333333334,,,,,,,,,,,,,,,,,,,"Chad Smith","20190",663385
"Jimmy Yacabonis","SDP",1,1,,5.142857142857143,16,4,0,,,28,,29,17,16,4,16,1,1,22,7.071428571428571,5.142857142857143,1.375,1.2857142857142858,,,,,1.6071428571428572,,0.7106598984771574,,,5.321152332850865,0.017177294421103922,,,,,,,,,75.6,2.6999999999999997,81,2.892857142857143,,,,,,,,,,,,,,,,,,,"Jimmy Yacabonis","15157",642231
"Caleb Joseph","TOR",0,0,,9,1,0,0,,,1,,1,1,1,0,0,0,0,0,0,0,0,0,,,,,1,,0,,,3.214009475708008,0.01697536290505873,,,,,,,,,4.800000000000001,4.800000000000001,5,5,,,,,,,,,,,,,,,,,,,"Caleb Joseph","7087",543376
"Seth Martinez","OAK",2,2,,4.846153846153846,15,1,0,,,26,,29,16,14,4,9,0,1,19,6.576923076923077,3.1153846153846154,2.111111111111111,1.3846153846153846,,,,,1.4615384615384615,,0.6790123456790124,,,4.9063171680157005,0.016712837819211963,,,,,,,,,75.79999999999998,2.915384615384615,86,3.3076923076923075,,,,,,,,,,,,,,,,,,,"Seth Martinez","21045",661527
"Andrew Lee","WSN",1,2,,5.7272727272727275,10,5,0,,,33,,32,23,21,4,27,0,2,31,8.454545454545455,7.363636363636363,1.1481481481481481,1.0909090909090908,,,,,1.7878787878787878,,0.6741573033707865,,,5.547342809041341,0.01646171660110146,,,,,,,,,86.80000000000005,2.630303030303032,88,2.6666666666666665,,,,,,,,,,,,,,,,,,,"Andrew Lee","sa856275",622230
"Sean Kazmar Jr.","ATL",0,0,,9,1,0,0,,,1,,1,1,1,0,0,0,0,0,0,0,0,0,,,,,1,,0,,,3.214009475708008,0.016244384685664068,,,,,,,,,4.800000000000001,4.800000000000001,5,5,,,,,,,,,,,,,,,,,,,"Sean Kazmar Jr.","7349",453527
"Tommy Wilson","NYM",2,3,,5.351351351351352,8,7,0,,,37,,40,24,22,7,15,0,2,29,7.054054054054054,3.6486486486486487,1.9333333333333333,1.7027027027027026,,,,,1.4864864864864864,,0.6858407079646017,,,5.484279745978278,0.014360090645995423,,,,,,,,,90.69999999999999,2.451351351351351,101,2.72972972972973,,,,,,,,,,,,,,,,,,,"Tommy Wilson","sa3008072",681935
"Pedro Payano","NYM",2,3,,5.4,9,8,0,,,40,,41,26,24,6,23,0,2,33,7.425,5.175,1.434782608695652,1.35,,,,,1.6,,0.6834532374100719,,,5.389009475708008,0.014100599426841352,,,,,,,,,106.59999999999998,2.6649999999999996,113,2.825,,,,,,,,,,,,,,,,,,,"Pedro Payano","18313",622797
"Anthony Misiewicz","SEA",3,3,,5.5227272727272725,9,9,0,,,44,,49,29,27,10,14,0,2,35,7.159090909090909,2.8636363636363638,2.5,2.0454545454545454,,,,,1.4318181818181819,,0.6938775510204082,,,5.668554930253462,0.014065276544459441,,,,,,,,,97.20000000000002,2.2090909090909094,112,2.5454545454545454,,,,,,,,,,,,,,,,,,,"Anthony Misiewicz","18152",664948
"Tyler Olson","CHC",1,0,,3.857142857142857,17,0,0,,,14,,13,7,6,2,6,1,1,14,9,3.857142857142857,2.3333333333333335,1.2857142857142858,,,,,1.3571428571428572,,0.7407407407407408,,,4.571152332850865,0.01406322713794889,,,,,,,,,52.200000000000024,3.7285714285714304,51,3.642857142857143,,,,,,,,,,,,,,,,,,,"Tyler Olson","14741",621397
"Tayler Scott","BAL",1,1,,5.086956521739131,17,0,0,,,23,,24,14,13,3,13,0,2,21,8.217391304347826,5.086956521739131,1.6153846153846154,1.173913043478261,,,,,1.608695652173913,,0.701219512195122,,,5.040096432229747,0.01342575936771584,,,,,,,,,67.9,2.9521739130434783,73,3.1739130434782608,,,,,,,,,,,,,,,,,,,"Tayler Scott","13652",605463
"Allen Webster","CHC",1,1,,5.142857142857143,6,2,0,,,14,,16,9,8,2,7,0,1,11,7.071428571428571,4.5,1.5714285714285714,1.2857142857142858,,,,,1.6428571428571428,,0.6930693069306931,,,5.214009475708008,0.013273433959351235,,,,,,,,,35.4,2.5285714285714285,42,3,,,,,,,,,,,,,,,,,,,"Allen Webster","3993",543903
"Reymin Guduan","LAD",1,1,,4.764705882352941,15,0,0,,,17,,16,10,9,2,10,0,1,18,9.529411764705882,5.294117647058823,1.8,1.0588235294117647,,,,,1.5294117647058822,,0.6896551724137931,,,4.566950652178596,0.012892747154787474,,,,,,,,,62.600000000000016,3.6823529411764717,62,3.6470588235294117,,,,,,,,,,,,,,,,,,,"Reymin Guduan","13058",594056
"Jake Petricka","TOR",1,1,,4.7368421052631575,17,0,0,,,19,,20,11,10,3,7,0,1,17,8.052631578947368,3.3157894736842106,2.4285714285714284,1.4210526315789473,,,,,1.4210526315789473,,0.7017543859649122,,,4.740325265181692,0.012614690140813217,,,,,,,,,61.69999999999999,3.247368421052631,66,3.473684210526316,,,,,,,,,,,,,,,,,,,"Jake Petricka","10534",502593
"Dan Straily","BAL",2,3,,6.136363636363637,9,8,0,,,44,,51,33,30,12,17,1,2,37,7.568181818181818,3.477272727272727,2.176470588235294,2.4545454545454546,,,,,1.5454545454545454,,0.68359375,,,6.373100384798917,0.012538901057328248,,,,,,,,,62.400000000000006,1.4181818181818182,81,1.8409090909090908,,,,,,,,,,,,,,,,,,,"Dan Straily","9460",573185
"Ben Braymer","WSN",2,3,,5.651162790697675,9,8,0,,,43,,47,29,27,8,21,0,3,34,7.116279069767442,4.395348837209302,1.619047619047619,1.6744186046511629,,,,,1.5813953488372092,,0.6866197183098592,,,5.725637382684752,0.012530494885347927,,,,,,,,,93.59999999999998,2.1767441860465113,107,2.488372093023256,,,,,,,,,,,,,,,,,,,"Ben Braymer","20175",664069
"Jason García","TBR",1,2,,5.625,7,4,0,,,24,,27,16,15,3,14,0,1,16,6,5.25,1.1428571428571428,1.125,,,,,1.7083333333333333,,0.6793478260869565,,,5.380676142374675,0.012081697587567348,,,,,,,,,57.500000000000014,2.395833333333334,68,2.8333333333333335,,,,,,,,,,,,,,,,,,,"Jason Garcia","12143",592329
"JC Ramírez","LAA",1,2,,5.823529411764706,8,6,0,,,34,,39,24,22,7,13,0,1,23,6.088235294117647,3.4411764705882355,1.7692307692307692,1.8529411764705883,,,,,1.5294117647058822,,0.6635071090047393,,,5.7728330051197725,0.011846540896333746,,,,,,,,,68.1,2.0029411764705882,83,2.4411764705882355,,,,,,,,,,,,,,,,,,,"JC Ramirez","8302",500724
"Melvi Acosta","MIN",2,2,,5.333333333333333,10,3,0,,,27,,30,17,16,4,13,0,2,18,6,4.333333333333333,1.3846153846153846,1.3333333333333333,,,,,1.5925925925925926,,0.6951871657754011,,,5.473268734967267,0.01178270416107767,,,,,,,,,63.60000000000002,2.3555555555555565,74,2.740740740740741,,,,,,,,,,,,,,,,,,,"Melvi Acosta","sa917401",666673
"Tanner Rainey","WSN",1,1,,4.695652173913044,23,0,0,,,23,,17,13,12,3,19,0,1,33,12.91304347826087,7.434782608695652,1.736842105263158,1.173913043478261,,,,,1.565217391304348,,0.7232704402515723,,,4.64879208440366,0.010514113489932204,,,,,,,,,95.10000000000001,4.1347826086956525,82,3.5652173913043477,,,,,,,,,,,,,,,,,,,"Tanner Rainey","17610",663432
"Andrew Istler","WSN",1,1,,4.2631578947368425,13,0,0,,,19,,18,10,9,3,7,0,1,17,8.052631578947368,3.3157894736842106,2.4285714285714284,1.4210526315789473,,,,,1.3157894736842106,,0.7211538461538461,,,4.740325265181692,0.010451641431869737,,,,,,,,,66.89999999999998,3.521052631578946,66,3.473684210526316,,,,,,,,,,,,,,,,,,,"Andrew Istler","sa827457",595995
"Andrew Beckwith","KCR",1,1,,4.95,13,0,0,,,20,,21,11,11,2,9,1,1,13,5.85,4.05,1.4444444444444444,0.9,,,,,1.5,,0.698529411764706,,,4.714009475708008,0.010412739781491057,,,,,,,,,64.80000000000001,3.2400000000000007,70,3.5,,,,,,,,,,,,,,,,,,,"Andrew Beckwith","sa3004206",676079
"Collin Kober","SEA",1,1,,4.68,17,0,0,,,25,,25,13,13,4,10,1,1,24,8.64,3.6,2.4,1.44,,,,,1.4,,0.7482993197278912,,,4.6940094757080075,0.009535131964601037,,,,,,,,,85.80000000000001,3.4320000000000004,88,3.52,,,,,,,,,,,,,,,,,,,"Collin Kober","sa913150",676830
"Christian Bergman","SEA",2,3,,5.837837837837838,8,7,0,,,37,,44,26,24,8,11,0,1,25,6.081081081081081,2.675675675675676,2.272727272727273,1.945945945945946,,,,,1.4864864864864864,,0.6621004566210046,,,5.6464419081404404,0.008548296755130493,,,,,,,,,75,2.027027027027027,95,2.5675675675675675,,,,,,,,,,,,,,,,,,,"Christian Bergman","10925",548357
"Tony Cingrani","STL",0,0,,4.153846153846154,15,0,0,,,13,,12,6,6,2,6,0,1,15,10.384615384615385,4.153846153846154,2.5,1.3846153846153846,,,,,1.3846153846153846,,0.7894736842105263,,,4.5217017834003155,0.007896935543048171,,,,,,,,,49.39999999999999,3.7999999999999994,48,3.6923076923076925,,,,,,,,,,,,,,,,,,,"Tony Cingrani","12555",571561
"Drew Storen","PHI",1,1,,4.8,16,0,0,,,15,,15,9,8,2,6,1,2,13,7.8,3.6,2.1666666666666665,1.2,,,,,1.4,,0.6593406593406593,,,4.8140094757080085,0.00783443975289897,,,,,,,,,49.400000000000006,3.293333333333334,51,3.4,,,,,,,,,,,,,,,,,,,"Drew Storen","6983",519322
"Yunior Marte","KCR",1,1,,4.68,17,0,0,,,25,,24,14,13,3,14,1,1,23,8.28,5.04,1.6428571428571428,1.08,,,,,1.52,,0.7100591715976332,,,4.7340094757080085,0.007595203021151565,,,,,,,,,86.69999999999999,3.4679999999999995,87,3.48,,,,,,,,,,,,,,,,,,,"Yunior Marte","14416",628708
"Jonathan Cheshire","MIN",1,1,,4.8,10,0,0,,,15,,17,8,8,2,5,1,1,10,6,3,2,1.2,,,,,1.4666666666666666,,0.7291666666666667,,,4.8140094757080085,0.007276481134104416,,,,,,,,,44.2,2.9466666666666668,51,3.4,,,,,,,,,,,,,,,,,,,"Jonathan Cheshire","sa3004362",677012
"Logan Verrett","OAK",1,1,,5.04,10,3,0,,,25,,26,15,14,5,9,1,1,21,7.56,3.24,2.3333333333333335,1.8,,,,,1.4,,0.7142857142857143,,,5.334009475708008,0.006991360229940378,,,,,,,,,67.89999999999999,2.7159999999999997,72,2.88,,,,,,,,,,,,,,,,,,,"Logan Verrett","12905",548337
"Bryan Dobzanski","STL",1,1,,4.285714285714286,18,0,0,,,21,,19,11,10,2,13,1,1,20,8.571428571428571,5.571428571428571,1.5384615384615385,0.8571428571428571,,,,,1.5238095238095237,,0.7191780821917808,,,4.547342809041341,0.006768426598356098,,,,,,,,,79.4,3.7809523809523813,77,3.6666666666666665,,,,,,,,,,,,,,,,,,,"Bryan Dobzanski","sa829656",656377
"Brian Flynn","TEX",2,2,,5.4,10,1,0,,,25,,28,16,15,4,12,1,1,19,6.84,4.32,1.5833333333333333,1.44,,,,,1.6,,0.6976744186046512,,,5.334009475708008,0.005767215839875642,,,,,,,,,62.000000000000014,2.4800000000000004,72,2.88,,,,,,,,,,,,,,,,,,,"Brian Flynn","12027",543169
"José Ruiz","CHW",1,1,,5.142857142857143,19,0,0,,,21,,21,13,12,3,13,0,1,20,8.571428571428571,5.571428571428571,1.5384615384615385,1.2857142857142858,,,,,1.619047619047619,,0.7046979865771812,,,5.1663904280889605,0.005526553675737983,,,,,,,,,61.9,2.9476190476190474,64,3.0476190476190474,,,,,,,,,,,,,,,,,,,"Jose Ruiz","14552",614179
"Kevin McCarthy","KCR",1,1,,4.5,24,0,0,,,26,,29,14,13,3,10,1,1,17,5.884615384615385,3.4615384615384617,1.7,1.0384615384615385,,,,,1.5,,0.7183908045977012,,,4.67554793724647,0.0054657243642342625,,,,,,,,,81.1,3.119230769230769,92,3.5384615384615383,,,,,,,,,,,,,,,,,,,"Kevin McCarthy","15240",641838
"Miguel Sánchez","MIL",1,1,,4.5,14,1,0,,,22,,21,12,11,4,10,1,1,23,9.409090909090908,4.090909090909091,2.3,1.6363636363636365,,,,,1.4090909090909092,,0.7480314960629921,,,4.9867367484352805,0.005054858887950929,,,,,,,,,72,3.272727272727273,71,3.227272727272727,,,,,,,,,,,,,,,,,,,"Miguel Sanchez","20074",667376
"Parker Curry","LAD",2,2,,5.181818181818182,10,4,0,,,33,,36,20,19,7,11,0,2,28,7.636363636363637,3,2.5454545454545454,1.9090909090909092,,,,,1.4242424242424243,,0.7258064516129031,,,5.45643371813225,0.004952920301406483,,,,,,,,,81.50000000000001,2.46969696969697,91,2.757575757575758,,,,,,,,,,,,,,,,,,,"Parker Curry","sa977821",671066
"Jake Kalish","KCR",2,3,,5.4,10,4,0,,,40,,47,26,24,8,11,0,2,26,5.85,2.475,2.3636363636363638,1.8,,,,,1.45,,0.6837606837606838,,,5.4890094757080075,0.004745783510327679,,,,,,,,,88.39999999999999,2.21,109,2.725,,,,,,,,,,,,,,,,,,,"Jake Kalish","sa709032",592455
"Jake Newberry","KCR",1,1,,4.695652173913044,19,0,0,,,23,,23,13,12,3,12,1,1,20,7.826086956521739,4.695652173913044,1.6666666666666667,1.173913043478261,,,,,1.5217391304347827,,0.7142857142857143,,,4.8661833887514865,0.0045626863403376815,,,,,,,,,74.5,3.239130434782609,77,3.347826086956522,,,,,,,,,,,,,,,,,,,"Jake Newberry","15136",623470
"Durbin Feltman","BOS",1,1,,5,16,0,0,,,18,,17,10,10,2,11,0,1,17,8.5,5.5,1.5454545454545454,1,,,,,1.5555555555555556,,0.7142857142857143,,,4.769565031263563,0.004321907190149327,,,,,,,,,62.40000000000002,3.4666666666666677,62,3.4444444444444446,,,,,,,,,,,,,,,,,,,"Durbin Feltman","sa3007959",664687
"Kaleb Ort","NYY",1,1,,4.764705882352941,13,0,0,,,17,,14,10,9,2,14,0,1,21,11.117647058823529,7.411764705882353,1.5,1.0588235294117647,,,,,1.6470588235294117,,0.7142857142857143,,,4.919891828649185,0.003885622039034989,,,,,,,,,61.80000000000002,3.63529411764706,56,3.2941176470588234,,,,,,,,,,,,,,,,,,,"Kaleb Ort","20061",672391
"Evan Phillips","BAL",1,1,,5.25,19,0,0,,,24,,23,15,14,4,15,0,2,28,10.5,5.625,1.8666666666666667,1.5,,,,,1.5833333333333333,,0.7098765432098766,,,5.172342809041341,0.003848803055861447,,,,,,,,,73.60000000000002,3.0666666666666678,73,3.0416666666666665,,,,,,,,,,,,,,,,,,,"Evan Phillips","17734",623465
"Dan Runzler","BOS",0,0,,5.7272727272727275,11,0,0,,,11,,12,7,7,1,8,1,0,10,8.181818181818182,6.545454545454546,1.25,0.8181818181818182,,,,,1.8181818181818181,,0.6989247311827956,,,4.759464021162554,0.003830603318167327,,,,,,,,,33.900000000000006,3.0818181818181825,38,3.4545454545454546,,,,,,,,,,,,,,,,,,,"Dan Runzler","4080",502130
"Branden Kline","BAL",1,1,,5.086956521739131,20,0,0,,,23,,24,14,13,4,11,0,1,20,7.826086956521739,4.304347826086956,1.8181818181818181,1.565217391304348,,,,,1.5217391304347827,,0.7142857142857143,,,5.300965997447138,0.0033383553147296463,,,,,,,,,62.60000000000001,2.721739130434783,67,2.9130434782608696,,,,,,,,,,,,,,,,,,,"Branden Kline","14101",571858
"Austin Adams","MIN",1,1,,5.4,15,1,0,,,20,,21,13,12,3,11,0,1,17,7.65,4.95,1.5454545454545454,1.35,,,,,1.6,,0.6834532374100719,,,5.264009475708008,0.0030457323250411405,,,,,,,,,54.49999999999999,2.7249999999999996,59,2.95,,,,,,,,,,,,,,,,,,,"Austin Adams","7411",542866
"Melvin Adón","SFG",1,2,,4.68,13,3,0,,,25,,24,14,13,3,17,0,1,24,8.64,6.12,1.411764705882353,1.08,,,,,1.64,,0.7336956521739131,,,5.014009475708008,0.0026290277694105933,,,,,,,,,79.69999999999999,3.1879999999999997,80,3.2,,,,,,,,,,,,,,,,,,,"Melvin Adon","sa873314",661536
"Yency Almonte","COL",1,1,,5.1923076923076925,24,0,0,,,26,,26,16,15,4,14,0,1,23,7.961538461538462,4.846153846153846,1.6428571428571428,1.3846153846153846,,,,,1.5384615384615385,,0.6976744186046512,,,5.17554793724647,0.002416965346511266,,,,,,,,,76.59999999999998,2.9461538461538455,79,3.0384615384615383,,,,,,,,,,,,,,,,,,,"Yency Almonte","15068",622075
"Ty Culbreth","COL",2,2,,6.2727272727272725,7,7,0,,,33,,43,24,23,7,11,0,2,19,5.181818181818182,3,1.7272727272727273,1.9090909090909092,,,,,1.6363636363636365,,0.6787330316742081,,,6.001888263586796,0.0023792447423412605,,,,,,,,,45.300000000000026,1.3727272727272735,73,2.212121212121212,,,,,,,,,,,,,,,,,,,"Ty Culbreth","sa918095",621346
"Brendan McCurry","HOU",2,1,,4.5,16,0,0,,,22,,21,12,11,4,8,1,1,22,9,3.272727272727273,2.75,1.6363636363636365,,,,,1.3181818181818181,,0.7264957264957266,,,4.804918566617099,0.0022381120109873642,,,,,,,,,76.00000000000003,3.454545454545456,75,3.409090909090909,,,,,,,,,,,,,,,,,,,"Brendan McCurry","sa829486",657680
"John Gorman","OAK",1,1,,4.95,15,0,0,,,20,,21,12,11,3,8,1,1,18,8.1,3.6,2.25,1.35,,,,,1.45,,0.6854838709677419,,,4.714009475708008,0.0019322479888147677,,,,,,,,,65.5,3.275,70,3.5,,,,,,,,,,,,,,,,,,,"John Gorman","sa602627",595966
"Logan Cozart","COL",1,1,,5.142857142857143,17,0,0,,,21,,23,13,12,3,9,0,1,16,6.857142857142857,3.857142857142857,1.7777777777777777,1.2857142857142858,,,,,1.5238095238095237,,0.6834532374100719,,,4.97591423761277,0.0018942874454670423,,,,,,,,,60.699999999999996,2.8904761904761904,68,3.238095238095238,,,,,,,,,,,,,,,,,,,"Logan Cozart","sa875283",664910
"Jon Olczak","MIL",1,1,,4.7368421052631575,14,0,0,,,19,,19,10,10,3,7,0,1,17,8.052631578947368,3.3157894736842106,2.4285714285714284,1.4210526315789473,,,,,1.368421052631579,,0.7339449541284403,,,4.740325265181692,0.001825451841475435,,,,,,,,,64.29999999999998,3.3842105263157887,66,3.473684210526316,,,,,,,,,,,,,,,,,,,"Jon Olczak","sa875297",664144
"Héctor Rondón","ARI",1,1,,4.05,21,0,0.675000011920929,,,20,,20,10,9,3,6,0,1,17,7.65,2.7,2.8333333333333335,1.35,,,,,1.3,,0.7339449541284403,,,4.514009475708008,0.0009537572631829585,,,,,,,,,75.47500005960464,3.7737500029802318,77.37500005960464,3.8687500029802324,,,,,,,,,,,,,,,,,,,"Hector Rondon","2391",444468
"Edgar Santana","PIT",1,1,,4.5,17,0,0,,,20,,20,10,10,3,6,0,1,15,6.75,2.7,2.5,1.35,,,,,1.3,,0.7339449541284403,,,4.714009475708008,-0.0004080104348145458,,,,,,,,,68.1,3.405,70,3.5,,,,,,,,,,,,,,,,,,,"Edgar Santana","17355",650828
"Ronald Herrera","TEX",2,3,,6.2727272727272725,8,7,0,,,33,,41,24,23,7,11,0,2,18,4.909090909090909,3,1.6363636363636365,1.9090909090909092,,,,,1.5757575757575757,,0.6635071090047393,,,6.062494324192857,-0.0004503554969776027,,,,,,,,,48.500000000000014,1.4696969696969702,71,2.1515151515151514,,,,,,,,,,,,,,,,,,,"Ronald Herrera","15688",622703
"Alejandro Mateo","MIA",1,2,,4.875,14,1,0,,,24,,24,14,13,3,13,0,1,21,7.875,4.875,1.6153846153846154,1.125,,,,,1.5416666666666667,,0.701219512195122,,,4.839009475708008,-0.0012316419110904126,,,,,,,,,78.30000000000001,3.2625000000000006,81,3.375,,,,,,,,,,,,,,,,,,,"Alejandro Mateo","sa918495",670376
"Travis Bergen","TOR",0,1,,5.142857142857143,14,0,0,,,14,,13,9,8,2,7,0,1,13,8.357142857142858,4.5,1.8571428571428572,1.2857142857142858,,,,,1.4285714285714286,,0.6395348837209303,,,4.928295189993722,-0.0024758076172304005,,,,,,,,,47.200000000000024,3.371428571428573,46,3.2857142857142856,,,,,,,,,,,,,,,,,,,"Travis Bergen","18581",664157
"Conner Greene","KCR",2,3,,5.625,12,6,0,,,40,,44,27,25,4,29,0,3,27,6.075,6.525,0.9310344827586207,0.9,,,,,1.825,,0.6824925816023738,,,5.5640094757080085,-0.0027761439454152296,,,,,,,,,90.4,2.2600000000000002,106,2.65,,,,,,,,,,,,,,,,,,,"Conner Greene","16455",641632
"Mark Leiter Jr.","TOR",1,1,,5.294117647058823,14,0,0,,,17,,17,10,10,3,7,0,1,17,9,3.7058823529411766,2.4285714285714284,1.588235294117647,,,,,1.411764705882353,,0.7070707070707071,,,4.919891828649185,-0.0029646387347728623,,,,,,,,,54.7,3.2176470588235295,56,3.2941176470588234,,,,,,,,,,,,,,,,,,,"Mark Leiter Jr.","15551",643410
"Ryan Cook","MIA",0,1,,4.5,11,0,0,,,10,,10,6,5,1,6,0,1,10,9,5.4,1.6666666666666667,0.9,,,,,1.6,,0.684931506849315,,,4.6140094757080075,-0.0034414412434154626,,,,,,,,,34.7,3.47,36,3.6,,,,,,,,,,,,,,,,,,,"Ryan Cook","8855",475857
"Jeff Singer","PHI",1,1,,4.714285714285714,16,0,0,,,21,,19,11,11,3,13,0,1,23,9.857142857142858,5.571428571428571,1.7692307692307692,1.2857142857142858,,,,,1.5238095238095237,,0.7553956834532374,,,4.880676142374675,-0.003759716693732454,,,,,,,,,73.1,3.4809523809523806,70,3.3333333333333335,,,,,,,,,,,,,,,,,,,"Jeff Singer","sa919323",666563
"Zack Brown","MIL",1,2,,5.571428571428571,9,8,0,,,42,,46,28,26,8,21,0,2,34,7.285714285714286,4.5,1.619047619047619,1.7142857142857142,,,,,1.5952380952380953,,0.6989247311827957,,,5.714009475708008,-0.004339076585112974,,,,,,,,,91.8,2.1857142857142855,105,2.5,,,,,,,,,,,,,,,,,,,"Zack Brown","sa738901",641409
"Jared Hughes","HOU",2,1,,3.9130434782608696,24,0,0,,,23,,21,11,10,3,9,1,1,17,6.6521739130434785,3.5217391304347827,1.8888888888888888,1.173913043478261,,,,,1.3043478260869565,,0.7364341085271318,,,4.73574860614279,-0.005332617312693163,,,,,,,,,82.70000000000002,3.5956521739130443,80,3.4782608695652173,,,,,,,,,,,,,,,,,,,"Jared Hughes","9325",453172
"Sean Burnett","NYM",0,0,,5,9,0,0,,,9,,9,5,5,1,4,0,0,6,6,4,1.5,1,,,,,1.4444444444444444,,0.6896551724137931,,,4.658453920152453,-0.005900563935753438,,,,,,,,,30.90000000000001,3.4333333333333345,32,3.5555555555555554,,,,,,,,,,,,,,,,,,,"Sean Burnett","1886",430634
"Josh Staumont","KCR",1,2,,5.225806451612903,15,6,0,,,31,,28,19,18,4,26,1,2,34,9.870967741935484,7.548387096774194,1.3076923076923077,1.1612903225806452,,,,,1.7419354838709677,,0.7231404958677686,,,5.407557862804782,-0.006023889299100186,,,,,,,,,91.39999999999999,2.9483870967741934,87,2.806451612903226,,,,,,,,,,,,,,,,,,,"Josh Staumont","18335",622251
"Danny Farquhar","NYY",1,1,,4.764705882352941,17,0,0,,,17,,17,10,9,3,8,0,1,18,9.529411764705882,4.235294117647059,2.25,1.588235294117647,,,,,1.4705882352941178,,0.7211538461538461,,,4.978715358060949,-0.00661607723621415,,,,,,,,,53.7,3.158823529411765,55,3.235294117647059,,,,,,,,,,,,,,,,,,,"Danny Farquhar","8501",543144
"Ryley Gilliam","NYM",1,1,,4.5,11,0,0,,,14,,12,8,7,2,9,0,1,18,11.571428571428571,5.785714285714286,2,1.2857142857142858,,,,,1.5,,0.7142857142857143,,,4.642580904279437,-0.006672924766611666,,,,,,,,,53.800000000000026,3.8428571428571447,50,3.5714285714285716,,,,,,,,,,,,,,,,,,,"Ryley Gilliam","sa3008225",663894
"Jordan Stephens","CLE",2,3,,5.921052631578948,9,7,0,,,38,,43,27,25,8,16,0,2,31,7.342105263157895,3.789473684210526,1.9375,1.894736842105263,,,,,1.5526315789473684,,0.6694560669456068,,,5.740325265181692,-0.0067560348720050335,,,,,,,,,78.99999999999999,2.078947368421052,94,2.473684210526316,,,,,,,,,,,,,,,,,,,"Jordan Stephens","sa875031",596111
"Hunter Cervenka","BAL",1,1,,4.764705882352941,17,0,0,,,17,,15,10,9,3,10,0,1,19,10.058823529411764,5.294117647058823,1.9,1.588235294117647,,,,,1.4705882352941178,,0.7211538461538461,,,5.214009475708008,-0.006842389793242747,,,,,,,,,54.900000000000006,3.229411764705883,51,3,,,,,,,,,,,,,,,,,,,"Hunter Cervenka","10510",543017
"Tom Hackimer","MIN",1,1,,4.7368421052631575,13,0,0,,,19,,18,11,10,2,13,0,1,18,8.526315789473685,6.157894736842105,1.3846153846153846,0.9473684210526315,,,,,1.631578947368421,,0.7092198581560284,,,4.898220002023797,-0.007769108904254355,,,,,,,,,63.199999999999996,3.326315789473684,63,3.3157894736842106,,,,,,,,,,,,,,,,,,,"Tom Hackimer","sa872726",664785
"Tim Peterson","NYM",1,1,,4.285714285714286,18,0,0,,,21,,21,11,10,4,7,1,1,21,9,3,3,1.7142857142857142,,,,,1.3333333333333333,,0.7589285714285715,,,4.8330570947556275,-0.007809660340404752,,,,,,,,,69.6,3.314285714285714,71,3.380952380952381,,,,,,,,,,,,,,,,,,,"Tim Peterson","13946",623402
"Jake McGee","COL",1,0,,5.0625,19,0,0,,,16,,17,10,9,3,5,0,1,14,7.875,2.8125,2.8,1.6875,,,,,1.375,,0.6741573033707865,,,5.026509475708008,-0.007841831243806786,,,,,,,,,47.3,2.95625,51,3.1875,,,,,,,,,,,,,,,,,,,"Jake McGee","7550",459429
"Marcos Diplán","BAL",1,2,,5.896551724137931,13,5,0,,,29,,30,21,19,4,26,0,2,28,8.689655172413794,8.068965517241379,1.0769230769230769,1.2413793103448276,,,,,1.9310344827586208,,0.6944444444444444,,,5.972630165363181,-0.008038893599870445,,,,,,,,,59.400000000000034,2.0482758620689667,65,2.2413793103448274,,,,,,,,,,,,,,,,,,,"Marcos Diplan","17583",650959
"Trevor Lane","NYY",1,1,,4.68,16,0,0,,,25,,25,14,13,4,11,0,1,22,7.92,3.96,2,1.44,,,,,1.44,,0.7236842105263158,,,4.974009475708008,-0.008374708557161697,,,,,,,,,78.80000000000001,3.1520000000000006,81,3.24,,,,,,,,,,,,,,,,,,,"Trevor Lane","sa918196",670065
"Shawn Kelley","TEX",1,1,,5.0625,18,0,0,,,16,,17,10,9,4,4,1,0,16,9,2.25,4,2.25,,,,,1.3125,,0.7142857142857143,,,5.214009475708008,-0.008543919425583758,,,,,,,,,45,2.8125,48,3,,,,,,,,,,,,,,,,,,,"Shawn Kelley","7773",518875
"José Cisnero","DET",1,1,,5.25,22,0,0.23399999737739563,,,24,,24,15,14,4,14,1,1,26,9.75,5.25,1.8571428571428572,1.5,,,,,1.5833333333333333,,0.7098765432098766,,,5.089009475708008,-0.008647606854446608,,,,,,,,,74.169999986887,3.090416666120292,76.16999998688698,3.1737499994536242,,,,,,,,,,,,,,,,,,,"Jose Cisnero","6399",542585
"Devin Williams","MIL",1,1,,4.695652173913044,18,0,0,,,23,,20,13,12,3,17,0,1,29,11.347826086956522,6.6521739130434785,1.7058823529411764,1.173913043478261,,,,,1.608695652173913,,0.7317073170731708,,,4.73574860614279,-0.008688354317127984,,,,,,,,,85.30000000000001,3.7086956521739136,80,3.4782608695652173,,,,,,,,,,,,,,,,,,,"Devin Williams","15816",642207
"Ross Detwiler","CHW",1,2,,6.2727272727272725,8,6,0,,,33,,40,24,23,7,13,0,1,22,6,3.5454545454545454,1.6923076923076923,1.9090909090909092,,,,,1.606060606060606,,0.6712962962962963,,,5.910979172677704,-0.008856400609869322,,,,,,,,,56.10000000000002,1.7000000000000006,76,2.303030303030303,,,,,,,,,,,,,,,,,,,"Ross Detwiler","2859",446321
"Cody Stull","OAK",1,1,,4.5,13,0,0,,,18,,19,10,9,2,9,0,1,14,7,4.5,1.5555555555555556,1,,,,,1.5555555555555556,,0.7142857142857143,,,4.769565031263563,-0.009152570361291232,,,,,,,,,57.200000000000024,3.177777777777779,62,3.4444444444444446,,,,,,,,,,,,,,,,,,,"Cody Stull","sa829651",642119
"Ryan Moseley","LAD",1,1,,4.666666666666667,17,1,0,,,27,,26,15,14,2,20,0,2,22,7.333333333333333,6.666666666666667,1.1,0.6666666666666666,,,,,1.7037037037037037,,0.7175925925925926,,,4.991787253485786,-0.009616386147493931,,,,,,,,,85.60000000000001,3.1703703703703705,87,3.2222222222222223,,,,,,,,,,,,,,,,,,,"Ryan Moseley","sa738670",641899
"Dietrich Enns","SDP",3,4,,5.5227272727272725,9,8,0,,,44,,50,29,27,8,20,0,2,32,6.545454545454546,4.090909090909091,1.6,1.6363636363636365,,,,,1.5909090909090908,,0.6972789115646258,,,5.623100384798917,-0.009618807057979092,,,,,,,,,95.20000000000002,2.163636363636364,114,2.590909090909091,,,,,,,,,,,,,,,,,,,"Dietrich Enns","13932",608650
"Josh Fields","TEX",1,1,,5.538461538461538,14,0,0,,,13,,14,8,8,3,4,0,0,13,9,2.769230769230769,3.25,2.076923076923077,,,,,1.3846153846153846,,0.7246376811594203,,,5.137086398784931,-0.009638147975489989,,,,,,,,,36.9,2.838461538461538,40,3.076923076923077,,,,,,,,,,,,,,,,,,,"Josh Fields","5070",451661
"Shane Carle","TEX",1,1,,4.95,15,0,0,,,20,,21,12,11,3,10,1,1,15,6.75,4.5,1.5,1.35,,,,,1.55,,0.708955223880597,,,5.3140094757080085,-0.010029217057590599,,,,,,,,,53.49999999999999,2.675,58,2.9,,,,,,,,,,,,,,,,,,,"Shane Carle","15258",641438
"Daniel Stumpf","ATL",1,1,,4.764705882352941,23,0,0,,,17,,17,9,9,3,7,1,0,17,9,3.7058823529411766,2.4285714285714284,1.588235294117647,,,,,1.411764705882353,,0.7575757575757576,,,4.74342124041389,-0.010440114368108405,,,,,,,,,57.7,3.394117647058824,59,3.4705882352941178,,,,,,,,,,,,,,,,,,,"Daniel Stumpf","13780",621385
"Jandel Gustave","SFG",1,1,,4.285714285714286,21,0,0,,,21,,20,11,10,2,10,0,1,16,6.857142857142857,4.285714285714286,1.6,0.8571428571428571,,,,,1.4285714285714286,,0.698529411764706,,,4.499723761422294,-0.010795728219204697,,,,,,,,,77.80000000000001,3.7047619047619054,78,3.7142857142857144,,,,,,,,,,,,,,,,,,,"Jandel Gustave","14665",594311
"Wei-Chieh Huang","TEX",1,1,,5.85,12,2,0,,,20,,21,14,13,4,13,0,1,21,9.45,5.85,1.6153846153846154,1.8,,,,,1.7,,0.7042253521126761,,,5.8140094757080085,-0.011205519164063496,,,,,,,,,44.199999999999996,2.21,48,2.4,,,,,,,,,,,,,,,,,,,"Wei-Chieh Huang","17508",658791
"David Speer","CLE",1,1,,4.95,14,1,0,,,20,,22,12,11,3,8,1,1,14,6.3,3.6,1.75,1.35,,,,,1.5,,0.6976744186046512,,,5.1140094757080075,-0.011588133710566847,,,,,,,,,54.89999999999999,2.7449999999999997,62,3.1,,,,,,,,,,,,,,,,,,,"David Speer","sa827385",656991
"Brandon White","ATL",1,1,,4.7368421052631575,13,0,0,,,19,,18,11,10,2,12,1,1,18,8.526315789473685,5.684210526315789,1.5,0.9473684210526315,,,,,1.5789473684210527,,0.698529411764706,,,4.740325265181692,-0.0123150702329464,,,,,,,,,66.19999999999999,3.4842105263157888,66,3.473684210526316,,,,,,,,,,,,,,,,,,,"Brandon White","sa918249",668987
"Mike Shawaryn","BOS",1,2,,6.081081081081081,9,7,0,,,37,,41,27,25,8,17,0,2,30,7.297297297297297,4.135135135135135,1.7647058823529411,1.945945945945946,,,,,1.5675675675675675,,0.6623931623931625,,,5.943739205437738,-0.01263265795511058,,,,,,,,,71.8,1.9405405405405405,84,2.27027027027027,,,,,,,,,,,,,,,,,,,"Mike Shawaryn","19495",642067
"Trevor Rosenthal","KCR",0,1,,5.25,14,0,0.6370000243186951,,,12,,11,8,7,1,11,0,1,15,11.25,8.25,1.3636363636363635,0.75,,,,,1.8333333333333333,,0.6796116504854368,,,4.797342809041341,-0.013422269454708275,,,,,,,,,45.08500012159349,3.757083343466124,44.185000121593475,3.682083343466123,,,,,,,,,,,,,,,,,,,"Trevor Rosenthal","10745",572096
"Paco Rodríguez","SDP",1,1,,4.8,10,0,0,,,15,,16,8,8,2,6,0,1,12,7.2,3.6,2,1.2,,,,,1.4666666666666666,,0.7291666666666667,,,4.747342809041341,-0.014207837418520008,,,,,,,,,47.800000000000004,3.186666666666667,52,3.466666666666667,,,,,,,,,,,,,,,,,,,"Paco Rodriguez","13398",572089
"Brett Cecil","STL",1,1,,4.846153846153846,16,0,0,,,13,,14,7,7,2,5,1,0,11,7.615384615384615,3.4615384615384617,2.2,1.3846153846153846,,,,,1.4615384615384615,,0.7407407407407408,,,4.67554793724647,-0.014467383930016389,,,,,,,,,42.199999999999996,3.2461538461538457,46,3.5384615384615383,,,,,,,,,,,,,,,,,,,"Brett Cecil","2660",446399
"Wily Peralta","KCR",1,1,,5,18,0,0,,,18,,19,10,10,2,10,0,1,14,7,5,1.4,1,,,,,1.6111111111111112,,0.7251908396946565,,,4.93623169793023,-0.014661608367951051,,,,,,,,,54.200000000000024,3.0111111111111124,59,3.2777777777777777,,,,,,,,,,,,,,,,,,,"Wily Peralta","7738",503449
"Jonathan Dziedzic","KCR",1,2,,5.806451612903226,9,5,0,,,31,,36,21,20,5,15,0,1,19,5.516129032258065,4.354838709677419,1.2666666666666666,1.4516129032258065,,,,,1.6451612903225807,,0.6818181818181818,,,5.633364314417685,-0.014904386413006114,,,,,,,,,64.29999999999997,2.074193548387096,80,2.5806451612903225,,,,,,,,,,,,,,,,,,,"Jonathan Dziedzic","sa659070",571639
"Andrew Wantz","LAA",2,3,,5.5588235294117645,9,6,0,,,34,,36,23,21,7,19,0,2,31,8.205882352941176,5.029411764705882,1.631578947368421,1.8529411764705883,,,,,1.6176470588235294,,0.7079646017699115,,,5.919891828649185,-0.015187251128754532,,,,,,,,,70.89999999999999,2.0852941176470585,78,2.2941176470588234,,,,,,,,,,,,,,,,,,,"Andrew Wantz","24933",681806
"Matt Milburn","OAK",3,3,,5.58,9,9,0,,,50,,60,34,31,10,13,0,3,26,4.68,2.34,2,1.8,,,,,1.46,,0.6610169491525424,,,5.7340094757080085,-0.0156131388189664,,,,,,,,,95,1.9,124,2.48,,,,,,,,,,,,,,,,,,,"Matt Milburn","sa913084",670343
"Donnie Dewees","CHC",0,0,,9,2,0,0,,,1,,2,1,1,0,1,0,0,0,0,9,0,0,,,,,3,,0.6666666666666666,,,6.214009475708008,-0.01600560165630181,,,,,,,,,-0.7999999999999998,-0.7999999999999998,2,2,,,,,,,,,,,,,,,,,,,"Donnie Dewees","sa858802",664159
"Jonathon Niese","SEA",1,3,,5.684210526315789,8,7,0,,,38,,44,26,24,8,14,0,1,27,6.394736842105263,3.3157894736842106,1.9285714285714286,1.894736842105263,,,,,1.5263157894736843,,0.6837606837606838,,,5.714009475708008,-0.016270335850407477,,,,,,,,,77.39999999999998,2.0368421052631573,95,2.5,,,,,,,,,,,,,,,,,,,"Jonathon Niese","4424",477003
"Yoan López","ARI",1,1,,4.285714285714286,23,0,0,,,21,,20,11,10,3,9,1,1,19,8.142857142857142,3.857142857142857,2.111111111111111,1.2857142857142858,,,,,1.380952380952381,,0.7258064516129032,,,4.690199951898484,-0.01688394548689609,,,,,,,,,74.5,3.5476190476190474,74,3.5238095238095237,,,,,,,,,,,,,,,,,,,"Yoan Lopez","17181",661255
"Mike Wright Jr.","SEA",1,2,,5.294117647058823,13,4,0,,,34,,37,22,20,7,11,0,3,30,7.9411764705882355,2.911764705882353,2.727272727272727,1.8529411764705883,,,,,1.411764705882353,,0.6806282722513088,,,5.36106829923742,-0.01720171777048799,,,,,,,,,87.3,2.567647058823529,97,2.8529411764705883,,,,,,,,,,,,,,,,,,,"Mike Wright Jr.","12586",605541
"Jenrry Mejia","BOS",2,1,,4.5,16,0,0,,,18,,19,10,9,3,6,0,1,15,7.5,3,2.5,1.5,,,,,1.3888888888888888,,0.7211538461538461,,,4.880676142374675,-0.017203286993365458,,,,,,,,,55.90000000000001,3.105555555555556,60,3.3333333333333335,,,,,,,,,,,,,,,,,,,"Jenrry Mejia","8476",516769
"Logan Ondrusek","WSN",1,1,,6,9,4,0,,,24,,27,17,16,5,10,0,1,20,7.5,3.75,2,1.875,,,,,1.5416666666666667,,0.6666666666666666,,,5.630676142374675,-0.017937662684097945,,,,,,,,,52.90000000000002,2.2041666666666675,62,2.5833333333333335,,,,,,,,,,,,,,,,,,,"Logan Ondrusek","3677",446185
"John Nogowski","STL",0,0,,9,1,0,0,,,1,,2,1,1,0,1,0,0,0,0,9,0,0,,,,,3,,0.6666666666666666,,,6.214009475708008,-0.018054107028095616,,,,,,,,,-0.7999999999999998,-0.7999999999999998,2,2,,,,,,,,,,,,,,,,,,,"John Nogowski","16852",596056
"Reid Humphreys","COL",1,0,,5.25,14,0,0,,,12,,12,7,7,2,6,0,1,12,9,4.5,2,1.5,,,,,1.5,,0.7236842105263158,,,5.130676142374675,-0.018109413767452204,,,,,,,,,36.000000000000014,3.0000000000000013,37,3.0833333333333335,,,,,,,,,,,,,,,,,,,"Reid Humphreys","sa738685",641714
"Eric Stout","CIN",1,1,,5.478260869565218,11,2,0,,,23,,24,15,14,4,12,0,1,19,7.434782608695652,4.695652173913044,1.5833333333333333,1.565217391304348,,,,,1.565217391304348,,0.6907894736842105,,,5.518357301794964,-0.01823155613669665,,,,,,,,,57.60000000000001,2.5043478260869567,62,2.6956521739130435,,,,,,,,,,,,,,,,,,,"Eric Stout","16873",657770
"Ryan Burr","CHW",1,1,,5.4,13,0,0,,,15,,14,9,9,2,10,0,1,16,9.6,6,1.6,1.2,,,,,1.6,,0.7075471698113208,,,5.014009475708008,-0.018333585232578366,,,,,,,,,49.00000000000001,3.266666666666667,48,3.2,,,,,,,,,,,,,,,,,,,"Ryan Burr","17536",621114
"Dan Altavilla","SEA",1,1,,4.5,18,0,0,,,18,,15,10,9,3,10,0,1,22,11,5,2.2,1.5,,,,,1.3888888888888888,,0.7211538461538461,,,4.769565031263563,-0.019618747471091935,,,,,,,,,68.30000000000001,3.794444444444445,62,3.4444444444444446,,,,,,,,,,,,,,,,,,,"Dan Altavilla","16507",656186
"Jhonatan German","WSN",1,1,,4.714285714285714,16,0,0,,,21,,22,12,11,3,9,0,1,17,7.285714285714286,3.857142857142857,1.8888888888888888,1.2857142857142858,,,,,1.4761904761904763,,0.708955223880597,,,4.880676142374675,-0.019962531565349988,,,,,,,,,65.3,3.1095238095238096,70,3.3333333333333335,,,,,,,,,,,,,,,,,,,"Jhonatan German","sa883710",666022
"C.J. Carter","MIA",1,1,,4.7368421052631575,13,0,0,,,19,,18,10,10,2,11,0,1,17,8.052631578947368,5.2105263157894735,1.5454545454545454,0.9473684210526315,,,,,1.5263157894736843,,0.7251908396946565,,,4.687693686234324,-0.022008519231986524,,,,,,,,,67.19999999999999,3.5368421052631573,67,3.526315789473684,,,,,,,,,,,,,,,,,,,"C.J. Carter","sa3007490",682114
"Seth McGarry","PHI",1,1,,5.538461538461538,13,2,0,,,26,,27,17,16,4,16,0,1,23,7.961538461538462,5.538461538461538,1.4375,1.3846153846153846,,,,,1.6538461538461537,,0.6951871657754011,,,5.4063171680157005,-0.02308507336117737,,,,,,,,,67.99999999999999,2.615384615384615,73,2.8076923076923075,,,,,,,,,,,,,,,,,,,"Seth McGarry","sa857614",664121
"Jimmy Cordero","CHW",1,1,,4.695652173913044,21,0,0,,,23,,22,13,12,3,13,0,1,20,7.826086956521739,5.086956521739131,1.5384615384615385,1.173913043478261,,,,,1.5217391304347827,,0.7142857142857143,,,4.996618171360182,-0.023121822918634603,,,,,,,,,74.10000000000001,3.221739130434783,74,3.217391304347826,,,,,,,,,,,,,,,,,,,"Jimmy Cordero","15690",622772
"Daniel Brown","MIL",1,1,,4.95,14,0,0,,,20,,19,12,11,1,17,1,1,17,7.65,7.65,1,0.45,,,,,1.8,,0.6936416184971098,,,4.8640094757080075,-0.02468916385642151,,,,,,,,,66.30000000000001,3.3150000000000004,67,3.35,,,,,,,,,,,,,,,,,,,"Daniel Brown","sa918031",667681
"Greg Holland","KCR",1,1,,4.8,17,0,1.656999945640564,,,15,,14,8,8,2,10,0,0,16,9.6,6,1.6,1.2,,,,,1.6,,0.7547169811320755,,,4.8140094757080085,-0.024747825165973708,,,,,,,,,60.28499972820283,4.018999981880189,59.28499972820282,3.9523333152135214,,,,,,,,,,,,,,,,,,,"Greg Holland","7196",518813
"Jarlín García","SFG",1,2,,4.666666666666667,20,2,1.437000036239624,,,27,,27,15,14,4,10,1,1,21,7,3.3333333333333335,2.1,1.3333333333333333,,,,,1.3703703703703705,,0.7006369426751593,,,4.8066020683006005,-0.025159412522377723,,,,,,,,,96.58500018119814,3.5772222289332642,99.18500018119812,3.67351852522956,,,,,,,,,,,,,,,,,,,"Jarlin Garcia","18282",606424
"Jaime Schultz","OAK",1,1,,5.25,17,2,0,,,24,,22,15,14,4,16,0,1,29,10.875,6,1.8125,1.5,,,,,1.5833333333333333,,0.7098765432098766,,,5.089009475708008,-0.025286598383749692,,,,,,,,,78.20000000000003,3.2583333333333346,75,3.125,,,,,,,,,,,,,,,,,,,"Jaime Schultz","15066",621289
"Wade Davis","COL",1,1,,4.764705882352941,19,0,8.70199966430664,,,17,,15,10,9,3,10,0,1,19,10.058823529411764,5.294117647058823,1.9,1.588235294117647,,,,,1.4705882352941178,,0.7211538461538461,,,5.214009475708008,-0.025465039755487143,,,,,,,,,98.40999832153321,5.788823430678424,94.5099983215332,5.559411665972541,,,,,,,,,,,,,,,,,,,"Wade Davis","7441",451584
"Reggie Lawson","SDP",1,2,,5.785714285714286,6,6,0,,,28,,29,19,18,5,18,0,1,26,8.357142857142858,5.785714285714286,1.4444444444444444,1.6071428571428572,,,,,1.6785714285714286,,0.7,,,5.714009475708008,-0.025584065141946617,,,,,,,,,65.30000000000004,2.3321428571428586,70,2.5,,,,,,,,,,,,,,,,,,,"Reggie Lawson","sa917951",666156
"Tyler Danish","SEA",1,2,,5.516129032258065,9,4,0,,,31,,36,21,19,5,13,0,1,17,4.935483870967742,3.774193548387097,1.3076923076923077,1.4516129032258065,,,,,1.5806451612903225,,0.6666666666666666,,,5.568848185385427,-0.02590687583610614,,,,,,,,,66.29999999999997,2.138709677419354,82,2.6451612903225805,,,,,,,,,,,,,,,,,,,"Tyler Danish","15126",641501
"Andrew Schwaab","BOS",1,1,,4.95,16,0,0,,,20,,20,12,11,2,13,0,1,17,7.65,5.85,1.3076923076923077,0.9,,,,,1.65,,0.695364238410596,,,4.914009475708008,-0.0262441080386177,,,,,,,,,63.400000000000006,3.1700000000000004,66,3.3,,,,,,,,,,,,,,,,,,,"Andrew Schwaab","sa857571",665321
"Ty Tice","TOR",1,2,,4.714285714285714,18,0,0,,,21,,21,12,11,3,12,1,1,20,8.571428571428571,5.142857142857143,1.6666666666666667,1.2857142857142858,,,,,1.5714285714285714,,0.7291666666666666,,,5.023533285231817,-0.0265791553075453,,,,,,,,,64.9,3.0904761904761906,67,3.1904761904761907,,,,,,,,,,,,,,,,,,,"Ty Tice","20177",676709
"Brandon Maurer","PIT",1,1,,4.7368421052631575,20,0,0,,,19,,19,11,10,3,10,1,0,19,9,4.7368421052631575,1.9,1.4210526315789473,,,,,1.5263157894736843,,0.7258064516129032,,,4.845588423076429,-0.027583372954518088,,,,,,,,,62.29999999999999,3.278947368421052,64,3.3684210526315788,,,,,,,,,,,,,,,,,,,"Brandon Maurer","4878",543506
"Bobby Wahl","MIL",1,1,,4.5,11,0,0,,,12,,10,6,6,2,8,0,1,16,12,6,2,1.5,,,,,1.5,,0.7894736842105263,,,4.964009475708008,-0.027782324999098773,,,,,,,,,43.20000000000002,3.6000000000000014,39,3.25,,,,,,,,,,,,,,,,,,,"Bobby Wahl","14832",592833
"Josh Smoker","LAD",1,1,,5,16,0,0,,,18,,18,10,10,3,8,1,1,18,9,4,2.25,1.5,,,,,1.4444444444444444,,0.7339449541284403,,,4.880676142374675,-0.027928595414145524,,,,,,,,,58.50000000000001,3.2500000000000004,60,3.3333333333333335,,,,,,,,,,,,,,,,,,,"Josh Smoker","10285",519294
"Luis Ortiz","BAL",1,3,,6.517241379310345,7,6,0,,,29,,35,22,21,7,13,1,1,19,5.896551724137931,4.0344827586206895,1.4615384615384615,2.1724137931034484,,,,,1.6551724137931034,,0.6806282722513088,,,6.489871544673525,-0.02798182676730809,,,,,,,,,33.500000000000014,1.1551724137931039,50,1.7241379310344827,,,,,,,,,,,,,,,,,,,"Luis Ortiz","16942",656814
"Adam Hofacket","LAA",1,1,,5.086956521739131,14,0,0,,,23,,25,13,13,4,8,0,1,18,7.043478260869565,3.130434782608696,2.25,1.565217391304348,,,,,1.434782608695652,,0.7299270072992701,,,5.083574693099313,-0.028156598568379362,,,,,,,,,65,2.8260869565217392,72,3.130434782608696,,,,,,,,,,,,,,,,,,,"Adam Hofacket","sa875282",664102
"Billy Lescher","DET",1,1,,5.318181818181818,13,1,0,,,22,,24,14,13,4,8,0,1,17,6.954545454545454,3.272727272727273,2.125,1.6363636363636365,,,,,1.4545454545454546,,0.6818181818181819,,,5.259464021162554,-0.028787739245346625,,,,,,,,,58.2,2.6454545454545455,65,2.9545454545454546,,,,,,,,,,,,,,,,,,,"Billy Lescher","sa3004471",676737
"Matt Carasiti","SFG",0,0,,4.5,13,0,0,,,14,,14,7,7,2,6,0,1,14,9,3.857142857142857,2.3333333333333335,1.2857142857142858,,,,,1.4285714285714286,,0.7558139534883721,,,4.571152332850865,-0.029016730590719853,,,,,,,,,49.60000000000003,3.542857142857145,51,3.642857142857143,,,,,,,,,,,,,,,,,,,"Matt Carasiti","13276",571539
"Francis Martes","HOU",0,0,,7.2,1,1,0,,,5,,5,4,4,1,5,0,0,6,10.8,9,1.2,1.8,,,,,2,,0.6976744186046512,,,6.414009475708008,-0.029050267460745436,,,,,,,,,8.7,1.7399999999999998,9,1.8,,,,,,,,,,,,,,,,,,,"Francis Martes","17303",642564
"T.J. Zeuch","TOR",2,3,,5.785714285714286,8,7,0,,,42,,49,29,27,8,17,0,2,25,5.357142857142857,3.642857142857143,1.4705882352941178,1.7142857142857142,,,,,1.5714285714285714,,0.6751824817518248,,,5.856866618565151,-0.02906204020886205,,,,,,,,,78,1.8571428571428572,99,2.357142857142857,,,,,,,,,,,,,,,,,,,"T.J. Zeuch","19269",643615
"Matt Tenuta","SEA",1,1,,4.5,17,0,0,,,22,,22,12,11,3,10,0,1,18,7.363636363636363,4.090909090909091,1.8,1.2272727272727273,,,,,1.4545454545454546,,0.7194244604316546,,,4.850373112071645,-0.02907144493371987,,,,,,,,,71.7,3.2590909090909093,74,3.3636363636363638,,,,,,,,,,,,,,,,,,,"Matt Tenuta","sa658605",621343
"Thomas Burrows","ATL",1,1,,4.5,17,0,0,,,22,,20,12,11,3,13,0,1,23,9.409090909090908,5.318181818181818,1.7692307692307692,1.2272727272727273,,,,,1.5,,0.7291666666666666,,,4.804918566617099,-0.029796474887705867,,,,,,,,,77.9,3.540909090909091,75,3.409090909090909,,,,,,,,,,,,,,,,,,,"Thomas Burrows","sa874215",641425
"Andre Scrubb","HOU",1,1,,5.086956521739131,16,1,0,,,23,,21,14,13,3,17,0,1,24,9.391304347826088,6.6521739130434785,1.411764705882353,1.173913043478261,,,,,1.6521739130434783,,0.7100591715976332,,,5.170531214838443,-0.02982645411603498,,,,,,,,,72.70000000000002,3.160869565217392,70,3.0434782608695654,,,,,,,,,,,,,,,,,,,"Andre Scrubb","20329",668687
"Adam McCreery","NYY",1,1,,5,14,0,0,,,18,,16,11,10,2,15,0,1,20,10,7.5,1.3333333333333333,1,,,,,1.7222222222222223,,0.7092198581560284,,,5.102898364596896,-0.030286519479920837,,,,,,,,,59.00000000000002,3.277777777777779,56,3.111111111111111,,,,,,,,,,,,,,,,,,,"Adam McCreery","19550",607030
"Logan Allen","CLE",3,3,,5.7073170731707314,10,8,0,,,41,,44,27,26,9,19,0,2,39,8.560975609756097,4.170731707317073,2.0526315789473686,1.975609756097561,,,,,1.5365853658536586,,0.7142857142857143,,,5.701814353756788,-0.03036642459815893,,,,,,,,,93.30000000000004,2.275609756097562,103,2.5121951219512195,,,,,,,,,,,,,,,,,,,"Logan Allen","18555",663531
"Eric Mariñez","OAK",1,1,,4.909090909090909,17,0,0,,,22,,20,13,12,2,17,1,1,22,9,6.954545454545454,1.2941176470588236,0.8181818181818182,,,,,1.6818181818181819,,0.7017543859649122,,,4.850373112071645,-0.030560235135135713,,,,,,,,,76.20000000000002,3.4636363636363643,74,3.3636363636363638,,,,,,,,,,,,,,,,,,,"Eric Marinez","sa736686",642714
"Matt Festa","SEA",1,1,,5.4,12,0,0,,,15,,15,9,9,3,6,0,1,16,9.6,3.6,2.6666666666666665,1.8,,,,,1.4,,0.7142857142857143,,,5.080676142374674,-0.030960784943067345,,,,,,,,,46.099999999999994,3.073333333333333,47,3.1333333333333333,,,,,,,,,,,,,,,,,,,"Matt Festa","19330",670036
"Marcelo Martinez","KCR",2,3,,5.441860465116279,10,7,0,,,43,,49,28,26,9,15,0,2,30,6.27906976744186,3.13953488372093,2,1.8837209302325582,,,,,1.4883720930232558,,0.7003891050583658,,,5.725637382684752,-0.031020215988786234,,,,,,,,,89.1,2.072093023255814,107,2.488372093023256,,,,,,,,,,,,,,,,,,,"Marcelo Martinez","sa3005060",666502
"Cody Anderson","SEA",1,1,,5.5,6,4,0,,,18,,20,11,11,4,7,0,1,16,8,3.5,2.2857142857142856,2,,,,,1.5,,0.7476635514018692,,,5.658453920152453,-0.03151853656403936,,,,,,,,,40.000000000000014,2.222222222222223,46,2.5555555555555554,,,,,,,,,,,,,,,,,,,"Cody Anderson","12799",594736
"Ryan Dull","TOR",1,1,,5.318181818181818,18,0,0,,,22,,22,13,13,5,7,0,1,23,9.409090909090908,2.8636363636363638,3.2857142857142856,2.0454545454545454,,,,,1.3181818181818181,,0.7272727272727273,,,5.168554930253462,-0.031793526975661415,,,,,,,,,66.10000000000001,3.004545454545455,67,3.0454545454545454,,,,,,,,,,,,,,,,,,,"Ryan Dull","13974",623430
"Justin Vernia","ARI",2,3,,5.571428571428571,9,7,0,,,42,,49,28,26,7,18,0,3,27,5.785714285714286,3.857142857142857,1.5,1.5,,,,,1.5952380952380953,,0.6818181818181818,,,5.5949618566603885,-0.03224188488812992,,,,,,,,,88.29999999999998,2.102380952380952,110,2.619047619047619,,,,,,,,,,,,,,,,,,,"Justin Vernia","sa3008626",685338
"Josh Rogers","BAL",2,3,,6.428571428571429,7,6,0,,,35,,45,27,25,9,10,0,2,19,4.885714285714286,2.5714285714285716,1.9,2.3142857142857145,,,,,1.5714285714285714,,0.6603773584905661,,,6.499723761422294,-0.03269607237535094,,,,,,,,,33.30000000000001,0.9514285714285717,60,1.7142857142857142,,,,,,,,,,,,,,,,,,,"Josh Rogers","18510",642028
"Miguel Del Pozo","PIT",1,1,,4.95,19,0,0,,,20,,20,12,11,3,11,0,1,19,8.55,4.95,1.7272727272727273,1.35,,,,,1.55,,0.708955223880597,,,5.0640094757080085,-0.03299913094178329,,,,,,,,,61.099999999999994,3.0549999999999997,63,3.15,,,,,,,,,,,,,,,,,,,"Miguel Del Pozo","18792",600887
"J.C. Cloney","KCR",1,2,,5.538461538461538,9,6,0,,,39,,46,26,24,8,12,0,2,24,5.538461538461538,2.769230769230769,2,1.8461538461538463,,,,,1.4871794871794872,,0.6837606837606838,,,5.726829988528521,-0.03309901137723354,,,,,,,,,76.60000000000001,1.9641025641025642,97,2.4871794871794872,,,,,,,,,,,,,,,,,,,"J.C. Cloney","sa3003927",666924
"Scott Effross","CHC",1,1,,4.304347826086956,14,0,0,,,23,,25,12,11,3,8,0,1,14,5.478260869565218,3.130434782608696,1.75,1.173913043478261,,,,,1.434782608695652,,0.7291666666666666,,,4.8661833887514865,-0.03331582207911207,,,,,,,,,69.30000000000001,3.01304347826087,77,3.347826086956522,,,,,,,,,,,,,,,,,,,"Scott Effross","18384",664123
"Domingo Acevedo","NYY",2,1,,4.666666666666667,10,0,0,,,27,,27,16,14,5,10,0,1,24,8,3.3333333333333335,2.4,1.6666666666666667,,,,,1.3703703703703705,,0.7,,,5.06586132755986,-0.03445531829250613,,,,,,,,,83.10000000000001,3.077777777777778,85,3.1481481481481484,,,,,,,,,,,,,,,,,,,"Domingo Acevedo","17092",642758
"Robert Broom","CLE",1,1,,4.5,16,0,0,,,20,,20,11,10,3,11,1,1,20,9,4.95,1.8181818181818181,1.35,,,,,1.55,,0.7462686567164178,,,4.964009475708008,-0.03517240645876182,,,,,,,,,63.099999999999994,3.155,65,3.25,,,,,,,,,,,,,,,,,,,"Robert Broom","sa3007235",680940
"Austin McGeorge","NYM",1,1,,4.5,10,1,0,,,18,,19,10,9,3,8,0,1,16,8,4,2,1.5,,,,,1.5,,0.7456140350877193,,,5.102898364596896,-0.03526543123653621,,,,,,,,,51.90000000000001,2.883333333333334,56,3.111111111111111,,,,,,,,,,,,,,,,,,,"Austin McGeorge","sa918047",670041
"Jon Edwards","HOU",1,1,,5,17,0,0,,,18,,17,10,10,3,11,0,1,21,10.5,5.5,1.9090909090909092,1.5,,,,,1.5555555555555556,,0.7563025210084033,,,5.047342809041341,-0.03530206254580545,,,,,,,,,58.10000000000001,3.2277777777777783,57,3.1666666666666665,,,,,,,,,,,,,,,,,,,"Jon Edwards","1483",457754
"Brandon Lawson","SFG",2,3,,5.357142857142857,9,8,0,,,42,,49,27,25,6,18,1,3,23,4.928571428571429,3.857142857142857,1.2777777777777777,1.2857142857142858,,,,,1.5952380952380953,,0.68259385665529,,,5.47591423761277,-0.03556600675469367,,,,,,,,,92.6,2.2047619047619045,115,2.738095238095238,,,,,,,,,,,,,,,,,,,"Brandon Lawson","sa918264",669946
"Thyago Vieira","CHW",1,2,,4.95,16,0,0,,,20,,20,12,11,3,11,0,1,19,8.55,4.95,1.7272727272727273,1.35,,,,,1.55,,0.708955223880597,,,5.0640094757080085,-0.03561049679889578,,,,,,,,,61.099999999999994,3.0549999999999997,63,3.15,,,,,,,,,,,,,,,,,,,"Thyago Vieira","14510",600986
"Jared Walsh","LAA",0,0,,5.142857142857143,7,0,0,,,7,,7,4,4,1,4,0,0,5,6.428571428571429,5.142857142857143,1.25,1.2857142857142858,,,,,1.5714285714285714,,0.7291666666666667,,,5.356866618565151,-0.03574205968452587,,,,,,,,,19.3,2.757142857142857,20,2.857142857142857,,,,,,,,,,,,,,,,,,,"Jared Walsh","18607",665120
"Zach Pop","BAL",1,1,,5.0625,13,0,0,,,16,,16,9,9,3,7,0,1,14,7.875,3.9375,2,1.6875,,,,,1.4375,,0.7446808510638298,,,5.401509475708008,-0.03639329540914882,,,,,,,,,43.9,2.74375,45,2.8125,,,,,,,,,,,,,,,,,,,"Zach Pop","20185",647315
"Javy Guerra","SDP",0,1,,4.68,25,0,0,,,25,,26,14,13,4,9,0,0,21,7.56,3.24,2.3333333333333335,1.44,,,,,1.4,,0.7142857142857143,,,4.6940094757080075,-0.03662658764855409,,,,,,,,,83.2,3.3280000000000003,88,3.52,,,,,,,,,,,,,,,,,,,"Javy Guerra","17292",642770
"Eli Lingos","CLE",1,1,,5.6571428571428575,11,4,0,,,35,,39,23,22,7,13,0,2,26,6.685714285714286,3.342857142857143,2,1.8,,,,,1.4857142857142858,,0.6872037914691943,,,5.6140094757080075,-0.037469393790613606,,,,,,,,,78.49999999999997,2.242857142857142,91,2.6,,,,,,,,,,,,,,,,,,,"Eli Lingos","sa3006798",661526
"Scott Copeland","WSN",2,3,,5.921052631578948,9,7,0,,,38,,42,27,25,7,20,0,2,29,6.868421052631579,4.7368421052631575,1.45,1.6578947368421053,,,,,1.631578947368421,,0.6704980842911877,,,5.819272633602745,-0.03787507407721816,,,,,,,,,77.89999999999996,2.049999999999999,91,2.3947368421052633,,,,,,,,,,,,,,,,,,,"Scott Copeland","10706",571577
"Jake Simon","NYM",0,0,,5.294117647058823,9,1,0,,,17,,16,10,10,2,12,0,1,16,8.470588235294118,6.352941176470588,1.3333333333333333,1.0588235294117647,,,,,1.6470588235294117,,0.7142857142857143,,,5.1551859462962435,-0.03823480651153533,,,,,,,,,52.600000000000016,3.0941176470588245,52,3.0588235294117645,,,,,,,,,,,,,,,,,,,"Jake Simon","sa875558",663652
"Seth Maness","TEX",1,2,,6.171428571428572,7,6,0,,,35,,46,26,24,9,6,0,1,17,4.371428571428571,1.542857142857143,2.8333333333333335,2.3142857142857145,,,,,1.4857142857142858,,0.6598984771573604,,,6.1854380471365795,-0.03824105039753699,,,,,,,,,41.7,1.1914285714285715,71,2.0285714285714285,,,,,,,,,,,,,,,,,,,"Seth Maness","12235",595307
"Nick Mears","PIT",1,1,,4.764705882352941,13,0,0,,,17,,14,9,9,3,9,0,1,20,10.588235294117647,4.764705882352941,2.2222222222222223,1.588235294117647,,,,,1.3529411764705883,,0.7446808510638298,,,4.919891828649185,-0.03825316327770893,,,,,,,,,62.50000000000001,3.6764705882352944,56,3.2941176470588234,,,,,,,,,,,,,,,,,,,"Nick Mears","25376",683232
"Phoenix Sanders","TBR",1,1,,4.714285714285714,16,0,0,,,21,,21,11,11,3,11,0,1,21,9,4.714285714285714,1.9090909090909092,1.2857142857142858,,,,,1.5238095238095237,,0.7553956834532374,,,4.785438047136579,-0.03861435534177203,,,,,,,,,69.9,3.3285714285714287,72,3.4285714285714284,,,,,,,,,,,,,,,,,,,"Phoenix Sanders","20541",676637
"Arodys Vizcaíno","SEA",1,1,,4.153846153846154,14,0,0,,,13,,11,7,6,2,7,0,1,14,9.692307692307692,4.846153846153846,2,1.3846153846153846,,,,,1.3846153846153846,,0.7236842105263158,,,4.9063171680157005,-0.0393034151240396,,,,,,,,,46.99999999999999,3.615384615384615,43,3.3076923076923075,,,,,,,,,,,,,,,,,,,"Arodys Vizcaino","5498",527055
"Nick Goody","TEX",1,1,,5.318181818181818,21,0,0,,,22,,21,14,13,5,11,1,1,26,10.636363636363637,4.5,2.3636363636363638,2.0454545454545454,,,,,1.4545454545454546,,0.72,,,5.4412822029807355,-0.039687433659068475,,,,,,,,,62.70000000000001,2.8500000000000005,61,2.772727272727273,,,,,,,,,,,,,,,,,,,"Nick Goody","13685",580792
"Ronel Blanco","HOU",1,1,,5.571428571428571,11,1,0,,,21,,20,13,13,3,14,0,1,20,8.571428571428571,6,1.4285714285714286,1.2857142857142858,,,,,1.619047619047619,,0.7046979865771812,,,5.309247570946104,-0.04010080032117304,,,,,,,,,61.5,2.9285714285714284,61,2.9047619047619047,,,,,,,,,,,,,,,,,,,"Ronel Blanco","19407",669854
"Rayan González","COL",1,1,,5.294117647058823,15,0,0,,,17,,18,11,10,2,11,0,1,14,7.411764705882353,5.823529411764706,1.2727272727272727,1.0588235294117647,,,,,1.7058823529411764,,0.6870229007633588,,,5.214009475708008,-0.040143896577402305,,,,,,,,,46.40000000000001,2.7294117647058833,51,3,,,,,,,,,,,,,,,,,,,"Rayan Gonzalez","sa455370",543234
"Matt Wivinis","NYY",1,1,,5,14,0,0,,,18,,18,10,10,3,9,0,1,17,8.5,4.5,1.8888888888888888,1.5,,,,,1.5,,0.7456140350877193,,,5.158453920152453,-0.04070371571653672,,,,,,,,,53.50000000000001,2.9722222222222228,55,3.0555555555555554,,,,,,,,,,,,,,,,,,,"Matt Wivinis","sa3002775",607114
"Brett Hanewich","LAA",1,1,,5.625,13,0,0,,,16,,15,11,10,1,16,0,1,16,9,9,1,0.5625,,,,,1.9375,,0.6756756756756757,,,5.214009475708008,-0.04133461940495777,,,,,,,,,48.10000000000001,3.0062500000000005,48,3,,,,,,,,,,,,,,,,,,,"Brett Hanewich","sa874149",641660
"Anthony Vizcaya","MIN",1,1,,5.04,16,1,0,,,25,,25,15,14,4,14,0,1,23,8.28,5.04,1.6428571428571428,1.44,,,,,1.56,,0.718562874251497,,,5.254009475708008,-0.041548386241676054,,,,,,,,,71.80000000000001,2.8720000000000003,74,2.96,,,,,,,,,,,,,,,,,,,"Anthony Vizcaya","sa657689",622415
"Edgar Gonzalez","STL",3,4,,5.538461538461538,9,8,0,,,39,,41,25,24,4,30,1,3,29,6.6923076923076925,6.923076923076923,0.9666666666666667,0.9230769230769231,,,,,1.8205128205128205,,0.7033639143730887,,,5.598624860323392,-0.041777925713568295,,,,,,,,,91.80000000000003,2.3538461538461544,102,2.6153846153846154,,,,,,,,,,,,,,,,,,,"Edgar Gonzalez","sa3007479",681811
"Danny Hultzen","CHC",0,0,,5.4,6,0,0,,,5,,4,3,3,1,4,0,0,7,12.6,7.2,1.75,1.8,,,,,1.6,,0.7575757575757576,,,5.414009475708008,-0.042205304839961204,,,,,,,,,16.299999999999997,3.2599999999999993,14,2.8,,,,,,,,,,,,,,,,,,,"Danny Hultzen","12874",543343
"Randy Valladares","CLE",0,0,,5.25,8,0,0,,,12,,11,7,7,1,9,0,1,10,7.5,6.75,1.1111111111111112,0.75,,,,,1.6666666666666667,,0.6989247311827956,,,5.130676142374675,-0.042389556539347735,,,,,,,,,37.90000000000001,3.1583333333333345,37,3.0833333333333335,,,,,,,,,,,,,,,,,,,"Randy Valladares","sa830278",642420
"James Shields","CHW",2,3,,5.926829268292683,7,7,0,,,41,,44,29,27,9,19,0,2,30,6.585365853658536,4.170731707317073,1.5789473684210527,1.975609756097561,,,,,1.5365853658536586,,0.6746031746031746,,,6.140838744000691,-0.042919265975213935,,,,,,,,,75.30000000000004,1.8365853658536595,85,2.073170731707317,,,,,,,,,,,,,,,,,,,"James Shields","7059",448306
"Fred Schlichtholz","SDP",0,0,,5,12,0,0,,,18,,17,10,10,2,11,0,1,16,8,5.5,1.4545454545454546,1,,,,,1.5555555555555556,,0.7142857142857143,,,4.880676142374675,-0.04325609308479346,,,,,,,,,60.40000000000002,3.3555555555555565,60,3.3333333333333335,,,,,,,,,,,,,,,,,,,"Fred Schlichtholz","sa3004455",668880
"Bradley Roney","ATL",0,0,,5.4,11,0,0,,,15,,12,9,9,2,13,0,1,21,12.6,7.8,1.6153846153846154,1.2,,,,,1.6666666666666667,,0.7207207207207208,,,4.947342809041341,-0.043536310331515365,,,,,,,,,55.2,3.68,49,3.2666666666666666,,,,,,,,,,,,,,,,,,,"Bradley Roney","sa598926",605448
"Ben Taylor","CHC",1,1,,4.714285714285714,17,0,0,,,21,,21,12,11,4,9,0,1,23,9.857142857142858,3.857142857142857,2.5555555555555554,1.7142857142857142,,,,,1.4285714285714286,,0.7377049180327869,,,4.928295189993722,-0.04461908256696725,,,,,,,,,67.6,3.2190476190476187,69,3.2857142857142856,,,,,,,,,,,,,,,,,,,"Ben Taylor","18114",664701
"Pedro Araújo","BAL",1,1,,5.5,11,0,0,,,18,,19,12,11,3,10,0,1,17,8.5,5,1.7,1.5,,,,,1.6111111111111112,,0.6854838709677419,,,5.32512058681912,-0.04501113628553305,,,,,,,,,47.90000000000001,2.661111111111112,52,2.888888888888889,,,,,,,,,,,,,,,,,,,"Pedro Araujo","17697",606478
"Jordan Foley","COL",1,1,,6,15,1,0,,,21,,22,15,14,3,15,0,1,20,8.571428571428571,6.428571428571429,1.3333333333333333,1.2857142857142858,,,,,1.7619047619047619,,0.6707317073170732,,,5.452104713803246,-0.04532027592940073,,,,,,,,,53.3,2.538095238095238,58,2.761904761904762,,,,,,,,,,,,,,,,,,,"Jordan Foley","sa599323",607225
"Manuel Rodríguez","CHC",1,1,,4.764705882352941,14,0,0,,,17,,15,10,9,2,13,0,1,19,10.058823529411764,6.882352941176471,1.4615384615384615,1.0588235294117647,,,,,1.6470588235294117,,0.7142857142857143,,,4.978715358060949,-0.04536339852470922,,,,,,,,,58.20000000000002,3.423529411764707,55,3.235294117647059,,,,,,,,,,,,,,,,,,,"Manuel Rodriguez","20794",655889
"José Mujica","COL",1,1,,6.157894736842105,4,4,0,,,19,,23,13,13,4,7,0,1,9,4.2631578947368425,3.3157894736842106,1.2857142857142858,1.894736842105263,,,,,1.5789473684210527,,0.6967213114754098,,,6.266641054655377,-0.045538396840692566,,,,,,,,,25.599999999999987,1.3473684210526309,37,1.9473684210526316,,,,,,,,,,,,,,,,,,,"Jose Mujica","17821",620445
"Sean Gilmartin","TBR",1,2,,5.333333333333333,12,3,0,,,27,,29,17,16,6,10,0,1,24,8,3.3333333333333335,2.4,2,,,,,1.4444444444444444,,0.7189542483660131,,,5.547342809041341,-0.04580539342146739,,,,,,,,,65.6,2.4296296296296296,72,2.6666666666666665,,,,,,,,,,,,,,,,,,,"Sean Gilmartin","12781",543219
"Daniel Álvarez","NYY",2,1,,4.95,17,0,0,,,20,,19,12,11,4,10,0,1,23,10.35,4.5,2.3,1.8,,,,,1.45,,0.7264957264957266,,,5.164009475708008,-0.046431000267572145,,,,,,,,,62.4,3.12,61,3.05,,,,,,,,,,,,,,,,,,,"Daniel Alvarez","sa828462",656032
"Ralph Garza Jr.","HOU",1,2,,5.1923076923076925,15,0,0,,,26,,26,16,15,4,13,0,1,24,8.307692307692308,4.5,1.8461538461538463,1.3846153846153846,,,,,1.5,,0.688622754491018,,,4.983240244938777,-0.046756298276606094,,,,,,,,,81.59999999999998,3.1384615384615375,84,3.230769230769231,,,,,,,,,,,,,,,,,,,"Ralph Garza Jr.","17682",621248
"Keynan Middleton","LAA",0,0,,4.8,16,0,2.563999891281128,,,15,,14,9,8,3,9,0,0,17,10.2,5.4,1.8888888888888888,1.8,,,,,1.5333333333333334,,0.7446808510638298,,,5.347342809041342,-0.04751179922971528,,,,,,,,,57.519999456405635,3.8346666304270425,55.81999945640564,3.721333297093709,,,,,,,,,,,,,,,,,,,"Keynan Middleton","15264",641871
"Tim Collins","COL",1,1,,5.785714285714286,17,0,0,,,14,,14,10,9,2,10,1,0,14,9,6.428571428571429,1.4,1.2857142857142858,,,,,1.7142857142857142,,0.6603773584905661,,,5.214009475708008,-0.047564946151738466,,,,,,,,,40.60000000000003,2.900000000000002,42,3,,,,,,,,,,,,,,,,,,,"Tim Collins","3164",525768
"T.J. McFarland","OAK",0,0,,4.714285714285714,18,0,0,,,21,,23,11,11,3,7,1,0,13,5.571428571428571,3,1.8571428571428572,1.2857142857142858,,,,,1.4285714285714286,,0.7364341085271318,,,4.8330570947556275,-0.04809998397267872,,,,,,,,,63.699999999999996,3.033333333333333,71,3.380952380952381,,,,,,,,,,,,,,,,,,,"T.J. McFarland","3237",519008
"Nolan Long","LAD",1,1,,4.909090909090909,16,0,0,,,22,,20,13,12,3,16,0,1,26,10.636363636363637,6.545454545454546,1.625,1.2272727272727273,,,,,1.6363636363636365,,0.7232704402515723,,,4.9412822029807355,-0.04839418375202062,,,,,,,,,74.9,3.4045454545454548,72,3.272727272727273,,,,,,,,,,,,,,,,,,,"Nolan Long","sa659265",621048
"Kyle Bird","TEX",1,1,,5.142857142857143,17,0,0,,,21,,21,13,12,3,13,0,1,19,8.142857142857142,5.571428571428571,1.4615384615384615,1.2857142857142858,,,,,1.619047619047619,,0.7046979865771812,,,5.261628523327055,-0.049875448002684286,,,,,,,,,59.9,2.8523809523809525,62,2.9523809523809526,,,,,,,,,,,,,,,,,,,"Kyle Bird","16618",613317
"Justin Donatella","ARI",2,3,,5.6571428571428575,9,6,0,,,35,,40,24,22,6,16,0,2,24,6.171428571428572,4.114285714285714,1.5,1.542857142857143,,,,,1.6,,0.6722689075630252,,,5.6140094757080075,-0.05026161875532412,,,,,,,,,75.19999999999999,2.148571428571428,91,2.6,,,,,,,,,,,,,,,,,,,"Justin Donatella","sa875616",663393
"Edwin Jackson","ARI",2,3,,5.75,9,7,0,,,36,,40,25,23,7,16,0,1,27,6.75,4,1.6875,1.75,,,,,1.5555555555555556,,0.6709956709956709,,,5.658453920152453,-0.05117282340033191,,,,,,,,,79.30000000000001,2.202777777777778,92,2.5555555555555554,,,,,,,,,,,,,,,,,,,"Edwin Jackson","1841",429719
"Ryan Clark","LAA",1,1,,4.95,14,0,0,,,20,,20,12,11,4,9,0,1,21,9.45,4.05,2.3333333333333335,1.8,,,,,1.45,,0.7264957264957266,,,5.214009475708008,-0.05157298330284038,,,,,,,,,58.8,2.94,60,3,,,,,,,,,,,,,,,,,,,"Ryan Clark","sa875057",663326
"Logan Salow","LAD",1,1,,4.714285714285714,16,1,0,,,21,,18,12,11,3,16,0,1,24,10.285714285714286,6.857142857142857,1.5,1.2857142857142858,,,,,1.619047619047619,,0.7382550335570469,,,5.214009475708008,-0.055163121353203934,,,,,,,,,68.69999999999999,3.271428571428571,63,3,,,,,,,,,,,,,,,,,,,"Logan Salow","sa874231",676601
"Bryan Garcia","DET",1,1,,4.5,18,0,0,,,18,,17,10,9,3,9,1,1,18,9,4.5,2,1.5,,,,,1.4444444444444444,,0.7339449541284403,,,5.047342809041341,-0.05564050421010085,,,,,,,,,58.10000000000001,3.2277777777777783,57,3.1666666666666665,,,,,,,,,,,,,,,,,,,"Bryan Garcia","19457",650530
"Johan Oviedo","STL",3,4,,5.553191489361702,10,10,0,,,47,,47,31,29,6,37,0,3,42,8.042553191489361,7.085106382978723,1.135135135135135,1.148936170212766,,,,,1.7872340425531914,,0.7010582010582012,,,5.639541390601625,-0.05589253905224,,,,,,,,,115.8,2.4638297872340424,121,2.574468085106383,,,,,,,,,,,,,,,,,,,"Johan Oviedo","22487",670912
"Matt Dermody","TOR",1,1,,4.5,11,0,0,,,14,,15,8,7,3,3,0,1,11,7.071428571428571,1.9285714285714286,3.6666666666666665,1.9285714285714286,,,,,1.2857142857142858,,0.7246376811594203,,,5.28543804713658,-0.05612775090079629,,,,,,,,,37.7,2.692857142857143,41,2.9285714285714284,,,,,,,,,,,,,,,,,,,"Matt Dermody","14844",571616
"Brian Shaffer","TBR",1,2,,5.3076923076923075,11,4,0,,,39,,44,24,23,8,13,0,2,31,7.153846153846154,3,2.3846153846153846,1.8461538461538463,,,,,1.4615384615384615,,0.7205240174672489,,,5.444778706477239,-0.05647167672525562,,,,,,,,,92.80000000000001,2.37948717948718,108,2.769230769230769,,,,,,,,,,,,,,,,,,,"Brian Shaffer","sa915633",675922
"Sean McLaughlin","ATL",1,1,,4.714285714285714,14,0,0,,,21,,23,12,11,2,11,0,1,13,5.571428571428571,4.714285714285714,1.1818181818181819,0.8571428571428571,,,,,1.619047619047619,,0.7051282051282052,,,4.928295189993722,-0.05653452377942219,,,,,,,,,61.00000000000001,2.904761904761905,69,3.2857142857142856,,,,,,,,,,,,,,,,,,,"Sean McLaughlin","sa659266",621455
"Ryan Mason","MIN",1,1,,5,11,0,0,,,18,,19,10,10,3,7,0,1,14,7,3.5,2,1.5,,,,,1.4444444444444444,,0.7339449541284403,,,5.158453920152453,-0.05678684946648807,,,,,,,,,50.90000000000001,2.8277777777777784,55,3.0555555555555554,,,,,,,,,,,,,,,,,,,"Ryan Mason","sa856254",663390
"Phillippe Aumont","TOR",1,1,,5.25,7,1,0,,,12,,12,8,7,2,8,0,1,11,8.25,6,1.375,1.5,,,,,1.6666666666666667,,0.6976744186046512,,,5.797342809041341,-0.056837436252924846,,,,,,,,,28.000000000000007,2.333333333333334,29,2.4166666666666665,,,,,,,,,,,,,,,,,,,"Phillippe Aumont","5362",518418
"Luis Romero","OAK",1,1,,4.68,16,0,0,,,25,,25,14,13,4,12,1,1,24,8.64,4.32,2,1.44,,,,,1.48,,0.7324840764331211,,,4.934009475708008,-0.057305649493453896,,,,,,,,,79.80000000000001,3.1920000000000006,82,3.28,,,,,,,,,,,,,,,,,,,"Luis Romero","sa3003109",673603
"Danny Young","CLE",1,1,,5.5,15,0,0,,,18,,19,11,11,2,11,0,1,14,7,5.5,1.2727272727272727,1,,,,,1.6666666666666667,,0.698529411764706,,,5.102898364596896,-0.05842070012832391,,,,,,,,,51.200000000000024,2.844444444444446,56,3.111111111111111,,,,,,,,,,,,,,,,,,,"Danny Young","18439",664849
"Eric Hanhold","BAL",1,1,,5.318181818181818,17,0,0,,,22,,23,13,13,4,10,0,1,18,7.363636363636363,4.090909090909091,1.8,1.6363636363636365,,,,,1.5,,0.7299270072992701,,,5.4412822029807355,-0.05873398115958072,,,,,,,,,56.800000000000004,2.581818181818182,61,2.772727272727273,,,,,,,,,,,,,,,,,,,"Eric Hanhold","18332",621098
"AJ Ramos","NYM",1,1,,5.25,14,0,0,,,12,,11,7,7,2,8,0,0,14,10.5,6,1.75,1.5,,,,,1.5833333333333333,,0.7407407407407408,,,5.047342809041341,-0.0596323871528364,,,,,,,,,39.600000000000016,3.300000000000001,38,3.1666666666666665,,,,,,,,,,,,,,,,,,,"AJ Ramos","8350",573109
"Riley Ferrell","HOU",1,1,,5.142857142857143,11,0,0,,,14,,13,9,8,2,9,0,1,14,9,5.785714285714286,1.5555555555555556,1.2857142857142858,,,,,1.5714285714285714,,0.6770833333333334,,,5.214009475708008,-0.059709254611930294,,,,,,,,,43.200000000000024,3.0857142857142876,42,3,,,,,,,,,,,,,,,,,,,"Riley Ferrell","sa874967",621068
"Kyle Finnegan","WSN",1,1,,5,16,0,0,,,18,,17,10,10,3,10,0,1,19,9.5,5,1.9,1.5,,,,,1.5,,0.7456140350877193,,,5.102898364596896,-0.05980048537514715,,,,,,,,,57.10000000000001,3.1722222222222225,56,3.111111111111111,,,,,,,,,,,,,,,,,,,"Kyle Finnegan","15009",640448
"Ryder Ryan","NYM",1,1,,4.764705882352941,12,0,0,,,17,,16,10,9,2,10,0,1,15,7.9411764705882355,5.294117647058823,1.5,1.0588235294117647,,,,,1.5294117647058822,,0.6896551724137931,,,4.919891828649185,-0.06018464440410405,,,,,,,,,56.600000000000016,3.3294117647058834,56,3.2941176470588234,,,,,,,,,,,,,,,,,,,"Ryder Ryan","19891",656924
"Alfred Gutierrez","SFG",2,3,,5.2682926829268295,10,9,0,,,41,,43,26,24,7,22,0,2,34,7.463414634146342,4.829268292682927,1.5454545454545454,1.5365853658536586,,,,,1.5853658536585367,,0.7065217391304347,,,5.531082646439716,-0.06058109075434665,,,,,,,,,101.50000000000001,2.4756097560975614,110,2.682926829268293,,,,,,,,,,,,,,,,,,,"Alfred Gutierrez","sa656043",621591
"Caleb Baragar","SFG",1,2,,5.487804878048781,10,8,0,,,41,,44,27,25,7,20,0,3,33,7.2439024390243905,4.390243902439025,1.65,1.5365853658536586,,,,,1.5609756097560976,,0.6826568265682657,,,5.506692402537276,-0.06074049422239965,,,,,,,,,99.9,2.4365853658536585,111,2.707317073170732,,,,,,,,,,,,,,,,,,,"Caleb Baragar","19231",670056
"Luis Escobar","PIT",1,2,,5.806451612903226,12,4,0,,,31,,32,21,20,4,22,0,2,27,7.838709677419355,6.387096774193548,1.2272727272727273,1.1612903225806452,,,,,1.7419354838709677,,0.6818181818181819,,,5.472073991837041,-0.06093313346123197,,,,,,,,,78.99999999999999,2.548387096774193,85,2.7419354838709675,,,,,,,,,,,,,,,,,,,"Luis Escobar","17345",650813
"Argenis Angulo","CLE",1,1,,5.142857142857143,17,0,0,,,21,,19,13,12,3,15,1,1,24,10.285714285714286,6.428571428571429,1.6,1.2857142857142858,,,,,1.619047619047619,,0.7046979865771812,,,5.071152332850865,-0.0610116708975856,,,,,,,,,69.1,3.2904761904761903,66,3.142857142857143,,,,,,,,,,,,,,,,,,,"Argenis Angulo","sa829470",656196
"Art Warren","SEA",1,1,,4.8,15,0,0,,,15,,14,8,8,2,10,0,1,16,9.6,6,1.6,1.2,,,,,1.6,,0.7547169811320755,,,5.014009475708008,-0.06284676812917663,,,,,,,,,49.00000000000001,3.266666666666667,48,3.2,,,,,,,,,,,,,,,,,,,"Art Warren","18251",605521
"Brian Gonzalez","BAL",1,2,,6.096774193548387,9,4,0,,,31,,35,23,21,7,15,0,1,23,6.67741935483871,4.354838709677419,1.5333333333333334,2.032258064516129,,,,,1.6129032258064515,,0.6716417910447761,,,6.214009475708008,-0.0629148411449372,,,,,,,,,50.299999999999955,1.6225806451612887,62,2,,,,,,,,,,,,,,,,,,,"Brian Gonzalez","sa828794",656473
"Kenny Rosenberg","TBR",2,3,,5.5227272727272725,9,6,0,,,44,,48,29,27,7,24,0,3,33,6.75,4.909090909090909,1.375,1.4318181818181819,,,,,1.6363636363636365,,0.6913183279742765,,,5.623100384798917,-0.06326463367815094,,,,,,,,,99.69999999999999,2.2659090909090907,114,2.590909090909091,,,,,,,,,,,,,,,,,,,"Kenny Rosenberg","20009",670046
"Dakota Bacus","WSN",1,1,,4.7368421052631575,15,0,0,,,19,,19,11,10,3,10,1,1,18,8.526315789473685,4.7368421052631575,1.8,1.4210526315789473,,,,,1.5263157894736843,,0.7258064516129032,,,5.108746317813271,-0.06422051044411692,,,,,,,,,57.29999999999999,3.01578947368421,59,3.1052631578947367,,,,,,,,,,,,,,,,,,,"Dakota Bacus","14545",621290
"Cody Sedlock","BAL",1,2,,6,8,6,0,,,30,,33,22,20,6,19,0,2,23,6.9,5.7,1.2105263157894737,1.8,,,,,1.7333333333333334,,0.6880733944954128,,,6.380676142374675,-0.06499545428293253,,,,,,,,,45.39999999999999,1.513333333333333,55,1.8333333333333333,,,,,,,,,,,,,,,,,,,"Cody Sedlock","19357",642060
"Dillon McNamara","SFG",1,1,,4.8,13,0,0,,,15,,15,8,8,2,8,0,1,14,8.4,4.8,1.75,1.2,,,,,1.5333333333333334,,0.7425742574257426,,,4.880676142374675,-0.06659263518003873,,,,,,,,,48.400000000000006,3.226666666666667,50,3.3333333333333335,,,,,,,,,,,,,,,,,,,"Dillon McNamara","sa738389",621200
"Joe Harvey","COL",1,1,,5.5,17,0,0,,,18,,18,12,11,3,11,0,1,19,9.5,5.5,1.7272727272727273,1.5,,,,,1.6111111111111112,,0.6854838709677419,,,5.269565031263563,-0.06922800769186348,,,,,,,,,51.50000000000001,2.8611111111111116,53,2.9444444444444446,,,,,,,,,,,,,,,,,,,"Joe Harvey","16459",642840
"Yacksel Ríos","PIT",1,1,,5.25,20,0,0,,,24,,24,15,14,3,14,1,1,22,8.25,5.25,1.5714285714285714,1.125,,,,,1.5833333333333333,,0.6804733727810651,,,4.880676142374675,-0.06983557523027713,,,,,,,,,77.30000000000001,3.2208333333333337,80,3.3333333333333335,,,,,,,,,,,,,,,,,,,"Yacksel Rios","15007",605441
"Franklin Pérez","DET",0,0,,6.75,1,1,0,,,4,,5,4,3,1,3,0,0,2,4.5,6.75,0.6666666666666666,2.25,,,,,2,,0.6060606060606061,,,7.714009475708008,-0.0699069090729759,,,,,,,,,-0.6999999999999993,-0.17499999999999982,2,0.5,,,,,,,,,,,,,,,,,,,"Franklin Perez","sa873722",658530
"Kit Scheetz","HOU",0,0,,4.5,13,0,0,,,22,,22,12,11,4,9,0,1,20,8.181818181818182,3.6818181818181817,2.2222222222222223,1.6363636363636365,,,,,1.4090909090909092,,0.7480314960629921,,,5.123100384798917,-0.0722718197803577,,,,,,,,,66.4,3.0181818181818185,68,3.090909090909091,,,,,,,,,,,,,,,,,,,"Kit Scheetz","sa873684",677415
"Simon Mathews","LAA",1,1,,6,10,3,0,,,30,,34,21,20,5,17,0,2,21,6.3,5.1,1.2352941176470589,1.5,,,,,1.7,,0.6818181818181818,,,5.880676142374675,-0.07275534822293049,,,,,,,,,57.099999999999994,1.903333333333333,70,2.3333333333333335,,,,,,,,,,,,,,,,,,,"Simon Mathews","sa915665",677182
"Nate Griep","COL",1,1,,5.5,18,0,0,,,18,,19,12,11,2,14,1,1,16,8,7,1.1428571428571428,1,,,,,1.8333333333333333,,0.695364238410596,,,5.380676142374675,-0.07336972038700568,,,,,,,,,46.200000000000024,2.566666666666668,51,2.8333333333333335,,,,,,,,,,,,,,,,,,,"Nate Griep","sa875199",664155
"Reed Garrett","TEX",1,1,,5.571428571428571,18,0,0,,,21,,23,14,13,3,12,1,1,17,7.285714285714286,5.142857142857143,1.4166666666666667,1.2857142857142858,,,,,1.6666666666666667,,0.6818181818181818,,,5.309247570946104,-0.07373807587896967,,,,,,,,,53.699999999999996,2.557142857142857,61,2.9047619047619047,,,,,,,,,,,,,,,,,,,"Reed Garrett","16866",657585
"Kyle Funkhouser","DET",2,3,,6.096774193548387,8,8,0,,,31,,34,22,21,6,19,0,2,26,7.548387096774194,5.516129032258065,1.368421052631579,1.7419354838709677,,,,,1.7096774193548387,,0.695067264573991,,,6.084977217643492,-0.07482270156604666,,,,,,,,,56.19999999999996,1.8129032258064504,66,2.129032258064516,,,,,,,,,,,,,,,,,,,"Kyle Funkhouser","19456",608335
"David Carpenter","CIN",0,0,,4.909090909090909,13,0,0,,,11,,11,7,6,2,6,0,1,11,9,4.909090909090909,1.8333333333333333,1.6363636363636365,,,,,1.5454545454545454,,0.7042253521126761,,,5.4867367484352805,-0.07526574385508322,,,,,,,,,29.200000000000003,2.6545454545454548,30,2.727272727272727,,,,,,,,,,,,,,,,,,,"David Carpenter","3959",502304
"Thomas Pannone","TOR",2,3,,5.837837837837838,13,6,0,,,37,,40,26,24,9,16,0,2,36,8.756756756756756,3.891891891891892,2.25,2.189189189189189,,,,,1.5135135135135136,,0.6912442396313364,,,5.889685151383684,-0.0759860217999456,,,,,,,,,77.10000000000002,2.0837837837837845,86,2.324324324324324,,,,,,,,,,,,,,,,,,,"Thomas Pannone","17281",623381
"Blake Cederlind","PIT",1,1,,4.95,16,0,0,,,20,,20,12,11,2,14,0,1,17,7.65,6.3,1.2142857142857142,0.9,,,,,1.7,,0.7051282051282052,,,5.0640094757080085,-0.07615880039451613,,,,,,,,,60.400000000000006,3.0200000000000005,63,3.15,,,,,,,,,,,,,,,,,,,"Blake Cederlind","20344",664977
"Jacob Webb","ATL",1,1,,4.5,18,0,0,,,18,,17,10,9,3,11,1,1,19,9.5,5.5,1.7272727272727273,1.5,,,,,1.5555555555555556,,0.7563025210084033,,,5.269565031263563,-0.07636412598163303,,,,,,,,,54.10000000000001,3.005555555555556,53,2.9444444444444446,,,,,,,,,,,,,,,,,,,"Jacob Webb","19274",657097
"Brady Lail","CHW",1,2,,5.7,11,4,0,,,30,,32,21,19,7,14,0,1,28,8.4,4.2,2,2.1,,,,,1.5333333333333334,,0.6906077348066297,,,5.880676142374675,-0.07645245163532793,,,,,,,,,63.699999999999974,2.1233333333333326,70,2.3333333333333335,,,,,,,,,,,,,,,,,,,"Brady Lail","14707",621078
"George Kontos","WSN",1,1,,4.764705882352941,14,0,0,,,17,,18,10,9,3,6,0,1,13,6.882352941176471,3.176470588235294,2.1666666666666665,1.588235294117647,,,,,1.411764705882353,,0.7070707070707071,,,5.214009475708008,-0.07649171392984315,,,,,,,,,47.1,2.7705882352941176,51,3,,,,,,,,,,,,,,,,,,,"George Kontos","9486",502004
"Randy Rosario","KCR",1,1,,4.909090909090909,19,0,0,,,22,,24,13,12,3,9,0,1,15,6.136363636363637,3.6818181818181817,1.6666666666666667,1.2272727272727273,,,,,1.5,,0.6944444444444444,,,4.9867367484352805,-0.07716649575252009,,,,,,,,,63.5,2.8863636363636362,71,3.227272727272727,,,,,,,,,,,,,,,,,,,"Randy Rosario","14508",600968
"Quintin Torres-Costa","MIL",1,1,,4.5,14,0,0,,,18,,16,10,9,3,13,0,1,23,11.5,6.5,1.7692307692307692,1.5,,,,,1.6111111111111112,,0.7661290322580645,,,5.158453920152453,-0.0790884922492322,,,,,,,,,58.70000000000001,3.2611111111111115,55,3.0555555555555554,,,,,,,,,,,,,,,,,,,"Quintin Torres-Costa","sa876206",665014
"Tyler Kinley","COL",1,1,,5.571428571428571,22,0,0,,,21,,21,14,13,3,15,1,1,21,9,6.428571428571429,1.4,1.2857142857142858,,,,,1.7142857142857142,,0.6918238993710691,,,5.356866618565151,-0.07971251484624686,,,,,,,,,57.9,2.757142857142857,60,2.857142857142857,,,,,,,,,,,,,,,,,,,"Tyler Kinley","18297",641755
"Joe Barlow","TEX",1,1,,5.684210526315789,18,0,0,,,19,,15,13,12,2,22,0,1,26,12.31578947368421,10.421052631578947,1.1818181818181819,0.9473684210526315,,,,,1.9473684210526316,,0.7017543859649122,,,5.47716737044485,-0.07990588856819843,,,,,,,,,60,3.1578947368421053,52,2.736842105263158,,,,,,,,,,,,,,,,,,,"Joe Barlow","22296",669618
"Louis Coleman","NYM",1,1,,4.2,15,0,0,,,15,,14,8,7,2,9,0,1,14,8.4,5.4,1.5555555555555556,1.2,,,,,1.5333333333333334,,0.7425742574257426,,,5.080676142374674,-0.07995413291924938,,,,,,,,,48.00000000000001,3.2000000000000006,47,3.1333333333333333,,,,,,,,,,,,,,,,,,,"Louis Coleman","9720",488786
"Harold Arauz","STL",2,3,,5.594594594594595,8,6,0,,,37,,43,24,23,7,14,0,2,24,5.837837837837838,3.4054054054054053,1.7142857142857142,1.7027027027027026,,,,,1.5405405405405406,,0.6991525423728813,,,5.673468935167468,-0.08026428636672066,,,,,,,,,75.89999999999999,2.051351351351351,94,2.5405405405405403,,,,,,,,,,,,,,,,,,,"Harold Arauz","sa657710",622693
"Robby Scott","ARI",1,1,,4.95,19,0,0,,,20,,19,12,11,3,13,0,1,22,9.9,5.85,1.6923076923076923,1.35,,,,,1.6,,0.7194244604316546,,,5.0640094757080085,-0.08036929193019596,,,,,,,,,63.699999999999996,3.1849999999999996,63,3.15,,,,,,,,,,,,,,,,,,,"Robby Scott","13042",582494
"Neil Ramírez","LAA",1,1,,5.4,18,0,0,,,20,,19,13,12,5,9,0,1,24,10.8,4.05,2.6666666666666665,2.25,,,,,1.4,,0.7142857142857143,,,5.5640094757080085,-0.08280778921912495,,,,,,,,,55.1,2.755,53,2.65,,,,,,,,,,,,,,,,,,,"Neil Ramirez","7677",519166
"Alex Wells","BAL",2,3,,6.2,9,9,0,,,45,,56,34,31,12,12,0,3,28,5.6,2.4,2.3333333333333335,2.4,,,,,1.511111111111111,,0.6640625,,,6.43623169793023,-0.08296055388260462,,,,,,,,,50.79999999999998,1.1288888888888886,80,1.7777777777777777,,,,,,,,,,,,,,,,,,,"Alex Wells","19845",649144
"Tim Dillard","TEX",2,3,,6.230769230769231,10,5,0,,,39,,48,29,27,9,13,1,2,24,5.538461538461538,3,1.8461538461538463,2.076923076923077,,,,,1.564102564102564,,0.6611570247933884,,,6.1370863987849305,-0.0834252170039828,,,,,,,,,56.10000000000002,1.4384615384615391,81,2.076923076923077,,,,,,,,,,,,,,,,,,,"Tim Dillard","5518",457422
"Cody Tyler","SDP",1,1,,5.086956521739131,13,0,0,,,23,,25,13,13,4,8,0,1,19,7.434782608695652,3.130434782608696,2.375,1.565217391304348,,,,,1.434782608695652,,0.7299270072992701,,,4.996618171360182,-0.08408936880589796,,,,,,,,,67,2.9130434782608696,74,3.217391304347826,,,,,,,,,,,,,,,,,,,"Cody Tyler","sa3007265",682158
"Hector Perez","TOR",2,3,,6.075,10,8,0,,,40,,43,29,27,7,29,0,2,35,7.875,6.525,1.206896551724138,1.575,,,,,1.8,,0.6913183279742765,,,6.0640094757080085,-0.08416409935914582,,,,,,,,,75.09999999999998,1.8774999999999995,86,2.15,,,,,,,,,,,,,,,,,,,"Hector Perez","18592",660431
"James Naile","OAK",3,3,,5.8125,9,9,0,,,48,,57,33,31,9,18,0,3,26,4.875,3.375,1.4444444444444444,1.6875,,,,,1.5625,,0.6730769230769231,,,5.880676142374675,-0.08518114606811933,,,,,,,,,85.30000000000004,1.7770833333333342,112,2.3333333333333335,,,,,,,,,,,,,,,,,,,"James Naile","18186",664942
"Darwin Ramos","NYM",1,1,,4.875,16,0,0,,,24,,24,14,13,3,13,0,1,20,7.5,4.875,1.5384615384615385,1.125,,,,,1.5416666666666667,,0.701219512195122,,,4.922342809041341,-0.08554819065876992,,,,,,,,,76.30000000000001,3.179166666666667,79,3.2916666666666665,,,,,,,,,,,,,,,,,,,"Darwin Ramos","sa737380",642566
"Ben Hecht","CHC",1,1,,5.2105263157894735,15,0,0,,,19,,18,12,11,2,16,0,1,20,9.473684210526315,7.578947368421052,1.25,0.9473684210526315,,,,,1.7894736842105263,,0.7051282051282052,,,5.16137789676064,-0.08796644070587947,,,,,,,,,58.199999999999996,3.063157894736842,58,3.0526315789473686,,,,,,,,,,,,,,,,,,,"Ben Hecht","sa738501",643357
"Jonathan Aro","ATL",1,1,,4.7368421052631575,11,0,0,,,19,,21,11,10,3,6,0,1,12,5.684210526315789,2.8421052631578947,2,1.4210526315789473,,,,,1.4210526315789473,,0.7017543859649122,,,5.108746317813271,-0.0880776315045713,,,,,,,,,52.09999999999999,2.742105263157894,59,3.1052631578947367,,,,,,,,,,,,,,,,,,,"Jonathan Aro","14699",608167
"Henry Martinez","CLE",1,1,,5.4,17,0,0,,,20,,21,13,12,3,10,0,1,16,7.2,4.5,1.6,1.35,,,,,1.55,,0.6716417910447761,,,5.214009475708008,-0.08865190440075403,,,,,,,,,55.49999999999999,2.7749999999999995,60,3,,,,,,,,,,,,,,,,,,,"Henry Martinez","sa828216",650493
"Patrick Dayton","STL",1,1,,4.5,16,0,0,,,22,,22,12,11,3,10,1,1,17,6.954545454545454,4.090909090909091,1.7,1.2272727272727273,,,,,1.4545454545454546,,0.7194244604316546,,,4.9412822029807355,-0.08918502376058267,,,,,,,,,69.7,3.1681818181818184,72,3.272727272727273,,,,,,,,,,,,,,,,,,,"Patrick Dayton","sa3004482",676873
"Tanner Tully","CLE",3,4,,6.1875,9,9,0,,,48,,62,35,33,11,11,0,3,26,4.875,2.0625,2.3636363636363638,2.0625,,,,,1.5208333333333333,,0.6597222222222222,,,5.984842809041341,-0.0894441199353045,,,,,,,,,68.70000000000002,1.4312500000000004,107,2.2291666666666665,,,,,,,,,,,,,,,,,,,"Tanner Tully","19518",668684
"Claudio Custodio","ATL",1,2,,5.25,11,1,0,,,24,,26,16,14,4,10,0,1,17,6.375,3.75,1.7,1.5,,,,,1.5,,0.6578947368421053,,,5.339009475708008,-0.08975916247306176,,,,,,,,,61.800000000000026,2.575000000000001,69,2.875,,,,,,,,,,,,,,,,,,,"Claudio Custodio","sa547829",593468
"Nick Rumbelow","NYM",1,1,,5.538461538461538,10,0,0,,,13,,14,8,8,2,6,0,1,11,7.615384615384615,4.153846153846154,1.8333333333333333,1.3846153846153846,,,,,1.5384615384615385,,0.6976744186046512,,,5.137086398784931,-0.0913973690377585,,,,,,,,,36.199999999999996,2.7846153846153845,40,3.076923076923077,,,,,,,,,,,,,,,,,,,"Nick Rumbelow","14867",592705
"Hunter Schryver","CHW",1,1,,5.318181818181818,15,0,0,,,22,,23,14,13,4,11,0,1,20,8.181818181818182,4.5,1.8181818181818181,1.6363636363636365,,,,,1.5454545454545454,,0.7042253521126761,,,5.39582765752619,-0.0915281332739074,,,,,,,,,57.800000000000004,2.6272727272727274,62,2.8181818181818183,,,,,,,,,,,,,,,,,,,"Hunter Schryver","sa873263",676607
"Locke St. John","TEX",1,2,,6.157894736842105,17,0,0,,,19,,20,14,13,4,11,1,1,20,9.473684210526315,5.2105263157894735,1.8181818181818181,1.894736842105263,,,,,1.631578947368421,,0.6692913385826772,,,5.740325265181692,-0.09203886045785119,,,,,,,,,43.39999999999999,2.284210526315789,47,2.473684210526316,,,,,,,,,,,,,,,,,,,"Locke St. John","16850",657766
"Mitch Horacek","MIN",1,1,,5.2105263157894735,17,0,0,,,19,,18,12,11,3,12,0,1,19,9,5.684210526315789,1.5833333333333333,1.4210526315789473,,,,,1.5789473684210527,,0.6976744186046512,,,5.319272633602745,-0.09249176775044664,,,,,,,,,55.899999999999984,2.942105263157894,55,2.8947368421052633,,,,,,,,,,,,,,,,,,,"Mitch Horacek","sa550295",595255
"Luis Santos","TBR",1,2,,5.275862068965517,12,3,0,,,29,,30,18,17,6,13,0,1,27,8.379310344827585,4.0344827586206895,2.076923076923077,1.8620689655172413,,,,,1.4827586206896552,,0.722543352601156,,,5.489871544673525,-0.09309277936660733,,,,,,,,,74.80000000000001,2.5793103448275865,79,2.7241379310344827,,,,,,,,,,,,,,,,,,,"Luis Santos","15006",608601
"Junior Fernández","STL",1,1,,4.32,21,0,0,,,25,,22,13,12,3,17,1,2,28,10.08,6.12,1.6470588235294117,1.08,,,,,1.56,,0.7471264367816093,,,4.8140094757080085,-0.09396428506737597,,,,,,,,,89.89999999999999,3.5959999999999996,85,3.4,,,,,,,,,,,,,,,,,,,"Junior Fernandez","18496",658551
"Bailey Clark","CHC",1,1,,5.294117647058823,11,1,0,,,17,,17,11,10,2,13,0,1,14,7.411764705882353,6.882352941176471,1.0769230769230769,1.0588235294117647,,,,,1.7647058823529411,,0.698529411764706,,,5.566950652178596,-0.09516288514186039,,,,,,,,,43.000000000000014,2.529411764705883,45,2.6470588235294117,,,,,,,,,,,,,,,,,,,"Bailey Clark","sa857562",641457
"Sean Nolin","SEA",1,2,,6,7,6,0,,,30,,33,21,20,7,13,0,1,25,7.5,3.9,1.9230769230769231,2.1,,,,,1.5333333333333334,,0.6906077348066297,,,5.980676142374675,-0.09565343257430618,,,,,,,,,58.09999999999998,1.936666666666666,67,2.2333333333333334,,,,,,,,,,,,,,,,,,,"Sean Nolin","11341",543594
"Anthony Bender","MIL",1,1,,5.478260869565218,11,2,0,,,23,,25,15,14,4,11,1,1,16,6.260869565217392,4.304347826086956,1.4545454545454546,1.565217391304348,,,,,1.565217391304348,,0.6907894736842105,,,5.64879208440366,-0.09773519673421843,,,,,,,,,52.000000000000014,2.260869565217392,59,2.5652173913043477,,,,,,,,,,,,,,,,,,,"Anthony Bender","19742",669622
"Zach Logue","TOR",2,3,,6.075,8,7,0,,,40,,47,29,27,9,16,0,2,27,6.075,3.6,1.6875,2.025,,,,,1.575,,0.6746031746031746,,,6.139009475708008,-0.09813712432578868,,,,,,,,,63.10000000000001,1.5775000000000001,83,2.075,,,,,,,,,,,,,,,,,,,"Zach Logue","20231",656657
"Jose Rafael De Paula","ATL",1,1,,4.764705882352941,14,0,0,,,17,,16,10,9,3,10,1,1,19,10.058823529411764,5.294117647058823,1.9,1.588235294117647,,,,,1.5294117647058822,,0.7339449541284403,,,5.214009475708008,-0.0985729402114522,,,,,,,,,52.300000000000004,3.0764705882352943,51,3,,,,,,,,,,,,,,,,,,,"Jose Rafael De Paula","sa657482",606127
"Danny Dopico","CHW",1,1,,5.142857142857143,16,0,0,,,21,,19,13,12,3,17,0,1,23,9.857142857142858,7.285714285714286,1.3529411764705883,1.2857142857142858,,,,,1.7142857142857142,,0.7232704402515723,,,5.452104713803246,-0.09962887300567595,,,,,,,,,61.1,2.9095238095238094,58,2.761904761904762,,,,,,,,,,,,,,,,,,,"Danny Dopico","sa875346",661832
"Tyler Bashlor","NYM",1,1,,4.714285714285714,20,0,0,,,21,,19,12,11,3,12,0,1,21,9,5.142857142857143,1.75,1.2857142857142858,,,,,1.4761904761904763,,0.708955223880597,,,4.928295189993722,-0.099746228973132,,,,,,,,,72.1,3.433333333333333,69,3.2857142857142856,,,,,,,,,,,,,,,,,,,"Tyler Bashlor","15203",641341
"Connor Jones","STL",1,1,,5.1,13,4,0,,,30,,31,18,17,3,22,0,2,21,6.3,6.6,0.9545454545454546,0.9,,,,,1.7666666666666666,,0.7172131147540984,,,5.514009475708008,-0.09978085830236785,,,,,,,,,74.49999999999999,2.483333333333333,81,2.7,,,,,,,,,,,,,,,,,,,"Connor Jones","sa738697",640453
"Vidal Nuño","TBR",1,1,,5.294117647058823,9,1,0,,,17,,19,10,10,4,4,1,1,14,7.411764705882353,2.1176470588235294,3.5,2.1176470588235294,,,,,1.3529411764705883,,0.7471264367816093,,,5.508127122766831,-0.0998532017268692,,,,,,,,,40.20000000000001,2.3647058823529417,46,2.7058823529411766,,,,,,,,,,,,,,,,,,,"Vidal Nuno","9674",573064
"Aaron Phillips","SFG",2,4,,5.487804878048781,9,8,0,,,41,,46,27,25,8,17,0,2,31,6.804878048780488,3.731707317073171,1.8235294117647058,1.7560975609756098,,,,,1.5365853658536586,,0.694980694980695,,,5.628643622049472,-0.10001428812222823,,,,,,,,,90.40000000000002,2.2048780487804884,106,2.5853658536585367,,,,,,,,,,,,,,,,,,,"Aaron Phillips","sa3004747",676634
"John Curtiss","TBR",1,1,,5,13,0,0,,,18,,16,10,10,3,12,0,1,20,10,6,1.6666666666666667,1.5,,,,,1.5555555555555556,,0.7563025210084033,,,5.32512058681912,-0.10058723284396828,,,,,,,,,55.70000000000001,3.094444444444445,52,2.888888888888889,,,,,,,,,,,,,,,,,,,"John Curtiss","16128",595928
"Stephen Villines","NYM",1,1,,4.695652173913044,17,0,0,,,23,,23,13,12,4,10,0,1,22,8.608695652173912,3.9130434782608696,2.2,1.565217391304348,,,,,1.434782608695652,,0.7299270072992701,,,4.996618171360182,-0.1009109171672254,,,,,,,,,72.19999999999999,3.1391304347826083,74,3.217391304347826,,,,,,,,,,,,,,,,,,,"Stephen Villines","sa874197",676644
"Frank Rubio","SFG",1,1,,4.5,16,0,0,,,22,,23,12,11,3,9,1,1,16,6.545454545454546,3.6818181818181817,1.7777777777777777,1.2272727272727273,,,,,1.4545454545454546,,0.7194244604316546,,,4.89582765752619,-0.10121294012298149,,,,,,,,,68.1,3.0954545454545452,73,3.3181818181818183,,,,,,,,,,,,,,,,,,,"Frank Rubio","sa3005162",676298
"Jorge Guzmán","MIA",2,4,,5.7073170731707314,9,9,0,,,41,,40,28,26,6,30,0,3,36,7.902439024390244,6.585365853658536,1.2,1.3170731707317074,,,,,1.7073170731707317,,0.6818181818181818,,,5.774985085464106,-0.10213228417941046,,,,,,,,,98.60000000000002,2.404878048780488,100,2.4390243902439024,,,,,,,,,,,,,,,,,,,"Jorge Guzman","17505",660422
"Zac Ryan","LAA",1,1,,5.4,14,0,0,,,20,,19,13,12,3,15,0,1,21,9.45,6.75,1.4,1.35,,,,,1.7,,0.7046979865771812,,,5.464009475708008,-0.10315980153834563,,,,,,,,,55.699999999999996,2.7849999999999997,55,2.75,,,,,,,,,,,,,,,,,,,"Zac Ryan","sa873262",642041
"Jake Woodford","STL",3,4,,5.510204081632653,9,9,0,,,49,,52,33,30,9,26,0,3,40,7.346938775510204,4.775510204081633,1.5384615384615385,1.653061224489796,,,,,1.5918367346938775,,0.6880733944954128,,,5.744621720605967,-0.1038186807453633,,,,,,,,,109.70000000000002,2.238775510204082,121,2.4693877551020407,,,,,,,,,,,,,,,,,,,"Jake Woodford","18674",663765
"Mike Franco","TBR",1,1,,5.684210526315789,11,1,0,,,19,,20,13,12,3,12,1,1,18,8.526315789473685,5.684210526315789,1.5,1.4210526315789473,,,,,1.6842105263157894,,0.6834532374100719,,,5.424535791497481,-0.10450077963317347,,,,,,,,,48.69999999999999,2.5631578947368414,53,2.789473684210526,,,,,,,,,,,,,,,,,,,"Mike Franco","sa829140",650574
"Darin Gillies","SEA",1,1,,5.318181818181818,15,0,0,,,22,,23,14,13,4,10,0,1,21,8.590909090909092,4.090909090909091,2.1,1.6363636363636365,,,,,1.5,,0.6934306569343066,,,5.168554930253462,-0.10470256674698313,,,,,,,,,62.800000000000004,2.854545454545455,67,3.0454545454545454,,,,,,,,,,,,,,,,,,,"Darin Gillies","sa875269",606981
"Jordan Milbrath","MIA",1,1,,4.695652173913044,14,0,0,,,23,,22,13,12,3,13,0,1,20,7.826086956521739,5.086956521739131,1.5384615384615385,1.173913043478261,,,,,1.5217391304347827,,0.7142857142857143,,,4.996618171360182,-0.10507174091566264,,,,,,,,,74.10000000000001,3.221739130434783,74,3.217391304347826,,,,,,,,,,,,,,,,,,,"Jordan Milbrath","sa738636",641872
"Beau Burrows","DET",2,3,,6.2727272727272725,7,7,0,,,33,,38,24,23,7,17,0,2,25,6.818181818181818,4.636363636363637,1.4705882352941178,1.9090909090909092,,,,,1.6666666666666667,,0.6858407079646017,,,6.183706445404978,-0.10575386069670074,,,,,,,,,52.300000000000026,1.5848484848484856,67,2.0303030303030303,,,,,,,,,,,,,,,,,,,"Beau Burrows","18873",663366
"Jesus Zambrano","OAK",1,1,,4.846153846153846,16,0,0,,,26,,28,15,14,4,10,0,1,18,6.230769230769231,3.4615384615384617,1.8,1.3846153846153846,,,,,1.4615384615384615,,0.7098765432098766,,,5.098624860323392,-0.10581102367470764,,,,,,,,,73.39999999999999,2.823076923076923,81,3.1153846153846154,,,,,,,,,,,,,,,,,,,"Jesus Zambrano","sa737066",642508
"Jon Harris","TOR",2,3,,6.365853658536586,8,8,0,,,41,,49,30,29,10,14,0,2,28,6.146341463414634,3.073170731707317,2,2.1951219512195124,,,,,1.5365853658536586,,0.673469387755102,,,6.189619231805569,-0.10775654453953962,,,,,,,,,61.00000000000003,1.4878048780487811,83,2.024390243902439,,,,,,,,,,,,,,,,,,,"Jon Harris","sa658929",622247
"Michael Blazek","WSN",1,1,,5.4,14,1,0,,,20,,21,13,12,4,10,0,1,17,7.65,4.5,1.7,1.8,,,,,1.55,,0.7086614173228347,,,5.764009475708008,-0.10803443791978375,,,,,,,,,45.199999999999996,2.26,49,2.45,,,,,,,,,,,,,,,,,,,"Michael Blazek","9654",518468
"Ryan Halstead","SFG",1,2,,5.086956521739131,13,1,0,,,23,,25,14,13,4,8,0,1,17,6.6521739130434785,3.130434782608696,2.125,1.565217391304348,,,,,1.434782608695652,,0.6934306569343066,,,5.170531214838443,-0.1082228772604816,,,,,,,,,63,2.739130434782609,70,3.0434782608695654,,,,,,,,,,,,,,,,,,,"Ryan Halstead","sa549980",595237
"Ronnie Williams","STL",1,2,,4.95,16,0,0,,,20,,20,12,11,2,14,1,1,17,7.65,6.3,1.2142857142857142,0.9,,,,,1.7,,0.7051282051282052,,,5.0640094757080085,-0.10832536649630373,,,,,,,,,60.400000000000006,3.0200000000000005,63,3.15,,,,,,,,,,,,,,,,,,,"Ronnie Williams","sa828702",657122
"Jerry Keel","SDP",2,4,,5.823529411764706,10,9,0,,,51,,59,36,33,10,22,0,3,36,6.352941176470588,3.8823529411764706,1.6363636363636365,1.7647058823529411,,,,,1.588235294117647,,0.6716417910447762,,,5.8218526129629105,-0.10862516018294106,,,,,,,,,98.00000000000003,1.921568627450981,122,2.392156862745098,,,,,,,,,,,,,,,,,,,"Jerry Keel","sa856543",664843
"Jesse Biddle","CIN",1,1,,4.764705882352941,15,0,0,,,17,,16,10,9,3,10,1,1,17,9,5.294117647058823,1.7,1.588235294117647,,,,,1.5294117647058822,,0.7339449541284403,,,5.449303593355067,-0.10940135494376485,,,,,,,,,48.300000000000004,2.8411764705882354,47,2.764705882352941,,,,,,,,,,,,,,,,,,,"Jesse Biddle","11437",592145
"Zach Jackson","TOR",1,2,,5.25,18,0,0,,,24,,24,15,14,4,14,0,1,23,8.625,5.25,1.6428571428571428,1.5,,,,,1.5833333333333333,,0.7098765432098766,,,5.339009475708008,-0.10958765491472311,,,,,,,,,67.00000000000003,2.791666666666668,69,2.875,,,,,,,,,,,,,,,,,,,"Zach Jackson","19493",667427
"Pat Dean","COL",2,3,,6.818181818181818,7,6,0,,,33,,44,27,25,8,10,0,1,17,4.636363636363637,2.727272727272727,1.7,2.1818181818181817,,,,,1.6363636363636365,,0.6308411214953271,,,6.335221596920129,-0.11086550077987725,,,,,,,,,32.400000000000034,0.9818181818181828,62,1.878787878787879,,,,,,,,,,,,,,,,,,,"Pat Dean","11350",534737
"Junichi Tazawa","CIN",1,1,,6.230769230769231,14,0,0,,,13,,14,9,9,3,6,1,0,12,8.307692307692308,4.153846153846154,2,2.076923076923077,,,,,1.5384615384615385,,0.6962025316455696,,,5.752471014169546,-0.11110932765447196,,,,,,,,,28.9,2.223076923076923,32,2.4615384615384617,,,,,,,,,,,,,,,,,,,"Junichi Tazawa","4079",547749
"Brandon Snyder","WSN",0,0,,9,2,0,0,,,2,,3,2,2,1,1,0,0,1,4.5,4.5,1,4.5,,,,,2,,0.7692307692307692,,,10.214009475708007,-0.11126216868387942,,,,,,,,,-6.300000000000001,-3.1500000000000004,-4,-2,,,,,,,,,,,,,,,,,,,"Brandon Snyder","9856",474319
"Jake Lemoine","TEX",1,1,,5.85,16,0,0,,,20,,22,13,13,3,12,1,1,15,6.75,5.4,1.25,1.35,,,,,1.7,,0.7046979865771812,,,5.6140094757080075,-0.1116740379234419,,,,,,,,,44.89999999999999,2.2449999999999997,52,2.6,,,,,,,,,,,,,,,,,,,"Jake Lemoine","19785",621082
"Grant Dyer","PHI",1,1,,5.2105263157894735,15,0,0,,,19,,20,12,11,4,7,0,1,17,8.052631578947368,3.3157894736842106,2.4285714285714284,1.894736842105263,,,,,1.4210526315789473,,0.7009345794392524,,,5.424535791497481,-0.11175790813389694,,,,,,,,,49.39999999999999,2.5999999999999996,53,2.789473684210526,,,,,,,,,,,,,,,,,,,"Grant Dyer","sa874139",667657
"Cam Hill","CLE",1,1,,4.909090909090909,10,0,0,,,11,,10,7,6,3,5,0,0,13,10.636363636363637,4.090909090909091,2.6,2.4545454545454546,,,,,1.3636363636363635,,0.7407407407407407,,,5.759464021162554,-0.11253376905676704,,,,,,,,,29.5,2.6818181818181817,27,2.4545454545454546,,,,,,,,,,,,,,,,,,,"Cam Hill","16840",657611
"Ricardo Pinto","SFG",2,3,,5.2682926829268295,11,3,0,,,41,,45,25,24,6,19,0,2,29,6.365853658536586,4.170731707317073,1.5263157894736843,1.3170731707317074,,,,,1.5609756097560976,,0.7014388489208633,,,5.238399719610447,-0.11298709660275806,,,,,,,,,107.60000000000002,2.6243902439024396,122,2.975609756097561,,,,,,,,,,,,,,,,,,,"Ricardo Pinto","16318",620982
"Dakota Mekkes","CHC",1,1,,4.95,17,0,0,,,20,,18,12,11,3,15,1,1,23,10.35,6.75,1.5333333333333334,1.35,,,,,1.65,,0.7291666666666666,,,5.264009475708008,-0.11469212153303023,,,,,,,,,62.29999999999999,3.1149999999999993,59,2.95,,,,,,,,,,,,,,,,,,,"Dakota Mekkes","sa915807",669728
"Bud Jeter","ARI",1,1,,4.846153846153846,11,0,0,,,13,,13,8,7,2,8,0,1,12,8.307692307692308,5.538461538461538,1.5,1.3846153846153846,,,,,1.6153846153846154,,0.7142857142857143,,,5.444778706477239,-0.11795725202886026,,,,,,,,,34.79999999999999,2.6769230769230763,36,2.769230769230769,,,,,,,,,,,,,,,,,,,"Bud Jeter","sa738369",641728
"Braden Webb","MIL",1,3,,6.107142857142857,9,8,0,,,28,,28,21,19,4,25,0,2,26,8.357142857142858,8.035714285714286,1.04,1.2857142857142858,,,,,1.8928571428571428,,0.6751054852320675,,,6.106866618565151,-0.11948305422836458,,,,,,,,,56.20000000000006,2.0071428571428593,59,2.107142857142857,,,,,,,,,,,,,,,,,,,"Braden Webb","sa876362",657096
"Tim Melville","COL",3,3,,6.525,9,7,0,,,40,,46,30,29,9,20,0,2,32,7.2,4.5,1.6,2.025,,,,,1.65,,0.6741573033707865,,,6.1890094757080085,-0.12026483982800731,,,,,,,,,63.7,1.5925,81,2.025,,,,,,,,,,,,,,,,,,,"Tim Melville","9149",543532
"Dauris Valdez","SDP",0,1,,4.95,17,0,0,,,20,,19,12,11,3,14,0,1,22,9.9,6.3,1.5714285714285714,1.35,,,,,1.65,,0.7291666666666666,,,5.214009475708008,-0.12084466021418291,,,,,,,,,60.699999999999996,3.0349999999999997,60,3,,,,,,,,,,,,,,,,,,,"Dauris Valdez","sa917999",667378
"David McKay","DET",1,1,,5.4,20,0,0,,,25,,24,16,15,5,14,0,1,30,10.8,5.04,2.142857142857143,1.8,,,,,1.52,,0.7096774193548387,,,5.214009475708008,-0.12106156503042048,,,,,,,,,76.1,3.0439999999999996,75,3,,,,,,,,,,,,,,,,,,,"David McKay","19814",641853
"Kyle Zimmer","KCR",1,1,,5.294117647058823,24,0,0,,,17,,17,10,10,2,13,0,1,16,8.470588235294118,6.882352941176471,1.2307692307692308,1.0588235294117647,,,,,1.7647058823529411,,0.7352941176470589,,,5.331656534531538,-0.12123120009350859,,,,,,,,,47.000000000000014,2.764705882352942,49,2.8823529411764706,,,,,,,,,,,,,,,,,,,"Kyle Zimmer","14169",622092
"Brian Ellington","SEA",0,1,,5.4,14,0,0,,,15,,13,10,9,2,13,0,1,17,10.2,7.8,1.3076923076923077,1.2,,,,,1.7333333333333334,,0.6896551724137931,,,5.480676142374675,-0.12218871549821173,,,,,,,,,44.6,2.9733333333333336,41,2.7333333333333334,,,,,,,,,,,,,,,,,,,"Brian Ellington","17233",623395
"Sammy Solís","SDP",0,1,,4.846153846153846,14,0,0,,,13,,12,7,7,3,6,0,1,15,10.384615384615385,4.153846153846154,2.5,2.076923076923077,,,,,1.3846153846153846,,0.7971014492753623,,,5.5217017834003155,-0.1222376180440614,,,,,,,,,37.099999999999994,2.8538461538461535,35,2.6923076923076925,,,,,,,,,,,,,,,,,,,"Sammy Solis","11457",519301
"Layne Henderson","HOU",1,1,,5.142857142857143,9,0,0,,,14,,13,8,8,2,11,0,1,14,9,7.071428571428571,1.2727272727272727,1.2857142857142858,,,,,1.7142857142857142,,0.7547169811320755,,,5.642580904279436,-0.12277974851776154,,,,,,,,,37.200000000000024,2.657142857142859,36,2.5714285714285716,,,,,,,,,,,,,,,,,,,"Layne Henderson","sa3007718",668203
"Alex Klonowski","KCR",2,3,,6.5,8,6,0,,,36,,42,28,26,7,14,0,2,19,4.75,3.5,1.3571428571428572,1.75,,,,,1.5555555555555556,,0.6060606060606061,,,6.019565031263563,-0.12339493779666771,,,,,,,,,61.10000000000001,1.6972222222222224,79,2.1944444444444446,,,,,,,,,,,,,,,,,,,"Alex Klonowski","sa829634",657644
"Tyler Jay","CIN",1,1,,5.666666666666667,13,2,0,,,27,,30,18,17,5,14,1,2,21,7,4.666666666666667,1.5,1.6666666666666667,,,,,1.6296296296296295,,0.7027027027027027,,,5.843639105337638,-0.12391735871367299,,,,,,,,,54.30000000000001,2.0111111111111115,64,2.3703703703703702,,,,,,,,,,,,,,,,,,,"Tyler Jay","17952",664079
"Zac Reininger","DET",1,2,,5.7,21,1,0,,,30,,34,20,19,5,13,0,1,21,6.3,3.9,1.6153846153846154,1.5,,,,,1.5666666666666667,,0.675,,,5.380676142374675,-0.12400751254916567,,,,,,,,,72.1,2.4033333333333333,85,2.8333333333333335,,,,,,,,,,,,,,,,,,,"Zac Reininger","15285",643617
"Elvis Luciano","TOR",1,1,,5.294117647058823,8,1,0,,,17,,18,11,10,3,10,0,1,13,6.882352941176471,5.294117647058823,1.3,1.588235294117647,,,,,1.6470588235294117,,0.7142857142857143,,,5.919891828649185,-0.12454968698572719,,,,,,,,,35.1,2.0647058823529414,39,2.2941176470588234,,,,,,,,,,,,,,,,,,,"Elvis Luciano","20632",672773
"Ryan Hartman","HOU",2,3,,6,9,6,0,,,39,,44,27,26,10,14,0,2,34,7.846153846153846,3.230769230769231,2.4285714285714284,2.3076923076923075,,,,,1.4871794871794872,,0.7045454545454546,,,6.034522296220828,-0.12694797451759443,,,,,,,,,71.20000000000002,1.825641025641026,85,2.1794871794871793,,,,,,,,,,,,,,,,,,,"Ryan Hartman","19480",670057
"Corey Copping","TOR",1,1,,5.85,15,0,0,,,20,,20,13,13,3,14,1,1,19,8.55,6.3,1.3571428571428572,1.35,,,,,1.7,,0.7046979865771812,,,5.514009475708008,-0.12777728930763924,,,,,,,,,52.099999999999994,2.6049999999999995,54,2.7,,,,,,,,,,,,,,,,,,,"Corey Copping","sa875831",665045
"Cale Coshow","NYY",1,1,,5.684210526315789,12,1,0,,,19,,19,13,12,4,12,1,1,20,9.473684210526315,5.684210526315789,1.6666666666666667,1.894736842105263,,,,,1.631578947368421,,0.7086614173228347,,,5.898220002023797,-0.12812922575058805,,,,,,,,,42.99999999999999,2.2631578947368416,44,2.3157894736842106,,,,,,,,,,,,,,,,,,,"Cale Coshow","sa738313",641483
"Scott Blewett","KCR",2,4,,6,9,8,0,,,42,,50,30,28,8,20,0,2,26,5.571428571428571,4.285714285714286,1.3,1.7142857142857142,,,,,1.6666666666666667,,0.6802721088435374,,,6.023533285231817,-0.12825063090991667,,,,,,,,,68.4,1.6285714285714288,92,2.1904761904761907,,,,,,,,,,,,,,,,,,,"Scott Blewett","16427",656240
"Lucas Luetge","OAK",1,2,,4.95,17,0,0,,,20,,20,12,11,4,9,0,1,20,9,4.05,2.2222222222222223,1.8,,,,,1.45,,0.7264957264957266,,,5.3140094757080085,-0.1283123944909122,,,,,,,,,56.8,2.84,58,2.9,,,,,,,,,,,,,,,,,,,"Lucas Luetge","8337",476595
"Daniel Procopio","LAA",0,0,,5.785714285714286,10,0,0,,,14,,15,10,9,2,10,0,1,11,7.071428571428571,6.428571428571429,1.1,1.2857142857142858,,,,,1.7857142857142858,,0.6756756756756757,,,5.856866618565151,-0.12859857777751504,,,,,,,,,29,2.0714285714285716,33,2.357142857142857,,,,,,,,,,,,,,,,,,,"Daniel Procopio","sa738270",641990
"Trevor Clifton","ARI",2,3,,6.081081081081081,9,8,0,,,37,,41,27,25,7,20,1,2,29,7.054054054054054,4.864864864864865,1.45,1.7027027027027026,,,,,1.6486486486486487,,0.6640625,,,5.889685151383684,-0.13067001021707716,,,,,,,,,73.09999999999998,1.975675675675675,86,2.324324324324324,,,,,,,,,,,,,,,,,,,"Trevor Clifton","sa737901",641461
"Akeem Bostick","STL",1,2,,5.625,8,5,0,,,32,,35,21,20,6,15,0,2,23,6.46875,4.21875,1.5333333333333334,1.6875,,,,,1.5625,,0.6971153846153846,,,5.807759475708008,-0.13081906911142546,,,,,,,,,67,2.09375,77,2.40625,,,,,,,,,,,,,,,,,,,"Akeem Bostick","15979",641384
"Hector Lujan","MIN",1,1,,5.571428571428571,13,0,0,,,21,,24,14,13,4,8,1,1,16,6.857142857142857,3.4285714285714284,2,1.7142857142857142,,,,,1.5238095238095237,,0.6818181818181819,,,5.452104713803246,-0.13091962091783385,,,,,,,,,48.8,2.3238095238095235,58,2.761904761904762,,,,,,,,,,,,,,,,,,,"Hector Lujan","sa876201",665018
"Shao-Ching Chiang","DET",2,4,,6.51063829787234,9,9,0,,,47,,58,36,34,11,16,0,3,31,5.9361702127659575,3.0638297872340425,1.9375,2.106382978723404,,,,,1.574468085106383,,0.6484641638225256,,,6.1501796884739655,-0.13109867065670894,,,,,,,,,66.69999999999999,1.4191489361702125,97,2.0638297872340425,,,,,,,,,,,,,,,,,,,"Shao-Ching Chiang","sa659598",623992
"Mitchell Jordan","OAK",2,3,,5.869565217391305,10,8,0,,,46,,54,32,30,9,19,0,3,29,5.673913043478261,3.717391304347826,1.5263157894736843,1.7608695652173914,,,,,1.5869565217391304,,0.6788079470198676,,,5.931400780055834,-0.13215256859624402,,,,,,,,,81.30000000000004,1.7673913043478269,105,2.282608695652174,,,,,,,,,,,,,,,,,,,"Mitchell Jordan","sa873675",669210
"Merandy Gonzalez","STL",1,2,,5.869565217391305,13,3,0,,,23,,25,16,15,3,16,1,1,17,6.6521739130434785,6.260869565217392,1.0625,1.173913043478261,,,,,1.7826086956521738,,0.6793478260869565,,,5.64879208440366,-0.13228366999140945,,,,,,,,,51.30000000000001,2.2304347826086963,59,2.5652173913043477,,,,,,,,,,,,,,,,,,,"Merandy Gonzalez","17313",642571
"Sam Freeman","WSN",1,1,,4.95,16,0,0,,,20,,21,12,11,3,12,0,1,18,8.1,5.4,1.5,1.35,,,,,1.65,,0.7291666666666666,,,5.3140094757080085,-0.13229194716944648,,,,,,,,,53.49999999999999,2.675,58,2.9,,,,,,,,,,,,,,,,,,,"Sam Freeman","6832",518693
"Robinson Leyer","BOS",1,1,,5.85,16,0,0,,,20,,20,13,13,3,14,0,1,20,9,6.3,1.4285714285714286,1.35,,,,,1.7,,0.7046979865771812,,,5.414009475708008,-0.1330675784695031,,,,,,,,,54.099999999999994,2.7049999999999996,56,2.8,,,,,,,,,,,,,,,,,,,"Robinson Leyer","14399",622490
"Matt Blackham","NYM",1,2,,5,15,0,0,,,18,,16,11,10,3,13,1,1,22,11,6.5,1.6923076923076923,1.5,,,,,1.6111111111111112,,0.7258064516129032,,,5.269565031263563,-0.1330999560516717,,,,,,,,,56.70000000000001,3.1500000000000004,53,2.9444444444444446,,,,,,,,,,,,,,,,,,,"Matt Blackham","sa829631",657518
"Andy Cox","CIN",1,1,,5.823529411764706,16,0,0,,,17,,15,11,11,2,17,0,1,19,10.058823529411764,9,1.1176470588235294,1.0588235294117647,,,,,1.8823529411764706,,0.7191780821917808,,,5.684597711002126,-0.1331919850582403,,,,,,,,,46.20000000000002,2.7176470588235304,43,2.5294117647058822,,,,,,,,,,,,,,,,,,,"Andy Cox","sa876303",665141
"Ronald Peña","WSN",0,1,,5.5,14,0,0,,,18,,18,12,11,3,11,0,1,17,8.5,5.5,1.5454545454545454,1.5,,,,,1.6111111111111112,,0.6854838709677419,,,5.491787253485786,-0.13378467868243019,,,,,,,,,47.50000000000001,2.6388888888888893,49,2.7222222222222223,,,,,,,,,,,,,,,,,,,"Ronald Pena","sa658287",592630
"Ryan Castellani","COL",2,3,,6.9,7,7,0,,,30,,35,24,23,6,21,0,1,23,6.9,6.3,1.0952380952380953,1.8,,,,,1.8666666666666667,,0.6722689075630252,,,6.480676142374675,-0.13409515281577994,,,,,,,,,37.19999999999999,1.2399999999999995,52,1.7333333333333334,,,,,,,,,,,,,,,,,,,"Ryan Castellani","16377",624418
"Jesus Camargo","CHC",1,1,,5.25,12,0,0,,,24,,26,15,14,4,10,0,1,18,6.75,3.75,1.8,1.5,,,,,1.5,,0.6907894736842105,,,5.255676142374675,-0.13436333683332227,,,,,,,,,63.800000000000026,2.6583333333333345,71,2.9583333333333335,,,,,,,,,,,,,,,,,,,"Jesus Camargo","sa841386",659168
"Ben Krauth","CLE",1,1,,5.571428571428571,13,0,0,,,21,,21,14,13,3,14,1,1,19,8.142857142857142,6,1.3571428571428572,1.2857142857142858,,,,,1.6666666666666667,,0.6818181818181818,,,5.404485666184199,-0.13504121459306545,,,,,,,,,56.9,2.7095238095238097,59,2.8095238095238093,,,,,,,,,,,,,,,,,,,"Ben Krauth","sa918347",670078
"Williams Jerez","PIT",1,1,,5.478260869565218,20,0,0,,,23,,24,15,14,4,12,0,1,22,8.608695652173912,4.695652173913044,1.8333333333333333,1.565217391304348,,,,,1.565217391304348,,0.6907894736842105,,,5.257487736577573,-0.13610834132091915,,,,,,,,,63.60000000000001,2.7652173913043483,68,2.9565217391304346,,,,,,,,,,,,,,,,,,,"Williams Jerez","14338",605301
"Stephen Nogosek","NYM",1,1,,5.2105263157894735,16,0,0,,,19,,19,12,11,3,13,0,1,20,9.473684210526315,6.157894736842105,1.5384615384615385,1.4210526315789473,,,,,1.6842105263157894,,0.7194244604316546,,,5.371904212550113,-0.13629580101921254,,,,,,,,,52.29999999999999,2.752631578947368,54,2.8421052631578947,,,,,,,,,,,,,,,,,,,"Stephen Nogosek","19545",668665
"Dalton Moats","TBR",1,1,,5.086956521739131,16,1,0,,,23,,24,14,13,4,11,1,1,19,7.434782608695652,4.304347826086956,1.7272727272727273,1.565217391304348,,,,,1.5217391304347827,,0.7142857142857143,,,5.387922519186269,-0.13718595904185507,,,,,,,,,60.60000000000001,2.6347826086956525,65,2.8260869565217392,,,,,,,,,,,,,,,,,,,"Dalton Moats","sa738506",641889
"Jackson Tetreault","WSN",2,3,,6,9,9,0,,,42,,49,30,28,8,23,0,3,30,6.428571428571429,4.928571428571429,1.3043478260869565,1.7142857142857142,,,,,1.7142857142857142,,0.6907894736842105,,,6.118771380469912,-0.13813816504222864,,,,,,,,,67,1.5952380952380953,88,2.0952380952380953,,,,,,,,,,,,,,,,,,,"Jackson Tetreault","20565",676194
"Evan Grills","COL",1,2,,6.84,6,4,0,,,25,,32,20,19,7,8,0,1,18,6.48,2.88,2.25,2.52,,,,,1.6,,0.662251655629139,,,6.494009475708008,-0.13824770993181276,,,,,,,,,24.69999999999999,0.9879999999999995,43,1.72,,,,,,,,,,,,,,,,,,,"Evan Grills","sa548475",592361
"Tyler White","LAD",0,0,,18,1,0,0,,,1,,2,2,2,1,1,0,0,0,0,9,0,9,,,,,3,,0.625,,,19.214009475708007,-0.13842327060020096,,,,,,,,,-13.100000000000001,-13.100000000000001,-11,-11,,,,,,,,,,,,,,,,,,,"Tyler White","15564",643603
"Austin Bibens-Dirkx","TEX",1,2,,6.576923076923077,7,4,0,,,26,,32,21,19,7,10,0,1,19,6.576923076923077,3.4615384615384617,1.9,2.423076923076923,,,,,1.6153846153846154,,0.6521739130434782,,,6.5217017834003155,-0.14103921185097276,,,,,,,,,28.099999999999994,1.0807692307692305,44,1.6923076923076923,,,,,,,,,,,,,,,,,,,"Austin Bibens-Dirkx","9559",502212
"Tyler Alexander","OAK",2,2,,5.90625,10,6,0,,,32,,34,22,21,7,18,0,2,31,8.71875,5.0625,1.7222222222222223,1.96875,,,,,1.625,,0.7109004739336492,,,5.995259475708008,-0.14325576487656072,,,,,,,,,64.29999999999998,2.0093749999999995,71,2.21875,,,,,,,,,,,,,,,,,,,"Tyler Alexander","sa738376",622066
"Jonathan Hennigan","PHI",1,1,,5.318181818181818,16,0,0,,,22,,21,14,13,3,16,0,1,20,8.181818181818182,6.545454545454546,1.25,1.2272727272727273,,,,,1.6818181818181819,,0.701219512195122,,,5.4867367484352805,-0.14350034790737426,,,,,,,,,60.300000000000004,2.740909090909091,60,2.727272727272727,,,,,,,,,,,,,,,,,,,"Jonathan Hennigan","sa918447",670125
"Domingo Tapia","BOS",1,2,,5.625,16,1,0,,,24,,28,16,15,4,12,0,1,17,6.375,4.5,1.4166666666666667,1.5,,,,,1.6666666666666667,,0.6976744186046512,,,5.589009475708008,-0.14363912258478523,,,,,,,,,50.60000000000002,2.1083333333333343,63,2.625,,,,,,,,,,,,,,,,,,,"Domingo Tapia","12178",593619
"Bubba Derby","MIL",2,3,,5.625,10,6,0,,,40,,44,27,25,9,19,0,2,35,7.875,4.275,1.8421052631578947,2.025,,,,,1.575,,0.7142857142857143,,,5.964009475708008,-0.14418002765245358,,,,,,,,,77.9,1.9475000000000002,90,2.25,,,,,,,,,,,,,,,,,,,"Bubba Derby","sa875183",622246
"Keury Mella","ARI",3,4,,5.625,10,9,0,,,48,,54,33,30,9,22,0,3,35,6.5625,4.125,1.5909090909090908,1.6875,,,,,1.5833333333333333,,0.6782334384858044,,,5.755676142374675,-0.1455231087192908,,,,,,,,,99.10000000000005,2.0645833333333345,118,2.4583333333333335,,,,,,,,,,,,,,,,,,,"Keury Mella","15964",622492
"Sean Keselica","PIT",1,1,,5.571428571428571,14,0,0,,,21,,21,14,13,2,18,0,1,19,8.142857142857142,7.714285714285714,1.0555555555555556,0.8571428571428571,,,,,1.8571428571428572,,0.6906077348066297,,,5.356866618565151,-0.14569802849382904,,,,,,,,,57.20000000000001,2.7238095238095243,60,2.857142857142857,,,,,,,,,,,,,,,,,,,"Sean Keselica","sa876113",656613
"Brad Boxberger","MIA",1,1,,5.4,16,0,1.180999994277954,,,15,,13,9,9,3,10,1,0,18,10.8,6,1.8,1.8,,,,,1.5333333333333334,,0.7446808510638298,,,5.414009475708008,-0.14601132604012187,,,,,,,,,52.20499997138976,3.480333331425984,47.90499997138977,3.193666664759318,,,,,,,,,,,,,,,,,,,"Brad Boxberger","10133",502202
"Jake Jewell","SFG",1,1,,4.695652173913044,20,0,0,,,23,,23,13,12,3,11,0,2,19,7.434782608695652,4.304347826086956,1.7272727272727273,1.173913043478261,,,,,1.4782608695652173,,0.7046979865771812,,,4.953139910490616,-0.1467851453139169,,,,,,,,,72.5,3.152173913043478,75,3.260869565217391,,,,,,,,,,,,,,,,,,,"Jake Jewell","16958",657228
"Jovani Morán","MIN",1,1,,5.294117647058823,11,0,0,,,17,,15,11,10,3,14,0,1,21,11.117647058823529,7.411764705882353,1.5,1.588235294117647,,,,,1.7058823529411764,,0.7258064516129032,,,5.684597711002126,-0.14726669291002217,,,,,,,,,46.900000000000006,2.758823529411765,43,2.5294117647058822,,,,,,,,,,,,,,,,,,,"Jovani Moran","20422",663558
"Blake Battenfield","CHW",2,3,,6.365853658536586,10,9,0,,,41,,51,30,29,10,16,0,3,29,6.365853658536586,3.5121951219512195,1.8125,2.1951219512195124,,,,,1.6341463414634145,,0.6981132075471698,,,6.360350939122642,-0.14792337157508437,,,,,,,,,48.80000000000004,1.1902439024390254,76,1.853658536585366,,,,,,,,,,,,,,,,,,,"Blake Battenfield","sa3002734",676732
"Wladimir Pinto","DET",1,1,,5.85,15,0,0,,,20,,19,14,13,3,17,1,1,23,10.35,7.65,1.3529411764705883,1.35,,,,,1.8,,0.6918238993710691,,,5.5640094757080085,-0.14924602919337632,,,,,,,,,53.699999999999996,2.6849999999999996,53,2.65,,,,,,,,,,,,,,,,,,,"Wladimir Pinto","sa871482",660749
"Matt Wotherspoon","DET",1,2,,5.785714285714286,14,2,0,,,28,,30,19,18,6,13,0,1,25,8.035714285714286,4.178571428571429,1.9230769230769231,1.9285714285714286,,,,,1.5357142857142858,,0.6936416184971098,,,5.714009475708008,-0.15234143933654898,,,,,,,,,63.400000000000034,2.2642857142857156,70,2.5,,,,,,,,,,,,,,,,,,,"Matt Wotherspoon","16452",642226
"Gregory Soto","DET",1,1,,5.086956521739131,26,0,0,,,23,,23,14,13,3,17,0,1,21,8.217391304347826,6.6521739130434785,1.2352941176470589,1.173913043478261,,,,,1.7391304347826086,,0.7262569832402235,,,5.431400780055834,-0.1549170675015409,,,,,,,,,61.50000000000001,2.673913043478261,64,2.782608695652174,,,,,,,,,,,,,,,,,,,"Gregory Soto","19677",642397
"Jackson McClelland","TOR",0,1,,5.684210526315789,16,0,0,,,19,,19,13,12,3,13,0,1,17,8.052631578947368,6.157894736842105,1.3076923076923077,1.4210526315789473,,,,,1.6842105263157894,,0.6834532374100719,,,5.687693686234324,-0.1558986294849784,,,,,,,,,46.29999999999999,2.4368421052631573,48,2.526315789473684,,,,,,,,,,,,,,,,,,,"Jackson McClelland","sa659000",621143
"Chris Beck","STL",1,1,,5.2105263157894735,16,0,0,,,19,,20,12,11,3,10,1,1,16,7.578947368421052,4.7368421052631575,1.6,1.4210526315789473,,,,,1.5789473684210527,,0.6976744186046512,,,5.319272633602745,-0.15646318766226297,,,,,,,,,50.69999999999999,2.668421052631578,55,2.8947368421052633,,,,,,,,,,,,,,,,,,,"Chris Beck","13418",571476
"Christian James","NYM",2,3,,5.684210526315789,9,7,0,,,38,,44,26,24,6,20,0,2,21,4.973684210526316,4.7368421052631575,1.05,1.4210526315789473,,,,,1.6842105263157894,,0.6834532374100719,,,5.898220002023797,-0.15691384932279523,,,,,,,,,68.99999999999997,1.8157894736842097,88,2.3157894736842106,,,,,,,,,,,,,,,,,,,"Christian James","sa918327",669259
"Bryan Mitchell","CHW",1,1,,6.576923076923077,7,6,0,,,26,,30,20,19,6,15,0,1,19,6.576923076923077,5.1923076923076925,1.2666666666666666,2.076923076923077,,,,,1.7307692307692308,,0.6830601092896175,,,6.598624860323392,-0.15694822522053878,,,,,,,,,30.599999999999994,1.1769230769230767,42,1.6153846153846154,,,,,,,,,,,,,,,,,,,"Bryan Mitchell","11479",571951
"Justin De Fratus","LAD",3,4,,6.069767441860465,8,7,0,,,43,,52,31,29,10,12,0,3,26,5.441860465116279,2.511627906976744,2.1666666666666665,2.0930232558139537,,,,,1.4883720930232558,,0.66,,,6.074474591987078,-0.15720486994641086,,,,,,,,,66.99999999999997,1.5581395348837204,92,2.13953488372093,,,,,,,,,,,,,,,,,,,"Justin De Fratus","4955",518603
"James Jones","TEX",0,1,,6.5,15,0,0,,,18,,20,14,13,3,13,0,1,16,8,6.5,1.2307692307692308,1.5,,,,,1.8333333333333333,,0.6597222222222222,,,5.93623169793023,-0.15908532959469446,,,,,,,,,34.30000000000001,1.9055555555555561,41,2.2777777777777777,,,,,,,,,,,,,,,,,,,"James Jones","9767",571825
"Joe Zanghi","NYM",1,1,,4.909090909090909,14,0,0,,,22,,22,13,12,3,13,1,1,18,7.363636363636363,5.318181818181818,1.3846153846153846,1.2272727272727273,,,,,1.5909090909090908,,0.7142857142857143,,,5.259464021162554,-0.15958402634133229,,,,,,,,,62.7,2.85,65,2.9545454545454546,,,,,,,,,,,,,,,,,,,"Joe Zanghi","sa875398",642236
"Tom Windle","BOS",1,2,,5.684210526315789,17,0,0,,,19,,19,13,12,3,13,1,1,18,8.526315789473685,6.157894736842105,1.3846153846153846,1.4210526315789473,,,,,1.6842105263157894,,0.6834532374100719,,,5.582430528339587,-0.16061919450849874,,,,,,,,,48.29999999999999,2.5421052631578944,50,2.6315789473684212,,,,,,,,,,,,,,,,,,,"Tom Windle","sa549785",592874
"Matt Eckelman","PIT",1,1,,5.684210526315789,16,1,0,,,19,,20,13,12,3,12,0,1,15,7.105263157894737,5.684210526315789,1.25,1.4210526315789473,,,,,1.6842105263157894,,0.6834532374100719,,,5.740325265181692,-0.16266275038905828,,,,,,,,,42.69999999999999,2.247368421052631,47,2.473684210526316,,,,,,,,,,,,,,,,,,,"Matt Eckelman","sa857600",664158
"Johendí Jiminian","CIN",1,2,,6.3,10,5,0,,,30,,35,23,21,6,17,0,2,21,6.3,5.1,1.2352941176470589,1.8,,,,,1.7333333333333334,,0.6651376146788991,,,6.3140094757080085,-0.1656344477258856,,,,,,,,,42.19999999999999,1.4066666666666663,57,1.9,,,,,,,,,,,,,,,,,,,"Johendi Jiminian","sa550714",593977
"Rookie Davis","PIT",1,2,,6.230769230769231,7,5,0,,,26,,32,19,18,6,11,0,1,19,6.576923076923077,3.8076923076923075,1.7272727272727273,2.076923076923077,,,,,1.6538461538461537,,0.6936416184971098,,,6.1370863987849305,-0.16586092019674584,,,,,,,,,37.39999999999999,1.4384615384615382,54,2.076923076923077,,,,,,,,,,,,,,,,,,,"Rookie Davis","14962",606959
"Jordan Johnson","CIN",2,3,,6.1875,7,7,0,,,32,,35,24,22,7,20,0,2,26,7.3125,5.625,1.3,1.96875,,,,,1.71875,,0.6858407079646017,,,6.495259475708008,-0.16645097049364585,,,,,,,,,45.69999999999999,1.4281249999999996,55,1.71875,,,,,,,,,,,,,,,,,,,"Jordan Johnson","sa602658",607588
"Trevor Kelley","PHI",2,2,,5.25,21,0,0,,,24,,26,16,14,5,9,1,1,19,7.125,3.375,2.111111111111111,1.875,,,,,1.4583333333333333,,0.6785714285714286,,,5.589009475708008,-0.17078839796433165,,,,,,,,,56.500000000000014,2.3541666666666674,63,2.625,,,,,,,,,,,,,,,,,,,"Trevor Kelley","18454",665001
"José Manuel Fernández","DET",1,1,,6.260869565217392,17,1,0,,,23,,26,17,16,4,13,1,1,15,5.869565217391305,5.086956521739131,1.1538461538461537,1.565217391304348,,,,,1.6956521739130435,,0.6586826347305389,,,5.996618171360182,-0.17267670743392916,,,,,,,,,41.400000000000006,1.8000000000000003,51,2.217391304347826,,,,,,,,,,,,,,,,,,,"Jose Manuel Fernandez","14733",622774
"Felipe Paulino","HOU",1,1,,6.352941176470588,7,3,0,,,17,,19,13,12,4,10,0,1,14,7.411764705882353,5.294117647058823,1.4,2.1176470588235294,,,,,1.7058823529411764,,0.6837606837606838,,,6.566950652178596,-0.17269255389164972,,,,,,,,,22.20000000000001,1.3058823529411772,28,1.6470588235294117,,,,,,,,,,,,,,,,,,,"Felipe Paulino","3777",462956
"Foster Griffin","KCR",2,4,,5.9361702127659575,9,9,0,,,47,,56,34,31,10,21,1,2,31,5.9361702127659575,4.0212765957446805,1.4761904761904763,1.9148936170212767,,,,,1.6382978723404256,,0.6825396825396826,,,6.128903092729285,-0.1744015945833166,,,,,,,,,72.20000000000002,1.5361702127659578,98,2.0851063829787235,,,,,,,,,,,,,,,,,,,"Foster Griffin","16432",656492
"Josh Graham","ATL",1,2,,5.2105263157894735,16,0,0,,,19,,19,12,11,3,12,1,1,17,8.052631578947368,5.684210526315789,1.4166666666666667,1.4210526315789473,,,,,1.631578947368421,,0.708955223880597,,,5.529798949392219,-0.1749214967973568,,,,,,,,,49.29999999999999,2.5947368421052626,51,2.6842105263157894,,,,,,,,,,,,,,,,,,,"Josh Graham","sa658525",621050
"Caleb Frare","CHW",1,1,,5.625,15,0,0,,,16,,14,10,10,3,14,0,1,20,11.25,7.875,1.4285714285714286,1.6875,,,,,1.75,,0.7563025210084033,,,5.964009475708008,-0.17633070299541576,,,,,,,,,40.1,2.50625,36,2.25,,,,,,,,,,,,,,,,,,,"Caleb Frare","14353",621350
"Taylor Guerrieri","TEX",1,1,,6.333333333333333,14,3,0,,,27,,30,20,19,6,14,0,2,21,7,4.666666666666667,1.5,2,,,,,1.6296296296296295,,0.6741573033707865,,,6.32512058681912,-0.17653834109100208,,,,,,,,,42,1.5555555555555556,51,1.8888888888888888,,,,,,,,,,,,,,,,,,,"Taylor Guerrieri","13616",605260
"Tyler Watson","MIN",0,1,,5.785714285714286,8,0,0,,,14,,16,10,9,3,6,0,1,10,6.428571428571429,3.857142857142857,1.6666666666666667,1.9285714285714286,,,,,1.5714285714285714,,0.6741573033707865,,,6.071152332850865,-0.176744234648772,,,,,,,,,24.1,1.7214285714285715,30,2.142857142857143,,,,,,,,,,,,,,,,,,,"Tyler Watson","sa659063",623360
"Jesus Cruz","STL",2,2,,5.25,17,1,0,,,24,,21,15,14,4,19,0,1,29,10.875,7.125,1.5263157894736843,1.5,,,,,1.6666666666666667,,0.7267441860465117,,,5.464009475708008,-0.177982517619697,,,,,,,,,71.80000000000001,2.991666666666667,66,2.75,,,,,,,,,,,,,,,,,,,"Jesus Cruz","20042",672911
"Justin Lawrence","COL",1,1,,6,16,0,0,,,15,,16,11,10,2,13,0,1,12,7.2,7.8,0.9230769230769231,1.2,,,,,1.9333333333333333,,0.6870229007633588,,,6.147342809041341,-0.17856046889254523,,,,,,,,,26.800000000000004,1.7866666666666668,31,2.066666666666667,,,,,,,,,,,,,,,,,,,"Justin Lawrence","17639",664875
"Zach Lovvorn","KCR",2,3,,6.157894736842105,10,5,0,,,38,,46,28,26,7,18,0,2,22,5.2105263157894735,4.2631578947368425,1.2222222222222223,1.6578947368421053,,,,,1.6842105263157894,,0.6642066420664207,,,6.029798949392219,-0.17876782230480243,,,,,,,,,59.49999999999996,1.5657894736842095,83,2.1842105263157894,,,,,,,,,,,,,,,,,,,"Zach Lovvorn","sa658011",623183
"Tyler Thornburg","CIN",0,1,,5.625,15,0,0,,,16,,16,11,10,4,9,0,1,17,9.5625,5.0625,1.8888888888888888,2.25,,,,,1.5625,,0.7216494845360826,,,6.214009475708008,-0.1794684650061864,,,,,,,,,31.6,1.975,32,2,,,,,,,,,,,,,,,,,,,"Tyler Thornburg","10688",592804
"Hobie Harris","TOR",1,1,,5.823529411764706,11,0,0,,,17,,17,12,11,3,12,0,1,16,8.470588235294118,6.352941176470588,1.3333333333333333,1.588235294117647,,,,,1.7058823529411764,,0.6854838709677419,,,5.919891828649185,-0.1795365266636794,,,,,,,,,37.7,2.2176470588235295,39,2.2941176470588234,,,,,,,,,,,,,,,,,,,"Hobie Harris","18615",665048
"Eric Skoglund","KCR",1,3,,6.25,7,7,0,,,36,,45,27,25,9,12,0,2,21,5.25,3,1.75,2.25,,,,,1.5833333333333333,,0.6756756756756757,,,6.464009475708008,-0.18025968312059804,,,,,,,,,38.700000000000045,1.0750000000000013,63,1.75,,,,,,,,,,,,,,,,,,,"Eric Skoglund","16155",607215
"Chris Nunn","ATL",0,1,,5.823529411764706,13,0,0,,,17,,17,12,11,3,12,0,1,18,9.529411764705882,6.352941176470588,1.5,1.588235294117647,,,,,1.7058823529411764,,0.6854838709677419,,,5.684597711002126,-0.18446816175819375,,,,,,,,,41.7,2.4529411764705884,43,2.5294117647058822,,,,,,,,,,,,,,,,,,,"Chris Nunn","sa658577",571993
"Kyle Friedrichs","OAK",2,3,,5.926829268292683,9,7,0,,,41,,49,29,27,9,14,0,3,25,5.487804878048781,3.073170731707317,1.7857142857142858,1.975609756097561,,,,,1.5365853658536586,,0.6746031746031746,,,6.092058256195813,-0.18521482193525213,,,,,,,,,64.30000000000004,1.5682926829268302,87,2.1219512195121952,,,,,,,,,,,,,,,,,,,"Kyle Friedrichs","sa875229",664851
"Chris Rowley","MIN",2,3,,6.324324324324325,9,6,0,,,37,,44,28,26,8,17,0,2,24,5.837837837837838,4.135135135135135,1.411764705882353,1.945945945945946,,,,,1.6486486486486487,,0.6626506024096386,,,6.2680635297620615,-0.18526150379901063,,,,,,,,,52,1.4054054054054055,72,1.945945945945946,,,,,,,,,,,,,,,,,,,"Chris Rowley","18820",635903
"Arnaldo Hernandez","KCR",2,4,,6.260869565217392,10,9,0,,,46,,56,34,32,9,20,0,3,26,5.086956521739131,3.9130434782608696,1.3,1.7608695652173914,,,,,1.6521739130434783,,0.6624605678233438,,,6.127052953968878,-0.18597354835337973,,,,,,,,,67.10000000000005,1.458695652173914,96,2.0869565217391304,,,,,,,,,,,,,,,,,,,"Arnaldo Hernandez","sa828154",642511
"Derek Self","WSN",1,1,,5.76,17,0,0,,,25,,30,17,16,5,7,1,1,16,5.76,2.52,2.2857142857142856,1.8,,,,,1.48,,0.6666666666666666,,,5.494009475708008,-0.1860129011808967,,,,,,,,,53.5,2.14,68,2.72,,,,,,,,,,,,,,,,,,,"Derek Self","sa577722",605464
"Jordan Weems","OAK",1,1,,6.157894736842105,14,0,0,,,19,,20,13,13,3,14,0,1,19,9,6.631578947368421,1.3571428571428572,1.4210526315789473,,,,,1.7894736842105263,,0.7046979865771812,,,5.635062107286956,-0.18707887038023363,,,,,,,,,44.69999999999999,2.352631578947368,49,2.5789473684210527,,,,,,,,,,,,,,,,,,,"Jordan Weems","13190",607179
"Dedgar Jimenez","BOS",2,3,,6.5,11,6,0,,,36,,41,27,26,7,20,0,2,26,6.5,5,1.3,1.75,,,,,1.6944444444444444,,0.6640625,,,6.130676142374675,-0.1872755686244697,,,,,,,,,59.7,1.6583333333333334,75,2.0833333333333335,,,,,,,,,,,,,,,,,,,"Dedgar Jimenez","sa736925",642381
"Joe Jacques","PIT",1,2,,5.85,13,1,0,,,20,,20,14,13,2,18,0,1,15,6.75,8.1,0.8333333333333334,0.9,,,,,1.9,,0.6818181818181818,,,5.8640094757080075,-0.1874644057098773,,,,,,,,,44.400000000000006,2.22,47,2.35,,,,,,,,,,,,,,,,,,,"Joe Jacques","25178",682175
"Dario Beltre","LAA",1,1,,5.5,11,0,0,,,18,,17,12,11,3,14,0,1,17,8.5,7,1.2142857142857142,1.5,,,,,1.7222222222222223,,0.708955223880597,,,5.991787253485786,-0.1894948708382223,,,,,,,,,41.10000000000001,2.2833333333333337,40,2.2222222222222223,,,,,,,,,,,,,,,,,,,"Dario Beltre","sa550679",593580
"Tyler Matzek","ATL",0,0,,6.428571428571429,7,0,0,,,7,,6,5,5,1,10,0,1,9,11.571428571428571,12.857142857142858,0.9,1.2857142857142858,,,,,2.2857142857142856,,0.7534246575342466,,,7.214009475708008,-0.19009001939435605,,,,,,,,,8.90000000000001,1.2714285714285727,7,1,,,,,,,,,,,,,,,,,,,"Tyler Matzek","10058",554431
"Marc Rzepczynski","ARI",1,1,,5.785714285714286,17,0,0,,,14,,15,9,9,2,10,1,1,11,7.071428571428571,6.428571428571429,1.1,1.2857142857142858,,,,,1.7857142857142858,,0.7207207207207208,,,5.856866618565151,-0.19066416817860152,,,,,,,,,29,2.0714285714285716,33,2.357142857142857,,,,,,,,,,,,,,,,,,,"Marc Rzepczynski","6612",519240
"Kyle Dowdy","CLE",2,3,,6.1875,10,5,0,,,32,,37,23,22,7,16,0,2,25,7.03125,4.5,1.5625,1.96875,,,,,1.65625,,0.6944444444444444,,,6.182759475708008,-0.1939220524088193,,,,,,,,,50.499999999999986,1.5781249999999996,65,2.03125,,,,,,,,,,,,,,,,,,,"Kyle Dowdy","19285",664871
"Logan Shore","DET",1,2,,6.1875,8,6,0,,,32,,39,23,22,7,13,0,2,17,4.78125,3.65625,1.3076923076923077,1.96875,,,,,1.625,,0.6872037914691943,,,6.401509475708008,-0.19404546992053032,,,,,,,,,38.29999999999998,1.1968749999999995,58,1.8125,,,,,,,,,,,,,,,,,,,"Logan Shore","sa738442",624519
"Wandisson Charles","OAK",1,1,,5.684210526315789,15,0,0,,,19,,16,13,12,2,22,0,1,24,11.368421052631579,10.421052631578947,1.0909090909090908,0.9473684210526315,,,,,2,,0.7102272727272727,,,5.687693686234324,-0.19799337030069583,,,,,,,,,53.4,2.8105263157894735,48,2.526315789473684,,,,,,,,,,,,,,,,,,,"Wandisson Charles","sa874818",664301
"Chase De Jong","MIN",2,3,,6.804878048780488,9,8,0,,,41,,50,33,31,10,18,0,2,27,5.926829268292683,3.951219512195122,1.5,2.1951219512195124,,,,,1.6585365853658536,,0.6481481481481481,,,6.531082646439716,-0.19843036762159919,,,,,,,,,44.400000000000034,1.0829268292682934,69,1.6829268292682926,,,,,,,,,,,,,,,,,,,"Chase De Jong","15036",608328
"Scott Griggs","COL",1,1,,6,16,0,0,,,15,,17,11,10,3,10,0,1,13,7.8,6,1.3,1.8,,,,,1.8,,0.7017543859649122,,,6.280676142374675,-0.19884249367763707,,,,,,,,,22.89999999999999,1.5266666666666662,29,1.9333333333333333,,,,,,,,,,,,,,,,,,,"Scott Griggs","sa502935",571727
"Teddy Stankiewicz","BOS",2,3,,6.6,9,8,0,,,45,,57,36,33,11,15,0,3,31,6.2,3,2.066666666666667,2.2,,,,,1.6,,0.6360424028268551,,,6.214009475708008,-0.2001824010137171,,,,,,,,,57.49999999999997,1.2777777777777772,90,2,,,,,,,,,,,,,,,,,,,"Teddy Stankiewicz","sa657954",621103
"Connor Johnstone","ATL",1,2,,5.806451612903226,13,3,0,,,31,,37,21,20,6,12,1,2,19,5.516129032258065,3.4838709677419355,1.5833333333333333,1.7419354838709677,,,,,1.5806451612903225,,0.689655172413793,,,5.859170766030589,-0.20198146357716634,,,,,,,,,55.39999999999996,1.7870967741935473,73,2.3548387096774195,,,,,,,,,,,,,,,,,,,"Connor Johnstone","sa3004190",641733
"Bradin Hagens","ARI",1,1,,5.7272727272727275,9,2,0,,,22,,24,16,14,4,13,0,1,16,6.545454545454546,5.318181818181818,1.2307692307692308,1.6363636363636365,,,,,1.6818181818181819,,0.6687898089171975,,,6.032191293889826,-0.2031434975214431,,,,,,,,,41.2,1.8727272727272728,48,2.1818181818181817,,,,,,,,,,,,,,,,,,,"Bradin Hagens","7422",543266
"Jay Flaa","BAL",1,1,,6.545454545454546,14,1,0,,,22,,24,17,16,5,14,1,1,20,8.181818181818182,5.7272727272727275,1.4285714285714286,2.0454545454545454,,,,,1.7272727272727273,,0.6774193548387096,,,6.39582765752619,-0.20392303453899066,,,,,,,,,33.900000000000006,1.5409090909090912,40,1.8181818181818181,,,,,,,,,,,,,,,,,,,"Jay Flaa","18140",664852
"Raffi Vizcaíno","SFG",1,2,,6.136363636363637,13,2,0,,,22,,21,16,15,3,20,0,1,23,9.409090909090908,8.181818181818182,1.15,1.2272727272727273,,,,,1.8636363636363635,,0.6793478260869565,,,5.759464021162554,-0.20647380295415757,,,,,,,,,54.300000000000004,2.4681818181818183,54,2.4545454545454546,,,,,,,,,,,,,,,,,,,"Raffi Vizcaino","sa736742",642563
"Colin Rea","CHC",2,3,,6,9,8,0,,,42,,47,30,28,9,21,1,3,32,6.857142857142857,4.5,1.5238095238095237,1.9285714285714286,,,,,1.619047619047619,,0.6859205776173285,,,6.190199951898484,-0.20777034659147747,,,,,,,,,69.90000000000002,1.6642857142857148,85,2.0238095238095237,,,,,,,,,,,,,,,,,,,"Colin Rea","12317",607067
"Tyler Cloyd","SEA",1,2,,6.576923076923077,6,4,0,,,26,,31,20,19,7,10,0,1,20,6.923076923076923,3.4615384615384617,2,2.423076923076923,,,,,1.5769230769230769,,0.673076923076923,,,6.444778706477239,-0.21497397085928988,,,,,,,,,32.69999999999999,1.2576923076923072,46,1.7692307692307692,,,,,,,,,,,,,,,,,,,"Tyler Cloyd","8536",543031
"Blake Bivens","TBR",1,1,,6,9,2,0,,,21,,24,15,14,3,15,0,1,13,5.571428571428571,6.428571428571429,0.8666666666666667,1.2857142857142858,,,,,1.8571428571428572,,0.6896551724137931,,,6.118771380469912,-0.2151353873441102,,,,,,,,,34.099999999999994,1.6238095238095236,44,2.0952380952380953,,,,,,,,,,,,,,,,,,,"Blake Bivens","sa828880",656237
"Walker Weickel","CIN",1,2,,6.428571428571429,13,3,0,,,28,,33,21,20,6,14,0,2,20,6.428571428571429,4.5,1.4285714285714286,1.9285714285714286,,,,,1.6785714285714286,,0.6735751295336787,,,6.28543804713658,-0.21715148948503168,,,,,,,,,39.60000000000001,1.4142857142857146,54,1.9285714285714286,,,,,,,,,,,,,,,,,,,"Walker Weickel","sa657871",608381
"Andrés Machado","KCR",1,2,,5.896551724137931,14,2,0,,,29,,33,20,19,6,13,1,1,21,6.517241379310345,4.0344827586206895,1.6153846153846154,1.8620689655172413,,,,,1.5862068965517242,,0.6914893617021276,,,5.903664648121801,-0.21836256897123887,,,,,,,,,55.000000000000014,1.8965517241379315,67,2.310344827586207,,,,,,,,,,,,,,,,,,,"Andres Machado","14681",600921
"Konner Wade","BOS",2,3,,6.25,9,6,0,,,36,,46,27,25,9,10,0,2,21,5.25,2.5,2.1,2.25,,,,,1.5555555555555556,,0.6682027649769585,,,6.297342809041341,-0.22134884370927166,,,,,,,,,42.10000000000004,1.1694444444444454,69,1.9166666666666667,,,,,,,,,,,,,,,,,,,"Konner Wade","14655",592831
"Mauricio Cabrera","ARI",1,1,,5.684210526315789,17,0,0,,,19,,17,13,12,2,20,1,1,21,9.947368421052632,9.473684210526315,1.05,0.9473684210526315,,,,,1.9473684210526316,,0.7017543859649122,,,5.687693686234324,-0.2227524804535462,,,,,,,,,50.8,2.6736842105263157,48,2.526315789473684,,,,,,,,,,,,,,,,,,,"Mauricio Cabrera","12975",606291
"Franklin Van Gurp","SDP",1,2,,5.478260869565218,15,0,0,,,23,,22,16,14,3,20,1,1,24,9.391304347826088,7.826086956521739,1.2,1.173913043478261,,,,,1.826086956521739,,0.6878306878306879,,,5.56183556266453,-0.22454301327710052,,,,,,,,,61.10000000000001,2.656521739130435,61,2.652173913043478,,,,,,,,,,,,,,,,,,,"Franklin Van Gurp","sa3004709",676875
"Wes Benjamin","TEX",2,3,,7.071428571428571,9,9,0,,,42,,53,35,33,11,18,0,3,30,6.428571428571429,3.857142857142857,1.6666666666666667,2.357142857142857,,,,,1.6904761904761905,,0.6474820143884892,,,6.690199951898484,-0.2282679400603827,,,,,,,,,34.69999999999999,0.8261904761904759,64,1.5238095238095237,,,,,,,,,,,,,,,,,,,"Wes Benjamin","19243",605138
"Michael Boyle","LAD",1,1,,5.869565217391305,13,2,0,,,23,,26,16,15,5,13,0,1,20,7.826086956521739,5.086956521739131,1.5384615384615385,1.9565217391304348,,,,,1.6956521739130435,,0.71875,,,6.127052953968878,-0.2283636160964751,,,,,,,,,39.10000000000001,1.7000000000000004,48,2.0869565217391304,,,,,,,,,,,,,,,,,,,"Michael Boyle","sa857604",664082
"Grant Gavin","KCR",1,2,,5.684210526315789,15,0,0,,,19,,19,13,12,4,12,0,1,20,9.473684210526315,5.684210526315789,1.6666666666666667,1.894736842105263,,,,,1.631578947368421,,0.7086614173228347,,,5.898220002023797,-0.2309952056448587,,,,,,,,,42.99999999999999,2.2631578947368416,44,2.3157894736842106,,,,,,,,,,,,,,,,,,,"Grant Gavin","sa918674",667050
"Ryan Atkinson","ARI",2,2,,5.896551724137931,13,4,0,,,29,,30,20,19,6,19,0,2,30,9.310344827586206,5.896551724137931,1.5789473684210527,1.8620689655172413,,,,,1.6896551724137931,,0.7142857142857143,,,6.00711292398387,-0.2323009195365349,,,,,,,,,59.80000000000001,2.0620689655172417,64,2.206896551724138,,,,,,,,,,,,,,,,,,,"Ryan Atkinson","sa921224",670866
"Greg Weissert","NYY",1,1,,5.571428571428571,14,0,0,,,21,,21,14,13,4,16,0,1,22,9.428571428571429,6.857142857142857,1.375,1.7142857142857142,,,,,1.7619047619047619,,0.7324840764331211,,,6.023533285231817,-0.23430412341923218,,,,,,,,,44.6,2.123809523809524,46,2.1904761904761907,,,,,,,,,,,,,,,,,,,"Greg Weissert","20375",669711
"Steven Klimek","BAL",1,2,,6.428571428571429,13,0,0,,,21,,23,16,15,4,14,0,1,16,6.857142857142857,6,1.1428571428571428,1.7142857142857142,,,,,1.7619047619047619,,0.6687898089171975,,,6.309247570946104,-0.23515239872159321,,,,,,,,,33.4,1.5904761904761904,40,1.9047619047619047,,,,,,,,,,,,,,,,,,,"Steven Klimek","sa876117",664784
"Willy Ortiz","TOR",1,2,,6.857142857142857,6,3,0,,,21,,25,17,16,5,13,0,1,15,6.428571428571429,5.571428571428571,1.1538461538461537,2.142857142857143,,,,,1.8095238095238095,,0.6774193548387096,,,6.880676142374675,-0.2351967009953802,,,,,,,,,16.900000000000006,0.804761904761905,28,1.3333333333333333,,,,,,,,,,,,,,,,,,,"Willy Ortiz","sa701548",625971
"Yordy Cabrera","LAD",1,1,,6.545454545454546,13,1,0,,,22,,24,17,16,4,13,0,1,16,6.545454545454546,5.318181818181818,1.2307692307692308,1.6363636363636365,,,,,1.6818181818181819,,0.6369426751592357,,,6.032191293889826,-0.23718880805666231,,,,,,,,,41.2,1.8727272727272728,48,2.1818181818181817,,,,,,,,,,,,,,,,,,,"Yordy Cabrera","sa548243",592189
"Joan Baez","WSN",2,3,,6.206896551724138,13,4,0,,,29,,31,21,20,4,24,0,2,21,6.517241379310345,7.448275862068965,0.875,1.2413793103448276,,,,,1.896551724137931,,0.688259109311741,,,6.2484922343286975,-0.2381517255425215,,,,,,,,,48.800000000000026,1.682758620689656,57,1.9655172413793103,,,,,,,,,,,,,,,,,,,"Joan Baez","sa828412",642609
"Carlos Sanabria","HOU",1,2,,5.7272727272727275,16,0,0,,,22,,21,15,14,4,17,0,1,24,9.818181818181818,6.954545454545454,1.411764705882353,1.6363636363636365,,,,,1.7272727272727273,,0.7098765432098766,,,5.850373112071644,-0.24132361356992385,,,,,,,,,53.00000000000001,2.4090909090909096,52,2.3636363636363638,,,,,,,,,,,,,,,,,,,"Carlos Sanabria","16634",656004
"Dalbert Siri","CLE",1,1,,5.823529411764706,17,0,0,,,17,,16,11,11,3,14,1,1,17,9,7.411764705882353,1.2142857142857142,1.588235294117647,,,,,1.7647058823529411,,0.7364341085271318,,,6.1551859462962435,-0.24518059643335796,,,,,,,,,36.300000000000004,2.1352941176470592,35,2.0588235294117645,,,,,,,,,,,,,,,,,,,"Dalbert Siri","sa873148",660302
"Francisco Jimenez","BAL",1,2,,6,13,0,0,,,27,,31,19,18,6,12,1,2,21,7,4,1.75,2,,,,,1.5925925925925926,,0.6936416184971098,,,6.102898364596896,-0.24658149587337677,,,,,,,,,45.39999999999999,1.6814814814814811,57,2.111111111111111,,,,,,,,,,,,,,,,,,,"Francisco Jimenez","sa659658",622465
"Alec Hansen","CHW",1,1,,5.684210526315789,17,0,0,,,19,,17,13,12,3,20,0,1,22,10.421052631578947,9.473684210526315,1.1,1.4210526315789473,,,,,1.9473684210526316,,0.7317073170731708,,,6.266641054655377,-0.24835775433610283,,,,,,,,,40.499999999999986,2.1315789473684204,37,1.9473684210526316,,,,,,,,,,,,,,,,,,,"Alec Hansen","sa738344",641662
"CD Pelham","CHC",1,1,,5.823529411764706,17,0,0,,,17,,17,12,11,2,16,0,1,14,7.411764705882353,8.470588235294118,0.875,1.0588235294117647,,,,,1.9411764705882353,,0.695364238410596,,,6.096362416884478,-0.24861526405327644,,,,,,,,,34.000000000000014,2.000000000000001,36,2.1176470588235294,,,,,,,,,,,,,,,,,,,"CD Pelham","19820",641962
"Brad Markey","CIN",1,3,,6.096774193548387,11,4,0,,,31,,38,23,21,8,11,0,2,21,6.096774193548387,3.193548387096774,1.9090909090909092,2.3225806451612905,,,,,1.5806451612903225,,0.6878306878306879,,,6.472073991837041,-0.24863860726630385,,,,,,,,,35.199999999999974,1.135483870967741,54,1.7419354838709677,,,,,,,,,,,,,,,,,,,"Brad Markey","sa659004",623490
"Jesus Tinoco","COL",1,1,,5.884615384615385,23,0,0,,,26,,29,18,17,5,14,0,1,21,7.269230769230769,4.846153846153846,1.5,1.7307692307692308,,,,,1.6538461538461537,,0.6944444444444444,,,5.829394091092624,-0.2512804336253306,,,,,,,,,52.5,2.019230769230769,62,2.3846153846153846,,,,,,,,,,,,,,,,,,,"Jesus Tinoco","16300",622786
"Kodi Medeiros","CHW",1,3,,6.352941176470588,10,5,0,,,34,,37,25,24,7,26,0,2,30,7.9411764705882355,6.882352941176471,1.1538461538461537,1.8529411764705883,,,,,1.8529411764705883,,0.7142857142857143,,,6.596362416884478,-0.2530577814339041,,,,,,,,,45.3,1.3323529411764705,55,1.6176470588235294,,,,,,,,,,,,,,,,,,,"Kodi Medeiros","sa828664",656727
"Adam Lau","BOS",1,1,,6,15,0,0,,,21,,22,15,14,4,14,0,1,20,8.571428571428571,6,1.4285714285714286,1.7142857142857142,,,,,1.7142857142857142,,0.6907894736842105,,,5.928295189993722,-0.2533763217689227,,,,,,,,,44,2.0952380952380953,48,2.2857142857142856,,,,,,,,,,,,,,,,,,,"Adam Lau","sa876250",665142
"Reggie McClain","PHI",2,3,,6.324324324324325,13,5,0,,,37,,45,28,26,9,13,0,2,26,6.324324324324325,3.1621621621621623,2,2.189189189189189,,,,,1.5675675675675675,,0.6607929515418502,,,6.186982448680981,-0.25353456909403965,,,,,,,,,53.10000000000002,1.4351351351351358,75,2.027027027027027,,,,,,,,,,,,,,,,,,,"Reggie McClain","19311",596035
"Blake Rogers","SDP",1,1,,5.785714285714286,18,1,0,,,28,,30,19,18,5,16,0,1,23,7.392857142857143,5.142857142857143,1.4375,1.6071428571428572,,,,,1.6428571428571428,,0.6923076923076923,,,5.714009475708008,-0.2551851864020033,,,,,,,,,62.70000000000002,2.2392857142857148,70,2.5,,,,,,,,,,,,,,,,,,,"Blake Rogers","sa876290",664101
"Sean Brady","PIT",2,4,,6.12,9,9,0,,,50,,61,37,34,10,22,0,3,27,4.86,3.96,1.2272727272727273,1.8,,,,,1.66,,0.6666666666666666,,,6.2340094757080085,-0.2568924336236563,,,,,,,,,67.4,1.348,99,1.98,,,,,,,,,,,,,,,,,,,"Sean Brady","sa737808",608323
"Albert Abreu","NYY",2,3,,6.75,8,7,0,,,32,,37,25,24,7,23,0,2,26,7.3125,6.46875,1.1304347826086956,1.96875,,,,,1.875,,0.697211155378486,,,6.776509475708008,-0.26169581152997234,,,,,,,,,31.5,0.984375,46,1.4375,,,,,,,,,,,,,,,,,,,"Albert Abreu","17485",656061
"Trent Szkutnik","DET",1,1,,6.230769230769231,15,2,0,,,26,,31,19,18,6,12,0,1,19,6.576923076923077,4.153846153846154,1.5833333333333333,2.076923076923077,,,,,1.6538461538461537,,0.6936416184971098,,,6.252471014169546,-0.2645549247518084,,,,,,,,,36.999999999999986,1.4230769230769225,51,1.9615384615384615,,,,,,,,,,,,,,,,,,,"Trent Szkutnik","sa709586",630241
"Casey Meisner","SFG",1,3,,6,9,7,0,,,39,,44,27,26,7,21,0,2,25,5.769230769230769,4.846153846153846,1.1904761904761905,1.6153846153846154,,,,,1.6666666666666667,,0.6884057971014492,,,6.034522296220828,-0.26926354338761876,,,,,,,,,69.1,1.7717948717948717,85,2.1794871794871793,,,,,,,,,,,,,,,,,,,"Casey Meisner","sa737630",641861
"Parker Bridwell","MIN",2,3,,6.942857142857143,9,5,0,,,35,,42,29,27,9,15,0,1,25,6.428571428571429,3.857142857142857,1.6666666666666667,2.3142857142857145,,,,,1.6285714285714286,,0.6306306306306306,,,6.499723761422294,-0.27104659946074866,,,,,,,,,41.10000000000001,1.1742857142857146,60,1.7142857142857142,,,,,,,,,,,,,,,,,,,"Parker Bridwell","11502",592170
"Joey Krehbiel","MIN",1,1,,5.869565217391305,19,0,0,,,23,,23,16,15,5,16,1,1,26,10.173913043478262,6.260869565217392,1.625,1.9565217391304348,,,,,1.6956521739130435,,0.71875,,,5.996618171360182,-0.27486909956227346,,,,,,,,,49.90000000000001,2.169565217391305,51,2.217391304347826,,,,,,,,,,,,,,,,,,,"Joey Krehbiel","13707",607216
"Norge Ruiz","OAK",1,2,,5.90625,11,3,0,,,32,,39,23,21,7,12,0,2,19,5.34375,3.375,1.5833333333333333,1.96875,,,,,1.59375,,0.6796116504854368,,,6.182759475708008,-0.27972713660669973,,,,,,,,,45.29999999999998,1.4156249999999995,65,2.03125,,,,,,,,,,,,,,,,,,,"Norge Ruiz","19580",650204
"Bryan Baker","TOR",1,2,,6.157894736842105,18,0,0,,,19,,18,13,13,4,16,0,1,22,10.421052631578947,7.578947368421052,1.375,1.894736842105263,,,,,1.7894736842105263,,0.7394366197183099,,,6.319272633602745,-0.2803752295036605,,,,,,,,,37.59999999999999,1.978947368421052,36,1.894736842105263,,,,,,,,,,,,,,,,,,,"Bryan Baker","19804",641329
"Alvaro Seijas","STL",2,3,,6.069767441860465,9,9,0,,,43,,50,31,29,7,28,0,3,28,5.8604651162790695,5.8604651162790695,1,1.4651162790697674,,,,,1.813953488372093,,0.689149560117302,,,6.19075366175452,-0.2852678617077484,,,,,,,,,65.09999999999997,1.5139534883720922,87,2.0232558139534884,,,,,,,,,,,,,,,,,,,"Alvaro Seijas","sa861440",661099
"Ray Kerr","SEA",1,3,,6.46875,12,5,0,,,32,,36,24,23,6,22,0,2,25,7.03125,6.1875,1.1363636363636365,1.6875,,,,,1.8125,,0.6854838709677419,,,6.339009475708008,-0.2885294409745718,,,,,,,,,47.39999999999999,1.4812499999999997,60,1.875,,,,,,,,,,,,,,,,,,,"Ray Kerr","23809",678061
"Andrew Moore","SEA",2,3,,6.27906976744186,10,8,0,,,43,,52,33,30,11,13,0,2,29,6.069767441860465,2.7209302325581395,2.230769230769231,2.302325581395349,,,,,1.5116279069767442,,0.6451612903225806,,,6.237265289661496,-0.29300882573066994,,,,,,,,,60.69999999999996,1.4116279069767432,85,1.9767441860465116,,,,,,,,,,,,,,,,,,,"Andrew Moore","17553",621058
"Spencer Adams","CHW",2,3,,6.631578947368421,8,7,0,,,38,,47,30,28,9,18,0,2,20,4.7368421052631575,4.2631578947368425,1.1111111111111112,2.1315789473684212,,,,,1.7105263157894737,,0.66793893129771,,,6.819272633602745,-0.29304286595831547,,,,,,,,,28.299999999999997,0.744736842105263,53,1.394736842105263,,,,,,,,,,,,,,,,,,,"Spencer Adams","sa828687",656181
"Daniel Camarena","NYY",2,3,,5.769230769230769,7,0,0,,,39,,45,27,25,9,12,0,2,30,6.923076923076923,2.769230769230769,2.5,2.076923076923077,,,,,1.4615384615384615,,0.6756756756756757,,,5.752471014169546,-0.31197633731517094,,,,,,,,,78.90000000000003,2.023076923076924,96,2.4615384615384617,,,,,,,,,,,,,,,,,,,"Daniel Camarena","14467",547176
"Ofreidy Gómez","KCR",2,4,,6.340909090909091,10,8,0,,,44,,51,33,31,9,25,0,3,30,6.136363636363637,5.113636363636363,1.2,1.8409090909090908,,,,,1.7272727272727273,,0.6782334384858044,,,6.418554930253462,-0.314418594013799,,,,,,,,,58.30000000000004,1.3250000000000008,79,1.7954545454545454,,,,,,,,,,,,,,,,,,,"Ofreidy Gomez","sa737451",628709
"Alexis Rivero","PHI",1,1,,6.75,10,1,0,,,16,,19,13,12,4,10,1,1,11,6.1875,5.625,1.1,2.25,,,,,1.8125,,0.6837606837606838,,,7.151509475708008,-0.317408306672251,,,,,,,,,8.800000000000004,0.5500000000000003,17,1.0625,,,,,,,,,,,,,,,,,,,"Alexis Rivero","sa735860",640485
"Lake Bachar","SDP",1,3,,6.3,9,7,0,,,40,,44,30,28,9,24,0,2,34,7.65,5.4,1.4166666666666667,2.025,,,,,1.7,,0.6859205776173285,,,6.389009475708008,-0.3240005945712051,,,,,,,,,60.900000000000006,1.5225000000000002,73,1.825,,,,,,,,,,,,,,,,,,,"Lake Bachar","19222",669199
"Jhonleider Salinas","TBR",1,3,,6.545454545454546,15,3,0,,,22,,23,17,16,4,19,0,1,20,8.181818181818182,7.7727272727272725,1.0526315789473684,1.6363636363636365,,,,,1.9090909090909092,,0.6868131868131868,,,6.4867367484352805,-0.32435456544219177,,,,,,,,,33.800000000000004,1.5363636363636366,38,1.7272727272727273,,,,,,,,,,,,,,,,,,,"Jhonleider Salinas","sa873497",662959
"Gerson Garabito","KCR",2,4,,6.51063829787234,9,9,0,,,47,,55,36,34,9,29,0,3,30,5.74468085106383,5.553191489361702,1.0344827586206897,1.7234042553191489,,,,,1.7872340425531914,,0.6722689075630252,,,6.469328624644178,-0.32441892931493954,,,,,,,,,58.10000000000002,1.236170212765958,82,1.7446808510638299,,,,,,,,,,,,,,,,,,,"Gerson Garabito","19835",642520
"Kyle Wilcox","SEA",1,2,,6.3,16,0,0,,,20,,19,16,14,3,23,1,1,25,11.25,10.35,1.0869565217391304,1.35,,,,,2.1,,0.6878306878306879,,,6.264009475708008,-0.3293609806972014,,,,,,,,,39.699999999999996,1.9849999999999999,39,1.95,,,,,,,,,,,,,,,,,,,"Kyle Wilcox","sa857699",664048
"Ryan Feierabend","TOR",3,4,,6.12,9,7,0,,,50,,60,37,34,14,16,0,3,38,6.84,2.88,2.375,2.52,,,,,1.52,,0.6914893617021276,,,6.474009475708008,-0.32967472521917857,,,,,,,,,60.79999999999998,1.2159999999999997,87,1.74,,,,,,,,,,,,,,,,,,,"Ryan Feierabend","6336",456387
"Adonis Rosa","NYY",2,3,,5.684210526315789,9,0,0,,,38,,44,26,24,8,14,0,2,28,6.631578947368421,3.3157894736842106,2,1.894736842105263,,,,,1.5263157894736843,,0.6837606837606838,,,5.740325265181692,-0.3413337646311114,,,,,,,,,76.39999999999998,2.0105263157894733,94,2.473684210526316,,,,,,,,,,,,,,,,,,,"Adonis Rosa","17942",650738
"Bryan Brickhouse","CHC",0,1,,7.363636363636363,11,0,0,,,11,,13,10,9,3,9,0,1,10,8.181818181818182,7.363636363636363,1.1111111111111112,2.4545454545454546,,,,,2,,0.6741573033707865,,,7.668554930253462,-0.3418333375762043,,,,,,,,,0.6999999999999957,0.06363636363636326,6,0.5454545454545454,,,,,,,,,,,,,,,,,,,"Bryan Brickhouse","sa597825",595893
"J.J. Hoover","WSN",1,2,,6.67741935483871,12,5,0,,,31,,37,25,23,9,14,0,1,28,8.129032258064516,4.064516129032258,2,2.6129032258064515,,,,,1.6451612903225807,,0.6770833333333334,,,6.633364314417685,-0.3420549873263662,,,,,,,,,33.499999999999986,1.080645161290322,49,1.5806451612903225,,,,,,,,,,,,,,,,,,,"J.J. Hoover","9037",543331
"Anthony Gose","CLE",0,1,,8,11,0,0,,,9,,9,9,8,2,12,0,1,9,9,12,0.75,2,,,,,2.3333333333333335,,0.6593406593406593,,,8.43623169793023,-0.34411209529436093,,,,,,,,,-2.399999999999995,-0.2666666666666661,-2,-0.2222222222222222,,,,,,,,,,,,,,,,,,,"Anthony Gose","5097",543238
"Janson Junk","NYY",1,3,,6.9,8,5,0,,,30,,36,25,23,7,20,0,2,21,6.3,6,1.05,2.1,,,,,1.8666666666666667,,0.6709956709956709,,,7.047342809041341,-0.3467125738763978,,,,,,,,,18.299999999999983,0.6099999999999994,35,1.1666666666666667,,,,,,,,,,,,,,,,,,,"Janson Junk","23301",676083
"Kaleb Cowart","NYY",0,1,,9,6,0,0,,,7,,9,7,7,3,6,0,0,5,6.428571428571429,7.714285714285714,0.8333333333333334,3.857142857142857,,,,,2.142857142857143,,0.7407407407407407,,,9.928295189993722,-0.34923419762246277,,,,,,,,,-16.500000000000004,-2.3571428571428577,-12,-1.7142857142857142,,,,,,,,,,,,,,,,,,,"Kaleb Cowart","11494",592230
"Angel German","TBR",1,1,,6.352941176470588,15,0,0,,,17,,17,13,12,3,16,0,1,17,9,8.470588235294118,1.0625,1.588235294117647,,,,,1.9411764705882353,,0.6944444444444444,,,6.508127122766831,-0.35133041426261213,,,,,,,,,27.700000000000003,1.6294117647058826,29,1.7058823529411764,,,,,,,,,,,,,,,,,,,"Angel German","sa739256",642549
"Chance Adams","KCR",1,3,,5.85,11,0,0,,,40,,44,28,26,7,21,0,2,33,7.425,4.725,1.5714285714285714,1.575,,,,,1.625,,0.6702898550724637,,,5.5640094757080085,-0.3515040346737242,,,,,,,,,92.49999999999997,2.312499999999999,106,2.65,,,,,,,,,,,,,,,,,,,"Chance Adams","18135",664856
"Spenser Watkins","DET",2,4,,6.906976744186046,9,8,0,,,43,,53,35,33,11,19,0,3,29,6.069767441860465,3.9767441860465116,1.5263157894736843,2.302325581395349,,,,,1.6744186046511629,,0.6537102473498233,,,6.725637382684752,-0.3644391239553171,,,,,,,,,37.099999999999966,0.8627906976744179,64,1.4883720930232558,,,,,,,,,,,,,,,,,,,"Spenser Watkins","17489",657093
"Jesús Liranzo","SFG",1,1,,6.3,15,1,0,,,20,,21,15,14,4,16,0,1,20,9,7.2,1.25,1.8,,,,,1.85,,0.7006369426751593,,,6.3640094757080075,-0.36445925203456436,,,,,,,,,33.199999999999996,1.6599999999999997,37,1.85,,,,,,,,,,,,,,,,,,,"Jesus Liranzo","sa658076",622338
"Jordan Sheffield","LAD",1,2,,6.545454545454546,15,3,0,,,22,,22,17,16,5,20,0,1,24,9.818181818181818,8.181818181818182,1.2,2.0454545454545454,,,,,1.9090909090909092,,0.7142857142857143,,,6.850373112071644,-0.36743759264099973,,,,,,,,,29.10000000000001,1.3227272727272732,30,1.3636363636363635,,,,,,,,,,,,,,,,,,,"Jordan Sheffield","19682",642068
"Tayler Saucedo","TOR",1,3,,7.2,11,5,0,,,35,,43,30,28,9,17,0,2,23,5.914285714285715,4.371428571428571,1.3529411764705883,2.3142857142857145,,,,,1.7142857142857142,,0.6329113924050633,,,6.8711523328508655,-0.4025397763312879,,,,,,,,,25.500000000000014,0.728571428571429,47,1.3428571428571427,,,,,,,,,,,,,,,,,,,"Tayler Saucedo","17888",642048
"J.D. Martin","LAD",2,3,,6.428571428571429,8,8,0,,,42,,49,32,30,9,26,0,2,26,5.571428571428571,5.571428571428571,1,1.9285714285714286,,,,,1.7857142857142858,,0.6891025641025641,,,6.761628523327055,-0.4099517405994075,,,,,,,,,40.70000000000002,0.9690476190476195,61,1.4523809523809523,,,,,,,,,,,,,,,,,,,"J.D. Martin","3685",455605
"Bryan Bonnell","WSN",1,2,,6.545454545454546,15,0,0,,,22,,27,17,16,6,9,0,1,17,6.954545454545454,3.6818181818181817,1.8888888888888888,2.4545454545454546,,,,,1.6363636363636365,,0.6884057971014492,,,6.577645839344372,-0.4110991662677152,,,,,,,,,22.799999999999997,1.0363636363636362,36,1.6363636363636365,,,,,,,,,,,,,,,,,,,"Bryan Bonnell","sa658824",621088
"Yoel Espinal","TEX",1,1,,7,13,0,0,,,18,,19,16,14,4,18,1,1,17,8.5,9,0.9444444444444444,2,,,,,2.0555555555555554,,0.6687898089171975,,,7.380676142374675,-0.4155511918114442,,,,,,,,,11.600000000000016,0.6444444444444453,15,0.8333333333333334,,,,,,,,,,,,,,,,,,,"Yoel Espinal","sa597725",606227
"Brett Adcock","HOU",1,3,,6.67741935483871,9,7,0,,,31,,34,25,23,7,24,0,2,24,6.967741935483871,6.967741935483871,1,2.032258064516129,,,,,1.8709677419354838,,0.6846473029045643,,,7.117235282159621,-0.4183001761268803,,,,,,,,,24.899999999999963,0.8032258064516117,34,1.096774193548387,,,,,,,,,,,,,,,,,,,"Brett Adcock","sa873691",668672
"Colin McKee","HOU",1,1,,7,14,0,0,,,18,,18,15,14,4,19,1,1,21,10.5,9.5,1.105263157894737,2,,,,,2.0555555555555554,,0.7006369426751593,,,7.102898364596896,-0.43114588174518764,,,,,,,,,19.20000000000001,1.0666666666666673,20,1.1111111111111112,,,,,,,,,,,,,,,,,,,"Colin McKee","sa918482",670104
"Justin Ferrell","HOU",1,2,,7.5,10,1,0,,,18,,21,16,15,5,14,0,1,16,8,7,1.1428571428571428,2.5,,,,,1.9444444444444444,,0.6785714285714286,,,7.547342809041341,-0.44145137246571603,,,,,,,,,4.100000000000016,0.22777777777777863,12,0.6666666666666666,,,,,,,,,,,,,,,,,,,"Justin Ferrell","sa829707",657572
"Carson LaRue","HOU",2,3,,6.75,9,7,0,,,36,,44,29,27,10,17,0,2,24,6,4.25,1.411764705882353,2.5,,,,,1.6944444444444444,,0.6808510638297872,,,7.07512058681912,-0.46177549644613536,,,,,,,,,20.00000000000003,0.5555555555555564,41,1.1388888888888888,,,,,,,,,,,,,,,,,,,"Carson LaRue","sa918324",670159
"Stetson Allie","LAD",0,1,,7.071428571428571,15,0,0,,,14,,14,12,11,4,14,0,1,16,10.285714285714286,9,1.1428571428571428,2.5714285714285716,,,,,2,,0.7142857142857143,,,7.856866618565151,-0.4618844267343127,,,,,,,,,5.000000000000021,0.35714285714285865,5,0.35714285714285715,,,,,,,,,,,,,,,,,,,"Stetson Allie","sa548192",592105
"Mike Ellenbest","TOR",1,2,,7.615384615384615,9,4,0,,,26,,33,23,22,7,17,0,2,16,5.538461538461538,5.884615384615385,0.9411764705882353,2.423076923076923,,,,,1.9230769230769231,,0.6716417910447761,,,7.67554793724647,-0.5004864146936868,,,,,,,,,-4.5,-0.17307692307692307,14,0.5384615384615384,,,,,,,,,,,,,,,,,,,"Mike Ellenbest","sa918550",670436
"Sandy Báez","DET",1,2,,7.714285714285714,11,4,0,,,28,,36,25,24,9,15,0,2,19,6.107142857142857,4.821428571428571,1.2666666666666666,2.892857142857143,,,,,1.8214285714285714,,0.6770833333333334,,,7.856866618565151,-0.6553511936223853,,,,,,,,,-10.099999999999994,-0.3607142857142855,10,0.35714285714285715,,,,,,,,,,,,,,,,,,,"Sandy Baez","17754",622783