Name,Team,W,L,QS,ERA,G,GS,SV,HLD,BS,IP,TBF,H,R,ER,HR,BB,IBB,HBP,SO,K/9,BB/9,K/BB,HR/9,K%,BB%,K-BB%,AVG,WHIP,BABIP,LOB%,GB%,HR/FB,FIP,WAR,RA9-WAR,ADP,InterSD,InterSK,IntraSD,Vol,Skew,Dim,FPTS,FPTS/IP,SPTS,SPTS/IP,P10,P20,P30,P40,P50,P60,P70,P80,P90,TT10,TT20,TT30,TT40,TT50,TT60,TT70,TT80,TT90,NameASCII,PlayerId,MLBAMID
"Tarik Skubal","DET",13,7,,2.6952436393116215,28,28,0,0,,170.3000030517578,673,135,55,51,13,33,0,5,196,10.358191241276035,1.743981178378108,5.9393939393939394,0.687022888451982,0.2912332838038633,0.04903417533432392,0.2421991084695394,0.2125984251968504,0.986494403931051,0.2863849765258216,0.7543391188251001,,,2.52643281383453,5.587836641890021,,,,,,,,,1027.3200225830078,6.032413412645584,960.5000152587891,5.640046964455265,,,,,,,,,,,,,,,,,,,"Tarik Skubal","22267",669373
"Logan Webb","SFG",14,9,,3.1683673469387754,32,32,0,0,,196,800,181,75,69,14,42,1,5,167,7.668367346938775,1.9285714285714286,3.9761904761904763,0.6428571428571429,0.20875,0.0525,0.15625,0.2403718459495352,1.1377551020408163,0.291958041958042,0.727630285152409,,,3.110357329310203,4.52950285806385,,,,,,,,,1000.6,5.105102040816327,991,5.0561224489795915,,,,,,,,,,,,,,,,,,,"Logan Webb","17995",657277
"Zack Wheeler","PHI",12,7,,3.2783153671293372,28,28,0,0,,175.6999969482422,712,147,69,64,17,46,0,7,182,9.322709325274053,2.356289170124211,3.9565217391304346,0.8708025193937302,0.2556179775280899,0.06460674157303371,0.1910112359550562,0.22306525037936267,1.0984633087777118,0.2826086956521739,0.7328605200945627,,,3.257544094043388,4.227851513764764,,,,,,,,,913.8799774169922,5.201365926524197,862.4999847412109,4.908935684246408,,,,,,,,,,,,,,,,,,,"Zack Wheeler","10310",554430
"Garrett Crochet","BOS",12,5,,2.8518792093090983,29,29,0,0,,135.6999969482422,563,112,46,43,10,45,2,3,174,11.540162381855422,2.984524753928126,3.8666666666666667,0.6632277230951392,0.30905861456483125,0.07992895204262877,0.22912966252220246,0.2174757281553398,1.1569639169548538,0.3081570996978852,0.7762237762237763,,,2.621159205967125,4.173869063895219,,,,,,,,,793.9799774169921,5.8509948067266855,752.4999847412109,5.54532057232267,,,,,,,,,,,,,,,,,,,"Garrett Crochet","27463",676979
"Corbin Burnes","ARI",14,7,,3.0164835164835164,30,30,0,0,,182,739,152,66,61,15,50,0,7,182,9,2.4725274725274726,3.64,0.7417582417582418,0.2462787550744249,0.06765899864682003,0.17861975642760486,0.22287390029325513,1.10989010989011,0.2824742268041237,0.7513812154696132,,,3.177468789278806,4.142369624644896,,,,,,,,,960.0999999999999,5.275274725274725,908,4.989010989010989,,,,,,,,,,,,,,,,,,,"Corbin Burnes","19361",669203
"Aaron Nola","PHI",11,9,,3.809006990644781,30,30,0,0,,184.3000030517578,753,168,84,78,23,41,0,5,183,8.93651640112814,2.002170341236359,4.463414634146342,1.1231687280106406,0.24302788844621515,0.05444887118193891,0.18857901726427623,0.2376237623762376,1.1340205997788593,0.2894211576846307,0.7070135746606334,,,3.5517212260615607,3.7757035480729826,,,,,,,,,872.1200225830078,4.7320673257834205,850.5000152587891,4.614758552228234,,,,,,,,,,,,,,,,,,,"Aaron Nola","16149",605400
"Paul Skenes","PIT",9,6,,3.2884615384615383,30,30,0,0,,156,634,129,62,57,17,45,0,4,181,10.442307692307692,2.5961538461538463,4.022222222222222,0.9807692307692307,0.2854889589905363,0.07097791798107256,0.21451104100946372,0.2205128205128205,1.1153846153846154,0.28940568475452194,0.7456724367509987,,,3.2049413167513334,3.661229589534501,,,,,,,,,824.9000000000001,5.287820512820513,774,4.961538461538462,,,,,,,,,,,,,,,,,,,"Paul Skenes","33677",694973
"George Kirby","SEA",13,9,,3.375649103856529,30,30,0,0,,173.3000030517578,705,162,70,65,19,26,0,6,162,8.413156228073195,1.3502596415426116,6.230769230769231,0.9867281995888315,0.2297872340425532,0.03687943262411347,0.19290780141843972,0.24071322436849926,1.0848239855128674,0.29065040650406504,0.7311028500619579,,,3.2761162449107766,3.610662398831235,,,,,,,,,855.5200225830079,4.936641705237005,847.5000152587891,4.890363533379019,,,,,,,,,,,,,,,,,,,"George Kirby","25436",669923
"Dylan Cease","SDP",12,9,,3.483210077574921,32,32,0,0,,175.6999969482422,727,141,74,68,19,66,1,5,207,10.60330126555895,3.380762722352129,3.1363636363636362,0.973249874616522,0.28473177441540576,0.0907840440165062,0.19394773039889956,0.2149390243902439,1.1781445850621055,0.2837209302325581,0.737250554323725,,,3.4282896860813743,3.592863791571951,,,,,,,,,900.8799774169921,5.127376169974402,832.4999847412109,4.738190092208421,,,,,,,,,,,,,,,,,,,"Dylan Cease","18525",656302
"Yoshinobu Yamamoto","LAD",11,6,,3.397391972326819,24,24,0,0,,145.6999969482422,566,113,59,55,16,31,0,3,149,9.203843706849018,1.9148936571296615,4.806451612903226,0.9883322101314382,0.26325088339222613,0.054770318021201414,0.20848056537102472,0.212406015037594,0.9883322101314382,0.26430517711171664,0.6990131578947368,,,3.2488407958007484,3.4728596147104445,,,,,,,,,783.5799774169923,5.3780370201061,716.4999847412109,4.917638982489047,,,,,,,,,,,,,,,,,,,"Yoshinobu Yamamoto","33825",808967
"Chris Sale","ATL",11,5,,3.058568262226973,24,24,0,0,,138.3000030517578,570,118,51,47,14,37,0,8,168,10.932754639449607,2.40780905749783,4.54054054054054,0.9110628866208006,0.29473684210526313,0.06491228070175438,0.22982456140350876,0.22476190476190477,1.1207519637001913,0.3032069970845481,0.7680945347119645,,,3.0290972795136426,3.461116066329613,,,,,,,,,745.4200225830077,5.389877123169979,710.5000152587891,5.1373824987761525,,,,,,,,,,,,,,,,,,,"Chris Sale","10603",519242
"Logan Gilbert","SEA",11,8,,3.375594240351315,32,32,0,0,,189.3000030517578,762,162,77,71,23,45,1,4,191,9.080823942353538,2.1394611382508333,4.2444444444444445,1.0935023595504259,0.25065616797900264,0.05905511811023622,0.19160104986876642,0.22720897615708274,1.0935023595504259,0.2785571142284569,0.7437070938215102,,,3.504567464334371,3.4011312567347796,,,,,,,,,931.7200225830077,4.921922913695145,882.5000152587891,4.6619123139554235,,,,,,,,,,,,,,,,,,,"Logan Gilbert","22250",669302
"Spencer Strider","ATL",10,6,,3.221957118795806,24,22,0,0,,125.69999694824219,511,97,49,45,14,37,0,6,172,12.315036098508413,2.649164742120996,4.648648648648648,1.0023866591809174,0.33659491193737767,0.07240704500978473,0.26418786692759294,0.20726495726495728,1.0660302565892297,0.29432624113475175,0.743006993006993,,,2.903949938980507,3.3183138418329015,,,,,,,,,720.7799774169921,5.734128837837427,661.4999847412109,5.262529839309288,,,,,,,,,,,,,,,,,,,"Spencer Strider","27498",675911
"Max Fried","NYY",12,7,,3.388888888888889,27,27,0,0,,162,664,140,66,61,15,47,1,6,146,8.11111111111111,2.611111111111111,3.106382978723404,0.8333333333333334,0.21987951807228914,0.07078313253012049,0.14909638554216864,0.22913256955810146,1.154320987654321,0.2777777777777778,0.7289156626506024,,,3.549195827672511,3.298729064980634,,,,,,,,,783.3,4.835185185185185,748,4.617283950617284,,,,,,,,,,,,,,,,,,,"Max Fried","13743",608331
"Blake Snell","LAD",9,6,,3.3834586466165413,26,26,0,0,,133,553,100,54,50,14,59,0,2,176,11.909774436090226,3.992481203007519,2.983050847457627,0.9473684210526315,0.3182640144665461,0.10669077757685352,0.2115732368896926,0.2032520325203252,1.1954887218045114,0.2847682119205298,0.7532281205164992,,,3.264224139192051,3.1347929099459977,,,,,,,,,721,5.421052631578948,652,4.902255639097745,,,,,,,,,,,,,,,,,,,"Blake Snell","13543",605483
"Sandy Alcantara","MIA",9,7,,3.4242232748883965,24,24,0,0,,157.6999969482422,643,144,65,60,15,36,1,6,135,7.7045023684988925,2.054533964933038,3.75,0.8560558187220991,0.2099533437013997,0.05598755832037325,0.15396578538102645,0.23960066555740434,1.1414077582961322,0.2860310421286031,0.7232704402515723,,,3.489878643140366,3.128310372719658,,,,,,,,,752.079977416992,4.769055117127414,737.4999847412109,4.676601135149429,,,,,,,,,,,,,,,,,,,"Sandy Alcantara","18684",645261
"Pablo López","MIN",12,10,,3.8497109826589595,30,30,0,0,,173,721,159,80,74,22,45,1,8,183,9.520231213872833,2.341040462427746,4.066666666666666,1.1445086705202312,0.2538141470180305,0.06241331484049931,0.1914008321775312,0.23802395209580837,1.1791907514450868,0.2958963282937365,0.7159353348729792,,,3.6231271771337257,3.0946018659388543,,,,,,,,,803.1999999999998,4.642774566473987,786,4.543352601156069,,,,,,,,,,,,,,,,,,,"Pablo Lopez","17085",641154
"Michael King","SDP",13,7,,3.3189920720882604,29,28,0,0,,162.6999969482422,681,138,65,60,17,59,2,7,177,9.791026612660369,3.263675537553456,3,0.9403810870916738,0.2599118942731278,0.08663729809104258,0.17327459618208518,0.22439024390243903,1.2108174781507173,0.28741092636579574,0.7621247113163973,,,3.565988083263382,3.0437880258144734,,,,,,,,,792.079977416992,4.868346602790454,748.4999847412109,4.600491695026413,,,,,,,,,,,,,,,,,,,"Michael King","19853",650633
"Cole Ragans","KCR",10,8,,3.6994220378274894,30,27,0,0,,155.6999969482422,656,137,69,64,17,57,1,4,172,9.942196726661377,3.294797752440108,3.017543859649123,0.9826589787979269,0.2621951219512195,0.08689024390243902,0.1753048780487805,0.23025210084033612,1.2459858946849531,0.2955665024630542,0.7344300822561692,,,3.551836240563492,3.037839873434959,,,,,,,,,747.8799774169922,4.80333970504574,718.4999847412109,4.6146435377263035,,,,,,,,,,,,,,,,,,,"Cole Ragans","21846",666142
"Tyler Glasnow","LAD",10,5,,3.411290322580645,22,22,0,0,,124,493,97,51,47,16,35,0,0,153,11.10483870967742,2.5403225806451615,4.371428571428571,1.1612903225806452,0.3103448275862069,0.07099391480730223,0.2393509127789047,0.21179039301310043,1.064516129032258,0.28027681660899656,0.739051094890511,,,3.222931391193021,2.9906645468770714,,,,,,,,,669.5999999999999,5.3999999999999995,613,4.943548387096774,,,,,,,,,,,,,,,,,,,"Tyler Glasnow","14374",607192
"Spencer Schwellenbach","ATL",11,6,,3.4592042443920863,27,27,0,0,,148.3000030517578,604,134,62,57,17,30,1,7,147,8.921105682905907,1.8206338128379402,4.9,1.0316924939414995,0.2433774834437086,0.04966887417218543,0.19370860927152317,0.23633156966490299,1.1058664640941562,0.2903225806451613,0.7275320970042797,,,3.4227171297262458,2.974400826431487,,,,,,,,,722.9200225830077,4.87471347071182,703.5000152587891,4.743762648563549,,,,,,,,,,,,,,,,,,,"Spencer Schwellenbach","31846",680885
"Hunter Greene","CIN",8,7,,3.723335561491392,27,27,0,0,,154.6999969482422,628,113,69,64,17,53,0,18,174,10.122818557804722,3.083387261860059,3.2830188679245285,0.9890110085211511,0.2770700636942675,0.08439490445859872,0.1926751592356688,0.20287253141831238,1.0730446236242555,0.26229508196721313,0.6821378340365682,,,3.722394462818024,2.930826866693408,,,,,,,,,776.8799774169922,5.0218486925821475,687.4999847412109,4.444085315471772,,,,,,,,,,,,,,,,,,,"Hunter Greene","22182",668881
"Cristopher Sánchez","PHI",9,7,,3.7941722778741793,29,28,0,0,,161.3000030517578,673,155,74,68,18,41,0,5,139,7.755734509183984,2.287662696953549,3.3902439024390243,1.0043397206137534,0.2065378900445765,0.06092124814264487,0.14561664190193163,0.24720893141945774,1.215127069384541,0.29148936170212764,0.7142857142857142,,,3.749244801361973,2.915342866590872,,,,,,,,,709.2200225830077,4.396900242806776,712.5000152587891,4.417234976927822,,,,,,,,,,,,,,,,,,,"Cristopher Sanchez","20778",650911
"Framber Valdez","HOU",13,8,,3.335294117647059,27,27,0,0,,170,708,147,68,63,16,58,0,9,157,8.311764705882354,3.070588235294118,2.706896551724138,0.8470588235294118,0.22175141242937854,0.08192090395480225,0.1398305084745763,0.22932917316692666,1.2058823529411764,0.2799145299145299,0.7502738225629793,,,3.7253033077015596,2.8322132461780973,,,,,,,,,792,4.658823529411765,755,4.4411764705882355,,,,,,,,,,,,,,,,,,,"Framber Valdez","17295",664285
"Ranger Suarez","PHI",11,7,,3.5827042617264633,28,26,0,0.593999981880188,,145.6999969482422,610,135,63,58,14,45,1,4,130,8.030199207317935,2.77968434099467,2.888888888888889,0.8647906838650085,0.21311475409836064,0.07377049180327869,0.13934426229508196,0.24064171122994651,1.2354152626642978,0.290167865707434,0.7294264339152119,,,3.640055628977776,2.8062124368083783,,,,,,,,,670.3559773445129,4.600933365720297,661.8759846687317,4.542731630281732,,,,,,,,,,,,,,,,,,,"Ranger Suarez","17277",624133
"Brandon Pfaadt","ARI",11,7,,3.76875,28,28,0,0.6502000093460083,,160,665,151,72,67,20,36,0,7,160,9,2.025,4.444444444444445,1.125,0.24060150375939848,0.05413533834586466,0.18646616541353384,0.2427652733118971,1.16875,0.29638009049773756,0.7232704402515723,,,3.597729778289795,2.8007273620676743,,,,,,,,,739.000800037384,4.61875500023365,733.600800037384,4.58500500023365,,,,,,,,,,,,,,,,,,,"Brandon Pfaadt","27782",694297
"Tanner Houck","BOS",9,7,,3.857142857142857,28,26,0,0.6410999894142151,,154,651,144,71,66,13,46,1,13,137,8.006493506493506,2.688311688311688,2.9782608695652173,0.7597402597402597,0.21044546850998463,0.0706605222734255,0.13978494623655913,0.24324324324324326,1.2337662337662338,0.29638009049773756,0.6926658905704307,,,3.634012245822263,2.7823923054285133,,,,,,,,,704.8643999576568,4.577041558166603,700.5643999576569,4.549119480244525,,,,,,,,,,,,,,,,,,,"Tanner Houck","19879",656557
"Kevin Gausman","TOR",12,9,,3.682578975583762,28,28,0,0,,161.3000030517578,677,154,71,66,21,45,0,2,158,8.815870880942946,2.510849301534383,3.511111111111111,1.1717296740493788,0.23338257016248154,0.06646971935007386,0.1669128508124077,0.24444444444444444,1.2337259530996105,0.29490022172949004,0.7547169811320755,,,3.774043312982066,2.7539283766579663,,,,,,,,,709.9200225830077,4.401239982340293,708.5000152587891,4.392436465307729,,,,,,,,,,,,,,,,,,,"Kevin Gausman","14107",592332
"Justin Steele","CHC",8,6,,3.390191971187241,26,25,0,0,,140.6999969482422,581,127,57,53,14,37,0,5,133,8.50746287109251,2.3667377912061873,3.5945945945945947,0.8955224074834222,0.2289156626506024,0.06368330464716007,0.16523235800344233,0.23562152133580705,1.1656005938673115,0.288265306122449,0.7409972299168974,,,3.464987247450936,2.7260123245065646,,,,,,,,,678.7799774169921,4.824306980381014,661.4999847412109,4.701492530838859,,,,,,,,,,,,,,,,,,,"Justin Steele","17312",657006
"Tanner Bibee","CLE",11,8,,3.409937888198758,29,29,0,0,,161,662,141,66,61,20,45,0,6,162,9.055900621118013,2.515527950310559,3.6,1.1180124223602483,0.24471299093655588,0.06797583081570997,0.1767371601208459,0.23076923076923078,1.15527950310559,0.28205128205128205,0.759493670886076,,,3.7192748093456958,2.6511154404850643,,,,,,,,,749.8000000000001,4.6571428571428575,716,4.447204968944099,,,,,,,,,,,,,,,,,,,"Tanner Bibee","30134",676440
"Luis Castillo","SEA",12,8,,3.496712428744056,29,29,0,0,,167.3000030517578,688,146,70,65,20,48,1,6,168,9.037656738907714,2.582187639687918,3.5,1.0759115165366326,0.2441860465116279,0.06976744186046512,0.17441860465116277,0.2302839116719243,1.1595935233783705,0.2825112107623318,0.7469879518072289,,,3.680526391746186,2.6434502432154776,,,,,,,,,786.4200225830078,4.7006575507336485,750.5000152587891,4.485953386543609,,,,,,,,,,,,,,,,,,,"Luis Castillo","15689",622491
"Kyle Bradish","BAL",8,6,,3.330763378293625,24,24,0,0.6330999732017517,,129.6999969482422,534,110,52,48,12,41,0,7,129,8.951426579164117,2.845027052292471,3.1463414634146343,0.8326908445734063,0.24157303370786518,0.07677902621722846,0.16479400749063672,0.22633744855967078,1.1642251623202253,0.28405797101449276,0.7377049180327869,,,3.4903039956238975,2.573094177733642,,,,,,,,,642.7123773097991,4.955376965554429,609.032384634018,4.6957008401245925,,,,,,,,,,,,,,,,,,,"Kyle Bradish","24586",680694
"Nestor Cortes","MIL",10,7,,3.564935064935065,28,26,0,0.6028000116348267,,154,627,136,66,61,21,39,0,3,155,9.058441558441558,2.279220779220779,3.9743589743589745,1.2272727272727273,0.24720893141945774,0.06220095693779904,0.1850079744816587,0.23247863247863249,1.1363636363636365,0.28117359413202936,0.7486263736263736,,,3.744401856211873,2.5419935646688394,,,,,,,,,714.1112000465395,4.6370857145879185,683.4112000465393,4.437735065237268,,,,,,,,,,,,,,,,,,,"Nestor Cortes","17874",641482
"Gerrit Cole","NYY",10,7,,3.6875,25,25,0,0,,144,585,123,64,59,20,39,0,4,150,9.375,2.4375,3.8461538461538463,1.25,0.2564102564102564,0.06666666666666667,0.18974358974358974,0.22693726937269373,1.125,0.2768817204301075,0.7313432835820896,,,3.7845353338453505,2.532025861333761,,,,,,,,,670.8000000000002,4.658333333333335,631,4.381944444444445,,,,,,,,,,,,,,,,,,,"Gerrit Cole","13125",543037
"Brayan Bello","BOS",11,11,,4.098894030636512,29,28,0,0,,153.6999969482422,666,151,76,70,15,56,0,6,141,8.256343690282117,3.2791152245092094,2.517857142857143,0.8783344351363954,0.21171171171171171,0.08408408408408409,0.12762762762762764,0.25,1.3467794672091395,0.30357142857142855,0.7043010752688172,,,3.8105916973898184,2.467551502294478,,,,,,,,,656.2799774169922,4.269876320413927,669.4999847412109,4.355888080899977,,,,,,,,,,,,,,,,,,,"Brayan Bello","23920",678394
"Clay Holmes","NYM",10,8,,3.563605820347615,25,17,0,0.6718999743461609,,118.69999694824219,516,119,51,47,8,37,2,5,105,7.961247045457438,2.8053918160183353,2.8378378378378377,0.6065712034634239,0.20348837209302326,0.07170542635658915,0.13178294573643412,0.2510548523206751,1.314237607504085,0.3074792243767313,0.7251381215469612,,,3.334971779251857,2.4585989485978628,,,,,,,,,557.2675773143769,4.694756458649003,576.1875846385956,4.854149953262726,,,,,,,,,,,,,,,,,,,"Clay Holmes","13649",605280
"MacKenzie Gore","WSN",9,10,,3.972413793103448,28,28,0,0,,145,628,136,69,64,17,55,0,6,153,9.49655172413793,3.413793103448276,2.7818181818181817,1.0551724137931036,0.24363057324840764,0.0875796178343949,0.15605095541401276,0.23985890652557318,1.3172413793103448,0.29974811083123426,0.729665071770335,,,3.8423418472553124,2.4012437197021574,,,,,,,,,633.3,4.367586206896552,627,4.324137931034483,,,,,,,,,,,,,,,,,,,"MacKenzie Gore","22201",669022
"Hunter Brown","HOU",11,8,,3.72,29,26,0,0,,150,637,135,67,62,17,54,0,5,154,9.24,3.24,2.8518518518518516,1.02,0.24175824175824176,0.0847723704866562,0.15698587127158556,0.23356401384083045,1.26,0.28992628992628994,0.738498789346247,,,3.766479778289795,2.390425806023747,,,,,,,,,680.9000000000001,4.539333333333334,660,4.4,,,,,,,,,,,,,,,,,,,"Hunter Brown","25880",686613
"Shota Imanaga","CHC",9,7,,3.523556806589529,27,27,0,0,,150.6999969482422,620,138,64,59,21,35,1,6,152,9.077637874603532,2.0902455632310764,4.3428571428571425,1.2541473379386459,0.24516129032258063,0.056451612903225805,0.18870967741935482,0.23834196891191708,1.1479761347269086,0.2881773399014778,0.7590529247910864,,,3.7769641967572842,2.3638594246181497,,,,,,,,,679.0799774169923,4.506171142460088,661.4999847412109,4.389515581532511,,,,,,,,,,,,,,,,,,,"Shota Imanaga","33829",684007
"Shane McClanahan","TBR",8,5,,3.1707317947272404,19,19,0,0.6854000091552734,,110.69999694824219,444,92,42,39,12,28,1,2,117,9.512195384181721,2.27642282698366,4.178571428571429,0.975609782992997,0.2635135135135135,0.06306306306306306,0.20045045045045043,0.2222222222222222,1.084010869992219,0.2807017543859649,0.7558139534883721,,,3.274880865289017,2.362613769846801,,,,,,,,,579.1215774536132,5.231450708389645,544.241584777832,4.916364948341347,,,,,,,,,,,,,,,,,,,"Shane McClanahan","21483",663556
"Carlos Rodón","NYY",11,10,,4.088176436046255,27,27,0,0,,149.6999969482422,623,129,74,68,21,50,0,7,164,9.859719639876262,3.0060120853281287,3.28,1.2625250758378141,0.26324237560192615,0.08025682182985554,0.1829855537720706,0.22791519434628976,1.1957248072749667,0.28346456692913385,0.7018716577540107,,,3.941362893618824,2.3610729582125947,,,,,,,,,671.0799774169923,4.482832271860459,632.4999847412109,4.225116884670971,,,,,,,,,,,,,,,,,,,"Carlos Rodon","16137",607074
"Zac Gallen","ARI",13,7,,3.450834944533782,28,28,0,0,,161.6999969482422,667,141,67,62,19,52,0,6,156,8.682745989472096,2.894248663157365,3,1.0575139346151912,0.23388305847076463,0.07796101949025487,0.15592203898050977,0.2315270935960591,1.1935683589516486,0.28110599078341014,0.7572115384615384,,,3.840567607956788,2.358046642888629,,,,,,,,,734.2799774169922,4.5410018013298075,699.4999847412109,4.325912170333007,,,,,,,,,,,,,,,,,,,"Zac Gallen","19291",668678
"Sonny Gray","STL",10,8,,3.6986301369863015,26,26,0,0,,146,602,129,65,60,19,41,0,6,152,9.36986301369863,2.5273972602739727,3.707317073170732,1.1712328767123288,0.25249169435215946,0.0681063122923588,0.18438538205980065,0.23243243243243245,1.1643835616438356,0.2864583333333333,0.7322175732217573,,,3.74182224404322,2.3366800274766883,,,,,,,,,674.3,4.618493150684931,646,4.424657534246576,,,,,,,,,,,,,,,,,,,"Sonny Gray","12768",543243
"Zach Eflin","BAL",10,8,,3.7881872942251857,26,25,0,0,,147.3000030517578,608,148,67,62,19,26,1,4,120,7.331975408177779,1.588594671771852,4.615384615384615,1.1608961062948149,0.19736842105263158,0.04276315789473684,0.15460526315789475,0.2560553633217993,1.1812627046508644,0.2938496583143508,0.7259158751696065,,,3.8249997918020586,2.322405954972836,,,,,,,,,621.5200225830079,4.219416223396955,639.5000152587891,4.3414799864877365,,,,,,,,,,,,,,,,,,,"Zach Eflin","13774",621107
"Mitch Keller","PIT",10,10,,4.001185608836097,29,29,0,0,,168.6999969482422,721,163,81,75,20,51,0,12,152,8.109069500574488,2.7208062140085456,2.980392156862745,1.066982829022959,0.21081830790568654,0.07073509015256588,0.14008321775312066,0.24772036474164133,1.268524030060629,0.294238683127572,0.7150537634408602,,,4.025993723891623,2.305558171107849,,,,,,,,,693.5799774169923,4.111321813655903,698.4999847412109,4.140486054398172,,,,,,,,,,,,,,,,,,,"Mitch Keller","17594",656605
"Bailey Ober","MIN",10,8,,3.849056603773585,29,29,0,0,,159,645,142,74,68,24,38,0,5,161,9.11320754716981,2.150943396226415,4.2368421052631575,1.3584905660377358,0.2496124031007752,0.05891472868217054,0.19069767441860466,0.23588039867109634,1.1320754716981132,0.2829736211031175,0.7240437158469946,,,3.91490745124577,2.293005657759976,,,,,,,,,705.2,4.435220125786164,676,4.251572327044025,,,,,,,,,,,,,,,,,,,"Bailey Ober","21224",641927
"Seth Lugo","KCR",11,9,,3.840445341497273,30,26,0,0,,161.6999969482422,679,158,75,69,20,45,1,5,137,7.625232054856904,2.504638266193874,3.0444444444444443,1.1131725627528328,0.20176730486008837,0.0662739322533137,0.1354933726067747,0.25119236883942764,1.2554112791045837,0.2923728813559322,0.7314285714285714,,,4.007543492369713,2.2806323666060333,,,,,,,,,663.7799774169923,4.1050092142516155,672.4999847412109,4.158936285920082,,,,,,,,,,,,,,,,,,,"Seth Lugo","12447",607625
"Reynaldo López","ATL",9,5,,3.190436852955972,33,20,0,0,,121.30000305175781,499,103,46,43,12,42,1,2,128,9.49711435298522,3.116240647073275,3.0476190476190474,0.8903544705923643,0.2565130260521042,0.0841683366733467,0.1723446893787575,0.22637362637362637,1.1953833169990076,0.28888888888888886,0.7722308892355695,,,3.4302885103171623,2.274792751191571,,,,,,,,,606.2200225830079,4.997691733975788,574.5000152587891,4.736191267972633,,,,,,,,,,,,,,,,,,,"Reynaldo Lopez","16400",625643
"Joe Ryan","MIN",9,8,,3.819806316774953,24,24,0,0,,134.3000030517578,544,116,62,57,19,31,0,7,144,9.650037010799881,2.077438523158308,4.645161290322581,1.2732687722583178,0.2647058823529412,0.05698529411764706,0.20772058823529413,0.22924901185770752,1.0945643831694312,0.282798833819242,0.7059800664451827,,,3.7100389617684923,2.262021372906789,,,,,,,,,632.5200225830077,4.709754342591051,598.5000152587891,4.456440816521303,,,,,,,,,,,,,,,,,,,"Joe Ryan","21390",657746
"Roki Sasaki","LAD",9,6,,3.5675675675675675,21,21,0,0,,111,462,94,48,44,15,30,1,8,134,10.864864864864865,2.4324324324324325,4.466666666666667,1.2162162162162162,0.29004329004329005,0.06493506493506493,0.22510822510822512,0.22169811320754718,1.117117117117117,0.2872727272727273,0.7378640776699029,,,3.5358491476591647,2.25475228751436,,,,,,,,,546.5000000000001,4.923423423423425,514,4.63063063063063,,,,,,,,,,,,,,,,,,,"Roki Sasaki","35323",808963
"Freddy Peralta","MIL",10,9,,3.840764331210191,29,29,0,0,,157,649,126,72,67,21,59,0,8,176,10.089171974522293,3.3821656050955413,2.983050847457627,1.2038216560509554,0.2711864406779661,0.09090909090909091,0.1802773497688752,0.21649484536082475,1.178343949044586,0.2727272727272727,0.7262210796915167,,,3.943549841984063,2.2480799363627244,,,,,,,,,726.9,4.629936305732484,663,4.222929936305732,,,,,,,,,,,,,,,,,,,"Freddy Peralta","18679",642547
"Nick Martinez","CIN",8,6,,3.525,43,13,0,0.6014000177383423,,120,498,115,51,47,11,30,0,4,105,7.875,2.25,3.5,0.825,0.21084337349397592,0.060240963855421686,0.15060240963855423,0.2478448275862069,1.2083333333333333,0.2988505747126437,0.7253086419753086,,,3.4581464449564616,2.247550870024208,,,,,,,,,564.1056000709534,4.700880000591279,567.4056000709534,4.728380000591278,,,,,,,,,,,,,,,,,,,"Nick Martinez","12730",607259
"Bryan Woo","SEA",7,5,,3.5364876567161496,26,26,0,0,,124.69999694824219,501,108,53,49,14,25,0,7,118,8.51643966311236,1.8043304371000763,4.72,1.0104250447760428,0.23552894211576847,0.0499001996007984,0.18562874251497008,0.2302771855010661,1.0665597694858229,0.2789317507418398,0.7054673721340388,,,3.503288126548476,2.2401860449398274,,,,,,,,,609.7799774169921,4.889975880834116,581.4999847412109,4.663191651741319,,,,,,,,,,,,,,,,,,,"Bryan Woo","30279",693433
"Jack Flaherty","DET",8,9,,3.838235294117647,25,25,0,0,,136,575,119,63,58,17,47,1,8,147,9.727941176470589,3.110294117647059,3.127659574468085,1.125,0.25565217391304346,0.0817391304347826,0.17391304347826086,0.22884615384615384,1.2205882352941178,0.28651685393258425,0.7243319268635725,,,3.8429503665250895,2.2181252312264648,,,,,,,,,616.9000000000001,4.536029411764707,588,4.323529411764706,,,,,,,,,,,,,,,,,,,"Jack Flaherty","17479",656427
"Bryce Miller","SEA",10,8,,3.638660700541306,29,29,0,0,,158.3000030517578,642,138,69,64,20,41,0,6,148,8.414402870001771,2.3310170112842745,3.6097560975609757,1.1370814689191582,0.23052959501557632,0.06386292834890965,0.16666666666666669,0.2319327731092437,1.1307643496473851,0.27634660421545665,0.7284768211920529,,,3.829777301825971,2.2155723793192372,,,,,,,,,721.620022583008,4.55855975155646,686.5000152587891,4.336702476463825,,,,,,,,,,,,,,,,,,,"Bryce Miller","29837",682243
"Reid Detmers","LAA",9,11,,4.172185430463577,27,27,0,0.6287000179290771,,151,641,137,76,70,20,52,1,8,164,9.774834437086092,3.0993377483443707,3.1538461538461537,1.1920529801324504,0.25585023400936036,0.0811232449297972,0.17472698907956316,0.23580034423407917,1.2516556291390728,0.2947103274559194,0.7018633540372671,,,3.908201632594431,2.197116235508211,,,,,,,,,665.7148000717164,4.408707285243155,645.5148000717163,4.274932450806069,,,,,,,,,,,,,,,,,,,"Reid Detmers","27468",672282
"Jared Jones","PIT",8,7,,3.798925467433611,25,25,0,0.6169999837875366,,130.3000030517578,543,115,59,55,16,40,1,7,135,9.324635238246136,2.7628548854062625,3.375,1.105141954162505,0.24861878453038674,0.07366482504604052,0.17495395948434622,0.2318548387096774,1.1895625201054743,0.28695652173913044,0.7239819004524887,,,3.7727729336983917,2.164567524609855,,,,,,,,,599.8880225181581,4.60389876030832,574.9680151939392,4.412647749252548,,,,,,,,,,,,,,,,,,,"Jared Jones","27863",683003
"Kodai Senga","NYM",9,7,,3.5140997055373737,24,24,0,0.6718999743461609,,138.3000030517578,577,111,58,54,15,61,0,4,148,9.63123622999132,3.969631148847774,2.4262295081967213,0.9761388070937149,0.2564991334488735,0.10571923743500866,0.15077989601386482,0.216796875,1.243673146815696,0.27507163323782235,0.7549668874172185,,,3.8461616143402337,2.1379959590407727,,,,,,,,,654.0076224803923,4.7289053365793094,600.1876151561737,4.339751279192363,,,,,,,,,,,,,,,,,,,"Kodai Senga","31838",673540
"Grayson Rodriguez","BAL",8,7,,3.753066136930099,22,22,0,0,,122.30000305175781,510,109,55,51,15,37,0,6,130,9.56663917256692,2.7228126875767384,3.5135135135135136,1.103842981450029,0.2549019607843137,0.07254901960784314,0.18235294117647055,0.2334047109207709,1.1937857429015128,0.2919254658385093,0.728,,,3.689783117643883,2.133520931748647,,,,,,,,,568.1200225830078,4.645298515181372,547.5000152587891,4.476696660645912,,,,,,,,,,,,,,,,,,,"Grayson Rodriguez","24492",680570
"Zebby Matthews","MIN",7,5,,3.8561035712845126,26,25,0,0.6255999803543091,,123.69999694824219,517,121,57,53,17,24,0,4,119,8.658043867601075,1.7461601077514775,4.958333333333333,1.2368634096572966,0.23017408123791103,0.04642166344294004,0.18375241779497098,0.2474437627811861,1.1721908130739085,0.29461756373937675,0.7260726072607261,,,3.70811277467567,2.0755374846359755,,,,,,,,,548.1823773384094,4.4315472179661946,554.0023846626282,4.47859659119014,,,,,,,,,,,,,,,,,,,"Zebby Matthews","31827",805673
"Walker Buehler","BOS",7,6,,3.774193548387097,25,25,0,0.6410999894142151,,124,521,121,56,52,14,33,0,5,111,8.056451612903226,2.3951612903225805,3.3636363636363638,1.0161290322580645,0.21305182341650672,0.06333973128598848,0.14971209213051823,0.2505175983436853,1.2419354838709677,0.2988826815642458,0.7291666666666666,,,3.763253971838182,2.0682405660655965,,,,,,,,,541.3643999576567,4.3658419351423925,548.5643999576569,4.423906451271426,,,,,,,,,,,,,,,,,,,"Walker Buehler","19374",621111
"Shane Bieber","CLE",7,5,,3.630252100840336,20,20,0,0.6672999858856201,,119,497,113,52,48,14,32,0,3,110,8.319327731092438,2.4201680672268906,3.4375,1.0588235294117647,0.22132796780684105,0.06438631790744467,0.15694164989939638,0.24458874458874458,1.218487394957983,0.29289940828402367,0.7416267942583732,,,3.7295049883738285,1.9452873297441733,,,,,,,,,532.2691999435424,4.472850419693634,530.6691999435425,4.459405041542373,,,,,,,,,,,,,,,,,,,"Shane Bieber","19427",669456
"Nathan Eovaldi","TEX",8,8,,4.25,25,25,0,0,,144,599,134,74,68,20,39,0,5,132,8.25,2.4375,3.3846153846153846,1.25,0.22036727879799667,0.0651085141903172,0.15525876460767946,0.24144144144144145,1.2013888888888888,0.28287841191067,0.6827586206896552,,,4.0553686671786835,1.9449422043747187,,,,,,,,,603.2,4.188888888888889,592,4.111111111111111,,,,,,,,,,,,,,,,,,,"Nathan Eovaldi","9132",543135
"Brady Singer","CIN",8,10,,4.767070928831818,28,28,0,0,,156.6999969482422,680,158,90,83,24,49,0,10,155,8.90236137311966,2.814294885695893,3.163265306122449,1.3784301480959475,0.22794117647058823,0.07205882352941176,0.15588235294117647,0.25442834138486314,1.3209955585919497,0.3031674208144796,0.6747404844290658,,,4.308789947313752,1.9317636637231472,,,,,,,,,586.5799774169923,3.7433311349121396,604.4999847412109,3.8576898309760437,,,,,,,,,,,,,,,,,,,"Brady Singer","25377",663903
"Max Scherzer","TOR",7,5,,3.509749403072471,20,20,0,0.6585999727249146,,107.69999694824219,435,92,45,42,15,26,0,5,113,9.442897203504506,2.1727020114258155,4.346153846153846,1.2534819296687398,0.2597701149425287,0.059770114942528735,0.19999999999999998,0.22772277227722773,1.0956360570437873,0.27898550724637683,0.7525773195876289,,,3.7421529608043276,1.878649622498102,,,,,,,,,508.91437730789187,4.725296116326381,479.1343846321106,4.448787355698535,,,,,,,,,,,,,,,,,,,"Max Scherzer","3137",453286
"Chris Bassitt","TOR",10,10,,3.9407597422650076,27,27,0,0,,155.3000030517578,666,146,74,68,19,54,1,11,140,8.113328881133839,3.1294268541516237,2.5925925925925926,1.101094633868164,0.21021021021021022,0.08108108108108109,0.12912912912912913,0.24292845257903495,1.2878299811323555,0.2873303167420814,0.726643598615917,,,4.209622063007003,1.8745691145857195,,,,,,,,,620.9200225830078,3.998197104838883,614.5000152587891,3.956857715282792,,,,,,,,,,,,,,,,,,,"Chris Bassitt","12304",605135
"José Berríos","TOR",12,10,,4.005780346820809,29,29,0,0,,173,728,166,83,77,25,47,1,11,148,7.699421965317919,2.445086705202312,3.148936170212766,1.300578034682081,0.2032967032967033,0.06456043956043957,0.13873626373626374,0.24776119402985075,1.23121387283237,0.2837022132796781,0.7303370786516854,,,4.339890182914073,1.8366880748638934,,,,,,,,,663.1,3.832947976878613,662,3.8265895953757227,,,,,,,,,,,,,,,,,,,"Jose Berrios","14168",621244
"Yusei Kikuchi","LAA",7,7,,4.047786280022042,28,27,0,0,,142.3000030517578,611,138,69,64,22,48,0,5,160,10.119465700055105,3.0358397100165315,3.3333333333333335,1.391426533757577,0.2618657937806874,0.07855973813420622,0.1833060556464812,0.24731182795698925,1.3070976529237845,0.30851063829787234,0.7538659793814434,,,4.044905620308468,1.8339210008192182,,,,,,,,,584.6200225830078,4.108362684787631,586.5000152587891,4.121574157981327,,,,,,,,,,,,,,,,,,,"Yusei Kikuchi","20633",579328
"Gavin Stone","LAD",8,6,,4.137096774193548,24,22,0,0,,124,523,118,62,57,16,39,0,2,113,8.201612903225806,2.8306451612903225,2.8974358974358974,1.1612903225806452,0.21606118546845124,0.0745697896749522,0.14149139579349904,0.24481327800829875,1.2661290322580645,0.28895184135977336,0.7057949479940565,,,4.013253971838182,1.8078997208483178,,,,,,,,,517,4.169354838709677,515,4.153225806451613,,,,,,,,,,,,,,,,,,,"Gavin Stone","27792",694813
"Patrick Sandoval","BOS",7,6,,3.8830296083406908,20,20,0,0.6410999894142151,,104.30000305175781,455,100,49,45,9,43,1,4,100,8.628954685201535,3.71045051463666,2.3255813953488373,0.7766059216681381,0.21978021978021978,0.0945054945054945,0.12527472527472527,0.24509803921568626,1.3710450222042438,0.30434782608695654,0.7208588957055214,,,3.7225679691138938,1.7899929940457728,,,,,,,,,462.6844225406646,4.436092128502261,466.0644152164459,4.468498576986294,,,,,,,,,,,,,,,,,,,"Patrick Sandoval","19447",663776
"Michael McGreevy","STL",8,8,,3.9334637181736554,29,28,0,0.6466000080108643,,153.3000030517578,643,154,72,67,18,40,0,2,108,6.340508680041116,2.3483365481633762,2.7,1.0567514466735193,0.16796267496111975,0.06220839813374806,0.10575427682737168,0.2562396006655574,1.2654924731769306,0.2863157894736842,0.7227488151658767,,,4.105814397555146,1.7868019507659065,,,,,,,,,605.2064226150515,3.9478565594725987,625.0864152908325,4.0775368744108125,,,,,,,,,,,,,,,,,,,"Michael McGreevy","29869",700241
"Will Warren","NYY",7,7,,4.341782393703448,26,25,0,0.6694999933242798,,122.30000305175781,524,114,64,59,15,41,0,7,116,8.536385723213558,3.017170815963413,2.8292682926829267,1.103842981450029,0.22137404580152673,0.07824427480916031,0.1431297709923664,0.23949579831932774,1.2673752749981815,0.28695652173913044,0.6791044776119403,,,4.04137754877241,1.7797217345110845,,,,,,,,,514.7980225563049,4.209305067134303,507.1780152320862,4.146999203405143,,,,,,,,,,,,,,,,,,,"Will Warren","30182",701542
"Bryce Elder","ATL",10,8,,4.158620689655172,26,26,0,0.6258999705314636,,145,622,141,72,67,16,51,0,6,123,7.63448275862069,3.1655172413793102,2.411764705882353,0.993103448275862,0.1977491961414791,0.0819935691318328,0.1157556270096463,0.24955752212389382,1.3241379310344827,0.2934272300469484,0.7075471698113208,,,4.08372115760014,1.765544870968512,,,,,,,,,587.1035998821259,4.048990344014661,594.5035998821259,4.100024826773282,,,,,,,,,,,,,,,,,,,"Bryce Elder","27779",693821
"Reese Olson","DET",6,7,,3.967156543706145,25,24,0,0,,115.69999694824219,487,104,55,51,13,40,0,4,106,8.245462620251988,3.1114953283969764,2.65,1.0112359817290173,0.21765913757700206,0.08213552361396304,0.13552361396303902,0.23476297968397292,1.2445981313587906,0.2808641975308642,0.7074721780604134,,,3.9357105678101587,1.7529226181997535,,,,,,,,,505.8799774169922,4.372342184618164,489.49998474121094,4.230769210479636,,,,,,,,,,,,,,,,,,,"Reese Olson","24968",681857
"Nick Pivetta","SDP",9,7,,3.933333333333333,27,23,0,0,,135,548,111,64,59,23,41,1,4,158,10.533333333333333,2.7333333333333334,3.8536585365853657,1.5333333333333334,0.28832116788321166,0.07481751824817519,0.21350364963503649,0.220675944333996,1.125925925925926,0.2732919254658385,0.7345575959933222,,,4.040553852363869,1.7338265960614225,,,,,,,,,608.4999999999999,4.507407407407406,557,4.125925925925926,,,,,,,,,,,,,,,,,,,"Nick Pivetta","15454",601713
"Alex Cobb","DET",5,6,,3.990566037735849,21,21,0,0,,106,461,110,51,47,10,35,0,3,86,7.30188679245283,2.9716981132075473,2.4571428571428573,0.8490566037735849,0.18655097613882862,0.07592190889370933,0.1106290672451193,0.26004728132387706,1.3679245283018868,0.3058103975535168,0.7175572519083969,,,3.845725061308663,1.7251398210816011,,,,,,,,,433.4000000000001,4.08867924528302,458,4.320754716981132,,,,,,,,,,,,,,,,,,,"Alex Cobb","6562",502171
"Drew Rasmussen","TBR",5,3,,3.0508475790149667,24,13,0,0.6854000091552734,,76.69999694824219,308,65,28,26,6,18,0,2,73,8.565841279542022,2.1121252470103613,4.055555555555555,0.7040417490034538,0.237012987012987,0.05844155844155844,0.17857142857142858,0.22569444444444445,1.082138243838642,0.2822966507177033,0.7372654155495979,,,3.06217729695595,1.7175144285657722,,,,,,,,,413.5215774536132,5.391415826687204,394.24158477783203,5.140046942164412,,,,,,,,,,,,,,,,,,,"Drew Rasmussen","25385",656876
"Luis Gil","NYY",9,9,,4.12781954887218,27,27,0,0.6694999933242798,,133,566,107,66,61,17,66,0,6,150,10.150375939849624,4.466165413533835,2.272727272727273,1.150375939849624,0.26501766784452296,0.1166077738515901,0.14840989399293286,0.2165991902834008,1.300751879699248,0.27522935779816515,0.7171581769436998,,,4.19655496625972,1.7137721135261106,,,,,,,,,583.5779999732972,4.387804511077422,530.6779999732971,3.9900601501751662,,,,,,,,,,,,,,,,,,,"Luis Gil","21052",661563
"Joe Musgrove","SDP",7,6,,3.6356140882521544,22,22,0,0,,121.30000305175781,506,112,53,49,16,28,1,11,114,8.458367470627461,2.0774937647155167,4.071428571428571,1.1871392941231524,0.22529644268774704,0.05533596837944664,0.1699604743083004,0.2398286937901499,1.1541632026197315,0.28486646884273,0.7397959183673469,,,3.966149997247752,1.7030611723659186,,,,,,,,,520.620022583008,4.292003375802581,509.50001525878906,4.2003297810420435,,,,,,,,,,,,,,,,,,,"Joe Musgrove","12970",605397
"Clarke Schmidt","NYY",7,5,,3.916745619233293,23,20,0,0.6694999933242798,,105.69999694824219,448,95,50,46,13,35,0,7,109,9.280984184704977,2.9801325363731577,3.1142857142857143,1.106906370652887,0.24330357142857142,0.078125,0.16517857142857142,0.23399014778325122,1.2298959673920968,0.2887323943661972,0.7155635062611807,,,3.894956620514345,1.6919206069624786,,,,,,,,,469.95797739028933,4.4461493941235615,454.17798471450806,4.2968590144510985,,,,,,,,,,,,,,,,,,,"Clarke Schmidt","19899",657376
"Taj Bradley","TBR",9,9,,4.05228767150763,27,27,0,0,,137.6999969482422,579,126,67,62,19,45,0,4,138,9.019608043033111,2.9411765357716666,3.066666666666667,1.2418300928813704,0.23834196891191708,0.07772020725388601,0.16062176165803108,0.23773584905660378,1.2418300928813704,0.2868632707774799,0.7202216066481995,,,4.023415164020799,1.6855370606396864,,,,,,,,,586.6799774169923,4.260566379224467,570.4999847412109,4.1430646142689955,,,,,,,,,,,,,,,,,,,"Taj Bradley","22543",671737
"Sean Manaea","NYM",8,7,,4.3125,28,25,0,0,,144,606,131,75,69,21,47,0,7,145,9.0625,2.9375,3.0851063829787235,1.3125,0.23927392739273928,0.07755775577557755,0.16171617161716173,0.23731884057971014,1.2361111111111112,0.2849740932642487,0.6931359353970391,,,4.17342422273424,1.6473478995010387,,,,,,,,,594.7000000000002,4.129861111111112,575,3.9930555555555554,,,,,,,,,,,,,,,,,,,"Sean Manaea","15873",640455
"Eduardo Rodriguez","ARI",8,6,,3.650943396226415,20,20,0,0.6502000093460083,,106,446,101,46,43,12,33,0,2,99,8.40566037735849,2.80188679245283,3,1.0188679245283019,0.2219730941704036,0.07399103139013453,0.14798206278026904,0.24574209245742093,1.2641509433962264,0.2966666666666667,0.7508532423208191,,,3.7608194009313047,1.6464776901977864,,,,,,,,,469.8008000373841,4.432083019220604,469.60080003738403,4.430196226767774,,,,,,,,,,,,,,,,,,,"Eduardo Rodriguez","13164",593958
"Mitchell Parker","WSN",6,9,,4.396946564885496,27,26,0,0.6308000087738037,,131,568,129,69,64,16,50,0,2,115,7.900763358778626,3.435114503816794,2.3,1.099236641221374,0.20246478873239437,0.0880281690140845,0.11443661971830987,0.25,1.366412213740458,0.2935064935064935,0.7024265644955301,,,4.189380541648574,1.640962397477672,,,,,,,,,513.7232000350953,3.9215511453060707,523.5232000350952,3.9963603056114136,,,,,,,,,,,,,,,,,,,"Mitchell Parker","27636",680730
"Trevor Rogers","BAL",7,7,,4.298507462686567,27,27,0,0.6330999732017517,,134,585,134,69,64,15,50,1,5,115,7.723880597014926,3.3582089552238807,2.3,1.007462686567164,0.19658119658119658,0.08547008547008547,0.1111111111111111,0.2528301886792453,1.373134328358209,0.2975,0.7055214723926381,,,4.136629032021139,1.639749710729875,,,,,,,,,526.2323998928068,3.927107461886618,542.532399892807,4.048749252931396,,,,,,,,,,,,,,,,,,,"Trevor Rogers","22286",669432
"Cade Povich","BAL",9,9,,4.244657427808891,28,27,0,0.6330999732017517,,135.6999969482422,581,127,69,64,17,51,0,5,127,8.422992083308268,3.38246138778521,2.4901960784313726,1.1274871292617366,0.21858864027538727,0.08777969018932874,0.13080895008605853,0.2419047619047619,1.3117170523437196,0.2887139107611549,0.7068741893644618,,,4.161321362932504,1.6123396970259698,,,,,,,,,553.4123773097992,4.078204788176069,546.032384634018,4.0238201688558775,,,,,,,,,,,,,,,,,,,"Cade Povich","30055",700249
"Kutter Crawford","BOS",10,10,,4.378378378378378,29,26,0,0.6410999894142151,,148,614,139,78,72,23,41,0,6,140,8.513513513513514,2.4932432432432434,3.4146341463414633,1.3986486486486487,0.2280130293159609,0.06677524429967427,0.16123778501628663,0.24514991181657847,1.2162162162162162,0.2871287128712871,0.6901217861975643,,,4.247560859370877,1.6087899060006818,,,,,,,,,592.4643999576567,4.003137837551734,582.5643999576569,3.9362459456598438,,,,,,,,,,,,,,,,,,,"Kutter Crawford","20531",676710
"Quinn Mathews","STL",7,5,,3.9467502900902587,25,25,0,0,,127.69999694824219,546,115,61,56,15,47,0,9,126,8.880188152703083,3.3124511363257527,2.6808510638297873,1.0571652562741765,0.23076923076923078,0.08608058608058608,0.1446886446886447,0.23469387755102042,1.2685983075290117,0.28653295128939826,0.7163120567375887,,,4.035704544559674,1.601220594983203,,,,,,,,,545.4799774169924,4.271573926803457,527.4999847412109,4.130775233730121,,,,,,,,,,,,,,,,,,,"Quinn Mathews","33851",687273
"David Festa","MIN",6,6,,4.193848902156466,25,24,0,0.6255999803543091,,107.30000305175781,461,99,54,50,13,40,0,4,113,9.478098518873614,3.355079121725173,2.825,1.0904007145606813,0.24511930585683298,0.08676789587852494,0.15835140997830804,0.23741007194244604,1.2954333275549974,0.29553264604810997,0.7036423841059603,,,3.8654545953158728,1.600507882832627,,,,,,,,,473.2224225044251,4.410274082435571,464.0024151802063,4.324346710003238,,,,,,,,,,,,,,,,,,,"David Festa","30056",701581
"Clayton Kershaw","LAD",7,4,,3.692848636932243,17,17,0,0,,85.30000305175781,351,79,38,35,10,22,0,2,79,8.335286923361348,2.321219143214553,3.590909090909091,1.0550996105520694,0.22507122507122507,0.06267806267806268,0.16239316239316237,0.2415902140672783,1.1840562296195445,0.28991596638655465,0.7241379310344828,,,3.6823062545596956,1.5846896080176212,,,,,,,,,388.8200225830078,4.558265048913093,382.50001525878906,4.4841735237300995,,,,,,,,,,,,,,,,,,,"Clayton Kershaw","2036",477132
"David Peterson","NYM",8,7,,4.068589147183564,27,24,0,0.6718999743461609,,128.3000030517578,560,122,63,58,14,52,0,7,120,8.417770649345306,3.647700614716299,2.3076923076923075,0.9820732424236189,0.21428571428571427,0.09285714285714286,0.12142857142857141,0.2435129740518962,1.3561963823945213,0.29427792915531337,0.7189119170984456,,,4.093993396134324,1.5829965152817895,,,,,,,,,525.7076224803923,4.097487217270878,525.1876151561737,4.093434159501201,,,,,,,,,,,,,,,,,,,"David Peterson","20302",656849
"Michael Wacha","KCR",8,9,,4.203821565257995,26,25,0,0,,141.3000030517578,595,138,71,66,20,42,0,4,120,7.643311936832718,2.675159177891451,2.857142857142857,1.273885322805453,0.20168067226890757,0.07058823529411765,0.13109243697478992,0.25136612021857924,1.273885322805453,0.2885085574572127,0.7171052631578947,,,4.284668006085693,1.581029317245379,,,,,,,,,542.8200225830078,3.8416136649634347,548.5000152587891,3.8818117722041023,,,,,,,,,,,,,,,,,,,"Michael Wacha","14078",608379
"Braxton Garrett","MIA",5,6,,3.96438624272115,22,21,0,0,,106.69999694824219,452,105,51,47,13,27,0,8,97,8.181818415828756,2.2774133734781072,3.5925925925925926,1.0965323650079777,0.21460176991150443,0.059734513274336286,0.15486725663716813,0.2517985611510791,1.2371134374448978,0.2996742671009772,0.7117750439367311,,,3.9162454979533696,1.5617964239246023,,,,,,,,,445.6799774169923,4.176944612596211,453.49998474121094,4.250234280336426,,,,,,,,,,,,,,,,,,,"Braxton Garrett","21844",666129
"Gavin Williams","CLE",7,5,,3.7714285714285714,23,23,0,0,,105,442,90,48,44,12,40,0,5,108,9.257142857142858,3.4285714285714284,2.7,1.0285714285714285,0.24434389140271492,0.09049773755656108,0.15384615384615385,0.22670025188916876,1.2380952380952381,0.2815884476534296,0.724381625441696,,,3.8807654925755095,1.5275957985175088,,,,,,,,,476.4,4.537142857142857,450,4.285714285714286,,,,,,,,,,,,,,,,,,,"Gavin Williams","30122",668909
"Jon Gray","TEX",6,7,,4.40263392816771,21,19,0,0.6265000104904175,,106.30000305175781,449,101,56,52,13,32,1,4,96,8.127939559694234,2.7093131865647444,3,1.1006584820419274,0.21380846325167038,0.07126948775055679,0.1425389755011136,0.24455205811138014,1.2511758812955243,0.2894736842105263,0.6707317073170732,,,3.9661034618245288,1.5228878405731539,,,,,,,,,450.62602262496955,4.239191060093933,449.00601530075073,4.223951104518108,,,,,,,,,,,,,,,,,,,"Jon Gray","14916",592351
"Louis Varland","MIN",8,8,,4.251968503937008,29,22,0,11.677499771118164,,127,542,126,65,60,17,38,1,5,117,8.291338582677165,2.6929133858267718,3.0789473684210527,1.204724409448819,0.2158671586715867,0.07011070110701106,0.14575645756457564,0.25250501002004005,1.2913385826771653,0.29863013698630136,0.7061340941512126,,,4.079865605061449,1.5122911268465034,,,,,,,,,554.8099990844728,4.368582669956479,565.7099990844727,4.454409441610021,,,,,,,,,,,,,,,,,,,"Louis Varland","27691",686973
"Tobias Myers","MIL",9,8,,4.0208487544999505,28,25,0,0.6028000116348267,,134.3000030517578,569,126,65,60,19,42,0,5,125,8.376768238541564,2.814594128149966,2.9761904761904763,1.2732687722583178,0.21968365553602812,0.07381370826010544,0.14586994727592267,0.2413793103448276,1.250930723622207,0.2830687830687831,0.7284299858557284,,,4.194030015550894,1.5046252244496714,,,,,,,,,543.931222629547,4.050120701932685,535.9112153053284,3.9904035973758973,,,,,,,,,,,,,,,,,,,"Tobias Myers","22191",668964
"Eury Pérez","MIA",5,5,,3.770672673728553,20,20,0,0,,90.69999694824219,373,80,41,38,12,28,0,2,96,9.525909912577397,2.778390391168408,3.4285714285714284,1.1907387390721746,0.257372654155496,0.07506702412868632,0.18230563002680966,0.23323615160349853,1.1907387390721746,0.28936170212765955,0.7346491228070176,,,3.7618491478258824,1.4999244614595304,,,,,,,,,417.57997741699216,4.603969034919412,399.49998474121094,4.404630630463912,,,,,,,,,,,,,,,,,,,"Eury Perez","27768",691587
"Yu Darvish","SDP",8,7,,4.0344827586206895,21,21,0,0,,116,479,104,56,52,16,31,0,7,109,8.456896551724139,2.4051724137931036,3.5161290322580645,1.2413793103448276,0.22755741127348644,0.06471816283924843,0.16283924843423803,0.23582766439909297,1.1637931034482758,0.27848101265822783,0.7015985790408527,,,4.063031502427727,1.4987735258363843,,,,,,,,,495.2000000000001,4.26896551724138,476,4.103448275862069,,,,,,,,,,,,,,,,,,,"Yu Darvish","13074",506433
"Jordan Montgomery","ARI",8,6,,4.013605349595227,25,23,0,0,,132.3000030517578,572,136,64,59,15,44,1,4,107,7.278911396723547,2.9931972098676267,2.4318181818181817,1.0204081397276001,0.18706293706293706,0.07692307692307693,0.11013986013986013,0.2595419847328244,1.3605441863034669,0.3009950248756219,0.7295597484276729,,,4.111302129889425,1.4866365231970218,,,,,,,,,510.92002258300784,3.861829257729707,536.5000152587891,4.05517764840037,,,,,,,,,,,,,,,,,,,"Jordan Montgomery","16511",656756
"Brandon Woodruff","MIL",5,4,,3.4444444444444446,14,14,0,0,,81,331,67,34,31,11,24,0,3,94,10.444444444444445,2.6666666666666665,3.9166666666666665,1.2222222222222223,0.283987915407855,0.07250755287009064,0.21148036253776437,0.22039473684210525,1.123456790123457,0.2814070351758794,0.7539682539682541,,,3.6109242227342397,1.4787481073103184,,,,,,,,,396.89999999999986,4.899999999999999,369,4.555555555555555,,,,,,,,,,,,,,,,,,,"Brandon Woodruff","16162",605540
"Zack Littell","TBR",7,7,,4.046511627906977,29,22,0,0.6854000091552734,,129,543,130,63,58,18,28,1,5,110,7.674418604651163,1.9534883720930232,3.9285714285714284,1.255813953488372,0.20257826887661143,0.05156537753222836,0.15101289134438306,0.2549019607843137,1.2248062015503876,0.2931937172774869,0.7153614457831324,,,4.042448770537857,1.473041025460083,,,,,,,,,518.941600036621,4.022803101059078,534.7416000366211,4.145283721214117,,,,,,,,,,,,,,,,,,,"Zack Littell","15823",641793
"Davis Daniel","ATL",9,8,,4.171248918070373,24,23,0,0.6258999705314636,,127.30000305175781,541,126,64,59,16,37,1,6,107,7.564807359890338,2.615867965569556,2.891891891891892,1.1311861472733216,0.1977818853974122,0.06839186691312385,0.12939001848428835,0.25301204819277107,1.2804398750385515,0.29333333333333333,0.7041251778093883,,,4.132701279085757,1.4671692616094651,,,,,,,,,505.12362246513374,3.9679780860630447,516.0036151409149,4.053445426321926,,,,,,,,,,,,,,,,,,,"Davis Daniel","27582",669721
"Ryan Feltner","COL",6,8,,4.785141918404267,26,26,0,0,,137.3000030517578,598,138,79,73,19,52,0,6,120,7.8659867151850955,3.4085942432468745,2.3076923076923075,1.2454478965709734,0.20066889632107024,0.08695652173913043,0.1137123745819398,0.25555555555555554,1.3838309961899704,0.2967581047381546,0.6793145654834761,,,4.484760885186557,1.4628515463785363,,,,,,,,,489.5200225830078,3.565331476347266,505.50001525878906,3.6817188931032385,,,,,,,,,,,,,,,,,,,"Ryan Feltner","21446",663372
"Dietrich Enns","DET",7,9,,4.422933629949946,26,25,0,0.580299973487854,,134.3000030517578,589,137,71,66,18,47,0,5,118,7.907669217183237,3.149664857691628,2.5106382978723403,1.2062546263499851,0.200339558573854,0.07979626485568761,0.12054329371816638,0.25512104283054005,1.370066983014798,0.2967581047381546,0.7115869017632241,,,4.313166274943485,1.4608893313925444,,,,,,,,,498.54122247695926,3.7121460249321565,519.8212151527405,3.870597195388051,,,,,,,,,,,,,,,,,,,"Dietrich Enns","13932",608650
"Andrew Abbott","CIN",9,10,,4.445239896677133,27,27,0,0,,139.6999969482422,594,134,75,69,22,51,0,3,132,8.503937193643212,3.2856120975439684,2.588235294117647,1.417322865607202,0.2222222222222222,0.08585858585858586,0.13636363636363635,0.24814814814814815,1.3242663138249111,0.29015544041450775,0.7133592736705577,,,4.483587895823761,1.4560007240480444,,,,,,,,,516.7799774169923,3.6992125175811954,514.4999847412109,3.6828918824660346,,,,,,,,,,,,,,,,,,,"Andrew Abbott","29911",671096
"Emmanuel Clase","CLE",6,2,,2.25,74,0,34.24800109863281,1.524399995803833,,72,280,56,19,18,4,15,2,1,72,9,1.875,4.8,0.5,0.2571428571428571,0.05357142857142857,0.20357142857142854,0.21212121212121213,0.9861111111111112,0.2765957446808511,0.7951070336391437,,,2.555368667178684,1.4543182270666124,,,,,,,,,611.3376054763794,8.490800076060825,581.3376054763794,8.074133409394157,,,,,,,,,,,,,,,,,,,"Emmanuel Clase","21032",661403
"AJ Smith-Shawver","ATL",7,5,,3.990566037735849,26,26,0,0.6258999705314636,,106,451,96,51,47,13,43,0,2,110,9.339622641509434,3.650943396226415,2.558139534883721,1.1037735849056605,0.24390243902439024,0.09534368070953436,0.14855875831485588,0.23645320197044334,1.3113207547169812,0.29328621908127206,0.728476821192053,,,3.9589326084784746,1.4442904808066466,,,,,,,,,462.40359988212595,4.3622981120955275,448.50359988212585,4.231166036623828,,,,,,,,,,,,,,,,,,,"AJ Smith-Shawver","29960",700363
"Dean Kremer","BAL",9,8,,4.0208487544999505,26,26,0,0,,134.3000030517578,570,128,65,60,18,46,0,4,118,7.907669217183237,3.0826507117832955,2.5652173913043477,1.2062546263499851,0.20701754385964913,0.08070175438596491,0.12631578947368421,0.24615384615384617,1.2956068208944287,0.2864583333333333,0.73252688172043,,,4.268490177671263,1.4425178780071164,,,,,,,,,525.6200225830078,3.9137752095243017,523.5000152587891,3.897989600618532,,,,,,,,,,,,,,,,,,,"Dean Kremer","19350",665152
"Luis Garcia","HOU",8,6,,3.7653061224489797,19,19,0,0.652999997138977,,98,407,88,44,41,13,32,0,1,97,8.908163265306122,2.938775510204082,3.03125,1.1938775510204083,0.23832923832923833,0.07862407862407862,0.1597051597051597,0.23529411764705882,1.2244897959183674,0.2840909090909091,0.7465618860510805,,,3.9215818191061214,1.4049492946306052,,,,,,,,,434.11199998855597,4.42971428559751,418.6119999885559,4.271551020291387,,,,,,,,,,,,,,,,,,,"Luis Garcia","23735",677651
"Garrett Whitlock","BOS",5,3,,3.48,25,11,2.2209999561309814,13.01609992980957,,75,307,70,31,29,9,16,0,2,76,9.12,1.92,4.75,1.08,0.247557003257329,0.05211726384364821,0.19543973941368079,0.2422145328719723,1.1466666666666667,0.29901960784313725,0.7493188010899182,,,3.4198131116231285,1.4004921866372066,,,,,,,,,423.46939949989314,5.646258659998575,419.1693994998932,5.588925326665242,,,,,,,,,,,,,,,,,,,"Garrett Whitlock","20191",676477
"Jesús Luzardo","PHI",7,7,,4.4464774604796675,21,20,0,0.593999981880188,,109.30000305175781,458,98,58,54,17,37,0,4,115,9.46935014731781,3.046660482180513,3.108108108108108,1.3998169782991545,0.25109170305676853,0.08078602620087336,0.17030567685589518,0.23501199040767387,1.2351326279110189,0.28421052631578947,0.6924460431654677,,,4.2094806640813225,1.3998047114361154,,,,,,,,,454.29602251052853,4.156413630614463,434.8760151863098,3.978737447796585,,,,,,,,,,,,,,,,,,,"Jesus Luzardo","19959",666200
"Bobby Miller","LAD",6,5,,4.373831775700935,21,21,0,0.7239999771118164,,107,454,98,56,52,13,38,0,6,97,8.158878504672897,3.196261682242991,2.5526315789473686,1.0934579439252337,0.21365638766519823,0.08370044052863436,0.1299559471365639,0.23902439024390243,1.2710280373831775,0.2833333333333333,0.6791171477079796,,,4.166479778289795,1.393776191469321,,,,,,,,,441.99599990844735,4.1308037374621245,430.89599990844727,4.027065419705115,,,,,,,,,,,,,,,,,,,"Bobby Miller","27483",676272
"Marcus Stroman","NYY",9,8,,4.335766423357664,26,25,0,0,,137,586,135,71,66,17,47,0,5,101,6.635036496350365,3.0875912408759123,2.148936170212766,1.1167883211678833,0.17235494880546076,0.08020477815699659,0.09215017064846417,0.25280898876404495,1.3284671532846715,0.28365384615384615,0.7016434892541088,,,4.443852041063518,1.3798245175217736,,,,,,,,,499.70000000000016,3.647445255474454,510,3.7226277372262775,,,,,,,,,,,,,,,,,,,"Marcus Stroman","13431",573186
"Ryan Walker","SFG",7,4,,2.9032256821887565,66,4,28.31100082397461,5.00540018081665,,71.30000305175781,295,57,25,23,5,22,1,5,87,10.981766710887905,2.7769984786153326,3.9545454545454546,0.631136017867121,0.29491525423728815,0.07457627118644068,0.22033898305084748,0.2126865671641791,1.1079943424778347,0.29545454545454547,0.75,,,2.773772922728031,1.3743890509301673,,,,,,,,,572.4966274261475,8.0294053705799,546.0766201019287,7.6588582991437315,,,,,,,,,,,,,,,,,,,"Ryan Walker","20423",676254
"Luis Severino","OAK",7,8,,4.3841337047968985,26,26,0,0,,143.6999969482422,615,140,76,70,18,46,0,8,122,7.640918742646023,2.8810021488665334,2.652173913043478,1.127348666947774,0.1983739837398374,0.07479674796747968,0.12357723577235771,0.24955436720142601,1.2943632842733699,0.28978622327790976,0.6840796019900497,,,4.224239021351904,1.3730781127720484,,,,,,,,,559.9799774169923,3.8968684015956216,566.4999847412109,3.942240756937891,,,,,,,,,,,,,,,,,,,"Luis Severino","15890",622663
"Tylor Megill","NYM",6,7,,4.37120543504024,24,23,0,0.6718999743461609,,115.30000305175781,500,109,61,56,15,45,0,5,116,9.054639829726211,3.5125757960144783,2.577777777777778,1.1708585986714928,0.232,0.09,0.14200000000000002,0.24222222222222223,1.3356461051511843,0.2946708463949843,0.6992481203007519,,,4.146531790511119,1.3714167318772805,,,,,,,,,470.0076224803925,4.076388638683795,466.1876151561737,4.043257613331576,,,,,,,,,,,,,,,,,,,"Tylor Megill","21318",656731
"Lucas Giolito","BOS",7,8,,4.437140620715518,23,23,0,0.6410999894142151,,121.69999694824219,524,119,65,60,18,44,1,4,124,9.170090616145403,3.2539031218580465,2.8181818181818183,1.3311421862146555,0.2366412213740458,0.08396946564885496,0.15267175572519084,0.25,1.3393591132900546,0.3023952095808383,0.7111756168359942,,,4.234680298091679,1.3681337030097271,,,,,,,,,476.3443773746491,3.9140870116638844,481.0643846988678,3.952870967642339,,,,,,,,,,,,,,,,,,,"Lucas Giolito","15474",608337
"Germán Márquez","COL",6,8,,4.634146469216736,21,21,0,0,,110.69999694824219,476,110,62,57,14,41,1,2,91,7.398374187696895,3.3333334252260736,2.2195121951219514,1.13821141349183,0.19117647058823528,0.0861344537815126,0.10504201680672268,0.2540415704387991,1.3640470114068755,0.2926829268292683,0.6773211567732116,,,4.331791463531431,1.363256416293791,,,,,,,,,413.97997741699214,3.73965662899294,424.49998474121094,3.8346883147583646,,,,,,,,,,,,,,,,,,,"German Marquez","15038",608566
"Andre Pallante","STL",7,7,,3.933162056581474,36,18,0,0.6466000080108643,,116.69999694824219,508,115,55,51,9,46,0,3,85,6.555270094302457,3.547557933387212,1.8478260869565217,0.6940874217496719,0.1673228346456693,0.09055118110236221,0.07677165354330709,0.25054466230936817,1.3796058629839159,0.29041095890410956,0.7142857142857143,,,3.971963946740032,1.355540965116363,,,,,,,,,479.4663774490357,4.108538046163657,492.0863847732544,4.2166786430294465,,,,,,,,,,,,,,,,,,,"Andre Pallante","26108",669467
"Quinn Priester","BOS",7,8,,4.46218487394958,26,23,0,0.6410999894142151,,119,521,122,64,59,13,42,0,6,95,7.184873949579832,3.176470588235294,2.261904761904762,0.9831932773109243,0.18234165067178504,0.08061420345489444,0.1017274472168906,0.25792811839323465,1.3781512605042017,0.29863013698630136,0.6858710562414265,,,4.200093223667946,1.3539029820969226,,,,,,,,,452.0643999576568,3.7988605038458556,474.56439995765686,3.9879361340979567,,,,,,,,,,,,,,,,,,,"Quinn Priester","25977",682990
"Jacob deGrom","TEX",3,2,,3.1334622361577957,12,12,0,0,,51.70000076293945,201,39,19,18,7,11,0,1,68,11.837524003262784,1.9148935887630973,6.181818181818182,1.2185686473946984,0.3383084577114428,0.05472636815920398,0.28358208955223885,0.20634920634920634,0.9671179741227764,0.2807017543859649,0.7711442786069651,,,2.9923985429476954,1.3530717758783999,,,,,,,,,295.08000564575195,5.707543545285141,267.50000381469727,5.1740812353421,,,,,,,,,,,,,,,,,,,"Jacob deGrom","10954",594798
"Robert Gasser","MIL",5,4,,3.949843386143839,18,18,0,0,,95.69999694824219,405,87,45,42,11,28,0,9,89,8.369906223019088,2.6332289240958926,3.1785714285714284,1.0344827916091008,0.21975308641975308,0.0691358024691358,0.1506172839506173,0.23641304347826086,1.2016719296469351,0.2835820895522388,0.7028112449799198,,,3.9606281839695088,1.3513269183780485,,,,,,,,,413.6799774169922,4.322674927991109,402.49998474121094,4.205851594320286,,,,,,,,,,,,,,,,,,,"Robert Gasser","29812",688107
"Daniel Lynch IV","KCR",5,6,,4.5,29,21,0,4.442699909210205,,128,556,134,69,64,17,40,0,4,104,7.3125,2.8125,2.6,1.1953125,0.18705035971223022,0.07194244604316546,0.11510791366906475,0.26171875,1.359375,0.29923273657289,0.6990679094540613,,,4.299292278289795,1.3303839074084494,,,,,,,,,483.4707996368408,3.777115622162819,512.7707996368408,4.006021872162819,,,,,,,,,,,,,,,,,,,"Daniel Lynch IV","21537",663738
"Jhoan Duran","MIN",9,2,,2.3880597317072136,59,0,23.474000930786133,4.691800117492676,,60.29999923706055,248,47,17,16,3,18,3,4,75,11.194029992377564,2.6865671981706156,4.166666666666667,0.4477611996951026,0.3024193548387097,0.07258064516129033,0.22983870967741937,0.2079646017699115,1.0779436288956172,0.2972972972972973,0.7894736842105263,,,2.420211112131291,1.327214073606774,,,,,,,,,507.2571994781494,8.412225636752375,482.6372013092041,8.00393378798874,,,,,,,,,,,,,,,,,,,"Jhoan Duran","21029",661395
"Martín Pérez","CHW",5,7,,4.371626934010383,27,23,0,0,,129.6999969482422,572,140,68,63,15,46,1,5,96,6.66152675658725,3.191981570864724,2.0869565217391304,1.0408635557167578,0.16783216783216784,0.08041958041958042,0.08741258741258742,0.2687140115163148,1.4340786767653109,0.3048780487804878,0.7151515151515152,,,4.369255442673604,1.324210982638032,,,,,,,,,450.2799774169921,3.471703839720828,492.49998474121094,3.7972243356161908,,,,,,,,,,,,,,,,,,,"Martin Perez","6902",527048
"Charlie Morton","BAL",9,8,,4.340254432381745,27,27,0,0,,149.3000030517578,648,139,78,72,20,60,1,14,146,8.801071487885206,3.6168786936514548,2.433333333333333,1.2056262312171515,0.22530864197530864,0.09259259259259259,0.13271604938271606,0.2421602787456446,1.3328867778456286,0.2916666666666667,0.7076023391812866,,,4.439085244574566,1.319300982342066,,,,,,,,,567.4200225830077,3.800535907466126,556.5000152587891,3.7273945337152288,,,,,,,,,,,,,,,,,,,"Charlie Morton","4676",450203
"Brant Hurter","DET",5,7,,4.117108759703396,26,19,0,6.382900238037109,,109.30000305175781,461,106,54,50,14,26,0,8,88,7.246111417077977,2.140896555045766,3.3846153846153846,1.1527904527169508,0.19088937093275488,0.05639913232104121,0.13449023861171366,0.24824355971896955,1.2076852361796628,0.28307692307692306,0.693950177935943,,,4.15458588061861,1.3171206279325918,,,,,,,,,460.5516235351562,4.213646941227139,464.0316162109375,4.245485848625278,,,,,,,,,,,,,,,,,,,"Brant Hurter","30133",676428
"Rhett Lowder","CIN",6,8,,4.768656716417911,28,28,0,0.6014000177383423,,134,573,137,77,71,19,41,0,6,102,6.850746268656716,2.753731343283582,2.4878048780487805,1.2761194029850746,0.17801047120418848,0.07155322862129145,0.10645724258289703,0.26045627376425856,1.328358208955224,0.291358024691358,0.667107001321004,,,4.5396141066480045,1.3150891708617327,,,,,,,,,467.10560007095324,3.485862687096666,488.40560007095337,3.644817910977264,,,,,,,,,,,,,,,,,,,"Rhett Lowder","33876",695076
"Ryan Pepiot","TBR",8,8,,3.8902742155263947,26,24,0,0,,120.30000305175781,504,102,56,52,16,45,0,8,126,9.426433676083187,3.3665834557439953,2.8,1.1970074509311983,0.25,0.08928571428571429,0.1607142857142857,0.2261640798226164,1.2219451061589317,0.2783171521035599,0.7303370786516854,,,4.122423228686238,1.3138152900970321,,,,,,,,,521.2200225830079,4.332668406988805,486.50001525878906,4.044056549603557,,,,,,,,,,,,,,,,,,,"Ryan Pepiot","26221",686752
"Noah Cameron","KCR",5,7,,4.3641352852856,23,23,0,0,,109.30000305175781,471,111,57,53,15,32,0,4,94,7.7401644682423845,2.6349496062101734,2.9375,1.2351326279110189,0.19957537154989385,0.06794055201698514,0.13163481953290873,0.25517241379310346,1.308325672527968,0.294478527607362,0.7049180327868853,,,4.21862979465844,1.312391853633964,,,,,,,,,415.7200225830078,3.8034767701346555,431.50001525878906,3.9478499836313543,,,,,,,,,,,,,,,,,,,"Noah Cameron","30184",702070
"Ryne Nelson","ARI",8,7,,4.070351669621482,26,24,0,0.6502000093460083,,139.3000030517578,588,139,68,63,19,38,1,5,111,7.171571989333088,2.4551327531050213,2.9210526315789473,1.2275663765525107,0.18877551020408162,0.06462585034013606,0.12414965986394556,0.25504587155963304,1.2706388809929494,0.2891566265060241,0.7247340425531915,,,4.272007392261062,1.309084945150769,,,,,,,,,531.3208226203917,3.814219748602418,545.1008152961731,3.9131428812218862,,,,,,,,,,,,,,,,,,,"Ryne Nelson","26253",669194
"Alec Marsh","KCR",8,10,,4.546172169485528,27,25,0,0.6407999992370605,,126.69999694824219,551,120,69,64,17,48,1,10,122,8.666140698081788,3.409629127114146,2.5416666666666665,1.2075769825195934,0.22141560798548093,0.08711433756805807,0.13430127041742285,0.2434077079107505,1.3259668827666125,0.2909604519774011,0.6865464632454924,,,4.358271440776453,1.3034134437550051,,,,,,,,,489.0431774139405,3.859851532701441,485.0631847381592,3.8284388036434667,,,,,,,,,,,,,,,,,,,"Alec Marsh","27451",679525
"Nick Lodolo","CIN",6,7,,4.673076923076923,20,20,0,0,,104,451,94,58,54,14,36,0,17,112,9.692307692307692,3.1153846153846154,3.111111111111111,1.2115384615384615,0.24833702882483372,0.07982261640798226,0.16851441241685144,0.23618090452261306,1.25,0.29411764705882354,0.6521739130434783,,,4.291479778289795,1.3018407495797704,,,,,,,,,418,4.019230769230769,403,3.875,,,,,,,,,,,,,,,,,,,"Nick Lodolo","26378",666157
"Tyler Mahle","TEX",5,6,,4.211597020826306,19,19,0,0,,98.30000305175781,408,87,50,46,13,32,0,3,92,8.423194041652613,2.9298066231835174,2.875,1.1902339406683038,0.22549019607843138,0.0784313725490196,0.14705882352941177,0.23324396782841822,1.2105798199959672,0.27611940298507465,0.6845238095238095,,,4.082044348034644,1.2977043736198168,,,,,,,,,420.3200225830078,4.275890229237298,401.50001525878906,4.084435430255151,,,,,,,,,,,,,,,,,,,"Tyler Mahle","16358",641816
"Ben Brown","CHC",5,4,,3.725743708019826,20,15,0,0.6420999765396118,,77.30000305175781,325,66,35,32,8,29,0,3,82,9.547218251800803,3.376455235392967,2.8275862068965516,0.9314359270049565,0.2523076923076923,0.08923076923076922,0.16307692307692306,0.22525597269624573,1.2289779592426509,0.2857142857142857,0.7159904534606205,,,3.6321977417922735,1.2967483023364343,,,,,,,,,372.5884224891663,4.820031148507097,353.0684151649475,4.5675084246574125,,,,,,,,,,,,,,,,,,,"Ben Brown","23590",676962
"Jameson Taillon","CHC",9,8,,4.167242658724363,26,26,0,0,,144.6999969482422,604,144,72,67,22,35,0,4,115,7.152729936616444,2.176917806796309,3.2857142857142856,1.368348335700537,0.19039735099337748,0.057947019867549666,0.13245033112582782,0.25486725663716814,1.237042182274728,0.2850467289719626,0.7219973009446694,,,4.3620568594826885,1.2898875250926598,,,,,,,,,538.7799774169923,3.723427704077346,550.4999847412109,3.8044229188071066,,,,,,,,,,,,,,,,,,,"Jameson Taillon","11674",592791
"Thomas Pannone","MIL",8,8,,4.209677419354839,24,24,0,0,,124,529,129,63,58,18,29,0,4,97,7.040322580645161,2.1048387096774195,3.3448275862068964,1.3064516129032258,0.1833648393194707,0.054820415879017016,0.1285444234404537,0.2600806451612903,1.2741935483870968,0.29133858267716534,0.7153614457831324,,,4.287447520225279,1.2872505156334328,,,,,,,,,455.7999999999999,3.6758064516129023,481,3.879032258064516,,,,,,,,,,,,,,,,,,,"Thomas Pannone","17281",623381
"Graham Ashcraft","CIN",6,7,,4.7277938340791,19,19,3.2160000801086426,4.013000011444092,,104.69999694824219,456,106,59,55,12,37,0,7,84,7.220630582957171,3.1805158520168493,2.27027027027027,1.0315186547081672,0.18421052631578946,0.08114035087719298,0.10307017543859648,0.25728155339805825,1.365807107622851,0.2974683544303797,0.6656101426307448,,,4.312611616854426,1.286321579259559,,,,,,,,,419.71197786331174,4.008710507133958,435.6319851875305,4.160764067671201,,,,,,,,,,,,,,,,,,,"Graham Ashcraft","27552",668933
"Simeon Woods Richardson","MIN",5,6,,4.335664438472399,28,27,0,0,,128.6999969482422,554,125,67,62,16,50,0,3,111,7.76223794629736,3.4965035794132255,2.22,1.118881145412232,0.2003610108303249,0.09025270758122744,0.11010830324909746,0.249500998003992,1.359751391994032,0.2914438502673797,0.7077326343381389,,,4.293130931656279,1.2863090570394278,,,,,,,,,493.5799774169923,3.835120350589361,498.49998474121094,3.873348846633516,,,,,,,,,,,,,,,,,,,"Simeon Woods Richardson","24494",680573
"Ty Madden","DET",4,5,,4.339285714285714,25,22,0,0.580299973487854,,112,486,108,58,54,14,42,0,4,99,7.955357142857143,3.375,2.357142857142857,1.125,0.2037037037037037,0.08641975308641975,0.11728395061728394,0.24545454545454545,1.3392857142857142,0.2874617737003058,0.705521472392638,,,4.2557654925755095,1.269134598655165,,,,,,,,,438.12119989395154,3.911796427624567,440.3211998939514,3.9314392847674235,,,,,,,,,,,,,,,,,,,"Ty Madden","30140",680744
"Braxton Ashcraft","PIT",3,2,,4.014870040302491,20,19,0,0,,80.69999694824219,340,83,39,36,10,17,0,2,66,7.3605950738879,1.8959108523650652,3.8823529411764706,1.115241677861803,0.19411764705882353,0.05,0.14411764705882352,0.2585669781931464,1.239157419846448,0.2979591836734694,0.7093023255813954,,,3.8480163592053414,1.2605804918924617,,,,,,,,,333.3799774169922,4.131102726445071,348.49998474121094,4.318463419084454,,,,,,,,,,,,,,,,,,,"Braxton Ashcraft","23793",677952
"Brandon Sproat","NYM",6,7,,4.2526520055743875,24,23,0,0,,103.69999694824219,447,98,53,49,12,39,0,3,91,7.89778229606672,3.384763841171451,2.3333333333333335,1.0414657972835235,0.203579418344519,0.087248322147651,0.116331096196868,0.2419753086419753,1.321118650257803,0.2847682119205298,0.6988352745424292,,,4.130799960959724,1.252044584667085,,,,,,,,,420.9799774169922,4.059594887231365,418.49998474121094,4.035679817330071,,,,,,,,,,,,,,,,,,,"Brandon Sproat","33850",687075
"Richard Fitts","BOS",7,7,,4.4751382293373165,25,25,0,0.6410999894142151,,126.69999694824219,544,133,68,63,17,36,0,4,95,6.7482243140800815,2.5572218453356097,2.638888888888889,1.2075769825195934,0.17463235294117646,0.0661764705882353,0.10845588235294117,0.2638888888888889,1.3338595427830804,0.29591836734693877,0.6955922865013775,,,4.358271440776453,1.248213665064661,,,,,,,,,455.2443773746491,3.593089095026731,485.0643846988678,3.828448274525373,,,,,,,,,,,,,,,,,,,"Richard Fitts","30160",690916
"Joe Rock","TBR",7,8,,4.152744730892372,24,21,0,0,,125.69999694824219,542,126,63,58,16,38,0,6,105,7.5178999438568805,2.720763789205347,2.763157894736842,1.14558475334962,0.1937269372693727,0.07011070110701106,0.12361623616236164,0.25301204819277107,1.3046937468704005,0.2917771883289125,0.7132768361581922,,,4.2006882361748685,1.2450909417435667,,,,,,,,,483.7799774169922,3.8486872646161787,498.49998474121094,3.9657915421149266,,,,,,,,,,,,,,,,,,,"Joe Rock","30016",697812
"Merrill Kelly","ARI",7,6,,3.8686130429353605,22,22,0,0,,123.30000305175781,515,120,57,53,17,36,1,2,102,7.445255290177486,2.6277371612391125,2.8333333333333335,1.2408758816962477,0.19805825242718447,0.06990291262135923,0.12815533980582525,0.25157232704402516,1.2652067813373504,0.2877094972067039,0.7488653555219366,,,4.228929062617954,1.239873460145154,,,,,,,,,481.3200225830077,3.903649721573513,485.50001525878906,3.9375507156718403,,,,,,,,,,,,,,,,,,,"Merrill Kelly","11156",518876
"Kris Bubic","KCR",5,4,,4.0344827586206895,33,15,0,0.6407999992370605,,87,374,82,42,39,10,31,2,3,86,8.89655172413793,3.206896551724138,2.774193548387097,1.0344827586206897,0.22994652406417113,0.08288770053475936,0.14705882352941177,0.2411764705882353,1.2988505747126438,0.29508196721311475,0.7171717171717171,,,3.8561349507035882,1.2351529601608466,,,,,,,,,380.16319999694826,4.369691953987911,377.56319999694824,4.339806896516646,,,,,,,,,,,,,,,,,,,"Kris Bubic","21455",663460
"Robbie Ray","SFG",7,6,,3.7877400589271244,22,21,0,0,,109.30000305175781,453,98,50,46,17,33,0,4,117,9.634034497705947,2.717291781404241,3.5454545454545454,1.3998169782991545,0.2582781456953642,0.0728476821192053,0.18543046357615894,0.23557692307692307,1.198536105602544,0.2872340425531915,0.7555970149253731,,,4.063094574847423,1.2328638177384101,,,,,,,,,467.9200225830078,4.281061386260249,448.50001525878906,4.103385203442372,,,,,,,,,,,,,,,,,,,"Robbie Ray","11486",592662
"Shohei Ohtani","LAD",7,4,,3.7686938035778588,18,18,0,0,,100.30000305175781,409,76,45,42,14,39,0,8,108,9.690926923485923,3.4995013890365834,2.769230769230769,1.2562312678592862,0.26405867970660146,0.09535452322738386,0.1687041564792176,0.20994475138121546,1.146560284157285,0.25833333333333336,0.7337526205450733,,,4.233279347027443,1.2315062134148513,,,,,,,,,447.42002258300784,4.460817636786368,394.50001525878906,3.9332004312623523,,,,,,,,,,,,,,,,,,,"Shohei Ohtani","19755",660271
"Jose Quintana","MIL",9,7,,4.05228767150763,27,26,0,0,,137.6999969482422,596,135,67,62,17,54,0,5,113,7.385621078715518,3.5294118429259997,2.0925925925925926,1.1111111357359629,0.18959731543624161,0.09060402684563758,0.09899328859060404,0.25139664804469275,1.3725490500267776,0.28992628992628994,0.738498789346247,,,4.415572035457021,1.2210031366080556,,,,,,,,,507.87997741699235,3.6883078334990165,516.4999847412109,3.7509077428327737,,,,,,,,,,,,,,,,,,,"Jose Quintana","11423",500779
"Landon Knack","LAD",6,6,,4.388224594220779,25,21,0,0.7239999771118164,,108.69999694824219,461,103,57,53,16,36,0,3,101,8.36246573615658,2.98068085645185,2.8055555555555554,1.3247470473119334,0.21908893709327548,0.07809110629067245,0.14099783080260303,0.24407582938388625,1.2787488859469356,0.28524590163934427,0.7032590051457976,,,4.298034547868738,1.2161337751261938,,,,,,,,,427.67597732543953,3.934461723389732,423.3959846496582,3.895087364641412,,,,,,,,,,,,,,,,,,,"Landon Knack","27487",689017
"Lance McCullers Jr.","HOU",5,4,,3.5912939656560994,15,15,0,0.652999997138977,,82.69999694824219,352,71,36,33,8,35,0,5,82,8.923821369206065,3.8089481453928324,2.342857142857143,0.8706167189469332,0.23295454545454544,0.09943181818181818,0.13352272727272727,0.22756410256410256,1.2817412806718738,0.28378378378378377,0.7383966244725738,,,3.891993710745573,1.2142815542552297,,,,,,,,,375.59197740554816,4.541620208772347,356.11198472976685,4.306070107265416,,,,,,,,,,,,,,,,,,,"Lance McCullers Jr.","14120",621121
"Tyler Stuart","WSN",5,6,,4.388224594220779,23,23,0,0,,108.69999694824219,470,110,57,53,14,34,0,6,88,7.286108760215633,2.815087475537858,2.588235294117647,1.1591536663979416,0.18723404255319148,0.07234042553191489,0.1148936170212766,0.2558139534883721,1.3247470473119334,0.2926829268292683,0.6993569131832797,,,4.325633444687737,1.2044066547952836,,,,,,,,,402.1799774169922,3.6999078997995865,417.49998474121094,3.8408463336020584,,,,,,,,,,,,,,,,,,,"Tyler Stuart","sa3020264",701603
"Matt Waldron","SDP",8,9,,4.6203903535769175,27,25,0,0.6158000230789185,,138.3000030517578,591,137,77,71,20,41,0,7,115,7.483730854385147,2.6681127393894872,2.8048780487804876,1.3015184094582866,0.19458544839255498,0.06937394247038917,0.12521150592216582,0.2523020257826888,1.2870570937976389,0.2867647058823529,0.6733333333333333,,,4.424614240766139,1.1988043501615475,,,,,,,,,509.6832226753234,3.6853449850220033,519.9632153511047,3.759676094558813,,,,,,,,,,,,,,,,,,,"Matt Waldron","25550",663362
"Spencer Arrighetti","HOU",8,8,,4.240837793133956,28,25,0,0,,133.6999969482422,580,118,68,63,19,60,0,8,145,9.760658412768628,4.038893136318053,2.4166666666666665,1.2789828265007168,0.25,0.10344827586206896,0.14655172413793105,0.23046875,1.331338848638173,0.28448275862068967,0.726552179656539,,,4.370668287451289,1.1969490404121557,,,,,,,,,534.8799774169922,4.000598276932306,507.49998474121094,3.7958114908385063,,,,,,,,,,,,,,,,,,,"Spencer Arrighetti","29921",681293
"Hayden Birdsong","SFG",7,8,,4.230769230769231,28,27,0,0.6378999948501587,,117,502,101,59,55,14,51,0,9,123,9.461538461538462,3.923076923076923,2.411764705882353,1.0769230769230769,0.2450199203187251,0.10159362549800798,0.14342629482071712,0.22850678733031674,1.2991452991452992,0.28524590163934427,0.702416918429003,,,4.157932769742787,1.1920117913404336,,,,,,,,,499.55159997940075,4.269671794695733,471.55159997940063,4.030355555379493,,,,,,,,,,,,,,,,,,,"Hayden Birdsong","31635",806185
"Trystan Vrieling","NYY",9,10,,4.578587805411853,25,23,0,0,,131.6999969482422,574,135,72,67,19,42,0,3,101,6.902050273829809,2.8701595198104157,2.4047619047619047,1.2984054970570928,0.1759581881533101,0.07317073170731707,0.10278745644599303,0.2551984877126654,1.343963584673131,0.28361858190709044,0.6981382978723404,,,4.533222406770945,1.1861453146142509,,,,,,,,,456.87997741699223,3.4690963401961588,478.49998474121094,3.63325737151885,,,,,,,,,,,,,,,,,,,"Trystan Vrieling","sa3020681",801639
"Steven Zobac","KCR",7,9,,4.5,23,21,0,0,,108,470,112,58,54,14,32,1,4,84,7,2.6666666666666665,2.625,1.1666666666666667,0.17872340425531916,0.06808510638297872,0.11063829787234043,0.25806451612903225,1.3333333333333333,0.2916666666666667,0.6913183279742765,,,4.296109407919425,1.182740008647561,,,,,,,,,395.8,3.664814814814815,418,3.8703703703703702,,,,,,,,,,,,,,,,,,,"Steven Zobac","sa3020875",686632
"Erick Fedde","STL",8,9,,4.27972027972028,26,26,0,0,,143,611,144,74,68,22,45,1,3,126,7.93006993006993,2.832167832167832,2.8,1.3846153846153846,0.20621931260229132,0.07364975450081833,0.13256955810147297,0.2557726465364121,1.3216783216783217,0.29397590361445786,0.7269279393173199,,,4.41123502304504,1.179973768222927,,,,,,,,,521.2,3.644755244755245,537,3.7552447552447554,,,,,,,,,,,,,,,,,,,"Erick Fedde","17425",607200
"Justin Verlander","SFG",7,8,,4.076923076923077,21,21,0,0,,117,494,118,57,53,14,34,0,4,89,6.846153846153846,2.6153846153846154,2.6176470588235294,1.0769230769230769,0.18016194331983806,0.06882591093117409,0.11133603238866398,0.25877192982456143,1.2991452991452992,0.29461756373937675,0.7175226586102719,,,4.175026786836804,1.1785951573625006,,,,,,,,,450.8000000000001,3.852991452991454,467,3.9914529914529915,,,,,,,,,,,,,,,,,,,"Justin Verlander","8700",434378
"Bailey Falter","PIT",6,8,,4.357142857142857,27,25,0,0.6169999837875366,,126,534,129,66,61,17,37,0,3,93,6.642857142857143,2.642857142857143,2.5135135135135136,1.2142857142857142,0.17415730337078653,0.06928838951310862,0.10486891385767791,0.2611336032388664,1.3174603174603174,0.2916666666666667,0.7032348804500704,,,4.396638508448525,1.1730892380429745,,,,,,,,,456.3679999351502,3.6219682534535727,477.46799993515015,3.78942857091389,,,,,,,,,,,,,,,,,,,"Bailey Falter","20070",663559
"Andrew Morris","MIN",7,8,,4.318766179775737,25,23,0,0,,116.69999694824219,497,121,61,56,15,32,0,3,85,6.555270094302457,2.467866388443278,2.65625,1.1568123695827865,0.1710261569416499,0.06438631790744467,0.10663983903420524,0.2619047619047619,1.3110540188604913,0.292817679558011,0.696969696969697,,,4.280447245295441,1.1718534143715342,,,,,,,,,429.47997741699226,3.680205558252685,453.49998474121094,3.8860325329943537,,,,,,,,,,,,,,,,,,,"Andrew Morris","31891",702193
"Logan Allen","CLE",8,9,,4.173522907528655,27,26,0,0,,133.6999969482422,576,130,67,62,18,49,0,5,117,7.875841615820203,3.298429394659743,2.3877551020408165,1.2116679408954159,0.203125,0.08506944444444445,0.11805555555555555,0.24904214559386972,1.3388182803720954,0.28940568475452194,0.7282184655396619,,,4.378147719185211,1.1692777393088154,,,,,,,,,501.97997741699226,3.7545249728862617,506.49998474121094,3.788332059104584,,,,,,,,,,,,,,,,,,,"Logan Allen","27589",671106
"José Suarez","ATL",5,4,,4.16238424766096,27,14,0,0.6258999705314636,,97.30000305175781,423,93,49,45,11,37,1,4,94,8.694758206225115,3.4224048258545667,2.5405405405405403,1.01747170498379,0.2222222222222222,0.08747044917257683,0.13475177304964536,0.24345549738219896,1.3360739560393202,0.296028880866426,0.7068062827225131,,,3.968124151913387,1.1629110915991885,,,,,,,,,410.42362246513375,4.218125483992152,411.0036151409149,4.224086354059881,,,,,,,,,,,,,,,,,,,"Jose Suarez","19911",660761
"Kyle Wright","KCR",6,7,,4.244372851524137,17,17,0,0.6407999992370605,,93.30000305175781,402,90,48,44,10,32,0,7,76,7.331189470814419,3.0868166192902815,2.375,0.964630193528213,0.1890547263681592,0.07960199004975124,0.10945273631840796,0.24793388429752067,1.3076098178937998,0.2888086642599278,0.6851851851851852,,,4.184700538125131,1.1559780862209112,,,,,,,,,370.9832225799561,3.9762401977002573,374.0632152557373,4.009251908043638,,,,,,,,,,,,,,,,,,,"Kyle Wright","19665",657140
"Casey Mize","DET",4,4,,4.301780816569758,23,21,0,0,,106.69999694824219,453,103,55,51,14,32,0,6,87,7.338331981207235,2.699156590788868,2.71875,1.1808810084701298,0.19205298013245034,0.0706401766004415,0.12141280353200884,0.24819277108433735,1.2652296519322819,0.28343949044585987,0.6932409012131715,,,4.309872500776747,1.1528757365167854,,,,,,,,,409.5799774169922,3.838612831598022,411.49998474121094,3.856607277513049,,,,,,,,,,,,,,,,,,,"Casey Mize","20492",663554
"Mason Miller","OAK",3,2,,2.7142857142857144,56,0,29.868999481201172,2.065500020980835,,63,249,42,21,19,6,21,1,3,91,13,3,4.333333333333333,0.8571428571428571,0.3654618473895582,0.08433734939759036,0.28112449799196787,0.18666666666666668,1,0.28125,0.7692307692307692,,,2.658543270353287,1.1520699870713336,,,,,,,,,550.8069974899292,8.742968214125861,504.6069974899292,8.009634880792527,,,,,,,,,,,,,,,,,,,"Mason Miller","31757",695243
"Jake Irvin","WSN",8,10,,4.606525821765827,29,29,0,0,,156.3000030517578,664,153,86,80,24,51,1,8,127,7.312859742053251,2.936660211375715,2.4901960784313726,1.3819577465297483,0.19126506024096385,0.07680722891566265,0.1144578313253012,0.2528925619834711,1.3051823161669844,0.2841409691629956,0.6924882629107981,,,4.669998622893919,1.144468270114136,,,,,,,,,540.6200225830078,3.4588612413781252,546.5000152587891,3.496481155395876,,,,,,,,,,,,,,,,,,,"Jake Irvin","21504",663623
"Cody Bradford","TEX",6,6,,4.258064516129032,21,17,0,0.6265000104904175,,93,384,90,48,44,14,20,0,3,81,7.838709677419355,1.935483870967742,4.05,1.3548387096774193,0.2109375,0.052083333333333336,0.15885416666666666,0.24930747922437674,1.1827956989247312,0.2857142857142857,0.6858407079646017,,,4.123469025601623,1.141996771821536,,,,,,,,,377.50600004196167,4.05920430152647,378.50600004196167,4.069956989698513,,,,,,,,,,,,,,,,,,,"Cody Bradford","27597",674003
"Tyler Holton","DET",5,3,,3.3493396131887954,58,7,6.926000118255615,9.552499771118164,,83.30000305175781,331,69,34,31,8,21,1,3,72,7.7791113596643,2.2689074799020874,3.4285714285714284,0.8643457066293666,0.2175226586102719,0.0634441087613293,0.1540785498489426,0.2247557003257329,1.0804321332867082,0.2687224669603524,0.7106598984771574,,,3.5506334256806245,1.1416151294539,,,,,,,,,483.4600222587586,5.803841591198556,457.3400149345398,5.490276088589998,,,,,,,,,,,,,,,,,,,"Tyler Holton","26231",663947
"Caleb Boushley","TEX",6,6,,4.6923076923076925,24,22,0,0.6265000104904175,,117,499,123,66,61,16,30,0,3,83,6.384615384615385,2.3076923076923075,2.7666666666666666,1.2307692307692308,0.16633266533066132,0.06012024048096192,0.1062124248496994,0.26394849785407726,1.3076923076923077,0.29155313351498635,0.666156202143951,,,4.371607983418,1.1413072324240328,,,,,,,,,418.7060000419619,3.5786837610424094,446.50600004196167,3.8162905986492452,,,,,,,,,,,,,,,,,,,"Caleb Boushley","19736",676961
"Gregory Santos","SEA",2,1,,2.539682505509277,52,0,5.23799991607666,12.816800117492676,,56.70000076293945,242,50,17,16,2,16,1,4,62,9.841269708848449,2.539682505509277,3.875,0.31746031318865964,0.256198347107438,0.06611570247933884,0.19008264462809915,0.22522522522522523,1.1640211483584186,0.3037974683544304,0.7753164556962024,,,2.4962857837804027,1.141199919289,,,,,,,,,406.43720569610593,7.16820458954497,398.95720386505127,7.036282160437284,,,,,,,,,,,,,,,,,,,"Gregory Santos","21894",666619
"Cade Smith","CLE",5,3,,2.9246677832404395,63,0,2.2829999923706055,14.10770034790039,,67.69999694824219,280,51,24,22,5,24,0,5,87,11.565731688269011,3.190546672625934,3.625,0.6646972234637363,0.3107142857142857,0.08571428571428572,0.225,0.20318725099601595,1.1078287057728937,0.2893081761006289,0.75,,,2.8415166912630796,1.1375504030962205,,,,,,,,,461.7257787704467,6.8201742922299395,428.3457860946655,6.327116771100348,,,,,,,,,,,,,,,,,,,"Cade Smith","27867",671922
"Will Dion","CLE",4,4,,4.193848902156466,26,23,0,0,,107.30000305175781,461,105,54,50,13,38,0,2,89,7.465051045838511,3.1873251656389145,2.3421052631578947,1.0904007145606813,0.19305856832971802,0.0824295010845987,0.11062906724511931,0.2494061757719715,1.3327119844630548,0.2884012539184953,0.7131410256410257,,,4.20096250748839,1.1348021854648247,,,,,,,,,419.1200225830079,3.9060578812923135,425.50001525878906,3.965517270801405,,,,,,,,,,,,,,,,,,,"Will Dion","30061",702021
"Griffin Jax","MIN",7,5,,3.1923600308006868,60,3,8.04800033569336,11.008299827575684,,73.30000305175781,295,59,28,26,8,20,1,3,87,10.682127795371528,2.4556615621543743,4.35,0.9822646248617497,0.29491525423728815,0.06779661016949153,0.22711864406779664,0.21691176470588236,1.0777625745010866,0.288135593220339,0.752212389380531,,,3.1528372140556042,1.1307672312470953,,,,,,,,,479.8932235717774,6.546974128130941,451.7732162475586,6.163345121944365,,,,,,,,,,,,,,,,,,,"Griffin Jax","20253",643377
"Mike Vasil","CHW",6,9,,4.65,26,24,0,0,,120,526,125,67,62,15,40,0,8,92,6.9,3,2.3,1.125,0.17490494296577946,0.07604562737642585,0.09885931558935361,0.2615062761506276,1.375,0.29649595687331537,0.6805555555555556,,,4.458146444956462,1.1278104618028604,,,,,,,,,418.5,3.4875,445,3.7083333333333335,,,,,,,,,,,,,,,,,,,"Mike Vasil","30105",678024
"José Alvarado","PHI",4,2,,3.015872975292267,61,0,5.285999774932861,12.03909969329834,,56.70000076293945,235,43,21,19,3,24,2,1,70,11.111110961603087,3.8095237582639156,2.9166666666666665,0.47619046978298946,0.2978723404255319,0.10212765957446808,0.19574468085106383,0.20476190476190476,1.1816578324244553,0.291970802919708,0.7324840764331211,,,2.707925992572842,1.1271102421489272,,,,,,,,,410.46640329360963,7.2392662746117775,384.08640146255493,6.774010516655998,,,,,,,,,,,,,,,,,,,"Jose Alvarado","17780",621237
"Thomas Harrington","PIT",5,6,,4.390244023468487,23,22,0,0,,110.69999694824219,474,113,58,54,15,31,0,5,87,7.073170926699229,2.520325272731909,2.806451612903226,1.2195122287412463,0.18354430379746836,0.06540084388185655,0.11814345991561181,0.2579908675799087,1.3008130439906629,0.2916666666666667,0.6991869918699187,,,4.331791463531431,1.1185557096805958,,,,,,,,,406.8799774169922,3.6755193191850677,424.49998474121094,3.8346883147583646,,,,,,,,,,,,,,,,,,,"Thomas Harrington","31989",802419
"Kyle Harrison","SFG",6,6,,4.241645355136884,24,24,0,0.6378999948501587,,116.69999694824219,503,109,59,55,16,43,0,8,119,9.17737813202344,3.316195459470655,2.7674418604651163,1.233933194221639,0.23658051689860835,0.08548707753479125,0.15109343936381708,0.2411504424778761,1.3024850383450632,0.29337539432176657,0.7175925925925927,,,4.220464381687445,1.1134730592537352,,,,,,,,,470.9315773963929,4.035403510809487,463.0515847206116,3.9678800071090006,,,,,,,,,,,,,,,,,,,"Kyle Harrison","27758",690986
"José Soriano","LAA",6,5,,3.971915868819712,31,15,0,0,,99.69999694824219,431,85,48,44,9,45,2,12,100,9.0270815200448,4.06218668402016,2.2222222222222223,0.812437336804032,0.23201856148491878,0.10440835266821345,0.12761020881670532,0.22727272727272727,1.3039117751175822,0.28679245283018867,0.6984667802385008,,,4.04912774913862,1.1120540298797,,,,,,,,,435.07997741699216,4.363891582091599,410.49998474121094,4.117352029151175,,,,,,,,,,,,,,,,,,,"Jose Soriano","22100",667755
"Johan Oviedo","PIT",6,8,,4.266180610933,24,20,0,0.6169999837875366,,109.69999694824219,473,102,56,52,13,44,0,8,100,8.20419348256346,3.6098451323279224,2.272727272727273,1.06654515273325,0.21141649048625794,0.09302325581395349,0.11839323467230445,0.24228028503562946,1.3309024982825168,0.288961038961039,0.7042253521126761,,,4.305951095312498,1.1077974999915527,,,,,,,,,433.1479773521424,3.948477569753324,425.9679846763611,3.883026404069437,,,,,,,,,,,,,,,,,,,"Johan Oviedo","22487",670912
"Tanner Scott","LAD",9,4,,3.075779949680008,68,0,25.200000762939453,7.718800067901611,,67.30000305175781,281,50,25,23,4,30,3,4,83,11.099553731453941,4.0118868908869665,2.7666666666666666,0.5349182521182622,0.29537366548042704,0.10676156583629894,0.18861209964412812,0.20242914979757085,1.1887072269294716,0.2875,0.7392473118279569,,,2.9881736942503743,1.1047713496612002,,,,,,,,,539.6952266693115,8.019245203514373,505.3752193450928,7.509289694332233,,,,,,,,,,,,,,,,,,,"Tanner Scott","17586",656945
"Jeffrey Springs","OAK",5,4,,3.6566184644939193,22,18,0,0.667900025844574,,76.30000305175781,320,72,34,31,10,22,0,1,76,8.964613009727028,2.5950195554472977,3.4545454545454546,1.1795543433851352,0.2375,0.06875,0.16874999999999998,0.24242424242424243,1.231978980868919,0.2938388625592417,0.75,,,3.7824692687242547,1.0929709167218904,,,,,,,,,340.09162268638613,4.457295007651393,337.17161536216736,4.419024926295852,,,,,,,,,,,,,,,,,,,"Jeffrey Springs","17677",605488
"DJ Herz","WSN",7,8,,4.512534946807463,26,26,0,0.6308000087738037,,107.69999694824219,475,94,58,54,13,58,0,7,115,9.610028127460339,4.846796794719127,1.9827586206896552,1.0863510057129078,0.24210526315789474,0.12210526315789473,0.12000000000000001,0.22926829268292684,1.4113278022936921,0.2872340425531915,0.70254110612855,,,4.410676656627656,1.0913915502197324,,,,,,,,,430.20317745208763,3.994458585350119,407.02318477630615,3.779231163506076,,,,,,,,,,,,,,,,,,,"DJ Herz","26389",687792
"Steven Matz","STL",4,4,,4.1056421064894915,21,16,0,0.6466000080108643,,83.30000305175781,362,85,41,38,9,27,0,3,71,7.671068146335629,2.9171667598741124,2.6296296296296298,0.9723889199580374,0.19613259668508287,0.07458563535911603,0.12154696132596685,0.2560240963855422,1.3445377658679036,0.30158730158730157,0.7142857142857142,,,3.9467918745524178,1.0819596774429128,,,,,,,,,339.30642261505125,4.073306244709569,354.0864152908325,4.250737122672416,,,,,,,,,,,,,,,,,,,"Steven Matz","13361",571927
"Miles Mikolas","STL",7,10,,4.563380281690141,26,26,0,0,,142,602,154,78,72,21,29,0,5,95,6.02112676056338,1.8380281690140845,3.2758620689655173,1.3309859154929577,0.15780730897009967,0.04817275747508306,0.10963455149501661,0.2711267605633803,1.2887323943661972,0.2942477876106195,0.68359375,,,4.469296679698246,1.0793786658386404,,,,,,,,,480.09999999999997,3.3809859154929573,525,3.6971830985915495,,,,,,,,,,,,,,,,,,,"Miles Mikolas","9803",571945
"Christian Scott","NYM",3,4,,4.280487804878049,17,17,0,0,,82,342,75,42,39,11,23,0,4,76,8.341463414634147,2.524390243902439,3.3043478260869565,1.2073170731707317,0.2222222222222222,0.06725146198830409,0.15497076023391812,0.23809523809523808,1.1951219512195121,0.2807017543859649,0.6779661016949153,,,4.0445285587776,1.0783817188988287,,,,,,,,,347.5,4.237804878048781,338,4.121951219512195,,,,,,,,,,,,,,,,,,,"Christian Scott","30107",681035
"Mitch Spence","OAK",7,8,,4.323724957908637,29,23,0,0.667900025844574,,135.3000030517578,582,138,70,65,18,40,0,6,108,7.184035314678966,2.660753820251469,2.7,1.197339219113161,0.18556701030927836,0.06872852233676977,0.11683848797250859,0.2574626865671642,1.3155949444576707,0.2926829268292683,0.706806282722513,,,4.319473100398765,1.0759686842019824,,,,,,,,,501.6916226863862,3.7079941712526683,523.1716153621674,3.8667524283944967,,,,,,,,,,,,,,,,,,,"Mitch Spence","27707",687765
"Frankie Montas","NYM",7,9,,4.646924936835911,26,26,0,0,,131.6999969482422,573,126,74,68,19,54,1,5,125,8.54214142800719,3.690205096899106,2.314814814814815,1.2984054970570928,0.2181500872600349,0.09424083769633508,0.12390924956369982,0.245136186770428,1.3667426284811504,0.2891891891891892,0.6910039113428944,,,4.4876643191549075,1.0723240655734307,,,,,,,,,486.2799774169922,3.6923309695147464,484.49998474121094,3.678815459134888,,,,,,,,,,,,,,,,,,,"Frankie Montas","14309",593423
"Orion Kerkering","PHI",5,3,,3.1993819128862246,65,2,4.229000091552734,10.892200469970703,,64.69999694824219,266,53,25,23,6,18,0,5,75,10.432767107237689,2.5038641057370454,4.166666666666667,0.8346213685790151,0.2819548872180451,0.06766917293233082,0.2142857142857143,0.21810699588477367,1.0973725401687051,0.29012345679012347,0.7348242811501597,,,3.1201119244798496,1.0711875416040508,,,,,,,,,412.8937797546386,6.381666139566277,391.2137870788574,6.046581229235842,,,,,,,,,,,,,,,,,,,"Orion Kerkering","31776",689147
"Kyle Gibson","BAL",7,8,,4.565217391304348,25,25,0,0.6330999732017517,,138,606,143,76,70,19,54,1,5,117,7.630434782608695,3.5217391304347827,2.1666666666666665,1.2391304347826086,0.19306930693069307,0.0891089108910891,0.10396039603960397,0.26142595978062155,1.4275362318840579,0.30170316301703165,0.710093896713615,,,4.5432913724926935,1.0607854347758898,,,,,,,,,475.232399892807,3.4437130427015,502.532399892807,3.641539129658022,,,,,,,,,,,,,,,,,,,"Kyle Gibson","10123",502043
"Carson Whisenhunt","SFG",3,4,,4.235294117647059,25,25,0,0,,102,446,99,52,48,12,39,0,5,94,8.294117647058824,3.4411764705882355,2.41025641025641,1.0588235294117647,0.21076233183856502,0.08744394618834081,0.12331838565022421,0.2462686567164179,1.3529411764705883,0.2939189189189189,0.7095709570957096,,,4.14687193515254,1.059789549860167,,,,,,,,,405.8,3.9784313725490197,410,4.019607843137255,,,,,,,,,,,,,,,,,,,"Carson Whisenhunt","31676",687931
"Chris Paddack","MIN",4,3,,4.302788670238129,15,15,0,0.6255999803543091,,75.30000305175781,325,78,39,36,11,19,0,1,72,8.605577340476257,2.270916242625679,3.789473684210526,1.3147409825727614,0.22153846153846155,0.05846153846153846,0.1630769230769231,0.25573770491803277,1.2881805586824027,0.30180180180180183,0.7107843137254902,,,3.95001228305538,1.0550463836541955,,,,,,,,,305.622422504425,4.058730546057933,320.0024151802063,4.249699896562436,,,,,,,,,,,,,,,,,,,"Chris Paddack","20099",663978
"Kyle Hart","SDP",7,8,,4.558710560920333,23,23,0,0.6158000230789185,,130.3000030517578,553,127,71,66,23,34,0,10,129,8.910207005435197,2.348426652595323,3.7941176470588234,1.588641559108601,0.2332730560578662,0.06148282097649186,0.17179023508137434,0.24950884086444008,1.2356101015289118,0.2913165266106443,0.6987577639751552,,,4.494185042665583,1.0507127698356895,,,,,,,,,479.5832226753235,3.680607915909436,480.96321535110474,3.6911988034264,,,,,,,,,,,,,,,,,,,"Kyle Hart","19646",606996
"Grant Holmes","ATL",4,3,,3.8144328563490806,40,7,0,0.6258999705314636,,87.30000305175781,372,81,40,37,9,30,2,4,87,8.969071851415405,3.092783397039795,2.9,0.9278350191119386,0.23387096774193547,0.08064516129032258,0.15322580645161288,0.23964497041420119,1.2714776187830268,0.2975206611570248,0.7215447154471545,,,3.6819436777964274,1.049438730271963,,,,,,,,,399.22362246513364,4.573008115800921,394.0036151409149,4.513214219561033,,,,,,,,,,,,,,,,,,,"Grant Holmes","16944",656550
"Aaron Civale","MIL",7,7,,4.358033651506506,26,26,0,0.6028000116348267,,136.3000030517578,575,130,71,66,22,42,0,6,122,8.055759173996874,2.7732941418677766,2.9047619047619047,1.452677883835502,0.21217391304347827,0.07304347826086957,0.1391304347826087,0.24667931688804554,1.261922202119729,0.2819843342036554,0.7152974504249292,,,4.531116578256479,1.044666280324928,,,,,,,,,502.4312226295473,3.686215784153408,497.91121530532837,3.653053588826805,,,,,,,,,,,,,,,,,,,"Aaron Civale","19479",650644
"Jeff Hoffman","TOR",5,2,,2.6688632283989944,61,0,27.309999465942383,3.4577999114990234,,60.70000076293945,240,43,19,18,5,20,1,3,75,11.120263451662476,2.9654035871099937,3.75,0.7413508967774984,0.3125,0.08333333333333333,0.22916666666666669,0.19815668202764977,1.0378912554884978,0.2773722627737226,0.7857142857142857,,,2.9028883483244625,1.0350532053603634,,,,,,,,,507.26120262146,8.356856610307815,469.8812007904053,7.741041101885661,,,,,,,,,,,,,,,,,,,"Jeff Hoffman","17432",656546
"Alek Manoah","TOR",6,6,,4.16238424766096,19,19,0,0.6585999727249146,,97.30000305175781,413,85,49,45,12,37,0,9,90,8.32476849532192,3.4224048258545667,2.4324324324324325,1.109969132709589,0.2179176755447942,0.08958837772397095,0.12832929782082325,0.23160762942779292,1.2538540202830544,0.27547169811320754,0.6939163498098859,,,4.338113862816583,1.0344764430445859,,,,,,,,,396.0544224739075,4.0704461464737065,375.1344151496887,3.855440939196472,,,,,,,,,,,,,,,,,,,"Alek Manoah","26410",666201
"Randy Vásquez","SDP",8,8,,4.322834645669292,27,26,0,0.6158000230789185,,127,554,128,66,61,16,42,0,9,97,6.874015748031496,2.9763779527559056,2.3095238095238093,1.1338582677165354,0.17509025270758122,0.07581227436823104,0.09927797833935018,0.2544731610337972,1.3385826771653544,0.28717948717948716,0.7046070460704608,,,4.481440408211055,1.0298674295918249,,,,,,,,,453.6632000923159,3.572151181829259,470.4632000923157,3.7044346463961864,,,,,,,,,,,,,,,,,,,"Randy Vasquez","24719",681190
"Keider Montero","DET",7,8,,4.465116279069767,28,26,0,0.580299973487854,,129,559,126,69,64,18,47,0,8,109,7.604651162790698,3.2790697674418605,2.3191489361702127,1.255813953488372,0.19499105545617174,0.08407871198568873,0.11091234347048301,0.25,1.3410852713178294,0.2864721485411141,0.7036535859269283,,,4.569580553483593,1.02786027987584,,,,,,,,,460.9211998939513,3.573032557317452,466.3211998939514,3.614893022433732,,,,,,,,,,,,,,,,,,,"Keider Montero","22630",672456
"Justin Wrobleski","LAD",6,6,,4.607237298674559,25,22,0,0.7239999771118164,,113.30000305175781,488,112,63,58,17,39,0,3,98,7.784642332243221,3.097969907729445,2.5128205128205128,1.3503971392666811,0.20081967213114754,0.07991803278688525,0.12090163934426229,0.25112107623318386,1.3327448890801887,0.28700906344410876,0.6918238993710691,,,4.499224667369984,1.0275443206444217,,,,,,,,,411.016022491455,3.6276788298381093,418.3960151672363,3.6928155683817967,,,,,,,,,,,,,,,,,,,"Justin Wrobleski","31204",680736
"Sawyer Gipson-Long","DET",6,6,,4.170731707317073,18,16,0,0.580299973487854,,82,348,79,41,38,11,24,0,4,73,8.012195121951219,2.6341463414634148,3.0416666666666665,1.2073170731707317,0.20977011494252873,0.06896551724137931,0.14080459770114942,0.246875,1.2560975609756098,0.288135593220339,0.7077625570776256,,,4.154284656338575,1.024702901715317,,,,,,,,,330.42119989395144,4.029526827975017,331.3211998939514,4.0405024377311145,,,,,,,,,,,,,,,,,,,"Sawyer Gipson-Long","26048",687830
"Mason Montgomery","TBR",4,4,,4.153846153846154,33,19,2.315000057220459,12.025699615478516,,104,446,96,52,48,13,40,0,4,101,8.740384615384615,3.4615384615384617,2.525,1.125,0.226457399103139,0.08968609865470852,0.1367713004484305,0.23880597014925373,1.3076923076923077,0.2881944444444444,0.7130730050933787,,,4.118402855212872,1.0235781682934189,,,,,,,,,489.7777987480164,4.709401911038619,480.67779874801636,4.621901911038619,,,,,,,,,,,,,,,,,,,"Mason Montgomery","29770",682254
"John Michael Bertrand","SFG",7,8,,4.405594510060664,26,24,0,0,,128.6999969482422,563,144,68,63,16,36,0,2,85,5.944056085002483,2.5174825771775224,2.361111111111111,1.118881145412232,0.15097690941385436,0.06394316163410302,0.08703374777975134,0.2742857142857143,1.3986014317652902,0.3018867924528302,0.7106598984771574,,,4.34752098733604,1.0190086218658716,,,,,,,,,437.17997741699224,3.39689190196957,491.49998474121094,3.818958790953755,,,,,,,,,,,,,,,,,,,"John Michael Bertrand","sa3020082",802609
"Ronel Blanco","HOU",9,8,,4.05764957588349,29,23,0,0,,135.3000030517578,571,121,66,61,21,56,1,2,135,8.980044143348708,3.7250553483520563,2.4107142857142856,1.3968957556320212,0.23642732049036777,0.09807355516637478,0.138353765323993,0.23586744639376217,1.308203961623639,0.2801120448179272,0.7520325203252033,,,4.474683739913434,1.017858039106246,,,,,,,,,524.3200225830079,3.875240286450208,499.50001525878906,3.6917960383763613,,,,,,,,,,,,,,,,,,,"Ronel Blanco","19407",669854
"Ben Shields","NYY",5,4,,4.276663284597049,24,16,0,0,,94.69999694824219,411,88,49,45,13,31,0,10,92,8.743400492953969,2.9461458182779676,2.967741935483871,1.2354805044391477,0.22384428223844283,0.07542579075425791,0.1484184914841849,0.23783783783783785,1.2565998293013554,0.2830188679245283,0.6944444444444444,,,4.306923320849008,1.0176424179767303,,,,,,,,,373.0799774169922,3.9395986213272765,365.49998474121094,3.859556457440787,,,,,,,,,,,,,,,,,,,"Ben Shields","sa3023483",815456
"Kyle Freeland","COL",6,8,,4.9576271186440675,22,22,0,0,,118,518,133,70,65,18,33,0,5,85,6.483050847457627,2.516949152542373,2.5757575757575757,1.3728813559322033,0.1640926640926641,0.0637065637065637,0.1003861003861004,0.27708333333333335,1.4067796610169492,0.3050397877984085,0.6818181818181818,,,4.674954354560981,1.0173483766147966,,,,,,,,,362.00000000000006,3.067796610169492,412,3.4915254237288136,,,,,,,,,,,,,,,,,,,"Kyle Freeland","16256",607536
"Slade Cecconi","CLE",6,7,,4.472537172180473,30,19,0,0.6672999858856201,,114.69999694824219,485,113,62,57,17,29,1,6,99,7.768090877997664,2.2755013683023457,3.413793103448276,1.33391459521172,0.20412371134020618,0.05979381443298969,0.14432989690721648,0.2511111111111111,1.2380122386932304,0.2874251497005988,0.676818950930626,,,4.282434472323129,1.0159432648643818,,,,,,,,,441.54917736053454,3.849600602515983,448.1691846847534,3.9073164482034604,,,,,,,,,,,,,,,,,,,"Slade Cecconi","27500",677944
"Brady Basso","OAK",5,5,,4.141898248896737,26,20,0,0.667900025844574,,104.30000305175781,438,102,52,48,15,28,0,3,92,7.938638310385413,2.41610731185643,3.2857142857142856,1.2943432027802302,0.2100456621004566,0.0639269406392694,0.1461187214611872,0.25061425061425063,1.2464045656402218,0.29,0.7155963302752294,,,4.163603430801972,1.0094856217004158,,,,,,,,,415.7916226863861,3.9864967451636004,420.17161536216736,4.028490921075635,,,,,,,,,,,,,,,,,,,"Brady Basso","25582",669620
"Ryan Weathers","MIA",5,7,,4.326923076923077,23,21,0,0.6065999865531921,,104,452,103,54,50,13,41,1,4,91,7.875,3.548076923076923,2.2195121951219514,1.125,0.2013274336283186,0.09070796460176991,0.11061946902654868,0.25307125307125306,1.3846153846153846,0.297029702970297,0.7154213036565978,,,4.3395567013667184,1.0091239224494042,,,,,,,,,391.3263999462128,3.7627538456366616,400.42639994621277,3.850253845636661,,,,,,,,,,,,,,,,,,,"Ryan Weathers","23796",677960
"Andrés Muñoz","SEA",6,3,,2.6379310344827585,60,0,26.538999557495117,3.67549991607666,,58,236,40,18,17,4,22,3,4,78,12.10344827586207,3.413793103448276,3.5454545454545454,0.6206896551724138,0.3305084745762712,0.09322033898305085,0.23728813559322035,0.19047619047619047,1.0689655172413792,0.28125,0.7801418439716312,,,2.71820391622083,1.008874879634857,,,,,,,,,501.3969974517822,8.644775818134177,463.3969974517822,7.989603404341073,,,,,,,,,,,,,,,,,,,"Andres Munoz","20373",662253
"Joey Cantillo","CLE",6,5,,4.0813953488372094,21,19,0,7.473299980163574,,86,375,76,42,39,10,42,0,3,92,9.627906976744185,4.395348837209302,2.1904761904761907,1.0465116279069768,0.24533333333333332,0.112,0.1333333333333333,0.23030303030303031,1.372093023255814,0.2894736842105263,0.7307692307692307,,,4.108340243406074,1.0053941041483925,,,,,,,,,394.69319992065425,4.589455813030863,378.8931999206543,4.405734882798305,,,,,,,,,,,,,,,,,,,"Joey Cantillo","23335",676282
"Edwin Díaz","NYM",6,3,,2.9454545454545453,55,0,36.321998596191406,1.5118000507354736,,55,223,38,19,18,5,20,1,4,80,13.090909090909092,3.272727272727273,4,0.8181818181818182,0.35874439461883406,0.08968609865470852,0.26905829596412556,0.19095477386934673,1.0545454545454545,0.2894736842105263,0.7647058823529411,,,2.748297960107977,1.0049524653427204,,,,,,,,,522.357193183899,9.497403512434527,485.6571931838989,8.8301307851618,,,,,,,,,,,,,,,,,,,"Edwin Diaz","14710",621242
"Ryan Helsley","STL",7,3,,2.7714748441739463,59,0,35.040000915527344,1.9696999788284302,,61.70000076293945,245,46,21,19,5,21,2,0,73,10.648298085510426,3.06320903829752,3.4761904761904763,0.7293354853089333,0.2979591836734694,0.08571428571428572,0.2122448979591837,0.20535714285714285,1.0858995003488563,0.2808219178082192,0.7666666666666667,,,2.874745584166222,1.002515722357632,,,,,,,,,541.5588101387024,8.777290169240866,509.5788083076477,8.258975721337913,,,,,,,,,,,,,,,,,,,"Ryan Helsley","18138",664854
"Antonio Senzatela","COL",3,5,,4.747948247484312,18,18,0,0.5722000002861023,,85.30000305175781,379,97,49,45,10,25,0,3,55,5.803047858036382,2.6377490263801735,2.2,1.0550996105520694,0.14511873350923482,0.06596306068601583,0.07915567282321899,0.27635327635327633,1.4302461387483607,0.3041958041958042,0.6759259259259259,,,4.385705994927742,1.00023630391317,,,,,,,,,284.30882258415215,3.3330458665006257,324.7888152599335,3.8076061388047093,,,,,,,,,,,,,,,,,,,"Antonio Senzatela","15488",622608
"Chris Flexen","CHC",7,8,,4.476956939740953,29,25,0,0.6420999765396118,,136.6999969482422,597,141,74,68,18,50,1,3,107,7.0446234198865,3.2918801027507008,2.14,1.1850768369902522,0.17922948073701842,0.08375209380234507,0.09547738693467335,0.25919117647058826,1.397220221389742,0.2935560859188544,0.7056694813027744,,,4.475916530272851,0.9992115621475293,,,,,,,,,481.1483773231507,3.5197394884019255,507.0683846473694,3.709351835899143,,,,,,,,,,,,,,,,,,,"Chris Flexen","13896",623167
"Drew Rom","STL",5,5,,4.0120481927710845,18,17,0,0,,83,359,80,40,37,9,29,0,5,72,7.807228915662651,3.144578313253012,2.4827586206896552,0.9759036144578314,0.20055710306406685,0.0807799442896936,0.11977715877437325,0.24615384615384617,1.3132530120481927,0.29098360655737704,0.7157676348547718,,,4.07009423612112,0.9978945029509352,,,,,,,,,337.5,4.066265060240964,340,4.096385542168675,,,,,,,,,,,,,,,,,,,"Drew Rom","24602",680723
"Colin Rea","CHC",7,8,,4.4444445429438515,27,23,0,0.6420999765396118,,137.6999969482422,584,139,74,68,20,38,1,7,107,6.993464207279295,2.4836601857627407,2.8157894736842106,1.307189571454074,0.1832191780821918,0.06506849315068493,0.11815068493150686,0.25788497217068646,1.285403078596506,0.28883495145631066,0.6912751677852349,,,4.4809315140297254,0.9965138779883378,,,,,,,,,493.1483773231508,3.581324533424008,510.0683846473694,3.70420040633037,,,,,,,,,,,,,,,,,,,"Colin Rea","12317",607067
"José Urquidy","DET",5,6,,4.314381417686145,19,16,0,0,,89.69999694824219,373,88,46,43,12,22,0,3,66,6.622073803890362,2.207357934630121,3,1.2040134188891567,0.1769436997319035,0.058981233243967826,0.11796246648793567,0.25287356321839083,1.2263099636834003,0.2814814814814815,0.6866952789699571,,,4.2701587456048555,0.993410392966867,,,,,,,,,344.3799774169922,3.83924179635929,349.49998474121094,3.8963210326849396,,,,,,,,,,,,,,,,,,,"Jose Urquidy","18413",664353
"Chayce McDermott","BAL",5,5,,4.28128245155571,22,19,0,0.6330999732017517,,96.69999694824219,422,86,50,46,12,48,0,4,102,9.493278479536574,4.467425166840741,2.125,1.1168562917101852,0.24170616113744076,0.11374407582938388,0.12796208530805686,0.23243243243243245,1.385729102677452,0.2890625,0.7167235494880546,,,4.28333606999998,0.9924486686994545,,,,,,,,,394.91237730979924,4.083892345117369,378.03238463401794,3.909331918969516,,,,,,,,,,,,,,,,,,,"Chayce McDermott","29866",694646
"Edward Cabrera","MIA",6,8,,4.458715596330276,24,23,0,0.6065999865531921,,109,471,96,58,54,14,52,0,7,112,9.247706422018348,4.293577981651376,2.1538461538461537,1.1559633027522935,0.23779193205944799,0.11040339702760085,0.12738853503184713,0.23300970873786409,1.3577981651376148,0.2867132867132867,0.7009345794392523,,,4.405011888381538,0.9885873470612252,,,,,,,,,434.2263999462126,3.98372843987351,412.42639994621277,3.783728439873512,,,,,,,,,,,,,,,,,,,"Edward Cabrera","21690",665795
"K.C. Hunt","MIL",6,5,,4.068357358496597,24,13,0,0,,90.69999694824219,379,82,44,41,13,28,0,3,88,8.732084086529282,2.778390391168408,3.142857142857143,1.2899669673281893,0.23218997361477572,0.07387862796833773,0.158311345646438,0.23563218390804597,1.2127894564624002,0.2793522267206478,0.7189542483660131,,,4.11466062606949,0.9882744632731468,,,,,,,,,381.07997741699216,4.201543442547797,367.49998474121094,4.051819152220305,,,,,,,,,,,,,,,,,,,"K.C. Hunt","sa3022937",687268
"Tommy Henry","ARI",7,7,,4.299138708848317,25,23,0,0.6502000093460083,,127.69999694824219,555,127,66,61,16,49,1,5,105,7.400156793919235,3.4534065038289765,2.142857142857143,1.1276429400257881,0.1891891891891892,0.08828828828828829,0.10090090090090091,0.25349301397205587,1.3782302600315188,0.29210526315789476,0.7161458333333334,,,4.419416378318449,0.985268931395046,,,,,,,,,468.58077745437646,3.669387538390435,481.10078477859497,3.767429884697561,,,,,,,,,,,,,,,,,,,"Tommy Henry","26285",674072
"Matthew Boyd","CHC",4,3,,3.75,13,13,0,0.6420999765396118,,60,250,53,27,25,7,19,0,3,62,9.3,2.85,3.263157894736842,1.05,0.248,0.076,0.172,0.2324561403508772,1.2,0.2893081761006289,0.7234726688102894,,,3.716479778289795,0.9840805643289918,,,,,,,,,280.6683999061584,4.67780666510264,269.56839990615845,4.49280666510264,,,,,,,,,,,,,,,,,,,"Matthew Boyd","15440",571510
"Randy Dobnak","MIN",7,8,,4.473007829053441,28,21,0,0.6255999803543091,,116.69999694824219,518,121,63,58,13,47,0,6,93,7.172236691413277,3.6246787580260644,1.9787234042553192,1.0025707203050815,0.17953667953667954,0.09073359073359073,0.0888030888030888,0.26021505376344084,1.439588726591912,0.3008356545961003,0.7009345794392523,,,4.383275011480578,0.9825064800177519,,,,,,,,,418.5823773384095,3.5868242355143822,444.0023846626282,3.80464778297765,,,,,,,,,,,,,,,,,,,"Randy Dobnak","23798",677976
"Justin Martinez","ARI",7,3,,3.1325302484568094,66,0,17.242000579833984,9.215900421142578,,74.69999694824219,323,56,28,26,4,40,5,5,95,11.44578360013065,4.819277305318169,2.375,0.4819277305318168,0.29411764705882354,0.1238390092879257,0.17027863777089786,0.2014388489208633,1.2851406147515114,0.2905027932960894,0.7522123893805309,,,3.1263191340788103,0.9750304799745788,,,,,,,,,536.0535820007324,7.176085728251781,499.5735893249512,6.687732392694655,,,,,,,,,,,,,,,,,,,"Justin Martinez","24453",679885
"Keegan Akin","BAL",3,2,,3.4714285714285715,50,3,2.01200008392334,16.28420066833496,,70,285,61,29,27,9,18,1,1,81,10.414285714285715,2.3142857142857145,4.5,1.1571428571428573,0.28421052631578947,0.06315789473684211,0.22105263157894736,0.22932330827067668,1.1285714285714286,0.29545454545454547,0.753012048192771,,,3.3379083497183664,0.973971152185351,,,,,,,,,428.8968030929565,6.127097187042235,413.19680309295654,5.902811472756522,,,,,,,,,,,,,,,,,,,"Keegan Akin","19362",669211
"Matthew Liberatore","STL",5,6,,4.134897237353813,44,15,0,0.6466000080108643,,102.30000305175781,440,95,51,47,11,38,2,6,92,8.093841400777675,3.34310840466904,2.4210526315789473,0.9677419066147221,0.20909090909090908,0.08636363636363636,0.12272727272727271,0.2398989898989899,1.300097712926849,0.28668941979522183,0.6972789115646258,,,4.056020318713428,0.9731042137738077,,,,,,,,,429.30642261505136,4.1965435953882375,423.0864152908325,4.135741961579176,,,,,,,,,,,,,,,,,,,"Matthew Liberatore","22294",669461
"Kumar Rocker","TEX",2,3,,3.957935048177147,14,13,0,0.6265000104904175,,52.29999923706055,225,47,25,23,6,17,0,2,56,9.636711421648707,2.9254302530005,3.2941176470588234,1.032504795176647,0.24888888888888888,0.07555555555555556,0.17333333333333334,0.22815533980582525,1.2237093868760263,0.2847222222222222,0.7014388489208633,,,3.606250339198367,0.9712175227703767,,,,,,,,,248.52599439620974,4.751931128520946,241.0059962272644,4.608145310573619,,,,,,,,,,,,,,,,,,,"Kumar Rocker","31843",677958
"Tyler Anderson","LAA",8,12,,4.612272325856115,26,26,0,0,,148.3000030517578,636,148,82,76,22,52,1,5,121,7.343223045113025,3.1557652755857633,2.326923076923077,1.3351314627478228,0.19025157232704404,0.08176100628930817,0.10849056603773587,0.2556131260794473,1.348617639139215,0.2889908256880734,0.6973995271867612,,,4.616243740364451,0.9706856767091134,,,,,,,,,513.0200225830079,3.459339258435214,526.5000152587891,3.5502360379253437,,,,,,,,,,,,,,,,,,,"Tyler Anderson","12880",542881
"Chad Patrick","MIL",6,7,,4.3826086956521735,24,22,0,0,,115,493,112,61,56,17,37,0,5,100,7.826086956521739,2.8956521739130436,2.7027027027027026,1.3304347826086957,0.2028397565922921,0.07505070993914807,0.127789046653144,0.24833702882483372,1.2956521739130435,0.2844311377245509,0.7028753993610224,,,4.444740647855013,0.9700042834518078,,,,,,,,,424.7,3.6930434782608694,428,3.7217391304347824,,,,,,,,,,,,,,,,,,,"Chad Patrick","30113",694477
"Adam Mazur","MIA",6,9,,4.621621621621622,24,23,0,0,,111,483,118,62,57,15,36,0,2,84,6.8108108108108105,2.918918918918919,2.3333333333333335,1.2162162162162162,0.17391304347826086,0.07453416149068323,0.09937888198757763,0.2651685393258427,1.3873873873873874,0.2976878612716763,0.6917293233082706,,,4.436750048560065,0.9674901808014882,,,,,,,,,384.1000000000001,3.460360360360361,414,3.72972972972973,,,,,,,,,,,,,,,,,,,"Adam Mazur","31900",800049
"Javier Assad","CHC",6,5,,4.1315991783369554,28,24,0,0.6420999765396118,,130.6999969482422,565,125,65,60,16,52,0,6,106,7.299158548395288,3.580719287892028,2.0384615384615383,1.1017597808898547,0.18761061946902655,0.0920353982300885,0.09557522123893805,0.2465483234714004,1.3542463973437797,0.2831168831168831,0.7244501940491591,,,4.467168408506985,0.9663998009153358,,,,,,,,,485.9483773231507,3.718044289745382,486.0683846473694,3.718962478934523,,,,,,,,,,,,,,,,,,,"Javier Assad","21741",665871
"Nick Frasso","LAD",5,4,,4.356552695338179,23,23,0,0,,84.69999694824219,366,80,44,41,11,29,0,7,77,8.181818476610726,3.081464101580663,2.6551724137931036,1.1688312109443895,0.2103825136612022,0.07923497267759563,0.13114754098360656,0.24242424242424243,1.2868949696256409,0.28512396694214875,0.6944444444444445,,,4.311698237497934,0.9656774739560219,,,,,,,,,329.47997741699214,3.889964454406394,326.49998474121094,3.854781540791861,,,,,,,,,,,,,,,,,,,"Nick Frasso","27861",693308
"Aaron Ashby","MIL",7,7,,4.222873774318788,34,15,0,0.6028000116348267,,102.30000305175781,460,92,52,48,9,57,0,7,102,8.973606770427423,5.01466260700356,1.7894736842105263,0.7917888326847726,0.2217391304347826,0.12391304347826088,0.09782608695652173,0.23232323232323232,1.4565004453090262,0.2912280701754386,0.7111436950146627,,,4.192872709547833,0.9641811812384256,,,,,,,,,421.5312226295471,4.120539687728816,408.91121530532837,3.9971769609668852,,,,,,,,,,,,,,,,,,,"Aaron Ashby","23550",676879
"Landen Roupp","SFG",3,3,,3.938224092902267,29,13,0,0.6378999948501587,,77.69999694824219,328,70,37,34,8,30,0,2,75,8.687259028460883,3.474903611384353,2.5,0.9266409630358275,0.22865853658536586,0.09146341463414634,0.13719512195121952,0.23648648648648649,1.2870013375497604,0.29107981220657275,0.7094594594594594,,,3.8099804470646754,0.9631969959348248,,,,,,,,,351.1315773963929,4.519068097651149,341.0515847206116,4.389338457088925,,,,,,,,,,,,,,,,,,,"Landen Roupp","30076",694738
"Jonathan Cannon","CHW",7,12,,4.78921917495188,28,26,0,0.6122000217437744,,144.6999969482422,627,152,83,77,21,47,0,6,104,6.468555768766175,2.9232896262693293,2.2127659574468086,1.3061506840777855,0.16586921850079744,0.07496012759170653,0.09090909090909091,0.26480836236933797,1.375259185880843,0.29175946547884185,0.6839622641509434,,,4.7145102186782815,0.9597208460249489,,,,,,,,,468.7287775039675,3.239314356527784,501.94878482818604,3.468892850134118,,,,,,,,,,,,,,,,,,,"Jonathan Cannon","31730",686563
"Matt Strahm","PHI",6,3,,3.375,56,4,3.171999931335449,11.675200462341309,,64,254,50,26,24,8,16,1,4,75,10.546875,2.25,4.6875,1.125,0.2952755905511811,0.06299212598425197,0.2322834645669291,0.21367521367521367,1.03125,0.2781456953642384,0.7299270072992701,,,3.385229778289795,0.957654112467026,,,,,,,,,397.7608015060425,6.2150125235319145,368.5608015060425,5.758762523531914,,,,,,,,,,,,,,,,,,,"Matt Strahm","13799",621381
"Alex Pham","BAL",5,5,,4.2772277227722775,25,23,0,0,,101,438,99,52,48,13,41,0,1,87,7.752475247524752,3.6534653465346536,2.1219512195121952,1.1584158415841583,0.19863013698630136,0.09360730593607305,0.1050228310502283,0.25,1.386138613861386,0.2905405405405405,0.722495894909688,,,4.364499580269993,0.9575125435271755,,,,,,,,,378.1000000000001,3.7435643564356442,384,3.801980198019802,,,,,,,,,,,,,,,,,,,"Alex Pham","sa3017550",702129
"Aaron Bummer","ATL",5,2,,2.9423076923076925,53,0,1.0839999914169312,14.477399826049805,,52,227,45,18,17,2,21,2,3,61,10.557692307692308,3.6346153846153846,2.9047619047619047,0.34615384615384615,0.2687224669603524,0.09251101321585903,0.17621145374449337,0.22167487684729065,1.2692307692307692,0.30714285714285716,0.7594936708860759,,,2.7049413167513334,0.9571236198394678,,,,,,,,,356.52959926128386,6.856338447332382,347.3295992612839,6.6794153704093056,,,,,,,,,,,,,,,,,,,"Aaron Bummer","16258",607481
"Fernando Cruz","NYY",6,3,,3.2984293632897366,58,2,0,13.366000175476074,,57.29999923706055,247,45,23,21,5,26,1,4,79,12.408377128566151,4.083769687882531,3.0384615384615383,0.7853403245927943,0.31983805668016196,0.10526315789473684,0.21457489878542513,0.2073732718894009,1.2390925121352978,0.3007518796992481,0.75,,,3.1141237566502755,0.9537027642925645,,,,,,,,,366.98399505615237,6.404607328839092,342.96399688720703,5.9854101475342505,,,,,,,,,,,,,,,,,,,"Fernando Cruz","7048",518585
"Cooper Criswell","BOS",6,7,,4.542056074766355,27,19,0,0.6410999894142151,,107,467,113,58,54,13,29,0,11,80,6.728971962616822,2.439252336448598,2.7586206896551726,1.0934579439252337,0.17130620985010706,0.06209850107066381,0.10920770877944325,0.2646370023419204,1.3271028037383177,0.2994011976047904,0.6785137318255251,,,4.372087254925309,0.9533394172566348,,,,,,,,,380.66439995765694,3.5576112145575416,408.56439995765686,3.818358878108943,,,,,,,,,,,,,,,,,,,"Cooper Criswell","24975",681867
"Josh Winckowski","BOS",6,6,,4.269118944546785,41,12,0,0.6410999894142151,,103.30000305175781,451,109,53,49,12,34,2,3,84,7.31848961922306,2.9622457982569528,2.4705882352941178,1.0454985170318658,0.18625277161862527,0.07538802660753881,0.11086474501108647,0.2632850241545894,1.3843174808847851,0.3050314465408805,0.7131537242472266,,,4.1248534189023385,0.9533126550550297,,,,,,,,,392.98442254066464,3.8043021387304536,420.0644152164459,4.066451140431964,,,,,,,,,,,,,,,,,,,"Josh Winckowski","22387",670174
"Shane Baz","TBR",5,5,,4.222873774318788,21,21,0,0.6854000091552734,,102.30000305175781,434,94,52,48,13,37,0,6,92,8.093841400777675,3.2551318677040655,2.4864864864864864,1.1436949805446717,0.2119815668202765,0.08525345622119816,0.12672811059907835,0.24040920716112532,1.2805473713790767,0.28321678321678323,0.700354609929078,,,4.280849246512808,0.94719116740301,,,,,,,,,410.461622619629,4.0123324572332555,400.24161529541016,3.91243014032865,,,,,,,,,,,,,,,,,,,"Shane Baz","22264",669358
"Yariel Rodríguez","TOR",4,5,,4.178935302909418,32,20,0,7.244900226593018,,88.30000305175781,379,77,44,41,11,39,0,5,90,9.173272616142624,3.97508480032847,2.3076923076923075,1.1211777641952094,0.23746701846965698,0.10290237467018469,0.1345646437994723,0.2298507462686567,1.313703238854993,0.28205128205128205,0.7157057654075547,,,4.24235743080035,0.9382682860982801,,,,,,,,,394.8996234893798,4.472249262074271,375.47961616516113,4.252317136898291,,,,,,,,,,,,,,,,,,,"Yariel Rodriguez","33838",684320
"Cristian Mena","ARI",5,4,,4.065040762470821,22,22,0,0.6502000093460083,,110.69999694824219,479,106,54,50,14,44,0,5,98,7.96747989444281,3.577235870974323,2.227272727272727,1.13821141349183,0.2045929018789144,0.0918580375782881,0.1127348643006263,0.24651162790697675,1.3550135874902738,0.2893081761006289,0.7361963190184049,,,4.367925159197838,0.9372761930916926,,,,,,,,,422.98077745437615,3.8209646713191954,423.10078477859497,3.822048748351961,,,,,,,,,,,,,,,,,,,"Cristian Mena","27974",691441
"Matt Brash","SEA",5,4,,3.113673766465493,45,5,0,0.6220999956130981,,60.70000076293945,260,48,23,21,5,28,0,3,78,11.565073989728974,4.151565021953991,2.7857142857142856,0.7413508967774984,0.3,0.1076923076923077,0.1923076923076923,0.2096069868995633,1.2520592923353306,0.2945205479452055,0.7681159420289855,,,3.199428707035462,0.9364274685098437,,,,,,,,,328.36840562820436,5.409693599685926,303.98840379714966,5.008046128110604,,,,,,,,,,,,,,,,,,,"Matt Brash","25756",666374
"Max Meyer","MIA",5,6,,4.32,22,22,0,0.6065999865531921,,100,434,102,52,48,14,35,0,3,87,7.83,3.15,2.4857142857142858,1.26,0.20046082949308755,0.08064516129032258,0.11981566820276497,0.25757575757575757,1.37,0.2983050847457627,0.7240204429301533,,,4.386479778289795,0.9363408260204782,,,,,,,,,365.02639994621273,3.6502639994621275,380.42639994621277,3.804263999462128,,,,,,,,,,,,,,,,,,,"Max Meyer","27474",676974
"Félix Bautista","BAL",5,2,,2.5049702169212846,48,0,25.486000061035156,3.5062999725341797,,50.29999923706055,198,34,15,14,5,18,1,1,72,12.882703972738033,3.2206759931845084,4,0.8946322203290301,0.36363636363636365,0.09090909090909091,0.2727272727272727,0.18994413407821228,1.0337972323802127,0.28431372549019607,0.8222222222222222,,,2.729104026128936,0.9362473208867124,,,,,,,,,450.7751945495605,8.96173362598053,414.95519638061523,8.2496064150013,,,,,,,,,,,,,,,,,,,"Felix Bautista","20666",642585
"Cade Cavalli","WSN",4,4,,4.309859154929577,16,16,0,0.6308000087738037,,71,311,65,37,34,7,32,0,6,68,8.619718309859154,4.056338028169014,2.125,0.8873239436619719,0.21864951768488747,0.10289389067524116,0.11575562700964631,0.23809523809523808,1.3661971830985915,0.29292929292929293,0.6880733944954128,,,4.138310764205288,0.9356161753856826,,,,,,,,,294.82320003509517,4.152439437114016,288.5232000350952,4.06370704274782,,,,,,,,,,,,,,,,,,,"Cade Cavalli","27473",676917
"Dane Dunning","TEX",6,7,,4.728813559322034,28,20,0,0.6265000104904175,,118,512,116,67,62,17,42,0,7,106,8.084745762711865,3.2033898305084745,2.5238095238095237,1.2966101694915255,0.20703125,0.08203125,0.125,0.2505399568034557,1.3389830508474576,0.2911764705882353,0.6780923994038749,,,4.48851367659488,0.9303452746086629,,,,,,,,,430.00600004196167,3.644118644423404,436.50600004196167,3.6992033901861157,,,,,,,,,,,,,,,,,,,"Dane Dunning","19409",641540
"Tomoyuki Sugano","BAL",7,8,,4.5,18,18,0,0,,110,467,123,59,55,17,21,0,2,73,5.972727272727273,1.7181818181818183,3.4761904761904763,1.3909090909090909,0.15631691648822268,0.044967880085653104,0.11134903640256957,0.27702702702702703,1.309090909090909,0.2994350282485876,0.7071547420965059,,,4.475570687380705,0.9287552818169215,,,,,,,,,362.09999999999997,3.2918181818181815,406,3.690909090909091,,,,,,,,,,,,,,,,,,,"Tomoyuki Sugano","35321",608372
"Drey Jameson","ARI",6,5,,3.872093023255814,18,14,0,0.6502000093460083,,86,369,83,40,37,10,29,0,5,75,7.848837209302325,3.0348837209302326,2.586206896551724,1.0465116279069768,0.2032520325203252,0.07859078590785908,0.12466124661246612,0.24776119402985075,1.302325581395349,0.292,0.7346938775510204,,,4.119968150382818,0.9258240490378523,,,,,,,,,348.200800037384,4.048846512062605,350.60080003738403,4.076753488806791,,,,,,,,,,,,,,,,,,,"Drey Jameson","26260",686753
"Troy Melton","DET",5,8,,4.5330533700547635,23,23,0,0,,95.30000305175781,414,98,52,48,13,30,0,3,74,6.988457278834427,2.833158356284227,2.466666666666667,1.2277019543898318,0.178743961352657,0.07246376811594203,0.10628019323671496,0.2572178477690289,1.3431269244606707,0.2891156462585034,0.6921675774134791,,,4.425661269971673,0.9243509195869548,,,,,,,,,339.5200225830078,3.5626444040994745,356.50001525878906,3.7408185083181213,,,,,,,,,,,,,,,,,,,"Troy Melton","31807",675512
"Keaton Winn","SFG",5,5,,4.267782608427321,17,14,0,0.6378999948501587,,71.69999694824219,308,69,37,34,8,22,0,5,66,8.2845191810648,2.7615063936882667,3,1.0041841431593697,0.21428571428571427,0.07142857142857142,0.14285714285714285,0.24555160142348753,1.2691771809375367,0.2946859903381642,0.6766917293233083,,,3.905670883670998,0.9192435254769993,,,,,,,,,306.33157739639285,4.272407119034096,308.0515847206116,4.296396064604907,,,,,,,,,,,,,,,,,,,"Keaton Winn","23499",676775
"Cole Sands","MIN",5,3,,3.6154951367807104,47,4,1.00600004196167,15.181300163269043,,69.69999694824219,292,60,30,28,7,23,0,5,78,10.07173645246055,2.9698710052127266,3.391304347826087,0.9038737841951776,0.2671232876712329,0.07876712328767123,0.18835616438356168,0.22727272727272727,1.1908178426698373,0.29608938547486036,0.7240437158469946,,,3.4390766338407217,0.9170373027922236,,,,,,,,,411.4351782798767,5.902943992743646,395.25518560409546,5.6708063545197,,,,,,,,,,,,,,,,,,,"Cole Sands","21461",663485
"A.J. Puk","ARI",7,4,,3.0136987701229643,59,3,18.774999618530273,7.020199775695801,,65.69999694824219,275,53,24,22,7,23,2,4,84,11.50684984956041,3.1506850778558264,3.652173913043478,0.9589041541300342,0.3054545454545455,0.08363636363636363,0.22181818181818186,0.21370967741935484,1.1567732652997238,0.2929936305732484,0.7854984894259819,,,3.2273625817266227,0.9170355621696233,,,,,,,,,471.2357746124267,7.172538759532388,446.4557819366455,6.795369903720985,,,,,,,,,,,,,,,,,,,"A.J. Puk","19343",640462
"Davis Martin","CHW",4,5,,4.404015225093951,20,18,0,0,,79.69999694824219,346,78,42,39,10,29,0,5,72,8.130489646327293,3.274780551992938,2.4827586206896552,1.129234673101013,0.20809248554913296,0.0838150289017341,0.12427745664739885,0.25,1.342534555797871,0.2956521739130435,0.6989247311827957,,,4.270620347544119,0.9105141527108493,,,,,,,,,305.9799774169922,3.8391466641548058,310.49998474121094,3.895859430745676,,,,,,,,,,,,,,,,,,,"Davis Martin","21448",663436
"Andrew Heaney","PIT",6,10,,4.7291836251602515,27,24,0,0.6169999837875366,,123.69999694824219,543,129,70,65,19,41,0,9,112,8.148747169506894,2.983023517408774,2.731707317073171,1.3823767519699195,0.20626151012891344,0.07550644567219153,0.13075506445672191,0.2616632860040568,1.3742926773969961,0.30386740331491713,0.6973500697350069,,,4.565024679405562,0.9097673483360593,,,,,,,,,422.7479773521423,3.417526174467296,447.9679846763611,3.6214065944059577,,,,,,,,,,,,,,,,,,,"Andrew Heaney","15423",571760
"Lael Lockhart","DET",6,7,,4.353405594417182,25,19,0,0,,101.30000305175781,443,97,53,49,13,43,0,5,92,8.173741116048586,3.820335521631404,2.13953488372093,1.1549851577025174,0.2076749435665914,0.09706546275395034,0.11060948081264108,0.24556962025316456,1.3820335220372004,0.2896551724137931,0.7142857142857143,,,4.43992495216693,0.9062405542701717,,,,,,,,,377.52002258300786,3.7267523317854128,377.50001525878906,3.7265548261228654,,,,,,,,,,,,,,,,,,,"Lael Lockhart","sa3017502",679712
"Gordon Graceffo","STL",7,8,,4.416733600331446,25,24,0,0.6466000080108643,,124.30000305175781,532,124,66,61,16,41,0,4,89,6.4440867283524375,2.968624223173595,2.1707317073170733,1.158487501726281,0.16729323308270677,0.07706766917293233,0.09022556390977444,0.2546201232032854,1.32743359572803,0.28272251308900526,0.694249649368864,,,4.493913374017826,0.898820586472294,,,,,,,,,446.2064226150513,3.5897539152050824,459.0864152908325,3.6933741272691005,,,,,,,,,,,,,,,,,,,"Gordon Graceffo","29519",700669
"Luke Weaver","NYY",4,4,,4.228915662650603,41,9,5.620999813079834,12.800100326538086,,83,351,76,42,39,12,27,0,3,88,9.542168674698795,2.927710843373494,3.259259259259259,1.3012048192771084,0.25071225071225073,0.07692307692307693,0.1737891737891738,0.2367601246105919,1.2409638554216869,0.2895927601809955,0.7076566125290022,,,4.0098532722656985,0.8986726955018649,,,,,,,,,434.3054003715515,5.232595185199416,424.3054003715515,5.112113257488573,,,,,,,,,,,,,,,,,,,"Luke Weaver","16918",596133
"Humberto Castellanos","ARI",5,4,,4.0212765957446805,23,17,0,0,,94,400,92,45,42,12,28,0,5,78,7.468085106382978,2.6808510638297873,2.7857142857142856,1.148936170212766,0.195,0.07,0.125,0.2506811989100817,1.2765957446808511,0.2888086642599278,0.7267441860465116,,,4.219671267651497,0.8921466445635186,,,,,,,,,365.79999999999995,3.8914893617021273,371,3.9468085106382977,,,,,,,,,,,,,,,,,,,"Humberto Castellanos","21183",528748
"Ben Lively","CLE",9,10,,4.204275432854867,26,25,0,0,,126.30000305175781,543,127,64,59,17,43,0,6,98,6.983372752877575,3.06413294258914,2.2790697674418605,1.2114013959073344,0.18047882136279927,0.07918968692449356,0.10128913443830571,0.25708502024291496,1.3460015510081493,0.29023746701846964,0.7250341997264023,,,4.528316641662746,0.8914316001837415,,,,,,,,,444.320022583008,3.517973173768851,459.50001525878906,3.638163136627049,,,,,,,,,,,,,,,,,,,"Ben Lively","14932",594902
"Connor Noland","CHC",7,7,,4.449262674951672,24,23,0,0,,115.30000305175781,494,123,62,57,16,30,0,1,76,5.932350233268897,2.3417171973429856,2.533333333333333,1.2489158385829258,0.15384615384615385,0.06072874493927125,0.09311740890688261,0.265658747300216,1.3269730784943585,0.2884097035040431,0.6967840735068913,,,4.45876075015685,0.891025141775506,,,,,,,,,395.62002258300794,3.4312230018364818,427.50001525878906,3.707719028132945,,,,,,,,,,,,,,,,,,,"Connor Noland","sa3020834",690939
"Carson Seymour","SFG",6,8,,4.37120543504024,26,24,0,0,,115.30000305175781,508,121,61,56,13,40,0,7,86,6.712922632383226,3.122289596457314,2.15,1.014744118848627,0.16929133858267717,0.07874015748031496,0.09055118110236221,0.26247288503253796,1.3963572917489655,0.2983425414364641,0.7002801120448179,,,4.363357456931766,0.8907382570832112,,,,,,,,,409.7200225830079,3.5535126776977264,438.50001525878906,3.8031223213580296,,,,,,,,,,,,,,,,,,,"Carson Seymour","30084",693313
"Tyler Phillips","PHI",6,9,,5.071428571428571,24,23,0,4.043900012969971,,126,557,135,77,71,18,46,0,4,93,6.642857142857143,3.2857142857142856,2.0217391304347827,1.2857142857142858,0.16696588868940754,0.08258527827648116,0.08438061041292638,0.26627218934911245,1.4365079365079365,0.29545454545454547,0.6675224646983311,,,4.737908349718366,0.8903138069296157,,,,,,,,,412.17560005188,3.2712349210466667,448.1756000518799,3.5569492067609514,,,,,,,,,,,,,,,,,,,"Tyler Phillips","20629",663969
"DL Hall","MIL",3,4,,4.137930873206094,28,19,0,0.6028000116348267,,78.30000305175781,345,70,39,36,9,37,0,5,84,9.655172037480884,4.252873397461818,2.27027027027027,1.0344827183015235,0.24347826086956523,0.1072463768115942,0.13623188405797104,0.23102310231023102,1.3665388994847285,0.2904761904761905,0.7203389830508474,,,4.124334147087502,0.8899760929874818,,,,,,,,,331.1312226295472,4.229006509880505,318.91121530532837,4.072940011183932,,,,,,,,,,,,,,,,,,,"DL Hall","22207",669084
"Cameron Weston","BAL",7,8,,4.186046370157257,24,15,0,0,,90.30000305175781,387,88,45,42,11,28,0,7,75,7.475082803852244,2.7906975801048377,2.6785714285714284,1.0963454778983293,0.1937984496124031,0.07235142118863049,0.12144702842377263,0.25,1.2846068225879412,0.2894736842105263,0.705765407554672,,,4.251751059441677,0.8896817223567581,,,,,,,,,349.1200225830077,3.866223818208516,353.50001525878906,3.9147287188481186,,,,,,,,,,,,,,,,,,,"Cameron Weston","31696",687721
"Jordan Wicks","CHC",5,5,,4.129411764705883,20,20,0,0.6420999765396118,,85,364,82,42,39,11,28,0,3,73,7.729411764705882,2.9647058823529413,2.607142857142857,1.1647058823529413,0.20054945054945056,0.07692307692307693,0.12362637362637363,0.24624624624624625,1.2941176470588236,0.285140562248996,0.718816067653277,,,4.22530330770156,0.8886485289184758,,,,,,,,,336.06839990615845,3.953745881248923,337.56839990615845,3.971392940072452,,,,,,,,,,,,,,,,,,,"Jordan Wicks","30094",696136
"Allan Winans","NYY",5,6,,4.666666666666667,23,16,0,0,,108,461,108,61,56,16,30,0,7,85,7.083333333333333,2.5,2.8333333333333335,1.3333333333333333,0.1843817787418655,0.0650759219088937,0.1193058568329718,0.25471698113207547,1.2777777777777777,0.2848297213622291,0.6660899653979239,,,4.546109407919425,0.8883097233013109,,,,,,,,,380.6000000000001,3.524074074074075,391,3.6203703703703702,,,,,,,,,,,,,,,,,,,"Allan Winans","21238",642216
"Austin Gomber","COL",6,9,,5.08666175978342,25,24,0,0,,132.6999969482422,572,146,81,75,23,37,1,2,96,6.510927052522777,2.5094198014931535,2.5945945945945947,1.559909606333582,0.16783216783216784,0.06468531468531469,0.10314685314685315,0.27392120075046905,1.3790505215412827,0.2971014492753623,0.676392572944297,,,4.854497903017922,0.8822349363668562,,,,,,,,,394.47997741699226,2.9727203201885057,439.49998474121094,3.3119818752718726,,,,,,,,,,,,,,,,,,,"Austin Gomber","16561",596295
"Kenta Maeda","DET",4,7,,4.773384904216149,25,18,0,4.642099857330322,,103.69999694824219,442,104,59,55,17,31,0,3,94,8.158148745387601,2.690453309649102,3.032258064516129,1.4754098794849915,0.21266968325791855,0.07013574660633484,0.1425339366515837,0.2549019607843137,1.3018322466044043,0.29292929292929293,0.6834532374100719,,,4.4683120248942,0.8819798356626753,,,,,,,,,392.44837684631347,3.784458904489542,402.0683841705322,3.8772265766913088,,,,,,,,,,,,,,,,,,,"Kenta Maeda","18498",628317
"Bowden Francis","TOR",7,7,,4.0673076923076925,30,16,0,0.6585999727249146,,104,432,93,51,47,16,30,0,8,97,8.39423076923077,2.5961538461538463,3.2333333333333334,1.3846153846153846,0.22453703703703703,0.06944444444444445,0.1550925925925926,0.23604060913705585,1.1826923076923077,0.27402135231316727,0.7157057654075547,,,4.397249009059026,0.8810911956722203,,,,,,,,,413.6343998908996,3.977253845104804,394.63439989089966,3.7945615374124966,,,,,,,,,,,,,,,,,,,"Bowden Francis","20548",670102
"Brandon Young","BAL",5,5,,4.304347826086956,24,21,0,0,,92,397,92,48,44,13,30,0,4,81,7.923913043478261,2.9347826086956523,2.7,1.2717391304347827,0.2040302267002519,0.07556675062972293,0.12846347607052896,0.2534435261707989,1.326086956521739,0.2936802973977695,0.7129094412331407,,,4.351262386985447,0.8758958626493042,,,,,,,,,341.70000000000005,3.7141304347826094,351,3.8152173913043477,,,,,,,,,,,,,,,,,,,"Brandon Young","27819",687064
"Bubba Chandler","PIT",7,10,,4.594348350235538,26,23,0,0,,109.69999694824219,478,107,61,56,14,44,0,7,94,7.7119418736096526,3.6098451323279224,2.1363636363636362,1.1485870875588844,0.19665271966527198,0.09205020920502092,0.10460251046025106,0.2505854800936768,1.376481350963425,0.29153605015673983,0.684931506849315,,,4.506498047108494,0.8758304890782427,,,,,,,,,396.3799774169922,3.613308919270154,401.49998474121094,3.6599817311813014,,,,,,,,,,,,,,,,,,,"Bubba Chandler","29868",696149
"Jakob Junis","CLE",3,3,,3.7349399116215802,26,9,0,11.00979995727539,,74.69999694824219,311,72,34,31,10,17,0,3,68,8.192771419040886,2.0481928547602215,4,1.2048193263295421,0.21864951768488747,0.05466237942122187,0.1639871382636656,0.24742268041237114,1.1914324449258804,0.29107981220657275,0.7333333333333333,,,3.88937137408752,0.8742782250777494,,,,,,,,,362.6191772460937,4.854339920486794,363.5391845703125,4.866655949426611,,,,,,,,,,,,,,,,,,,"Jakob Junis","13619",596001
"Lucas Braun","ATL",6,6,,4.5,23,22,0,0,,122,532,126,66,61,18,41,0,4,102,7.524590163934426,3.0245901639344264,2.4878048780487805,1.3278688524590163,0.19172932330827067,0.07706766917293233,0.11466165413533834,0.2587268993839836,1.3688524590163935,0.29427792915531337,0.7122708039492242,,,4.518938794683238,0.8733196425963585,,,,,,,,,422.8000000000002,3.4655737704918046,445,3.6475409836065573,,,,,,,,,,,,,,,,,,,"Lucas Braun","sa3022996",814351
"Devin Williams","NYY",5,2,,2.659090909090909,47,0,30.72599983215332,2.920099973678589,,44,176,28,14,13,3,19,1,2,61,12.477272727272727,3.8863636363636362,3.210526315789474,0.6136363636363636,0.3465909090909091,0.10795454545454546,0.23863636363636365,0.18064516129032257,1.0681818181818181,0.27472527472527475,0.7710280373831776,,,2.7119343237443405,0.8678828828415203,,,,,,,,,440.210399055481,10.004781796715477,405.31039905548096,9.211599978533657,,,,,,,,,,,,,,,,,,,"Devin Williams","15816",642207
"Colton Gordon","HOU",5,6,,4.35356212212856,24,22,0,0,,113.69999694824219,491,110,59,55,16,40,0,7,99,7.836411819831407,3.1662269979116795,2.475,1.2664907991646719,0.20162932790224034,0.0814663951120163,0.12016293279022404,0.24774774774774774,1.3192612491298665,0.2857142857142857,0.713166144200627,,,4.494536102413861,0.8664336448605143,,,,,,,,,415.5799774169923,3.6550570674700196,417.49998474121094,3.6719436758759345,,,,,,,,,,,,,,,,,,,"Colton Gordon","31312",676467
"Ian Anderson","LAA",5,5,,4.515050320834337,19,19,0,0.6287000179290771,,89.69999694824219,390,85,49,45,10,42,0,1,77,7.725752771205422,4.214046966112049,1.8333333333333333,1.003344515740964,0.19743589743589743,0.1076923076923077,0.08974358974358973,0.24495677233429394,1.4158305944344713,0.28846153846153844,0.6902654867256637,,,4.3370483799875865,0.8634483668746482,,,,,,,,,347.2947774887085,3.871736781541934,346.01478481292725,3.857467074526004,,,,,,,,,,,,,,,,,,,"Ian Anderson","19951",666120
"Evan Phillips","LAD",4,2,,3.1195840142105076,61,0,0,7.2399001121521,,57.70000076293945,230,44,22,20,5,18,2,2,64,9.982668845473624,2.8076256127894568,3.5555555555555554,0.7798960035526269,0.2782608695652174,0.0782608695652174,0.2,0.20952380952380953,1.074523382672508,0.2765957446808511,0.7272727272727273,,,3.1144867113862866,0.8633682264312471,,,,,,,,,348.03960609436047,6.031882174911605,320.45960426330566,5.553892548111299,,,,,,,,,,,,,,,,,,,"Evan Phillips","17734",623465
"Tucker Davidson","BAL",7,7,,4.32,28,14,0,0,,100,436,103,52,48,12,36,1,3,79,7.11,3.24,2.1944444444444446,1.08,0.1811926605504587,0.08256880733944955,0.09862385321100917,0.2594458438287154,1.39,0.2973856209150327,0.7119476268412438,,,4.316479778289795,0.8522483963371884,,,,,,,,,365.59999999999997,3.6559999999999997,385,3.85,,,,,,,,,,,,,,,,,,,"Tucker Davidson","19871",656353
"Sean Hjelle","SFG",5,5,,4.161290322580645,43,9,0,4.252999782562256,,93,406,94,46,43,9,28,2,8,79,7.645161290322581,2.7096774193548385,2.8214285714285716,0.8709677419354839,0.19458128078817735,0.06896551724137931,0.12561576354679804,0.25405405405405407,1.3118279569892473,0.30141843971631205,0.6946983546617915,,,3.886909885816677,0.8510372668841207,,,,,,,,,400.11199913024905,4.302279560540312,415.011999130249,4.462494614303753,,,,,,,,,,,,,,,,,,,"Sean Hjelle","21481",663546
"Travis Adams","MIN",6,8,,4.542056074766355,24,21,0,0,,107,468,114,58,54,14,35,0,3,79,6.644859813084112,2.94392523364486,2.257142857142857,1.1775700934579438,0.16880341880341881,0.07478632478632478,0.09401709401709403,0.2651162790697674,1.3925233644859814,0.29673590504451036,0.7032457496136012,,,4.456199404458019,0.8507628221512137,,,,,,,,,367.2,3.4317757009345793,397,3.710280373831776,,,,,,,,,,,,,,,,,,,"Travis Adams","30180",701519
"Domingo Germán","PIT",4,6,,4.535274201113567,19,16,0,0,,89.30000305175781,381,87,49,45,12,31,0,4,77,7.760358077460992,3.1243000052115684,2.4838709677419355,1.2094064536302844,0.2020997375328084,0.08136482939632546,0.12073490813648295,0.2514450867052023,1.3213885326701256,0.2918287937743191,0.6818181818181818,,,4.364688024016095,0.8451046975739143,,,,,,,,,336.02002258300774,3.7628220727859585,339.50001525878906,3.8017917542736996,,,,,,,,,,,,,,,,,,,"Domingo German","17149",593334
"Emmet Sheehan","LAD",4,3,,4.36069968630149,19,15,0,0,,74.30000305175781,315,63,39,36,10,32,0,4,78,9.448182653653227,3.8761774989346574,2.4375,1.2113054684170803,0.24761904761904763,0.10158730158730159,0.14603174603174604,0.22580645161290322,1.2786002166624737,0.2774869109947644,0.691358024691358,,,4.270113649514246,0.8439692243666548,,,,,,,,,311.0200225830078,4.186002823800013,289.50001525878906,3.896366128775549,,,,,,,,,,,,,,,,,,,"Emmet Sheehan","29839",686218
"Lance Lynn","STL",6,8,,4.45331194261429,23,23,0,0,,125.30000305175781,546,126,67,62,19,46,1,6,115,8.26017537742973,3.304070150971892,2.5,1.3647246275753468,0.21062271062271062,0.08424908424908426,0.12637362637362637,0.2550607287449393,1.3727054733506412,0.2972222222222222,0.7221458046767537,,,4.547166097415731,0.8439167312099061,,,,,,,,,439.92002258300784,3.5109338536990267,453.50001525878906,3.6193136808740642,,,,,,,,,,,,,,,,,,,"Lance Lynn","2520",458681
"Drew Thorpe","CHW",6,8,,4.676470588235294,21,21,0,0,,102,434,102,57,53,15,36,0,1,81,7.147058823529412,3.176470588235294,2.25,1.3235294117647058,0.18663594470046083,0.08294930875576037,0.10368663594470046,0.25692695214105793,1.3529411764705883,0.28903654485049834,0.6923076923076923,,,4.578244484172148,0.8415278671580022,,,,,,,,,356.1000000000001,3.491176470588236,366,3.588235294117647,,,,,,,,,,,,,,,,,,,"Drew Thorpe","31967",689672
"Joander Suarez","NYM",7,8,,4.5,22,20,0,0,,104,456,105,56,52,14,37,0,5,86,7.4423076923076925,3.201923076923077,2.324324324324324,1.2115384615384615,0.18859649122807018,0.08114035087719298,0.1074561403508772,0.2536231884057971,1.3653846153846154,0.2898089171974522,0.7026143790849673,,,4.474172085982103,0.8412934132048653,,,,,,,,,370.4,3.5615384615384613,384,3.6923076923076925,,,,,,,,,,,,,,,,,,,"Joander Suarez","sa3008263",680933
"Darren McCaughan","MIN",4,6,,4.689075630252101,25,21,0,0,,119,516,126,67,62,17,33,0,8,91,6.882352941176471,2.495798319327731,2.757575757575758,1.2857142857142858,0.17635658914728683,0.06395348837209303,0.1124031007751938,0.26526315789473687,1.3361344537815125,0.2970027247956403,0.6804733727810651,,,4.527824316104921,0.8412699215662518,,,,,,,,,402.89999999999986,3.385714285714285,433,3.638655462184874,,,,,,,,,,,,,,,,,,,"Darren McCaughan","20038",670766
"Carlos Rodriguez","MIL",9,10,,4.581049443854765,26,23,0,0.6028000116348267,,127.69999694824219,553,119,70,65,18,51,0,9,115,8.104933631435353,3.5943618713322,2.2549019607843137,1.2685983075290117,0.20795660036166366,0.0922242314647378,0.11573236889692587,0.2413793103448276,1.3312451375304444,0.28055555555555556,0.6906077348066297,,,4.607356868322746,0.8379206983961276,,,,,,,,,466.59117746353166,3.6538072718407717,456.91118478775024,3.5780046648939225,,,,,,,,,,,,,,,,,,,"Carlos Rodriguez","30161",692230
"Caleb Ferguson","PIT",3,3,,3.2906763709216302,61,2,1.1349999904632568,11.947500228881836,,54.70000076293945,239,48,22,20,3,21,0,5,59,9.707495294218809,3.455210189467712,2.8095238095238093,0.49360145563824454,0.24686192468619247,0.08786610878661087,0.15899581589958162,0.22535211267605634,1.261425942186625,0.2980132450331126,0.7253086419753086,,,3.148198242895786,0.8345339440119731,,,,,,,,,336.54500651359564,6.152559448255307,327.9650046825409,5.995703841100217,,,,,,,,,,,,,,,,,,,"Caleb Ferguson","19349",657571
"Joe Jiménez","ATL",3,2,,3.2835821310974187,62,0,0,0.6258999705314636,,60.29999923706055,247,48,24,22,6,19,0,3,74,11.044776259145863,2.835820931402316,3.8947368421052633,0.8955223993902052,0.29959514170040485,0.07692307692307693,0.22267206477732793,0.21333333333333335,1.1111111251693286,0.2896551724137931,0.7337883959044369,,,3.1001447857423723,0.8268705148905292,,,,,,,,,332.12359423637383,5.507854037123266,308.0035960674286,5.107854062428059,,,,,,,,,,,,,,,,,,,"Joe Jimenez","15761",641729
"Jonah Tong","NYM",5,5,,4.424778893838285,25,23,0,0,,101.69999694824219,448,96,54,50,14,48,0,1,98,8.672566631923038,4.247787738084753,2.0416666666666665,1.2389380902747198,0.21875,0.10714285714285714,0.11160714285714286,0.24060150375939848,1.415929246028251,0.2857142857142857,0.7234726688102894,,,4.474247762468666,0.8238801310075063,,,,,,,,,379.7799774169922,3.734316507504639,375.49998474121094,3.692232015821129,,,,,,,,,,,,,,,,,,,"Jonah Tong","32157",804636
"Jake Woodford","NYY",5,7,,4.714285714285714,27,21,0,0,,105,454,105,59,55,14,34,0,7,77,6.6,2.914285714285714,2.264705882352941,1.2,0.1696035242290749,0.07488986784140969,0.09471365638766521,0.2542372881355932,1.3238095238095238,0.2826086956521739,0.6700167504187604,,,4.604575016385033,0.8231713379040639,,,,,,,,,362.79999999999995,3.4552380952380948,374,3.5619047619047617,,,,,,,,,,,,,,,,,,,"Jake Woodford","18674",663765
"Beau Brieske","DET",4,5,,4.120481927710843,45,12,9.894000053405762,10.310799598693848,,83,349,75,41,38,10,30,1,3,76,8.240963855421686,3.253012048192771,2.533333333333333,1.0843373493975903,0.2177650429799427,0.08595988538681948,0.13180515759312322,0.23734177215189872,1.2650602409638554,0.2826086956521739,0.7032967032967034,,,4.094190621663289,0.8194594981602413,,,,,,,,,439.91319866180424,5.300159020021738,428.7131986618042,5.165219260985593,,,,,,,,,,,,,,,,,,,"Beau Brieske","26079",689225
"Sam Hentges","CLE",3,1,,2.89738426135757,52,1,0,0,,49.70000076293945,207,42,17,16,3,16,0,2,52,9.416498849412102,2.89738426135757,3.25,0.5432595490045444,0.25120772946859904,0.07729468599033816,0.17391304347826086,0.2222222222222222,1.1670019941579102,0.291044776119403,0.7620817843866171,,,2.9451518138805364,0.8175182371748638,,,,,,,,,271.68000564575203,5.466398420024568,259.50000381469727,5.221327964409259,,,,,,,,,,,,,,,,,,,"Sam Hentges","18548",656529
"Carson Ragsdale","SFG",5,6,,4.394709934775276,23,23,0,0,,98.30000305175781,434,96,52,48,13,41,0,6,98,8.972532783499522,3.7538147359538816,2.3902439024390243,1.1902339406683038,0.22580645161290322,0.0944700460829493,0.1313364055299539,0.24806201550387597,1.393692733944937,0.3007246376811594,0.7154882154882155,,,4.326194899966604,0.8171673190442708,,,,,,,,,372.92002258300784,3.7936928891716777,377.50001525878906,3.840284878323191,,,,,,,,,,,,,,,,,,,"Carson Ragsdale","27508",685068
"Clayton Beeter","NYY",4,4,,4.404015225093951,21,17,0,0.6694999933242798,,79.69999694824219,343,69,42,39,11,37,0,4,84,9.485571254048509,4.1781682904737485,2.27027027027027,1.2421581404111144,0.24489795918367346,0.10787172011661808,0.13702623906705538,0.22847682119205298,1.3299875038745264,0.28019323671497587,0.7064017660044151,,,4.396090866777564,0.8143242654354494,,,,,,,,,322.7579773902893,4.049661100989638,303.17798471450806,3.8039899162279047,,,,,,,,,,,,,,,,,,,"Clayton Beeter","27494",690925
"Aroldis Chapman","BOS",5,3,,3.1578947838066767,56,0,18.509000778198242,7.76669979095459,,51.29999923706055,220,36,19,18,4,30,1,2,79,13.859649328929304,5.263157973011128,2.6333333333333333,0.7017543964014837,0.35909090909090907,0.13636363636363635,0.22272727272727272,0.19148936170212766,1.2865497267360535,0.3047619047619048,0.7781456953642384,,,2.9715480015116054,0.8123723740880121,,,,,,,,,422.4317974090576,8.234538083655197,390.1117992401123,7.604518616801162,,,,,,,,,,,,,,,,,,,"Aroldis Chapman","10233",547973
"Connor Thomas","MIL",6,5,,4.103343591919057,39,11,0,0,,98.69999694824219,423,100,49,45,11,28,0,5,71,6.474164333916733,2.5531915683051905,2.5357142857142856,1.003039544691325,0.16784869976359337,0.06619385342789598,0.1016548463356974,0.2564102564102564,1.2968592092978746,0.288961038961039,0.7015985790408527,,,4.17965103555376,0.811616404225801,,,,,,,,,378.0799774169923,3.8305976606590537,393.49998474121094,3.9868287427360354,,,,,,,,,,,,,,,,,,,"Connor Thomas","25873",671162
"Brusdar Graterol","LAD",4,1,,3.2264150943396226,52,1,0,0.7239999771118164,,53,214,46,21,19,3,12,1,3,42,7.132075471698113,2.0377358490566038,3.5,0.5094339622641509,0.19626168224299065,0.056074766355140186,0.14018691588785046,0.23115577889447236,1.0943396226415094,0.2792207792207792,0.6877323420074349,,,3.166479778289795,0.8091983390338832,,,,,,,,,277.5959999084473,5.237660375631082,267.89599990844727,5.0546415077065525,,,,,,,,,,,,,,,,,,,"Brusdar Graterol","20367",660813
"Jaime Barria","CLE",6,5,,4.086870558024293,29,15,0,0,,101.30000305175781,430,103,50,46,14,28,1,2,78,6.929910946215105,2.4876603396669608,2.7857142857142856,1.2438301698334804,0.1813953488372093,0.06511627906976744,0.11627906976744187,0.2575,1.2931885099062375,0.288961038961039,0.7271095152603231,,,4.311593267977761,0.8089472384908536,,,,,,,,,375.6200225830078,3.7079961625577647,390.50001525878906,3.854886510312034,,,,,,,,,,,,,,,,,,,"Jaime Barria","18356",642545
"Jared Koenig","MIL",6,5,,3.9033458725163106,43,10,1.9980000257492065,11.619999885559082,,80.69999694824219,344,73,38,35,9,30,2,4,77,8.587360919535882,3.345725033585409,2.566666666666667,1.0037175100756228,0.2238372093023256,0.0872093023255814,0.1366279069767442,0.23548387096774193,1.2763321424418412,0.2857142857142857,0.7190265486725663,,,3.971932101189986,0.8079852751430618,,,,,,,,,405.1499770879745,5.020446002591819,394.9699844121933,4.894299868010052,,,,,,,,,,,,,,,,,,,"Jared Koenig","27517",657649
"Tink Hence","STL",5,5,,4.3578947368421055,25,25,0,0,,95,408,93,50,46,13,33,0,2,79,7.484210526315789,3.126315789473684,2.393939393939394,1.231578947368421,0.19362745098039216,0.08088235294117647,0.11274509803921569,0.24932975871313673,1.3263157894736841,0.2846975088967972,0.7050092764378478,,,4.387532409868743,0.8063679842557974,,,,,,,,,354.3,3.7294736842105265,359,3.778947368421053,,,,,,,,,,,,,,,,,,,"Tink Hence","sa3014709",693311
"Jeremiah Estrada","SDP",5,2,,3.2459016393442623,60,0,4.400000095367432,13.345600128173828,,61,251,45,24,22,7,25,1,1,84,12.39344262295082,3.6885245901639343,3.36,1.0327868852459017,0.3346613545816733,0.099601593625498,0.23505976095617528,0.2,1.1475409836065573,0.2835820895522388,0.7641196013289037,,,3.1828732209127457,0.8022218677619758,,,,,,,,,413.68240098953254,6.781678704746435,379.38240098953247,6.219383622779221,,,,,,,,,,,,,,,,,,,"Jeremiah Estrada","22210",669093
"Tanner Tully","NYY",4,5,,4.645161290322581,21,18,0,0,,93,403,102,52,48,12,24,0,3,54,5.225806451612903,2.3225806451612905,2.25,1.1612903225806452,0.13399503722084366,0.05955334987593052,0.07444168734491313,0.2712765957446808,1.3548387096774193,0.2903225806451613,0.6776556776556777,,,4.553576552483344,0.8018507522364383,,,,,,,,,302.40000000000003,3.2516129032258068,336,3.6129032258064515,,,,,,,,,,,,,,,,,,,"Tanner Tully","19518",668684
"Raisel Iglesias","ATL",6,2,,2.82722516853406,58,0,32.51599884033203,1.4732999801635742,,57.29999923706055,226,47,19,18,6,13,2,2,64,10.052356154787768,2.0418848439412653,4.923076923076923,0.9424083895113533,0.2831858407079646,0.05752212389380531,0.22566371681415928,0.22274881516587677,1.0471204327903925,0.2907801418439716,0.7945736434108527,,,3.079219742223929,0.7999972035560092,,,,,,,,,479.49318847656247,8.368118583960388,459.9731903076172,8.027455435114828,,,,,,,,,,,,,,,,,,,"Raisel Iglesias","17130",628452
"Jordan Balazovic","DET",5,6,,4.270462478856261,32,11,0,0.580299973487854,,84.30000305175781,370,80,43,40,9,37,0,3,75,8.007117147855489,3.950177792942041,2.027027027027027,0.9608540577426586,0.20270270270270271,0.1,0.10270270270270271,0.24242424242424243,1.3879003056282846,0.2886178861788618,0.7088122605363985,,,4.198508210680058,0.7988444272583295,,,,,,,,,337.4412224769592,4.002861331686783,336.8212151527405,3.9955065594237498,,,,,,,,,,,,,,,,,,,"Jordan Balazovic","21866",666364
"Dylan Lee","ATL",4,2,,3.103448275862069,51,0,0,12.700300216674805,,58,235,49,22,20,7,15,2,0,70,10.862068965517242,2.3275862068965516,4.666666666666667,1.0862068965517242,0.2978723404255319,0.06382978723404255,0.23404255319148937,0.22272727272727272,1.103448275862069,0.2937062937062937,0.7749077490774907,,,3.0975142610484157,0.7979160608368818,,,,,,,,,361.50120086669926,6.232779325287918,344.8012008666992,5.944848290805159,,,,,,,,,,,,,,,,,,,"Dylan Lee","19996",669276
"Sean Boyle","NYY",5,5,,4.2631578947368425,20,13,0,0,,76,324,73,39,36,10,20,0,8,63,7.4605263157894735,2.3684210526315788,3.15,1.1842105263157894,0.19444444444444445,0.06172839506172839,0.13271604938271606,0.24662162162162163,1.2236842105263157,0.2825112107623318,0.6835443037974683,,,4.3243745151319,0.7971440354888498,,,,,,,,,291.59999999999997,3.8368421052631576,292,3.8421052631578947,,,,,,,,,,,,,,,,,,,"Sean Boyle","sa3007618",682044
"Jason Foley","DET",4,3,,3.354943232421093,66,0,5.2769999504089355,0.48739999532699585,,61.70000076293945,258,58,25,23,4,16,1,2,50,7.293354853089333,2.3338735529885866,3.125,0.5834683882471466,0.1937984496124031,0.06201550387596899,0.13178294573643412,0.24166666666666667,1.199351686952468,0.2903225806451613,0.7163742690058479,,,3.2637245096643195,0.7967838164712447,,,,,,,,,330.9146053791046,5.3632836513329645,330.8346035480499,5.361987025237901,,,,,,,,,,,,,,,,,,,"Jason Foley","19531",671345
"Bryan Abreu","HOU",4,1,,3,71,0,2.1740000247955322,14.6181001663208,,72,299,53,26,24,7,31,0,5,93,11.625,3.875,3,0.875,0.3110367892976589,0.10367892976588629,0.2073578595317726,0.20152091254752852,1.1666666666666667,0.2822085889570552,0.7816711590296496,,,3.3470353338453505,0.7948506152224374,,,,,,,,,456.2424007892609,6.336700010961957,416.34240078926086,5.78253334429529,,,,,,,,,,,,,,,,,,,"Bryan Abreu","16609",650556
"Luis Ortiz","CLE",7,7,,4.152744730892372,32,18,0,0.6672999858856201,,125.69999694824219,537,117,63,58,17,48,1,6,109,7.804296132194286,3.43675426004886,2.2708333333333335,1.2171838004339712,0.20297951582867785,0.0893854748603352,0.11359404096834265,0.2422360248447205,1.3126491965464395,0.2801120448179272,0.7223796033994335,,,4.479128974836234,0.7941721257236902,,,,,,,,,475.54917736053466,3.783207548973491,466.1691846847534,3.7085854892796988,,,,,,,,,,,,,,,,,,,"Luis Ortiz","27646",682847
"Noah Schultz","CHW",2,3,,4.7227722772277225,28,28,0,0,,101,437,97,57,53,14,35,0,13,90,8.01980198019802,3.118811881188119,2.5714285714285716,1.2475247524752475,0.20594965675057209,0.08009153318077804,0.12585812356979403,0.2493573264781491,1.306930693069307,0.2912280701754386,0.6672597864768683,,,4.612024332745241,0.7933485539257258,,,,,,,,,359,3.5544554455445545,359,3.5544554455445545,,,,,,,,,,,,,,,,,,,"Noah Schultz","32056",702273
"Mason Black","SFG",7,8,,4.487760528598747,26,26,0,0.6378999948501587,,110.30000305175781,484,110,59,55,14,41,0,8,95,7.7515863675796535,3.345421484955429,2.317073170731707,1.1423390436433174,0.1962809917355372,0.08471074380165289,0.11157024793388431,0.25287356321839083,1.368993615794769,0.294478527607362,0.700152207001522,,,4.4266791994518675,0.7897104132293322,,,,,,,,,403.5716225624085,3.6588541377739965,415.0516152381897,3.7629338509032357,,,,,,,,,,,,,,,,,,,"Mason Black","30171",696131
"Caleb Kilian","CHC",3,4,,4.483596431557102,20,15,0,0.6420999765396118,,82.30000305175781,360,83,44,41,9,30,1,4,65,7.108140684175894,3.28068031577349,2.1666666666666665,0.984204094732047,0.18055555555555555,0.08333333333333333,0.09722222222222222,0.254601226993865,1.3730254654903864,0.29365079365079366,0.6872509960159362,,,4.247889215711427,0.7876124992184246,,,,,,,,,313.08842248916625,3.8042334250251177,325.0684151649475,3.949798336708622,,,,,,,,,,,,,,,,,,,"Caleb Kilian","26213",668873
"Tanner Gordon","COL",6,8,,5.015197723456624,21,21,0,0.5722000002861023,,98.69999694824219,432,113,59,55,16,25,0,2,67,6.109422681301706,2.2796353288439204,2.68,1.458966610460109,0.1550925925925926,0.05787037037037037,0.09722222222222221,0.27901234567901234,1.398176335024271,0.30124223602484473,0.6833910034602076,,,4.73689522704894,0.7848968335060091,,,,,,,,,295.0687774181367,2.9895520419607444,340.78878474235535,3.4527740149887074,,,,,,,,,,,,,,,,,,,"Tanner Gordon","27669",685299
"AJ Blubaugh","HOU",7,7,,4.418181818181818,25,20,0,0,,110,481,107,58,54,15,44,1,5,97,7.9363636363636365,3.6,2.2045454545454546,1.2272727272727273,0.20166320166320167,0.09147609147609148,0.1101871101871102,0.24768518518518517,1.3727272727272728,0.2875,0.7153846153846154,,,4.511934323744341,0.7832745742427919,,,,,,,,,398.3,3.620909090909091,402,3.6545454545454548,,,,,,,,,,,,,,,,,,,"AJ Blubaugh","31764",805123
"Kenny Rosenberg","LAA",6,9,,4.472537172180473,24,19,0,0,,114.69999694824219,497,116,62,57,17,40,1,5,99,7.768090877997664,3.138622576968753,2.475,1.33391459521172,0.19919517102615694,0.08048289738430583,0.11871227364185111,0.25663716814159293,1.3600697833531263,0.29464285714285715,0.7110438729198185,,,4.543986353737193,0.7813768357757094,,,,,,,,,401.07997741699205,3.496774089697469,415.49998474121094,3.622493424552603,,,,,,,,,,,,,,,,,,,"Kenny Rosenberg","20009",670046
"Michael Grove","LAD",4,3,,4.279346016946097,33,9,0,0,,67.30000305175781,289,63,35,32,9,23,0,3,70,9.361069412069588,3.075779949680008,3.0434782608695654,1.20356606726609,0.2422145328719723,0.07958477508650519,0.16262975778546712,0.23954372623574144,1.2778602689491818,0.29347826086956524,0.6948228882833787,,,3.9837159968038067,0.7813159443026245,,,,,,,,,285.52002258300786,4.242496428468592,281.50001525878906,4.182763781485988,,,,,,,,,,,,,,,,,,,"Michael Grove","23221",675627
"Jordan Hicks","SFG",5,5,,4.1039235151200355,33,15,0,0.6378999948501587,,94.30000305175781,414,87,46,43,9,44,0,7,88,8.398727193734027,4.1993635968670135,2,0.8589607357227982,0.21256038647342995,0.10628019323671498,0.10628019323671498,0.2396694214876033,1.3891834120948958,0.2932330827067669,0.7179054054054054,,,4.163298409869339,0.7783450318359155,,,,,,,,,386.47162256240836,4.098320361138146,380.0516152381897,4.030239691822632,,,,,,,,,,,,,,,,,,,"Jordan Hicks","19618",663855
"Zack Thompson","STL",5,6,,4.258064516129032,26,18,0,0.6466000080108643,,93,410,86,48,44,11,44,0,5,91,8.806451612903226,4.258064516129032,2.0681818181818183,1.064516129032258,0.22195121951219512,0.1073170731707317,0.11463414634146342,0.23822714681440443,1.3978494623655915,0.28957528957528955,0.7155322862129145,,,4.32777010087044,0.7765718624578913,,,,,,,,,366.8864000320435,3.9450150541079947,359.58640003204346,3.86652043045208,,,,,,,,,,,,,,,,,,,"Zack Thompson","25918",668868
"Eric Lauer","TOR",6,7,,4.285714285714286,23,20,0,0,,105,446,100,54,50,16,38,0,3,90,7.714285714285714,3.257142857142857,2.3684210526315788,1.3714285714285714,0.20179372197309417,0.08520179372197309,0.11659192825112108,0.24691358024691357,1.3142857142857143,0.2809364548494983,0.726643598615917,,,4.604575016385033,0.7765218344689692,,,,,,,,,377.20000000000005,3.5923809523809527,374,3.5619047619047617,,,,,,,,,,,,,,,,,,,"Eric Lauer","19316",641778
"Matt Manning","DET",3,5,,4.485049682311346,19,18,0,0.580299973487854,,90.30000305175781,387,88,49,45,12,34,0,2,71,7.076411720980125,3.3887042044130173,2.088235294117647,1.196013248616359,0.1834625322997416,0.08785529715762273,0.09560723514211887,0.25071225071225073,1.3510520030666278,0.2835820895522388,0.6939163498098859,,,4.517531781356423,0.7750343382483422,,,,,,,,,328.1412224769592,3.6339004583297347,331.8212151527405,3.674653421246824,,,,,,,,,,,,,,,,,,,"Matt Manning","20369",666159
"Chandler Champlain","KCR",6,9,,4.760330578512397,25,24,0,0,,121,534,130,69,64,16,42,0,6,82,6.099173553719008,3.12396694214876,1.9523809523809523,1.1900826446280992,0.15355805243445692,0.07865168539325842,0.07490636704119849,0.2674897119341564,1.421487603305785,0.29381443298969073,0.6885026737967914,,,4.720198786554258,0.774089554348309,,,,,,,,,380.60000000000014,3.1454545454545464,417,3.446280991735537,,,,,,,,,,,,,,,,,,,"Chandler Champlain","sa3018138",669441
"Reid VanScoter","SEA",6,6,,4.310850311283763,22,22,0,0,,102.30000305175781,440,106,53,49,13,28,0,5,72,6.334310661478181,2.463343035019293,2.5714285714285716,1.1436949805446717,0.16363636363636364,0.06363636363636363,0.1,0.26044226044226043,1.309872883700735,0.2888198757763975,0.6994818652849741,,,4.378600954251669,0.7740071877132433,,,,,,,,,366.52002258300786,3.5827958127974853,387.50001525878906,3.787878824038126,,,,,,,,,,,,,,,,,,,"Reid VanScoter","sa3020839",804577
"Anthony Molina","COL",2,3,,4.827586018740442,29,10,0,0.5722000002861023,,78.30000305175781,345,86,45,42,9,24,0,2,53,6.091953785553415,2.7586205821373957,2.2083333333333335,1.0344827183015235,0.1536231884057971,0.06956521739130435,0.08405797101449276,0.26959247648902823,1.4048530742366367,0.29961089494163423,0.6673511293634496,,,4.303133629263074,0.7731234746568554,,,,,,,,,275.4088225841523,3.517353918902171,304.7888152599335,3.892577310098726,,,,,,,,,,,,,,,,,,,"Anthony Molina","26952",683627
"Brent Headrick","NYY",4,4,,4.438356164383562,21,12,0,0.6694999933242798,,73,312,68,39,36,11,26,0,3,74,9.123287671232877,3.2054794520547945,2.8461538461538463,1.356164383561644,0.23717948717948717,0.08333333333333333,0.15384615384615385,0.24028268551236748,1.2876712328767124,0.2878787878787879,0.6997455470737914,,,4.289767449522672,0.7694630640328255,,,,,,,,,291.77799997329714,3.9969589037437965,285.6779999732971,3.9133972599081797,,,,,,,,,,,,,,,,,,,"Brent Headrick","27702",687396
"Dylan Dodd","ATL",5,6,,4.530493573804752,23,19,0,0.6258999705314636,,103.30000305175781,448,111,56,52,15,30,0,3,80,6.969990113545772,2.6137462925796644,2.6666666666666665,1.3068731462898322,0.17857142857142858,0.06696428571428571,0.11160714285714286,0.2674698795180723,1.364956397236047,0.3,0.7083333333333334,,,4.4636723827552585,0.7686673991239661,,,,,,,,,354.82362246513367,3.4348849175478877,385.0036151409149,3.7270435989049417,,,,,,,,,,,,,,,,,,,"Dylan Dodd","29928",689266
"Logan Henderson","MIL",6,6,,4.43298953575704,22,22,0,0,,87.30000305175781,367,80,46,43,15,28,0,3,89,9.175257411218059,2.886597837237142,3.1785714285714284,1.5463916985198976,0.24250681198910082,0.07629427792915532,0.16621253405994552,0.23809523809523808,1.237113358815918,0.2801724137931034,0.7126436781609196,,,4.426502643750452,0.7686191946174556,,,,,,,,,338.52002258300786,3.877663353371345,326.50001525878906,3.739977134539343,,,,,,,,,,,,,,,,,,,"Logan Henderson","31475",701656
"Blake Walston","ARI",5,5,,4.269118944546785,23,20,0,0,,103.30000305175781,455,102,53,49,11,44,0,6,81,7.057114989965094,3.8334945624501744,1.8409090909090908,0.9583736406125436,0.17802197802197803,0.0967032967032967,0.08131868131868132,0.2518518518518518,1.4133591063578925,0.29073482428115016,0.7120980091883614,,,4.434630757282151,0.7653727648467823,,,,,,,,,375.9200225830078,3.6391095012325936,385.50001525878906,3.7318490210076445,,,,,,,,,,,,,,,,,,,"Blake Walston","26270",686796
"Hunter Dobbins","BOS",5,7,,4.768212058197052,22,22,0,0,,105.69999694824219,462,112,61,56,14,35,0,6,77,6.556291580020947,2.9801325363731577,2.2,1.192053014549263,0.16666666666666666,0.07575757575757576,0.0909090909090909,0.2660332541567696,1.3907285169741401,0.296969696969697,0.6750392464678179,,,4.595051248106769,0.7635157540003648,,,,,,,,,349.77997741699215,3.3091767976896715,377.49998474121094,3.571428530183026,,,,,,,,,,,,,,,,,,,"Hunter Dobbins","30240",690928
"Jack Perkins","OAK",3,3,,4.2,19,15,0,0,,75,323,70,38,35,8,29,0,5,67,8.04,3.48,2.310344827586207,0.96,0.20743034055727555,0.08978328173374613,0.11764705882352942,0.2422145328719723,1.32,0.2897196261682243,0.6947608200455581,,,4.126479778289795,0.7628713706298823,,,,,,,,,306.6,4.088,303,4.04,,,,,,,,,,,,,,,,,,,"Jack Perkins","31468",678022
"Bruce Zimmermann","MIL",4,5,,4.414715869260242,22,17,0,0,,89.69999694824219,386,92,48,44,14,26,0,3,79,7.926421674353615,2.6086957409265064,3.0384615384615383,1.4046823220373494,0.20466321243523317,0.06735751295336788,0.13730569948186527,0.25770308123249297,1.3154961428603749,0.29545454545454547,0.7113821138211381,,,4.4039380143703175,0.7627961179635643,,,,,,,,,323.3799774169921,3.605128076019731,337.49998474121094,3.762541763919478,,,,,,,,,,,,,,,,,,,"Bruce Zimmermann","20370",669145
"Austin Peterson","CLE",7,9,,4.475524581648928,24,24,0,0,,128.6999969482422,549,138,69,64,21,28,0,5,91,6.36363651453207,1.9580420044714062,3.25,1.4685315033535546,0.1657559198542805,0.051001821493624776,0.11475409836065573,0.26744186046511625,1.2898213204057676,0.2896039603960396,0.7101024890190337,,,4.642781289597601,0.7579838293777017,,,,,,,,,418.27997741699227,3.2500387516342144,453.49998474121094,3.523698488692194,,,,,,,,,,,,,,,,,,,"Austin Peterson","31994",804926
"Brenan Hanifee","DET",3,4,,3.857142857142857,44,6,0,9.095600128173828,,77,326,76,36,33,8,21,0,3,59,6.896103896103896,2.4545454545454546,2.8095238095238093,0.935064935064935,0.18098159509202455,0.06441717791411043,0.11656441717791412,0.25165562913907286,1.2597402597402598,0.28936170212765955,0.710955710955711,,,3.9197265315365484,0.7561055962512616,,,,,,,,,356.1824005126954,4.625745461203836,363.3824005126953,4.719251954710328,,,,,,,,,,,,,,,,,,,"Brenan Hanifee","22304",669724
"Yilber Díaz","ARI",8,7,,4.2110091743119265,25,20,0,0.6502000093460083,,109,478,101,55,51,14,51,0,6,106,8.752293577981652,4.2110091743119265,2.0784313725490198,1.1559633027522935,0.2217573221757322,0.10669456066945607,0.11506276150627615,0.23990498812351543,1.3944954128440368,0.28903654485049834,0.7326283987915407,,,4.460057759941171,0.7557432687916854,,,,,,,,,415.400800037384,3.8110165141044403,406.60080003738403,3.730282569150312,,,,,,,,,,,,,,,,,,,"Yilber Diaz","29271",700270
"Ian Seymour","TBR",5,6,,4.447439231154471,23,23,0,0,,111.30000305175781,482,107,59,55,15,40,0,10,98,7.924528084602511,3.234501259021433,2.45,1.2129379721330373,0.2033195020746888,0.08298755186721991,0.12033195020746888,0.24768518518518517,1.3207546807670851,0.2884012539184953,0.6984126984126984,,,4.505203910495888,0.747067572822897,,,,,,,,,406.9200225830079,3.6560647926826917,407.50001525878906,3.661275867793907,,,,,,,,,,,,,,,,,,,"Ian Seymour","27932",693855
"Adrian Houser","TEX",5,5,,4.650456070841598,25,16,0,0.6265000104904175,,98.69999694824219,426,97,55,51,11,38,0,4,69,6.29179350760922,3.465045699842759,1.8157894736842106,1.003039544691325,0.1619718309859155,0.0892018779342723,0.0727699530516432,0.2526041666666667,1.367781197306352,0.28289473684210525,0.6688963210702341,,,4.493734125305589,0.745318570467828,,,,,,,,,357.3859774589539,3.620932001105992,365.0059847831726,3.698135725116385,,,,,,,,,,,,,,,,,,,"Adrian Houser","12718",605288
"Andrew Painter","PHI",3,5,,4.709302325581396,21,21,0,0,,86,373,79,49,45,14,37,0,4,91,9.523255813953488,3.872093023255814,2.4594594594594597,1.4651162790697674,0.24396782841823056,0.09919571045576407,0.14477211796246647,0.23795180722891565,1.3488372093023255,0.28634361233480177,0.6950207468879668,,,4.59671233642933,0.7434726700057052,,,,,,,,,317.79999999999995,3.695348837209302,307,3.5697674418604652,,,,,,,,,,,,,,,,,,,"Andrew Painter","30091",691725
"Tony Gonsolin","LAD",5,4,,4.3742404210313195,17,17,0,0.7239999771118164,,82.30000305175781,335,73,43,40,12,27,1,3,67,7.326852705227461,2.952612284196141,2.4814814814814814,1.312272126309396,0.2,0.08059701492537313,0.11940298507462688,0.23934426229508196,1.215066783619811,0.26991150442477874,0.6850961538461539,,,4.527354575943983,0.7432669193575456,,,,,,,,,318.5160224914551,3.8701823898006773,302.3960151672363,3.6743135352870144,,,,,,,,,,,,,,,,,,,"Tony Gonsolin","19388",664062
"Jhony Brito","SDP",6,5,,4.193181818181818,28,13,0,0.6158000230789185,,88,374,88,44,41,11,25,0,3,64,6.545454545454546,2.5568181818181817,2.56,1.125,0.1711229946524064,0.06684491978609626,0.10427807486631015,0.2543352601156069,1.2840909090909092,0.28413284132841327,0.7069672131147542,,,4.291479778289795,0.7418208633762493,,,,,,,,,333.56320009231575,3.7904909101399515,343.4632000923157,3.902990910139951,,,,,,,,,,,,,,,,,,,"Jhony Brito","25386",666745
"Andrew Alvarez","WSN",6,9,,4.796748099715569,24,22,0,0,,110.69999694824219,493,119,64,59,14,42,0,5,76,6.178861958955649,3.4146342404754897,1.8095238095238095,1.13821141349183,0.15415821501014199,0.08519269776876268,0.06896551724137931,0.26681614349775784,1.4543812505728937,0.2949438202247191,0.6859971711456859,,,4.711195268028707,0.739173894788717,,,,,,,,,348.5799774169921,3.1488707048471807,382.49998474121094,3.455284510261088,,,,,,,,,,,,,,,,,,,"Andrew Alvarez","29914",674841
"J.P. France","HOU",5,6,,4.249737534426341,21,16,0,0.652999997138977,,95.30000305175781,419,94,49,45,13,41,0,2,88,8.3105978451004,3.871983086921777,2.1463414634146343,1.2277019543898318,0.2100238663484487,0.09785202863961814,0.11217183770883055,0.25,1.4165791781421135,0.29454545454545455,0.7363013698630138,,,4.446647628166372,0.7377862455895521,,,,,,,,,350.53202257156374,3.678195292199397,357.11201524734497,3.747240333805614,,,,,,,,,,,,,,,,,,,"J.P. France","21212",641585
"Cristian Javier","HOU",6,6,,4.098214285714286,23,19,0,0.652999997138977,,112,472,98,55,51,17,47,0,5,110,8.839285714285714,3.7767857142857144,2.3404255319148937,1.3660714285714286,0.2330508474576271,0.09957627118644068,0.13347457627118642,0.23333333333333334,1.2946428571428572,0.2764505119453925,0.7425742574257426,,,4.5682654925755095,0.7369120635231402,,,,,,,,,431.51199998855606,3.852785714183536,405.6119999885559,3.6215357141835347,,,,,,,,,,,,,,,,,,,"Cristian Javier","17606",664299
"Max Castillo","PHI",4,6,,4.768884042316563,21,17,0,0,,88.69999694824219,385,93,51,47,12,29,0,3,63,6.392333929062627,2.9425029197272408,2.1724137931034484,1.217587415059548,0.16363636363636364,0.07532467532467532,0.08831168831168831,0.26345609065155806,1.3754228207154153,0.29136690647482016,0.6749049429657794,,,4.586998429192601,0.7364871971389699,,,,,,,,,296.9799774169922,3.3481396576629487,317.49998474121094,3.579481349097194,,,,,,,,,,,,,,,,,,,"Max Castillo","21956",666721
"Chase Hampton","NYY",3,3,,4.567474209213669,18,18,0,0,,86.69999694824219,369,83,48,44,14,30,0,2,77,7.993079866123921,3.1141869608275017,2.566666666666667,1.4532872483861674,0.2086720867208672,0.08130081300813008,0.12737127371273713,0.24629080118694363,1.3033449132352137,0.2804878048780488,0.6959314775160599,,,4.596698975114277,0.735428586378085,,,,,,,,,311.5799774169921,3.5937714923219417,309.49998474121094,3.569780803175518,,,,,,,,,,,,,,,,,,,"Chase Hampton","sa3020682",694633
"Kolby Allard","CLE",5,5,,4.297994394617364,26,18,0,0.6672999858856201,,104.69999694824219,451,106,54,50,16,34,0,2,90,7.736389910311255,2.922636188339807,2.6470588235294117,1.3753582062775564,0.19955654101995565,0.07538802660753881,0.12416851441241684,0.25542168674698795,1.3371538116587354,0.2912621359223301,0.7312925170068028,,,4.465429195329709,0.7333771050335522,,,,,,,,,377.0491773605346,3.6012338906459243,390.1691846847534,3.726544374949994,,,,,,,,,,,,,,,,,,,"Kolby Allard","18694",663465
"Nathan Wiles","ATL",5,4,,4.344827586206897,29,14,0,0,,87,376,95,45,42,11,20,0,4,60,6.206896551724138,2.0689655172413794,3,1.1379310344827587,0.1595744680851064,0.05319148936170213,0.10638297872340427,0.26988636363636365,1.3218390804597702,0.298932384341637,0.7028112449799198,,,4.258433801278301,0.7301329648674091,,,,,,,,,309.5,3.557471264367816,340,3.9080459770114944,,,,,,,,,,,,,,,,,,,"Nathan Wiles","25474",686249
"Zach Messinger","NYY",6,7,,4.778760944620909,25,22,0,0,,124.30000305175781,548,123,71,66,18,49,0,8,100,7.240546885789255,3.5478679740367354,2.0408163265306123,1.303298439442066,0.18248175182481752,0.08941605839416059,0.09306569343065693,0.2505091649694501,1.38374896039528,0.28150134048257375,0.6880108991825613,,,4.815715457830681,0.7298771899653345,,,,,,,,,407.6200225830078,3.2793243167763815,416.50001525878906,3.350764320459114,,,,,,,,,,,,,,,,,,,"Zach Messinger","sa3018093",684725
"Camilo Doval","SFG",6,3,,3.307809952608961,66,0,9.706999778747559,11.750699996948242,,65.30000305175781,277,51,26,24,5,30,3,4,81,11.163858590055243,4.134762440761201,2.7,0.6891270734602002,0.2924187725631769,0.10830324909747292,0.18411552346570398,0.20987654320987653,1.2404287322283603,0.2929936305732484,0.7432432432432432,,,3.243049453118706,0.7284841061375491,,,,,,,,,444.65782146453864,6.8094609599343485,417.0378141403198,6.386489964016833,,,,,,,,,,,,,,,,,,,"Camilo Doval","21992",666808
"Packy Naughton","STL",2,2,,3.624161011968335,20,8,0,0,,44.70000076293945,191,44,19,18,4,13,0,1,39,7.852348859264726,2.617449619754909,3,0.8053691137707412,0.20418848167539266,0.06806282722513089,0.13612565445026176,0.24858757062146894,1.2751677634703402,0.29850746268656714,0.7392996108949417,,,3.524421606632347,0.7266424762675756,,,,,,,,,203.18000564575195,4.54541391896815,207.50000381469727,4.642058171657449,,,,,,,,,,,,,,,,,,,"Packy Naughton","23292",676050
"Bradley Blalock","COL",4,7,,4.846153846153846,24,22,0,0.5722000002861023,,104,462,112,61,56,15,41,0,3,78,6.75,3.548076923076923,1.9024390243902438,1.2980769230769231,0.16883116883116883,0.08874458874458875,0.08008658008658008,0.2679425837320574,1.4711538461538463,0.29846153846153844,0.696969696969697,,,4.810710547520564,0.7262310279983996,,,,,,,,,320.18880000114444,3.0787384615494657,351.2888000011444,3.377776923087927,,,,,,,,,,,,,,,,,,,"Bradley Blalock","26419",687134
"Tristan Beck","SFG",4,4,,4.118438592618073,24,10,0,0.6378999948501587,,74.30000305175781,319,74,37,34,8,23,1,4,61,7.38896335734419,2.7860025773592847,2.652173913043478,0.9690443747336643,0.19122257053291536,0.07210031347962383,0.11912225705329153,0.2534246575342466,1.305518115960631,0.29596412556053814,0.6993006993006993,,,4.014393606181751,0.7248526064123326,,,,,,,,,302.5716225624085,4.072296233307492,311.0516152381897,4.186428027755387,,,,,,,,,,,,,,,,,,,"Tristan Beck","21584",663941
"JP Sears","OAK",9,11,,4.4423076923076925,28,27,0,0,,156,660,153,83,77,25,45,1,10,129,7.4423076923076925,2.5961538461538463,2.8666666666666667,1.4423076923076923,0.19545454545454546,0.06818181818181818,0.1272727272727273,0.2528925619834711,1.2692307692307692,0.2838137472283814,0.7055214723926381,,,4.653659265469282,0.7238935865301509,,,,,,,,,542.1000000000001,3.475000000000001,548,3.5128205128205128,,,,,,,,,,,,,,,,,,,"JP Sears","23429",676664
"Mason Barnett","OAK",7,9,,4.488588218951106,24,23,0,0,,118.30000305175781,515,114,64,59,16,46,0,8,105,7.988165474404511,3.4995772554534046,2.282608695652174,1.2172442627664015,0.20388349514563106,0.08932038834951456,0.1145631067961165,0.2472885032537961,1.3524936252960018,0.28823529411764703,0.6976744186046512,,,4.518973403585797,0.7216618967582642,,,,,,,,,430.22002258300773,3.6366864876138743,431.50001525878906,3.6475063747039984,,,,,,,,,,,,,,,,,,,"Mason Barnett","31741",686930
"Michael Lorenzen","KCR",5,7,,4.439140919229777,26,23,0,0.6407999992370605,,125.69999694824219,531,119,67,62,17,50,0,4,91,6.515513284675963,3.579952354217562,1.82,1.2171838004339712,0.1713747645951036,0.09416195856873823,0.07721280602636536,0.24947589098532494,1.3444709952505955,0.2764227642276423,0.7024793388429753,,,4.765525163173639,0.7211520611683928,,,,,,,,,434.2431774139404,3.4545997450798898,430.0631847381592,3.4213460237015005,,,,,,,,,,,,,,,,,,,"Michael Lorenzen","14843",547179
"Drew Anderson","DET",5,8,,4.636363636363637,26,18,0,0,,99,433,95,55,51,13,44,0,4,87,7.909090909090909,4,1.9772727272727273,1.1818181818181819,0.20092378752886836,0.10161662817551963,0.09930715935334873,0.24675324675324675,1.404040404040404,0.28771929824561404,0.695364238410596,,,4.570520182330199,0.7203708382758408,,,,,,,,,355.70000000000005,3.5929292929292935,356,3.595959595959596,,,,,,,,,,,,,,,,,,,"Drew Anderson","15130",623454
"Cody Poteet","CHC",3,3,,4.061135551580818,17,16,0,0.6420999765396118,,68.69999694824219,287,64,34,31,9,23,0,2,60,7.860262357898356,3.013100570527703,2.608695652173913,1.1790393536847534,0.20905923344947736,0.08013937282229965,0.1289198606271777,0.24427480916030533,1.2663756021058463,0.2849740932642487,0.7123655913978494,,,4.21451475934291,0.7181739195040395,,,,,,,,,278.84837732315066,4.058928525618886,274.0683846473694,3.9893507543217135,,,,,,,,,,,,,,,,,,,"Cody Poteet","18769",547001
"Alex Vesia","LAD",6,3,,3.1781701833828477,65,0,0,13.742600440979004,,62.29999923706055,254,45,24,22,7,27,3,2,81,11.701444766091395,3.9004815886971316,3,1.011235967439997,0.3188976377952756,0.1062992125984252,0.21259842519685038,0.2,1.1556982485028537,0.2773722627737226,0.7717041800643086,,,3.4233016112904293,0.7126193754436297,,,,,,,,,387.89039611816406,6.226170158400561,350.47039794921875,5.625528125861254,,,,,,,,,,,,,,,,,,,"Alex Vesia","25007",681911
"Jhonathan Díaz","SEA",6,6,,4.326923076923077,26,18,0,0,,104,459,101,54,50,11,40,0,12,87,7.528846153846154,3.4615384615384617,2.175,0.9519230769230769,0.1895424836601307,0.08714596949891068,0.10239651416122003,0.24815724815724816,1.3557692307692308,0.2912621359223301,0.6926751592356688,,,4.368402855212872,0.7125079383447447,,,,,,,,,389.69999999999993,3.747115384615384,395,3.798076923076923,,,,,,,,,,,,,,,,,,,"Jhonathan Diaz","20298",646242
"Chase Dollander","COL",4,6,,5.013927718674959,22,22,0,0,,107.69999694824219,475,104,65,60,17,44,0,12,103,8.607242583725347,3.6768803270283033,2.340909090909091,1.4206128536245717,0.2168421052631579,0.09263157894736843,0.12421052631578947,0.24821002386634844,1.374187596970174,0.2909698996655518,0.6682769726247987,,,4.865644171840754,0.7108935221876607,,,,,,,,,355.4799774169922,3.3006498374166773,355.49998474121094,3.300835606449042,,,,,,,,,,,,,,,,,,,"Chase Dollander","33482",801403
"Kevin Ginkel","ARI",6,3,,3.09375,65,0,2.2990000247955322,12.185600280761719,,64,263,55,24,22,6,20,0,2,68,9.5625,2.8125,3.4,0.84375,0.2585551330798479,0.07604562737642585,0.18250950570342206,0.22821576763485477,1.171875,0.2934131736526946,0.7657657657657658,,,3.291479778289795,0.7088232390217276,,,,,,,,,387.0374012470245,6.047459394484758,372.23740124702454,5.816209394484758,,,,,,,,,,,,,,,,,,,"Kevin Ginkel","19876",656464
"Angel Zerpa","KCR",3,2,,3.946251938373482,47,8,2.117000102996826,14.362799644470215,,70.69999694824219,303,68,34,31,7,24,1,3,58,7.38331007824716,3.055162790998825,2.4166666666666665,0.8910891473746573,0.19141914191419143,0.07920792079207921,0.11221122112211222,0.2463768115942029,1.3012730406106106,0.2890995260663507,0.7055961070559611,,,3.9585590204006014,0.7084426894449594,,,,,,,,,363.31617650985714,5.138842888152207,365.5361838340759,5.170243275988772,,,,,,,,,,,,,,,,,,,"Angel Zerpa","22717",672582
"Yoendrys Gómez","NYY",3,4,,4.406364913673912,26,21,0,4.106400012969971,,81.69999694824219,352,73,43,40,11,35,0,6,77,8.482252458822279,3.855569299464672,2.2,1.2117503512603256,0.21875,0.09943181818181818,0.11931818181818182,0.2347266881028939,1.3219094741021733,0.27802690582959644,0.7019438444924406,,,4.537348862543901,0.7066954522312068,,,,,,,,,326.90557746887197,4.001292407342072,312.9255847930908,3.830178659508794,,,,,,,,,,,,,,,,,,,"Yoendrys Gomez","22872",672782
"Trevor Williams","WSN",4,5,,4.697508726741886,19,17,0,0.6308000087738037,,84.30000305175781,370,91,48,44,12,28,0,3,66,7.04626309011283,2.9893237351993824,2.357142857142857,1.2811387436568782,0.1783783783783784,0.07567567567567568,0.10270270270270271,0.26843657817109146,1.4116250971774862,0.30268199233716475,0.6947162426614482,,,4.55438008391808,0.7018631281327288,,,,,,,,,281.143222618103,3.3350321760426156,307.0232152938843,3.642030891806501,,,,,,,,,,,,,,,,,,,"Trevor Williams","16977",592866
"Nabil Crismatt","PHI",3,4,,4.4243206532735435,32,11,0,0,,77.30000305175781,335,81,41,38,10,23,0,3,60,6.985769452537173,2.6778782901392497,2.608695652173913,1.1642949087561956,0.1791044776119403,0.06865671641791045,0.11044776119402984,0.2621359223300971,1.3454074501182705,0.29707112970711297,0.7,,,4.304901466851408,0.7018485603991291,,,,,,,,,280.42002258300784,3.627684495629927,298.50001525878906,3.8615783114383864,,,,,,,,,,,,,,,,,,,"Nabil Crismatt","17732",622503
"Rafael Sanchez","TOR",4,6,,4.581123923854923,19,18,0,0,,94.30000305175781,412,102,52,48,14,28,0,1,66,6.29904539530052,2.672322288915372,2.357142857142857,1.336161144457686,0.16019417475728157,0.06796116504854369,0.09223300970873788,0.26631853785900783,1.3785789585674537,0.29042904290429045,0.7065217391304347,,,4.619289911549343,0.7002805639852439,,,,,,,,,305.4200225830078,3.2388124358317776,334.50001525878906,3.5471898667404527,,,,,,,,,,,,,,,,,,,"Rafael Sanchez","sa3018362",803596
"Patrick Monteverde","MIA",5,8,,4.5135407600224,21,20,0,0,,99.69999694824219,437,107,54,50,14,34,0,4,77,6.950852770434496,3.069207716815232,2.264705882352941,1.263791412806272,0.17620137299771166,0.07780320366132723,0.09839816933638443,0.2681704260651629,1.4142427714736854,0.30194805194805197,0.7166392092257001,,,4.590752640341308,0.6977929536370593,,,,,,,,,327.3799774169922,3.283650826859571,356.49998474121094,3.575727137948487,,,,,,,,,,,,,,,,,,,"Patrick Monteverde","29564",687287
"Joey Wentz","PIT",4,4,,4.447058823529412,34,10,0,12.476499557495117,,85,374,83,45,42,11,37,0,2,85,9,3.9176470588235293,2.2972972972972974,1.1647058823529413,0.22727272727272727,0.09893048128342247,0.1283422459893048,0.24776119402985075,1.411764705882353,0.301255230125523,0.717017208413002,,,4.22530330770156,0.692234551097147,,,,,,,,,380.8059982299805,4.480070567411535,384.90599822998047,4.528305861529182,,,,,,,,,,,,,,,,,,,"Joey Wentz","19962",666214
"Michael Soroka","WSN",5,8,,4.684385223747406,26,13,0,0.6308000087738037,,90.30000305175781,393,85,51,47,12,36,0,7,83,8.272424969596484,3.5880397458490774,2.3055555555555554,1.196013248616359,0.21119592875318066,0.0916030534351145,0.11959287531806616,0.24285714285714285,1.3399778063201802,0.28627450980392155,0.6717850287907869,,,4.484309191117079,0.6904187616037525,,,,,,,,,339.143222618103,3.7557387724972076,335.0232152938843,3.7101130007920036,,,,,,,,,,,,,,,,,,,"Michael Soroka","18383",647336
"Sem Robberse","STL",5,6,,4.468085244534084,21,19,0,0,,98.69999694824219,430,100,53,49,13,35,0,4,77,7.021276812839274,3.1914894603814883,2.2,1.1854103709988386,0.17906976744186046,0.08139534883720931,0.09767441860465115,0.2557544757033248,1.367781197306352,0.28903654485049834,0.702054794520548,,,4.503865837878228,0.6897791324745093,,,,,,,,,347.47997741699226,3.5205672559362804,361.49998474121094,3.6626139404115667,,,,,,,,,,,,,,,,,,,"Sem Robberse","sa3011735",691828
"Spencer Howard","SFG",4,4,,4.5,25,12,0,0,,78,346,79,42,39,10,30,0,3,77,8.884615384615385,3.4615384615384617,2.566666666666667,1.1538461538461537,0.22254335260115607,0.08670520231213873,0.13583815028901736,0.2523961661341853,1.3974358974358974,0.3053097345132743,0.7052631578947368,,,4.128018239828257,0.6882956005576927,,,,,,,,,303.80000000000007,3.8948717948717957,315,4.038461538461538,,,,,,,,,,,,,,,,,,,"Spencer Howard","23252",675921
"Cam Schlittler","NYY",6,7,,4.732229936140405,23,21,0,0,,102.69999694824219,455,99,58,54,15,44,0,7,93,8.149951556686254,3.8558910590773676,2.1136363636363638,1.3145083155945572,0.2043956043956044,0.0967032967032967,0.10769230769230768,0.24504950495049505,1.3924051046668273,0.28378378378378377,0.6967213114754098,,,4.743889757003264,0.6881001132172511,,,,,,,,,351.0799774169922,3.4185003685435973,351.49998474121094,3.4225900212865312,,,,,,,,,,,,,,,,,,,"Cam Schlittler","32095",693645
"Hyun-il Choi","WSN",5,9,,4.86734693877551,21,17,0,0,,98,427,103,57,53,14,27,0,9,72,6.612244897959184,2.479591836734694,2.6666666666666665,1.2857142857142858,0.1686182669789227,0.06323185011709602,0.10538641686182669,0.26342710997442453,1.3265306122448979,0.29180327868852457,0.661231884057971,,,4.656275696657142,0.6861797558339059,,,,,,,,,321.2,3.277551020408163,344,3.510204081632653,,,,,,,,,,,,,,,,,,,"Hyun-il Choi","sa3009992",683425
"Yu-Min Lin","ARI",5,5,,4.205607476635514,23,23,0,0,,107,473,107,54,50,13,41,0,10,87,7.317757009345795,3.4485981308411215,2.1219512195121952,1.0934579439252337,0.1839323467230444,0.08668076109936575,0.09725158562367865,0.25355450236966826,1.3831775700934579,0.2919254658385093,0.724191063174114,,,4.549657348383253,0.6859211469427237,,,,,,,,,374.7000000000001,3.5018691588785056,387,3.616822429906542,,,,,,,,,,,,,,,,,,,"Yu-Min Lin","sa3019278",801179
"Dustin May","LAD",3,2,,3.580901784296784,8,8,0,0.7239999771118164,,37.70000076293945,152,30,16,15,4,12,0,3,38,9.071617853551853,2.864721427437427,3.1666666666666665,0.9549071424791423,0.25,0.07894736842105263,0.17105263157894737,0.21897810218978103,1.1140583328923328,0.2736842105263158,0.7142857142857143,,,3.7235089447359613,0.6820359146788003,,,,,,,,,185.67600555419926,4.925092885852828,170.39600372314453,4.5197878056981455,,,,,,,,,,,,,,,,,,,"Dustin May","19716",669160
"James Hicks","HOU",5,4,,4.2727272727272725,24,12,0,0,,99,429,100,51,47,13,31,0,5,76,6.909090909090909,2.8181818181818183,2.4516129032258065,1.1818181818181819,0.17715617715617715,0.07226107226107226,0.1048951048951049,0.2544529262086514,1.3232323232323233,0.28618421052631576,0.7092198581560284,,,4.429106040916057,0.6784321240918493,,,,,,,,,356.70000000000005,3.6030303030303035,370,3.7373737373737375,,,,,,,,,,,,,,,,,,,"James Hicks","sa3023161",801802
"Ricky Tiedemann","TOR",3,3,,4.134762440761201,26,26,0,0,,65.30000305175781,284,55,32,30,8,32,0,6,70,9.647779028442802,4.410413270145281,2.1875,1.1026033175363203,0.24647887323943662,0.11267605633802817,0.13380281690140844,0.22357723577235772,1.3323123420230536,0.27976190476190477,0.7255936675461742,,,4.360966705620809,0.6765521281970701,,,,,,,,,267.8200225830079,4.10137840837051,248.50001525878906,3.8055130726689863,,,,,,,,,,,,,,,,,,,"Ricky Tiedemann","30165",694357
"Kyle Tyler","PHI",5,6,,4.907497711553013,23,19,0,0.593999981880188,,102.69999694824219,457,107,61,56,14,43,0,4,80,7.010711016504305,3.7682571713710638,1.8604651162790697,1.2268744278882533,0.175054704595186,0.09409190371991247,0.08096280087527352,0.26097560975609757,1.4605647951050635,0.29430379746835444,0.6825153374233128,,,4.753626855637298,0.6734323773582134,,,,,,,,,330.955977344513,3.2225509949265643,352.8759846687317,3.4359882683012244,,,,,,,,,,,,,,,,,,,"Kyle Tyler","22092",667725
"Wilmer Flores","DET",4,5,,4.315068493150685,24,15,0,0,,73,320,71,38,35,8,27,0,7,59,7.273972602739726,3.328767123287671,2.185185185185185,0.9863013698630136,0.184375,0.084375,0.1,0.24825174825174826,1.3424657534246576,0.2876712328767123,0.6912442396313364,,,4.37195923034459,0.6728797900048257,,,,,,,,,273.20000000000005,3.7424657534246584,277,3.7945205479452055,,,,,,,,,,,,,,,,,,,"Wilmer Flores","sa3015223",695865
"Andry Lara","WSN",8,13,,4.864864994301567,24,24,0,0,,114.69999694824219,503,121,67,62,17,40,0,5,84,6.591107411634382,3.138622576968753,2.1,1.33391459521172,0.16699801192842942,0.07952286282306163,0.08747514910536779,0.26419213973799127,1.4036617635888033,0.2913165266106443,0.685131195335277,,,4.805538235151255,0.6707860269564299,,,,,,,,,358.07997741699216,3.1218830596706466,385.49998474121094,3.36094154313854,,,,,,,,,,,,,,,,,,,"Andry Lara","27967",691251
"George Klassen","LAA",5,7,,4.6875,25,25,0,0,,96,422,92,54,50,13,45,0,3,89,8.34375,4.21875,1.9777777777777779,1.21875,0.2109004739336493,0.1066350710900474,0.1042654028436019,0.24598930481283424,1.4270833333333333,0.29044117647058826,0.6986531986531986,,,4.572729778289795,0.668703847795206,,,,,,,,,345.30000000000007,3.5968750000000007,345,3.59375,,,,,,,,,,,,,,,,,,,"George Klassen","33464",691946
"Ryan Gusto","HOU",6,7,,4.473902350068488,26,21,0,0,,120.69999694824219,526,120,65,60,17,46,0,5,97,7.232808799277389,3.429991801719174,2.108695652173913,1.2676056658527382,0.1844106463878327,0.08745247148288973,0.09695817490494296,0.25263157894736843,1.375310722428461,0.2853185595567867,0.7102672292545711,,,4.657780561645957,0.6678409168909616,,,,,,,,,413.07997741699216,3.422369410615035,423.49998474121094,3.5086992166438375,,,,,,,,,,,,,,,,,,,"Ryan Gusto","26440",687473
"Yennier Cano","BAL",4,3,,3.270142219509013,66,0,3.0179998874664307,11.689800262451172,,63.29999923706055,264,56,25,23,5,21,1,2,59,8.388625693523121,2.9857820265082293,2.8095238095238093,0.7109004825019594,0.22348484848484848,0.07954545454545454,0.14393939393939392,0.23236514522821577,1.2164297145033527,0.288135593220339,0.7428571428571429,,,3.4192443942904918,0.6662974642682652,,,,,,,,,372.16919484138486,5.879450226335694,362.3491966724396,5.7243159721918815,,,,,,,,,,,,,,,,,,,"Yennier Cano","25911",666974
"Spencer Giesting","ARI",8,9,,4.379561935398521,24,24,0,0,,123.30000305175781,547,123,65,60,16,52,0,8,103,7.518247989100795,3.7956203440120517,1.9807692307692308,1.167883182772939,0.1882998171846435,0.09506398537477148,0.09323583180987202,0.25256673511293637,1.4193024790643356,0.2907608695652174,0.7208387942332897,,,4.642554356516704,0.6654697751680325,,,,,,,,,421.82002258300776,3.4210868786916393,434.50001525878906,3.523925421773091,,,,,,,,,,,,,,,,,,,"Spencer Giesting","sa3020402",801517
"Griffin Canning","NYM",7,9,,4.861407354910006,26,25,0,0.6718999743461609,,140.6999969482422,604,136,82,76,24,52,1,5,127,8.123667553599615,3.3262260849384253,2.4423076923076925,1.535181269971581,0.21026490066225165,0.08609271523178808,0.12417218543046357,0.24862888482632542,1.3361762905308203,0.2828282828282828,0.6865284974093264,,,4.7940562172874435,0.6653080093357393,,,,,,,,,478.06757731437676,3.3977795855264903,477.1875846385956,3.3915251953710666,,,,,,,,,,,,,,,,,,,"Griffin Canning","19867",656288
"Collin Wiles","TEX",5,7,,4.680389877752802,19,16,0,0,,92.30000305175781,394,98,52,48,14,21,0,4,63,6.1430117145505525,2.047670571516851,3,1.3651137143445673,0.1598984771573604,0.0532994923857868,0.10659898477157362,0.26558265582655827,1.289274063547647,0.2876712328767123,0.6740442655935613,,,4.58576467177502,0.6649503576085665,,,,,,,,,307.0200225830078,3.326327328622561,330.50001525878906,3.5807151065147753,,,,,,,,,,,,,,,,,,,"Collin Wiles","15106",621079
"Will Vest","DET",3,3,,3.554502412509797,63,1,2.9679999351501465,11.751299858093262,,63.29999923706055,266,58,27,25,6,20,1,2,60,8.530805790023512,2.8436019300078375,3,0.8530805790023512,0.22556390977443608,0.07518796992481203,0.15037593984962405,0.23770491803278687,1.2322275030033962,0.29213483146067415,0.7327586206896552,,,3.54562670229084,0.6599578827623142,,,,,,,,,359.6651934623718,5.681914657145793,354.3451952934265,5.5978704512521755,,,,,,,,,,,,,,,,,,,"Will Vest","19769",676684
"Ian Hamilton","NYY",3,2,,3.3962263607732686,38,1,1.1239999532699585,15.232099533081055,,47.70000076293945,202,39,19,18,4,20,0,2,55,10.377358324584987,3.773584845303632,2.75,0.7547169690607264,0.2722772277227723,0.09900990099009901,0.17326732673267328,0.21666666666666667,1.2368972548495238,0.2892561983471074,0.7490636704119851,,,3.33419466030329,0.659663782372107,,,,,,,,,312.92840354442603,6.560343784890586,297.0484017133713,6.227429705706907,,,,,,,,,,,,,,,,,,,"Ian Hamilton","19261",641656
"Sean Sullivan","COL",4,7,,5.155339805825243,21,21,0,0,,103,449,110,64,59,16,35,0,4,74,6.466019417475728,3.058252427184466,2.1142857142857143,1.3980582524271845,0.16481069042316257,0.0779510022271715,0.08685968819599107,0.2682926829268293,1.4077669902912622,0.29375,0.6606851549755303,,,4.884926380231542,0.6591110410614763,,,,,,,,,310.4000000000001,3.01359223300971,338,3.2815533980582523,,,,,,,,,,,,,,,,,,,"Sean Sullivan","33502",807743
"Garrett Burhenn","DET",4,6,,4.676470588235294,24,22,0,0,,102,449,108,57,53,15,34,0,4,76,6.705882352941177,3,2.235294117647059,1.3235294117647058,0.16926503340757237,0.0757238307349666,0.09354120267260578,0.26277372262773724,1.392156862745098,0.290625,0.7024793388429752,,,4.705695464564305,0.6575287960903927,,,,,,,,,327.50000000000006,3.210784313725491,353,3.4607843137254903,,,,,,,,,,,,,,,,,,,"Garrett Burhenn","sa3018173",696148
"Jonathan Loáisiga","NYY",5,3,,3.2346723566143587,39,0,0,0.6694999933242798,,47.29999923706055,193,42,18,17,3,12,0,2,39,7.420718935762352,2.2832981340807237,3.25,0.5708245335201809,0.20207253886010362,0.06217616580310881,0.13989637305699482,0.2346368715083799,1.1416490670403618,0.2846715328467153,0.7228915662650602,,,3.229904726458704,0.6540265342756703,,,,,,,,,242.59799432754522,5.128921738701944,236.17799615859985,4.993192388331994,,,,,,,,,,,,,,,,,,,"Jonathan Loaisiga","19753",642528
"Max Kranick","NYM",3,2,,4.084919290392616,36,10,0,6.853700160980225,,68.30000305175781,292,65,34,31,8,22,1,3,59,7.774523810747236,2.89897498027863,2.6818181818181817,1.0541727201013202,0.20205479452054795,0.07534246575342465,0.1267123287671233,0.24344569288389514,1.2737920367890951,0.285,0.6992084432717678,,,4.05959833282008,0.6526844670905445,,,,,,,,,308.43482322692876,4.515883007987519,307.91481590270996,4.508269431106347,,,,,,,,,,,,,,,,,,,"Max Kranick","22175",668820
"Trenton Denholm","CLE",6,8,,4.5,23,21,0,0,,116,508,125,63,58,16,37,0,3,78,6.051724137931035,2.8706896551724137,2.108108108108108,1.2413793103448276,0.15354330708661418,0.07283464566929133,0.08070866141732284,0.2670940170940171,1.396551724137931,0.2914438502673797,0.7091690544412608,,,4.649238398979451,0.6517246925635964,,,,,,,,,372.60000000000014,3.2120689655172425,408,3.5172413793103448,,,,,,,,,,,,,,,,,,,"Trenton Denholm","sa3018139",671143
"Carmen Mlodzinski","PIT",5,5,,3.8912135547425573,47,7,0,0.6169999837875366,,71.69999694824219,306,67,34,31,7,27,1,3,62,7.7824271094851145,3.3891214831628727,2.2962962962962963,0.8786611252644484,0.20261437908496732,0.08823529411764706,0.11437908496732026,0.2427536231884058,1.3110181869025104,0.2898550724637681,0.7125890736342042,,,3.961458891624296,0.6506262345655025,,,,,,,,,306.74797735214224,4.278214650044871,303.9679846763611,4.239442086668223,,,,,,,,,,,,,,,,,,,"Carmen Mlodzinski","27572",669387
"Jack Leiter","TEX",4,6,,5.036958979636525,22,19,0,0.6265000104904175,,94.69999694824219,416,86,57,53,14,44,0,6,97,9.21858530235364,4.181626322717115,2.2045454545454546,1.330517466319082,0.23317307692307693,0.10576923076923077,0.12740384615384615,0.23497267759562843,1.3727561160434973,0.2823529411764706,0.661231884057971,,,4.623713193782123,0.6466583792194673,,,,,,,,,351.4859774589538,3.711573271233121,338.0059847831726,3.5692290990031195,,,,,,,,,,,,,,,,,,,"Jack Leiter","30146",683004
"C.J. Culpepper","MIN",4,5,,4.4243206532735435,23,22,0,0,,77.30000305175781,341,77,41,38,9,28,0,7,62,7.218628434288412,3.2600257445173475,2.2142857142857144,1.047865417880576,0.18181818181818182,0.08211143695014662,0.0997067448680352,0.25163398692810457,1.3583440602155614,0.28936170212765955,0.6926406926406926,,,4.434267567824319,0.6466327453727727,,,,,,,,,280.1200225830079,3.62380351260074,288.50001525878906,3.732212210465476,,,,,,,,,,,,,,,,,,,"C.J. Culpepper","sa3020563",690217
"Chase Petty","CIN",5,8,,5.129924428706731,27,27,0,0,,119.30000305175781,525,126,74,68,18,46,0,5,87,6.563285666139494,3.4702429958898477,1.891304347826087,1.357921172304723,0.1657142857142857,0.08761904761904762,0.07809523809523808,0.26582278481012656,1.4417434668914344,0.2926829268292683,0.667574931880109,,,4.951894652986746,0.6465666845716405,,,,,,,,,354.8200225830078,2.9741828458216437,383.50001525878906,3.2145851253030493,,,,,,,,,,,,,,,,,,,"Chase Petty","30170",695534
"Josh Hader","HOU",7,5,,3.1781701833828477,64,0,32.608001708984375,1.5369999408721924,,62.29999923706055,251,43,24,22,8,26,1,3,88,12.712680733531391,3.7560193076342747,3.3846153846153846,1.1556982485028537,0.350597609561753,0.10358565737051793,0.24701195219123506,0.19369369369369369,1.107544154815235,0.2777777777777778,0.7785467128027682,,,3.4072502467278896,0.6436842758458499,,,,,,,,,509.0080026626587,8.170273015988482,465.6880044937134,7.474927932530189,,,,,,,,,,,,,,,,,,,"Josh Hader","14212",623352
"Andrew Hoffmann","KCR",5,6,,4.704545454545454,25,18,0,0,,88,390,91,50,46,11,35,0,4,68,6.954545454545454,3.5795454545454546,1.9428571428571428,1.125,0.17435897435897435,0.08974358974358974,0.0846153846153846,0.25925925925925924,1.4318181818181819,0.29411764705882354,0.6871609403254973,,,4.575570687380704,0.6425397888621761,,,,,,,,,298.30000000000007,3.389772727272728,316,3.590909090909091,,,,,,,,,,,,,,,,,,,"Andrew Hoffmann","29633",694851
"Tanner Banks","PHI",3,2,,3.9545454545454546,49,2,0,11.107399940490723,,66,280,64,31,29,8,19,1,2,64,8.727272727272727,2.590909090909091,3.3684210526315788,1.0909090909090908,0.22857142857142856,0.06785714285714285,0.1607142857142857,0.2471042471042471,1.2575757575757576,0.2994652406417112,0.7242339832869081,,,3.757388869198886,0.6425088897970165,,,,,,,,,333.029599761963,5.0459030266964096,335.4295997619629,5.082266663060044,,,,,,,,,,,,,,,,,,,"Tanner Banks","16990",621383
"Michael Plassmeyer","TEX",5,8,,4.921020473660235,24,15,0,0,,82.30000305175781,354,81,49,45,12,23,0,8,71,7.764276747330593,2.515188242093009,3.0869565217391304,1.312272126309396,0.20056497175141244,0.06497175141242938,0.13559322033898308,0.25077399380804954,1.2636694549646035,0.2875,0.6307339449541284,,,4.466601236762993,0.640723754805925,,,,,,,,,299.8200225830078,3.643013505047544,304.50001525878906,3.699878541526802,,,,,,,,,,,,,,,,,,,"Michael Plassmeyer","23191",674681
"Victor Santos","STL",6,7,,4.5,28,14,0,0,,94,401,95,51,47,11,28,0,4,62,5.9361702127659575,2.6808510638297873,2.2142857142857144,1.053191489361702,0.1546134663341646,0.06982543640897755,0.08478802992518704,0.25745257452574527,1.3085106382978724,0.28378378378378377,0.6691449814126395,,,4.3898840336089435,0.6379596046066461,,,,,,,,,341.29999999999995,3.6308510638297866,355,3.776595744680851,,,,,,,,,,,,,,,,,,,"Victor Santos","sa3003083",673257
"Ken Waldichuk","OAK",4,5,,4.514407831129983,22,17,0,0,,93.69999694824219,409,87,51,47,12,40,0,7,90,8.644610740461669,3.842049217982964,2.25,1.1526147653948893,0.2200488997555012,0.097799511002445,0.12224938875305622,0.24033149171270718,1.355389585232879,0.28846153846153844,0.689655172413793,,,4.415145774134258,0.6360138155197921,,,,,,,,,358.57997741699216,3.8268942272758433,351.49998474121094,3.7513340041555367,,,,,,,,,,,,,,,,,,,"Ken Waldichuk","27681",686610
"Blake Adams","COL",5,7,,5,21,20,0,0,,108,473,121,65,60,18,31,0,3,73,6.083333333333333,2.5833333333333335,2.3548387096774195,1.5,0.1543340380549683,0.06553911205073996,0.08879492600422832,0.275626423690205,1.4074074074074074,0.2959770114942529,0.6861198738170348,,,4.925739037549055,0.6354188172814197,,,,,,,,,307.20000000000005,2.844444444444445,350,3.240740740740741,,,,,,,,,,,,,,,,,,,"Blake Adams","31492",687060
"Parker Messick","CLE",6,7,,4.48839197164673,26,25,0,0,,116.30000305175781,508,114,63,58,17,42,0,10,101,7.815992916143444,3.250214876020046,2.4047619047619047,1.315563164103352,0.19881889763779528,0.08267716535433071,0.11614173228346457,0.25,1.3413585202622413,0.2869822485207101,0.703479576399395,,,4.671208887558334,0.6348248885751122,,,,,,,,,401.12002258300794,3.4490112816634637,406.50001525878906,3.4952708907314602,,,,,,,,,,,,,,,,,,,"Parker Messick","31986",800048
"Ethan Pecko","HOU",5,5,,4.261555952708418,25,14,0,0,,88.69999694824219,387,85,45,42,12,36,0,2,79,8.01578381580869,3.652762245178644,2.1944444444444446,1.217587415059548,0.2041343669250646,0.09302325581395349,0.1111111111111111,0.24355300859598855,1.3641488631685676,0.28294573643410853,0.72936660268714,,,4.429163023536734,0.6342804477543229,,,,,,,,,331.7799774169922,3.7404733802932477,331.49998474121094,3.7373167547530612,,,,,,,,,,,,,,,,,,,"Ethan Pecko","33515",814490
"Cal Quantrill","MIA",7,10,,4.589800339933784,26,25,0,0,,135.3000030517578,594,139,75,69,18,53,0,9,99,6.585365705122386,3.5254988118331965,1.8679245283018868,1.197339219113161,0.16666666666666666,0.08922558922558922,0.07744107744107744,0.26127819548872183,1.4190687041341168,0.29156626506024097,0.7014388489208633,,,4.807277967444867,0.6332125644496496,,,,,,,,,430.4200225830079,3.181226998334616,454.50001525878906,3.3592018108449273,,,,,,,,,,,,,,,,,,,"Cal Quantrill","19312",615698
"Bryan Hoeing","SDP",4,5,,4.325908403263485,33,10,0,9.48330020904541,,85.30000305175781,361,84,44,41,11,24,1,3,65,6.858147468588451,2.5322390653249665,2.7083333333333335,1.1606095716072764,0.18005540166204986,0.0664819944598338,0.11357340720221606,0.25149700598802394,1.2661195326624832,0.28294573643410853,0.6911447084233262,,,4.268472704866401,0.6323164315087051,,,,,,,,,364.4532234191894,4.272605045489256,370.4332160949707,4.342710467081713,,,,,,,,,,,,,,,,,,,"Bryan Hoeing","26304",663773
"Paxton Schultz","TOR",5,5,,4.412770963132363,32,12,0,0,,87.69999694824219,386,85,46,43,11,38,0,3,78,8.004561281961031,3.8996580604425537,2.0526315789473686,1.1288483859175813,0.20207253886010362,0.09844559585492228,0.10362694300518134,0.2463768115942029,1.40250860068548,0.2890625,0.7156133828996283,,,4.4207557626426635,0.6307337888479032,,,,,,,,,325.6799774169922,3.713568856897434,328.49998474121094,3.745724015647132,,,,,,,,,,,,,,,,,,,"Paxton Schultz","25501",687606
"Hunter Harvey","KCR",4,3,,3.2264150943396226,50,0,1.059000015258789,12.00160026550293,,53,219,47,21,19,5,15,1,2,53,9,2.547169811320755,3.533333333333333,0.8490566037735849,0.2420091324200913,0.0684931506849315,0.1735159817351598,0.23267326732673269,1.169811320754717,0.2916666666666667,0.7454545454545455,,,3.355159023572814,0.6287479500569765,,,,,,,,,316.8014011383057,5.977384927137844,308.30140113830566,5.817007568647277,,,,,,,,,,,,,,,,,,,"Hunter Harvey","15507",640451
"Robert Garcia","TEX",4,3,,3.6666666666666665,58,0,9.09000015258789,9.681500434875488,,54,226,44,24,22,5,20,1,3,62,10.333333333333334,3.3333333333333335,3.1,0.8333333333333334,0.2743362831858407,0.08849557522123894,0.18584070796460175,0.21674876847290642,1.1851851851851851,0.2867647058823529,0.7017543859649122,,,3.35166496347498,0.6263662049116445,,,,,,,,,362.87600250244145,6.7199259722674345,344.1760025024414,6.373629675971137,,,,,,,,,,,,,,,,,,,"Robert Garcia","23363",676395
"Chase Silseth","LAA",3,4,,4.456671438798925,18,16,0,4.358799934387207,,72.69999694824219,314,68,39,36,10,31,0,3,71,8.789546448742325,3.837689294521297,2.2903225806451615,1.237964288555257,0.22611464968152867,0.09872611464968153,0.12738853503184713,0.24285714285714285,1.3617607174107829,0.2914572864321608,0.7058823529411765,,,4.404444066845052,0.6262108859138684,,,,,,,,,295.6151771545411,4.066233694136197,290.93518447875977,4.001859651877115,,,,,,,,,,,,,,,,,,,"Chase Silseth","30074",681217
"Dom Hamel","NYM",6,7,,4.778761061946903,25,24,0,0,,113,500,110,65,60,15,53,0,5,97,7.725663716814159,4.221238938053097,1.830188679245283,1.1946902654867257,0.194,0.106,0.08800000000000001,0.248868778280543,1.4424778761061947,0.2878787878787879,0.6901408450704225,,,4.715152344661476,0.6257254564996262,,,,,,,,,385.70000000000005,3.413274336283186,390,3.4513274336283186,,,,,,,,,,,,,,,,,,,"Dom Hamel","30153",687589
"Gregory Soto","BAL",5,3,,3.4363636363636365,62,0,1.00600004196167,11.654199600219727,,55,235,45,23,21,4,24,1,4,63,10.309090909090909,3.9272727272727272,2.625,0.6545454545454545,0.2680851063829787,0.10212765957446808,0.16595744680851066,0.21739130434782608,1.2545454545454546,0.29285714285714287,0.7255520504731862,,,3.3482979601079768,0.6241419895835392,,,,,,,,,334.44679861068727,6.080850883830678,316.64679861068726,5.757214520194314,,,,,,,,,,,,,,,,,,,"Gregory Soto","19677",642397
"Brock Selvidge","NYY",6,7,,4.902363669467352,19,19,0,0,,97.30000305175781,427,99,57,53,14,36,0,4,72,6.659814796257535,3.3299073981287677,2,1.2949639881611874,0.1686182669789227,0.08430913348946135,0.08430913348946135,0.2558139534883721,1.3874614158869865,0.2823920265780731,0.6759098786828422,,,4.790323509476046,0.6239627525353872,,,,,,,,,314.4200225830078,3.2314492571573203,328.50001525878906,3.376156268813749,,,,,,,,,,,,,,,,,,,"Brock Selvidge","sa3017950",691795
"J.T. Ginn","OAK",6,7,,4.591029146971936,24,22,0,0.667900025844574,,113.69999694824219,501,115,63,58,14,41,1,10,88,6.965699395405696,3.2453826728594715,2.1463414634146343,1.108179449269088,0.17564870259481039,0.08183632734530938,0.093812375249501,0.25555555555555554,1.3720316990950612,0.29022988505747127,0.6818181818181818,,,4.564896702367454,0.6234406520038969,,,,,,,,,395.8515775203705,3.481544310863681,412.17158484458923,3.6250799991860636,,,,,,,,,,,,,,,,,,,"J.T. Ginn","27889",669372
"Brandon Williamson","CIN",4,6,,4.924012310302867,21,21,0,0,,98.69999694824219,436,99,58,54,15,43,0,6,87,7.933130944376843,3.920972765611543,2.0232558139534884,1.367781197306352,0.19954128440366972,0.09862385321100918,0.10091743119266054,0.2558139534883721,1.4387031853148295,0.29473684210526313,0.6942148760330579,,,4.868607490493256,0.6224691404739875,,,,,,,,,315.4799774169922,3.1963524536118113,325.49998474121094,3.2978722877965394,,,,,,,,,,,,,,,,,,,"Brandon Williamson","25463",682227
"Kyle Hurt","LAD",3,3,,4.299835201309491,22,12,0,0,,60.70000076293945,263,52,31,29,8,30,0,4,69,10.230642375529477,4.44810538066499,2.3,1.1861614348439975,0.2623574144486692,0.11406844106463879,0.14828897338403044,0.22707423580786026,1.3509060785723304,0.2894736842105263,0.7203389830508475,,,4.286743355642459,0.6221062328158561,,,,,,,,,251.58000564575198,4.144645839928141,235.50000381469727,3.8797364226473356,,,,,,,,,,,,,,,,,,,"Kyle Hurt","27514",669165
"Adam Kloffenstein","TOR",5,5,,4.485981166249968,20,19,0,0,,96.30000305175781,426,94,52,48,12,40,0,9,77,7.1962614541926575,3.73831763854164,1.925,1.121495291562492,0.1807511737089202,0.09389671361502347,0.08685446009389672,0.2493368700265252,1.3914848987904993,0.2847222222222222,0.6996587030716723,,,4.71372791201953,0.616633267217702,,,,,,,,,327.6200225830079,3.402076969892969,332.50001525878906,3.4527518662702654,,,,,,,,,,,,,,,,,,,"Adam Kloffenstein","24493",680572
"Robby Snelling","MIA",6,9,,4.802208046505759,24,24,0,0,,108.69999694824219,483,116,63,58,15,44,0,2,82,6.789328617473658,3.6430543801078166,1.8636363636363635,1.2419503568549375,0.16977225672877846,0.09109730848861283,0.07867494824016563,0.2654462242562929,1.471941163679926,0.29705882352941176,0.697841726618705,,,4.7212176324267165,0.6151596848802103,,,,,,,,,344.2799774169922,3.1672491911929135,374.49998474121094,3.445262145863078,,,,,,,,,,,,,,,,,,,"Robby Snelling","31893",702281
"Mitch White","MIL",4,5,,4.541832485251358,26,10,0,0,,75.30000305175781,328,73,41,38,9,29,1,3,65,7.768923987929954,3.4661353176918257,2.2413793103448274,1.0756971675595322,0.19817073170731708,0.08841463414634146,0.10975609756097562,0.24662162162162163,1.3545816184082997,0.2882882882882883,0.6823266219239373,,,4.268737369739686,0.6140886506269576,,,,,,,,,290.7200225830078,3.8608235166096874,293.50001525878906,3.897742408550109,,,,,,,,,,,,,,,,,,,"Mitch White","19225",669952
"Chris Martin","TEX",3,2,,3.4285714285714284,44,0,16.496000289916992,7.127500057220459,,42,172,39,17,16,4,7,2,2,41,8.785714285714286,1.5,5.857142857142857,0.8571428571428571,0.23837209302325582,0.040697674418604654,0.19767441860465118,0.2392638036809816,1.0952380952380953,0.2966101694915254,0.7178217821782178,,,3.0950512068612235,0.6121752409711418,,,,,,,,,326.19000167846684,7.766428611392068,323.9900016784668,7.714047659011114,,,,,,,,,,,,,,,,,,,"Chris Martin","11847",455119
"Ryan Watson","TOR",3,4,,4.3328750099433995,20,10,0,0,,72.69999694824219,315,74,38,35,9,23,0,3,53,6.5612107293428625,2.847317863677091,2.3043478260869565,1.1141678596997313,0.16825396825396827,0.07301587301587302,0.09523809523809525,0.2560553633217993,1.3342503998873325,0.28634361233480177,0.6990521327014217,,,4.390688908083327,0.6084517613247149,,,,,,,,,262.87997741699223,3.6159558246494314,274.49998474121094,3.775790870206468,,,,,,,,,,,,,,,,,,,"Ryan Watson","sa3023682",701511
"Roansy Contreras","BAL",4,4,,4.301075425637283,37,10,0,0.6330999732017517,,83.69999694824219,357,79,43,40,11,30,2,3,75,8.064516423069904,3.2258065692279616,2.5,1.1827957420502526,0.21008403361344538,0.08403361344537816,0.12605042016806722,0.24382716049382716,1.3022700594290662,0.2857142857142857,0.7051282051282052,,,4.265643498174878,0.6070275288460825,,,,,,,,,332.2123773097993,3.969084700388107,329.03238463401794,3.9310919549672465,,,,,,,,,,,,,,,,,,,"Roansy Contreras","22810",672710
"Mason Adams","CHW",5,7,,4.83221462371286,22,19,0,0,,104.30000305175781,454,111,61,56,16,28,0,10,77,6.644295107605182,2.41610731185643,2.75,1.3806327496322457,0.1696035242290749,0.06167400881057269,0.10792951541850221,0.2668269230769231,1.3326941124922371,0.29411764705882354,0.6689536878216124,,,4.777217986194081,0.603837671528018,,,,,,,,,326.42002258300784,3.1296262035680407,353.50001525878906,3.3892617920957133,,,,,,,,,,,,,,,,,,,"Mason Adams","31663",690279
"Tyler Wells","BAL",5,4,,4.325908403263485,23,15,0,0.6330999732017517,,85.30000305175781,348,79,44,41,14,25,0,2,74,7.8077371180853135,2.6377490263801735,2.96,1.477139454772897,0.21264367816091953,0.07183908045977011,0.14080459770114942,0.24610591900311526,1.2192262166379468,0.27896995708154504,0.7109004739336492,,,4.514662613995217,0.5970140159287489,,,,,,,,,323.1524224758148,3.7884221678132217,314.03241515159607,3.681505321413053,,,,,,,,,,,,,,,,,,,"Tyler Wells","20000",669330
"Garrett Stallings","MIL",5,5,,4.414715869260242,24,12,0,0,,89.69999694824219,385,91,48,44,13,28,0,2,71,7.123746061760844,2.809364644074699,2.5357142857142856,1.3043478704632532,0.18441558441558442,0.07272727272727272,0.1116883116883117,0.2563380281690141,1.3266444152574968,0.2878228782287823,0.7043650793650794,,,4.4708276487530485,0.5952778239810188,,,,,,,,,319.2799774169922,3.5594201591915327,331.49998474121094,3.695652129536747,,,,,,,,,,,,,,,,,,,"Garrett Stallings","27485",668831
"Blake Wehunt","BOS",5,5,,4.7572817100115605,23,23,0,0,,92.69999694824219,408,97,53,49,13,34,0,4,72,6.990291492261885,3.300970982457001,2.1176470588235294,1.262135963880618,0.17647058823529413,0.08333333333333333,0.0931372549019608,0.26216216216216215,1.4131607800714612,0.29473684210526313,0.6914893617021277,,,4.665940453327453,0.5950847207441894,,,,,,,,,303.87997741699223,3.278101266677059,324.49998474121094,3.5005393249623427,,,,,,,,,,,,,,,,,,,"Blake Wehunt","sa3023220",687762
"Easton McGee","MIL",4,4,,4.153846153846154,19,13,0,0,,65,273,65,32,30,8,14,0,5,43,5.953846153846154,1.9384615384615385,3.0714285714285716,1.1076923076923078,0.1575091575091575,0.05128205128205128,0.10622710622710622,0.2559055118110236,1.2153846153846153,0.28078817733990147,0.6932153392330384,,,4.320325932135949,0.5948388534825484,,,,,,,,,242.60000000000002,3.7323076923076925,250,3.8461538461538463,,,,,,,,,,,,,,,,,,,"Easton McGee","22176",668834
"Ryan Brasier","CHC",2,1,,3.0958230377905274,41,2,2.371000051498413,12.269800186157227,,40.70000076293945,161,34,15,14,3,11,0,1,37,8.181818028446393,2.4324323868354143,3.3636363636363638,0.663390650955113,0.22981366459627328,0.06832298136645963,0.16149068322981364,0.22818791946308725,1.1056510849251884,0.28440366972477066,0.7352941176470589,,,3.1910498023992435,0.5945182917280953,,,,,,,,,274.814206647873,6.752191682957237,263.43420481681824,6.472584763602653,,,,,,,,,,,,,,,,,,,"Ryan Brasier","5615",518489
"River Ryan","LAD",3,2,,4.396200996148449,20,19,0,0,,73.69999694824219,321,70,39,36,10,31,0,5,66,8.059701826272157,3.785617524461165,2.129032258064516,1.2211669433745693,0.205607476635514,0.09657320872274143,0.10903426791277258,0.24561403508771928,1.3704206808981279,0.28708133971291866,0.7126436781609196,,,4.604743067153176,0.5942053733112558,,,,,,,,,264.37997741699223,3.5872454323527343,262.49998474121094,3.5617367111366183,,,,,,,,,,,,,,,,,,,"River Ryan","29514",689981
"Connor Phillips","CIN",5,7,,5.167930490018719,22,22,0,0.6014000177383423,,92.30000305175781,420,90,57,53,13,50,0,7,92,8.97074726569287,4.875406122659169,1.84,1.2676055918913838,0.21904761904761905,0.11904761904761904,0.1,0.24793388429752067,1.516793015938408,0.29844961240310075,0.6814449917898194,,,4.856620567478307,0.5920953968553624,,,,,,,,,304.52562265396125,3.2993024115415963,307.90561532974243,3.3359220492883668,,,,,,,,,,,,,,,,,,,"Connor Phillips","27649",683175
"Jacob Waguespack","TBR",4,4,,4.3568462891280815,21,12,0,0.6854000091552734,,72.30000305175781,316,70,38,35,9,28,0,4,67,8.340248610616614,3.4854770313024654,2.392857142857143,1.1203319029186496,0.2120253164556962,0.08860759493670886,0.12341772151898733,0.24647887323943662,1.3554632899509587,0.2932692307692308,0.702576112412178,,,4.259149165086996,0.5919755811637681,,,,,,,,,283.06162261962896,3.9150983495393774,285.24161529541016,3.9452503908085954,,,,,,,,,,,,,,,,,,,"Jacob Waguespack","18318",621097
"Matt Osterberg","PHI",4,6,,4.938409685656995,20,19,0,0,,89.30000305175781,392,101,53,49,13,24,0,3,53,5.3415451702004235,2.418812907260569,2.2083333333333335,1.3101903247661415,0.13520408163265307,0.061224489795918366,0.0739795918367347,0.27671232876712326,1.3997759879980145,0.29431438127090304,0.6741573033707865,,,4.779021716463507,0.5880850140880849,,,,,,,,,263.3200225830078,2.948712358166314,302.50001525878906,3.3874580618262873,,,,,,,,,,,,,,,,,,,"Matt Osterberg","sa3017462",684296
"Jared Shuster","CHW",4,6,,4.831578947368421,32,14,0,0.6122000217437744,,95,415,99,55,51,13,37,0,0,73,6.91578947368421,3.5052631578947366,1.972972972972973,1.231578947368421,0.17590361445783131,0.0891566265060241,0.08674698795180721,0.2619047619047619,1.431578947368421,0.2945205479452055,0.6876061120543294,,,4.577006094079269,0.5872735679879121,,,,,,,,,323.1488000869751,3.4015663167050008,343.4488000869751,3.615250527231317,,,,,,,,,,,,,,,,,,,"Jared Shuster","27472",694363
"Joe Boyle","TBR",5,7,,4.56449849977667,25,22,0,0.6854000091552734,,90.69999694824219,409,75,50,46,10,61,0,6,105,10.41896396688153,6.052921923616888,1.721311475409836,0.9922822825601456,0.2567237163814181,0.1491442542787286,0.10757946210268951,0.21929824561403508,1.499448782535331,0.28634361233480177,0.7049180327868853,,,4.500548180398435,0.5859026067911757,,,,,,,,,364.9215774536133,4.023391287012449,335.24158477783203,3.6961587216936413,,,,,,,,,,,,,,,,,,,"Joe Boyle","29608",671212
"Cam Alldred","PIT",4,5,,4.422310577744743,22,14,0,0,,75.30000305175781,331,76,40,37,9,30,0,4,61,7.290836357903495,3.58565722519844,2.033333333333333,1.0756971675595322,0.18429003021148035,0.09063444108761329,0.09365558912386707,0.2558922558922559,1.4077024661890172,0.29515418502202645,0.7066381156316917,,,4.454660336972198,0.5856039488030937,,,,,,,,,268.92002258300784,3.5713148962047767,279.50001525878906,3.7118194413175973,,,,,,,,,,,,,,,,,,,"Cam Alldred","25078",682027
"Adrian Morejon","SDP",3,3,,3.588516702746077,58,1,1.100000023841858,11.924799919128418,,62.70000076293945,266,57,27,25,7,20,1,1,64,9.186602759029958,2.8708133621968615,3.2,1.0047846767689015,0.24060150375939848,0.07518796992481203,0.16541353383458646,0.23265306122448978,1.2280701604953241,0.28735632183908044,0.7440476190476191,,,3.5811528194960083,0.5837042391577134,,,,,,,,,347.87920544147494,5.548312618954519,340.6992036104202,5.433799034525687,,,,,,,,,,,,,,,,,,,"Adrian Morejon","20039",670970
"David Bednar","PIT",5,3,,3.5084745762711864,59,0,27.608999252319336,4.100500106811523,,59,248,52,25,23,6,21,3,2,64,9.76271186440678,3.2033898305084745,3.0476190476190474,0.9152542372881356,0.25806451612903225,0.0846774193548387,0.17338709677419356,0.2311111111111111,1.2372881355932204,0.2967741935483871,0.7430340557275542,,,3.48851367659488,0.5818926333647235,,,,,,,,,441.0469966888427,7.475372825234622,430.4469966888428,7.29571180828547,,,,,,,,,,,,,,,,,,,"David Bednar","19569",670280
"John Means","CLE",4,4,,3.9705882352941178,14,14,0,0,,68,278,64,32,30,10,17,0,3,53,7.014705882352941,2.25,3.1176470588235294,1.3235294117647058,0.1906474820143885,0.06115107913669065,0.12949640287769784,0.24806201550387597,1.1911764705882353,0.27692307692307694,0.7313432835820896,,,4.401773895936854,0.5816883146171278,,,,,,,,,259.80000000000007,3.8205882352941187,256,3.764705882352941,,,,,,,,,,,,,,,,,,,"John Means","16269",607644
"Patrick Corbin","TEX",6,11,,5.478260869565218,26,26,0,0,,138,621,159,91,84,24,48,1,3,113,7.369565217391305,3.130434782608696,2.3541666666666665,1.565217391304348,0.1819645732689211,0.07729468599033816,0.10466988727858294,0.2789473684210526,1.5,0.3117782909930716,0.6689734717416378,,,4.89836383626081,0.5811539332380277,,,,,,,,,385.59999999999997,2.7942028985507243,451,3.2681159420289854,,,,,,,,,,,,,,,,,,,"Patrick Corbin","9323",571578
"Pierson Ohl","MIN",5,7,,4.653567882125772,21,16,0,0,,96.69999694824219,416,109,54,50,15,19,0,3,61,5.677352816193442,1.7683557952077933,3.210526315789474,1.3960703646377315,0.1466346153846154,0.04567307692307692,0.10096153846153846,0.2766497461928934,1.323681530915775,0.29559748427672955,0.6915887850467289,,,4.603915190768644,0.5802023140437769,,,,,,,,,303.67997741699224,3.1404341985608775,344.49998474121094,3.5625645875211505,,,,,,,,,,,,,,,,,,,"Pierson Ohl","30179",701487
"Sean Sullivan","PIT",4,7,,4.712990791712926,22,19,0,0,,99.30000305175781,437,106,56,52,13,34,0,5,67,6.0725073662455005,3.0815709022738362,1.9705882352941178,1.1782476979282315,0.15331807780320367,0.07780320366132723,0.07551487414187644,0.2663316582914573,1.4098690402560035,0.29245283018867924,0.6896551724137931,,,4.697194736282027,0.5799429938400198,,,,,,,,,316.3200225830078,3.185498618949018,344.50001525878906,3.4692850420077677,,,,,,,,,,,,,,,,,,,"Sean Sullivan","sa3018185",696155
"Logan Allen","ARI",4,5,,4.383954282509711,29,15,0,0,,104.69999694824219,465,110,55,51,12,40,0,6,78,6.704871255603087,3.438395515693891,1.95,1.0315186547081672,0.16774193548387098,0.08602150537634409,0.08172043010752689,0.26252983293556087,1.4326647982057878,0.2978723404255319,0.7132132132132133,,,4.48453139263912,0.5798841981164871,,,,,,,,,359.1799774169922,3.4305633991044973,385.49998474121094,3.681948385650675,,,,,,,,,,,,,,,,,,,"Logan Allen","18555",663531
"Mitch Bratt","TEX",5,8,,4.96489483602464,23,20,0,0,,99.69999694824219,431,101,59,55,16,32,0,3,79,7.131394400835392,2.888666086414336,2.46875,1.444333043207168,0.18329466357308585,0.07424593967517401,0.10904872389791184,0.255050505050505,1.334002046851065,0.2823920265780731,0.6690777576853526,,,4.721143817853067,0.5761100523381257,,,,,,,,,331.3799774169921,3.323771189170881,343.49998474121094,3.445335960436729,,,,,,,,,,,,,,,,,,,"Mitch Bratt","30003",683352
"Brock Burke","LAA",3,3,,3.6734693437576973,51,2,1.065999984741211,15.733099937438965,,63.70000076293945,267,58,28,26,7,21,3,2,64,9.042386076942023,2.9670329314966017,3.0476190476190474,0.9890109771655339,0.2397003745318352,0.07865168539325842,0.16104868913857678,0.23770491803278687,1.2401883681917012,0.2947976878612717,0.7369942196531791,,,3.6688345603421295,0.5749910630010775,,,,,,,,,361.7424053192138,5.678844599475655,354.7624034881592,5.569268433895519,,,,,,,,,,,,,,,,,,,"Brock Burke","17968",656271
"Lachlan Wells","PHI",4,6,,4.880201577639429,16,16,0,0,,79.30000305175781,344,88,46,43,13,17,0,4,54,6.128625237035561,1.929382019066751,3.176470588235294,1.475409779286339,0.1569767441860465,0.04941860465116279,0.10755813953488372,0.2724458204334365,1.324085699359535,0.29296875,0.6797235023041475,,,4.7301619375334365,0.5730597506298791,,,,,,,,,243.12002258300782,3.0658261440964556,272.50001525878906,3.4363178407563586,,,,,,,,,,,,,,,,,,,"Lachlan Wells","sa877857",649143
"Ryan Pressly","CHC",3,2,,3.3529411764705883,52,0,25.288000106811523,5.423600196838379,,51,212,46,21,19,5,15,0,1,53,9.352941176470589,2.6470588235294117,3.533333333333333,0.8823529411764706,0.25,0.07075471698113207,0.17924528301886794,0.23469387755102042,1.196078431372549,0.2971014492753623,0.7407407407407407,,,3.3037346802505794,0.5729075876448749,,,,,,,,,402.4344013214112,7.890870614145317,396.13440132141113,7.76734120238061,,,,,,,,,,,,,,,,,,,"Ryan Pressly","7005",519151
"Pedro Avila","CLE",4,4,,3.8408305850205853,42,8,0,0,,86.69999694824219,374,78,40,37,9,38,0,6,81,8.408304794234255,3.9446368170481687,2.1315789473684212,0.9342560882482505,0.21657754010695188,0.10160427807486631,0.11497326203208556,0.23636363636363636,1.3379469905777415,0.2875,0.7350096711798839,,,4.169940021223101,0.5709211034647992,,,,,,,,,358.0799774169921,4.130103691131122,346.49998474121094,3.996539757066694,,,,,,,,,,,,,,,,,,,"Pedro Avila","18864",658648
"David Robertson","TEX",4,3,,3.704974319496931,56,0,0,0,,58.29999923706055,245,47,26,24,6,25,3,3,71,10.960549028511755,3.85934824947597,2.84,0.9262435798742328,0.2897959183673469,0.10204081632653061,0.1877551020408163,0.21658986175115208,1.2349914398323103,0.29285714285714287,0.7232704402515723,,,3.5095329560209922,0.5701334205000871,,,,,,,,,293.41999435424805,5.032933073654738,271.49999618530273,4.656946822268803,,,,,,,,,,,,,,,,,,,"David Robertson","8241",502085
"Spencer Turnbull","PHI",2,2,,4.385964977509273,15,8,0,0,,51.29999923706055,221,47,27,25,6,20,0,5,49,8.596491355918175,3.508771982007419,2.45,1.0526315946022256,0.22171945701357465,0.09049773755656108,0.13122171945701355,0.23979591836734693,1.3060429044138726,0.2907801418439716,0.68259385665529,,,4.23860455056984,0.5690110679286452,,,,,,,,,206.6199943542481,4.0276802617373155,201.49999618530273,3.9278752277199556,,,,,,,,,,,,,,,,,,,"Spencer Turnbull","16207",605513
"Carson Palmquist","COL",6,8,,5.079207920792079,24,24,0,0,,101,453,101,62,57,16,46,0,9,96,8.554455445544555,4.099009900990099,2.0869565217391304,1.4257425742574257,0.2119205298013245,0.10154525386313466,0.11037527593818984,0.2537688442211055,1.4554455445544554,0.2972027972027972,0.6821829855537721,,,4.958558986210587,0.5656100405717678,,,,,,,,,315.0000000000001,3.11881188118812,324,3.207920792079208,,,,,,,,,,,,,,,,,,,"Carson Palmquist","31612",687223
"Kyle Muller","OAK",4,4,,4.59,27,14,0,0,,100,435,102,55,51,13,36,2,3,80,7.2,3.24,2.2222222222222223,1.17,0.1839080459770115,0.08275862068965517,0.10114942528735632,0.25757575757575757,1.38,0.29372937293729373,0.6928213689482471,,,4.426479778289795,0.5631952802309386,,,,,,,,,357.90000000000003,3.579,374,3.74,,,,,,,,,,,,,,,,,,,"Kyle Muller","20167",666205
"Adam Seminaris","SEA",4,5,,4.393305626322242,21,12,0,0,,71.69999694824219,316,75,38,35,8,25,0,2,54,6.778242966325745,3.1380754473730303,2.16,1.0041841431593697,0.17088607594936708,0.07911392405063292,0.09177215189873417,0.25951557093425603,1.3947001988324579,0.29515418502202645,0.6981981981981982,,,4.2403989313907875,0.5619432558786708,,,,,,,,,264.1799774169922,3.6845186703103323,281.49998474121094,3.9260808468990076,,,,,,,,,,,,,,,,,,,"Adam Seminaris","sa3015010",694372
"Paul Blackburn","NYM",5,5,,4.663726728032684,18,17,0,0.6718999743461609,,90.69999694824219,397,94,51,47,13,33,1,3,71,7.045204206177034,3.2745315324484805,2.1515151515151514,1.2899669673281893,0.17884130982367757,0.08312342569269521,0.09571788413098237,0.26038781163434904,1.4002205542793167,0.2924187725631769,0.698529411764706,,,4.654903202130013,0.5608717055764794,,,,,,,,,303.5675773143769,3.3469414280973706,321.1875846385956,3.5412083290573952,,,,,,,,,,,,,,,,,,,"Paul Blackburn","14739",621112
"Ethan Small","SFG",3,4,,4.134762440761201,27,12,0,0.6378999948501587,,65.30000305175781,288,62,32,30,7,30,0,2,62,8.545175710906483,4.134762440761201,2.066666666666667,0.9647779028442802,0.2152777777777778,0.10416666666666667,0.11111111111111112,0.2421875,1.4088820168519647,0.29411764705882354,0.7299270072992701,,,4.131257681134075,0.5591705238861207,,,,,,,,,266.47162256240847,4.080729098147191,266.0516152381897,4.074297133298952,,,,,,,,,,,,,,,,,,,"Ethan Small","26364",663629
"Jesse Scholtens","CHW",3,5,,4.846153846153846,22,13,0,0,,78,342,83,45,42,11,27,1,3,62,7.153846153846154,3.1153846153846154,2.2962962962962963,1.2692307692307692,0.18128654970760233,0.07894736842105263,0.1023391812865497,0.266025641025641,1.4102564102564104,0.301255230125523,0.6871035940803383,,,4.563915675725692,0.5589760609214596,,,,,,,,,260.1,3.3346153846153848,281,3.6025641025641026,,,,,,,,,,,,,,,,,,,"Jesse Scholtens","19205",669947
"Glenn Otto Jr.","HOU",5,5,,4.349442543661032,20,16,0,0,,80.69999694824219,349,73,42,39,11,35,0,6,78,8.698885087322063,3.9033458725163106,2.2285714285714286,1.2267658456479833,0.22349570200573066,0.10028653295128939,0.12320916905444126,0.237012987012987,1.3382900134341635,0.2831050228310502,0.7127429805615552,,,4.529552940120888,0.5580034234489606,,,,,,,,,305.07997741699216,3.7804211766285256,293.49998474121094,3.6369268381689075,,,,,,,,,,,,,,,,,,,"Glenn Otto Jr.","21366",657248
"Billy Corcoran","ARI",7,8,,4.48839197164673,23,23,0,0,,116.30000305175781,512,126,63,58,16,37,1,5,78,6.036113341180085,2.8632845336367074,2.108108108108108,1.2381770956266842,0.15234375,0.072265625,0.080078125,0.2680851063829787,1.4015476846329828,0.2925531914893617,0.7112375533428166,,,4.697004243717224,0.5573727954271908,,,,,,,,,366.2200225830078,3.1489253050150507,403.50001525878906,3.4694755345725707,,,,,,,,,,,,,,,,,,,"Billy Corcoran","sa3020172",682225
"Porter Hodge","CHC",4,4,,3.9687053753694506,41,7,10.668000221252441,9.76830005645752,,70.30000305175781,305,57,34,31,7,35,0,6,77,9.857752061401538,4.4807963915461535,2.2,0.8961592783092307,0.25245901639344265,0.11475409836065574,0.1377049180327869,0.2159090909090909,1.308677041340464,0.2777777777777778,0.7055961070559611,,,4.019964805250967,0.5552571270476769,,,,,,,,,409.3332239151,5.822662960821377,383.91321659088135,5.461069700213645,,,,,,,,,,,,,,,,,,,"Porter Hodge","26413",687863
"Hurston Waldrep","ATL",6,6,,4.581123923854923,20,20,0,0.6258999705314636,,94.30000305175781,421,95,52,48,13,44,0,2,84,8.016966866746117,4.1993635968670135,1.9090909090909092,1.2407210627107084,0.1995249406175772,0.10451306413301663,0.09501187648456057,0.25333333333333335,1.4740190403144313,0.2949640287769784,0.7201986754966888,,,4.640498818604226,0.5546982654782413,,,,,,,,,323.4236224651337,3.429730774108441,335.0036151409149,3.5525302682868816,,,,,,,,,,,,,,,,,,,"Hurston Waldrep","33527",694462
"Alex Cornwell","STL",5,5,,4.5,22,15,0,0,,90,393,97,49,45,12,26,0,4,62,6.2,2.6,2.3846153846153846,1.2,0.15776081424936386,0.06615776081424936,0.0916030534351145,0.26721763085399447,1.3666666666666667,0.29411764705882354,0.6967984934086628,,,4.52203533384535,0.5507536465183713,,,,,,,,,300.19999999999993,3.3355555555555547,328,3.6444444444444444,,,,,,,,,,,,,,,,,,,"Alex Cornwell","sa3017501",676498
"Ryan Burr","TOR",3,2,,3.3962263607732686,46,3,0,0.6585999727249146,,47.70000076293945,199,41,19,18,6,16,0,1,54,10.188679082319807,3.0188678762429055,3.375,1.1320754535910895,0.271356783919598,0.08040201005025126,0.19095477386934673,0.22527472527472528,1.19496853434615,0.28688524590163933,0.7818930041152263,,,3.606731343575219,0.5497582597529755,,,,,,,,,232.2144055366516,4.868226453301668,220.13440370559692,4.614976943074401,,,,,,,,,,,,,,,,,,,"Ryan Burr","17536",621114
"Erik Miller","SFG",4,3,,3.75,62,8,1.2130000591278076,12.353599548339844,,60,261,48,27,25,6,34,0,2,75,11.25,5.1,2.2058823529411766,0.9,0.28735632183908044,0.13026819923371646,0.15708812260536398,0.21333333333333335,1.3666666666666667,0.2916666666666667,0.7472826086956522,,,3.766479778289795,0.5486284617355408,,,,,,,,,342.8793984889984,5.714656641483306,319.4793984889984,5.3246566414833065,,,,,,,,,,,,,,,,,,,"Erik Miller","26252",669062
"Hayden Wesneski","HOU",5,5,,4.4,30,14,0,0.652999997138977,,90,382,83,48,44,14,32,0,4,86,8.6,3.2,2.6875,1.4,0.225130890052356,0.08376963350785341,0.1413612565445026,0.2398843930635838,1.2777777777777777,0.2804878048780488,0.7023060796645701,,,4.477590889400906,0.5481108839350745,,,,,,,,,344.61199998855585,3.829022222095065,334.6119999885559,3.7179111109839544,,,,,,,,,,,,,,,,,,,"Hayden Wesneski","27581",669713
"Blayne Enlow","SFG",3,4,,4.390244094662291,20,15,0,0,,69.69999694824219,305,70,37,34,8,24,0,6,57,7.360115099875018,3.0989958315263233,2.375,1.0329986105087745,0.18688524590163935,0.07868852459016394,0.10819672131147541,0.2545454545454545,1.3486370748309,0.29523809523809524,0.6884057971014493,,,4.314256012188434,0.5444559882311366,,,,,,,,,259.37997741699223,3.721377170354865,268.49998474121094,3.852223766101362,,,,,,,,,,,,,,,,,,,"Blayne Enlow","sa3005117",669416
"Joe Ross","PHI",3,4,,4.718217373540541,24,12,0,6.414899826049805,,76.30000305175781,335,77,43,40,10,30,2,4,62,7.3132369289878385,3.538663030155406,2.066666666666667,1.1795543433851352,0.18507462686567164,0.08955223880597014,0.0955223880597015,0.2558139534883721,1.4023590526912164,0.2925764192139738,0.6881720430107527,,,4.581944990351957,0.543618675365426,,,,,,,,,289.07962188720705,3.78872359534653,299.1596145629883,3.9208335858132863,,,,,,,,,,,,,,,,,,,"Joe Ross","12972",605452
"Jason Alexander","OAK",4,6,,4.7277938340791,23,20,0,0,,104.69999694824219,459,114,59,55,14,30,0,6,71,6.103152040356656,2.5787966367704183,2.3666666666666667,1.2034384304928618,0.15468409586056645,0.06535947712418301,0.08932461873638343,0.2695035460992908,1.3753582062775564,0.2958579881656805,0.6832797427652733,,,4.580042379186173,0.5435796729724809,,,,,,,,,340.17997741699213,3.249092524665097,375.49998474121094,3.5864373991036227,,,,,,,,,,,,,,,,,,,"Jason Alexander","19666",669920
"Osvaldo Bido","OAK",6,6,,4.579439107213509,24,16,0,0.667900025844574,,96.30000305175781,420,88,53,49,12,41,0,10,91,8.50467262768223,3.831775579505181,2.2195121951219514,1.121495291562492,0.21666666666666667,0.09761904761904762,0.11904761904761905,0.23848238482384823,1.339563820477421,0.2857142857142857,0.6773618538324421,,,4.485275167441985,0.5417844017848021,,,,,,,,,367.89162268638614,3.820265950445064,357.17161536216736,3.708947082485557,,,,,,,,,,,,,,,,,,,"Osvaldo Bido","23150",674370
"Janson Junk","MIA",4,6,,4.655172413793103,26,15,0,0.6065999865531921,,87,382,97,49,45,12,27,0,2,61,6.310344827586207,2.793103448275862,2.259259259259259,1.2413793103448276,0.15968586387434555,0.07068062827225131,0.08900523560209424,0.2747875354107649,1.4252873563218391,0.30357142857142855,0.6996268656716418,,,4.557284375990944,0.5351928367156503,,,,,,,,,281.42639994621277,3.2347862062783075,316.42639994621277,3.6370850568530204,,,,,,,,,,,,,,,,,,,"Janson Junk","23301",676083
"Dennis Santana","PIT",3,3,,3.8360655737704916,55,1,2.2690000534057617,14.736100196838379,,61,258,54,28,26,5,24,1,3,58,8.557377049180328,3.540983606557377,2.4166666666666665,0.7377049180327869,0.2248062015503876,0.09302325581395349,0.13178294573643412,0.23376623376623376,1.278688524590164,0.2916666666666667,0.704225352112676,,,3.65828305697832,0.5336488614375181,,,,,,,,,354.78940105438244,5.816219689416106,345.2894010543823,5.6604819844980705,,,,,,,,,,,,,,,,,,,"Dennis Santana","17878",642701
"Blake Treinen","LAD",5,3,,3.3260869565217392,49,1,6.517000198364258,14.193099975585938,,46,188,39,18,17,5,14,1,2,49,9.58695652173913,2.739130434782609,3.5,0.9782608695652174,0.26063829787234044,0.07446808510638298,0.18617021276595747,0.22674418604651161,1.1521739130434783,0.288135593220339,0.7608695652173914,,,3.4925667348115343,0.5332656392452304,,,,,,,,,316.85740089416504,6.888204367264457,304.35740089416504,6.616465236829675,,,,,,,,,,,,,,,,,,,"Blake Treinen","12572",595014
"Joe Mantiply","ARI",4,2,,3.5502958045629045,61,2,0,11.935500144958496,,50.70000076293945,215,49,22,20,4,16,3,1,44,7.81065077003839,2.8402366436503237,2.75,0.7100591609125809,0.20465116279069767,0.07441860465116279,0.13023255813953488,0.2474747474747475,1.2820512627588267,0.3,0.7239057239057239,,,3.4623377620033704,0.5319531113601351,,,,,,,,,283.32200622558594,5.5882051669057935,286.24200439453125,5.6457988182865595,,,,,,,,,,,,,,,,,,,"Joe Mantiply","14857",573009
"Albert Suárez","BAL",5,7,,4.791868203062718,25,17,0,7.850299835205078,,103.30000305175781,455,112,59,55,16,36,1,2,82,7.144239866384416,3.136495551095597,2.2777777777777777,1.3939980227091544,0.18021978021978022,0.07912087912087912,0.1010989010989011,0.2685851318944844,1.4327201900066309,0.30094043887147337,0.7085987261146497,,,4.696005386540117,0.5274545033566749,,,,,,,,,357.8212219238281,3.463903304480485,389.9012145996094,3.774455015303841,,,,,,,,,,,,,,,,,,,"Albert Suarez","6175",544150
"Jeff Criswell","COL",3,4,,4.6601943281745895,37,9,0,0,,92.69999694824219,407,92,52,48,14,39,1,3,88,8.543689601653414,3.786407891641854,2.2564102564102564,1.3592233457175886,0.21621621621621623,0.09582309582309582,0.1203931203931204,0.25205479452054796,1.4131607800714612,0.2965779467680608,0.7091561938958707,,,4.590428045232031,0.5241476533491278,,,,,,,,,324.57997741699216,3.5014022449020907,331.49998474121094,3.5760517330577644,,,,,,,,,,,,,,,,,,,"Jeff Criswell","27608",676105
"Jacob Lopez","OAK",5,5,,4.337349252611835,24,19,0,0.667900025844574,,91.30000305175781,397,84,48,44,12,40,0,7,87,8.576122385846128,3.943044775101668,2.175,1.1829134325305004,0.21914357682619648,0.10075566750629723,0.11838790931989925,0.24,1.3581598669794634,0.2868525896414343,0.708955223880597,,,4.513686743116199,0.5207344458901351,,,,,,,,,345.2916226863862,3.7819453575553656,336.17161536216736,3.6820548096980046,,,,,,,,,,,,,,,,,,,"Jacob Lopez","25098",682052
"JT Brubaker","NYY",4,4,,4.836172807879055,17,16,0,0.6694999933242798,,76.30000305175781,332,76,44,41,13,26,0,5,71,8.37483583803446,3.0668412928013518,2.730769230769231,1.5334206464006759,0.21385542168674698,0.0783132530120482,0.1355421686746988,0.25249169435215946,1.3368282558364866,0.2903225806451613,0.6921241050119332,,,4.739218902803309,0.5199409885682225,,,,,,,,,258.798022556305,3.3918481285085975,264.1780152320862,3.4623591699319074,,,,,,,,,,,,,,,,,,,"JT Brubaker","17578",664141
"Huascar Ynoa","MIN",4,4,,4.423728813559322,17,13,0,0.6255999803543091,,59,256,57,31,29,8,24,0,2,56,8.542372881355933,3.6610169491525424,2.3333333333333335,1.2203389830508475,0.21875,0.09375,0.125,0.24782608695652175,1.3728813559322033,0.29518072289156627,0.7163323782234957,,,4.352920456255896,0.5191539982080998,,,,,,,,,226.50239992141726,3.8390237274816488,227.50239992141724,3.855972880024021,,,,,,,,,,,,,,,,,,,"Huascar Ynoa","20468",660623
"A.J. Minter","NYM",6,3,,3.4155597228488563,59,0,2.4210000038146973,11.908300399780273,,52.70000076293945,215,44,22,20,6,17,1,1,58,9.905123196261684,2.903225764421528,3.411764705882353,1.0246679168546569,0.26976744186046514,0.07906976744186046,0.1906976744186047,0.2233502538071066,1.1574952394098903,0.2857142857142857,0.7414448669201521,,,3.470085086987471,0.5168054993192677,,,,,,,,,323.5182072639466,6.138865324105579,307.23820543289185,5.829946887760823,,,,,,,,,,,,,,,,,,,"A.J. Minter","18655",621345
"Tim Herrin","CLE",4,3,,3.444976034636234,62,0,0,13.539299964904785,,62.70000076293945,266,52,26,24,5,27,0,3,65,9.3301434271398,3.875598038965763,2.4074074074074074,0.7177033405492154,0.24436090225563908,0.10150375939849623,0.14285714285714285,0.22033898305084745,1.259968086741956,0.28313253012048195,0.7361111111111112,,,3.5652038563726927,0.5166589772192431,,,,,,,,,361.43720550537114,5.764548661999514,342.6572036743164,5.4650271053402175,,,,,,,,,,,,,,,,,,,"Tim Herrin","25139",682120
"Bryse Wilson","CHW",4,6,,4.599807271335562,33,11,0,0.6122000217437744,,103.69999694824219,443,107,57,53,15,31,1,4,75,6.509161233022022,2.690453309649102,2.4193548387096775,1.3018322466044043,0.16930022573363432,0.06997742663656885,0.09932279909706547,0.2622549019607843,1.3307618520845022,0.2893081761006289,0.6923076923076923,,,4.612960052294689,0.516120227644179,,,,,,,,,352.12877750396734,3.395648870459646,370.94878482818604,3.577133999467046,,,,,,,,,,,,,,,,,,,"Bryse Wilson","19990",669060
"Tyler Schweitzer","CHW",5,9,,5.0838480537098585,23,22,0,0,,113.30000305175781,500,121,69,64,18,43,0,3,87,6.9108559480118394,3.4157104110863115,2.0232558139534884,1.4298322651058977,0.174,0.086,0.088,0.2665198237885463,1.4474845152923903,0.29512893982808025,0.6844380403458212,,,4.9140525467525595,0.5160852934233411,,,,,,,,,338.42002258300784,2.986937453376859,368.50001525878906,3.252427231537236,,,,,,,,,,,,,,,,,,,"Tyler Schweitzer","31920",805326
"Robinson Piña","MIA",7,10,,4.773384904216149,24,20,0,0,,103.69999694824219,465,112,59,55,14,41,0,7,81,7.0298941316637835,3.5583414740520385,1.975609756097561,1.2150434301641106,0.17419354838709677,0.08817204301075268,0.08602150537634409,0.2685851318944844,1.4754098794849915,0.30434782608695654,0.704647676161919,,,4.747964877868479,0.5156831605400198,,,,,,,,,321.9799774169922,3.1049179063881356,354.49998474121094,3.4185149004213162,,,,,,,,,,,,,,,,,,,"Robinson Pina","23091",673820
"Logan Workman","TBR",6,8,,4.695652173913044,25,24,0,0,,115,499,120,65,60,17,36,0,5,84,6.573913043478261,2.8173913043478263,2.3333333333333335,1.3304347826086957,0.1683366733466934,0.07214428857715431,0.09619238476953908,0.26200873362445415,1.3565217391304347,0.28851540616246496,0.6883509833585477,,,4.696914560898491,0.5149123552447306,,,,,,,,,374.9,3.26,399,3.4695652173913043,,,,,,,,,,,,,,,,,,,"Logan Workman","sa3017313",694312
"Carson Spiers","CIN",5,8,,5.097345132743363,27,16,0,0.6014000177383423,,113,499,118,69,64,19,41,0,8,98,7.8053097345132745,3.265486725663717,2.3902439024390243,1.5132743362831858,0.1963927855711423,0.08216432865731463,0.11422845691382766,0.26222222222222225,1.407079646017699,0.2972972972972973,0.6797583081570997,,,4.918692167670326,0.5141181405797075,,,,,,,,,347.10560007095336,3.0717309740792333,369.40560007095337,3.269076106822596,,,,,,,,,,,,,,,,,,,"Carson Spiers","27685",686730
"Josh Sborz","TEX",3,2,,3.7413395578386965,47,0,2.0199999809265137,0.5889000296592712,,43.29999923706055,184,38,19,18,4,17,1,0,48,9.976905487569857,3.5334873601809913,2.823529411764706,0.8314087906308214,0.2608695652173913,0.09239130434782608,0.16847826086956522,0.2275449101796407,1.2702078745748662,0.2956521739130435,0.728744939271255,,,3.3281425986902327,0.5140116216334106,,,,,,,,,229.8755943775177,5.308905275470924,221.9555962085724,5.125995383819781,,,,,,,,,,,,,,,,,,,"Josh Sborz","18323",622250
"Zach Penrod","BOS",5,5,,4.4783307129485594,28,11,0,0,,62.29999923706055,275,58,34,31,7,31,0,4,63,9.101123706959973,4.4783307129485594,2.032258064516129,1.011235967439997,0.2290909090909091,0.11272727272727273,0.11636363636363636,0.24166666666666667,1.4285714460660275,0.3,0.6944444444444444,,,4.29007529766757,0.5133365996165998,,,,,,,,,245.11999435424804,3.9345103909476924,241.49999618530273,3.8764044806222255,,,,,,,,,,,,,,,,,,,"Zach Penrod","25368",683068
"Kyle Brnovich","BAL",4,3,,4.348462470417946,18,11,0,0,,68.30000305175781,295,67,36,33,9,24,0,5,58,7.642752220734571,3.1625181603039603,2.4166666666666665,1.1859443101139853,0.19661016949152543,0.08135593220338982,0.11525423728813561,0.2518796992481203,1.3323571879058351,0.2914572864321608,0.7015306122448979,,,4.454913102858075,0.5125093692586418,,,,,,,,,249.52002258300783,3.653294457306558,253.50001525878906,3.71156667543172,,,,,,,,,,,,,,,,,,,"Kyle Brnovich","sa3014923",686599
"Cade Horton","CHC",3,4,,4.415584221135734,18,18,0,0,,69.30000305175781,293,66,37,34,10,23,0,3,58,7.532467200760958,2.987012855474173,2.5217391304347827,1.29870124151051,0.19795221843003413,0.07849829351535836,0.11945392491467577,0.24719101123595505,1.2842712277159487,0.2814070351758794,0.6933333333333334,,,4.494041047389428,0.5123983190753554,,,,,,,,,256.2200225830078,3.6972584603155902,254.50001525878906,3.6724387309003674,,,,,,,,,,,,,,,,,,,"Cade Horton","31872",690990
"Reiver Sanmartin","CIN",3,4,,4.727955039533648,28,7,0,0,,53.29999923706055,234,55,30,28,6,20,0,2,44,7.4296436335528755,3.3771107425240343,2.2,1.0131332227572103,0.18803418803418803,0.08547008547008547,0.10256410256410256,0.25943396226415094,1.4071294760516808,0.30246913580246915,0.6756756756756758,,,4.217136453741717,0.5110317019593457,,,,,,,,,199.61999435424804,3.7452157075351007,210.49999618530273,3.9493433245480785,,,,,,,,,,,,,,,,,,,"Reiver Sanmartin","19754",665665
"Aaron Brown","HOU",5,6,,4.486266391749761,23,15,0,0,,98.30000305175781,426,104,53,49,15,29,0,3,73,6.6836213591373985,2.6551372522600625,2.5172413793103448,1.3733468546172738,0.17136150234741784,0.06807511737089202,0.10328638497652583,0.2639593908629442,1.3530009752896104,0.2908496732026144,0.7142857142857143,,,4.641556029545385,0.5100147506885251,,,,,,,,,322.5200225830078,3.280976730114562,346.50001525878906,3.52492374874441,,,,,,,,,,,,,,,,,,,"Aaron Brown","sa3017500",676345
"Jordan Romano","PHI",5,3,,3.7058823529411766,52,0,22.554000854492188,4.85230016708374,,51,211,43,23,21,6,17,3,2,57,10.058823529411764,3,3.3529411764705883,1.0588235294117647,0.27014218009478674,0.08056872037914692,0.18957345971563982,0.22395833333333334,1.1764705882352942,0.2868217054263566,0.7170542635658914,,,3.578244484172148,0.509684597216931,,,,,,,,,380.9792049407959,7.470180489035214,366.1792049407959,7.179984410603841,,,,,,,,,,,,,,,,,,,"Jordan Romano","16122",605447
"Nick Sinacola","SFG",5,6,,4.582881755299619,23,16,0,0,,92.30000305175781,405,99,51,47,12,28,0,5,66,6.435536081910103,2.7302274286891346,2.357142857142857,1.1700974694382005,0.16296296296296298,0.0691358024691358,0.09382716049382718,0.2661290322580645,1.3759479501726988,0.29591836734693877,0.689655172413793,,,4.499090785149968,0.5096138187705819,,,,,,,,,311.0200225830078,3.369664271935087,338.50001525878906,3.667388993139827,,,,,,,,,,,,,,,,,,,"Nick Sinacola","sa3017862",701161
"Alan Rangel","PHI",5,6,,4.976470588235294,21,18,0,0,,85,371,87,51,47,13,31,0,4,67,7.094117647058823,3.2823529411764705,2.161290322580645,1.3764705882352941,0.18059299191374664,0.08355795148247978,0.09703504043126686,0.25892857142857145,1.388235294117647,0.2890625,0.6713426853707415,,,4.813538601819207,0.5085803432717334,,,,,,,,,271.9,3.1988235294117646,285,3.3529411764705883,,,,,,,,,,,,,,,,,,,"Alan Rangel","19524",660604
"Ryan Lobus","TEX",6,6,,4.649446319938694,26,12,0,0,,81.30000305175781,350,77,45,42,13,25,0,7,77,8.523984919887607,2.76752757139208,3.08,1.4391143371238817,0.22,0.07142857142857142,0.14857142857142858,0.24213836477987422,1.2546124990310763,0.2807017543859649,0.6801909307875895,,,4.531793380176555,0.5066371410575876,,,,,,,,,299.52002258300786,3.684132980810901,295.50001525878906,3.6346863981132405,,,,,,,,,,,,,,,,,,,"Ryan Lobus","sa3022744",815590
"Max Rajcic","STL",9,11,,4.6115702479338845,24,23,0,0,,121,527,126,67,62,17,39,0,8,84,6.24793388429752,2.9008264462809916,2.1538461538461537,1.2644628099173554,0.15939278937381404,0.07400379506641366,0.08538899430740038,0.2625,1.3636363636363635,0.287598944591029,0.6940509915014165,,,4.7697855634137625,0.5061707012269472,,,,,,,,,385.70000000000005,3.1876033057851245,411,3.396694214876033,,,,,,,,,,,,,,,,,,,"Max Rajcic","31873",691008
"Brett Kerry","LAA",4,6,,4.845605583629338,25,20,0,0,,126.30000305175781,543,133,74,68,21,38,0,4,96,6.840854941594358,2.7078384143811003,2.526315789473684,1.4964370184737659,0.17679558011049723,0.06998158379373849,0.10681399631675874,0.2654690618762475,1.3539192071905501,0.2916666666666667,0.6850282485875706,,,4.805434608046777,0.5031177253837678,,,,,,,,,396.52002258300803,3.139509208250089,424.50001525878906,3.361045170243018,,,,,,,,,,,,,,,,,,,"Brett Kerry","29826",695049
"Jackson Rutledge","WSN",4,7,,5.017699115044247,25,24,0,0.6308000087738037,,113,506,115,68,63,15,50,0,10,88,7.008849557522124,3.982300884955752,1.76,1.1946902654867257,0.17391304347826086,0.09881422924901186,0.07509881422924901,0.257847533632287,1.4601769911504425,0.2915451895043732,0.6736111111111112,,,4.92754172519245,0.5030545489674785,,,,,,,,,351.22320003509526,3.1081699118150024,368.5232000350952,3.2612672569477454,,,,,,,,,,,,,,,,,,,"Jackson Rutledge","26215",671131
"Sean Burke","CHW",3,6,,4.771084337349397,22,21,0,0.6122000217437744,,83,367,80,48,44,12,41,0,4,79,8.566265060240964,4.445783132530121,1.9268292682926829,1.3012048192771084,0.21525885558583105,0.11171662125340599,0.10354223433242506,0.2484472049689441,1.4578313253012047,0.2943722943722944,0.7005758157389635,,,4.7688894168440115,0.5024380197481688,,,,,,,,,284.0488000869751,3.4222746998430735,284.4488000869751,3.4270939769515074,,,,,,,,,,,,,,,,,,,"Sean Burke","29878",680732
"Shane Smith","CHW",3,6,,4.688691414342448,32,13,0,0,,78.69999694824219,342,76,44,41,11,29,0,8,73,8.348157884073139,3.316391488193439,2.5172413793103448,1.257941598969925,0.2134502923976608,0.0847953216374269,0.1286549707602339,0.24918032786885247,1.3341804837559812,0.29411764705882354,0.6808035714285715,,,4.538779704438804,0.5020990317040674,,,,,,,,,284.47997741699226,3.6147393703723174,285.49998474121094,3.627700073850991,,,,,,,,,,,,,,,,,,,"Shane Smith","31687",681343
"Lucas Erceg","KCR",4,3,,3.6871507856038583,52,0,9.527000427246094,10.366399765014648,,53.70000076293945,233,45,24,22,4,25,2,5,60,10.055865778919614,4.189944074549839,2.4,0.6703910519279742,0.2575107296137339,0.1072961373390558,0.1502145922746781,0.22167487684729065,1.3035381565266166,0.2949640287769784,0.7142857142857142,,,3.576163198912446,0.500692659509415,,,,,,,,,350.280606842041,6.522916235855695,335.6006050109863,6.249545628360548,,,,,,,,,,,,,,,,,,,"Lucas Erceg","19360",668674
"Chris Murphy","BOS",4,5,,4.7311829682010105,22,12,0,0.6410999894142151,,83.69999694824219,371,84,48,44,10,37,0,5,69,7.419355109224312,3.9784947687144863,1.864864864864865,1.0752688564093207,0.18598382749326145,0.09973045822102426,0.08625336927223719,0.2553191489361702,1.4456392402836422,0.296,0.6822429906542056,,,4.576276723359793,0.5001142592613117,,,,,,,,,292.5443773746491,3.4951539789846184,303.0643846988678,3.620841048372733,,,,,,,,,,,,,,,,,,,"Chris Murphy","26214",669684
"Drue Hackenberg","ATL",5,6,,4.670184821919728,24,24,0,0,,113.69999694824219,514,111,64,59,14,54,0,13,100,7.915567494779199,4.274406447180768,1.8518518518518519,1.108179449269088,0.19455252918287938,0.10505836575875487,0.08949416342412451,0.2483221476510067,1.4511873740428531,0.2912912912912913,0.6946354883081155,,,4.775978502228233,0.4996717936340877,,,,,,,,,379.57997741699216,3.338434367678851,385.49998474121094,3.390501276061563,,,,,,,,,,,,,,,,,,,"Drue Hackenberg","sa3023304",802357
"Craig Yoho","MIL",3,3,,3.554757581471009,47,0,0,0,,55.70000076293945,233,43,24,22,6,22,0,5,69,11.149012414613619,3.554757581471009,3.1363636363636362,0.9694793404011842,0.296137339055794,0.0944206008583691,0.20171673819742486,0.2087378640776699,1.166965872705129,0.2824427480916031,0.724381625441696,,,3.5434995217791445,0.4990000758902729,,,,,,,,,283.58000564575195,5.091202904155698,257.50000381469727,4.62298025651065,,,,,,,,,,,,,,,,,,,"Craig Yoho","33248",684974
"Walker Powell","CHC",6,6,,4.3742404210313195,21,13,0,0,,82.30000305175781,348,85,43,40,12,20,0,3,57,6.233292599969631,2.1871202105156597,2.85,1.312272126309396,0.16379310344827586,0.05747126436781609,0.10632183908045977,0.26153846153846155,1.2758201228008017,0.28515625,0.7029478458049886,,,4.515203908107785,0.4988586067635577,,,,,,,,,285.42002258300784,3.468043888206292,300.50001525878906,3.6512758701820096,,,,,,,,,,,,,,,,,,,"Walker Powell","sa3017815",689608
"Ben Joyce","LAA",2,2,,3.580470212146148,52,1,7.459000110626221,10.185099601745605,,55.29999923706055,236,43,24,22,5,24,0,7,67,10.904159282445088,3.905967504159434,2.7916666666666665,0.8137432300332155,0.2838983050847458,0.1016949152542373,0.1822033898305085,0.2097560975609756,1.2115732536050097,0.2857142857142857,0.7166666666666667,,,3.6004761676408434,0.4987835756166954,,,,,,,,,354.9553933143615,6.418723294963088,330.53539514541626,5.977132001909694,,,,,,,,,,,,,,,,,,,"Ben Joyce","31461",690829
"Riley Gowens","CHW",4,8,,5.067961165048544,22,22,0,0,,103,450,104,63,58,17,41,0,4,89,7.776699029126213,3.5825242718446604,2.1707317073170733,1.4854368932038835,0.19777777777777777,0.09111111111111111,0.10666666666666666,0.25679012345679014,1.4077669902912622,0.2909698996655518,0.6765676567656765,,,4.8946351180956205,0.49829626015513195,,,,,,,,,325.7,3.162135922330097,337,3.2718446601941746,,,,,,,,,,,,,,,,,,,"Riley Gowens","sa3022948",803035
"Penn Murfee","CHW",2,3,,4.172185500731235,29,5,1.965000033378601,11.300000190734863,,45.29999923706055,192,41,23,21,5,17,2,3,46,9.139073001601751,3.3774835005919517,2.7058823529411766,0.9933775001741034,0.23958333333333334,0.08854166666666667,0.15104166666666669,0.23837209302325582,1.2803532224466223,0.2975206611570248,0.6862745098039216,,,3.8949566117508043,0.4978743215003763,,,,,,,,,254.1449952840805,5.61026489104576,248.5249971151352,5.486203119222428,,,,,,,,,,,,,,,,,,,"Penn Murfee","25174",682171
"Brian Van Belle","BOS",5,7,,4.7272727272727275,25,14,0,0,,99,430,110,56,52,15,27,0,3,68,6.181818181818182,2.4545454545454546,2.5185185185185186,1.3636363636363635,0.15813953488372093,0.06279069767441861,0.09534883720930232,0.275,1.3838383838383839,0.2996845425867508,0.6982758620689655,,,4.6715302833403,0.4947382451982083,,,,,,,,,308.1,3.1121212121212123,346,3.494949494949495,,,,,,,,,,,,,,,,,,,"Brian Van Belle","27695",687003
"Mike Burrows","PIT",3,4,,4.561643835616438,21,19,0,0.6169999837875366,,73,315,71,40,37,10,29,0,3,60,7.397260273972603,3.5753424657534247,2.0689655172413794,1.2328767123287672,0.19047619047619047,0.09206349206349207,0.0984126984126984,0.2508833922261484,1.36986301369863,0.2863849765258216,0.6976744186046512,,,4.6185345728103435,0.4942497211318731,,,,,,,,,259.06799993515017,3.548876711440413,261.46799993515015,3.58175342376918,,,,,,,,,,,,,,,,,,,"Mike Burrows","24728",681347
"Josh Stephan","TEX",4,6,,4.864865055938094,16,15,0,0,,77.69999694824219,335,78,45,42,12,23,0,5,61,7.065637343148185,2.664092768728004,2.652173913043478,1.3899614445537414,0.18208955223880596,0.06865671641791045,0.11343283582089551,0.254071661237785,1.299871350925258,0.28205128205128205,0.665083135391924,,,4.685141356598512,0.49334950326323773,,,,,,,,,262.5799774169922,3.379407821494549,270.49998474121094,3.481338421691283,,,,,,,,,,,,,,,,,,,"Josh Stephan","sa3015286",695776
"Brandon Leibrandt","NYY",3,4,,4.625,17,13,0,0,,72,313,76,40,37,11,22,0,3,54,6.75,2.75,2.4545454545454546,1.375,0.17252396166134185,0.07028753993610223,0.10223642172523961,0.2638888888888889,1.3611111111111112,0.2914798206278027,0.7021791767554479,,,4.694257556067573,0.49213893763306416,,,,,,,,,232.90000000000006,3.234722222222223,250,3.4722222222222223,,,,,,,,,,,,,,,,,,,"Brandon Leibrandt","16135",605335
"Eiberson Castellano","PHI",4,5,,4.9879518072289155,20,16,0,0,,83,372,80,50,46,12,35,0,11,79,8.566265060240964,3.7951807228915664,2.257142857142857,1.3012048192771084,0.21236559139784947,0.09408602150537634,0.11827956989247312,0.24539877300613497,1.3855421686746987,0.28936170212765955,0.6619144602851323,,,4.805033995157265,0.49172944320268686,,,,,,,,,278.6,3.3566265060240967,279,3.36144578313253,,,,,,,,,,,,,,,,,,,"Eiberson Castellano","28040",682769
"Anthony Veneziano","MIA",5,6,,4.576271047201685,33,17,1.097000002861023,10.61709976196289,,100.30000305175781,448,106,55,51,13,41,0,6,81,7.268195192614442,3.678962998730767,1.975609756097561,1.1665004630121945,0.18080357142857142,0.09151785714285714,0.08928571428571429,0.26433915211970077,1.465603145835834,0.30293159609120524,0.7142857142857142,,,4.642053013553084,0.4905208752994875,,,,,,,,,375.6734216451646,3.7454976093201693,401.45341432094574,4.002526441736833,,,,,,,,,,,,,,,,,,,"Anthony Veneziano","27453",685107
"Chad Dallas","TOR",4,4,,4.609756097560975,18,18,0,0,,82,362,82,45,42,11,33,0,5,63,6.914634146341464,3.6219512195121952,1.9090909090909092,1.2073170731707317,0.17403314917127072,0.09116022099447514,0.08287292817679558,0.25308641975308643,1.4024390243902438,0.284,0.7028112449799198,,,4.764040753899551,0.4882309466020062,,,,,,,,,270.30000000000007,3.296341463414635,279,3.402439024390244,,,,,,,,,,,,,,,,,,,"Chad Dallas","30158",689149
"Eduardo Salazar","WSN",3,4,,4.6125,39,10,0,6.559899806976318,,80,358,81,44,41,8,33,0,7,61,6.8625,3.7125,1.8484848484848484,0.9,0.17039106145251395,0.09217877094972067,0.07821229050279328,0.25471698113207547,1.425,0.2931726907630522,0.6809338521400778,,,4.441479778289795,0.4881974123872512,,,,,,,,,311.2395992279053,3.8904949903488157,324.2395992279053,4.052994990348816,,,,,,,,,,,,,,,,,,,"Eduardo Salazar","23135",674285
"Carlos Estévez","KCR",5,3,,3.5863377089912993,55,0,21.523000717163086,6.151500225067139,,52.70000076293945,215,45,23,21,5,18,3,1,50,8.538899307122142,3.074003750563971,2.7777777777777777,0.8538899307122141,0.23255813953488372,0.08372093023255814,0.14883720930232558,0.22959183673469388,1.1954459029970999,0.28368794326241137,0.7142857142857143,,,3.5839370777490998,0.48657092747203234,,,,,,,,,386.701010131836,7.337779972173703,373.72100830078125,7.091480130747842,,,,,,,,,,,,,,,,,,,"Carlos Estevez","14542",608032
"Austin Bergner","DET",3,5,,4.595267571312034,24,18,0,0,,80.30000305175781,355,79,44,41,11,37,0,3,70,7.845578780288838,4.146948783866957,1.8918918918918919,1.2328766654739602,0.19718309859154928,0.10422535211267606,0.09295774647887323,0.2507936507936508,1.4445827595452463,0.2905982905982906,0.7157057654075547,,,4.698235635393806,0.4859164882594379,,,,,,,,,273.52002258300774,3.4062268018434434,278.50001525878906,3.4682441428959887,,,,,,,,,,,,,,,,,,,"Austin Bergner","sa3011122",666123
"Trevor Megill","MIL",2,2,,3.3723652793229384,45,1,28.305999755859375,2.2256999015808105,,42.70000076293945,183,38,17,16,5,15,2,1,51,10.749414327841867,3.161592449365255,3.4,1.0538641497884182,0.2786885245901639,0.08196721311475409,0.19672131147540983,0.2275449101796407,1.2412177764174706,0.2972972972972973,0.782608695652174,,,3.4240910149047417,0.48522663300211144,,,,,,,,,360.1128040313721,8.433554978854339,352.9328022003174,8.265405056072922,,,,,,,,,,,,,,,,,,,"Trevor Megill","17722",656730
"Shawn Dubin","HOU",2,3,,4.052532891028841,32,6,0,0.652999997138977,,53.29999923706055,237,48,26,24,5,27,0,3,56,9.455910079067296,4.559099502407446,2.074074074074074,0.8442776856310086,0.23628691983122363,0.11392405063291139,0.12236286919831224,0.2318840579710145,1.4071294760516808,0.2945205479452055,0.7205882352941176,,,3.973234011226092,0.48453187333662223,,,,,,,,,232.73199434280394,4.366453990134033,226.11199617385864,4.242251396068285,,,,,,,,,,,,,,,,,,,"Shawn Dubin","24977",681869
"Pete Fairbanks","TBR",4,3,,3.3479211694910034,47,0,24.690000534057617,5.693699836730957,,45.70000076293945,190,38,18,17,4,18,1,1,51,10.04376350847301,3.544857708872827,2.8333333333333335,0.7877461575272949,0.26842105263157895,0.09473684210526316,0.17368421052631577,0.2222222222222222,1.2253829117091255,0.29310344827586204,0.753968253968254,,,3.319652642253436,0.48353554170071894,,,,,,,,,381.4048076629639,8.345838102748244,367.7248058319092,8.04649452282103,,,,,,,,,,,,,,,,,,,"Pete Fairbanks","17998",664126
"Bryan Hudson","MIL",5,3,,3.554502412509797,47,2,0.9990000128746033,11.481399536132812,,63.29999923706055,263,51,27,25,7,25,0,3,67,9.526066465526254,3.554502412509797,2.68,0.9952606755027431,0.25475285171102663,0.09505703422053231,0.15969581749049433,0.2170212765957447,1.2006319260033091,0.2732919254658385,0.7401812688821752,,,3.8141891067915803,0.4831002623617739,,,,,,,,,350.64059256315227,5.53934592084262,326.420594394207,5.15672351229818,,,,,,,,,,,,,,,,,,,"Bryan Hudson","19924",663542
"Reed Garrett","NYM",6,4,,3.5294117647058822,47,0,0,14.513699531555176,,51,222,43,22,20,5,25,1,1,63,11.117647058823529,4.411764705882353,2.52,0.8823529411764706,0.28378378378378377,0.11261261261261261,0.17117117117117114,0.2193877551020408,1.3333333333333333,0.296875,0.7540983606557377,,,3.4998131116231286,0.48277076202934305,,,,,,,,,310.1547981262207,6.081466629925896,296.0547981262207,5.804996041690602,,,,,,,,,,,,,,,,,,,"Reed Garrett","16866",657585
"Tekoah Roby","STL",4,4,,4.348462470417946,17,17,0,0,,68.30000305175781,291,68,36,33,10,21,0,3,55,7.247437450696576,2.767203390265965,2.619047619047619,1.31771590012665,0.18900343642611683,0.07216494845360824,0.11683848797250859,0.2546816479400749,1.3030746123474652,0.2871287128712871,0.7066666666666667,,,4.5134782539748155,0.4826946352084371,,,,,,,,,243.62002258300782,3.566910859409367,249.50001525878906,3.6530015243149796,,,,,,,,,,,,,,,,,,,"Tekoah Roby","sa3014519",694358
"David Sandlin","BOS",3,3,,4.75,21,21,0,0,,72,312,75,41,38,13,22,0,1,66,8.25,2.75,3,1.625,0.21153846153846154,0.07051282051282051,0.14102564102564102,0.25951557093425603,1.3472222222222223,0.29523809523809524,0.7106598984771574,,,4.638702000512017,0.48239139815652826,,,,,,,,,240.9000000000001,3.3458333333333345,254,3.5277777777777777,,,,,,,,,,,,,,,,,,,"David Sandlin","31743",689818
"Ross Stripling","KCR",4,5,,5.111111111111111,21,15,0,0,,81,355,93,50,46,12,22,1,2,52,5.777777777777778,2.4444444444444446,2.3636363636363638,1.3333333333333333,0.14647887323943662,0.061971830985915494,0.08450704225352113,0.2809667673716012,1.4197530864197532,0.30337078651685395,0.6619144602851323,,,4.697343975820659,0.48228541199891317,,,,,,,,,241.99999999999994,2.987654320987654,281,3.4691358024691357,,,,,,,,,,,,,,,,,,,"Ross Stripling","13273",548389
"Julian Aguiar","CIN",4,8,,5.315243286346088,26,25,0,0,,125.30000305175781,547,133,80,74,21,38,0,11,89,6.392657466010835,2.7294492551506937,2.3421052631578947,1.5083798515306466,0.16270566727605118,0.06946983546617916,0.09323583180987202,0.26706827309236947,1.3647246275753468,0.28865979381443296,0.6426553672316384,,,5.097844455911046,0.4815653071198552,,,,,,,,,354.12002258300794,2.8261772861787655,384.50001525878906,3.068635322378749,,,,,,,,,,,,,,,,,,,"Julian Aguiar","30031",687924
"Landon Harper","ATL",4,4,,4.121122785475165,30,6,0,0,,67.69999694824219,293,73,34,31,9,17,1,0,51,6.77991167933011,2.2599705597767032,3,1.1964550022347253,0.17406143344709898,0.05802047781569966,0.11604095563139932,0.2644927536231884,1.3293944469274726,0.2962962962962963,0.7235142118863048,,,4.141369039369941,0.4779568784016134,,,,,,,,,251.47997741699214,3.714623172128839,272.49998474121094,4.025110738919853,,,,,,,,,,,,,,,,,,,"Landon Harper","sa3020404",804542
"Tyson Miller","CHC",3,4,,3.9810427020109724,46,4,0,0.6420999765396118,,63.29999923706055,269,57,30,28,7,21,0,4,60,8.530805790023512,2.9857820265082293,2.857142857142857,0.9952606755027431,0.22304832713754646,0.07806691449814127,0.1449814126394052,0.2336065573770492,1.2322275030033962,0.2824858757062147,0.7038123167155425,,,3.893178049291798,0.47681836504831354,,,,,,,,,281.6883942604064,4.4500536754427795,273.0683960914612,4.31387676749902,,,,,,,,,,,,,,,,,,,"Tyson Miller","19976",668338
"Michael Kopech","LAD",7,6,,4.214046966112049,45,11,2.6070001125335693,9.918999671936035,,89.69999694824219,378,71,45,42,14,44,1,5,104,10.434782963706025,4.414715869260242,2.3636363636363638,1.4046823220373494,0.2751322751322751,0.1164021164021164,0.15873015873015872,0.21580547112462006,1.2820513256690094,0.27014218009478674,0.7337526205450733,,,4.515420738341535,0.4757622765708175,,,,,,,,,420.69097666740413,4.689977602899441,380.2109839916229,4.238695617916337,,,,,,,,,,,,,,,,,,,"Michael Kopech","17282",656629
"Stephen Kolek","SDP",4,4,,4.371428571428571,35,7,0,0.6158000230789185,,70,308,68,37,34,7,25,0,7,57,7.328571428571428,3.2142857142857144,2.28,0.9,0.18506493506493507,0.08116883116883117,0.1038961038961039,0.2463768115942029,1.3285714285714285,0.28773584905660377,0.673076923076923,,,4.209336921146938,0.47553196317010366,,,,,,,,,275.56320009231564,3.936617144175938,279.4632000923157,3.992331429890224,,,,,,,,,,,,,,,,,,,"Stephen Kolek","21487",663568
"Justin Hagenman","NYM",4,5,,4.460966711447212,30,10,0,0,,80.69999694824219,343,79,43,40,12,25,0,3,69,7.6951675772464405,2.7881041946545073,2.76,1.3382900134341635,0.20116618075801748,0.0728862973760933,0.1282798833819242,0.2507936507936508,1.2887237166403056,0.2863247863247863,0.6995412844036697,,,4.430420346533172,0.47485908460344056,,,,,,,,,298.1799774169922,3.694919314659121,301.49998474121094,3.7360594317566234,,,,,,,,,,,,,,,,,,,"Justin Hagenman","21546",663795
"Chris Clarke","CHC",3,4,,4.5,20,12,0,0,,66,287,70,36,33,8,18,0,4,44,6,2.4545454545454546,2.4444444444444446,1.0909090909090908,0.15331010452961671,0.0627177700348432,0.09059233449477351,0.2641509433962264,1.3333333333333333,0.29107981220657275,0.6770833333333334,,,4.408904020714037,0.4732351693509601,,,,,,,,,230.0000000000001,3.4848484848484866,248,3.757575757575758,,,,,,,,,,,,,,,,,,,"Chris Clarke","sa3011411",669247
"Josh Walker","TOR",3,3,,3.927893681276185,33,4,0,0.6585999727249146,,52.70000076293945,226,48,25,23,6,21,0,1,51,8.709677293264583,3.5863377089912993,2.4285714285714284,1.0246679168546569,0.22566371681415928,0.09292035398230089,0.1327433628318584,0.23529411764705882,1.3092978937587283,0.2857142857142857,0.7260726072607261,,,3.963443713621195,0.47144001192914536,,,,,,,,,230.01440553665162,4.364599662366723,224.13440370559692,4.253024676675457,,,,,,,,,,,,,,,,,,,"Josh Walker","23617",677020
"Michael Morales","SEA",6,7,,4.651527127606376,25,25,0,0,,127.69999694824219,554,132,71,66,19,42,0,4,93,6.554424588899894,2.960062717567694,2.2142857142857144,1.3390759912806234,0.16787003610108303,0.07581227436823104,0.09205776173285199,0.25984251968503935,1.3625685525311608,0.28535353535353536,0.6987788331071912,,,4.724819674575433,0.4709387556622629,,,,,,,,,416.07997741699234,3.2582614515302835,439.49998474121094,3.441660103714362,,,,,,,,,,,,,,,,,,,"Michael Morales","sa3017783",691786
"Trevor McDonald","SFG",4,5,,4.4619106846030325,23,17,0,0.6378999948501587,,82.69999694824219,368,85,44,41,9,29,0,10,62,6.747279571838732,3.155985606182633,2.1379310344827585,0.9794438088152998,0.16847826086956522,0.07880434782608696,0.08967391304347826,0.25835866261398177,1.3784764716659774,0.29457364341085274,0.6903353057199211,,,4.496588654458721,0.4697212926685474,,,,,,,,,289.8315773963929,3.5046141244453017,306.0515847206116,3.700744812749558,,,,,,,,,,,,,,,,,,,"Trevor McDonald","26448",686790
"Dylan Floro","OAK",5,4,,3.6767318437855026,57,0,0,0.667900025844574,,56.29999923706055,240,56,25,23,4,17,2,1,44,7.033747875067918,2.7175844062762406,2.588235294117647,0.6394316250061743,0.18333333333333332,0.07083333333333333,0.11249999999999999,0.25225225225225223,1.2966252395958535,0.2988505747126437,0.7121661721068249,,,3.486195590792882,0.46636707765267943,,,,,,,,,258.49159445762643,4.591325008179918,266.17159628868103,4.7277371207044085,,,,,,,,,,,,,,,,,,,"Dylan Floro","13394",571670
"Emerson Hancock","SEA",7,9,,4.560569961062906,25,25,0,0.6220999956130981,,126.30000305175781,546,128,69,64,18,42,0,7,92,6.555819319027927,2.9928740369475317,2.1904761904761907,1.2826603015489422,0.1684981684981685,0.07692307692307693,0.09157509157509158,0.2575452716297787,1.3460015510081493,0.2842377260981912,0.6975138121546961,,,4.726258046222768,0.4632720294571123,,,,,,,,,419.9084225654604,3.324690517967618,436.98841524124146,3.4599240275723773,,,,,,,,,,,,,,,,,,,"Emerson Hancock","27470",676106
"Shawn Armstrong","TEX",2,3,,4.394213442179363,47,5,0,9.303299903869629,,55.29999923706055,241,54,29,27,7,18,0,3,55,8.95117553036537,2.9294756281195755,3.0555555555555554,1.1392405220465016,0.22821576763485477,0.07468879668049792,0.15352697095435686,0.24545454545454545,1.3019891680531448,0.2974683544303797,0.6913183279742765,,,3.9621398254333835,0.4592665155212511,,,,,,,,,266.9331939697265,4.8270017658668465,269.71319580078125,4.8772730474113075,,,,,,,,,,,,,,,,,,,"Shawn Armstrong","12857",542888
"Lazaro Estrada","TOR",5,5,,4.574333087163364,20,17,0,0,,78.69999694824219,343,78,43,40,12,29,0,5,67,7.662007920998635,3.316391488193439,2.310344827586207,1.3722999261490092,0.19533527696793002,0.08454810495626822,0.1107871720116618,0.2524271844660194,1.3595934453513332,0.28695652173913044,0.7095343680709534,,,4.74208339720162,0.45856079056765825,,,,,,,,,263.9799774169922,3.3542565140199585,269.49998474121094,3.4243963810881746,,,,,,,,,,,,,,,,,,,"Lazaro Estrada","24914",681751
"Justin Jarvis","LAD",6,7,,4.838709677419355,25,16,0,0,,93,408,94,54,50,14,38,0,3,76,7.354838709677419,3.6774193548387095,2,1.3548387096774193,0.18627450980392157,0.09313725490196079,0.09313725490196079,0.2561307901907357,1.4193548387096775,0.2888086642599278,0.693950177935943,,,4.811641068612376,0.456443889160106,,,,,,,,,300.6,3.232258064516129,312,3.3548387096774195,,,,,,,,,,,,,,,,,,,"Justin Jarvis","sa3007775",680691
"Anthony Bender","MIA",4,3,,3.7278105947910496,55,1,5.482999801635742,12.294599533081055,,50.70000076293945,215,45,23,21,5,18,2,4,54,9.585798672319843,3.195266224106614,3,0.8875739511407261,0.25116279069767444,0.08372093023255814,0.1674418604651163,0.23316062176165803,1.2426035315970165,0.29850746268656714,0.7142857142857143,,,3.620128686650611,0.45619629528560807,,,,,,,,,315.2734027862549,6.21841021779062,307.0934009552002,6.057068961223339,,,,,,,,,,,,,,,,,,,"Anthony Bender","19742",669622
"Cole Irvin","MIN",6,8,,4.757033124319582,27,19,0,0,,117.30000305175781,508,129,67,62,19,29,1,7,83,6.368286279331054,2.225063880730127,2.8620689655172415,1.4578004735818075,0.16338582677165353,0.05708661417322835,0.10629921259842517,0.2733050847457627,1.3469735369937168,0.2972972972972973,0.6925418569254186,,,4.777732933301267,0.45597914570150316,,,,,,,,,356.9200225830078,3.042796362294375,397.50001525878906,3.3887468449885287,,,,,,,,,,,,,,,,,,,"Cole Irvin","19244",608344
"Dinelson Lamet","KCR",4,6,,4.68,22,14,0,0,,75,334,77,42,39,10,32,1,4,63,7.56,3.84,1.96875,1.2,0.18862275449101795,0.09580838323353294,0.09281437125748501,0.25838926174496646,1.4533333333333334,0.29777777777777775,0.7052631578947368,,,4.659813111623128,0.4550025025918673,,,,,,,,,249.79999999999998,3.330666666666666,263,3.506666666666667,,,,,,,,,,,,,,,,,,,"Dinelson Lamet","17186",659275
"Adam Macko","TOR",4,5,,4.719512195121951,19,19,0,0,,82,366,79,46,43,11,37,0,8,72,7.902439024390244,4.060975609756097,1.945945945945946,1.2073170731707317,0.19672131147540983,0.10109289617486339,0.09562841530054644,0.24610591900311526,1.4146341463414633,0.2857142857142857,0.6958250497017893,,,4.800626119753209,0.45499082381415784,,,,,,,,,275.1,3.354878048780488,276,3.3658536585365852,,,,,,,,,,,,,,,,,,,"Adam Macko","25590",671936
"Josh Maciejewski","MIL",4,4,,4.375,26,10,0,0,,72,312,70,38,35,10,26,0,3,63,7.875,3.25,2.423076923076923,1.25,0.20192307692307693,0.08333333333333333,0.1185897435897436,0.24734982332155478,1.3333333333333333,0.2857142857142857,0.7073170731707317,,,4.4303686671786835,0.45489010265457486,,,,,,,,,266.80000000000007,3.7055555555555566,269,3.736111111111111,,,,,,,,,,,,,,,,,,,"Josh Maciejewski","21310",656671
"Blade Tidwell","NYM",7,9,,4.719411356048762,25,21,0,0,,108.69999694824219,483,104,62,57,15,54,0,6,98,8.114075664785592,4.471021284677775,1.8148148148148149,1.2419503568549375,0.2028985507246377,0.11180124223602485,0.09109730848861285,0.2458628841607565,1.4535418991339268,0.2870967741935484,0.7007299270072993,,,4.813213955156712,0.4537188413296656,,,,,,,,,365.4799774169922,3.3622813953805033,364.49998474121094,3.353265823133083,,,,,,,,,,,,,,,,,,,"Blade Tidwell","31701",694918
"Kody Funderburk","MIN",3,3,,4.131147540983607,36,4,0,0.6255999803543091,,61,268,56,30,28,6,27,0,5,62,9.147540983606557,3.9836065573770494,2.2962962962962963,0.8852459016393442,0.23134328358208955,0.10074626865671642,0.13059701492537312,0.23728813559322035,1.360655737704918,0.2976190476190476,0.710455764075067,,,3.986151909437336,0.4536379151596286,,,,,,,,,262.50239992141735,4.3033180314986454,257.50239992141724,4.221350818383889,,,,,,,,,,,,,,,,,,,"Kody Funderburk","24993",681892
"Chase Lee","DET",3,3,,3.8054968901345396,35,2,0,0,,47.29999923706055,203,43,22,20,5,15,1,4,47,8.942917691816168,2.8541226676009046,3.1333333333333333,0.9513742225336349,0.2315270935960591,0.07389162561576355,0.15763546798029554,0.23369565217391305,1.226215664598907,0.2878787878787879,0.7058823529411765,,,3.7584459611996124,0.45286341884232634,,,,,,,,,213.71999435424806,4.518393188192569,208.49999618530273,4.408033817090183,,,,,,,,,,,,,,,,,,,"Chase Lee","29574",695445
"Kevin Kelly","TBR",4,4,,3.5217391304347827,64,0,0,10.742899894714355,,69,286,62,29,27,7,15,1,8,63,8.217391304347826,1.9565217391304348,4.2,0.9130434782608695,0.2202797202797203,0.05244755244755245,0.16783216783216784,0.23574144486692014,1.1159420289855073,0.2849740932642487,0.7142857142857143,,,3.659233401478201,0.45145595553668494,,,,,,,,,363.2715995788574,5.264805790997933,353.9715995788574,5.130023182302281,,,,,,,,,,,,,,,,,,,"Kevin Kelly","25679",687330
"Ryan Fernandez","STL",4,3,,3.7313433307925212,52,0,2.3889999389648438,13.06820011138916,,60.29999923706055,255,54,27,25,6,22,2,1,60,8.95522399390205,3.2835821310974187,2.727272727272727,0.8955223993902052,0.23529411764705882,0.08627450980392157,0.14901960784313725,0.23275862068965517,1.2603648584010294,0.2891566265060241,0.7248520710059172,,,3.6142409779848976,0.45117811890374887,,,,,,,,,347.2377944946288,5.758504127496166,338.7177963256836,5.617210623735907,,,,,,,,,,,,,,,,,,,"Ryan Fernandez","24862",681676
"Trenton Wallace","TOR",4,5,,4.5978260869565215,23,22,0,0,,92,409,87,51,47,12,46,0,7,80,7.826086956521739,4.5,1.7391304347826086,1.173913043478261,0.19559902200489,0.11246943765281174,0.08312958435207825,0.2443820224719101,1.4456521739130435,0.2840909090909091,0.7056798623063684,,,4.851262386985447,0.45046342764762143,,,,,,,,,308,3.347826086956522,305,3.3152173913043477,,,,,,,,,,,,,,,,,,,"Trenton Wallace","sa3017748",680436
"Nic Enright","CLE",3,3,,3.5831381092806223,31,1,0,0,,42.70000076293945,176,38,18,17,5,12,0,1,45,9.484777348095765,2.529273959492204,3.75,1.0538641497884182,0.2556818181818182,0.06818181818181818,0.1875,0.2331288343558282,1.1709601664315759,0.2920353982300885,0.7441860465116279,,,3.4943486248906366,0.4487984593480752,,,,,,,,,206.68000564575198,4.840281076180576,199.50000381469727,4.6721311533991585,,,,,,,,,,,,,,,,,,,"Nic Enright","25553",663671
"Shane Drohan","BOS",5,7,,4.854369091848531,23,19,0,0,,92.69999694824219,416,95,54,50,12,45,0,4,77,7.475728401446737,4.368932182663678,1.711111111111111,1.1650485820436474,0.18509615384615385,0.10817307692307693,0.07692307692307693,0.25885558583106266,1.5102481619084318,0.29856115107913667,0.698051948051948,,,4.7738153220351975,0.44794405700129436,,,,,,,,,298.37997741699223,3.2187700888877995,314.49998474121094,3.3926644562545976,,,,,,,,,,,,,,,,,,,"Shane Drohan","27814",675660
"Angel Bastardo","TOR",4,4,,4.567474209213669,18,18,0,0,,86.69999694824219,375,83,48,44,13,37,0,3,72,7.474048705986004,3.8408305850205853,1.945945945945946,1.349481016358584,0.192,0.09866666666666667,0.09333333333333334,0.24776119402985075,1.3840830937011117,0.28,0.7072691552062869,,,4.838913516511972,0.44744740802055993,,,,,,,,,289.8799774169922,3.343483132877658,288.49998474121094,3.3275662617778234,,,,,,,,,,,,,,,,,,,"Angel Bastardo","sa3009716",682785
"Dedniel Núñez","NYM",3,2,,3.5403727267306424,37,0,0,4.389900207519531,,48.29999923706055,202,41,21,19,6,17,2,0,56,10.434782773521894,3.167701913390575,3.2941176470588234,1.118012440020203,0.27722772277227725,0.08415841584158416,0.19306930693069307,0.22162162162162163,1.2008281763179958,0.2845528455284553,0.7459677419354839,,,3.5184466575554145,0.44700705260317664,,,,,,,,,255.57959518432614,5.291503089470448,242.05959701538086,5.011585938693944,,,,,,,,,,,,,,,,,,,"Dedniel Nunez","23055",673380
"Chris Campos","LAD",5,6,,4.892412061942732,23,14,0,0,,88.30000305175781,385,91,52,48,15,30,0,2,74,7.542468595495046,3.0577575387142075,2.466666666666667,1.5288787693571038,0.19220779220779222,0.07792207792207792,0.1142857142857143,0.2577903682719547,1.3703283784608116,0.2878787878787879,0.69,,,4.785958771016209,0.4469771477080597,,,,,,,,,284.3200225830078,3.219932194298466,298.50001525878906,3.380521007273586,,,,,,,,,,,,,,,,,,,"Chris Campos","sa3020396",702318
"Ben Casparius","LAD",5,6,,4.9186046511627906,23,17,0,4.5370001792907715,,86,381,83,51,47,13,40,0,5,81,8.476744186046512,4.186046511627907,2.025,1.3604651162790697,0.2125984251968504,0.10498687664041995,0.10761154855643046,0.24702380952380953,1.430232558139535,0.2892561983471074,0.6870229007633588,,,4.81764256898747,0.44684822730509693,,,,,,,,,305.8480007171631,3.5563721013623613,306.1480007171631,3.5598604734553847,,,,,,,,,,,,,,,,,,,"Ben Casparius","30085",676508
"Scott Barlow","CIN",3,4,,4.0554592184736595,61,0,2.1440000534057617,10.199999809265137,,57.70000076293945,245,50,28,26,7,24,2,3,67,10.4506064476052,3.7435008170526087,2.7916666666666665,1.0918544049736776,0.27346938775510204,0.09795918367346938,0.17551020408163265,0.22935779816513763,1.2824956502865419,0.2986111111111111,0.7165109034267912,,,3.8250586257342354,0.4437102224481587,,,,,,,,,315.4000051498414,5.466204523040871,302.0200033187866,5.234315412917173,,,,,,,,,,,,,,,,,,,"Scott Barlow","14993",605130
"Jonathan Bowlan","KCR",6,7,,4.762954956288699,29,16,0,0.6407999992370605,,90.69999694824219,400,96,52,48,13,33,0,4,69,6.846747749665004,3.2745315324484805,2.090909090909091,1.2899669673281893,0.1725,0.0825,0.08999999999999998,0.2644628099173554,1.422271271669542,0.29537366548042704,0.6949458483754513,,,4.732080712995803,0.4436184459047617,,,,,,,,,291.24317741394043,3.2110604984930475,314.0631847381592,3.462659264667659,,,,,,,,,,,,,,,,,,,"Jonathan Bowlan","24607",680742
"Cole Wilcox","TBR",6,9,,4.797936245553402,25,25,0,0,,116.30000305175781,514,125,67,62,15,39,0,8,75,5.8039551357500825,3.0180566705900427,1.9230769230769231,1.1607910271500164,0.14591439688715954,0.07587548638132295,0.07003891050583659,0.2676659528907923,1.410146136685946,0.2917771883289125,0.6783216783216783,,,4.765791860140929,0.4420816649699962,,,,,,,,,360.1200225830079,3.0964747474919765,395.50001525878906,3.4006879181488663,,,,,,,,,,,,,,,,,,,"Cole Wilcox","27481",677961
"José Buttó","NYM",4,2,,3.4863703104671138,61,0,1.2109999656677246,16.05139923095703,,69.69999694824219,290,54,29,27,7,30,0,5,77,9.942611626146954,3.8737447894079042,2.566666666666667,0.9038737841951776,0.2655172413793103,0.10344827586206896,0.16206896551724137,0.21176470588235294,1.2051650455935703,0.27485380116959063,0.7412398921832883,,,3.7690623010865805,0.441677875508815,,,,,,,,,408.54057416915896,5.861414520183307,376.7605814933777,5.405460516349126,,,,,,,,,,,,,,,,,,,"Jose Butto","23313",676130
"Kyle Luckham","WSN",5,9,,5.099760450413138,25,23,0,0,,125.30000305175781,551,143,77,71,19,32,0,8,68,4.8842776144801885,2.2984835832847947,2.125,1.3647246275753468,0.12341197822141561,0.05807622504537205,0.06533575317604357,0.27984344422700586,1.3966480106765244,0.29245283018867924,0.660377358490566,,,5.010055152382807,0.44147692223375384,,,,,,,,,337.72002258300785,2.6952914154639362,395.50001525878906,3.1564246259069875,,,,,,,,,,,,,,,,,,,"Kyle Luckham","sa3020378",680734
"JoJo Romero","STL",5,4,,3.3931776914041447,57,0,1.1950000524520874,12.726900100708008,,55.70000076293945,232,48,23,21,6,18,0,3,59,9.533213513944979,2.9084380212035525,3.2777777777777777,0.9694793404011842,0.2543103448275862,0.07758620689655173,0.17672413793103448,0.22748815165876776,1.1849191938236696,0.2876712328767123,0.7465277777777778,,,3.5794061640162256,0.4394727376678511,,,,,,,,,325.4626063108444,5.843134683175699,312.38260447978973,5.608305210071677,,,,,,,,,,,,,,,,,,,"JoJo Romero","19574",668941
"Joan Adon","WSN",4,7,,4.972914245112352,26,17,0,0.6308000087738037,,92.30000305175781,415,96,55,51,12,39,1,7,71,6.92307669417602,3.8028167756741516,1.8205128205128205,1.1700974694382005,0.1710843373493976,0.09397590361445783,0.07710843373493977,0.2601626016260163,1.4626218367977506,0.2937062937062937,0.676818950930626,,,4.813283624165781,0.438878616908286,,,,,,,,,292.343222618103,3.167315416600471,312.0232152938843,3.3805330983457855,,,,,,,,,,,,,,,,,,,"Joan Adon","22925",672851
"Brennan Bernardino","BOS",3,3,,3.880903429961102,52,3,0,7.051700115203857,,48.70000076293945,213,45,23,21,4,20,3,5,49,9.055441336575905,3.696098504724859,2.45,0.7392197009449718,0.2300469483568075,0.09389671361502347,0.13615023474178403,0.2393617021276596,1.3347022378173101,0.3037037037037037,0.7070707070707071,,,3.7619623151621333,0.4385102000022142,,,,,,,,,245.3868061065674,5.038743372942737,242.7068042755127,4.983712535384841,,,,,,,,,,,,,,,,,,,"Brennan Bernardino","16835",657514
"Ryan Webb","CLE",5,6,,4.528819635673735,23,21,0,0,,109.30000305175781,488,110,59,55,15,48,0,7,91,7.493137942660181,3.95242440931526,1.8958333333333333,1.2351326279110189,0.1864754098360656,0.09836065573770492,0.08811475409836067,0.2540415704387991,1.4455626311847478,0.290519877675841,0.7226277372262774,,,4.795025021016916,0.43784768790282336,,,,,,,,,355.3200225830078,3.2508692832766886,368.50001525878906,3.371454757272879,,,,,,,,,,,,,,,,,,,"Ryan Webb","sa3018280",669067
"Hoby Milner","TEX",3,2,,4.068716150166077,55,1,0,7.267300128936768,,55.29999923706055,234,53,27,25,6,14,1,4,50,8.137432300332154,2.2784810440930032,3.5714285714285716,0.9764918760398585,0.21367521367521367,0.05982905982905983,0.15384615384615383,0.24537037037037038,1.2115732536050097,0.29375,0.68259385665529,,,3.7451416307578596,0.43748891815464414,,,,,,,,,272.6891948699951,4.931088582859261,273.5691967010498,4.9470018169134296,,,,,,,,,,,,,,,,,,,"Hoby Milner","13346",571948
"Cory Lewis","MIN",5,6,,4.620770292899321,22,20,0,0,,85.69999694824219,374,86,48,44,13,37,0,1,75,7.876312999260207,3.885647746301702,2.027027027027027,1.3652275865384358,0.20053475935828877,0.09893048128342247,0.1016042780748663,0.25595238095238093,1.4352392576429711,0.29435483870967744,0.7156488549618321,,,4.718405154440324,0.43683738381915743,,,,,,,,,286.6799774169922,3.345157381862338,295.49998474121094,3.4480746238494704,,,,,,,,,,,,,,,,,,,"Cory Lewis","sa3020702",675375
"Luis Medina","OAK",4,6,,4.684015047019573,19,16,0,0,,80.69999694824219,360,76,45,42,9,41,1,6,73,8.141264248391161,4.572490879233392,1.7804878048780488,1.0037175100756228,0.20277777777777778,0.11388888888888889,0.08888888888888889,0.24281150159744408,1.449814181220344,0.29004329004329005,0.689655172413793,,,4.554336088517816,0.43563293449522417,,,,,,,,,293.87997741699223,3.6416355456057246,291.49998474121094,3.6121436897719783,,,,,,,,,,,,,,,,,,,"Luis Medina","21649",665622
"Brandon Bielak","ARI",5,4,,4.082474226804123,28,14,0,0.6502000093460083,,97,430,102,48,44,11,37,0,6,68,6.309278350515464,3.4329896907216493,1.837837837837838,1.0206185567010309,0.15813953488372093,0.08604651162790698,0.07209302325581395,0.26356589147286824,1.4329896907216495,0.29545454545454547,0.7362459546925567,,,4.568541633959898,0.4352452801424006,,,,,,,,,326.90080003738404,3.370111340591588,351.60080003738403,3.62475051584932,,,,,,,,,,,,,,,,,,,"Brandon Bielak","19866",656232
"Marco Raya","MIN",3,4,,4.823150967641065,26,26,0,0,,93.30000305175781,414,93,54,50,13,40,0,7,80,7.717041548225704,3.858520774112852,2,1.2540192515866768,0.1932367149758454,0.0966183574879227,0.0966183574879227,0.25340599455040874,1.4255090637694703,0.291970802919708,0.6881533101045296,,,4.774196767503483,0.4348147761032592,,,,,,,,,307.72002258300785,3.2981780548528103,316.50001525878906,3.392283010786312,,,,,,,,,,,,,,,,,,,"Marco Raya","30166",694397
"Colin Holderman","PIT",4,3,,3.7636363636363637,57,1,6.808000087738037,10.375200271606445,,55,233,48,25,23,5,22,1,4,56,9.163636363636364,3.6,2.5454545454545454,0.8181818181818182,0.24034334763948498,0.0944206008583691,0.1459227467811159,0.2318840579710145,1.2727272727272727,0.2945205479452055,0.7142857142857143,,,3.7301161419261586,0.4339190846300055,,,,,,,,,330.24080152511596,6.004378209547562,319.54080152511597,5.809832755002108,,,,,,,,,,,,,,,,,,,"Colin Holderman","22361",670059
"John Schreiber","KCR",4,2,,3.716337471537873,56,2,1.059000015258789,11.989100456237793,,55.70000076293945,238,51,25,23,5,22,1,3,51,8.240574393410066,3.554757581471009,2.3181818181818183,0.8078994503343202,0.21428571428571427,0.09243697478991597,0.1218487394957983,0.23943661971830985,1.3105924416534527,0.2929936305732484,0.7272727272727273,,,3.8487059807943322,0.4327976876690597,,,,,,,,,298.33140754699707,5.3560395594374,293.7514057159424,5.273813315840972,,,,,,,,,,,,,,,,,,,"John Schreiber","20020",670167
"Joel Payamps","MIL",5,4,,3.4907251713863734,62,0,1.9980000257492065,13.511300086975098,,59.29999923706055,244,50,25,23,6,20,3,3,58,8.802698258278681,3.03541319250989,2.9,0.910623957752967,0.23770491803278687,0.08196721311475409,0.1557377049180328,0.22624434389140272,1.180438463753846,0.2802547770700637,0.7305194805194805,,,3.6892453836664982,0.43052577850565077,,,,,,,,,346.05519483089455,5.835669465145987,329.53519666194916,5.557086018577897,,,,,,,,,,,,,,,,,,,"Joel Payamps","14332",606303
"Nick Mears","MIL",3,2,,3.802816843031811,46,0,0,10.876899719238281,,49.70000076293945,216,42,23,21,5,24,1,1,60,10.865190980090889,4.346076392036355,2.5,0.9054325816742407,0.2777777777777778,0.1111111111111111,0.16666666666666669,0.2198952879581152,1.327967786455553,0.29365079365079366,0.7288135593220338,,,3.568894259033902,0.4304321784404679,,,,,,,,,285.58760452270513,5.746229379047888,272.0076026916504,5.472989909780492,,,,,,,,,,,,,,,,,,,"Nick Mears","25376",683232
"Ryan Bergert","SDP",5,7,,4.837625814521138,21,20,0,0,,89.30000305175781,391,91,52,48,13,34,0,3,68,6.853303237238279,3.4266516186191396,2,1.3101903247661415,0.17391304347826086,0.08695652173913043,0.08695652173913043,0.2570621468926554,1.3997759879980145,0.2857142857142857,0.6835205992509363,,,4.779021716463507,0.42777071563489083,,,,,,,,,289.3200225830078,3.239865763669901,302.50001525878906,3.3874580618262873,,,,,,,,,,,,,,,,,,,"Ryan Bergert","29863",686701
"Caden Dana","LAA",7,11,,5.008064516129032,24,24,0,0,,124,540,122,75,69,20,48,0,9,108,7.838709677419355,3.4838709677419355,2.25,1.4516129032258065,0.2,0.08888888888888889,0.11111111111111112,0.2525879917184265,1.3709677419354838,0.28732394366197184,0.6690140845070423,,,4.90035074603173,0.4272326198054939,,,,,,,,,399.3999999999999,3.220967741935483,405,3.2661290322580645,,,,,,,,,,,,,,,,,,,"Caden Dana","31508",702674
"Peter Lambert","COL",3,5,,4.946236739482875,32,9,0,0,,83.69999694824219,374,88,50,46,12,34,1,5,73,7.84946265178804,3.65591411179169,2.1470588235294117,1.2903226276911848,0.19518716577540107,0.09090909090909091,0.10427807486631016,0.2626865671641791,1.4575866720215234,0.304,0.6844106463878327,,,4.683803609000726,0.4266722429070449,,,,,,,,,271.9799774169922,3.2494622142600225,291.49998474121094,3.48267616928907,,,,,,,,,,,,,,,,,,,"Peter Lambert","17969",663567
"Zak Kent","CLE",2,3,,4.178571428571429,17,12,0,0,,56,246,56,28,26,7,23,1,2,48,7.714285714285714,3.6964285714285716,2.0869565217391304,1.125,0.1951219512195122,0.09349593495934959,0.10162601626016261,0.25339366515837103,1.4107142857142858,0.29518072289156627,0.7369942196531791,,,4.416479778289795,0.4250906415891551,,,,,,,,,203.70000000000002,3.6375,210,3.75,,,,,,,,,,,,,,,,,,,"Zak Kent","25703",687849
"Austin Krob","SDP",6,7,,4.710280373831775,23,22,0,0,,107,478,111,61,56,15,42,0,8,82,6.897196261682243,3.532710280373832,1.9523809523809523,1.2616822429906542,0.17154811715481172,0.08786610878661087,0.08368200836820085,0.25934579439252337,1.4299065420560748,0.29003021148036257,0.696969696969697,,,4.858068563336524,0.42409910735036244,,,,,,,,,332.70000000000005,3.109345794392524,354,3.308411214953271,,,,,,,,,,,,,,,,,,,"Austin Krob","sa3020594",689474
"Seth Shuman","WSN",3,5,,4.898911120524257,17,16,0,0,,64.30000305175781,285,71,38,35,9,19,0,4,43,6.018662233786944,2.6594088939988825,2.263157894736842,1.2597200024205233,0.15087719298245614,0.06666666666666667,0.08421052631578947,0.27099236641221375,1.3996888915783592,0.29523809523809524,0.6718346253229973,,,4.7216896578213055,0.4238723502793243,,,,,,,,,197.52002258300783,3.0718509052638074,221.50001525878906,3.44479012046849,,,,,,,,,,,,,,,,,,,"Seth Shuman","sa3011187",670234
"Carlos Hernández","PHI",3,4,,4.675324469437836,46,6,0,3.9598000049591064,,69.30000305175781,298,63,39,36,9,30,1,2,67,8.701298318120417,3.89610372453153,2.2333333333333334,1.168831117359459,0.22483221476510068,0.10067114093959731,0.12416107382550337,0.23684210526315788,1.3419912828941936,0.28421052631578947,0.6716417910447761,,,4.306450868060132,0.4233995343099639,,,,,,,,,292.15922260284424,4.215861612367325,283.3392152786255,4.088588785010717,,,,,,,,,,,,,,,,,,,"Carlos Hernandez","22713",672578
"James McArthur","KCR",4,5,,4.328358263719325,43,5,0,0.6407999992370605,,60.29999923706055,263,59,31,29,7,20,1,5,54,8.059701594511846,2.985074664634017,2.7,1.044776132621906,0.20532319391634982,0.07604562737642585,0.12927756653992395,0.24789915966386555,1.3101161028115964,0.2937853107344633,0.6936416184971098,,,4.1283371702274225,0.4217779391127946,,,,,,,,,242.28319435119622,4.0179634729130855,246.06319618225098,4.080650071236151,,,,,,,,,,,,,,,,,,,"James McArthur","21527",663704
"Derek Law","WSN",4,5,,3.9130434782608696,60,1,3.5209999084472656,12.530599594116211,,69,296,67,32,30,7,25,0,2,59,7.695652173913044,3.260869565217391,2.36,0.9130434782608695,0.19932432432432431,0.08445945945945946,0.11486486486486486,0.24907063197026022,1.3333333333333333,0.2955665024630542,0.7299270072992701,,,3.949088473941969,0.4208466947201865,,,,,,,,,355.0273979187011,5.1453246075174075,358.7273979187012,5.198947795923205,,,,,,,,,,,,,,,,,,,"Derek Law","13133",571882
"Mason Englert","TBR",4,4,,4.2974077337701555,36,9,0,4.843200206756592,,73.30000305175781,315,71,38,35,10,23,0,5,67,8.226466233217154,2.8240107964775305,2.9130434782608696,1.2278307810771871,0.2126984126984127,0.07301587301587302,0.13968253968253969,0.24738675958188153,1.282401038013951,0.2904761904761905,0.7,,,4.2578849170250725,0.4208396887246442,,,,,,,,,304.1928234100342,4.149970132951301,305.87281608581543,4.1728895409436175,,,,,,,,,,,,,,,,,,,"Mason Englert","22288",669438
"Jason Adam","SDP",5,2,,3.338709677419355,64,0,5.5,11.600000381469727,,62,247,45,25,23,7,21,2,7,70,10.161290322580646,3.0483870967741935,3.3333333333333335,1.0161290322580645,0.2834008097165992,0.08502024291497975,0.19838056680161945,0.2054794520547945,1.064516129032258,0.2676056338028169,0.7295373665480427,,,3.730995907322053,0.41915233154627546,,,,,,,,,385.60000152587884,6.219354863320627,348.9000015258789,5.62741937944966,,,,,,,,,,,,,,,,,,,"Jason Adam","11861",592094
"Peter Solomon","TEX",4,6,,5.092250731361427,22,13,0,0,,81.30000305175781,359,82,50,46,11,35,0,2,65,7.1955716856194085,3.874538599948912,1.8571428571428572,1.2177121314125152,0.181058495821727,0.09749303621169916,0.08356545961002784,0.2546583850931677,1.4391143371238817,0.2886178861788618,0.6594488188976378,,,4.6916949731903195,0.41883497023363675,,,,,,,,,272.1200225830079,3.3471096232280435,282.50001525878906,3.474784805099476,,,,,,,,,,,,,,,,,,,"Peter Solomon","20476",656981
"Cionel Pérez","BAL",2,2,,3.6464088910126926,61,0,0,10.271900177001953,,54.29999923706055,235,49,24,22,3,25,1,3,48,7.955801216754965,4.143646467059878,1.92,0.4972375760471853,0.20425531914893616,0.10638297872340426,0.0978723404255319,0.23671497584541062,1.362799282499693,0.2948717948717949,0.7163323782234957,,,3.6637173543369803,0.41745565368445114,,,,,,,,,290.6075950622559,5.3518894870243745,285.58759689331055,5.259440164013719,,,,,,,,,,,,,,,,,,,"Cionel Perez","19614",672335
"Kirby Yates","LAD",5,3,,3.4615384615384617,54,0,9.12399959564209,11.35099983215332,,52,217,38,22,20,5,26,3,4,63,10.903846153846153,4.5,2.423076923076923,0.8653846153846154,0.2903225806451613,0.11981566820276497,0.17050691244239635,0.20320855614973263,1.2307692307692308,0.2773109243697479,0.7368421052631579,,,3.7241720859821026,0.41706486649860275,,,,,,,,,351.52399730682373,6.760076871285071,322.02399730682373,6.19276917897738,,,,,,,,,,,,,,,,,,,"Kirby Yates","9073",489446
"Josh Winder","ARI",3,3,,3.774193548387097,29,4,0,0,,62,264,60,28,26,7,20,0,3,53,7.693548387096774,2.903225806451613,2.65,1.0161290322580645,0.20075757575757575,0.07575757575757576,0.12499999999999999,0.24896265560165975,1.2903225806451613,0.292817679558011,0.7407407407407407,,,4.037447520225279,0.41587477021724073,,,,,,,,,253.69999999999993,4.091935483870967,256,4.129032258064516,,,,,,,,,,,,,,,,,,,"Josh Winder","24606",680739
"Daulton Jefferies","PIT",2,4,,4.771480737836364,14,8,0,0,,54.70000076293945,240,60,31,29,7,16,0,3,39,6.416818923297178,2.632541096737304,2.4375,1.1517367298225705,0.1625,0.06666666666666667,0.09583333333333334,0.27149321266968324,1.3893966899446883,0.3028571428571429,0.6797583081570997,,,4.446187255870429,0.41573630518413635,,,,,,,,,183.68000564575198,3.357952524384598,203.50000381469727,3.720292522419366,,,,,,,,,,,,,,,,,,,"Daulton Jefferies","19345",641726
"Hunter Gaddis","CLE",6,5,,4.044943820224719,49,11,0,16.954500198364258,,89,376,82,43,40,12,29,1,7,78,7.887640449438202,2.932584269662921,2.689655172413793,1.2134831460674158,0.2074468085106383,0.07712765957446809,0.1303191489361702,0.2411764705882353,1.247191011235955,0.28,0.721868365180467,,,4.379962924357211,0.4153487772979273,,,,,,,,,413.618000793457,4.647393267342213,404.81800079345703,4.548516862847832,,,,,,,,,,,,,,,,,,,"Hunter Gaddis","25636",683769
"Brock Stewart","MIN",1,0,,3,27,0,0,0.6255999803543091,,27,113,21,10,9,2,12,2,1,35,11.666666666666666,4,2.9166666666666665,0.6666666666666666,0.30973451327433627,0.10619469026548672,0.20353982300884954,0.21,1.2222222222222223,0.30158730158730157,0.7615894039735099,,,2.98129459310461,0.4144082876818215,,,,,,,,,154.10239992141726,5.707496293385824,142.50239992141724,5.2778666637561935,,,,,,,,,,,,,,,,,,,"Brock Stewart","16727",592779
"Justin Slaten","BOS",4,4,,3.9488116451059563,37,3,3.3320000171661377,14.594799995422363,,54.70000076293945,236,52,26,24,7,21,0,1,57,9.378427657126647,3.455210189467712,2.7142857142857144,1.1517367298225705,0.24152542372881355,0.08898305084745763,0.15254237288135591,0.24299065420560748,1.3345520837626612,0.3,0.7436708860759493,,,3.9525858002321845,0.4116999572920116,,,,,,,,,306.5192057132721,5.603641708190726,305.5392038822174,5.585725770030106,,,,,,,,,,,,,,,,,,,"Justin Slaten","25648",686580
"James Paxton","BOS",5,8,,4.9787234042553195,20,20,0,0,,94,421,101,56,52,14,44,0,1,79,7.5638297872340425,4.212765957446808,1.7954545454545454,1.3404255319148937,0.1876484560570071,0.10451306413301663,0.08313539192399048,0.26861702127659576,1.5425531914893618,0.30742049469964666,0.7097288676236044,,,4.857969139991923,0.4098093757293194,,,,,,,,,283.79999999999995,3.0191489361702124,311,3.3085106382978724,,,,,,,,,,,,,,,,,,,"James Paxton","11828",572020
"Andrew Nardi","MIA",3,3,,3.7358490566037736,57,0,0,0.6065999865531921,,53,226,46,24,22,7,20,1,3,67,11.377358490566039,3.3962264150943398,3.35,1.1886792452830188,0.29646017699115046,0.08849557522123894,0.20796460176991152,0.22660098522167488,1.2452830188679245,0.3023255813953488,0.7473309608540925,,,3.657045816025644,0.4093065797498815,,,,,,,,,253.92639994621277,4.791064149928543,241.42639994621277,4.555215093324769,,,,,,,,,,,,,,,,,,,"Andrew Nardi","25942",677053
"Miguel Díaz","SFG",3,3,,3.6964285714285716,46,2,0,0,,56,239,53,25,23,5,20,0,2,50,8.035714285714286,3.2142857142857144,2.5,0.8035714285714286,0.20920502092050208,0.08368200836820083,0.12552301255230125,0.24423963133640553,1.3035714285714286,0.2962962962962963,0.7272727272727273,,,3.720051206861224,0.40850494339520427,,,,,,,,,249.10000000000008,4.448214285714287,249,4.446428571428571,,,,,,,,,,,,,,,,,,,"Miguel Diaz","18815",622766
"Eli Morgan","CHC",3,3,,3.7384615384615385,44,4,0,4.452199935913086,,65,268,59,29,27,9,18,1,2,61,8.446153846153846,2.4923076923076923,3.388888888888889,1.2461538461538462,0.22761194029850745,0.06716417910447761,0.16044776119402984,0.23790322580645162,1.1846153846153846,0.2808988764044944,0.7453416149068323,,,4.012633624443641,0.40590724070865725,,,,,,,,,296.7087997436523,4.564750765286959,287.80879974365234,4.427827688363882,,,,,,,,,,,,,,,,,,,"Eli Morgan","20203",669212
"Alex Lange","DET",4,4,,3.773584845303632,50,0,0,0.580299973487854,,47.70000076293945,208,37,22,20,3,28,0,4,56,10.56603756685017,5.283018783425085,2,0.5660377267955448,0.2692307692307692,0.1346153846153846,0.1346153846153846,0.21022727272727273,1.3626834163596449,0.2905982905982906,0.7072368421052632,,,3.6486600640785927,0.4053853711473217,,,,,,,,,238.20120553970338,4.993735885320445,217.82120370864868,4.566482185004177,,,,,,,,,,,,,,,,,,,"Alex Lange","19883",656638
"Mark Leiter Jr.","NYY",5,4,,4.019138707075606,47,3,0,12.081000328063965,,62.70000076293945,265,52,30,28,9,24,1,6,74,10.622009440128387,3.444976034636234,3.0833333333333335,1.2918660129885877,0.2792452830188679,0.09056603773584905,0.18867924528301888,0.22127659574468084,1.2121211973720083,0.28289473684210525,0.7255520504731862,,,4.107468602565433,0.4029589606079316,,,,,,,,,324.4040069580079,5.173907544029182,302.8240051269531,4.8297288906246,,,,,,,,,,,,,,,,,,,"Mark Leiter Jr.","15551",643410
"Wade Miley","CIN",4,6,,4.9879518072289155,17,17,0,0,,83,363,91,50,46,12,31,0,2,51,5.530120481927711,3.36144578313253,1.6451612903225807,1.3012048192771084,0.14049586776859505,0.08539944903581267,0.05509641873278237,0.27575757575757576,1.4698795180722892,0.2958801498127341,0.6844106463878327,,,5.0098532722656985,0.4015397576943249,,,,,,,,,233.00000000000003,2.807228915662651,262,3.1566265060240966,,,,,,,,,,,,,,,,,,,"Wade Miley","8779",489119
"Kohl Drake","TEX",5,7,,4.976470588235294,21,16,0,0,,85,371,84,51,47,14,31,0,5,76,8.047058823529412,3.2823529411764705,2.4516129032258065,1.4823529411764707,0.20485175202156333,0.08355795148247978,0.12129380053908355,0.2507462686567164,1.3529411764705883,0.2857142857142857,0.670859538784067,,,4.790009190054501,0.4011045861602398,,,,,,,,,282.4,3.3223529411764705,287,3.376470588235294,,,,,,,,,,,,,,,,,,,"Kohl Drake","32070",684442
"Trent Thornton","SEA",4,2,,3.6466774265446666,58,0,0,13.642000198364258,,61.70000076293945,256,56,27,25,7,16,1,3,60,8.7520258237072,2.3338735529885866,3.75,1.0210696794325067,0.234375,0.0625,0.171875,0.23628691983122363,1.1669367764942933,0.28823529411764703,0.7234726688102894,,,3.6202885247042422,0.40110295182824973,,,,,,,,,342.44800643920894,5.5502107326537145,335.0680046081543,5.430599683386314,,,,,,,,,,,,,,,,,,,"Trent Thornton","17948",663423
"José A. Ferrer","WSN",2,3,,4.022346311567846,50,0,5.868000030517578,12.994199752807617,,53.70000076293945,227,51,26,24,5,16,1,3,45,7.5418993341897105,2.681564207711897,2.8125,0.8379888149099678,0.19823788546255505,0.07048458149779736,0.1277533039647577,0.24519230769230768,1.2476722355326189,0.2911392405063291,0.6833333333333333,,,3.7623829355591054,0.3993475644968559,,,,,,,,,317.59680480957036,5.914279335145872,317.8168029785156,5.918376135254245,,,,,,,,,,,,,,,,,,,"Jose A. Ferrer","24017",678606
"Hogan Harris","OAK",5,6,,4.54054054054054,29,20,0,4.720099925994873,,111,490,105,61,56,14,55,0,6,99,8.027027027027026,4.45945945945946,1.8,1.135135135135135,0.20204081632653062,0.11224489795918367,0.08979591836734695,0.24475524475524477,1.4414414414414414,0.2879746835443038,0.7051282051282051,,,4.6709842827943,0.3990003196572758,,,,,,,,,410.08039970397954,3.694418015351167,406.8803997039795,3.665589186522338,,,,,,,,,,,,,,,,,,,"Hogan Harris","21520",663687
"Jairo Iriarte","CHW",4,8,,5.00455802436371,27,20,0,0.6122000217437744,,109.69999694824219,497,107,66,61,14,55,0,14,97,7.9580676780865565,4.512306415409903,1.7636363636363637,1.1485870875588844,0.19517102615694165,0.11066398390342053,0.08450704225352113,0.25,1.4767548268614228,0.29337539432176657,0.6741573033707865,,,4.9440550328452115,0.39720152434418315,,,,,,,,,350.8287775039673,3.198074633215283,355.94878482818604,3.24474744512643,,,,,,,,,,,,,,,,,,,"Jairo Iriarte","26907",683568
"Mick Abel","PHI",6,8,,5.12820497958177,23,23,0,0,,105.30000305175781,475,104,65,60,15,56,0,6,91,7.777777552365684,4.786324647609652,1.625,1.2820512448954424,0.19157894736842104,0.11789473684210526,0.07368421052631578,0.25181598062953997,1.5194681420983023,0.2899022801302932,0.6834532374100719,,,5.056318280024558,0.3963225503384866,,,,,,,,,320.32002258300787,3.0419754349443076,327.50001525878906,3.110161498265237,,,,,,,,,,,,,,,,,,,"Mick Abel","27756",690953
"Robert Stephenson","LAA",2,1,,3.6272039605204784,41,0,0,0.6287000179290771,,39.70000076293945,163,33,17,16,6,12,1,1,53,12.015113119224084,2.7204029703903587,4.416666666666667,1.3602014851951794,0.32515337423312884,0.0736196319018405,0.25153374233128833,0.22,1.1335012376626494,0.2967032967032967,0.7650273224043715,,,3.4435578586073317,0.3953223285404472,,,,,,,,,203.69480571746823,5.1308514308045154,190.01480388641357,4.7862670084327865,,,,,,,,,,,,,,,,,,,"Robert Stephenson","13594",596112
"Brandon Eisert","CHW",3,4,,4.344827586206897,45,3,0,0.6122000217437744,,58,249,57,30,28,7,20,0,2,53,8.224137931034482,3.103448275862069,2.65,1.0862068965517242,0.21285140562248997,0.08032128514056225,0.13253012048192772,0.2511013215859031,1.3275862068965518,0.2994011976047904,0.6994047619047619,,,4.045790123117381,0.3948440239964577,,,,,,,,,237.3488000869751,4.092220691154743,241.4488000869751,4.162910346327157,,,,,,,,,,,,,,,,,,,"Brandon Eisert","27668",685126
"Ryan Murphy","SFG",3,4,,4.695652173913044,19,18,0,0,,69,303,70,39,36,9,26,0,4,56,7.304347826086956,3.391304347826087,2.1538461538461537,1.173913043478261,0.1848184818481848,0.0858085808580858,0.099009900990099,0.2564102564102564,1.391304347826087,0.2932692307692308,0.6834532374100719,,,4.5432913724926935,0.39309056919002133,,,,,,,,,239.90000000000003,3.476811594202899,250,3.6231884057971016,,,,,,,,,,,,,,,,,,,"Ryan Murphy","sa3014871",694885
"Bryan Sammons","DET",5,6,,4.67289704817705,23,16,0,0,,96.30000305175781,421,96,54,50,15,39,0,4,80,7.47663527708328,3.644859697578099,2.051282051282051,1.401869114453115,0.19002375296912113,0.09263657957244656,0.09738717339667458,0.25396825396825395,1.401869114453115,0.2862190812720848,0.7105263157894737,,,4.869491146958764,0.38964513604152234,,,,,,,,,309.52002258300786,3.214122666399625,317.50001525878906,3.296988631331031,,,,,,,,,,,,,,,,,,,"Bryan Sammons","20462",676614
"Robert Dugger","OAK",4,6,,4.773384904216149,24,20,0,0,,103.69999694824219,464,110,59,55,13,45,0,3,77,6.682738865902609,3.905496739813213,1.711111111111111,1.1282546137238172,0.16594827586206898,0.09698275862068965,0.06896551724137932,0.2644230769230769,1.49469628313839,0.29754601226993865,0.7017543859649122,,,4.699748868734982,0.3881278856834198,,,,,,,,,331.47997741699226,3.1965283237417794,359.49998474121094,3.466730909554813,,,,,,,,,,,,,,,,,,,"Robert Dugger","19191",667498
"Taijuan Walker","PHI",5,8,,5.1451188716064795,23,21,0,0.593999981880188,,113.69999694824219,497,119,70,65,18,42,1,5,79,6.253298320875567,3.3245383478072634,1.880952380952381,1.4248021490602558,0.158953722334004,0.08450704225352113,0.07444668008048289,0.2644444444444444,1.4160070740660566,0.28611898016997167,0.6701030927835051,,,5.075011052031002,0.38743182269703597,,,,,,,,,329.955977344513,2.901987565529254,353.8759846687317,3.11236582380755,,,,,,,,,,,,,,,,,,,"Taijuan Walker","11836",592836
"Konnor Pilkington","WSN",3,5,,4.942528542996167,28,20,0,0,,78.30000305175781,353,78,46,43,10,41,0,4,68,7.816091649389288,4.712643494484718,1.6585365853658536,1.1494252425572482,0.19263456090651557,0.11614730878186968,0.07648725212464588,0.2532467532467532,1.5197955984923615,0.2956521739130435,0.6952380952380952,,,4.813989292621851,0.38610086960756157,,,,,,,,,254.62002258300782,3.251852013526731,262.50001525878906,3.352490485667944,,,,,,,,,,,,,,,,,,,"Konnor Pilkington","21453",663455
"Pierce Johnson","ATL",5,4,,3.6217303266969627,52,0,2.1679999828338623,12.455100059509277,,49.70000076293945,214,45,22,20,6,21,1,1,61,11.046277496425736,3.802816843031811,2.9047619047619047,1.0865190980090889,0.2850467289719626,0.09813084112149532,0.18691588785046725,0.234375,1.327967786455553,0.312,0.7638888888888888,,,3.6091357071083126,0.38347779795665227,,,,,,,,,293.6404057979584,5.908257571233714,287.1604039669037,5.777875242630477,,,,,,,,,,,,,,,,,,,"Pierce Johnson","13435",572955
"Trey McGough","CHW",4,5,,4.436619718309859,34,4,0,0,,71,307,72,38,35,9,26,0,1,59,7.47887323943662,3.295774647887324,2.269230769230769,1.1408450704225352,0.19218241042345277,0.08469055374592833,0.10749185667752444,0.2571428571428571,1.380281690140845,0.2971698113207547,0.702576112412178,,,4.293240341670077,0.38221572751658583,,,,,,,,,264.5,3.7253521126760565,275,3.8732394366197185,,,,,,,,,,,,,,,,,,,"Trey McGough","sa1170436",690736
"Nick Nelson","PHI",3,5,,4.75,33,10,0,0,,72,320,73,41,38,8,30,0,6,54,6.75,3.75,1.8,1,0.16875,0.09375,0.07500000000000001,0.25704225352112675,1.4305555555555556,0.2927927927927928,0.6753812636165577,,,4.61092422273424,0.38205918509927983,,,,,,,,,244.60000000000008,3.3972222222222235,256,3.5555555555555554,,,,,,,,,,,,,,,,,,,"Nick Nelson","20153",656793
"Ronny Henriquez","MIA",3,3,,4.216867642153397,40,6,0,9.341400146484375,,74.69999694824219,327,76,38,35,9,27,0,4,63,7.590361755876115,3.2530121810897636,2.3333333333333335,1.0843373936965879,0.1926605504587156,0.08256880733944955,0.11009174311926606,0.25675675675675674,1.3788487845771427,0.29910714285714285,0.7190265486725663,,,4.290977816197367,0.381597000934411,,,,,,,,,314.84557800292976,4.214800413192501,326.86558532714844,4.37571082571296,,,,,,,,,,,,,,,,,,,"Ronny Henriquez","24094",678692
"Adbert Alzolay","NYM",4,5,,4.22110547369434,32,7,0,0,,59.70000076293945,249,54,30,28,9,17,0,4,57,8.592964714306335,2.562814037600135,3.3529411764705883,1.356783902258895,0.2289156626506024,0.06827309236947791,0.1606425702811245,0.23684210526315788,1.189279716794834,0.2777777777777778,0.702054794520548,,,4.272007402352599,0.3803240340175908,,,,,,,,,241.680005645752,4.048241248864138,232.50000381469727,3.894472375937197,,,,,,,,,,,,,,,,,,,"Adbert Alzolay","17859",640470
"Jean Cabrera","PHI",5,7,,5.0625,20,18,0,0,,96,429,103,58,54,15,33,0,8,70,6.5625,3.09375,2.121212121212121,1.40625,0.16317016317016317,0.07692307692307693,0.08624708624708624,0.2654639175257732,1.4166666666666667,0.29042904290429045,0.6782608695652174,,,5.020646444956462,0.37764959082727556,,,,,,,,,275.1000000000001,2.865625000000001,302,3.1458333333333335,,,,,,,,,,,,,,,,,,,"Jean Cabrera","sa3015433",691893
"Tyler Rogers","SFG",4,3,,3.515625,66,0,1.2130000591278076,14.327799797058105,,64,264,64,27,25,6,11,2,4,45,6.328125,1.546875,4.090909090909091,0.84375,0.17045454545454544,0.041666666666666664,0.12878787878787878,0.2570281124497992,1.171875,0.29292929292929293,0.7207207207207208,,,3.682104778289795,0.3772669071025297,,,,,,,,,341.77619948387144,5.340253116935491,350.37619948387146,5.474628116935492,,,,,,,,,,,,,,,,,,,"Tyler Rogers","15541",643511
"Royber Salinas","ATL",4,4,,4.6029607799849055,19,18,0,0,,74.30000305175781,331,68,41,38,10,41,0,5,77,9.32705210681152,4.96635242051003,1.8780487804878048,1.2113054684170803,0.2326283987915408,0.12386706948640483,0.10876132930513596,0.23859649122807017,1.4670255117495752,0.29292929292929293,0.7157894736842105,,,4.700800038284764,0.3765407980007434,,,,,,,,,266.0200225830078,3.580350089591473,257.50001525878906,3.4656797400050317,,,,,,,,,,,,,,,,,,,"Royber Salinas","sa3009243",683690
"Scott Effross","NYY",4,4,,3.829787303118105,40,0,0,0.6694999933242798,,42.29999923706055,175,39,19,18,4,12,2,1,35,7.4468086449518704,2.55319153541207,2.9166666666666665,0.8510638451373566,0.2,0.06857142857142857,0.13142857142857145,0.24074074074074073,1.2056737806112552,0.2845528455284553,0.7048458149779736,,,3.6629336879532532,0.37625771059044266,,,,,,,,,196.0979943275452,4.6358864743367825,193.17799615859985,4.566855783518542,,,,,,,,,,,,,,,,,,,"Scott Effross","18384",664123
"Dylan Ray","ARI",5,6,,4.5690674609644315,20,20,0,0,,84.69999694824219,374,88,46,43,12,32,0,4,66,7.012987265666336,3.4002362500200416,2.0625,1.2750885937575156,0.17647058823529413,0.0855614973262032,0.09090909090909093,0.2603550295857988,1.4167651041750173,0.2923076923076923,0.7170542635658914,,,4.724921392882314,0.37583398527282946,,,,,,,,,274.3799774169922,3.2394331440726987,291.49998474121094,3.4415583854074807,,,,,,,,,,,,,,,,,,,"Dylan Ray","sa3020392",691009
"Luis De Avila","ATL",6,8,,4.7272727272727275,21,19,0,0,,99,446,106,56,52,12,45,1,4,70,6.363636363636363,4.090909090909091,1.5555555555555556,1.0909090909090908,0.15695067264573992,0.10089686098654709,0.056053811659192834,0.26700251889168763,1.5252525252525253,0.2984126984126984,0.7078986587183309,,,4.812944424754441,0.37457625387305177,,,,,,,,,302.4,3.0545454545454542,332,3.3535353535353534,,,,,,,,,,,,,,,,,,,"Luis De Avila","sa3005839",678752
"Josiah Gray","WSN",5,8,,4.995523860744217,22,21,0,0.6308000087738037,,111.69999694824219,482,107,67,62,20,46,1,5,102,8.218442480579196,3.706356412810225,2.217391304347826,1.6114593099174892,0.21161825726141079,0.0954356846473029,0.11618257261410789,0.2482598607888631,1.3697404134298659,0.2815533980582524,0.688,,,5.037563088138436,0.3704551061168191,,,,,,,,,355.9031774520875,3.1862416040799033,352.02318477630615,3.151505768969906,,,,,,,,,,,,,,,,,,,"Josiah Gray","24580",680686
"Zach Logue","LAD",5,7,,5.032258064516129,25,16,0,0,,93,408,97,56,52,15,31,0,7,74,7.161290322580645,3,2.3870967741935485,1.4516129032258065,0.18137254901960784,0.07598039215686274,0.1053921568627451,0.26216216216216215,1.3763440860215055,0.2918149466192171,0.6728971962616822,,,4.89766257398872,0.370298390687356,,,,,,,,,285.5,3.0698924731182795,304,3.2688172043010755,,,,,,,,,,,,,,,,,,,"Zach Logue","20231",656657
"Elvis Peguero","MIL",5,4,,3.8135593220338984,54,0,0,9.282899856567383,,59,253,52,27,25,5,24,1,3,55,8.389830508474576,3.6610169491525424,2.2916666666666665,0.7627118644067796,0.21739130434782608,0.09486166007905138,0.1225296442687747,0.23008849557522124,1.2881355932203389,0.28313253012048195,0.7101449275362319,,,3.776649269815219,0.36860821949604655,,,,,,,,,306.0315994262695,5.1869762614621955,296.13159942626953,5.019179651292704,,,,,,,,,,,,,,,,,,,"Elvis Peguero","21652",665625
"Daysbel Hernández","ATL",5,3,,3.6346153846153846,45,0,0,11.294300079345703,,52,227,44,23,21,5,26,1,3,63,10.903846153846153,4.5,2.423076923076923,0.8653846153846154,0.2775330396475771,0.1145374449339207,0.16299559471365638,0.2222222222222222,1.3461538461538463,0.3,0.746031746031746,,,3.666479778289795,0.3663752360692182,,,,,,,,,293.0772003173828,5.636100006103515,279.1772003173828,5.368792313795823,,,,,,,,,,,,,,,,,,,"Daysbel Hernandez","20271",678226
"Brad Keller","CHC",6,7,,4.591836734693878,28,15,0,7.320400238037109,,98,432,98,54,50,13,43,0,3,79,7.255102040816326,3.9489795918367347,1.8372093023255813,1.1938775510204083,0.18287037037037038,0.09953703703703703,0.08333333333333334,0.2538860103626943,1.4387755102040816,0.2891156462585034,0.7084690553745928,,,4.686887941555101,0.36633741409442816,,,,,,,,,359.7816009521485,3.6712408260423315,370.28160095214844,3.7783836831851882,,,,,,,,,,,,,,,,,,,"Brad Keller","15734",641745
"Luinder Avila","KCR",5,6,,4.907306597338182,22,21,0,0,,91.69999694824219,413,94,54,50,11,42,0,8,65,6.379498576539636,4.122137541764072,1.5476190476190477,1.0796074514143998,0.15738498789346247,0.1016949152542373,0.05569007263922518,0.25895316804407714,1.483097104973317,0.289198606271777,0.6799336650082919,,,4.944015279103403,0.36197432814854247,,,,,,,,,278.8799774169921,3.0412212289865077,295.49998474121094,3.222464499186392,,,,,,,,,,,,,,,,,,,"Luinder Avila","24452",679883
"Shaun Anderson","LAA",4,6,,4.870848525650061,24,13,0,0,,81.30000305175781,357,91,48,44,13,23,0,2,61,6.7527672741966756,2.5461253656807137,2.652173913043478,1.4391143371238817,0.17086834733893558,0.06442577030812324,0.10644257703081234,0.2740963855421687,1.4022139695053206,0.3023255813953488,0.6889352818371608,,,4.6670947281112785,0.3617474191161129,,,,,,,,,252.1200225830079,3.101107172437637,284.50001525878906,3.4993850501785166,,,,,,,,,,,,,,,,,,,"Shaun Anderson","19453",641312
"Erik Sabrowski","CLE",5,5,,3.6464088910126926,40,0,0,0.6672999858856201,,54.29999923706055,236,45,24,22,5,29,0,1,63,10.441989096990893,4.806629901789458,2.1724137931034484,0.8287292934119755,0.2669491525423729,0.1228813559322034,0.1440677966101695,0.21844660194174756,1.362799282499693,0.2898550724637681,0.746268656716418,,,3.7005497673775127,0.36139074318677056,,,,,,,,,261.9891942977906,4.82484710826624,245.16919612884521,4.515086548316443,,,,,,,,,,,,,,,,,,,"Erik Sabrowski","24978",681870
"Ky Bush","CHW",4,8,,4.984894106619441,21,19,0,0,,99.30000305175781,446,105,59,55,14,46,0,3,74,6.706948434360702,4.169184161899896,1.608695652173913,1.268882136230403,0.16591928251121077,0.1031390134529148,0.06278026905829596,0.26448362720403024,1.5206444648475466,0.29449838187702265,0.700152207001522,,,4.989239037477914,0.3606112194261267,,,,,,,,,290.62002258300777,2.9266869451305944,315.50001525878906,3.1772407408118815,,,,,,,,,,,,,,,,,,,"Ky Bush","29823",681066
"Kyle Hendricks","LAA",5,9,,5.2427183053882915,24,22,0,0,,113.30000305175781,497,127,71,66,19,33,0,5,82,6.513680318815757,2.6213591526941458,2.484848484848485,1.5092673909451142,0.16498993963782696,0.06639839034205232,0.09859154929577464,0.2766884531590414,1.4121800149194053,0.3016759776536313,0.6671664167916042,,,4.905226421659313,0.3604713216739043,,,,,,,,,324.5200225830078,2.8642543145807355,369.50001525878906,3.2612533566304824,,,,,,,,,,,,,,,,,,,"Kyle Hendricks","12049",543294
"Anthony DeSclafani","MIN",4,5,,4.773609125900402,15,14,0,0,,77.30000305175781,336,84,44,41,13,23,1,2,60,6.985769452537173,2.6778782901392497,2.608695652173913,1.5135833813830541,0.17857142857142858,0.06845238095238096,0.11011904761904762,0.27009646302250806,1.3842172804101436,0.29831932773109243,0.7094594594594594,,,4.770619430353887,0.359094960728478,,,,,,,,,238.72002258300788,3.08822785457289,262.50001525878906,3.3958603479359084,,,,,,,,,,,,,,,,,,,"Anthony DeSclafani","13050",543101
"Gabe Mosser","PHI",5,6,,5.278592217898485,23,20,0,0,,102.30000305175781,456,115,65,60,16,35,0,4,66,5.806451439688333,3.079178793774116,1.8857142857142857,1.407624591439596,0.14473684210526316,0.07675438596491228,0.06798245614035088,0.27577937649880097,1.4662756160829125,0.2955223880597015,0.6661442006269592,,,5.053087737649809,0.3577827647293384,,,,,,,,,276.2200225830079,2.7000978919155725,318.50001525878906,3.113392040639986,,,,,,,,,,,,,,,,,,,"Gabe Mosser","sa3006834",682077
"Jack O'Loughlin","COL",4,5,,4.878892905296419,31,14,0,0.5722000002861023,,86.69999694824219,389,93,51,47,12,36,0,5,64,6.643598849765337,3.737024352993002,1.7777777777777777,1.2456747843310005,0.16452442159383032,0.09254498714652956,0.07197943444730076,0.2672413793103448,1.4878893257286951,0.2977941176470588,0.6951871657754011,,,4.908117671197028,0.35726130906865194,,,,,,,,,259.46877741813654,2.9927195680644965,284.78878474235535,3.28476118531316,,,,,,,,,,,,,,,,,,,"Jack O'Loughlin","22690",672552
"Nolan McLean","NYM",6,8,,4.845463461742962,25,25,0,0,,100.30000305175781,449,98,58,54,13,41,0,14,80,7.17846438776735,3.678962998730767,1.951219512195122,1.1665004630121945,0.17817371937639198,0.09131403118040089,0.08685968819599109,0.24873096446700507,1.3858424304161967,0.2823920265780731,0.6705298013245033,,,4.901275338666904,0.35721789318735947,,,,,,,,,322.5200225830079,3.215553467297283,327.50001525878906,3.2652044396228903,,,,,,,,,,,,,,,,,,,"Nolan McLean","33703",690997
"David Buchanan","TEX",6,8,,5.04672910281559,23,18,0,0,,117.69999694824219,517,134,71,66,19,33,0,3,72,5.505522657617007,2.523364551407795,2.1818181818181817,1.4528462568711547,0.13926499032882012,0.06382978723404255,0.07543520309477757,0.2785862785862786,1.4188615491080867,0.2948717948717949,0.6837606837606838,,,4.959173112791629,0.3563185065184207,,,,,,,,,324.8799774169922,2.7602377726471485,377.49998474121094,3.207306665498166,,,,,,,,,,,,,,,,,,,"David Buchanan","11176",571527
"Domingo Robles","OAK",5,6,,4.550561797752809,22,16,0,0,,89,387,93,49,45,12,30,0,4,63,6.370786516853933,3.033707865168539,2.1,1.2134831460674158,0.16279069767441862,0.07751937984496124,0.08527131782945738,0.26345609065155806,1.3820224719101124,0.29136690647482016,0.6967984934086628,,,4.6496258457055255,0.35386493150138776,,,,,,,,,293.2,3.29438202247191,313,3.5168539325842696,,,,,,,,,,,,,,,,,,,"Domingo Robles","sa872881",660781
"Kenley Jansen","LAA",3,3,,3.75,50,0,25.927000045776367,3.917099952697754,,48,196,40,22,20,6,17,2,1,54,10.125,3.1875,3.176470588235294,1.125,0.2755102040816326,0.08673469387755102,0.18877551020408162,0.2247191011235955,1.1875,0.288135593220339,0.7201646090534979,,,3.666479778289795,0.35306788162985614,,,,,,,,,376.7034000396729,7.847987500826519,361.30340003967285,7.527154167493184,,,,,,,,,,,,,,,,,,,"Kenley Jansen","3096",445276
"Alex Wood","OAK",4,5,,4.828060725365503,17,13,0,0,,72.69999694824219,320,73,42,39,10,26,1,7,63,7.799175017898119,3.2187071502436684,2.423076923076923,1.237964288555257,0.196875,0.08125,0.11562499999999999,0.25435540069686413,1.3617607174107829,0.29439252336448596,0.6705882352941176,,,4.583261130747478,0.3529054426085462,,,,,,,,,252.17997741699224,3.4687756258989735,260.49998474121094,3.583218647542317,,,,,,,,,,,,,,,,,,,"Alex Wood","13781",622072
"Jack Choate","SFG",4,4,,4.683673469387755,25,22,0,0,,98,433,99,55,51,13,35,0,12,79,7.255102040816326,3.2142857142857144,2.257142857142857,1.1938775510204083,0.18244803695150116,0.08083140877598152,0.10161662817551964,0.25647668393782386,1.3673469387755102,0.2925170068027211,0.6822107081174439,,,4.71750018645306,0.3512506009188265,,,,,,,,,324.90000000000003,3.31530612244898,338,3.4489795918367347,,,,,,,,,,,,,,,,,,,"Jack Choate","sa3020407",805257
"Freddy Tarnok","MIA",3,4,,4.645161290322581,24,14,0,0,,62,276,61,35,32,8,30,1,3,57,8.274193548387096,4.354838709677419,1.9,1.1612903225806452,0.20652173913043478,0.10869565217391304,0.09782608695652174,0.25102880658436216,1.467741935483871,0.29775280898876405,0.7017543859649124,,,4.601963649257537,0.35082631774046036,,,,,,,,,216.79999999999998,3.496774193548387,221,3.564516129032258,,,,,,,,,,,,,,,,,,,"Freddy Tarnok","23324",676206
"Ben Anderson","TEX",4,7,,5.030376484186018,20,16,0,0,,82.30000305175781,365,88,50,46,12,30,0,2,57,6.233292599969631,3.28068031577349,1.9,1.312272126309396,0.15616438356164383,0.0821917808219178,0.07397260273972603,0.26426426426426425,1.433778804671377,0.2878787878787879,0.6719367588932806,,,4.843271939685135,0.35026995775698566,,,,,,,,,250.62002258300782,3.045200647506597,273.50001525878906,3.323207838604661,,,,,,,,,,,,,,,,,,,"Ben Anderson","sa3010560",670391
"Antonio Santos","CHC",5,5,,4.35,18,9,0,0,,60,261,58,31,29,8,24,0,3,53,7.95,3.6,2.2083333333333335,1.2,0.20306513409961685,0.09195402298850575,0.1111111111111111,0.24786324786324787,1.3666666666666667,0.28901734104046245,0.7203389830508475,,,4.4831464449564615,0.3502253281301448,,,,,,,,,219.8,3.6633333333333336,221,3.683333333333333,,,,,,,,,,,,,,,,,,,"Antonio Santos","20383",665733
"Mike Clevinger","CHW",4,6,,4.803049741521532,16,16,22.92300033569336,4.5208001136779785,,78.69999694824219,340,80,45,42,13,28,0,6,66,7.547649593819551,3.202033161014355,2.357142857142857,1.4866582533280932,0.19411764705882353,0.08235294117647059,0.11176470588235295,0.26143790849673204,1.3722999261490092,0.29515418502202645,0.7015590200445434,,,4.932680609166761,0.3500178847700968,,,,,,,,,377.17817955017097,4.792607295756642,387.19818687438965,4.9199263264144,,,,,,,,,,,,,,,,,,,"Mike Clevinger","12808",605182
"Danny Coulombe","MIN",3,1,,3.4615384615384617,43,0,0,9.633899688720703,,39,160,35,16,15,4,13,0,1,40,9.23076923076923,3,3.076923076923077,0.9230769230769231,0.25,0.08125,0.16875,0.23972602739726026,1.2307692307692308,0.30392156862745096,0.7547169811320755,,,3.525454137264154,0.3491805480321046,,,,,,,,,224.93559875488285,5.767579455253406,219.5355987548828,5.629117916791867,,,,,,,,,,,,,,,,,,,"Danny Coulombe","13293",543056
"Scott Alexander","COL",3,3,,4.100719349434039,49,3,0,8.811800003051758,,41.70000076293945,179,43,21,19,4,13,4,2,31,6.690647359602906,2.8057553443496057,2.3846153846153846,0.8633093367229555,0.17318435754189945,0.07262569832402235,0.1005586592178771,0.2621951219512195,1.3429256349023753,0.3023255813953488,0.6944444444444444,,,4.00580830010378,0.3488083360516913,,,,,,,,,199.82720565795898,4.792019232660395,208.7472038269043,5.005928057738232,,,,,,,,,,,,,,,,,,,"Scott Alexander","10591",518397
"Alexis Díaz","CIN",5,5,,3.9004815886971316,61,0,13.222000122070312,7.577099800109863,,62.29999923706055,257,46,29,27,5,31,1,7,63,9.101123706959973,4.4783307129485594,2.032258064516129,0.7223114053142836,0.245136186770428,0.12062256809338522,0.12451361867704279,0.2100456621004566,1.235955071315552,0.271523178807947,0.6857142857142857,,,4.017202100104396,0.3460181428062039,,,,,,,,,388.33839416503906,6.233361138374256,354.91839599609375,5.6969245640851085,,,,,,,,,,,,,,,,,,,"Alexis Diaz","21132",664747
"Joey Lucchesi","SFG",5,7,,4.531721915108583,23,17,0,0.6378999948501587,,99.30000305175781,439,107,54,50,12,39,0,3,65,5.891238489641157,3.5347430937846944,1.6666666666666667,1.0876132596260597,0.1480637813211845,0.0888382687927107,0.0592255125284738,0.2695214105793451,1.470291999124118,0.296875,0.7120743034055729,,,4.697194736282027,0.3419964362218894,,,,,,,,,315.57162256240844,3.1779618616720895,347.0516152381897,3.494980912108302,,,,,,,,,,,,,,,,,,,"Joey Lucchesi","19320",664192
"Kyle Virbitsky","BAL",4,5,,4.6029607799849055,30,8,0,0,,74.30000305175781,325,78,41,38,10,23,0,4,56,6.78331062313565,2.7860025773592847,2.4347826086956523,1.2113054684170803,0.1723076923076923,0.07076923076923076,0.10153846153846154,0.26174496644295303,1.3593539145569458,0.29310344827586204,0.6896551724137931,,,4.4989157935485835,0.3392152946153231,,,,,,,,,255.0200225830078,3.432301643451608,272.50001525878906,3.6675639847412116,,,,,,,,,,,,,,,,,,,"Kyle Virbitsky","sa3017491",680223
"Julio Robaina","HOU",4,5,,4.53972239780412,19,12,0,0,,79.30000305175781,354,82,43,40,10,34,0,3,59,6.696090536761077,3.858764038133502,1.7352941176470589,1.13493059945103,0.16666666666666666,0.096045197740113,0.07062146892655366,0.2586750788643533,1.4627994392924386,0.2903225806451613,0.7156862745098039,,,4.717551597539536,0.3381137024240536,,,,,,,,,257.62002258300777,3.2486760740080096,273.50001525878906,3.448928180750259,,,,,,,,,,,,,,,,,,,"Julio Robaina","sa3006817",678789
"Juan Carela","CHW",4,9,,5.166162983223784,22,22,0,0,,99.30000305175781,445,102,62,57,14,40,0,13,78,7.069486187569389,3.625377532086866,1.95,1.268882136230403,0.1752808988764045,0.0898876404494382,0.0853932584269663,0.2602040816326531,1.430010026545375,0.29333333333333333,0.6535947712418301,,,5.029521010056657,0.3373399766005005,,,,,,,,,294.4200225830078,2.9649548190804,311.50001525878906,3.1369587682331384,,,,,,,,,,,,,,,,,,,"Juan Carela","sa3009237",683636
"Marco Gonzales","PIT",4,6,,4.753901386461516,16,16,0,0,,83.30000305175781,363,92,48,44,13,25,1,2,53,5.726290306419553,2.7010803332167708,2.12,1.4045617732727207,0.14600550964187328,0.06887052341597796,0.07713498622589532,0.27380952380952384,1.4045617732727207,0.29259259259259257,0.6983805668016194,,,4.8951711915485285,0.3370088766176173,,,,,,,,,242.32002258300784,2.9090037659715833,272.50001525878906,3.271308586741267,,,,,,,,,,,,,,,,,,,"Marco Gonzales","15467",594835
"Eduard Bazardo","SEA",3,3,,3.8336714589220935,40,1,0,0.6220999956130981,,49.29999923706055,208,44,23,21,5,17,0,2,48,8.762677620393356,3.103448323889314,2.823529411764706,0.9127789187909746,0.23076923076923078,0.08173076923076923,0.14903846153846156,0.2328042328042328,1.237322534361099,0.2867647058823529,0.7037037037037037,,,3.693863153591247,0.33309561933093484,,,,,,,,,230.40839433670047,4.673598334733732,222.98839616775513,4.523091270154156,,,,,,,,,,,,,,,,,,,"Eduard Bazardo","20997",660825
"Chen Zhong-Ao Zhuang","OAK",3,5,,4.5178337356318945,21,15,0,0,,75.69999694824219,322,79,41,38,12,18,0,3,55,6.538969880519847,2.14002650635195,3.0555555555555554,1.4266843375679665,0.17080745341614906,0.055900621118012424,0.11490683229813664,0.26245847176079734,1.2813738957786367,0.2863247863247863,0.6982543640897755,,,4.606374156020428,0.3330009808033086,,,,,,,,,254.17997741699216,3.3577277102240943,269.49998474121094,3.560105622269367,,,,,,,,,,,,,,,,,,,"Chen Zhong-Ao Zhuang","sa3018174",800018
"Anthony Banda","LAD",3,3,,4.328358263719325,47,4,0,12.838700294494629,,60.29999923706055,267,60,31,29,8,23,3,3,59,8.805970260670351,3.4328358643291197,2.5652173913043477,1.1940298658536068,0.2209737827715356,0.08614232209737828,0.1348314606741573,0.24896265560165975,1.376451095359019,0.2988505747126437,0.7242339832869081,,,4.2278396590485565,0.33227921765300666,,,,,,,,,283.17479553222654,4.696099487812042,288.85479736328125,4.790295207595132,,,,,,,,,,,,,,,,,,,"Anthony Banda","14706",607455
"Jonathan Pintaro","NYM",4,5,,4.7727272727272725,16,14,0,0,,66,295,66,38,35,8,26,0,8,51,6.954545454545454,3.5454545454545454,1.9615384615384615,1.0909090909090908,0.17288135593220338,0.08813559322033898,0.0847457627118644,0.25287356321839083,1.393939393939394,0.2871287128712871,0.6683168316831684,,,4.74223735404737,0.3317942972086235,,,,,,,,,218.40000000000012,3.309090909090911,226,3.4242424242424243,,,,,,,,,,,,,,,,,,,"Jonathan Pintaro","33980",702752
"Jacob Webb","TEX",3,4,,4.178571428571429,58,0,0,11.30459976196289,,56,238,48,28,26,6,23,2,3,59,9.482142857142858,3.6964285714285716,2.5652173913043477,0.9642857142857143,0.24789915966386555,0.09663865546218488,0.1512605042016807,0.22641509433962265,1.2678571428571428,0.2857142857142857,0.6869009584664536,,,3.845051206861224,0.33128521313154957,,,,,,,,,301.01839904785163,5.375328554425922,287.21839904785156,5.128899982997349,,,,,,,,,,,,,,,,,,,"Jacob Webb","19274",657097
"Austin Cox","KCR",3,4,,4.517374694799659,34,10,0,0.6407999992370605,,77.69999694824219,343,78,42,39,9,35,0,3,59,6.833977102389228,4.054054213281745,1.6857142857142857,1.042471083415306,0.17201166180758018,0.10204081632653061,0.06997084548104957,0.25573770491803277,1.4543115114312293,0.2911392405063291,0.7071713147410358,,,4.620791289721025,0.33023869043128945,,,,,,,,,268.0431774139405,3.4497192785282915,278.0631847381592,3.57867690681357,,,,,,,,,,,,,,,,,,,"Austin Cox","24604",680735
"Greg Weissert","BOS",4,3,,3.9,57,0,0,11.966500282287598,,60,259,55,28,26,6,24,2,4,60,9,3.6,2.5,0.9,0.23166023166023167,0.09266409266409266,0.138996138996139,0.23809523809523808,1.3166666666666667,0.296969696969697,0.7223796033994335,,,3.8664797782897953,0.3273705708477442,,,,,,,,,311.0660011291504,5.184433352152507,305.8660011291504,5.09776668548584,,,,,,,,,,,,,,,,,,,"Greg Weissert","20375",669711
"Blas Castaño","SEA",5,6,,4.61994063081007,24,20,0,0,,101.30000305175781,447,104,56,52,13,35,0,10,73,6.48568588556029,3.109575424583701,2.085714285714286,1.1549851577025174,0.16331096196868009,0.07829977628635347,0.08501118568232661,0.25870646766169153,1.372161854022649,0.2879746835443038,0.6870860927152318,,,4.726203324588921,0.3267522826112989,,,,,,,,,330.32002258300787,3.2608096014985852,348.50001525878906,3.4402764537008736,,,,,,,,,,,,,,,,,,,"Blas Castano","26117",680604
"Dylan File","SEA",5,8,,4.663726728032684,19,17,0,0,,90.69999694824219,396,100,51,47,13,23,0,6,58,5.755237238848845,2.282249249888335,2.5217391304347827,1.2899669673281893,0.14646464646464646,0.05808080808080808,0.08838383838383838,0.2724795640326976,1.3561191194988658,0.2939189189189189,0.6870229007633588,,,4.710029995605577,0.32644369922682503,,,,,,,,,280.2799774169922,3.0901872860804342,313.49998474121094,3.456449782684218,,,,,,,,,,,,,,,,,,,"Dylan File","sa3004197",668766
"Beau Sulser","PIT",4,7,,4.7368421052631575,22,12,0,0,,76,335,86,43,40,11,23,1,3,51,6.0394736842105265,2.723684210526316,2.217391304347826,1.3026315789473684,0.15223880597014924,0.06865671641791045,0.0835820895522388,0.2783171521035599,1.4342105263157894,0.30364372469635625,0.7051282051282052,,,4.732269251974006,0.3260215282639636,,,,,,,,,227.49999999999997,2.9934210526315788,261,3.4342105263157894,,,,,,,,,,,,,,,,,,,"Beau Sulser","23420",676641
"Caleb Thielbar","CHC",3,3,,3.7070937567897464,50,0,0,11.1875,,43.70000076293945,185,39,19,18,5,16,1,1,48,9.885583351439324,3.2951944504797748,3,1.0297482657749295,0.2594594594594595,0.08648648648648649,0.17297297297297298,0.23214285714285715,1.258581213724914,0.2956521739130435,0.75,,,3.624145674189764,0.32591652759310463,,,,,,,,,250.23000564575196,5.726086985745865,243.25000381469727,5.5663615461762115,,,,,,,,,,,,,,,,,,,"Caleb Thielbar","10078",573204
"Edgar Barclay","NYY",6,7,,5.0393699441912805,25,21,0,0,,114.30000305175781,507,117,69,64,18,47,0,7,88,6.929133673263011,3.700787302765472,1.872340425531915,1.4173227968037978,0.17357001972386588,0.09270216962524655,0.08086785009861933,0.2582781456953642,1.4348206091100175,0.28530259365994237,0.6844380403458212,,,5.091239131973965,0.325197123836917,,,,,,,,,334.22002258300785,2.924059612068995,351.50001525878906,3.07524064631583,,,,,,,,,,,,,,,,,,,"Edgar Barclay","sa1170012",687607
"Doug Nikhazy","CLE",5,6,,4.531721915108583,23,22,0,0,,99.30000305175781,444,92,54,50,13,57,0,5,93,8.429002762101964,5.166162983223784,1.631578947368421,1.1782476979282315,0.20945945945945946,0.12837837837837837,0.08108108108108109,0.24083769633507854,1.500503478558175,0.286231884057971,0.7262996941896024,,,4.868393119741685,0.3249458227128564,,,,,,,,,335.7200225830078,3.3808661859559215,327.50001525878906,3.2980866585481103,,,,,,,,,,,,,,,,,,,"Doug Nikhazy","30142",680951
"Jared Karros","LAD",4,5,,4.854771579314148,19,18,0,0,,72.30000305175781,310,74,42,39,13,24,0,1,58,7.219916707697964,2.9875517411163988,2.4166666666666665,1.618257193104716,0.1870967741935484,0.07741935483870968,0.10967741935483871,0.2596491228070175,1.3554632899509587,0.2850467289719626,0.7017543859649124,,,4.936880810062476,0.32298232879171096,,,,,,,,,223.72002258300788,3.0943293656965984,233.50001525878906,3.2295989682273194,,,,,,,,,,,,,,,,,,,"Jared Karros","sa3020859",689042
"John King","STL",4,4,,3.558484304531992,53,1,0,12.070199966430664,,60.70000076293945,259,63,26,24,5,16,1,2,38,5.634266815508988,2.372322869687995,2.375,0.7413508967774984,0.14671814671814673,0.06177606177606178,0.08494208494208495,0.26141078838174275,1.3014826854538306,0.29292929292929293,0.7361111111111112,,,3.874881746321627,0.3214821426384922,,,,,,,,,294.1608055114746,4.846141710282733,308.7808036804199,5.086998349247911,,,,,,,,,,,,,,,,,,,"John King","22051",667463
"Kevin Herget","NYM",3,4,,4.249578469513846,34,4,0,0.6718999743461609,,59.29999923706055,251,58,30,28,8,17,0,2,50,7.588532981274725,2.5801012136334065,2.9411764705882355,1.214165277003956,0.199203187250996,0.06772908366533864,0.13147410358565736,0.25,1.2647554968791208,0.28735632183908044,0.7053291536050157,,,4.195147582418147,0.3212804767925634,,,,,,,,,235.3075942516328,3.968087643828725,238.18759608268738,4.016654285786702,,,,,,,,,,,,,,,,,,,"Kevin Herget","15369",643361
"Yimi García","TOR",3,3,,3.6616701757252113,49,0,3.1110000610351562,14.291799545288086,,46.70000076293945,194,40,21,19,6,14,2,3,50,9.635974146645292,2.698072761060682,3.5714285714285716,1.1563168975974352,0.25773195876288657,0.07216494845360824,0.18556701030927833,0.22598870056497175,1.1563168975974352,0.2809917355371901,0.7236842105263158,,,3.7874647788513807,0.3208259024196919,,,,,,,,,289.50220413208007,6.199190565363447,277.2222023010254,5.93623549833056,,,,,,,,,,,,,,,,,,,"Yimi Garcia","12095",554340
"Dustin Saenz","WSN",4,6,,5.103734224407181,17,17,0,0,,72.30000305175781,322,82,44,41,10,22,0,4,40,4.979252901860665,2.7385890960233654,1.8181818181818181,1.2448132254651663,0.12422360248447205,0.06832298136645963,0.05590062111801242,0.27702702702702703,1.4384508383153032,0.2926829268292683,0.6666666666666666,,,4.936880810062476,0.319520339518824,,,,,,,,,200.82002258300784,2.7775935561060168,233.50001525878906,3.2295989682273194,,,,,,,,,,,,,,,,,,,"Dustin Saenz","sa3017610",685010
"Kai-Wei Teng","SFG",4,7,,4.772004087348878,25,18,0,0,,94.30000305175781,427,93,54,50,10,45,0,13,80,7.635206539758205,4.294803678613991,1.7777777777777777,0.9544008174697757,0.1873536299765808,0.1053864168618267,0.0819672131147541,0.25203252032520324,1.4634145867869894,0.2974910394265233,0.6774193548387096,,,4.693521086241436,0.3195176198455656,,,,,,,,,319.0200225830078,3.3830330038049885,327.50001525878906,3.472958692048359,,,,,,,,,,,,,,,,,,,"Kai-Wei Teng","24282",678906
"Chase Solesky","WSN",3,6,,5.006046133944865,19,17,0,0,,82.69999694824219,369,94,50,46,12,29,0,2,50,5.441354493418332,3.155985606182633,1.7241379310344827,1.3059250784203997,0.13550135501355012,0.07859078590785908,0.05691056910569105,0.2781065088757396,1.4873035615343442,0.2971014492753623,0.687382297551789,,,4.968172710554976,0.3194384821614582,,,,,,,,,226.97997741699223,2.7446189334087605,264.49998474121094,3.198307067734819,,,,,,,,,,,,,,,,,,,"Chase Solesky","25480",686678
"Luis Ortiz","NYM",2,2,,4.125,32,2,0,0,,48,206,47,24,22,5,14,0,3,39,7.3125,2.625,2.7857142857142856,0.9375,0.18932038834951456,0.06796116504854369,0.12135922330097088,0.24867724867724866,1.2708333333333333,0.2896551724137931,0.6851851851851852,,,3.9581464449564616,0.31911792123929306,,,,,,,,,198.50000000000006,4.135416666666668,202,4.208333333333333,,,,,,,,,,,,,,,,,,,"Luis Ortiz","16942",656814
"Ian Mejia","ATL",7,7,,4.780987748458371,22,21,0,0,,107.30000305175781,476,115,62,57,17,39,0,6,85,7.129543133665993,3.2712021436820438,2.1794871794871793,1.4259086267331986,0.17857142857142858,0.0819327731092437,0.09663865546218488,0.2668213457076566,1.435228290960213,0.2978723404255319,0.7066052227342551,,,4.899937324514468,0.3179827056995508,,,,,,,,,320.92002258300784,2.990866854199502,350.50001525878906,3.2665424537753274,,,,,,,,,,,,,,,,,,,"Ian Mejia","sa3019911",681256
"Dakota Hudson","LAA",5,10,,5.117647058823529,21,19,0,0.6287000179290771,,102,457,109,63,58,12,44,0,6,64,5.647058823529412,3.8823529411764706,1.4545454545454546,1.0588235294117647,0.1400437636761488,0.0962800875273523,0.04376367614879649,0.2678132678132678,1.5,0.2930513595166163,0.6607929515418502,,,4.911577817505481,0.3157687840422672,,,,,,,,,304.3148000717163,2.98347843207565,334.5148000717163,3.279556863448199,,,,,,,,,,,,,,,,,,,"Dakota Hudson","19206",641712
"Luis Palacios","MIA",6,10,,4.952708382506737,23,22,0,0,,116.30000305175781,510,136,69,64,19,28,0,5,67,5.184866587936741,2.1668099173466975,2.392857142857143,1.4703353010566875,0.13137254901960785,0.054901960784313725,0.07647058823529412,0.2851153039832285,1.410146136685946,0.29923273657289,0.6914119359534207,,,4.989351613517969,0.31558728829151933,,,,,,,,,308.3200225830078,2.651074931148488,369.50001525878906,3.177128164771826,,,,,,,,,,,,,,,,,,,"Luis Palacios","sa3003021",672712
"Evan McKendry","MIL",5,5,,4.71571922398253,22,13,0,0,,89.69999694824219,384,91,51,47,14,26,0,6,66,6.622073803890362,2.6086957409265064,2.5384615384615383,1.4046823220373494,0.171875,0.06770833333333333,0.10416666666666667,0.2585227272727273,1.3043478704632532,0.28308823529411764,0.677618069815195,,,4.794127548269581,0.31544572372999624,,,,,,,,,290.97997741699214,3.2439240503529843,302.49998474121094,3.3723522300202142,,,,,,,,,,,,,,,,,,,"Evan McKendry","sa3010787",679928
"Ryan Yarbrough","NYY",5,5,,4.7,31,6,0,0.6694999933242798,,90,382,88,51,47,13,25,1,8,68,6.8,2.5,2.72,1.3,0.17801047120418848,0.06544502617801047,0.112565445026178,0.2521489971346705,1.2555555555555555,0.2798507462686567,0.6540084388185654,,,4.633146444956462,0.3152983711011325,,,,,,,,,316.97799997329713,3.521977777481079,320.6779999732971,3.56308888859219,,,,,,,,,,,,,,,,,,,"Ryan Yarbrough","16502",642232
"Trace Bright","BAL",4,6,,4.818181818181818,26,24,0,0,,99,443,98,57,53,14,48,0,7,86,7.818181818181818,4.363636363636363,1.7916666666666667,1.2727272727272727,0.19413092550790068,0.10835214446952596,0.08577878103837472,0.25257731958762886,1.4747474747474747,0.2916666666666667,0.7041139240506329,,,4.934156545966562,0.3150558153959054,,,,,,,,,312.59999999999997,3.1575757575757573,320,3.2323232323232323,,,,,,,,,,,,,,,,,,,"Trace Bright","sa3020558",687238
"Alex Faedo","TBR",4,5,,4.348462470417946,32,11,0,0.6854000091552734,,68.30000305175781,290,63,36,33,10,27,0,2,65,8.565153350823227,3.5578329303419554,2.4074074074074074,1.31771590012665,0.22413793103448276,0.09310344827586207,0.13103448275862067,0.2413793103448276,1.31771590012665,0.2849462365591398,0.7105263157894737,,,4.440271815078891,0.3148747468462997,,,,,,,,,264.3616226196289,3.87059459454629,257.24161529541016,3.7663485183224985,,,,,,,,,,,,,,,,,,,"Alex Faedo","19874",656412
"Sean Guenther","DET",4,4,,4.13969330224301,46,2,0,0.580299973487854,,58.70000076293945,253,60,29,27,7,16,0,3,47,7.20613278538598,2.453151586514376,2.9375,1.0732538191000396,0.1857707509881423,0.06324110671936758,0.12252964426877472,0.2564102564102564,1.2947188928825872,0.29444444444444445,0.7099697885196374,,,4.086411623232686,0.3147247944415851,,,,,,,,,231.6012055397033,3.9455060056136473,241.82120370864868,4.119611593963109,,,,,,,,,,,,,,,,,,,"Sean Guenther","20045",674944
"Edwin Uceta","TBR",3,2,,3.9726029242529988,44,1,5.7870001792907715,12.524900436401367,,65.69999694824219,279,56,31,29,8,26,1,4,73,10.000000464498928,3.5616440010544124,2.8076923076923075,1.0958904618628962,0.2616487455197133,0.0931899641577061,0.1684587813620072,0.2248995983935743,1.248097470454965,0.2857142857142857,0.7203389830508475,,,3.897073419531726,0.3133352218764708,,,,,,,,,377.2145800590515,5.741470282810172,359.53458738327026,5.472368403099137,,,,,,,,,,,,,,,,,,,"Edwin Uceta","20539",670955
"Jack Kochanowicz","LAA",7,10,,4.90788515090403,25,24,0,0.6287000179290771,,135.6999969482422,595,150,80,74,19,38,1,12,74,4.90788515090403,2.5202653477615287,1.9473684210526316,1.2601326738807643,0.12436974789915967,0.06386554621848739,0.060504201680672276,0.27522935779816515,1.385409021576513,0.28982300884955753,0.6691449814126393,,,5.001409812186347,0.3132354748841493,,,,,,,,,380.99477748870845,2.807625542055281,432.01478481292725,3.1836020230546027,,,,,,,,,,,,,,,,,,,"Jack Kochanowicz","27688",686799
"Oliver Ortega","NYM",2,3,,3.8848920152533,31,0,0,0,,41.70000076293945,177,37,19,18,4,15,0,2,41,8.848920701410295,3.2374100127110834,2.7333333333333334,0.8633093367229555,0.23163841807909605,0.0847457627118644,0.14689265536723164,0.23125,1.2470023752664914,0.28695652173913044,0.7112068965517242,,,3.670076891378186,0.312272768876399,,,,,,,,,194.18000564575198,4.65659477441372,187.50000381469727,4.496402886911609,,,,,,,,,,,,,,,,,,,"Oliver Ortega","21025",661383
"Jack Cushing","OAK",5,6,,4.533761909582601,30,12,0,0,,93.30000305175781,400,99,51,47,14,26,0,2,68,6.559485315991848,2.5080385031733536,2.6153846153846154,1.3504822709394981,0.17,0.065,0.10500000000000001,0.2661290322580645,1.3397641576780737,0.29310344827586204,0.7020872865275142,,,4.559834502274992,0.31160493130582373,,,,,,,,,312.82002258300776,3.3528404324860746,336.50001525878906,3.6066452760148033,,,,,,,,,,,,,,,,,,,"Jack Cushing","sa1170342",681007
"Jake Eder","CHW",4,7,,5.103598861231709,20,20,0,0.6122000217437744,,91.69999694824219,417,93,56,52,13,47,0,7,80,7.85169055574109,4.612868201497891,1.702127659574468,1.2758997153079272,0.19184652278177458,0.11270983213429256,0.07913669064748202,0.256198347107438,1.5267176080607676,0.2962962962962963,0.6896551724137931,,,5.031256285278304,0.3103259903933587,,,,,,,,,277.3287775039673,3.0243051988376695,289.94878482818604,3.1619279659501025,,,,,,,,,,,,,,,,,,,"Jake Eder","27590",671109
"Noah Davis","BOS",3,5,,4.938409685656995,25,13,0,0,,89.30000305175781,402,94,53,49,12,35,0,10,73,7.357222592917564,3.5274354897549967,2.085714285714286,1.2094064536302844,0.18159203980099503,0.08706467661691543,0.0945273631840796,0.26330532212885155,1.444568819613951,0.3014705882352941,0.6773618538324421,,,4.7902199243674914,0.31032317913893426,,,,,,,,,279.8200225830078,3.133482788582052,301.50001525878906,3.376259853922303,,,,,,,,,,,,,,,,,,,"Noah Davis","25862",663562
"Julian Merryweather","CHC",3,1,,3.6272039605204784,38,0,1.184999942779541,12.434900283813477,,39.70000076293945,170,34,17,16,4,17,0,2,46,10.428211386496375,3.853904208053008,2.7058823529411766,0.9068009901301196,0.27058823529411763,0.1,0.17058823529411762,0.2251655629139073,1.2846347360176695,0.297029702970297,0.748898678414097,,,3.5946913569623518,0.3099159855219057,,,,,,,,,246.84460649490356,6.217748154940509,237.16460466384888,5.973919398138793,,,,,,,,,,,,,,,,,,,"Julian Merryweather","16703",657240
"Luis García","LAD",3,3,,3.96,52,0,0,0.7239999771118164,,50,215,49,24,22,5,16,1,3,43,7.74,2.88,2.6875,0.9,0.2,0.07441860465116279,0.12558139534883722,0.25,1.3,0.2972972972972973,0.7068965517241379,,,3.886479778289795,0.3091706640442096,,,,,,,,,212.99599990844726,4.259919998168945,216.89599990844727,4.337919998168945,,,,,,,,,,,,,,,,,,,"Luis Garcia","6984",472610
"Spenser Watkins","WSN",4,7,,5.1,21,18,0,0,,90,402,102,55,51,13,32,0,4,56,5.6,3.2,1.75,1.3,0.13930348258706468,0.07960199004975124,0.05970149253731344,0.2786885245901639,1.488888888888889,0.2996632996632997,0.6822107081174439,,,4.999813111623128,0.3086634242732046,,,,,,,,,244.90000000000003,2.7211111111111115,285,3.1666666666666665,,,,,,,,,,,,,,,,,,,"Spenser Watkins","17489",657093
"Matt Krook","OAK",4,4,,4.413075579975663,32,8,0,0.667900025844574,,67.30000305175781,303,60,36,33,7,40,0,3,71,9.494798975099155,5.349182521182622,1.775,0.9361069412069588,0.23432343234323433,0.132013201320132,0.10231023102310233,0.23076923076923078,1.4858840336618393,0.29120879120879123,0.7095343680709534,,,4.32546932454603,0.30837757766378177,,,,,,,,,271.59162268638613,4.035536558260118,261.17161536216736,3.8807073331231567,,,,,,,,,,,,,,,,,,,"Matt Krook","19315",640454
"Danny Wirchansky","SEA",6,7,,4.533761909582601,24,15,0,0,,93.30000305175781,403,98,51,47,13,30,0,2,63,6.0771702192277415,2.893890580584639,2.1,1.2540192515866768,0.15632754342431762,0.07444168734491315,0.08188585607940448,0.2641509433962264,1.3719184974623473,0.288135593220339,0.7012750455373407,,,4.656297521627813,0.3082762375772559,,,,,,,,,305.72002258300785,3.276741828329961,327.50001525878906,3.5101822566619822,,,,,,,,,,,,,,,,,,,"Danny Wirchansky","sa3023469",688024
"Richard Gallardo","TOR",3,5,,4.686064099529361,14,13,0,0,,65.30000305175781,283,68,37,34,10,18,0,5,44,6.064318246449761,2.4808574644567205,2.4444444444444446,1.3782541469204004,0.15547703180212014,0.0636042402826855,0.09187279151943463,0.26153846153846155,1.3169984070572713,0.2815533980582524,0.6805555555555556,,,4.866326559491622,0.3074384334312953,,,,,,,,,202.4200225830079,3.099847061608352,215.50001525878906,3.300153218798173,,,,,,,,,,,,,,,,,,,"Richard Gallardo","sa3009990",682620
"Daniel Palencia","CHC",2,2,,4.143646467059878,36,5,0,0.6420999765396118,,54.29999923706055,238,46,27,25,6,28,0,4,60,9.944751520943706,4.6408840431070635,2.142857142857143,0.9944751520943707,0.25210084033613445,0.11764705882352941,0.13445378151260504,0.22330097087378642,1.362799282499693,0.2857142857142857,0.7164634146341464,,,4.1609549303841655,0.3067405561081071,,,,,,,,,234.98839426040655,4.327594798565365,220.06839609146118,4.052825031004075,,,,,,,,,,,,,,,,,,,"Daniel Palencia","27914",694037
"Logan Evans","SEA",5,7,,4.663726728032684,28,19,0,0,,90.69999694824219,401,94,51,47,12,32,0,6,67,6.648291293152976,3.175303304192466,2.09375,1.1907387390721746,0.16708229426433915,0.0798004987531172,0.08728179551122195,0.25895316804407714,1.389195195584204,0.2887323943661972,0.6868131868131868,,,4.665928560825126,0.30486349060990026,,,,,,,,,299.1799774169922,3.298566565418065,317.49998474121094,3.5005512174646687,,,,,,,,,,,,,,,,,,,"Logan Evans","33699",688138
"Kade McClure","PIT",3,3,,4.52261300752965,23,8,0,0,,59.70000076293945,266,65,32,30,7,22,0,3,42,6.33165821054151,3.31658287218841,1.9090909090909092,1.055276368423585,0.15789473684210525,0.08270676691729323,0.07518796992481203,0.2697095435684647,1.4572864135373316,0.3020833333333333,0.7124352331606217,,,4.540014099095096,0.30462927648280475,,,,,,,,,195.68000564575198,3.2777219957294563,216.50000381469727,3.6264656791946988,,,,,,,,,,,,,,,,,,,"Kade McClure","sa915622",656701
"Darius Vines","ATL",4,4,,4.762954956288699,18,17,0,0,,90.69999694824219,395,98,52,48,15,29,0,2,67,6.648291293152976,2.8776186194244224,2.310344827586207,1.4884234238402185,0.16962025316455695,0.07341772151898734,0.0962025316455696,0.2692307692307692,1.4002205542793167,0.29432624113475175,0.7075471698113207,,,4.864385017337155,0.30273560484825035,,,,,,,,,272.8799774169922,3.0085996317365997,299.49998474121094,3.30209476095264,,,,,,,,,,,,,,,,,,,"Darius Vines","25928",670241
"Shelby Miller","ARI",5,3,,3.773584845303632,43,2,0,10.013699531555176,,47.70000076293945,197,41,22,20,5,17,1,3,46,8.679245144198353,3.2075471185080873,2.7058823529411766,0.943396211325908,0.233502538071066,0.08629441624365482,0.14720812182741116,0.23163841807909605,1.215932894597837,0.2857142857142857,0.7058823529411765,,,3.858303666595461,0.30190167068697343,,,,,,,,,256.93480377197267,5.386473787472103,245.55480194091797,5.1478993294210165,,,,,,,,,,,,,,,,,,,"Shelby Miller","10197",571946
"Patrick Reilly","BAL",5,6,,4.81986382384671,25,23,0,0,,102.69999694824219,457,101,59,55,15,50,0,5,88,7.711782118154735,4.381694385315191,1.76,1.3145083155945572,0.1925601750547046,0.10940919037199125,0.08315098468271336,0.2512437810945274,1.4703018937390973,0.28762541806020064,0.7076923076923077,,,4.9581059269520065,0.30183119823530596,,,,,,,,,323.87997741699223,3.153651285697879,329.49998474121094,3.2083738513377886,,,,,,,,,,,,,,,,,,,"Patrick Reilly","sa3023038",694345
"Christian MacLeod","MIN",3,5,,4.736842282199454,20,19,0,0,,81.69999694824219,365,83,46,43,12,38,0,4,72,7.931456844613041,4.186046667990215,1.894736842105263,1.3219094741021733,0.19726027397260273,0.10410958904109589,0.09315068493150684,0.25696594427244585,1.4810282070959535,0.29707112970711297,0.7197696737044146,,,4.855586328531461,0.30165198975081897,,,,,,,,,259.17997741699213,3.1723376633806413,270.49998474121094,3.310893449758334,,,,,,,,,,,,,,,,,,,"Christian MacLeod","sa3018005",681306
"Xzavion Curry","MIA",5,7,,4.698055417986974,29,16,0,0.6065999865531921,,97.69999694824219,418,102,55,51,16,29,1,3,71,6.540430091707355,2.6714432768945535,2.4482758620689653,1.4738997389763056,0.16985645933014354,0.06937799043062201,0.10047846889952153,0.26424870466321243,1.3408393458742778,0.28762541806020064,0.6998158379373849,,,4.824616984638139,0.29979958549085733,,,,,,,,,309.40637736320497,3.1669026307863337,328.9263846874237,3.3666980037028726,,,,,,,,,,,,,,,,,,,"Xzavion Curry","25595",675540
"Anthony Solometo","PIT",5,7,,4.8468850558766565,28,26,0,0,,94.69999694824219,426,101,55,51,12,40,0,7,64,6.082365560315804,3.8014784751973774,1.6,1.1404435425592132,0.15023474178403756,0.09389671361502347,0.05633802816901409,0.26649076517150394,1.4889124027856395,0.29372937293729373,0.6924315619967794,,,4.951062729146342,0.2997366841393453,,,,,,,,,277.57997741699216,2.9311508591568605,304.49998474121094,3.2154170491434533,,,,,,,,,,,,,,,,,,,"Anthony Solometo","sa3018259",696143
"Nate Lavender","TBR",3,3,,3.8863636363636362,32,1,0,0,,44,192,36,21,19,4,22,1,4,52,10.636363636363637,4.5,2.3636363636363638,0.8181818181818182,0.2708333333333333,0.11458333333333333,0.15625,0.21686746987951808,1.3181818181818181,0.2909090909090909,0.7061068702290076,,,3.757388869198886,0.29784605742202036,,,,,,,,,208.8,4.745454545454546,194,4.409090909090909,,,,,,,,,,,,,,,,,,,"Nate Lavender","30109",681320
"Drew Smyly","CHC",7,8,,4.464487188551676,37,12,0,0,,88.69999694824219,385,88,48,44,14,32,1,4,82,8.320180669573578,3.246899773492128,2.5625,1.420518650902806,0.21298701298701297,0.08311688311688312,0.12987012987012986,0.2521489971346705,1.35287490562172,0.2924901185770751,0.7171314741035856,,,4.586998429192601,0.2975112100124066,,,,,,,,,311.3799774169922,3.510484646337555,317.49998474121094,3.579481349097194,,,,,,,,,,,,,,,,,,,"Drew Smyly","11760",592767
"Mike Baumann","MIA",3,3,,4.354838709677419,48,4,0,0,,62,272,60,32,30,7,28,1,2,59,8.564516129032258,4.064516129032258,2.107142857142857,1.0161290322580645,0.21691176470588236,0.10294117647058823,0.11397058823529413,0.24793388429752067,1.4193548387096775,0.30113636363636365,0.7161125319693095,,,4.18260881054786,0.29665132368755825,,,,,,,,,244.69999999999993,3.946774193548386,247,3.9838709677419355,,,,,,,,,,,,,,,,,,,"Mike Baumann","20206",657508
"Vince Velasquez","CLE",3,3,,4.475138184424668,17,10,0,0.6672999858856201,,54.29999923706055,238,52,29,27,8,24,0,2,53,8.784530510166942,3.9779006083774826,2.2083333333333335,1.3259668694591609,0.22268907563025211,0.10084033613445378,0.12184873949579833,0.24528301886792453,1.3996316955402255,0.2913907284768212,0.7253086419753086,,,4.566111473830021,0.2950767000938083,,,,,,,,,198.8891942977905,3.662784476837446,198.16919612884521,3.6495248418639354,,,,,,,,,,,,,,,,,,,"Vince Velasquez","11189",592826
"Hunter Stratton","PIT",2,3,,4.0588235294117645,45,1,0,0.6169999837875366,,51,219,46,25,23,5,20,0,4,49,8.647058823529411,3.5294117647058822,2.45,0.8823529411764706,0.2237442922374429,0.091324200913242,0.1324200913242009,0.2358974358974359,1.2941176470588236,0.2907801418439716,0.6949152542372882,,,3.9311856606427362,0.2945575652713447,,,,,,,,,224.76799993515016,4.407215685002944,218.46799993515015,4.283686273238239,,,,,,,,,,,,,,,,,,,"Hunter Stratton","23455",676702
"Jackson Jobe","DET",4,5,,4.755732656895869,26,24,0,0.580299973487854,,100.30000305175781,429,99,57,53,17,37,0,3,77,6.909271973226074,3.3200397793423995,2.081081081081081,1.5254236824005618,0.1794871794871795,0.08624708624708624,0.09324009324009325,0.2544987146529563,1.3559321621338327,0.27796610169491526,0.7040998217468806,,,5.030886501223815,0.2943394738195456,,,,,,,,,312.04122247695926,3.111078893147557,316.8212151527405,3.158735847587674,,,,,,,,,,,,,,,,,,,"Jackson Jobe","30203",695549
"Jackson Ferris","LAD",5,6,,5.069251934717182,26,26,0,0,,108.30000305175781,483,106,66,61,17,51,0,9,95,7.894736619641513,4.238227027386497,1.8627450980392157,1.4127423424621655,0.19668737060041408,0.10559006211180125,0.09109730848861283,0.25059101654846333,1.4496767827879737,0.2861736334405145,0.6831831831831833,,,5.11477150547618,0.293967125794272,,,,,,,,,326.7200225830078,3.016805294334706,330.50001525878906,3.051708272813615,,,,,,,,,,,,,,,,,,,"Jackson Ferris","sa3020891",701328
"Hans Crouse","LAA",4,5,,4.254545454545455,43,3,0,7.041100025177002,,55,236,45,28,26,7,29,1,2,67,10.963636363636363,4.745454545454545,2.310344827586207,1.1454545454545455,0.2838983050847458,0.1228813559322034,0.1610169491525424,0.21951219512195122,1.3454545454545455,0.2900763358778626,0.7165109034267912,,,4.075570687380704,0.2933329829449554,,,,,,,,,273.064400100708,4.964807274558327,253.164400100708,4.602989092740145,,,,,,,,,,,,,,,,,,,"Hans Crouse","22192",668968
"Cody Morris","NYY",2,3,,4.140435911837819,24,5,0,0,,41.29999923706055,180,36,21,19,5,21,0,2,43,9.370460221527695,4.5762712709786415,2.0476190476190474,1.0895883978520575,0.2388888888888889,0.11666666666666667,0.12222222222222223,0.22929936305732485,1.3801453039459395,0.28440366972477066,0.72,,,4.328707402665323,0.2927757918896844,,,,,,,,,167.519994354248,4.0561742723695735,158.49999618530273,3.837772375624472,,,,,,,,,,,,,,,,,,,"Cody Morris","25388",663752
"Peter Van Loon","BAL",3,3,,4.7120419475567665,17,13,0,0,,57.29999923706055,252,57,32,30,8,22,0,5,48,7.5392671160908264,3.4554974282082953,2.1818181818181817,1.256544519348471,0.19047619047619047,0.0873015873015873,0.10317460317460317,0.25333333333333335,1.3787085698406834,0.28994082840236685,0.6932153392330384,,,4.719708420262211,0.29182910764294906,,,,,,,,,192.41999435424808,3.3581151294290854,197.49999618530273,3.4467713580275845,,,,,,,,,,,,,,,,,,,"Peter Van Loon","sa3017543",687967
"Gabe Speier","SEA",2,2,,3.6818181818181817,49,1,0,9.923299789428711,,44,184,39,19,18,5,13,2,3,45,9.204545454545455,2.659090909090909,3.4615384615384617,1.0227272727272727,0.24456521739130435,0.07065217391304347,0.17391304347826086,0.23214285714285715,1.1818181818181819,0.288135593220339,0.7333333333333333,,,3.6892070510170676,0.29118845524173376,,,,,,,,,244.39319915771486,5.554390889948065,236.69319915771484,5.3793908899480645,,,,,,,,,,,,,,,,,,,"Gabe Speier","17170",642100
"Cody Laweryson","MIN",3,3,,4.408163265306122,27,4,0,0,,49,216,50,26,24,6,18,0,2,44,8.081632653061224,3.306122448979592,2.4444444444444446,1.1020408163265305,0.2037037037037037,0.08333333333333333,0.12037037037037036,0.25510204081632654,1.3877551020408163,0.3013698630136986,0.7046979865771812,,,4.186887941555101,0.2900791987704072,,,,,,,,,186.8,3.812244897959184,195,3.979591836734694,,,,,,,,,,,,,,,,,,,"Cody Laweryson","26429",689520
"Ray Kerr","ATL",3,2,,3.8848920152533,33,2,0,0,,41.70000076293945,183,38,19,18,5,19,1,2,49,10.575539374856206,4.100719349434039,2.5789473684210527,1.0791366709036945,0.2677595628415301,0.10382513661202186,0.1639344262295082,0.2345679012345679,1.3669064498113463,0.3055555555555556,0.76,,,3.885904225558925,0.28842010787087025,,,,,,,,,183.28000564575194,4.395203891905935,178.50000381469727,4.280575552730871,,,,,,,,,,,,,,,,,,,"Ray Kerr","23809",678061
"Luis Cessa","PIT",3,6,,4.792207792207792,24,16,0,0,,77,340,86,44,41,10,29,0,1,46,5.376623376623376,3.3896103896103895,1.5862068965517242,1.1688311688311688,0.13529411764705881,0.08529411764705883,0.04999999999999999,0.27741935483870966,1.4935064935064934,0.2992125984251969,0.7029702970297029,,,4.828817440627457,0.2875324474902268,,,,,,,,,225.20000000000007,2.9246753246753254,257,3.3376623376623376,,,,,,,,,,,,,,,,,,,"Luis Cessa","13345",570666
"Brendan McKay","TBR",2,1,,4.5,13,12,0,0,,44,188,45,24,22,7,13,0,1,37,7.568181818181818,2.659090909090909,2.8461538461538463,1.4318181818181819,0.19680851063829788,0.06914893617021277,0.12765957446808512,0.25862068965517243,1.3181818181818181,0.2923076923076923,0.7053941908713692,,,4.507388869198886,0.2849154035215933,,,,,,,,,154.5,3.5113636363636362,161,3.659090909090909,,,,,,,,,,,,,,,,,,,"Brendan McKay","20186",656713
"Luke Little","CHC",3,2,,3.6217303266969627,50,1,0,0.6420999765396118,,49.70000076293945,213,37,22,20,4,27,1,5,57,10.321931431086343,4.889335941040899,2.111111111111111,0.7243460653393925,0.2676056338028169,0.1267605633802817,0.1408450704225352,0.20441988950276244,1.2877263383811424,0.275,0.7191780821917808,,,3.850584395554777,0.28481674551414893,,,,,,,,,242.94840555191047,4.888297823389038,217.0684037208557,4.367573448464016,,,,,,,,,,,,,,,,,,,"Luke Little","28036",681432
"Jared Kollar","SDP",6,7,,4.833333333333333,25,20,0,0,,108,468,115,63,58,18,33,0,3,75,6.25,2.75,2.272727272727273,1.5,0.16025641025641027,0.07051282051282051,0.08974358974358976,0.2662037037037037,1.3703703703703705,0.2861356932153392,0.6921824104234527,,,4.944257556067573,0.2832997965150474,,,,,,,,,320.80000000000007,2.970370370370371,348,3.2222222222222223,,,,,,,,,,,,,,,,,,,"Jared Kollar","sa3020439",806577
"Gunnar Hoglund","OAK",6,8,,4.754716981132075,22,21,0,0,,106,456,110,61,56,17,31,0,6,78,6.622641509433962,2.6320754716981134,2.5161290322580645,1.4433962264150944,0.17105263157894737,0.06798245614035088,0.10307017543859649,0.26252983293556087,1.330188679245283,0.28703703703703703,0.68259385665529,,,4.826857136780362,0.2819459572976632,,,,,,,,,334.30000000000007,3.153773584905661,354,3.339622641509434,,,,,,,,,,,,,,,,,,,"Gunnar Hoglund","31318",680684
"Will Johnston","OAK",4,5,,4.550561797752809,25,14,0,0,,89,386,86,49,45,14,37,0,2,83,8.393258426966293,3.741573033707865,2.2432432432432434,1.4157303370786516,0.21502590673575128,0.09585492227979274,0.11917098445595854,0.2478386167146974,1.3820224719101124,0.288,0.7156673114119922,,,4.6608618007617055,0.2813283857847121,,,,,,,,,311.79999999999995,3.5033707865168533,312,3.50561797752809,,,,,,,,,,,,,,,,,,,"Will Johnston","sa3022940",690658
"Yuki Matsui","SDP",3,2,,3.7148218167764377,57,0,0,11.111700057983398,,53.29999923706055,226,43,24,22,6,25,2,2,61,10.300187764698304,4.221388428155043,2.44,1.0131332227572103,0.26991150442477874,0.11061946902654868,0.15929203539823006,0.21608040201005024,1.2757973916201908,0.2803030303030303,0.7382550335570469,,,3.8606636531419576,0.2802529720503325,,,,,,,,,294.2667945861816,5.520953073139485,273.9467964172363,5.139714828114963,,,,,,,,,,,,,,,,,,,"Yuki Matsui","33826",673513
"Chris Vallimont","LAD",4,5,,4.886877603113621,19,12,0,0,,66.30000305175781,299,67,39,36,9,32,0,4,56,7.601809604843411,4.343891202767663,1.75,1.2217194007784054,0.18729096989966554,0.10702341137123746,0.08026755852842808,0.25475285171102663,1.4932126009513842,0.29292929292929293,0.6944444444444444,,,4.870853757153497,0.28012608051898424,,,,,,,,,209.72002258300776,3.1631977817450108,218.50001525878906,3.295626021136299,,,,,,,,,,,,,,,,,,,"Chris Vallimont","24935",681808
"Kyle Amendt","ARI",5,3,,3.477272727272727,44,0,0,0,,44,190,36,18,17,4,25,0,0,52,10.636363636363637,5.113636363636363,2.08,0.8181818181818182,0.2736842105263158,0.13157894736842105,0.14210526315789476,0.21818181818181817,1.3863636363636365,0.29357798165137616,0.776173285198556,,,3.6892070510170676,0.27994321257554444,,,,,,,,,211.8,4.8136363636363635,197,4.4772727272727275,,,,,,,,,,,,,,,,,,,"Kyle Amendt","sa3022904",694900
"Phil Bickford","CHC",4,3,,4.105263157894737,50,1,0,0,,57,238,50,28,26,7,19,2,3,57,9,3,3,1.105263157894737,0.23949579831932774,0.07983193277310924,0.1596638655462185,0.23148148148148148,1.2105263157894737,0.28289473684210525,0.6925675675675675,,,3.920865743202076,0.2798078668636383,,,,,,,,,253.69999999999993,4.450877192982455,242,4.245614035087719,,,,,,,,,,,,,,,,,,,"Phil Bickford","18519",641360
"Sam Bachman","LAA",3,5,,4.7727272727272725,20,18,0,0.6287000179290771,,66,298,67,38,35,8,30,0,6,52,7.090909090909091,4.090909090909091,1.7333333333333334,1.0909090909090908,0.174496644295302,0.10067114093959731,0.0738255033557047,0.25572519083969464,1.4696969696969697,0.29207920792079206,0.6876456876456877,,,4.802843414653432,0.27499680362430584,,,,,,,,,214.3148000717164,3.2471939404805514,224.5148000717163,3.401739395026005,,,,,,,,,,,,,,,,,,,"Sam Bachman","29754",696147
"Victor Vodnik","COL",4,4,,4.359375,55,1,3.9509999752044678,12.794300079345703,,64,284,61,34,31,7,31,1,2,61,8.578125,4.359375,1.967741935483871,0.984375,0.2147887323943662,0.10915492957746478,0.1056338028169014,0.24302788844621515,1.4375,0.29508196721311475,0.7055961070559611,,,4.228979778289795,0.27460848204169397,,,,,,,,,322.83220019340513,5.044253128021955,322.93220019340515,5.0458156280219555,,,,,,,,,,,,,,,,,,,"Victor Vodnik","24614",680767
"Scott Blewett","MIN",5,5,,4.517374694799659,37,9,0,0.6255999803543091,,77.69999694824219,342,81,42,39,10,29,1,3,60,6.949807222768706,3.359073491004875,2.0689655172413794,1.1583012037947844,0.17543859649122806,0.0847953216374269,0.09064327485380116,0.26129032258064516,1.4157014713047364,0.29583333333333334,0.7083333333333334,,,4.530701196092541,0.2718116904806733,,,,,,,,,267.88237733840947,3.447649779405426,285.0023846626282,3.6679845026567377,,,,,,,,,,,,,,,,,,,"Scott Blewett","16427",656240
"Jalen Beeks","ARI",5,4,,3.640167518952715,54,2,0,4.33489990234375,,71.69999694824219,316,71,31,29,7,28,1,4,62,7.7824271094851145,3.5146445010577936,2.2142857142857144,0.8786611252644484,0.1962025316455696,0.08860759493670886,0.10759493670886075,0.25,1.3807531968441333,0.29767441860465116,0.7623318385650224,,,4.045140903554244,0.2713980721110208,,,,,,,,,305.2195770263671,4.256898047662329,312.83958435058594,4.363174304964256,,,,,,,,,,,,,,,,,,,"Jalen Beeks","17192",656222
"Bryce Jarvis","ARI",4,4,,4.163700916884854,35,10,0,0.6502000093460083,,84.30000305175781,372,81,42,39,9,40,2,4,67,7.153024652084237,4.270462478856261,1.675,0.9608540577426586,0.18010752688172044,0.10752688172043011,0.07258064516129033,0.24695121951219512,1.4353498887266876,0.2857142857142857,0.7287822878228782,,,4.530655292368879,0.270916313613037,,,,,,,,,307.1208226203918,3.6431887485440337,309.1008152961731,3.6666762052949626,,,,,,,,,,,,,,,,,,,"Bryce Jarvis","27477",686826
"Connor Overton","NYM",2,2,,4.595744680851064,18,7,0,0,,47,200,48,26,24,6,13,0,3,32,6.127659574468085,2.4893617021276597,2.4615384615384617,1.148936170212766,0.16,0.065,0.095,0.2608695652173913,1.297872340425532,0.2876712328767123,0.6653992395437263,,,4.485628714460008,0.2690296310503884,,,,,,,,,165.2,3.5148936170212766,173,3.6808510638297873,,,,,,,,,,,,,,,,,,,"Connor Overton","18376",656818
"Hunter Stanley","CLE",4,4,,4.675324469437836,18,13,0,0,,69.30000305175781,304,74,39,36,10,26,0,0,49,6.363636083401499,3.376623227927326,1.8846153846153846,1.29870124151051,0.1611842105263158,0.08552631578947369,0.0756578947368421,0.26618705035971224,1.4430013794561223,0.2922374429223744,0.7093023255813954,,,4.75378129569153,0.26874945172715115,,,,,,,,,217.4200225830078,3.137373925086615,236.50001525878906,3.4126984825982656,,,,,,,,,,,,,,,,,,,"Hunter Stanley","sa3018148",701533
"Wily Peralta","PIT",3,4,,4.5904175271845835,21,13,0,0,,64.69999694824219,289,68,36,33,8,30,0,2,48,6.676970948632121,4.173106842895076,1.6,1.112828491438687,0.16608996539792387,0.10380622837370242,0.06228373702422145,0.26459143968871596,1.5146832244582127,0.29850746268656714,0.7142857142857143,,,4.773898710367899,0.26824020056459663,,,,,,,,,203.57997741699222,3.1465222105010193,219.49998474121094,3.392581067921897,,,,,,,,,,,,,,,,,,,"Wily Peralta","7738",503449
"Josh Fleming","SEA",4,4,,4.242857142857143,36,6,0,0.6220999956130981,,70,306,77,36,33,7,20,2,2,40,5.142857142857143,2.5714285714285716,2,0.9,0.13071895424836602,0.06535947712418301,0.06535947712418301,0.2711267605633803,1.3857142857142857,0.29535864978902954,0.6995412844036697,,,4.266479778289796,0.2670703812133876,,,,,,,,,248.18839998245235,3.545548571177891,275.4883999824524,3.9355485711778915,,,,,,,,,,,,,,,,,,,"Josh Fleming","20418",676596
"Rodney Boone","CLE",3,4,,4.615384402940642,15,14,0,0,,66.30000305175781,292,68,37,34,10,25,0,3,53,7.194569804583942,3.393665002162237,2.12,1.3574660008648949,0.1815068493150685,0.08561643835616438,0.09589041095890412,0.25757575757575757,1.4027148675603913,0.2885572139303483,0.7088607594936709,,,4.795438979327669,0.26696717610303705,,,,,,,,,212.82002258300776,3.209954943997024,223.50001525878906,3.371040798962126,,,,,,,,,,,,,,,,,,,"Rodney Boone","sa3018107",674868
"Jay Groome","SDP",5,7,,4.970263510348687,24,23,0,0,,117.69999694824219,526,112,70,65,16,63,0,7,100,7.6465592466902885,4.817332325414881,1.5873015873015872,1.223449479470446,0.19011406844106463,0.11977186311787072,0.07034220532319391,0.24561403508771928,1.4868309646342226,0.2823529411764706,0.6880733944954128,,,5.018646351376998,0.2666643811177801,,,,,,,,,372.9799774169924,3.1689038834980425,370.49998474121094,3.147833426912797,,,,,,,,,,,,,,,,,,,"Jay Groome","sa917925",666130
"Manuel Rodríguez","TBR",4,4,,3.7636363636363637,56,0,2.315000057220459,12.861200332641602,,55,235,48,25,23,5,21,1,5,54,8.836363636363636,3.4363636363636365,2.5714285714285716,0.8181818181818182,0.2297872340425532,0.08936170212765958,0.1404255319148936,0.22966507177033493,1.2545454545454546,0.2866666666666667,0.7096774193548387,,,3.8028434146534313,0.2662655860797803,,,,,,,,,313.7198016166687,5.70399639303034,303.0198016166687,5.5094509384848855,,,,,,,,,,,,,,,,,,,"Manuel Rodriguez","20794",655889
"Kent Emanuel","MIA",2,3,,4.631217899371164,20,8,0,0,,58.29999923706055,257,66,32,30,8,16,0,4,40,6.174957199161552,2.4699828796646206,2.5,1.2349914398323103,0.1556420233463035,0.0622568093385214,0.0933852140077821,0.27848101265822783,1.406518028697909,0.30687830687830686,0.7062146892655368,,,4.607303124760824,0.2653371533881316,,,,,,,,,181.41999435424808,3.111835278360034,207.49999618530273,3.5591766535289713,,,,,,,,,,,,,,,,,,,"Kent Emanuel","15849",592288
"Luis Frías","CLE",3,4,,4.36741761989471,39,5,0,0.6672999858856201,,57.70000076293945,255,55,30,28,7,27,0,2,58,9.046793641210472,4.211438419184185,2.1481481481481484,1.0918544049736776,0.22745098039215686,0.10588235294117647,0.12156862745098039,0.24336283185840707,1.4211438286958977,0.2981366459627329,0.7202216066481995,,,4.241003160962303,0.2649121024070085,,,,,,,,,229.5492055892945,3.978322401283802,229.16920375823975,3.971736581075307,,,,,,,,,,,,,,,,,,,"Luis Frias","21997",666818
"Connor Gillispie","MIA",4,6,,4.6693793056987305,26,14,0,0.6065999865531921,,98.30000305175781,433,101,55,51,14,40,0,6,77,7.049847187035338,3.6622582789793965,1.925,1.281790397642789,0.17782909930715934,0.09237875288683603,0.08545034642032331,0.26098191214470284,1.4343844926002636,0.2939189189189189,0.7084019769357496,,,4.85518776248585,0.2647066028789316,,,,,,,,,311.04642252922054,3.1642564890404485,327.92641520500183,3.335975636057092,,,,,,,,,,,,,,,,,,,"Connor Gillispie","26171",687362
"Jonathan Heasley","CHW",3,5,,5.124554974627513,26,14,0,0.6122000217437744,,84.30000305175781,371,89,52,48,13,32,0,4,65,6.939501528141424,3.4163699830850085,2.03125,1.3879003056282846,0.1752021563342318,0.0862533692722372,0.0889487870619946,0.2656716417910448,1.4353498887266876,0.29571984435797666,0.6712062256809339,,,4.910251957156102,0.2635865323606699,,,,,,,,,256.96882266998296,3.0482658762445287,276.94881534576416,3.285276456938269,,,,,,,,,,,,,,,,,,,"Jonathan Heasley","22224",669169
"Tayler Scott","HOU",5,4,,3.6315789473684212,52,1,1.0870000123977661,16.094100952148438,,57,244,50,25,23,6,25,1,3,58,9.157894736842104,3.9473684210526314,2.32,0.9473684210526315,0.23770491803278687,0.10245901639344263,0.13524590163934425,0.23148148148148148,1.3157894736842106,0.2894736842105263,0.7507507507507508,,,3.973497322149444,0.26352471237322056,,,,,,,,,319.8114038705825,5.6107263836944306,308.8114038705826,5.41774392755408,,,,,,,,,,,,,,,,,,,"Tayler Scott","13652",605463
"Tristan Stevens","MIA",4,7,,4.8109519515236014,22,13,0,0,,76.69999694824219,341,89,44,41,11,23,0,2,46,5.397653409026479,2.6988267045132397,2,1.290743206506332,0.1348973607038123,0.06744868035190615,0.06744868035190615,0.28164556962025317,1.4602347386738301,0.30115830115830117,0.7039337474120083,,,4.809243859297854,0.2627832323101947,,,,,,,,,217.87997741699215,2.8406777846942997,257.49998474121094,3.357235918991941,,,,,,,,,,,,,,,,,,,"Tristan Stevens","sa3019881",688306
"Wil Jensen","CHC",4,5,,4.3742404210313195,30,8,0,0,,82.30000305175781,358,83,43,40,12,30,0,2,69,7.545564726279027,3.28068031577349,2.3,1.312272126309396,0.19273743016759776,0.08379888268156424,0.10893854748603352,0.254601226993865,1.3730254654903864,0.2897959183673469,0.7276507276507276,,,4.55165591161638,0.26013774516854704,,,,,,,,,287.6200225830078,3.4947753574459273,297.50001525878906,3.6148238666734156,,,,,,,,,,,,,,,,,,,"Wil Jensen","sa3014786",669192
"Nick Nastrini","CHW",5,10,,5.216191498790738,26,23,0,0.6122000217437744,,108.69999694824219,489,106,68,63,16,60,0,6,98,8.114075664785592,4.96780142741975,1.6333333333333333,1.3247470473119334,0.20040899795501022,0.12269938650306748,0.07770961145194273,0.25059101654846333,1.527138957317923,0.2912621359223301,0.6824512534818942,,,5.098402555619698,0.2596846098518447,,,,,,,,,332.42877750396735,3.0582225099992804,335.94878482818604,3.0906052829803574,,,,,,,,,,,,,,,,,,,"Nick Nastrini","29833",680897
"Aaron Shortridge","PIT",4,7,,4.95,19,15,0,0,,80,357,89,48,44,11,30,0,3,51,5.7375,3.375,1.7,1.2375,0.14285714285714285,0.08403361344537816,0.05882352941176469,0.27469135802469136,1.4875,0.29770992366412213,0.6853281853281854,,,4.916479778289795,0.25957457906186054,,,,,,,,,228.29999999999998,2.85375,260,3.25,,,,,,,,,,,,,,,,,,,"Aaron Shortridge","sa3006759",663336
"Brooks Raley","NYM",1,1,,3.923705640502729,44,0,0,0,,36.70000076293945,157,31,17,16,3,16,1,3,38,9.318800896193983,3.923705640502729,2.375,0.7356948075942618,0.24203821656050956,0.10191082802547771,0.14012738853503184,0.2246376811594203,1.280653924330752,0.28865979381443296,0.7009345794392524,,,3.7114388950262853,0.2569863495861717,,,,,,,,,173.08000564575195,4.716076350072786,163.50000381469727,4.45504088326351,,,,,,,,,,,,,,,,,,,"Brooks Raley","10061",548384
"Sean Reid-Foley","NYM",2,2,,3.9705882352941178,36,0,0,0.6718999743461609,,34,148,27,16,15,3,20,0,0,41,10.852941176470589,5.294117647058823,2.05,0.7941176470588235,0.27702702702702703,0.13513513513513514,0.14189189189189189,0.2109375,1.3823529411764706,0.2857142857142857,0.7242990654205608,,,3.666479778289795,0.25585304985014584,,,,,,,,,169.18759989738464,4.976105879334843,155.68759989738464,4.579047055805431,,,,,,,,,,,,,,,,,,,"Sean Reid-Foley","17034",656887
"Chad Green","TOR",5,4,,3.7058823529411766,50,0,4.1479997634887695,12.077799797058105,,51,206,45,23,21,7,14,2,1,48,8.470588235294118,2.4705882352941178,3.4285714285714284,1.2352941176470589,0.23300970873786409,0.06796116504854369,0.1650485436893204,0.2356020942408377,1.1568627450980393,0.27941176470588236,0.7317073170731707,,,3.950793503779991,0.25536575005169754,,,,,,,,,294.3511980056763,5.771592117758359,284.05119800567627,5.569631333444633,,,,,,,,,,,,,,,,,,,"Chad Green","15552",643338
"James Kaprielian","TOR",4,5,,4.855263157894737,16,15,0,0,,76,333,76,44,41,12,32,0,3,61,7.223684210526316,3.789473684210526,1.90625,1.4210526315789473,0.1831831831831832,0.0960960960960961,0.0870870870870871,0.2550335570469799,1.4210526315789473,0.28444444444444444,0.7017543859649122,,,4.995427146710847,0.25533264150771684,,,,,,,,,234.19999999999996,3.0815789473684205,241,3.1710526315789473,,,,,,,,,,,,,,,,,,,"James Kaprielian","18331",621076
"Isaac Coffey","BOS",6,8,,4.946962537096736,23,20,0,0,,103.69999694824219,457,102,62,57,16,38,0,17,91,7.89778229606672,3.2979750247311577,2.3947368421052633,1.388621063044698,0.19912472647702406,0.08315098468271334,0.11597374179431072,0.2537313432835821,1.3500482557379008,0.29152542372881357,0.663265306122449,,,5.00833132718936,0.2532976949441249,,,,,,,,,322.3799774169923,3.1087751871188165,327.49998474121094,3.1581484511004354,,,,,,,,,,,,,,,,,,,"Isaac Coffey","sa3020222",806190
"Jack Dashwood","LAA",2,3,,4.692737363495819,20,4,0,0,,53.70000076293945,233,55,30,28,8,17,0,2,48,8.044692623135692,2.8491619706938907,2.823529411764706,1.3407821038559484,0.20600858369098712,0.07296137339055794,0.13304721030042918,0.2570093457943925,1.3407821038559484,0.2974683544303797,0.6907894736842105,,,4.3769080664930815,0.25272141040575297,,,,,,,,,194.98000564575193,3.630912530271611,203.50000381469727,3.789571711796713,,,,,,,,,,,,,,,,,,,"Jack Dashwood","sa3015035",669081
"Luis Perales","BOS",4,5,,5.112285542951881,18,18,0,0,,75.69999694824219,337,76,46,43,12,36,0,3,69,8.203434941015809,4.2800530127039,1.9166666666666667,1.4266843375679665,0.20474777448071216,0.10682492581602374,0.09792284866468842,0.2550335570469799,1.479524498218632,0.29493087557603687,0.6932773109243697,,,4.949835200249753,0.2526182077686343,,,,,,,,,235.97997741699217,3.1173049792635665,243.49998474121094,3.2166445780400417,,,,,,,,,,,,,,,,,,,"Luis Perales","28148",691384
"Ricardo Pinto","PHI",3,4,,5.146831772903927,19,8,0,0,,64.69999694824219,294,70,40,37,8,27,0,5,46,6.398763825772449,3.7557961586055684,1.7037037037037037,1.112828491438687,0.1564625850340136,0.09183673469387756,0.06462585034013606,0.26717557251908397,1.499227273188231,0.2980769230769231,0.6643356643356644,,,4.835722515447825,0.2514398589623002,,,,,,,,,194.37997741699223,3.0043274588171873,215.49998474121094,3.3307572628419697,,,,,,,,,,,,,,,,,,,"Ricardo Pinto","16318",620982
"Cory Abbott","CHW",3,6,,4.993395181487883,28,12,0,0,,75.69999694824219,335,75,45,42,12,34,0,4,72,8.5601060254078,4.042272289775905,2.1176470588235294,1.4266843375679665,0.21492537313432836,0.10149253731343283,0.11343283582089553,0.25252525252525254,1.439894377730633,0.29577464788732394,0.6941431670281996,,,4.830944838785756,0.2513780686083443,,,,,,,,,247.57997741699216,3.270541445150496,252.49998474121094,3.335534939504039,,,,,,,,,,,,,,,,,,,"Cory Abbott","20277",676265
"Tyler Alexander","MIL",6,7,,4.732758620689655,27,12,0,0.6028000116348267,,116,487,118,66,61,23,26,1,4,97,7.525862068965517,2.0172413793103448,3.730769230769231,1.7844827586206897,0.19917864476386038,0.053388090349075976,0.1457905544147844,0.25820568927789933,1.2413793103448276,0.2818991097922849,0.6976744186046511,,,4.847514261048416,0.25099211931813736,,,,,,,,,375.1112000465393,3.233717241780511,387.4112000465393,3.339751724539132,,,,,,,,,,,,,,,,,,,"Tyler Alexander","17735",641302
"Rich Hill","BOS",6,10,,5.219552741746569,26,23,0,0,,120.69999694824219,530,129,76,70,21,42,0,8,98,7.307373838445196,3.131731645047941,2.3333333333333335,1.5658658225239706,0.18490566037735848,0.07924528301886792,0.10566037735849056,0.26875,1.4167357441883544,0.29916897506925205,0.67090395480226,,,5.047175766188955,0.2507734975631553,,,,,,,,,345.4799774169922,2.862303116421277,376.49998474121094,3.1193040121008395,,,,,,,,,,,,,,,,,,,"Rich Hill","4806",448179
"Lyon Richardson","CIN",3,4,,5.300113067104626,25,20,0,0.6014000177383423,,88.30000305175781,396,88,56,52,14,45,0,6,80,8.154020103237887,4.586636308071312,1.7777777777777777,1.4269535180666302,0.20202020202020202,0.11363636363636363,0.08838383838383838,0.25507246376811593,1.5062287135147765,0.2948207171314741,0.6790123456790124,,,5.148359664493448,0.24988318703420076,,,,,,,,,261.82562265396115,2.9651824870321892,268.90561532974243,3.0453636017670473,,,,,,,,,,,,,,,,,,,"Lyon Richardson","24581",680689
"Andrew Kittredge","BAL",5,4,,3.612565493126854,59,0,0,0.6330999732017517,,57.29999923706055,235,55,25,23,8,14,2,1,52,8.167539375765061,2.198952908859824,3.7142857142857144,1.256544519348471,0.22127659574468084,0.059574468085106386,0.16170212765957445,0.25,1.2041884977089514,0.29375,0.7612456747404844,,,3.9518201028825892,0.24984440297539745,,,,,,,,,244.1523942470551,4.260949345513114,244.03239607810974,4.258855136603112,,,,,,,,,,,,,,,,,,,"Andrew Kittredge","12828",552640
"Cruz Noriega","KCR",4,5,,4.695652173913044,28,9,0,0,,69,300,75,39,36,10,19,0,3,45,5.869565217391305,2.4782608695652173,2.3684210526315788,1.3043478260869565,0.15,0.06333333333333334,0.08666666666666666,0.2697841726618705,1.3623188405797102,0.2914798206278027,0.6875,,,4.702711662347766,0.24981447849963595,,,,,,,,,216.60000000000002,3.1391304347826092,239,3.463768115942029,,,,,,,,,,,,,,,,,,,"Cruz Noriega","sa3005702",679200
"Owen White","CHW",3,7,,5.300113067104626,26,15,0,0.6122000217437744,,88.30000305175781,399,96,56,52,12,36,0,6,62,6.319365580009363,3.6693090464570495,1.7222222222222223,1.223103015485683,0.15538847117794485,0.09022556390977443,0.06516290726817042,0.2689075630252101,1.4949036855936126,0.2968197879858657,0.6597222222222222,,,4.955834189833665,0.24969235890182584,,,,,,,,,256.6688226699829,2.9067815832297788,285.94881534576416,3.2383783178144716,,,,,,,,,,,,,,,,,,,"Owen White","22273",669391
"Brent Suter","CIN",2,2,,4.426229508196721,47,2,1.0720000267028809,10.266300201416016,,61,261,64,32,30,8,18,0,2,47,6.934426229508197,2.6557377049180326,2.611111111111111,1.180327868852459,0.18007662835249041,0.06896551724137931,0.1111111111111111,0.26556016597510373,1.3442622950819672,0.3010752688172043,0.7062146892655368,,,4.314020761896352,0.2491855112047039,,,,,,,,,267.0252009391786,4.377462310478338,281.42520093917847,4.613527884248827,,,,,,,,,,,,,,,,,,,"Brent Suter","13942",608718
"Carlos Duran","LAD",4,5,,5.020920715796848,24,24,0,0,,71.69999694824219,322,69,43,40,11,32,0,9,66,8.2845191810648,4.016736572637479,2.0625,1.3807531968441333,0.20496894409937888,0.09937888198757763,0.10559006211180125,0.24555160142348753,1.4086472008207824,0.28431372549019607,0.677570093457944,,,5.035378044725289,0.24858908924503043,,,,,,,,,224.87997741699215,3.136401492169176,224.49998474121094,3.1311017335645066,,,,,,,,,,,,,,,,,,,"Carlos Duran","24458",679922
"Duncan Davitt","TBR",6,8,,4.885004736962754,24,21,0,0,,108.69999694824219,477,114,64,59,17,36,0,7,82,6.789328617473658,2.98068085645185,2.2777777777777777,1.407543737768929,0.1719077568134172,0.07547169811320754,0.09643605870020965,0.2626728110599078,1.3799448409499306,0.28955223880597014,0.6814580031695721,,,4.877611381067709,0.24834735703937766,,,,,,,,,333.8799774169922,3.0715730155537178,357.49998474121094,3.2888683972220862,,,,,,,,,,,,,,,,,,,"Duncan Davitt","31886",701474
"Yonny Chirinos","MIA",5,9,,5.013476951483222,22,20,0,0,,111.30000305175781,497,127,67,62,17,38,0,6,73,5.902964797714116,3.0727761960703615,1.9210526315789473,1.3746630350841091,0.14688128772635814,0.07645875251509054,0.0704225352112676,0.2803532008830022,1.482479743718157,0.30303030303030304,0.6940509915014165,,,5.02631800222712,0.24664017633370827,,,,,,,,,298.32002258300787,2.6803235795445595,349.50001525878906,3.140161776062676,,,,,,,,,,,,,,,,,,,"Yonny Chirinos","16401",630023
"Connor McCullough","CHW",4,8,,5.142857142857143,17,16,0,0,,77,329,83,48,44,15,19,0,4,60,7.012987012987013,2.220779220779221,3.1578947368421053,1.7532467532467533,0.182370820668693,0.057750759878419454,0.12462006079027355,0.27124183006535946,1.3246753246753247,0.2943722943722944,0.6666666666666666,,,5.036609648419665,0.24640524614822445,,,,,,,,,220.50000000000006,2.863636363636364,241,3.1298701298701297,,,,,,,,,,,,,,,,,,,"Connor McCullough","sa3020603",681410
"Andrew Walters","CLE",3,3,,3.8135593220338984,60,1,0,4.448400020599365,,59,250,47,27,25,6,30,0,4,66,10.067796610169491,4.576271186440678,2.2,0.9152542372881356,0.264,0.12,0.14400000000000002,0.2175925925925926,1.305084745762712,0.2847222222222222,0.728862973760933,,,3.9800391003236935,0.24587751431824928,,,,,,,,,288.3936000823975,4.888027120040635,264.79360008239746,4.488027120040635,,,,,,,,,,,,,,,,,,,"Andrew Walters","33834",689958
"Winston Santos","TEX",6,10,,5.326530612244898,22,21,0,0,,98,428,99,63,58,16,31,0,11,75,6.887755102040816,2.8469387755102042,2.4193548387096775,1.469387755102041,0.17523364485981308,0.07242990654205607,0.102803738317757,0.25647668393782386,1.3265306122448979,0.28135593220338984,0.6226765799256506,,,5.044030798697959,0.2456771565108382,,,,,,,,,295.00000000000006,3.010204081632654,306,3.122448979591837,,,,,,,,,,,,,,,,,,,"Winston Santos","28489",692437
"Jackson Stephens","ATL",4,3,,4.082073501390387,29,2,0,0,,46.29999923706055,200,46,23,21,5,14,1,4,39,7.580993645439291,2.721382334260258,2.7857142857142856,0.9719222622358065,0.195,0.07,0.125,0.25274725274725274,1.295896349647742,0.2971014492753623,0.6981132075471698,,,4.0520089505490855,0.24278366727849787,,,,,,,,,185.519994354248,4.006911391172328,190.49999618530273,4.11447082774071,,,,,,,,,,,,,,,,,,,"Jackson Stephens","14420",623451
"Valente Bellozo","MIA",5,8,,4.887931034482759,24,21,0,0.6065999865531921,,116,507,127,68,63,20,39,1,3,85,6.594827586206897,3.0258620689655173,2.1794871794871793,1.5517241379310345,0.16765285996055226,0.07692307692307693,0.09072978303747534,0.2731182795698925,1.4310344827586208,0.2972222222222222,0.7101449275362319,,,5.028548743807036,0.24248837523856956,,,,,,,,,328.62639994621287,2.8329862064328695,366.42639994621277,3.1588482753983858,,,,,,,,,,,,,,,,,,,"Valente Bellozo","23899",678368
"Seth Johnson","PHI",4,7,,5.3544303797468356,22,22,0,0.593999981880188,,79,362,85,51,47,12,38,0,2,61,6.949367088607595,4.329113924050633,1.605263157894737,1.3670886075949367,0.1685082872928177,0.10497237569060773,0.06353591160220996,0.2639751552795031,1.5569620253164558,0.2931726907630522,0.6779661016949152,,,5.11584686689739,0.24216452889407883,,,,,,,,,220.37599992752075,2.7895696193357056,243.37599992752075,3.080708859842035,,,,,,,,,,,,,,,,,,,"Seth Johnson","26020",686751
"Trevor Richards","CHC",2,2,,4.249578469513846,50,2,0,0.6420999765396118,,59.29999923706055,248,49,30,28,8,26,1,1,66,10.016863535282637,3.9460371502628573,2.5384615384615383,1.214165277003956,0.2661290322580645,0.10483870967741936,0.16129032258064513,0.22171945701357465,1.2647554968791208,0.2789115646258503,0.7053291536050157,,,4.060240329417708,0.2419653133111726,,,,,,,,,266.58839426040663,4.495588493933701,246.06839609146118,4.149551420865391,,,,,,,,,,,,,,,,,,,"Trevor Richards","19309",670950
"Tate Kuehner","MIL",5,6,,4.846153846153846,22,18,0,0,,91,410,87,53,49,12,47,0,7,78,7.714285714285714,4.648351648351649,1.6595744680851063,1.1868131868131868,0.1902439024390244,0.11463414634146342,0.07560975609756097,0.2443820224719101,1.4725274725274726,0.2819548872180451,0.6911262798634812,,,4.946699558509575,0.24129876363591396,,,,,,,,,293.5999999999999,3.2263736263736256,293,3.21978021978022,,,,,,,,,,,,,,,,,,,"Tate Kuehner","sa3023099",804249
"Trey Dombroski","HOU",7,9,,4.717368814015754,23,16,0,0,,97.30000305175781,425,103,55,51,17,32,0,2,77,7.12230193488653,2.959917687225571,2.40625,1.5724562713385848,0.1811764705882353,0.07529411764705882,0.10588235294117648,0.26342710997442453,1.3874614158869865,0.2895622895622896,0.7194244604316546,,,4.903375921140912,0.2406754958075765,,,,,,,,,295.1200225830078,3.0330936621453293,317.50001525878906,3.2631038571488835,,,,,,,,,,,,,,,,,,,"Trey Dombroski","sa3020833",690667
"Luis Patiño","SDP",3,4,,4.666666666666667,16,11,0,0.6158000230789185,,54,232,52,30,28,8,21,1,2,44,7.333333333333333,3.5,2.0952380952380953,1.3333333333333333,0.1896551724137931,0.09051724137931035,0.09913793103448275,0.24880382775119617,1.3518518518518519,0.2802547770700637,0.6957928802588997,,,4.7405538523638695,0.2394623539198518,,,,,,,,,187.4632000923157,3.4715407424502907,187.46320009231567,3.47154074245029,,,,,,,,,,,,,,,,,,,"Luis Patino","22815",672715
"TJ Shook","NYM",6,9,,4.8557090943343555,25,12,0,0,,79.69999694824219,352,76,46,43,11,34,0,8,70,7.9046427117070905,3.839397888543444,2.0588235294117645,1.2421581404111144,0.19886363636363635,0.09659090909090909,0.10227272727272727,0.24516129032258063,1.3801757115679048,0.2838427947598253,0.6765327695560254,,,4.785049476401247,0.23943442307486615,,,,,,,,,270.87997741699223,3.3987451416454113,269.49998474121094,3.381430301888548,,,,,,,,,,,,,,,,,,,"TJ Shook","27567",669298
"Randy Rodríguez","SFG",3,3,,4.084278717730027,41,3,0,9.824399948120117,,61.70000076293945,270,55,30,28,6,30,0,5,63,9.18962711489256,4.3760129118536,2.1,0.8752025823707199,0.23333333333333334,0.1111111111111111,0.12222222222222223,0.23404255319148937,1.3776336944724294,0.29518072289156627,0.7180156657963447,,,4.090304726347777,0.23891852200431724,,,,,,,,,300.0776054382324,4.863494355391907,290.79760360717773,4.71308914118924,,,,,,,,,,,,,,,,,,,"Randy Rodriguez","23974",678495
"Jesus Tinoco","MIA",1,2,,4.013722179455009,46,1,6.578999996185303,10.529500007629395,,58.29999923706055,250,55,28,26,7,23,0,2,57,8.799314008805212,3.5506003895178924,2.4782608695652173,1.0806175098532715,0.228,0.092,0.136,0.24444444444444444,1.3379073931516696,0.2981366459627329,0.7331378299120235,,,4.058418040390908,0.23828538712723452,,,,,,,,,316.3329943656921,5.425951946918781,314.5129961967468,5.394734139152699,,,,,,,,,,,,,,,,,,,"Jesus Tinoco","16300",622786
"Huascar Brazobán","NYM",3,2,,3.9779006083774826,41,0,0,0.6718999743461609,,54.29999923706055,237,46,26,24,5,28,1,3,58,9.613259803578917,4.6408840431070635,2.0714285714285716,0.8287292934119755,0.24472573839662448,0.11814345991561181,0.12658227848101267,0.22330097087378642,1.362799282499693,0.2867132867132867,0.7164179104477612,,,3.9399604521409723,0.23666157000063148,,,,,,,,,246.40759425163276,4.537893143900009,232.18759608268738,4.2760147209029045,,,,,,,,,,,,,,,,,,,"Huascar Brazoban","6107",623211
"Kyle Leahy","STL",4,5,,4.270462478856261,39,6,0,9.957900047302246,,84.30000305175781,367,84,43,40,10,32,0,4,66,7.04626309011283,3.4163699830850085,2.0625,1.0676156197140652,0.17983651226158037,0.08719346049046321,0.09264305177111716,0.2537764350453172,1.376037909853684,0.2901960784313726,0.7156862745098039,,,4.423893730397472,0.23626724387147235,,,,,,,,,346.2516227722168,4.107373786921789,355.33161544799805,4.215084253672381,,,,,,,,,,,,,,,,,,,"Kyle Leahy","24763",681517
"Jackson Kowar","SEA",4,5,,4.6189733422085855,26,9,0,0.6220999956130981,,64.30000305175781,289,62,36,33,8,31,0,5,64,8.958008906101497,4.339035563892913,2.064516129032258,1.1197511132626872,0.22145328719723184,0.10726643598615918,0.11418685121107267,0.2450592885375494,1.4463451879643043,0.2983425414364641,0.6968215158924206,,,4.472856077096264,0.23608930317720359,,,,,,,,,238.7084225654602,3.7124169710118617,239.98841524124146,3.7323235435628916,,,,,,,,,,,,,,,,,,,"Jackson Kowar","21549",663804
"Emiliano Teodo","TEX",4,5,,5.139442022784431,20,17,0,0,,75.30000305175781,337,69,46,43,11,41,0,5,73,8.725099247982872,4.900398207771202,1.7804878048780488,1.3147409825727614,0.2166172106824926,0.12166172106824925,0.09495548961424334,0.23711340206185566,1.4608233139697349,0.28019323671497587,0.6765327695560254,,,4.959308390889015,0.23445103942465476,,,,,,,,,250.52002258300777,3.326958996413475,241.50001525878906,3.2071713874007797,,,,,,,,,,,,,,,,,,,"Emiliano Teodo","27999",693713
"Trevor Gott","SEA",2,2,,3.853904208053008,42,0,0,0.6220999956130981,,39.70000076293945,169,36,18,17,4,14,1,2,40,9.068009901301195,3.1738034654554186,2.857142857142857,0.9068009901301196,0.23668639053254437,0.08284023668639054,0.15384615384615383,0.23529411764705882,1.259445819625166,0.29357798165137616,0.7207207207207208,,,3.670258106139862,0.2342903774801544,,,,,,,,,185.46840562820432,4.671748162819731,180.98840379714966,4.558901771259033,,,,,,,,,,,,,,,,,,,"Trevor Gott","15046",641627
"J.J. Niekro","ATL",3,4,,4.795737187546307,12,10,0,0,,56.29999923706055,251,62,32,30,8,21,0,1,40,6.394316250061744,3.357016031282415,1.9047619047619047,1.2788632500123487,0.1593625498007968,0.08366533864541832,0.07569721115537849,0.27074235807860264,1.4742451354309019,0.2983425414364641,0.7103064066852368,,,4.7650588408052315,0.232335828954703,,,,,,,,,171.0199943542481,3.037655358291212,191.49999618530273,3.401420937484564,,,,,,,,,,,,,,,,,,,"J.J. Niekro","sa3017129",673908
"Taylor Clarke","KCR",3,3,,4.745454545454545,29,9,0,0.6407999992370605,,55,246,60,31,29,8,19,1,2,43,7.036363636363636,3.109090909090909,2.263157894736842,1.309090909090909,0.17479674796747968,0.07723577235772358,0.0975609756097561,0.26666666666666666,1.4363636363636363,0.2988505747126437,0.7079646017699115,,,4.639207051017068,0.23105451660367096,,,,,,,,,178.16319999694826,3.239330909035423,196.56319999694824,3.5738763635808772,,,,,,,,,,,,,,,,,,,"Taylor Clarke","17611",664199
"Jorge López","WSN",3,4,,4.5,48,3,4.693999767303467,10.899499893188477,,62,274,61,34,31,7,24,2,6,55,7.983870967741935,3.4838709677419355,2.2916666666666665,1.0161290322580645,0.20072992700729927,0.08759124087591241,0.11313868613138686,0.25,1.3709677419354838,0.2967032967032967,0.6781914893617021,,,4.311641068612376,0.2309154373231062,,,,,,,,,301.16799840927115,4.857548361439857,306.06799840927124,4.936580619504375,,,,,,,,,,,,,,,,,,,"Jorge Lopez","14527",605347
"Casey Legumina","SEA",3,4,,4.151565021953991,37,3,0,0.6220999956130981,,60.70000076293945,262,59,30,28,7,21,0,3,53,7.858319505841483,3.113673766465493,2.5238095238095237,1.0378912554884978,0.20229007633587787,0.08015267175572519,0.12213740458015268,0.24789915966386555,1.3179571498266638,0.29213483146067415,0.7122507122507122,,,4.105524247541293,0.2291347100202043,,,,,,,,,246.16840562820434,4.055492628239028,248.98840379714966,4.101950587604773,,,,,,,,,,,,,,,,,,,"Casey Legumina","25921",668984
"Taylor Rogers","CIN",3,3,,4.563894593954873,54,0,5.360000133514404,12.388400077819824,,49.29999923706055,218,46,27,25,7,21,2,4,60,10.953347025491695,3.8336714589220935,2.857142857142857,1.2778904863073646,0.27522935779816515,0.0963302752293578,0.17889908256880735,0.23834196891191708,1.3590263901998956,0.30952380952380953,0.6993006993006993,,,4.099542673053903,0.22876603321267763,,,,,,,,,280.47359533309935,5.689119668834751,276.85359716415405,5.61569171295308,,,,,,,,,,,,,,,,,,,"Taylor Rogers","13449",573124
"Jack Dreyer","LAD",4,3,,4.0754716981132075,44,0,0,0.7239999771118164,,53,222,47,26,24,8,19,0,0,57,9.679245283018869,3.2264150943396226,3,1.3584905660377358,0.25675675675675674,0.08558558558558559,0.17117117117117114,0.2315270935960591,1.2452830188679245,0.2826086956521739,0.7299270072992701,,,4.053272231119983,0.22794421465703316,,,,,,,,,231.49599990844735,4.367849054876365,220.89599990844727,4.167849054876363,,,,,,,,,,,,,,,,,,,"Jack Dreyer","30249",676263
"Tyler Gilbert","CHW",3,4,,4.857571436643652,34,6,0.9819999933242798,10.715299606323242,,66.69999694824219,287,69,39,36,10,21,0,3,54,7.2863571549654775,2.8335833380421303,2.5714285714285716,1.349325399067681,0.18815331010452963,0.07317073170731707,0.11498257839721256,0.2623574144486692,1.349325399067681,0.2964824120603015,0.6710526315789473,,,4.575775195093818,0.22636208935305208,,,,,,,,,274.95117580890667,4.122206722472012,287.2711831331253,4.306914486908324,,,,,,,,,,,,,,,,,,,"Tyler Gilbert","17964",656457
"Abner Uribe","MIL",2,1,,3.7417942482546507,44,0,0,6.6305999755859375,,45.70000076293945,194,32,21,19,4,28,1,3,56,11.028446205382128,5.514223102691064,2,0.7877461575272949,0.28865979381443296,0.14432989690721648,0.14432989690721648,0.19631901840490798,1.3129102625454916,0.27184466019417475,0.7169117647058824,,,3.8885804226898153,0.2262716103173409,,,,,,,,,251.30240554809575,5.498958454107733,222.02240371704102,4.85825820591869,,,,,,,,,,,,,,,,,,,"Abner Uribe","25327",682842
"Ben Kudrna","KCR",5,8,,5.082765486965621,22,21,0,0,,102.69999694824219,462,110,63,58,15,45,0,4,71,6.222006027147571,3.9435249467836715,1.5777777777777777,1.3145083155945572,0.15367965367965367,0.09740259740259741,0.05627705627705626,0.26634382566585957,1.5092502882752323,0.290519877675841,0.6865671641791045,,,5.113899505096547,0.22441676072728697,,,,,,,,,284.47997741699226,2.7700095995169494,313.49998474121094,3.0525802731932488,,,,,,,,,,,,,,,,,,,"Ben Kudrna","sa3018253",695667
"Franco Aleman","CLE",4,3,,3.9225182322674073,29,2,0,0,,41.29999923706055,178,37,19,18,5,15,0,4,43,9.370460221527695,3.2687651935561726,2.8666666666666667,1.0895883978520575,0.24157303370786518,0.08426966292134831,0.15730337078651685,0.23270440251572327,1.259079926406822,0.2882882882882883,0.7333333333333333,,,4.038150496571441,0.2235098823988924,,,,,,,,,176.91999435424805,4.283777182143115,170.49999618530273,4.128329281718354,,,,,,,,,,,,,,,,,,,"Franco Aleman","30195",680916
"Justin Armbruester","BAL",5,8,,4.910630150648599,25,22,0,0,,106.30000305175781,468,107,63,58,16,43,0,9,83,7.027281077652305,3.640639594446375,1.930232558139535,1.3546565932823722,0.17735042735042736,0.09188034188034189,0.08547008547008547,0.25721153846153844,1.411100618002471,0.2870662460567823,0.6818181818181819,,,5.029132594053056,0.222428356260483,,,,,,,,,321.6200225830078,3.02558808419234,333.50001525878906,3.1373471842367384,,,,,,,,,,,,,,,,,,,"Justin Armbruester","sa3017548",701859
"Ian Gibaut","CIN",3,3,,4.563894593954873,47,1,0,0.6014000177383423,,49.29999923706055,218,49,27,25,6,20,2,3,48,8.762677620393356,3.6511156751638985,2.4,1.0953347025491695,0.22018348623853212,0.09174311926605505,0.12844036697247707,0.2512820512820513,1.3995943421461612,0.3049645390070922,0.693069306930693,,,4.200962552919567,0.2217136507877283,,,,,,,,,193.02559442520143,3.9153265195204567,197.9055962562561,4.014312359410414,,,,,,,,,,,,,,,,,,,"Ian Gibaut","17871",664139
"Declan Cronin","MIA",3,3,,4.173106842895076,52,0,0,0.6065999865531921,,64.69999694824219,288,66,32,30,6,25,1,5,56,7.789799440070809,3.4775890357458965,2.24,0.8346213685790151,0.19444444444444445,0.08680555555555555,0.1076388888888889,0.2558139534883721,1.4064915655683403,0.30612244897959184,0.7142857142857143,,,4.032013049408774,0.2194141908653014,,,,,,,,,257.806377363205,3.9846428056162257,269.9263846874237,4.171969048211173,,,,,,,,,,,,,,,,,,,"Declan Cronin","25645",686539
"Joe Kelly","LAD",2,2,,4.313099146665607,35,1,0,0,,31.299999237060547,138,27,16,15,3,16,1,3,36,10.351437951997458,4.600639089776648,2.25,0.8626198293331214,0.2608695652173913,0.11594202898550725,0.14492753623188404,0.226890756302521,1.3738019504194157,0.3,0.6958762886597939,,,3.9332529599192365,0.21711866030592986,,,,,,,,,139.51999435424807,4.45750791549702,132.49999618530273,4.233226818370559,,,,,,,,,,,,,,,,,,,"Joe Kelly","9761",523260
"José Ruiz","PHI",3,3,,4.476843969392125,55,1,0,11.457099914550781,,58.29999923706055,252,55,31,29,8,23,1,2,59,9.108061868763288,3.5506003895178924,2.5652173913043477,1.2349914398323103,0.23412698412698413,0.09126984126984126,0.14285714285714285,0.2422907488986784,1.3379073931516696,0.29375,0.7035928143712575,,,4.212791970369947,0.21663929614297822,,,,,,,,,278.8483940124512,4.782991383560618,276.32839584350586,4.7397667145739435,,,,,,,,,,,,,,,,,,,"Jose Ruiz","14552",614179
"Alek Jacob","SDP",2,2,,4.044943869759988,43,0,0,6.527500152587891,,62.29999923706055,265,55,30,28,7,23,0,5,61,8.81219914483426,3.3226324644457046,2.652173913043478,1.011235967439997,0.23018867924528302,0.08679245283018867,0.14339622641509436,0.2320675105485232,1.2520064358780916,0.28402366863905326,0.7038123167155425,,,4.017202100104396,0.2148570339635914,,,,,,,,,296.0299949645996,4.751685370623561,284.6099967956543,4.568378816710284,,,,,,,,,,,,,,,,,,,"Alek Jacob","29628",689690
"Ryan Thompson","ARI",5,3,,3.554757581471009,56,0,0,13.406700134277344,,55.70000076293945,231,54,24,22,6,15,2,2,44,7.109515162942018,2.4236983510029604,2.933333333333333,0.9694793404011842,0.19047619047619047,0.06493506493506493,0.12554112554112554,0.2523364485981308,1.238779157179291,0.2926829268292683,0.7425742574257426,,,3.9025659441499534,0.21429609758723966,,,,,,,,,288.6068061828613,5.181450668397274,291.12680435180664,5.226693004742484,,,,,,,,,,,,,,,,,,,"Ryan Thompson","16647",657044
"Carlos Peña","DET",5,8,,4.953270871067673,24,18,0,0,,96.30000305175781,429,100,57,53,14,40,0,6,69,6.448597926484329,3.73831763854164,1.725,1.308411173489574,0.16083916083916083,0.09324009324009325,0.06759906759906759,0.26109660574412535,1.4537901927661934,0.2866666666666667,0.6893687707641196,,,5.056407028885847,0.21317621537894565,,,,,,,,,280.42002258300784,2.911941990617509,299.50001525878906,3.1100727494039484,,,,,,,,,,,,,,,,,,,"Carlos Pena","sa3009519",685329
"Hayden Juenger","TOR",4,4,,4.285714096984683,49,4,0,0,,69.30000305175781,300,66,36,33,9,26,0,4,61,7.922077573214111,3.376623227927326,2.3461538461538463,1.168831117359459,0.20333333333333334,0.08666666666666667,0.11666666666666667,0.24444444444444444,1.3275612690996323,0.285,0.7052896725440806,,,4.393030950827499,0.21264312504130536,,,,,,,,,262.52002258300786,3.788167547221327,261.50001525878906,3.773448827462296,,,,,,,,,,,,,,,,,,,"Hayden Juenger","29640",696522
"Po-Yu Chen","PIT",5,8,,5.004212428573247,26,24,0,0,,118.69999694824219,531,130,71,66,17,43,0,10,76,5.762426432902527,3.2603202186159033,1.7674418604651163,1.2889638073597756,0.1431261770244821,0.08097928436911488,0.06214689265536723,0.2719665271966527,1.4574558083218379,0.2935064935064935,0.6836461126005362,,,5.087288589257303,0.21248583662255574,,,,,,,,,324.2799774169922,2.7319291133460677,365.49998474121094,3.0791911890324912,,,,,,,,,,,,,,,,,,,"Po-Yu Chen","sa3014699",696040
"Kyle Nicolas","PIT",3,4,,4.5,43,8,0,0.6169999837875366,,76,341,72,41,38,9,40,0,6,74,8.763157894736842,4.7368421052631575,1.85,1.0657894736842106,0.21700879765395895,0.11730205278592376,0.09970674486803519,0.2440677966101695,1.4736842105263157,0.2971698113207547,0.7142857142857142,,,4.5743745151319,0.20948080213829842,,,,,,,,,276.96799993515015,3.6443157886203967,275.46799993515015,3.6245789465151335,,,,,,,,,,,,,,,,,,,"Kyle Nicolas","27775",693312
"Colin Selby","BAL",2,2,,4.266365761963403,39,1,0,0.6330999732017517,,44.29999923706055,197,39,23,21,4,23,1,3,46,9.345372621443644,4.672686310721822,2,0.8126410975168387,0.233502538071066,0.116751269035533,0.116751269035533,0.22807017543859648,1.3995485568345556,0.2892561983471074,0.6914893617021277,,,4.024267603446458,0.20770201626900914,,,,,,,,,193.7523942470551,4.373643286317836,186.03239607810974,4.199376958961176,,,,,,,,,,,,,,,,,,,"Colin Selby","24986",681882
"Eric Reyzelman","NYY",1,1,,4.026315789473684,34,1,0,0,,38,163,31,18,17,5,18,0,2,45,10.657894736842104,4.2631578947368425,2.5,1.1842105263157894,0.27607361963190186,0.11042944785276074,0.16564417177914112,0.21678321678321677,1.2894736842105263,0.27956989247311825,0.7380952380952381,,,4.087532409868743,0.20611278847688339,,,,,,,,,169.09999999999997,4.449999999999999,155,4.078947368421052,,,,,,,,,,,,,,,,,,,"Eric Reyzelman","sa3020611",801432
"Tommy Kahnle","DET",1,2,,4.00468376919599,49,2,5.935999870300293,11.345999717712402,,42.70000076293945,179,35,21,19,5,20,1,2,45,9.484777348095765,4.215456599153673,2.25,1.0538641497884182,0.25139664804469275,0.11173184357541899,0.13966480446927376,0.2229299363057325,1.2880561830747335,0.2803738317757009,0.7083333333333334,,,4.126667114763688,0.20526330156797218,,,,,,,,,262.54400386810306,6.148571409300126,247.56400203704834,5.7977517005553825,,,,,,,,,,,,,,,,,,,"Tommy Kahnle","11384",592454
"Jimmy Joyce","SEA",5,5,,4.5,24,11,0,0,,60,266,58,32,30,7,23,0,8,50,7.5,3.45,2.1739130434782608,1.05,0.18796992481203006,0.08646616541353383,0.10150375939849623,0.24680851063829787,1.35,0.28651685393258425,0.6882022471910112,,,4.566479778289795,0.20502700634537308,,,,,,,,,214.09999999999997,3.568333333333333,216,3.6,,,,,,,,,,,,,,,,,,,"Jimmy Joyce","sa3016914",702460
"Cody Sedlock","DET",3,4,,4.959481300100746,20,10,0,0,,61.70000076293945,280,61,37,34,7,33,0,4,49,7.147487756027546,4.813614203038959,1.4848484848484849,1.0210696794325067,0.175,0.11785714285714285,0.057142857142857134,0.25102880658436216,1.5235007915342162,0.2887700534759358,0.676959619952494,,,4.852055122114885,0.2045158026873905,,,,,,,,,198.88000564575194,3.2233387874641752,204.50000381469727,3.3144246561749098,,,,,,,,,,,,,,,,,,,"Cody Sedlock","19357",642060
"Garrett Cleavinger","TBR",5,4,,3.7842778265598747,59,0,3.4719998836517334,15.359399795532227,,54.70000076293945,233,44,25,23,6,25,0,5,64,10.530164386949217,4.1133454636520375,2.56,0.9872029112764891,0.27467811158798283,0.1072961373390558,0.16738197424892703,0.21674876847290642,1.261425942186625,0.2857142857142857,0.7260726072607261,,,3.897741194050157,0.20345988041096702,,,,,,,,,333.3776042461395,6.094654471595744,312.29760241508484,5.709279672015541,,,,,,,,,,,,,,,,,,,"Garrett Cleavinger","17897",664076
"Carlos Carrasco","NYY",4,7,,5.460910346153743,18,18,0,0.6694999933242798,,85.69999694824219,383,94,56,52,16,31,0,5,72,7.561260479289799,3.2555427063608855,2.3225806451612905,1.6802801065088442,0.18798955613577023,0.08093994778067885,0.10704960835509138,0.27089337175792505,1.4585764813444828,0.30115830115830117,0.672514619883041,,,5.173481016619803,0.20328672230240355,,,,,,,,,231.6579773902893,2.703127020298463,259.17798471450806,3.02424730389473,,,,,,,,,,,,,,,,,,,"Carlos Carrasco","6632",471911
"Bailey Dees","NYY",5,6,,5.09433962264151,26,20,0,0,,106,468,106,65,60,17,45,0,7,83,7.047169811320755,3.8207547169811322,1.8444444444444446,1.4433962264150944,0.17735042735042736,0.09615384615384616,0.0811965811965812,0.2548076923076923,1.4245283018867925,0.28164556962025317,0.6761006289308176,,,5.157045816025644,0.20314035829346977,,,,,,,,,309.70000000000005,2.9216981132075475,319,3.009433962264151,,,,,,,,,,,,,,,,,,,"Bailey Dees","sa3017946",676442
"Max Lazar","PHI",3,3,,4.611005625845956,39,1,0,0.593999981880188,,52.70000076293945,226,53,29,27,7,16,0,1,43,7.343453404125041,2.7324477782790852,2.6875,1.1954459029970999,0.1902654867256637,0.07079646017699115,0.11946902654867256,0.2535885167464115,1.3092978937587283,0.2893081761006289,0.6756756756756757,,,4.229098358731662,0.20285533921328536,,,,,,,,,203.4560055732727,3.8606452111543486,209.87600374221802,3.9824668065244206,,,,,,,,,,,,,,,,,,,"Max Lazar","23426",676661
"Nick Ramirez","LAD",2,2,,4.2281878472963905,35,2,0,0,,44.70000076293945,195,48,23,21,5,14,1,1,31,6.241610631723244,2.818791898197594,2.2142857142857144,1.0067113922134263,0.15897435897435896,0.07179487179487179,0.08717948717948718,0.26666666666666666,1.3870245848273874,0.2986111111111111,0.7090909090909091,,,4.24030526331745,0.20210522881271636,,,,,,,,,161.48000564575193,3.612528028850375,175.50000381469727,3.9261745149723453,,,,,,,,,,,,,,,,,,,"Nick Ramirez","12575",598286
"Tony Santillan","CIN",4,5,,4.477611996951025,56,2,5.360000133514404,10.037199974060059,,60.29999923706055,262,53,32,30,8,29,1,5,67,10.000000126523958,4.328358263719325,2.310344827586207,1.1940298658536068,0.25572519083969464,0.11068702290076336,0.14503816793893126,0.2324561403508772,1.3598673472221634,0.29411764705882354,0.7062146892655368,,,4.360509644143402,0.19994267670983712,,,,,,,,,308.96879491806027,5.123860677068918,296.448796749115,4.916232180761235,,,,,,,,,,,,,,,,,,,"Tony Santillan","19926",663574
"Justin Topa","MIN",3,2,,3.793910939238306,48,0,0,6.50600004196167,,42.70000076293945,184,42,19,18,4,13,3,4,36,7.587821878476612,2.7400467894498877,2.769230769230769,0.8430913198307346,0.1956521739130435,0.07065217391304347,0.125,0.25149700598802394,1.2880561830747335,0.2992125984251969,0.728744939271255,,,3.892475081477372,0.19974092421298384,,,,,,,,,204.6040058135987,4.791662814001173,208.52400398254395,4.883466048167565,,,,,,,,,,,,,,,,,,,"Justin Topa","15145",623437
"Paul Sewald","CLE",3,2,,3.6933045964960645,48,0,1.1419999599456787,11.880499839782715,,46.29999923706055,189,38,21,19,7,15,2,2,54,10.49676043214671,2.9157667867074193,3.6,1.360691167130129,0.2857142857142857,0.07936507936507936,0.20634920634920634,0.22093023255813954,1.1447084421888387,0.27927927927927926,0.7407407407407407,,,3.900821043090182,0.19956751159609387,,,,,,,,,267.95199351310725,5.787300171241186,250.731995344162,5.415377958439903,,,,,,,,,,,,,,,,,,,"Paul Sewald","13892",623149
"Henry Baez","SDP",5,6,,4.871559633027523,24,23,0,0,,109,484,113,64,59,16,43,0,7,76,6.275229357798165,3.55045871559633,1.7674418604651163,1.3211009174311927,0.15702479338842976,0.08884297520661157,0.06818181818181819,0.26036866359447003,1.4311926605504588,0.28362573099415206,0.688622754491018,,,5.056388035170529,0.19945233207874202,,,,,,,,,317.99999999999994,2.91743119266055,339,3.110091743119266,,,,,,,,,,,,,,,,,,,"Henry Baez","sa3016584",692013
"Cole Henry","WSN",2,2,,4.829268292682927,16,13,0,0,,41,180,38,24,22,6,18,0,5,39,8.560975609756097,3.951219512195122,2.1666666666666665,1.3170731707317074,0.21666666666666667,0.1,0.11666666666666667,0.24203821656050956,1.3658536585365855,0.2857142857142857,0.6722689075630252,,,4.8494066075580875,0.19812592624023617,,,,,,,,,139.8,3.409756097560976,136,3.317073170731707,,,,,,,,,,,,,,,,,,,"Cole Henry","27570",669371
"Seranthony Domínguez","BAL",5,3,,3.9779006083774826,56,0,2.01200008392334,12.401000022888184,,54.29999923706055,229,47,26,24,7,24,1,1,60,9.944751520943706,3.9779006083774826,2.5,1.1602210107767659,0.26200873362445415,0.10480349344978165,0.1572052401746725,0.23039215686274508,1.3075506629388949,0.291970802919708,0.7352941176470588,,,4.013625278222037,0.1981008649582885,,,,,,,,,298.18399486541756,5.491418030479504,285.16399669647217,5.251639055306718,,,,,,,,,,,,,,,,,,,"Seranthony Dominguez","19249",622554
"Walter Pennington","TEX",5,5,,4.434782608695652,48,2,0,0.6265000104904175,,69,302,66,37,34,8,29,1,3,62,8.08695652173913,3.782608695652174,2.1379310344827585,1.0434782608695652,0.2052980132450331,0.09602649006622517,0.10927152317880794,0.24444444444444444,1.3768115942028984,0.29,0.6921241050119332,,,4.267929053652114,0.19784635467574208,,,,,,,,,271.1060000419617,3.9290724643762562,271.50600004196167,3.9348695658255313,,,,,,,,,,,,,,,,,,,"Walter Pennington","27624",679156
"Yerry De los Santos","NYY",3,2,,4.2314647961727205,47,1,0,0.6694999933242798,,55.29999923706055,235,52,28,26,6,20,1,3,44,7.160940424292296,3.254972920132862,2.2,0.9764918760398585,0.18723404255319148,0.0851063829787234,0.10212765957446808,0.24528301886792453,1.3019891680531448,0.2839506172839506,0.6918238993710691,,,4.233387568777789,0.1909331389323481,,,,,,,,,221.89799432754515,4.012622014266416,220.17799615859985,3.9815189728075544,,,,,,,,,,,,,,,,,,,"Yerry De los Santos","21420",660787
"Andrew Saalfrank","ARI",4,3,,3.6933045964960645,35,0,0,0.6502000093460083,,46.29999923706055,203,41,21,19,4,24,1,1,47,9.13606926501658,4.665226858731871,1.9583333333333333,0.7775378097886452,0.2315270935960591,0.11822660098522167,0.11330049261083744,0.2303370786516854,1.403887712118387,0.29133858267716534,0.7407407407407408,,,3.879222770596053,0.19085716737470193,,,,,,,,,208.42079439163206,4.501529110713309,201.10079622268677,4.343429795603903,,,,,,,,,,,,,,,,,,,"Andrew Saalfrank","26203",685314
"Calvin Faucher","MIA",2,3,,4.098671667418627,48,1,22.297000885009766,5.7322001457214355,,52.70000076293945,236,52,26,24,6,25,2,2,55,9.392789237834355,4.269449653561071,2.2,1.0246679168546569,0.2330508474576271,0.1059322033898305,0.1271186440677966,0.24880382775119617,1.4611005481075663,0.3108108108108108,0.7434402332361517,,,4.096271036176428,0.19041439575459868,,,,,,,,,344.3938106536865,6.534986824817595,348.91380882263184,6.620755289779818,,,,,,,,,,,,,,,,,,,"Calvin Faucher","20116",676534
"Jordi Martinez","PHI",2,3,,4.7928993361599215,27,6,0,0,,50.70000076293945,224,53,29,27,7,20,0,1,39,6.9230768188976635,3.5502958045629045,1.95,1.2426035315970165,0.17410714285714285,0.08928571428571429,0.08482142857142856,0.26108374384236455,1.439842187406067,0.2929936305732484,0.6962025316455696,,,4.665493562438577,0.18925777236598879,,,,,,,,,166.28000564575194,3.27968448014894,177.50000381469727,3.500986215851218,,,,,,,,,,,,,,,,,,,"Jordi Martinez","sa3006141",679025
"Trevor Stephan","CLE",5,4,,3.6,48,0,0,0.6672999858856201,,50,215,45,22,20,6,20,1,3,54,9.72,3.6,2.7,1.08,0.25116279069767444,0.09302325581395349,0.15813953488372096,0.234375,1.3,0.29545454545454547,0.7597173144876325,,,3.9464797782897953,0.18887627676478333,,,,,,,,,220.86919994354247,4.417383998870849,213.66919994354248,4.27338399887085,,,,,,,,,,,,,,,,,,,"Trevor Stephan","19932",663986
"Matt Tabor","SEA",4,5,,4.569230769230769,17,13,0,0,,65,282,64,36,33,9,23,1,6,51,7.061538461538461,3.1846153846153844,2.217391304347826,1.2461538461538462,0.18085106382978725,0.08156028368794327,0.09929078014184398,0.25296442687747034,1.3384615384615384,0.2849740932642487,0.6854838709677419,,,4.735710547520564,0.18818792347857105,,,,,,,,,218.9,3.367692307692308,223,3.4307692307692306,,,,,,,,,,,,,,,,,,,"Matt Tabor","sa3005334",675652
"Giovanny Gallegos","LAD",3,3,,4.370861000766055,45,1,0,0.7239999771118164,,45.29999923706055,192,42,24,22,7,15,0,1,47,9.337748501636572,2.9801325005223105,3.1333333333333333,1.3907285002437448,0.24479166666666666,0.078125,0.16666666666666666,0.23863636363636365,1.2582781668871976,0.28688524590163933,0.6991525423728813,,,4.159857278463899,0.1866634451710813,,,,,,,,,188.8159942626953,4.16812356385698,184.39599609375,4.070551858704958,,,,,,,,,,,,,,,,,,,"Giovanny Gallegos","14986",606149
"David Parkinson","PHI",3,5,,5.260483050237869,19,14,0,0,,78.69999694824219,351,86,50,46,12,29,0,5,52,5.946633013312373,3.316391488193439,1.793103448275862,1.3722999261490092,0.14814814814814814,0.08262108262108261,0.06552706552706553,0.27129337539432175,1.4612452917327412,0.2924901185770751,0.6619144602851323,,,5.123277821131901,0.18605833785388742,,,,,,,,,213.17997741699222,2.708767289498017,239.49998474121094,3.0432019571578945,,,,,,,,,,,,,,,,,,,"David Parkinson","sa3004857",663982
"Jose Fleury","HOU",3,3,,4.57831344005226,21,12,0,0,,74.69999694824219,325,73,41,38,12,31,0,3,66,7.9518075537749775,3.7349399116215802,2.129032258064516,1.4457831915954504,0.20307692307692307,0.09538461538461539,0.10769230769230768,0.2508591065292096,1.3922356659808042,0.2863849765258216,0.7224770642201834,,,4.853226835151154,0.1848116819161516,,,,,,,,,245.37997741699218,3.284872656514431,247.49998474121094,3.3132529431386413,,,,,,,,,,,,,,,,,,,"Jose Fleury","sa3019255",800067
"Dakota Hawkins","NYM",4,5,,4.8375,27,10,0,0,,80,357,85,46,43,11,30,0,2,55,6.1875,3.375,1.8333333333333333,1.2375,0.15406162464985995,0.08403361344537816,0.0700280112044818,0.26153846153846155,1.4375,0.2857142857142857,0.6927710843373495,,,4.778979778289795,0.1842234647650773,,,,,,,,,249.7,3.12125,271,3.3875,,,,,,,,,,,,,,,,,,,"Dakota Hawkins","sa3023103",809950
"Adam Ottavino","BOS",3,3,,4.198783026438483,54,0,0,0,,49.29999923706055,215,45,25,23,5,22,2,5,52,9.492900755426136,4.016227242680288,2.3636363636363638,0.9127789187909746,0.24186046511627907,0.10232558139534884,0.13953488372093023,0.2393617021276596,1.3590263901998956,0.3053435114503817,0.7,,,4.018406769161372,0.18281016372959263,,,,,,,,,209.31999435424808,4.245841736177855,204.49999618530273,4.1480730091284235,,,,,,,,,,,,,,,,,,,"Adam Ottavino","1247",493603
"Michael Kelly","OAK",3,2,,4.00468376919599,37,0,0,0.667900025844574,,42.70000076293945,183,40,21,19,4,16,1,2,39,8.220140368349663,3.3723652793229384,2.4375,0.8430913198307346,0.21311475409836064,0.08743169398907104,0.1256830601092896,0.24242424242424243,1.311475386403365,0.29508196721311475,0.6944444444444444,,,3.8222174714914776,0.18247231339432463,,,,,,,,,189.4516057491303,4.436805675974618,188.17160391807556,4.406829052832127,,,,,,,,,,,,,,,,,,,"Michael Kelly","12791",547184
"Adrián Martinez","OAK",4,6,,4.830805306212927,26,14,0,0,,85.69999694824219,379,89,50,46,12,32,0,5,66,6.9311554393489825,3.3605602130176884,2.0625,1.2602100798816331,0.1741424802110818,0.08443271767810026,0.08970976253298155,0.260233918128655,1.4119020339414594,0.2916666666666667,0.6813819577735124,,,4.741742378141836,0.181918573786105,,,,,,,,,276.1799774169922,3.2226369574294016,293.49998474121094,3.4247374001479587,,,,,,,,,,,,,,,,,,,"Adrian Martinez","21023",661309
"Jake Odorizzi","TBR",4,5,,4.9113231243087485,16,16,0,0,,73.30000305175781,324,78,43,40,11,28,1,3,55,6.753069295924529,3.437926187016124,1.9642857142857142,1.350613859184906,0.1697530864197531,0.08641975308641975,0.08333333333333334,0.26621160409556316,1.4461118088242426,0.29515418502202645,0.695364238410596,,,4.885442871797857,0.18187929734446276,,,,,,,,,221.3200225830078,3.0193726244012797,240.50001525878906,3.281036906491938,,,,,,,,,,,,,,,,,,,"Jake Odorizzi","6397",543606
"Jacob Miller","MIA",4,8,,5.053242832320684,23,23,0,0,,103.30000305175781,462,116,63,58,15,39,0,4,63,5.488867214417295,3.397870180353564,1.6153846153846154,1.3068731462898322,0.13636363636363635,0.08441558441558442,0.05194805194805194,0.27684964200477324,1.5004839827772147,0.2961876832844575,0.6865671641791045,,,5.083227059514883,0.1812493606340692,,,,,,,,,275.3200225830078,2.66524699370106,318.50001525878906,3.083252718774913,,,,,,,,,,,,,,,,,,,"Jacob Miller","sa3020111",702571
"Rob Zastryzny","NYY",2,3,,4.135135135135135,36,3,0,0,,37,159,35,18,17,5,13,0,2,34,8.27027027027027,3.1621621621621623,2.6153846153846154,1.2162162162162162,0.2138364779874214,0.08176100628930817,0.13207547169811323,0.24305555555555555,1.2972972972972974,0.2857142857142857,0.7317073170731707,,,4.30161491342493,0.1788339432971124,,,,,,,,,144.3,3.9000000000000004,143,3.864864864864865,,,,,,,,,,,,,,,,,,,"Rob Zastryzny","15094",642239
"Tim Hill","NYY",2,2,,4.326923076923077,51,0,0,10.49470043182373,,52,229,56,27,25,4,15,1,4,29,5.019230769230769,2.5961538461538463,1.9333333333333333,0.6923076923076923,0.12663755458515283,0.06550218340611354,0.06113537117903929,0.26666666666666666,1.3653846153846154,0.2937853107344633,0.6727828746177369,,,4.147249009059026,0.17876974587578146,,,,,,,,,232.97880172729495,4.480361571678749,250.97880172729492,4.826515417832595,,,,,,,,,,,,,,,,,,,"Tim Hill","16814",657612
"Jesse Chavez","ATL",2,2,,4.0588235294117645,40,1,0,0.6258999705314636,,51,221,51,25,23,6,19,1,1,46,8.117647058823529,3.3529411764705883,2.4210526315789473,1.0588235294117647,0.2081447963800905,0.08597285067873303,0.12217194570135748,0.2537313432835821,1.3725490196078431,0.30201342281879195,0.7305194805194805,,,4.068440562603521,0.17778747345082388,,,,,,,,,205.50359988212588,4.0294823506299196,211.50359988212585,4.1471294094534485,,,,,,,,,,,,,,,,,,,"Jesse Chavez","5448",445926
"Brett Kennedy","CIN",3,4,,5.459272024868388,15,11,0,0,,57.70000076293945,258,64,38,35,9,21,0,4,40,6.239168028421015,3.275563214921033,1.9047619047619047,1.4038128063947284,0.15503875968992248,0.08139534883720931,0.07364341085271317,0.27467811158798283,1.4731368955994062,0.29891304347826086,0.649171270718232,,,5.107554276020777,0.1776119353453579,,,,,,,,,154.880005645752,2.6842288318517835,176.50000381469727,3.0589255022690174,,,,,,,,,,,,,,,,,,,"Brett Kennedy","17877",664028
"Wes Parsons","CLE",2,4,,4.620123130906074,14,9,0,0,,48.70000076293945,218,48,27,25,7,23,0,3,46,8.501026560867176,4.250513280433588,2,1.2936344766537007,0.21100917431192662,0.10550458715596331,0.10550458715596331,0.25,1.4579055213081389,0.2949640287769784,0.7189542483660131,,,4.7475885830887625,0.1772685553786557,,,,,,,,,163.48000564575193,3.35687891344264,166.50000381469727,3.4188911952010326,,,,,,,,,,,,,,,,,,,"Wes Parsons","14764",641149
"Bryan Baker","BAL",3,3,,4.098671667418627,50,0,0,4.389400005340576,,52.70000076293945,222,46,26,24,6,22,1,2,52,8.880455279407027,3.757115695133742,2.3636363636363638,1.0246679168546569,0.23423423423423423,0.0990990990990991,0.13513513513513514,0.23232323232323232,1.2903225619651235,0.2857142857142857,0.7046979865771812,,,4.039345040795614,0.17666001267785325,,,,,,,,,246.13760566711426,4.6705427344169435,235.05760383605957,4.460296023398933,,,,,,,,,,,,,,,,,,,"Bryan Baker","19804",641329
"Mike Paredes","MIN",3,3,,4.4783307129485594,29,5,0,0,,62.29999923706055,271,68,34,31,9,18,0,0,44,6.3563403667656955,2.600321059131421,2.4444444444444446,1.3001605295657106,0.16236162361623616,0.06642066420664207,0.09594095940959409,0.26877470355731226,1.3804173523784087,0.295,0.7084468664850135,,,4.498743036980585,0.17449020109469243,,,,,,,,,207.51999435424807,3.3309790833962025,228.49999618530273,3.66773674130921,,,,,,,,,,,,,,,,,,,"Mike Paredes","30187",702474
"Richard Lovelady","TOR",5,4,,3.980769230769231,47,1,0,12.089500427246094,,52,221,50,25,23,7,14,1,4,46,7.961538461538462,2.423076923076923,3.2857142857142856,1.2115384615384615,0.2081447963800905,0.06334841628959276,0.14479638009049775,0.24630541871921183,1.2307692307692308,0.2866666666666667,0.7195571955719556,,,4.185710547520564,0.1724716479605959,,,,,,,,,255.05800170898436,4.904961571326623,255.35800170898438,4.910730802095854,,,,,,,,,,,,,,,,,,,"Richard Lovelady","19337",663992
"Mason Fluharty","TOR",5,4,,4,54,0,0,0,,63,271,57,30,28,8,23,2,5,63,9,3.2857142857142856,2.739130434782609,1.1428571428571428,0.23247232472324722,0.08487084870848709,0.14760147601476015,0.2345679012345679,1.2698412698412698,0.28488372093023256,0.7267441860465117,,,4.150606762416779,0.17228995721182888,,,,,,,,,261.6,4.152380952380953,253,4.015873015873016,,,,,,,,,,,,,,,,,,,"Mason Fluharty","31553",689254
"Nick Robertson","TOR",2,1,,4.08284017524734,40,0,0,0.6585999727249146,,50.70000076293945,221,47,25,23,6,20,1,3,50,8.87573951140726,3.5502958045629045,2.5,1.0650887413688714,0.22624434389140272,0.09049773755656108,0.13574660633484165,0.23737373737373738,1.3214989939206367,0.2887323943661972,0.7167235494880546,,,4.093501460592331,0.17153681232334056,,,,,,,,,212.81440553665163,4.197522728485127,209.13440370559692,4.124938867031919,,,,,,,,,,,,,,,,,,,"Nick Robertson","26226",687798
"J.B. Bukauskas","MIL",2,2,,3.8196285699165693,33,1,0,0,,37.70000076293945,159,36,17,16,5,10,0,2,34,8.11671071107271,2.3872678561978558,3.4,1.1936339280989279,0.2138364779874214,0.06289308176100629,0.15094339622641512,0.24489795918367346,1.2201591265011265,0.28703703703703703,0.7435897435897436,,,4.0418113255623425,0.17087947950439064,,,,,,,,,155.88000564575196,4.134748076689378,155.50000381469727,4.124668452727453,,,,,,,,,,,,,,,,,,,"J.B. Bukauskas","20491",656266
"Gerson Garabito","TEX",3,4,,4.993395181487883,28,12,0,5.011899948120117,,75.69999694824219,329,73,45,42,12,28,0,7,66,7.8467638566238165,3.328930120991922,2.357142857142857,1.4266843375679665,0.2006079027355623,0.0851063829787234,0.11550151975683891,0.24829931972789115,1.3342140564293021,0.2824074074074074,0.665083135391924,,,4.870574959273755,0.1701015108482047,,,,,,,,,269.8275772094726,3.5644331319320908,269.5475845336914,3.5607344174397686,,,,,,,,,,,,,,,,,,,"Gerson Garabito","19835",642520
"Brandyn Garcia","SEA",4,4,,4.708785642941033,25,22,0,0,,101.30000305175781,451,99,57,53,13,39,0,17,82,7.285290994738957,3.4649554731075525,2.1025641025641026,1.1549851577025174,0.18181818181818182,0.08647450110864745,0.09534368070953438,0.25063291139240507,1.3622901860080976,0.2866666666666667,0.676126878130217,,,4.874278344807193,0.16998880282529383,,,,,,,,,328.32002258300787,3.2410662654694824,333.50001525878906,3.292201433482602,,,,,,,,,,,,,,,,,,,"Brandyn Garcia","33568",805299
"Ricky Vanasco","DET",2,3,,4.615384545931776,33,6,0,0,,50.70000076293945,227,48,28,26,6,27,1,2,47,8.343195140722825,4.7928993361599215,1.7407407407407407,1.0650887413688714,0.20704845814977973,0.11894273127753303,0.0881057268722467,0.24242424242424243,1.479289918567877,0.2896551724137931,0.7057057057057058,,,4.566874234534052,0.16983844749544597,,,,,,,,,183.58000564575195,3.620907354698597,182.50000381469727,3.599605543755743,,,,,,,,,,,,,,,,,,,"Ricky Vanasco","23391",676568
"Jake Bloss","TOR",5,6,,4.945054945054945,22,22,0,0.6585999727249146,,91,401,93,54,50,16,39,0,1,74,7.318681318681318,3.857142857142857,1.8974358974358974,1.5824175824175823,0.18453865336658354,0.09725685785536159,0.08728179551122195,0.25761772853185594,1.4505494505494505,0.28413284132841327,0.7116788321167884,,,5.144501756311773,0.1695175229384321,,,,,,,,,265.4343998908996,2.916861537262633,277.63439989089966,3.0509274713285675,,,,,,,,,,,,,,,,,,,"Jake Bloss","33168",814005
"Dane Acker","TEX",3,4,,5.1923076923076925,22,17,0,0,,78,348,77,49,45,12,36,0,5,67,7.730769230769231,4.153846153846154,1.8611111111111112,1.3846153846153846,0.1925287356321839,0.10344827586206896,0.08908045977011493,0.250814332247557,1.4487179487179487,0.2850877192982456,0.6652806652806652,,,5.025454137264154,0.16904491669603605,,,,,,,,,240.4,3.082051282051282,245,3.141025641025641,,,,,,,,,,,,,,,,,,,"Dane Acker","sa3014924",686769
"Jonathan Bermúdez","MIA",4,6,,4.892412061942732,21,17,0,0,,88.30000305175781,399,95,52,48,13,38,0,7,70,7.134767590333151,3.8731595490379966,1.8421052631578947,1.3250282667761566,0.17543859649122806,0.09523809523809523,0.08020050125313283,0.268361581920904,1.5062287135147765,0.3025830258302583,0.705574912891986,,,5.023784357360647,0.16892144873690715,,,,,,,,,251.52002258300786,2.8484712784842965,277.50001525878906,3.1426954209291478,,,,,,,,,,,,,,,,,,,"Jonathan Bermudez","21241",642834
"Forrest Whitley","HOU",2,2,,4.135135135135135,29,3,0,9.876500129699707,,37,163,33,18,17,4,18,0,3,38,9.243243243243244,4.378378378378378,2.111111111111111,0.972972972972973,0.2331288343558282,0.11042944785276074,0.12269938650306747,0.2323943661971831,1.3783783783783783,0.29,0.7268722466960352,,,4.220533832343849,0.16760863306208712,,,,,,,,,191.30600051879884,5.170432446454023,185.50600051879883,5.013675689697266,,,,,,,,,,,,,,,,,,,"Forrest Whitley","19586",666215
"Alex Troop","WSN",4,5,,4.864864864864865,21,11,0,0,,74,324,79,43,40,12,26,0,3,54,6.5675675675675675,3.1621621621621623,2.076923076923077,1.4594594594594594,0.16666666666666666,0.08024691358024691,0.08641975308641975,0.2677966101694915,1.4189189189189189,0.2925764192139738,0.7029478458049886,,,4.99080410261412,0.16707439839811722,,,,,,,,,215.6,2.9135135135135135,235,3.175675675675676,,,,,,,,,,,,,,,,,,,"Alex Troop","sa915638",675960
"Riley O'Brien","STL",3,3,,4.294234657579345,29,7,0,4.569399833679199,,50.29999923706055,225,46,26,24,6,26,0,5,52,9.304175091421914,4.652087545710957,2,1.0735586643948363,0.2311111111111111,0.11555555555555555,0.11555555555555555,0.23711340206185566,1.4314115525264484,0.29411764705882354,0.7232704402515723,,,4.4984877507796845,0.16661714943991013,,,,,,,,,208.09759368896482,4.137129161935266,202.77759552001953,4.031363789179046,,,,,,,,,,,,,,,,,,,"Riley O'Brien","20348",676617
"Rob Kaminsky","STL",1,1,,4.604651162790698,18,5,0,0,,43,190,46,24,22,5,14,0,2,28,5.8604651162790695,2.9302325581395348,2,1.0465116279069768,0.14736842105263157,0.07368421052631578,0.07368421052631578,0.26436781609195403,1.3953488372093024,0.2907801418439716,0.6792452830188679,,,4.492061173638632,0.16525399286235357,,,,,,,,,145.09999999999997,3.374418604651162,158,3.6744186046511627,,,,,,,,,,,,,,,,,,,"Rob Kaminsky","15792",641739
"Richard Bleier","WSN",1,1,,4.2,32,0,0,0,,30,130,34,15,14,3,5,1,1,17,5.1,1.5,3.4,0.9,0.13076923076923078,0.038461538461538464,0.09230769230769231,0.27419354838709675,1.3,0.2980769230769231,0.6896551724137931,,,3.9331464449564617,0.1649372007349973,,,,,,,,,112.69999999999999,3.7566666666666664,127,4.233333333333333,,,,,,,,,,,,,,,,,,,"Richard Bleier","7803",542947
"Dillon Tate","TOR",2,2,,3.9779006083774826,50,0,0,0.6585999727249146,,54.29999923706055,230,50,26,24,5,17,1,6,41,6.7955802059782,2.817679597600717,2.411764705882353,0.8287292934119755,0.1782608695652174,0.07391304347826087,0.10434782608695652,0.24154589371980675,1.2338858368578303,0.2795031055900621,0.6833333333333333,,,4.1241225173436336,0.16482630318830765,,,,,,,,,225.95439424514774,4.161222788580272,222.1343960762024,4.0908729133939365,,,,,,,,,,,,,,,,,,,"Dillon Tate","17796",622253
"Victor Lizarraga","SDP",5,7,,5.021052631578947,22,22,0,0,,95,421,95,57,53,14,38,0,9,71,6.726315789473684,3.6,1.868421052631579,1.3263157894736841,0.16864608076009502,0.09026128266033254,0.07838479809976248,0.2540106951871658,1.4,0.28027681660899656,0.6701940035273368,,,5.071742936184532,0.16434517856599684,,,,,,,,,284.79999999999995,2.9978947368421047,294,3.094736842105263,,,,,,,,,,,,,,,,,,,"Victor Lizarraga","sa3015220",694205
"Sean Hunley","TBR",4,6,,4.684015047019573,28,14,0,0,,80.69999694824219,349,86,45,42,11,21,0,7,49,5.464684221522835,2.3420075235097864,2.3333333333333335,1.2267658456479833,0.14040114613180515,0.06017191977077364,0.08022922636103152,0.26791277258566976,1.3258984392356992,0.28735632183908044,0.6768558951965066,,,4.764992849891713,0.1631559808972063,,,,,,,,,252.27997741699218,3.1261460589496015,274.49998474121094,3.401486928398082,,,,,,,,,,,,,,,,,,,"Sean Hunley","sa3017316",695038
"Robert Suarez","SDP",5,5,,3.957935048177147,52,0,25.667999267578125,4.618500232696533,,52.29999923706055,218,46,25,23,6,20,1,2,49,8.432122493942618,3.441682650588824,2.45,1.032504795176647,0.22477064220183487,0.09174311926605505,0.13302752293577982,0.23469387755102042,1.261950305215902,0.28368794326241137,0.7118055555555556,,,4.046020900106939,0.1629748284004987,,,,,,,,,372.4339916229248,7.121108930323131,362.3139934539795,6.927609918533966,,,,,,,,,,,,,,,,,,,"Robert Suarez","30115",663158
"Jarrod Cande","COL",4,6,,5.362946734925085,21,19,0,0,,92.30000305175781,412,104,59,55,16,32,0,6,62,6.045503592097369,3.120259918501868,1.9375,1.560129959250934,0.15048543689320387,0.07766990291262135,0.07281553398058252,0.27807486631016043,1.473456072625882,0.2972972972972973,0.6778169014084507,,,5.311658472259829,0.16187905475843228,,,,,,,,,225.8200225830078,2.4465873793782844,263.50001525878906,2.8548213060299656,,,,,,,,,,,,,,,,,,,"Jarrod Cande","sa3017813",686662
"Erik Swanson","TOR",3,3,,3.877917361604737,59,0,0,0.6585999727249146,,55.70000076293945,234,51,26,24,8,19,0,1,55,8.886893953677522,3.070017911270417,2.8947368421052633,1.2926391205349124,0.23504273504273504,0.0811965811965812,0.15384615384615385,0.2383177570093458,1.2567324782978315,0.2847682119205298,0.7482993197278912,,,4.135959118690979,0.1615874240008323,,,,,,,,,233.81440553665166,4.197745104740149,227.13440370559692,4.0778168867947855,,,,,,,,,,,,,,,,,,,"Erik Swanson","16587",657024
"José Quijada","LAA",2,2,,4.21875,34,1,0,0.6287000179290771,,32,138,27,16,15,3,17,1,2,35,9.84375,4.78125,2.0588235294117645,0.84375,0.2536231884057971,0.12318840579710146,0.13043478260869568,0.226890756302521,1.375,0.2962962962962963,0.7035175879396985,,,3.978979778289795,0.16128769856294745,,,,,,,,,145.2148000717163,4.537962502241134,136.5148000717163,4.266087502241135,,,,,,,,,,,,,,,,,,,"Jose Quijada","19200",650671
"Elieser Hernández","MIL",4,6,,4.803049741521532,23,14,0,0,,78.69999694824219,335,77,45,42,16,24,1,3,75,8.576874538431307,2.7445998522980184,3.125,1.8297332348653454,0.22388059701492538,0.07164179104477612,0.15223880597014927,0.25,1.2833545605652772,0.28110599078341014,0.712468193384224,,,4.932680609166761,0.16013436138629686,,,,,,,,,254.3799774169922,3.2322742983622685,254.49998474121094,3.2337991691230346,,,,,,,,,,,,,,,,,,,"Elieser Hernandez","16933",622694
"Anders Tolhurst","TOR",4,4,,4.130019180706588,38,0,0,0,,52.29999923706055,226,50,26,24,7,16,0,3,49,8.432122493942618,2.753346120471059,3.0625,1.2045889277060884,0.2168141592920354,0.07079646017699115,0.14601769911504425,0.24154589371980675,1.261950305215902,0.2847682119205298,0.7117437722419928,,,4.12250273678669,0.15971837259371596,,,,,,,,,211.91999435424805,4.052007599343872,211.49999618530273,4.043977041503105,,,,,,,,,,,,,,,,,,,"Anders Tolhurst","sa3019818",689434
"Marc Church","TEX",3,4,,4.5,32,1,2.0199999809265137,11.756600379943848,,44,190,39,24,22,6,18,0,2,47,9.613636363636363,3.6818181818181817,2.611111111111111,1.2272727272727273,0.24736842105263157,0.09473684210526316,0.1526315789473684,0.22941176470588234,1.2954545454545454,0.28205128205128205,0.6790123456790124,,,4.166479778289795,0.15955144994161888,,,,,,,,,241.52640142440796,5.489236396009272,233.12640142440796,5.298327305100181,,,,,,,,,,,,,,,,,,,"Marc Church","26353",687847
"Chih-Jung Liu","BOS",4,6,,5.112285542951881,18,16,0,0,,75.69999694824219,341,78,46,43,12,36,0,4,67,7.965654218087813,4.2800530127039,1.8611111111111112,1.4266843375679665,0.19648093841642228,0.10557184750733138,0.0909090909090909,0.2591362126245847,1.5059445785439647,0.2972972972972973,0.6995884773662551,,,5.042305481388418,0.15900075118015086,,,,,,,,,223.77997741699215,2.9561424892790367,236.49998474121094,3.1241742969013773,,,,,,,,,,,,,,,,,,,"Chih-Jung Liu","sa3014675",692617
"John Brebbia","DET",2,3,,4.630872404181762,47,3,1.9789999723434448,9.842300415039062,,44.70000076293945,192,42,25,23,7,16,1,2,47,9.463087086806208,3.2214764550829647,2.9375,1.409395949098797,0.24479166666666666,0.08333333333333333,0.16145833333333331,0.2413793103448276,1.2975391277417496,0.2916666666666667,0.6846473029045643,,,4.307419356131678,0.15854097956365892,,,,,,,,,224.7442071676254,5.027834526436065,221.76420533657074,4.961167819944073,,,,,,,,,,,,,,,,,,,"John Brebbia","12777",605154
"Wikelman González","CHW",3,6,,5.300113067104626,25,22,0,0,,88.30000305175781,399,86,56,52,13,49,0,7,81,8.255945354528361,4.994337313233206,1.653061224489796,1.3250282667761566,0.20300751879699247,0.12280701754385964,0.08020050125313283,0.25072886297376096,1.5288787693571038,0.2931726907630522,0.6763698630136986,,,5.148359664493448,0.1580178284016204,,,,,,,,,263.92002258300784,2.9889016247067266,266.50001525878906,3.0181201137963467,,,,,,,,,,,,,,,,,,,"Wikelman Gonzalez","26641",682790
"Tayler Saucedo","SEA",2,2,,3.9225182322674073,51,0,0,11.807000160217285,,41.29999923706055,179,36,19,18,3,19,2,4,40,8.71670718281646,4.140435911837819,2.1052631578947367,0.6537530387112345,0.22346368715083798,0.10614525139664804,0.11731843575418993,0.23076923076923078,1.3317191529302925,0.2920353982300885,0.7086614173228347,,,3.844445892508853,0.15773990852162906,,,,,,,,,233.34799499511712,5.650072622415991,225.72799682617188,5.465569031381843,,,,,,,,,,,,,,,,,,,"Tayler Saucedo","17888",642048
"Grant Gambrell","BOS",5,6,,5.08235294117647,17,16,0,0,,85,378,94,52,48,13,31,0,5,57,6.035294117647059,3.2823529411764705,1.8387096774193548,1.3764705882352941,0.15079365079365079,0.082010582010582,0.06878306878306878,0.27485380116959063,1.4705882352941178,0.2977941176470588,0.6835205992509363,,,5.084126837113325,0.1573502314823239,,,,,,,,,230.70000000000002,2.7141176470588237,262,3.0823529411764707,,,,,,,,,,,,,,,,,,,"Grant Gambrell","sa3011129",669183
"Michel Otañez","OAK",4,4,,4.029850797255923,55,0,1.0180000066757202,13.170100212097168,,60.29999923706055,268,47,29,27,6,36,0,6,78,11.641791192072667,5.373134396341231,2.1666666666666665,0.8955223993902052,0.291044776119403,0.13432835820895522,0.15671641791044777,0.2079646017699115,1.376451095359019,0.2887323943661972,0.7238605898123325,,,3.962499688858866,0.15714518559942153,,,,,,,,,337.9903952360153,5.605147587270373,311.27039706707,5.162029867419341,,,,,,,,,,,,,,,,,,,"Michel Otanez","22533",671305
"Dominic Perachi","PIT",4,6,,5.0625,23,17,0,0,,96,435,102,58,54,13,42,0,8,69,6.46875,3.9375,1.6428571428571428,1.21875,0.15862068965517243,0.09655172413793103,0.06206896551724139,0.2649350649350649,1.5,0.29372937293729373,0.6836248012718601,,,5.051896444956462,0.15691781987319936,,,,,,,,,273.3000000000001,2.846875000000001,299,3.1145833333333335,,,,,,,,,,,,,,,,,,,"Dominic Perachi","sa3020841",806270
"Johan Dominguez","CHW",4,7,,5.15625,23,19,0,0,,96,430,105,59,55,15,38,0,6,68,6.375,3.5625,1.7894736842105263,1.40625,0.15813953488372093,0.08837209302325581,0.06976744186046512,0.27202072538860106,1.4895833333333333,0.297029702970297,0.6885245901639344,,,5.156063111623128,0.15654697509470045,,,,,,,,,256.9000000000001,2.6760416666666678,289,3.0104166666666665,,,,,,,,,,,,,,,,,,,"Johan Dominguez","sa916727",667339
"Adam Leverett","SEA",5,6,,4.707347268173303,23,16,0,0,,80.30000305175781,356,85,45,42,10,29,0,6,52,5.8281442367859935,3.2503112089768043,1.793103448275862,1.120796968612691,0.14606741573033707,0.08146067415730338,0.0646067415730337,0.26479750778816197,1.4196761602427421,0.28957528957528955,0.69,,,4.797862032603823,0.15609896368395212,,,,,,,,,249.2200225830078,3.1036116203180173,270.50001525878906,3.368617745685972,,,,,,,,,,,,,,,,,,,"Adam Leverett","sa1169991",687190
"Mason Thompson","WSN",3,3,,4.243176258989742,38,1,0,0.6308000087738037,,40.29999923706055,176,39,21,19,4,16,1,3,34,7.59305225292901,3.5732010602018875,2.125,0.8933002650504719,0.19318181818181818,0.09090909090909091,0.10227272727272727,0.2484076433121019,1.3647642938271098,0.29411764705882354,0.688259109311741,,,4.183849524597277,0.15532293972636196,,,,,,,,,161.14319438934328,3.9985905071966683,163.02319622039795,4.045240677584904,,,,,,,,,,,,,,,,,,,"Mason Thompson","21850",666168
"Riley Thompson","CHC",4,5,,4.925883865822173,27,14,0,0,,87.69999694824219,391,90,52,48,12,41,1,1,67,6.87571289604345,4.2075258020564394,1.6341463414634145,1.2314709664555432,0.17135549872122763,0.10485933503836317,0.06649616368286446,0.25787965616045844,1.4937286722747793,0.28888888888888886,0.691768826619965,,,4.854051102691836,0.15524581217101277,,,,,,,,,275.37997741699223,3.140022656779714,290.49998474121094,3.312428675597959,,,,,,,,,,,,,,,,,,,"Riley Thompson","sa876287",663929
"Ryan Jennings","TOR",3,3,,4.685816811939057,20,12,0,0,,55.70000076293945,248,55,31,29,8,23,0,6,46,7.432674943075746,3.716337471537873,2,1.2926391205349124,0.18548387096774194,0.09274193548387097,0.09274193548387097,0.2511415525114155,1.4003590472461551,0.28484848484848485,0.7035928143712575,,,4.943858569025299,0.15221469170979507,,,,,,,,,175.780005645752,3.1558348875770386,179.50000381469727,3.2226212092644957,,,,,,,,,,,,,,,,,,,"Ryan Jennings","sa3020634",688214
"Jorge Alcala","MIN",3,4,,4.029850797255923,57,0,1.00600004196167,12.1141996383667,,60.29999923706055,248,51,29,27,8,23,1,2,62,9.253731460365453,3.4328358643291197,2.6956521739130435,1.1940298658536068,0.25,0.09274193548387097,0.15725806451612903,0.22869955156950672,1.2271973621273182,0.28104575163398693,0.7165605095541402,,,4.0785859258168555,0.15191109301078304,,,,,,,,,317.70679311752315,5.268769438429108,299.9867949485779,4.974905451809777,,,,,,,,,,,,,,,,,,,"Jorge Alcala","19459",660896
"Andrew Chafin","DET",3,4,,4.2857143534107776,54,0,0,0.580299973487854,,48.29999923706055,213,43,25,23,5,26,1,1,50,9.31677033350169,4.844720573420879,1.9230769230769231,0.931677033350169,0.2347417840375587,0.12206572769953052,0.11267605633802817,0.23118279569892472,1.4285714511369259,0.2900763358778626,0.7096774193548387,,,4.118860745714413,0.15172566786084435,,,,,,,,,205.44119424819945,4.253440941890629,197.82119607925415,4.095677002153369,,,,,,,,,,,,,,,,,,,"Andrew Chafin","12988",605177
"Rhett Kouba","HOU",4,6,,4.661354392757972,18,15,0,0,,75.30000305175781,336,78,42,39,11,31,0,5,57,6.812748727877037,3.7051791327050547,1.8387096774193548,1.3147409825727614,0.16964285714285715,0.09226190476190477,0.07738095238095238,0.26,1.4475431020245555,0.28879310344827586,0.7158119658119658,,,4.985868814779374,0.15024941183697393,,,,,,,,,225.12002258300777,2.989641613005918,239.50001525878906,3.180610963510421,,,,,,,,,,,,,,,,,,,"Rhett Kouba","sa3017544",688763
"Zach Peek","MIL",2,2,,4.527162908371204,14,9,0,0,,49.70000076293945,221,48,27,25,7,23,0,4,44,7.967806718733318,4.164989875701507,1.9130434782608696,1.267605614343937,0.19909502262443438,0.10407239819004525,0.09502262443438912,0.24742268041237114,1.4285714066415798,0.2867132867132867,0.7189542483660131,,,4.856620597415044,0.14992484832722686,,,,,,,,,163.88000564575196,3.29738436881383,164.50000381469727,3.3098591808747506,,,,,,,,,,,,,,,,,,,"Zach Peek","sa3014469",686745
"Casey Lawrence","SEA",6,8,,4.875,22,20,0,0.6220999956130981,,120,523,137,70,65,20,30,0,4,75,5.625,2.25,2.5,1.5,0.14340344168260039,0.05736137667304015,0.08604206500956024,0.28016359918200406,1.3916666666666666,0.2969543147208122,0.697841726618705,,,4.933146444956462,0.14936934310997835,,,,,,,,,336.2883999824524,2.802403333187103,390.4883999824524,3.25406999985377,,,,,,,,,,,,,,,,,,,"Casey Lawrence","11121",596271
"Dalton Roach","CHW",3,5,,4.767255275074271,31,5,0,0,,62.29999923706055,273,65,36,33,9,22,1,3,50,7.223114053142836,3.1781701833828477,2.272727272727273,1.3001605295657106,0.18315018315018314,0.08058608058608059,0.10256410256410255,0.2620967741935484,1.3964687169409482,0.2962962962962963,0.6854838709677419,,,4.643205318043441,0.14791918490012446,,,,,,,,,206.31999435424808,3.3117174459211554,219.49999618530273,3.5232744602463537,,,,,,,,,,,,,,,,,,,"Dalton Roach","sa3010567",681989
"Ryne Stanek","NYM",4,4,,3.8823529411764706,57,0,0,12.124600410461426,,51,218,42,24,22,6,26,2,2,58,10.235294117647058,4.588235294117647,2.230769230769231,1.0588235294117647,0.26605504587155965,0.11926605504587157,0.14678899082568808,0.22105263157894736,1.3333333333333333,0.2857142857142857,0.7382550335570469,,,4.068440562603521,0.1466322514184142,,,,,,,,,274.89840164184574,5.3901647380754065,257.4984016418457,5.048988267487171,,,,,,,,,,,,,,,,,,,"Ryne Stanek","15947",592773
"Chase Chaney","MIN",6,9,,4.986807521710896,24,20,0,0,,113.69999694824219,509,130,68,63,16,38,1,7,64,5.0659631966586876,3.0079156480160956,1.6842105263157894,1.2664907991646719,0.12573673870333987,0.07465618860510806,0.051080550098231814,0.2801724137931034,1.4775725990254505,0.296875,0.6868131868131868,,,5.057420902042604,0.1464728532490214,,,,,,,,,299.5799774169923,2.634828368142923,353.49998474121094,3.1090588762471913,,,,,,,,,,,,,,,,,,,"Chase Chaney","sa3010369",681116
"Hagen Danner","SEA",2,2,,4.079320201480859,33,0,0,0.6220999956130981,,35.29999923706055,151,33,17,16,4,12,0,1,34,8.668555428146826,3.0594901511106443,2.8333333333333335,1.0198300503702147,0.2251655629139073,0.07947019867549669,0.14569536423841062,0.2391304347826087,1.2747875629627685,0.29,0.7106598984771574,,,3.8180378660263212,0.1459557882411579,,,,,,,,,157.70839433670045,4.467659992783414,155.98839616775513,4.418934831136965,,,,,,,,,,,,,,,,,,,"Hagen Danner","22116",668470
"Prelander Berroa","CHW",3,5,,4.695652173913044,47,7,0,0,,69,311,63,39,36,9,42,0,3,75,9.782608695652174,5.478260869565218,1.7857142857142858,1.173913043478261,0.24115755627009647,0.13504823151125403,0.10610932475884244,0.23684210526315788,1.5217391304347827,0.2967032967032967,0.7142857142857142,,,4.644740647855013,0.14544834497787318,,,,,,,,,251.10000000000002,3.6391304347826092,243,3.5217391304347827,,,,,,,,,,,,,,,,,,,"Prelander Berroa","22932",672860
"Sixto Sánchez","MIA",1,2,,4.723032175025877,13,7,0,0,,34.29999923706055,157,39,19,18,4,13,0,2,22,5.772594880587183,3.4110787930742448,1.6923076923076923,1.049562705561306,0.14012738853503184,0.08280254777070063,0.05732484076433121,0.2746478873239437,1.5160350191441088,0.3017241379310345,0.7112068965517242,,,4.711669317032829,0.14468798102648073,,,,,,,,,102.21999435424803,2.980174828802944,118.49999618530273,3.454810461256966,,,,,,,,,,,,,,,,,,,"Sixto Sanchez","19680",664350
"Christian Roa","MIA",4,6,,4.895397697901927,22,13,0,0,,71.69999694824219,329,70,42,39,9,43,0,5,67,8.41004219895972,5.397489769481612,1.558139534883721,1.1297071610542908,0.20364741641337386,0.13069908814589665,0.07294832826747721,0.2491103202846975,1.5760112246806774,0.2975609756097561,0.7071713147410358,,,4.937749030807017,0.14344534498698716,,,,,,,,,227.87997741699218,3.17824249813415,231.49998474121094,3.2287307474827784,,,,,,,,,,,,,,,,,,,"Christian Roa","27662",685005
"Brandon Komar","CIN",4,6,,5.478260869565218,25,11,0,0,,92,413,105,61,56,14,35,0,3,58,5.673913043478261,3.4239130434782608,1.6571428571428573,1.3695652173913044,0.14043583535108958,0.0847457627118644,0.05569007263922518,0.28,1.5217391304347827,0.30033003300330036,0.6561461794019934,,,5.12300151742023,0.14294812204541568,,,,,,,,,237.60000000000002,2.582608695652174,280,3.0434782608695654,,,,,,,,,,,,,,,,,,,"Brandon Komar","sa3010630",688162
"Craig Kimbrel","ATL",6,5,,4.040816326530612,52,0,0,4.172800064086914,,49,208,38,24,22,6,26,1,4,63,11.571428571428571,4.775510204081633,2.423076923076923,1.1020408163265305,0.30288461538461536,0.125,0.17788461538461536,0.21348314606741572,1.3061224489795917,0.29357798165137616,0.7194244604316546,,,4.023622635432652,0.14069207912479725,,,,,,,,,242.69120025634766,4.952881637884646,219.69120025634766,4.483493882782605,,,,,,,,,,,,,,,,,,,"Craig Kimbrel","6655",518886
"Carl Edwards Jr.","SDP",4,4,,4.421052631578948,33,7,0,0,,57,252,56,30,28,7,28,1,1,48,7.578947368421052,4.421052631578948,1.7142857142857142,1.105263157894737,0.19047619047619047,0.1111111111111111,0.07936507936507936,0.25112107623318386,1.4736842105263157,0.2916666666666667,0.7277628032345013,,,4.605076269517865,0.14013288435224006,,,,,,,,,199.09999999999994,3.49298245614035,203,3.56140350877193,,,,,,,,,,,,,,,,,,,"Carl Edwards Jr.","13607",605218
"Zach Maxwell","CIN",4,4,,4.5251396005138265,54,0,0,0,,53.70000076293945,237,46,29,27,6,32,1,2,60,10.055865778919614,5.363128415423794,1.875,1.0055865778919615,0.25316455696202533,0.1350210970464135,0.11814345991561184,0.22660098522167488,1.4525139458439442,0.291970802919708,0.7040229885057472,,,4.283798198169752,0.13965033619954859,,,,,,,,,221.98000564575187,4.133705819217591,208.50000381469727,3.882681580120043,,,,,,,,,,,,,,,,,,,"Zach Maxwell","31610",687209
"José Castillo","ARI",2,2,,4.064516129032258,30,1,0,0,,31,138,29,15,14,3,14,0,2,31,9,4.064516129032258,2.2142857142857144,0.8709677419354839,0.2246376811594203,0.10144927536231885,0.12318840579710144,0.23770491803278687,1.3870967741935485,0.29545454545454547,0.7216494845360826,,,3.972931391193021,0.13920684792388371,,,,,,,,,131.09999999999997,4.229032258064515,130,4.193548387096774,,,,,,,,,,,,,,,,,,,"Jose Castillo","17169",620454
"Nick Sandlin","TOR",4,4,,3.85934824947597,64,1,0,12.933099746704102,,58.29999923706055,241,46,27,25,8,25,2,4,64,9.879931518658482,3.85934824947597,2.56,1.2349914398323103,0.26556016597510373,0.1037344398340249,0.16182572614107882,0.2169811320754717,1.2178387809457505,0.2714285714285714,0.7357859531772576,,,4.247097288143067,0.13847626009058422,,,,,,,,,306.15239334106445,5.2513275702831805,280.23239517211914,4.806730683351005,,,,,,,,,,,,,,,,,,,"Nick Sandlin","20517",680704
"J.P. Feyereisen","ARI",4,4,,3.9375,40,4,0,0,,48,201,46,23,21,6,18,0,0,39,7.3125,3.375,2.1666666666666665,1.125,0.19402985074626866,0.08955223880597014,0.10447761194029852,0.25136612021857924,1.3333333333333333,0.2898550724637681,0.737410071942446,,,4.291479778289795,0.13733058177732405,,,,,,,,,185.8,3.8708333333333336,186,3.875,,,,,,,,,,,,,,,,,,,"J.P. Feyereisen","16610",656420
"Joe Gunkel","MIN",2,3,,4.821428571428571,9,7,0,0,,28,129,35,16,15,4,7,0,0,15,4.821428571428571,2.25,2.142857142857143,1.2857142857142858,0.11627906976744186,0.05426356589147287,0.06201550387596899,0.28688524590163933,1.5,0.30097087378640774,0.7142857142857143,,,4.702194064004081,0.13708127780534698,,,,,,,,,76,2.7142857142857144,97,3.4642857142857144,,,,,,,,,,,,,,,,,,,"Joe Gunkel","sa738176",641646
"Anthony Maldonado","OAK",5,5,,4.168096109434048,43,1,0,0,,58.29999923706055,250,55,29,27,7,21,2,3,55,8.490566148847133,3.241852529559815,2.619047619047619,1.0806175098532715,0.22,0.084,0.136,0.24336283185840707,1.3036020753785498,0.2926829268292683,0.7099697885196374,,,4.075570699277468,0.13584917347529035,,,,,,,,,240.31999435424802,4.1221268867784095,238.49999618530273,4.090909079012327,,,,,,,,,,,,,,,,,,,"Anthony Maldonado","26034",687424
"Brandon Birdsell","CHC",6,8,,5.013476951483222,23,22,0,0,,111.30000305175781,477,114,67,62,20,32,1,6,82,6.630727580993938,2.5876010072171467,2.5625,1.6172506295107165,0.1719077568134172,0.06708595387840671,0.10482180293501048,0.25968109339407747,1.3117699550475812,0.2789317507418398,0.6694915254237288,,,5.0532721793856314,0.13567992387955713,,,,,,,,,331.22002258300785,2.97592105571624,346.50001525878906,3.113207598904164,,,,,,,,,,,,,,,,,,,"Brandon Birdsell","sa3020797",669361
"Miguel Castro","HOU",3,3,,4.1570439531541075,46,1,0,0.652999997138977,,43.29999923706055,185,39,22,20,5,17,1,3,42,8.729792301623625,3.5334873601809913,2.4705882352941178,1.0392609882885269,0.22702702702702704,0.0918918918918919,0.13513513513513514,0.23636363636363636,1.2933025632035,0.288135593220339,0.6938775510204082,,,4.113362012063786,0.13463902981754478,,,,,,,,,184.13199434280395,4.252471075916441,178.11199617385864,4.113441092659703,,,,,,,,,,,,,,,,,,,"Miguel Castro","15684",612434
"Ty Blach","COL",4,6,,5.42294302955378,26,15,0,0,,86.30000305175781,390,108,56,52,15,21,0,5,48,5.005793565741951,2.1900346850121037,2.2857142857142856,1.5643104892943598,0.12307692307692308,0.05384615384615385,0.06923076923076923,0.2967032967032967,1.494785578659055,0.3089700996677741,0.6759259259259259,,,5.217464642031289,0.13440501550276343,,,,,,,,,191.32002258300787,2.216917912138022,254.50001525878906,2.949015136258506,,,,,,,,,,,,,,,,,,,"Ty Blach","14361",621389
"Kyle McGowin","CHC",2,3,,4.9655172413793105,13,11,0,0,,58,254,60,35,32,9,22,1,3,45,6.982758620689655,3.413793103448276,2.0454545454545454,1.396551724137931,0.17716535433070865,0.08661417322834646,0.0905511811023622,0.26200873362445415,1.4137931034482758,0.2914285714285714,0.6772334293948126,,,4.925100467944968,0.13351993556754224,,,,,,,,,177.50000000000006,3.0603448275862077,188,3.2413793103448274,,,,,,,,,,,,,,,,,,,"Kyle McGowin","15071",641851
"Joely Rodríguez","BOS",2,1,,4.300341408904441,30,0,0,0,,29.299999237060547,131,31,15,14,3,11,0,1,26,7.986348330822533,3.378839678424918,2.3636363636363638,0.9215017304795231,0.1984732824427481,0.08396946564885496,0.11450381679389313,0.2605042016806723,1.4334471363014802,0.3111111111111111,0.7142857142857143,,,3.9514627338834627,0.131196839901988,,,,,,,,,115.31999435424801,3.9358360872714213,123.49999618530273,4.215017044406332,,,,,,,,,,,,,,,,,,,"Joely Rodriguez","11487",570257
"Jordan Lyles","LAD",6,10,,5.472473432215805,22,21,0,0,,121.69999694824219,528,131,80,74,24,38,0,5,92,6.803615618430461,2.8101890597864947,2.4210526315789473,1.7748562482862071,0.17424242424242425,0.07196969696969698,0.10227272727272728,0.27010309278350514,1.3886606757424491,0.2899728997289973,0.6573116691285081,,,5.278230036667366,0.129365116759133,,,,,,,,,319.7799774169922,2.6276087546081985,351.49998474121094,2.8882497416224293,,,,,,,,,,,,,,,,,,,"Jordan Lyles","7593",543475
"Kyle Backhus","ARI",3,3,,4.026845568853705,39,1,0,0,,44.70000076293945,199,43,22,20,4,20,1,3,40,8.05369113770741,4.026845568853705,2,0.8053691137707412,0.20100502512562815,0.10050251256281408,0.10050251256281408,0.24431818181818182,1.409395949098797,0.29545454545454547,0.7142857142857143,,,4.083705713417584,0.1288517879474092,,,,,,,,,180.78000564575194,4.044295359288578,182.50000381469727,4.082774064872211,,,,,,,,,,,,,,,,,,,"Kyle Backhus","29615",679775
"Peyton Battenfield","COL",4,7,,5.384615228560858,22,20,0,0,,105.30000305175781,468,121,68,63,18,38,0,2,61,5.2136750625748,3.2478631537351212,1.605263157894737,1.5384614938745311,0.13034188034188035,0.0811965811965812,0.04914529914529915,0.2827102803738318,1.509971466210188,0.29512893982808025,0.6801195814648728,,,5.369708584332333,0.12788643276678432,,,,,,,,,245.2200225830079,2.328775075746917,294.50001525878906,2.7967711939574618,,,,,,,,,,,,,,,,,,,"Peyton Battenfield","25777",685410
"Tim Mayza","PIT",2,3,,4.047109141591023,55,0,0,6.7866997718811035,,46.70000076293945,201,48,23,21,5,16,2,1,36,6.937901385584611,3.083511726926494,2.25,0.9635974146645292,0.1791044776119403,0.07960199004975124,0.09950248756218905,0.2608695652173913,1.370449656411775,0.3006993006993007,0.7192982456140351,,,4.1086639170728905,0.1269377552453072,,,,,,,,,207.42680473327636,4.441687394957983,216.64680290222168,4.639117759375925,,,,,,,,,,,,,,,,,,,"Tim Mayza","15042",641835
"Keegan Thompson","CHC",4,3,,4.199066674735077,37,5,0,0.6420999765396118,,64.30000305175781,274,55,32,30,9,30,0,3,66,9.237946684417171,4.199066674735077,2.2,1.2597200024205233,0.24087591240875914,0.10948905109489052,0.13138686131386862,0.22821576763485477,1.3219283976017835,0.27710843373493976,0.7320441988950276,,,4.472856077096264,0.1264958602496117,,,,,,,,,257.68842248916627,4.0075958049604115,240.0684151649475,3.733567710279986,,,,,,,,,,,,,,,,,,,"Keegan Thompson","19795",624522
"Aaron Rozek","MIN",5,7,,4.898612752928279,22,13,0,0,,93.69999694824219,414,105,55,51,15,29,0,5,64,6.1472787487727425,2.7854856830376487,2.206896551724138,1.4407684567436114,0.15458937198067632,0.07004830917874397,0.08454106280193235,0.27631578947368424,1.4300960978047699,0.29900332225913623,0.6991150442477876,,,4.9701084389540195,0.12637910365959346,,,,,,,,,261.87997741699223,2.7948771178898646,299.49998474121094,3.196371339335775,,,,,,,,,,,,,,,,,,,"Aaron Rozek","sa3015224",702065
"Bryan Mata","BOS",2,3,,5.117647058823529,18,14,0,0,,51,236,51,31,29,6,28,0,6,44,7.764705882352941,4.9411764705882355,1.5714285714285714,1.0588235294117647,0.1864406779661017,0.11864406779661017,0.06779661016949153,0.2524752475247525,1.5490196078431373,0.29605263157894735,0.6798866855524079,,,4.970401346917246,0.1258106197131241,,,,,,,,,157.00000000000003,3.07843137254902,163,3.196078431372549,,,,,,,,,,,,,,,,,,,"Bryan Mata","sa917784",667356
"Tyler Owens","DET",3,4,,4.559099502407446,35,4,0,0,,53.29999923706055,234,54,29,27,7,19,0,3,42,7.091932559300472,3.2082552053978324,2.210526315789474,1.181988759883412,0.1794871794871795,0.0811965811965812,0.09829059829059829,0.25471698113207547,1.3696060233569693,0.2883435582822086,0.6962025316455696,,,4.536085801646765,0.12544252098245634,,,,,,,,,185.91999435424802,3.4881800565763266,193.49999618530273,3.6303939766430307,,,,,,,,,,,,,,,,,,,"Tyler Owens","26030",687074
"Kyle Finnegan","WSN",5,5,,4.168096109434048,59,0,23.86199951171875,5.960700035095215,,58.29999923706055,248,56,29,27,8,21,2,1,54,8.336192218868096,3.241852529559815,2.5714285714285716,1.2349914398323103,0.21774193548387097,0.0846774193548387,0.13306451612903225,0.24778761061946902,1.3207547342651096,0.2926829268292683,0.729483282674772,,,4.229944629256507,0.12498443998485774,,,,,,,,,372.57279205322266,6.39061401250213,372.65279388427734,6.391986256620512,,,,,,,,,,,,,,,,,,,"Kyle Finnegan","15009",640448
"Adam Kolarek","LAA",2,2,,4.186046511627907,43,0,0,0,,43,188,44,22,20,4,16,2,2,34,7.116279069767442,3.3488372093023258,2.125,0.8372093023255814,0.18085106382978725,0.0851063829787234,0.09574468085106384,0.25882352941176473,1.3953488372093024,0.30303030303030304,0.698529411764706,,,4.050200708522353,0.1246805183683051,,,,,,,,,168.6,3.920930232558139,177,4.116279069767442,,,,,,,,,,,,,,,,,,,"Adam Kolarek","10843",592473
"Chad Kuhl","ATL",3,4,,4.846153846153846,33,12,0,0,,91,409,90,53,49,12,46,1,7,83,8.208791208791208,4.549450549450549,1.8043478260869565,1.1868131868131868,0.20293398533007334,0.11246943765281174,0.0904645476772616,0.25280898876404495,1.4945054945054945,0.2988505747126437,0.6963087248322147,,,4.803842415652433,0.12463695793526827,,,,,,,,,298.79999999999995,3.283516483516483,306,3.3626373626373627,,,,,,,,,,,,,,,,,,,"Chad Kuhl","14975",641771
"Jake Cousins","NYY",2,2,,4,44,0,0,7.230800151824951,,45,189,34,22,20,6,21,1,6,56,11.2,4.2,2.6666666666666665,1.2,0.2962962962962963,0.1111111111111111,0.18518518518518517,0.20987654320987653,1.2222222222222223,0.28,0.7081545064377682,,,4.210924222734239,0.12257533299470003,,,,,,,,,230.7232006072998,5.127182235717773,206.9232006072998,4.598293346828885,,,,,,,,,,,,,,,,,,,"Jake Cousins","21620",664776
"Tyson Guerrero","KCR",4,7,,5.127161590571156,23,21,0,0,,98.30000305175781,442,102,61,56,15,44,0,8,76,6.958290730060853,4.028484106877336,1.7272727272727273,1.3733468546172738,0.17194570135746606,0.09954751131221719,0.07239819004524888,0.26153846153846155,1.4852491909194219,0.2909698996655518,0.68,,,5.190894771392295,0.12241695080273064,,,,,,,,,273.72002258300785,2.7845372745195776,292.50001525878906,2.9755850068975,,,,,,,,,,,,,,,,,,,"Tyson Guerrero","sa3017140",694553
"Dylan Covey","ATL",2,1,,4.1584159462910755,24,0,0,0,,30.299999237060547,133,31,15,14,2,12,0,1,21,6.237623919436613,3.5643565253923506,1.75,0.5940594208987251,0.15789473684210525,0.09022556390977443,0.06766917293233082,0.25833333333333336,1.4191419499247322,0.29896907216494845,0.6965174129353233,,,3.9255557049937213,0.1216414115715128,,,,,,,,,122.01999435424806,4.027062621341684,128.49999618530273,4.240924073296074,,,,,,,,,,,,,,,,,,,"Dylan Covey","14825",592229
"Jacob Misiorowski","MIL",4,6,,4.921020473660235,30,20,0,0,,82.30000305175781,371,69,49,45,11,47,0,15,89,9.732684936794687,5.139732494711801,1.8936170212765957,1.202916115783613,0.2398921832884097,0.12668463611859837,0.11320754716981132,0.22330097087378642,1.4094774689989809,0.27751196172248804,0.6660039761431412,,,5.00123062155571,0.11977789084032327,,,,,,,,,286.3200225830078,3.4789794892588697,260.50001525878906,3.1652491567340855,,,,,,,,,,,,,,,,,,,"Jacob Misiorowski","31623",694819
"Nick Dombkowski","PIT",4,7,,4.636724097095891,30,10,0,0,,75.69999694824219,333,81,42,39,11,28,0,2,53,6.301189157591852,3.328930120991922,1.8928571428571428,1.3077939761039694,0.15915915915915915,0.08408408408408409,0.07507507507507506,0.26732673267326734,1.439894377730633,0.2928870292887029,0.7158119658119658,,,4.844154878948423,0.11939232583176301,,,,,,,,,230.27997741699218,3.0420077503363685,251.49998474121094,3.3223248993413725,,,,,,,,,,,,,,,,,,,"Nick Dombkowski","sa3017201",694298
"Dallas Keuchel","MIL",4,5,,5.014285714285714,15,14,0,0,,70,323,83,42,39,10,29,0,2,45,5.785714285714286,3.7285714285714286,1.5517241379310345,1.2857142857142858,0.1393188854489164,0.08978328173374613,0.04953560371517028,0.2842465753424658,1.6,0.3080168776371308,0.7142857142857143,,,5.066479778289795,0.11891612974226336,,,,,,,,,176.2,2.517142857142857,217,3.1,,,,,,,,,,,,,,,,,,,"Dallas Keuchel","9434",572971
"Gus Varland","CHW",2,3,,4.655172413793103,49,2,0,0.6122000217437744,,58,261,58,32,30,7,25,1,5,55,8.53448275862069,3.8793103448275863,2.2,1.0862068965517242,0.210727969348659,0.09578544061302682,0.11494252873563218,0.2510822510822511,1.4310344827586208,0.30177514792899407,0.6967213114754098,,,4.390617709324278,0.11825957356592218,,,,,,,,,214.7488000869751,3.70256551874095,221.4488000869751,3.8180827601202605,,,,,,,,,,,,,,,,,,,"Gus Varland","24737",681402
"Emmanuel Ramirez","TOR",3,3,,4.390243965281244,35,1,0,0,,53.29999923706055,232,51,28,26,7,22,0,2,51,8.611632393436286,3.7148218167764377,2.3181818181818183,1.181988759883412,0.21982758620689655,0.09482758620689655,0.125,0.24519230769230768,1.3696060233569693,0.29333333333333333,0.7120253164556962,,,4.310945085478496,0.11732104686803638,,,,,,,,,205.71999435424803,3.8596622382539705,205.49999618530273,3.8555346928112995,,,,,,,,,,,,,,,,,,,"Emmanuel Ramirez","17304",642629
"Roddery Muñoz","STL",6,7,,4.7584322198868065,26,21,0,0.6466000080108643,,109.69999694824219,481,107,63,58,18,48,0,5,95,7.793983808435287,3.9380128716304608,1.9791666666666667,1.4767548268614228,0.19750519750519752,0.0997920997920998,0.09771309771309772,0.25,1.4129444331081515,0.28253968253968254,0.7087827426810477,,,5.0169811971346645,0.11632448133660357,,,,,,,,,345.7663774490357,3.1519269559521734,348.0863847732544,3.1730756103620115,,,,,,,,,,,,,,,,,,,"Roddery Munoz","25311",682610
"Drew Pomeranz","SEA",1,0,,3.36448604128269,11,1,0,0,,10.699999809265137,45,9,4,4,1,5,0,0,12,10.093458123848071,4.205607551603363,2.4,0.8411215103206725,0.26666666666666666,0.1111111111111111,0.15555555555555556,0.225,1.3084112382766018,0.2962962962962963,0.7936507936507937,,,3.5403115606545383,0.11547985073655175,,,,,,,,,52.47999858856201,4.904672852715338,49.499999046325684,4.626168217635256,,,,,,,,,,,,,,,,,,,"Drew Pomeranz","11426",519141
"Sammy Peralta","CHW",3,3,,4.451313965754748,41,1,0,0,,64.69999694824219,283,66,35,32,8,23,1,4,54,7.511592317211137,3.1993819128862246,2.347826086956522,1.112828491438687,0.19081272084805653,0.0812720848056537,0.10954063604240283,0.2578125,1.375579663028377,0.29896907216494845,0.6940874035989717,,,4.356588026078391,0.11520485286241527,,,,,,,,,235.77997741699224,3.6442038413944324,246.49998474121094,3.809891752211404,,,,,,,,,,,,,,,,,,,"Sammy Peralta","25589",671111
"Isaiah Campbell","BOS",2,3,,4.636363636363637,30,1,0,0,,33,144,33,18,17,4,12,0,1,29,7.909090909090909,3.272727272727273,2.4166666666666665,1.0909090909090908,0.2013888888888889,0.08333333333333333,0.11805555555555557,0.25190839694656486,1.3636363636363635,0.29591836734693877,0.6852791878172589,,,4.166479778289795,0.11483044472621635,,,,,,,,,128.20000000000005,3.884848484848486,132,4,,,,,,,,,,,,,,,,,,,"Isaiah Campbell","25551",663462
"Jaime Arias","CLE",3,3,,4.635879281294764,17,8,0,0,,56.29999923706055,249,60,31,29,8,22,0,1,40,6.394316250061744,3.516873937533959,1.8181818181818181,1.2788632500123487,0.1606425702811245,0.08835341365461848,0.07228915662650602,0.26548672566371684,1.456483145847397,0.29213483146067415,0.7203389830508475,,,4.818344809555746,0.11292863944190087,,,,,,,,,173.21999435424812,3.0767317353749224,188.49999618530273,3.34813496873405,,,,,,,,,,,,,,,,,,,"Jaime Arias","sa3014789",671142
"Ben Peoples","TBR",4,5,,4.828060725365503,19,18,0,0,,72.69999694824219,326,72,42,39,11,36,0,3,65,8.046767875609172,4.456671438798925,1.8055555555555556,1.3617607174107829,0.19938650306748465,0.11042944785276074,0.08895705521472391,0.2508710801393728,1.4855571462663084,0.2890995260663507,0.7127429805615552,,,4.954650417314055,0.11193685836080831,,,,,,,,,228.47997741699223,3.1427783632460886,233.49998474121094,3.21182936097574,,,,,,,,,,,,,,,,,,,"Ben Peoples","26406",687239
"Joey Estes","OAK",8,12,,4.921394292420345,29,27,0,0.667900025844574,,146.3000030517578,619,148,86,80,26,36,1,12,107,6.582364866112212,2.214627431589155,2.9722222222222223,1.5994531450366123,0.172859450726979,0.05815831987075929,0.11470113085621972,0.2591943957968476,1.2576896525074215,0.2785388127853881,0.6639566395663957,,,4.998332098246257,0.11159267005063933,,,,,,,,,450.6916226863861,3.0805988604589505,466.17161536216736,3.1864087876829763,,,,,,,,,,,,,,,,,,,"Joey Estes","26257",683155
"Danny Young","NYM",3,2,,4.295454545454546,46,0,0,10.347700119018555,,44,194,36,23,21,4,21,1,8,49,10.022727272727273,4.295454545454546,2.3333333333333335,0.8181818181818182,0.25257731958762886,0.10824742268041238,0.14432989690721648,0.21818181818181817,1.2954545454545454,0.2857142857142857,0.6614785992217899,,,4.098297960107977,0.11136307099309584,,,,,,,,,235.19080047607423,5.345245465365323,220.39080047607422,5.0088818290016865,,,,,,,,,,,,,,,,,,,"Danny Young","18439",664849
"Brad Lord","WSN",3,6,,5.3,24,15,0,0,,90,403,103,57,53,13,24,0,10,47,4.7,2.4,1.9583333333333333,1.3,0.11662531017369727,0.05955334987593052,0.057071960297766754,0.2791327913279133,1.4111111111111112,0.2912621359223301,0.6433823529411765,,,5.133146444956462,0.11017527422635356,,,,,,,,,230.3,2.558888888888889,273,3.033333333333333,,,,,,,,,,,,,,,,,,,"Brad Lord","31972",695418
"Easton Lucas","TOR",2,3,,4.571428571428571,39,3,0,0.6585999727249146,,63,279,62,35,32,8,27,1,3,55,7.857142857142857,3.857142857142857,2.037037037037037,1.1428571428571428,0.1971326164874552,0.0967741935483871,0.1003584229390681,0.24899598393574296,1.4126984126984128,0.2903225806451613,0.6940874035989717,,,4.499813111623128,0.1091470942698827,,,,,,,,,229.2343998908997,3.6386412681095193,233.63439989089966,3.7084825379507884,,,,,,,,,,,,,,,,,,,"Easton Lucas","26058",687922
"Logan Gillaspie","SDP",3,3,,4.177949648210395,47,0,0,0.6158000230789185,,51.70000076293945,224,52,26,24,6,16,0,2,41,7.13733064902609,2.7852997654735963,2.5625,1.0444874120525987,0.18303571428571427,0.07142857142857142,0.11160714285714285,0.2524271844660194,1.315280444806976,0.2893081761006289,0.7046979865771812,,,4.133597752412571,0.10891025682302517,,,,,,,,,204.0432057380676,3.946677035338336,210.96320390701294,4.080526127540011,,,,,,,,,,,,,,,,,,,"Logan Gillaspie","22461",670810
"Nate Pearson","CHC",2,3,,4.11864406779661,51,1,0,11.125100135803223,,59,255,52,29,27,8,25,1,3,64,9.76271186440678,3.8135593220338984,2.56,1.2203389830508475,0.25098039215686274,0.09803921568627451,0.15294117647058825,0.2290748898678414,1.305084745762712,0.2838709677419355,0.729483282674772,,,4.183428930832168,0.1080433920344745,,,,,,,,,291.5004005432129,4.94068475496971,279.5004005432129,4.737294924461235,,,,,,,,,,,,,,,,,,,"Nate Pearson","20160",663878
"Brett Wichrowski","MIL",3,4,,4.891304347826087,23,23,0,0,,92,414,91,54,50,13,40,0,11,71,6.945652173913044,3.9130434782608696,1.775,1.2717391304347827,0.17149758454106281,0.0966183574879227,0.07487922705314011,0.25068870523415976,1.423913043478261,0.27956989247311825,0.6826241134751774,,,5.12300151742023,0.10734319492827295,,,,,,,,,273.30000000000007,2.9706521739130443,280,3.0434782608695654,,,,,,,,,,,,,,,,,,,"Brett Wichrowski","sa3023366",814489
"Taylor Widener","ATL",3,3,,4.679376021315761,24,10,0,0,,57.70000076293945,253,58,32,30,9,23,1,4,52,8.110918436947319,3.5875216163420833,2.260869565217391,1.4038128063947284,0.20553359683794467,0.09090909090909091,0.11462450592885376,0.25663716814159293,1.4038128063947284,0.296969696969697,0.7163742690058479,,,4.7955958745997265,0.10641975573069162,,,,,,,,,188.48000564575204,3.2665511811710792,194.50000381469727,3.370883903690068,,,,,,,,,,,,,,,,,,,"Taylor Widener","19266",642203
"Buck Farmer","ATL",3,2,,3.964110979190484,55,1,0,0.6258999705314636,,61.29999923706055,265,55,29,27,7,28,2,4,62,9.102773359622592,4.110929904345687,2.2142857142857144,1.0277324760864217,0.2339622641509434,0.10566037735849057,0.12830188679245283,0.23605150214592274,1.3539967542090954,0.2926829268292683,0.7377049180327868,,,4.194212254376216,0.10637300182616576,,,,,,,,,255.02359423637392,4.1602544438890074,246.0035960674286,4.0131092843260685,,,,,,,,,,,,,,,,,,,"Buck Farmer","14814",571656
"Nick Avila","BAL",4,5,,4.595744680851064,34,3,0,0,,47,208,49,26,24,6,18,0,1,38,7.276595744680851,3.4468085106382977,2.111111111111111,1.148936170212766,0.18269230769230768,0.08653846153846154,0.09615384615384615,0.25925925925925924,1.425531914893617,0.296551724137931,0.6996587030716723,,,4.421798927225965,0.10486306561864202,,,,,,,,,165.6,3.5234042553191487,176,3.74468085106383,,,,,,,,,,,,,,,,,,,"Nick Avila","25667",687014
"Austin Pope","ARI",5,4,,4.179104530487624,45,2,0,0,,60.29999923706055,266,59,30,28,7,25,0,3,55,8.208955327743547,3.7313433307925212,2.2,1.044776132621906,0.20676691729323307,0.09398496240601503,0.11278195488721804,0.24789915966386555,1.3930348434958746,0.29545454545454547,0.7277628032345013,,,4.244423407185412,0.10414791246425989,,,,,,,,,232.71999435424797,3.859369772781317,236.49999618530273,3.9220563711043828,,,,,,,,,,,,,,,,,,,"Austin Pope","26136",687166
"Bryan King","HOU",1,1,,3.8596491802081605,50,0,0,13.249799728393555,,51.29999923706055,225,46,24,22,5,24,0,4,50,8.771929955018546,4.210526378408902,2.0833333333333335,0.8771929955018547,0.2222222222222222,0.10666666666666667,0.11555555555555554,0.233502538071066,1.3645224374473295,0.2887323943661972,0.7301587301587301,,,4.121645484502926,0.1033014105749065,,,,,,,,,267.5191932678223,5.214799166596459,260.49919509887695,5.077957094991243,,,,,,,,,,,,,,,,,,,"Bryan King","25890",687911
"Sam Moll","CIN",3,3,,4.569536500800876,53,0,0,6.9756999015808105,,45.29999923706055,197,41,25,23,5,21,4,4,44,8.74172200153211,4.172185500731235,2.0952380952380953,0.9933775001741034,0.2233502538071066,0.1065989847715736,0.116751269035533,0.23837209302325582,1.3686534446843204,0.2926829268292683,0.6727272727272727,,,4.314382667379871,0.1024893357044261,,,,,,,,,208.02279396057128,4.592114734306331,202.40279579162598,4.468052962482999,,,,,,,,,,,,,,,,,,,"Sam Moll","14874",594580
"Shintaro Fujinami","SEA",4,4,,4.446337250557306,32,5,0,0.6220999956130981,,58.70000076293945,264,51,31,29,6,36,0,4,62,9.505962397743208,5.519591069657346,1.7222222222222223,0.919931844942891,0.23484848484848486,0.13636363636363635,0.09848484848484851,0.22767857142857142,1.4821124168524356,0.28846153846153844,0.712468193384224,,,4.427127121359683,0.10177708877724632,,,,,,,,,234.4684056282043,3.9943509809328166,221.98840379714966,3.781744478908136,,,,,,,,,,,,,,,,,,,"Shintaro Fujinami","31839",660261
"Lucas Luetge","CHC",3,3,,3.9957717346412664,38,1,0,0,,47.29999923706055,207,49,23,21,6,16,0,2,42,7.991543469282533,3.0443975121076314,2.625,1.1416490670403618,0.2028985507246377,0.07729468599033816,0.12560386473429952,0.25925925925925924,1.3742072103263614,0.3049645390070922,0.7420494699646643,,,4.181278948992339,0.10112730404424036,,,,,,,,,178.81999435424805,3.7805496244942605,188.49999618530273,3.9852008292974563,,,,,,,,,,,,,,,,,,,"Lucas Luetge","8337",476595
"Justin Sterner","OAK",3,2,,4.186046579147994,34,1,0,10.65369987487793,,47.29999923706055,204,43,24,22,6,18,1,3,48,9.133192536322895,3.4249472011210855,2.6666666666666665,1.1416490670403618,0.23529411764705882,0.08823529411764706,0.14705882352941174,0.23497267759562843,1.2896406127678162,0.2868217054263566,0.7034220532319392,,,4.11785400082343,0.09848892885141902,,,,,,,,,240.03479385375977,5.074731452969822,234.11479568481445,4.949572927294692,,,,,,,,,,,,,,,,,,,"Justin Sterner","27694",686993
"Luis Moreno","NYM",5,6,,5.025853312695833,24,18,0,0,,96.69999694824219,437,99,58,54,13,48,0,6,73,6.794209107903627,4.467425166840741,1.5208333333333333,1.2099276493527007,0.16704805491990846,0.10983981693363844,0.05720823798627002,0.2584856396866841,1.5201655081610854,0.2895622895622896,0.6909937888198757,,,5.079613240941502,0.0977965633498304,,,,,,,,,282.27997741699227,2.9191311926108963,298.49998474121094,3.086866537348294,,,,,,,,,,,,,,,,,,,"Luis Moreno","sa3009950",691032
"Cole Winn","TEX",4,6,,5.37848583779766,23,12,0,0,,75.30000305175781,340,73,49,45,10,41,0,4,63,7.529880172916725,4.900398207771202,1.5365853658536586,1.1952190750661467,0.18529411764705883,0.12058823529411765,0.06470588235294118,0.24745762711864408,1.5139441617504525,0.28378378378378377,0.65,,,5.012429238669733,0.09727823186954189,,,,,,,,,235.42002258300778,3.126427796041266,237.50001525878906,3.154050539620062,,,,,,,,,,,,,,,,,,,"Cole Winn","22113",668390
"Chase Shugart","PIT",3,5,,4.60881914559033,37,6,0,0.6169999837875366,,70.30000305175781,312,75,39,36,9,26,0,4,51,6.529160456252967,3.328591605148571,1.9615384615384615,1.1522047863975824,0.16346153846153846,0.08333333333333333,0.08012820512820513,0.26595744680851063,1.4366997953846397,0.2972972972972973,0.7013574660633484,,,4.660078575471847,0.09696448970220088,,,,,,,,,228.98802251815795,3.2572974762115923,248.9680151939392,3.541507886004479,,,,,,,,,,,,,,,,,,,"Chase Shugart","21544",663767
"Tyler Matzek","NYY",1,1,,4.351145122637666,42,0,0,0.6694999933242798,,39.29999923706055,168,35,21,19,4,19,2,1,35,8.015267331174648,4.351145122637666,1.8421052631578947,0.9160305521342456,0.20833333333333334,0.1130952380952381,0.09523809523809525,0.23648648648648649,1.3740458282013683,0.28440366972477066,0.6818181818181819,,,4.235182089113081,0.09636562954518668,,,,,,,,,163.2979943275452,4.155165330729893,157.17799615859985,3.999440183458793,,,,,,,,,,,,,,,,,,,"Tyler Matzek","10058",554431
"Connor Van Scoyoc","COL",5,8,,5.418367346938775,21,20,0,0,,98,448,114,64,59,15,39,0,7,57,5.23469387755102,3.5816326530612246,1.4615384615384615,1.3775510204081634,0.12723214285714285,0.08705357142857142,0.040178571428571425,0.2835820895522388,1.5612244897959184,0.3,0.6742424242424242,,,5.401173655840815,0.09613135018830903,,,,,,,,,220.3,2.2479591836734696,271,2.7653061224489797,,,,,,,,,,,,,,,,,,,"Connor Van Scoyoc","sa3010243",681854
"Amir Garrett","TOR",2,2,,4.079320201480859,33,1,0,0,,35.29999923706055,154,30,17,16,4,19,1,2,38,9.68838547851704,4.84419273925852,2,1.0198300503702147,0.24675324675324675,0.12337662337662338,0.12337662337662338,0.22556390977443608,1.3881020130039035,0.2857142857142857,0.7373271889400922,,,4.271295666190861,0.09592625050393923,,,,,,,,,147.01999435424807,4.164872451325597,137.49999618530273,3.895184112098934,,,,,,,,,,,,,,,,,,,"Amir Garrett","14375",607237
"Emmanuel Chapman","PIT",2,4,,4.716157414739014,34,7,0,0,,68.69999694824219,304,71,39,36,9,30,1,2,53,6.943231749476881,3.930131178949178,1.7666666666666666,1.1790393536847534,0.17434210526315788,0.09868421052631579,0.07565789473684209,0.2610294117647059,1.470160181755063,0.29523809523809524,0.7013574660633484,,,4.723976208465951,0.09575051929252704,,,,,,,,,223.07997741699225,3.247161387577036,236.49998474121094,3.4425035698238444,,,,,,,,,,,,,,,,,,,"Emmanuel Chapman","sa3023456",820888
"Jack Leftwich","CLE",5,7,,4.52261300752965,33,6,0,0,,59.70000076293945,260,61,32,30,9,21,0,1,49,7.386934578965095,3.165829105270755,2.3333333333333335,1.356783902258895,0.18846153846153846,0.08076923076923077,0.10769230769230768,0.25630252100840334,1.373534320805301,0.28888888888888886,0.7204610951008645,,,4.590265354734314,0.09568044442673447,,,,,,,,,204.48000564575202,3.425125678937831,213.50000381469727,3.5762144235554807,,,,,,,,,,,,,,,,,,,"Jack Leftwich","sa3018169",676393
"Liam Hendriks","BOS",3,3,,4.25,39,0,12.956999778747559,8.407500267028809,,36,153,35,18,17,6,11,1,1,40,10,2.75,3.6363636363636362,1.5,0.26143790849673204,0.0718954248366013,0.18954248366013074,0.24822695035460993,1.2777777777777777,0.30526315789473685,0.7446808510638298,,,4.11092422273424,0.09525447314588088,,,,,,,,,244.01499996185305,6.778194443384807,244.41499996185303,6.789305554495917,,,,,,,,,,,,,,,,,,,"Liam Hendriks","3548",521230
"José Leclerc","OAK",4,3,,3.9661016949152543,55,0,3.055000066757202,12.867300033569336,,59,251,48,28,26,7,30,1,3,69,10.525423728813559,4.576271186440678,2.3,1.0677966101694916,0.2749003984063745,0.11952191235059761,0.15537848605577687,0.22018348623853212,1.3220338983050848,0.2887323943661972,0.7331378299120235,,,4.047835710493185,0.09404679377977061,,,,,,,,,331.44420046806334,5.617698313018023,309.74420046806335,5.249901702848532,,,,,,,,,,,,,,,,,,,"Jose Leclerc","14524",600917
"Steven Okert","HOU",3,2,,3.8054968901345396,52,1,0,4.527400016784668,,47.29999923706055,196,39,22,20,7,18,2,4,54,10.274841603363257,3.4249472011210855,3,1.331923911547089,0.2755102040816326,0.09183673469387756,0.18367346938775508,0.22413793103448276,1.205074015209271,0.2831858407079646,0.7415254237288135,,,4.202420598381975,0.09327555590724368,,,,,,,,,222.6295944213867,4.706756829013894,205.6095962524414,4.3469259951138,,,,,,,,,,,,,,,,,,,"Steven Okert","13580",595345
"Zack Kelly","BOS",4,3,,4.285714228046905,51,2,0,0.6410999894142151,,56.70000076293945,244,49,29,27,7,28,2,4,60,9.52380939565979,4.444444384641235,2.142857142857143,1.1111110961603088,0.2459016393442623,0.11475409836065574,0.13114754098360654,0.23113207547169812,1.3580246730848218,0.2896551724137931,0.7142857142857143,,,4.34813761071425,0.0922088071983732,,,,,,,,,232.64440560340879,4.1030758813582064,219.06440377235413,3.8635696794476964,,,,,,,,,,,,,,,,,,,"Zack Kelly","20349",677161
"Luke Westphal","SDP",2,1,,4.621621621621622,16,6,0,0,,37,165,36,21,19,5,20,0,0,33,8.027027027027026,4.864864864864865,1.65,1.2162162162162162,0.2,0.12121212121212122,0.0787878787878788,0.2482758620689655,1.5135135135135136,0.2897196261682243,0.7142857142857143,,,4.76107437288439,0.09197009683108358,,,,,,,,,124.7,3.3702702702702703,126,3.4054054054054053,,,,,,,,,,,,,,,,,,,"Luke Westphal","sa869541",661332
"Keynan Middleton","STL",2,1,,3.923705640502729,38,0,0,0,,36.70000076293945,154,32,17,16,5,14,0,1,39,9.564032498725403,3.433242435439888,2.7857142857142856,1.226158012657103,0.2532467532467532,0.09090909090909091,0.1623376623376623,0.2302158273381295,1.2534059684939274,0.28421052631578947,0.7435897435897436,,,4.03841436506818,0.09194652888281646,,,,,,,,,159.88000564575196,4.3564033330267025,151.50000381469727,4.1280654132216155,,,,,,,,,,,,,,,,,,,"Keynan Middleton","15264",641871
"Austin Voth","SEA",3,3,,4.178571428571429,48,3,0,0,,56,240,53,28,26,8,20,1,2,55,8.839285714285714,3.2142857142857144,2.75,1.2857142857142858,0.22916666666666666,0.08333333333333333,0.14583333333333331,0.24311926605504589,1.3035714285714286,0.2903225806451613,0.7281553398058253,,,4.237908349718366,0.09193014966269379,,,,,,,,,222.2000000000001,3.9678571428571447,220,3.9285714285714284,,,,,,,,,,,,,,,,,,,"Austin Voth","15047",608723
"Matt Sauer","LAD",3,4,,4.99250397655042,28,9,0,0.7239999771118164,,66.69999694824219,297,67,40,37,10,27,0,6,55,7.421289694872246,3.6431785774827388,2.037037037037037,1.349325399067681,0.18518518518518517,0.09090909090909091,0.09427609427609426,0.2537878787878788,1.4092954168040224,0.2864321608040201,0.675,,,4.950587805945951,0.09181875344692264,,,,,,,,,210.27597732543953,3.1525635224332818,217.3959846496582,3.2593102638123503,,,,,,,,,,,,,,,,,,,"Matt Sauer","22284",669422
"Tim Brennan","TEX",3,4,,5.147928916616212,18,11,0,0,,50.70000076293945,226,54,31,29,6,17,0,6,27,4.7928993361599215,3.017751433878469,1.588235294117647,1.0650887413688714,0.11946902654867257,0.0752212389380531,0.04424778761061947,0.2660098522167488,1.4003944562442567,0.2823529411764706,0.6389776357827476,,,5.000799277313963,0.09133591313972667,,,,,,,,,145.98000564575196,2.8792900088565685,160.50000381469727,3.165680500975833,,,,,,,,,,,,,,,,,,,"Tim Brennan","sa3008630",681815
"Jake Bird","COL",2,3,,4.54976308801254,52,1,0.9879999756813049,10.53320026397705,,63.29999923706055,279,62,35,32,7,27,1,6,53,7.535545114520769,3.8388626055105806,1.962962962962963,0.9952606755027431,0.18996415770609318,0.0967741935483871,0.09318996415770608,0.25203252032520324,1.4060031765038752,0.2956989247311828,0.6818181818181818,,,4.493494012293453,0.09050103786515189,,,,,,,,,275.1927952885627,4.347437576704492,279.57279711961746,4.416631919261299,,,,,,,,,,,,,,,,,,,"Jake Bird","21267",656234
"Kendall Graveman","ARI",4,2,,3.4689506927923053,47,0,0,6.892499923706055,,46.70000076293945,203,42,19,18,4,22,1,4,44,8.479657249047857,4.239828624523929,2,0.7708779317316234,0.21674876847290642,0.10837438423645321,0.10837438423645321,0.23728813559322035,1.370449656411775,0.29457364341085274,0.7705479452054794,,,4.065837365310022,0.0900891067263976,,,,,,,,,224.7500053405762,4.8126338687115195,219.07000350952148,4.691006422496095,,,,,,,,,,,,,,,,,,,"Kendall Graveman","15514",608665
"Garrett McDaniels","LAA",4,5,,4.736842047624822,30,6,0,0,,62.70000076293945,280,64,36,33,8,26,0,4,50,7.177033405492154,3.73205737085592,1.9230769230769231,1.1483253448787447,0.17857142857142858,0.09285714285714286,0.08571428571428572,0.256,1.4354066810984307,0.2916666666666667,0.6852791878172589,,,4.66568231188149,0.08868384958422092,,,,,,,,,209.18000564575206,3.336204196179111,219.50000381469727,3.5007974664083057,,,,,,,,,,,,,,,,,,,"Garrett McDaniels","31751",680729
"Duane Underwood Jr.","NYY",2,3,,4.630872404181762,35,2,0,0,,44.70000076293945,197,43,25,23,5,19,1,3,36,7.24832202393667,3.8255032904110204,1.894736842105263,1.0067113922134263,0.18274111675126903,0.09644670050761421,0.08629441624365482,0.24571428571428572,1.3870245848273874,0.2835820895522388,0.6727272727272727,,,4.486390270302954,0.0881605079189768,,,,,,,,,163.48000564575193,3.657270757393194,164.50000381469727,3.6800895079868408,,,,,,,,,,,,,,,,,,,"Duane Underwood Jr.","14677",621249
"Ian Bedell","STL",3,4,,4.823150967641065,21,18,0,0,,93.30000305175781,411,94,54,50,14,37,1,8,71,6.848874374050312,3.569131716054388,1.9189189189189189,1.3504822709394981,0.17274939172749393,0.09002433090024331,0.08272506082725062,0.2568306010928962,1.4040728372466211,0.2846975088967972,0.6912028725314183,,,5.042149599039098,0.08809047127609458,,,,,,,,,280.8200225830078,3.0098608081204885,291.50001525878906,3.124330179250697,,,,,,,,,,,,,,,,,,,"Ian Bedell","sa3014538",678016
"Logan Boyer","LAD",1,1,,4.91467589589079,25,5,0,0,,29.299999237060547,130,27,17,16,4,14,0,2,28,8.600682817808883,4.300341408904441,2,1.2286689739726975,0.2153846153846154,0.1076923076923077,0.1076923076923077,0.23684210526315788,1.3993174425800166,0.2804878048780488,0.6779661016949153,,,4.668186302034203,0.08685816845853553,,,,,,,,,105.41999435424803,3.59795211942893,102.49999618530273,3.498293476255592,,,,,,,,,,,,,,,,,,,"Logan Boyer","sa3015002",669188
"Omar Cruz","SDP",3,5,,4.57831344005226,29,7,0,0,,74.69999694824219,328,69,41,38,10,33,0,8,67,8.072289486407932,3.9759037768874887,2.0303030303030303,1.2048193263295421,0.20426829268292682,0.10060975609756098,0.10365853658536583,0.24041811846689895,1.365461903173481,0.28095238095238095,0.6931818181818182,,,4.759518665325523,0.08643630318376756,,,,,,,,,261.37997741699223,3.4990627589730168,254.49998474121094,3.406961112964272,,,,,,,,,,,,,,,,,,,"Omar Cruz","23875",678316
"Andrew Misiaszek","CLE",3,2,,3.825,29,1,0,0,,40,175,36,18,17,5,19,1,2,43,9.675,4.275,2.263157894736842,1.125,0.24571428571428572,0.10857142857142857,0.13714285714285715,0.23376623376623376,1.375,0.29245283018867924,0.7708333333333334,,,4.216479778289795,0.08610397181762075,,,,,,,,,163.89999999999998,4.097499999999999,158,3.95,,,,,,,,,,,,,,,,,,,"Andrew Misiaszek","sa3010118",667280
"Ryan Rolison","COL",2,4,,5.086956521739131,24,7,0,0,,46,207,52,28,26,7,18,1,1,32,6.260869565217392,3.5217391304347827,1.7777777777777777,1.3695652173913044,0.15458937198067632,0.08695652173913043,0.06763285024154589,0.2765957446808511,1.5217391304347827,0.30201342281879195,0.6976744186046512,,,4.992566734811534,0.08560722096145217,,,,,,,,,126.1,2.741304347826087,146,3.1739130434782608,,,,,,,,,,,,,,,,,,,"Ryan Rolison","22200",669020
"Cody Bolton","SEA",2,3,,4.090909090909091,45,3,0,0.6220999956130981,,55,242,51,27,25,6,25,0,3,51,8.345454545454546,4.090909090909091,2.04,0.9818181818181818,0.21074380165289255,0.10330578512396695,0.10743801652892561,0.2383177570093458,1.3818181818181818,0.28662420382165604,0.7248520710059172,,,4.257388869198886,0.08488654967592554,,,,,,,,,221.0883999824524,4.019789090590043,217.4883999824524,3.954334545135498,,,,,,,,,,,,,,,,,,,"Cody Bolton","23265",675989
"Tommy Romero","SFG",4,4,,4.661354392757972,24,11,0,0,,75.30000305175781,333,77,42,39,10,34,0,2,58,6.932270635383651,4.063744855224899,1.7058823529411764,1.1952190750661467,0.17417417417417416,0.1021021021021021,0.07207207207207206,0.25925925925925924,1.4741035259149142,0.2925764192139738,0.711340206185567,,,4.786665635601683,0.08286618497251132,,,,,,,,,242.02002258300777,3.21407719487945,254.50001525878906,3.379814142688112,,,,,,,,,,,,,,,,,,,"Tommy Romero","23465",676720
"Evan Fitterer","MIA",5,9,,4.9714285714285715,23,23,0,0,,105,485,113,63,58,13,54,0,10,75,6.428571428571429,4.628571428571429,1.3888888888888888,1.1142857142857143,0.15463917525773196,0.11134020618556702,0.04329896907216495,0.2684085510688836,1.5904761904761904,0.3003003003003003,0.6989247311827956,,,5.176003587813605,0.08189497213430146,,,,,,,,,281.3,2.679047619047619,314,2.9904761904761905,,,,,,,,,,,,,,,,,,,"Evan Fitterer","sa3011433",683157
"Jakob Hernandez","BAL",2,1,,4.128440270649849,29,0,0,0,,32.70000076293945,142,30,16,15,4,14,1,1,33,9.082568595429667,3.8532109192731916,2.357142857142857,1.1009174055066262,0.2323943661971831,0.09859154929577464,0.13380281690140844,0.23622047244094488,1.345565717841432,0.28888888888888886,0.7291666666666667,,,4.114491988587168,0.08135458798913012,,,,,,,,,135.78000564575194,4.152293653755453,132.50000381469727,4.051987789702627,,,,,,,,,,,,,,,,,,,"Jakob Hernandez","sa3004823",674342
"Joe Elbis","ARI",6,6,,4.757033124319582,23,23,0,0,,117.30000305175781,525,127,67,62,16,46,0,8,73,5.6010228721827335,3.529411672882271,1.5869565217391304,1.2276214514373116,0.13904761904761906,0.08761904761904762,0.051428571428571435,0.26963906581740976,1.4748507715184367,0.2905759162303665,0.703851261620186,,,5.07611314719228,0.08112886920677333,,,,,,,,,325.0200225830079,2.7708441102051387,362.50001525878906,3.0903666310975155,,,,,,,,,,,,,,,,,,,"Joe Elbis","sa3015216",692544
"Matt Barnes","WSN",1,3,,4.666666666666667,30,2,0,0,,27,120,27,15,14,3,12,1,2,24,8,4,2,1,0.2,0.1,0.1,0.25471698113207547,1.4444444444444444,0.3037974683544304,0.6896551724137931,,,4.388702000512017,0.08066085995474073,,,,,,,,,98.7,3.6555555555555554,102,3.7777777777777777,,,,,,,,,,,,,,,,,,,"Matt Barnes","12863",598264
"Yency Almonte","CHC",2,1,,4.153846153846154,38,0,0,0,,39,164,31,19,18,4,18,1,4,41,9.461538461538462,4.153846153846154,2.2777777777777777,0.9230769230769231,0.25,0.10975609756097561,0.1402439024390244,0.21830985915492956,1.2564102564102564,0.27835051546391754,0.6912442396313364,,,4.0895567013667184,0.07856299773806766,,,,,,,,,174.8,4.482051282051282,159,4.076923076923077,,,,,,,,,,,,,,,,,,,"Yency Almonte","15068",622075
"Michael Tonkin","MIN",3,4,,4.272587855453241,46,0,0,4.253900051116943,,65.30000305175781,281,61,34,31,8,25,1,6,65,8.958651954982601,3.445635367301001,2.6,1.1026033175363203,0.2313167259786477,0.08896797153024912,0.14234875444839856,0.244,1.3169984070572713,0.2994350282485876,0.6951871657754011,,,4.192513420997204,0.0785322850855443,,,,,,,,,280.2356227874757,4.291510102462882,276.51561546325684,4.2345421522275615,,,,,,,,,,,,,,,,,,,"Michael Tonkin","10315",543859
"Tim Cate","WSN",4,6,,4.880382715734664,39,7,0,0,,62.70000076293945,282,65,37,34,8,29,1,2,48,6.889952069272468,4.16267937518545,1.6551724137931034,1.1483253448787447,0.1702127659574468,0.10283687943262411,0.0673758865248227,0.2589641434262948,1.4992025335916943,0.2923076923076923,0.6884057971014493,,,4.7773250537447005,0.07835912733188426,,,,,,,,,199.58000564575207,3.1830941501952785,212.50000381469727,3.389154724545094,,,,,,,,,,,,,,,,,,,"Tim Cate","sa3007926",669420
"Luke Albright","ARI",4,4,,4.780876300264587,20,15,0,0,,75.30000305175781,345,76,43,40,9,42,0,5,61,7.290836357903495,5.019920115277817,1.4523809523809523,1.0756971675595322,0.17681159420289855,0.12173913043478261,0.055072463768115934,0.2550335570469799,1.5670650095311702,0.29385964912280704,0.7115749525616698,,,4.972588602834195,0.07826557598775893,,,,,,,,,229.9200225830078,3.0533866303427795,240.50001525878906,3.1938911754556005,,,,,,,,,,,,,,,,,,,"Luke Albright","sa3017592",681475
"Trevor Brigden","TBR",3,3,,4.3125,34,1,0,0,,48,208,46,25,23,6,19,1,2,46,8.625,3.5625,2.4210526315789473,1.125,0.22115384615384615,0.09134615384615384,0.1298076923076923,0.24598930481283424,1.3541666666666667,0.2962962962962963,0.7067137809187279,,,4.187313111623128,0.07810312533407145,,,,,,,,,190.8,3.975,191,3.9791666666666665,,,,,,,,,,,,,,,,,,,"Trevor Brigden","sa3011481",688953
"Garrett Hill","SEA",4,4,,4.5,35,8,0,0,,72,319,67,39,36,9,36,0,5,69,8.625,4.5,1.9166666666666667,1.125,0.21630094043887146,0.11285266457680251,0.10344827586206895,0.24100719424460432,1.4305555555555556,0.29,0.7079646017699115,,,4.583146444956462,0.07804186428580207,,,,,,,,,262.9000000000001,3.6513888888888903,258,3.5833333333333335,,,,,,,,,,,,,,,,,,,"Garrett Hill","25097",682051
"Kyle Jones","MIN",3,5,,5.068493386115895,16,15,0,0,,65.69999694824219,289,72,40,37,11,25,0,0,46,6.301370155711653,3.4246576933215507,1.84,1.5068493850614821,0.15916955017301038,0.08650519031141868,0.0726643598615917,0.2727272727272727,1.4764079833430686,0.2946859903381642,0.698529411764706,,,5.084288086549863,0.07801988763108302,,,,,,,,,180.67997741699216,2.750075887512294,202.49998474121094,3.082191691739932,,,,,,,,,,,,,,,,,,,"Kyle Jones","sa3020556",675781
"Jake Higginbotham","SDP",3,4,,4.475138184424668,38,2,0,0,,54.29999923706055,237,55,29,27,7,19,0,2,44,7.292817782025385,3.1491713149655074,2.3157894736842106,1.1602210107767659,0.18565400843881857,0.08016877637130802,0.10548523206751055,0.25462962962962965,1.362799282499693,0.2909090909090909,0.7009345794392523,,,4.381949408627359,0.07768878972292363,,,,,,,,,197.71999435424806,3.6412522492136845,205.49999618530273,3.784530369662436,,,,,,,,,,,,,,,,,,,"Jake Higginbotham","sa3007590",663977
"Raymond Burgos","SFG",3,4,,4.285714285714286,26,0,0,0,,42,184,43,22,20,4,14,0,2,32,6.857142857142857,3,2.2857142857142856,0.8571428571428571,0.17391304347826086,0.07608695652173914,0.09782608695652173,0.25595238095238093,1.3571428571428572,0.29545454545454547,0.6809338521400778,,,4.023622635432652,0.07693498757059537,,,,,,,,,165.8,3.947619047619048,174,4.142857142857143,,,,,,,,,,,,,,,,,,,"Raymond Burgos","22370",670103
"Dauri Moreta","PIT",3,3,,4.1509433298339955,43,1,0,0.6169999837875366,,47.70000076293945,200,42,24,22,7,19,1,2,50,9.43396211325908,3.5849056030384503,2.6315789473684212,1.3207546958562713,0.25,0.095,0.155,0.2346368715083799,1.2788259753528974,0.28688524590163933,0.72265625,,,4.298555231880885,0.07680838825789148,,,,,,,,,197.14800558090212,4.133081811899601,186.9680037498474,3.919664586150538,,,,,,,,,,,,,,,,,,,"Dauri Moreta","21101",664294
"Zack Weiss","STL",2,2,,4.2857141941249175,28,1,0,0,,35.70000076293945,155,33,18,17,4,14,1,3,33,8.31932755330131,3.529411689279344,2.357142857142857,1.0084033397940984,0.2129032258064516,0.09032258064516129,0.12258064516129032,0.2391304347826087,1.3165265825089616,0.2871287128712871,0.7004830917874396,,,4.2028943219670625,0.07676594714435962,,,,,,,,,144.18000564575198,4.038655534019673,141.50000381469727,3.963585456322732,,,,,,,,,,,,,,,,,,,"Zack Weiss","15444",592848
"Kyle Cody","SFG",3,4,,4.714285714285714,24,4,0,0,,42,187,45,24,22,5,14,0,3,31,6.642857142857143,3,2.2142857142857144,1.0714285714285714,0.1657754010695187,0.0748663101604278,0.09090909090909091,0.2647058823529412,1.4047619047619047,0.29850746268656714,0.6730769230769231,,,4.452194064004081,0.07516093280854315,,,,,,,,,143.3,3.411904761904762,156,3.7142857142857144,,,,,,,,,,,,,,,,,,,"Kyle Cody","19686",621129
"Chris Gau","PIT",3,4,,4.6,27,4,0,0,,45,200,48,25,23,6,18,0,1,35,7,3.6,1.9444444444444444,1.2,0.175,0.09,0.08499999999999999,0.26519337016574585,1.4666666666666666,0.3,0.7118055555555556,,,4.61092422273424,0.0746414763323956,,,,,,,,,147.39999999999998,3.275555555555555,160,3.5555555555555554,,,,,,,,,,,,,,,,,,,"Chris Gau","sa3007728",680961
"Hunter Bigge","TBR",2,1,,4.140435911837819,39,1,0,7.538899898529053,,41.29999923706055,181,37,21,19,5,21,0,1,45,9.806295580668518,4.5762712709786415,2.142857142857143,1.0895883978520575,0.24861878453038674,0.11602209944751381,0.13259668508287292,0.23270440251572327,1.404358379453763,0.29357798165137616,0.7254901960784313,,,4.159215874110559,0.07441742096958322,,,,,,,,,202.07559394836426,4.8928716145600255,195.65559577941895,4.737423714135264,,,,,,,,,,,,,,,,,,,"Hunter Bigge","26259",685801
"Hayden Harris","ATL",4,3,,4.2281878472963905,39,0,0,0,,44.70000076293945,195,40,23,21,6,21,0,2,52,10.469798479019635,4.2281878472963905,2.4761904761904763,1.2080536706561118,0.26666666666666666,0.1076923076923077,0.15897435897435896,0.23255813953488372,1.364653220555978,0.2982456140350877,0.7224334600760456,,,4.128448441960403,0.07383356497451264,,,,,,,,,187.98000564575193,4.205369182042726,180.50000381469727,4.038031336329393,,,,,,,,,,,,,,,,,,,"Hayden Harris","31913",802686
"Andrew Wantz","TBR",1,2,,4.239828624523929,30,4,0,0,,46.70000076293945,197,42,24,22,7,19,1,2,47,9.057815697846575,3.6616701757252113,2.473684210526316,1.349036380530341,0.23857868020304568,0.09644670050761421,0.14213197969543145,0.23863636363636365,1.306209828767473,0.28688524590163933,0.72265625,,,4.451276331175834,0.0736799268837893,,,,,,,,,181.28000564575194,3.8817987726803964,173.50000381469727,3.715203447113961,,,,,,,,,,,,,,,,,,,"Andrew Wantz","24933",681806
"Sam Long","KCR",3,3,,4.426229508196721,49,2,0,9.868000030517578,,61,261,58,32,30,8,24,2,2,52,7.672131147540983,3.540983606557377,2.1666666666666665,1.180327868852459,0.19923371647509577,0.09195402298850575,0.10727969348659003,0.24680851063829787,1.3442622950819672,0.2857142857142857,0.7062146892655368,,,4.445168302879959,0.0730327548047117,,,,,,,,,267.6720001220704,4.3880655757716465,266.4720001220703,4.368393444624103,,,,,,,,,,,,,,,,,,,"Sam Long","25379",669674
"Dugan Darnell","COL",2,2,,4.8,40,1,0,0,,45,200,45,26,24,6,20,2,2,42,8.4,4,2.1,1.2,0.21,0.1,0.10999999999999999,0.25280898876404495,1.4444444444444444,0.3,0.6890459363957597,,,4.499813111623128,0.07215364545288938,,,,,,,,,160.2,3.5599999999999996,165,3.6666666666666665,,,,,,,,,,,,,,,,,,,"Dugan Darnell","27812",699911
"Jack Neely","CHC",2,2,,4,41,0,0,0.6420999765396118,,54,231,48,26,24,8,21,0,2,60,10,3.5,2.857142857142857,1.3333333333333333,0.2597402597402597,0.09090909090909091,0.1688311688311688,0.23076923076923078,1.2777777777777777,0.2857142857142857,0.7439446366782008,,,4.147961259771277,0.07209770342175029,,,,,,,,,229.96839990615848,4.258674072336269,219.56839990615845,4.066081479743675,,,,,,,,,,,,,,,,,,,"Jack Neely","30106",680891
"Kevin Miranda","TOR",3,5,,4.761904697829895,18,9,0,0,,56.70000076293945,247,63,32,30,9,15,0,2,31,4.920634854424224,2.3809523489149473,2.066666666666667,1.4285714093489685,0.12550607287449392,0.06072874493927125,0.06477732793522267,0.27391304347826084,1.3756613571508585,0.28421052631578947,0.7033639143730887,,,5.03596828928968,0.07191849532519612,,,,,,,,,156.08000564575195,2.7527337485993435,177.50000381469727,3.1305114890001153,,,,,,,,,,,,,,,,,,,"Kevin Miranda","sa3020757",806656
"Brendon Little","TOR",3,3,,3.9661016949152543,54,0,0,10.142900466918945,,59,259,55,28,26,6,27,1,3,51,7.779661016949152,4.11864406779661,1.8888888888888888,0.9152542372881356,0.1969111969111969,0.10424710424710425,0.09266409266409266,0.24017467248908297,1.3898305084745763,0.28488372093023256,0.7336956521739131,,,4.285123846086405,0.07136410859959796,,,,,,,,,272.3716018676758,4.616467828265692,269.5716018676758,4.569010201147047,,,,,,,,,,,,,,,,,,,"Brendon Little","21574",663893
"Sam Aldegheri","LAA",6,9,,5.145436466425536,22,21,0,0,,99.69999694824219,442,101,62,57,17,44,0,6,87,7.853560922438976,3.971915868819712,1.9772727272727273,1.534603858407616,0.19683257918552036,0.09954751131221719,0.09728506787330317,0.2576530612244898,1.4543631337849956,0.2916666666666667,0.6848184818481848,,,5.142407622121824,0.07084490663719187,,,,,,,,,290.07997741699216,2.9095284483066033,301.49998474121094,3.0240721561679718,,,,,,,,,,,,,,,,,,,"Sam Aldegheri","26443",691951
"Zach Davies","KCR",3,4,,5.444839660541732,18,18,0,0,,84.30000305175781,379,91,55,51,13,39,0,2,58,6.192170594341578,4.163700916884854,1.4871794871794872,1.3879003056282846,0.15303430079155672,0.10290237467018469,0.05013192612137203,0.2692307692307692,1.5421114506980942,0.29213483146067415,0.670840787119857,,,5.254261434619522,0.06880665565863399,,,,,,,,,220.32002258300784,2.6135233049486084,245.50001525878906,2.9122183436702724,,,,,,,,,,,,,,,,,,,"Zach Davies","13183",605200
"Andrew Politi","BOS",4,4,,4.563894593954873,35,4,0,0,,49.29999923706055,219,49,27,25,6,21,0,4,42,7.667342917844187,3.8336714589220935,2,1.0953347025491695,0.1917808219178082,0.0958904109589041,0.0958904109589041,0.25257731958762886,1.4198783181192938,0.2945205479452055,0.698051948051948,,,4.566074120435957,0.06790187357074097,,,,,,,,,172.61999435424806,3.5014198179638822,177.49999618530273,3.600405657853839,,,,,,,,,,,,,,,,,,,"Andrew Politi","sa3007243",681555
"Nick Morreale","SFG",3,5,,4.729521088614419,32,7,0,0,,64.69999694824219,288,68,37,34,8,25,0,3,48,6.676970948632121,3.4775890357458965,1.92,1.112828491438687,0.16666666666666666,0.08680555555555555,0.0798611111111111,0.26153846153846155,1.4374034681083039,0.29411764705882354,0.684596577017115,,,4.588427295128117,0.06776645676442282,,,,,,,,,215.57997741699222,3.3319936257408007,231.49998474121094,3.578052483161678,,,,,,,,,,,,,,,,,,,"Nick Morreale","sa3011533",687159
"Ryan Loutos","STL",3,3,,4.13969330224301,46,0,0,0.6466000080108643,,58.70000076293945,258,58,29,27,6,23,1,3,49,7.512776733700276,3.5264054056144154,2.130434782608696,0.919931844942891,0.18992248062015504,0.08914728682170543,0.10077519379844961,0.25,1.3798977674143365,0.2937853107344633,0.7162534435261708,,,4.1545547228580855,0.06754491658031186,,,,,,,,,232.36640567779534,3.9585417829244913,238.08640384674072,4.055986384195378,,,,,,,,,,,,,,,,,,,"Ryan Loutos","29521",702795
"Matt Cronin","SEA",1,2,,3.953488294153173,38,0,0,0,,38.70000076293945,168,35,18,17,4,18,1,1,38,8.837209128107093,4.18604642910336,2.111111111111111,0.9302325398007466,0.2261904761904762,0.10714285714285714,0.11904761904761905,0.2348993288590604,1.369509016928877,0.2897196261682243,0.7383966244725738,,,4.019192939773813,0.06721705917507209,,,,,,,,,165.18000564575198,4.268217116004154,160.50000381469727,4.147286838515982,,,,,,,,,,,,,,,,,,,"Matt Cronin","sa3011463",669091
"Sauryn Lao","SEA",2,1,,4.003868412868295,38,0,0,0,,51.70000076293945,223,51,25,23,7,14,1,3,48,8.35589929642079,2.437137294789397,3.4285714285714284,1.2185686473946984,0.21524663677130046,0.06278026905829596,0.15246636771300448,0.24757281553398058,1.2572533663596093,0.2913907284768212,0.7246376811594203,,,4.056228314482749,0.0670761216509761,,,,,,,,,208.88000564575194,4.040232157897474,212.50000381469727,4.110251463807046,,,,,,,,,,,,,,,,,,,"Sauryn Lao","21922",666659
"Gabriel Hughes","COL",4,6,,5.403087549266358,12,12,0,0,,58.29999923706055,260,64,38,35,11,23,0,2,44,6.792452919077707,3.5506003895178924,1.9130434782608696,1.6981132297694268,0.16923076923076924,0.08846153846153847,0.08076923076923077,0.2723404255319149,1.4922813231307084,0.29444444444444445,0.6843575418994414,,,5.396325433542578,0.06705693198931496,,,,,,,,,142.71999435424803,2.4480273794501666,161.49999618530273,2.7701543447472172,,,,,,,,,,,,,,,,,,,"Gabriel Hughes","31614",687312
"Justus Sheffield","CIN",3,6,,5.687203860015675,21,12,0,0,,63.29999923706055,295,71,43,40,9,31,1,5,47,6.682464535518418,4.407582991512148,1.5161290322580645,1.2796208685035269,0.15932203389830507,0.10508474576271186,0.05423728813559321,0.27413127413127414,1.6113744270044412,0.3054187192118227,0.6599552572706935,,,5.235990071795499,0.06574013193103759,,,,,,,,,159.11999435424806,2.513744016936533,185.49999618530273,2.930489706494296,,,,,,,,,,,,,,,,,,,"Justus Sheffield","17285",656954
"Zane Mills","STL",4,6,,4.795539214805753,26,10,0,0,,80.69999694824219,357,89,46,43,11,25,0,4,47,5.241635885950474,2.7881041946545073,1.88,1.2267658456479833,0.13165266106442577,0.0700280112044818,0.06162464985994398,0.27134146341463417,1.4126394586249504,0.28888888888888886,0.6896551724137931,,,4.851733869280964,0.06523265498458952,,,,,,,,,237.47997741699217,2.942750760812327,267.49998474121094,3.314745909008831,,,,,,,,,,,,,,,,,,,"Zane Mills","sa3017535",677312
"Wilkel Hernandez","DET",4,7,,5.1586490864170695,25,23,0,0,,97.69999694824219,439,105,61,56,15,40,0,6,65,5.987717689591241,3.6847493474407638,1.625,1.3817810052902864,0.1480637813211845,0.09111617312072894,0.056947608200455566,0.26717557251908397,1.4841351538303076,0.28753993610223644,0.6774193548387096,,,5.244268993652225,0.0652153057750575,,,,,,,,,257.47997741699226,2.6354143854620133,285.49998474121094,2.9222107846375693,,,,,,,,,,,,,,,,,,,"Wilkel Hernandez","sa918026",665859
"Michael Knorr","HOU",4,4,,4.584905660377358,14,9,0,0,,53,234,53,29,27,9,23,0,1,46,7.811320754716981,3.9056603773584904,2,1.528301886792453,0.19658119658119658,0.09829059829059829,0.09829059829059829,0.2523809523809524,1.4339622641509433,0.2838709677419355,0.7413249211356467,,,4.996668457535078,0.06501191572131562,,,,,,,,,163.70000000000005,3.0886792452830196,168,3.169811320754717,,,,,,,,,,,,,,,,,,,"Michael Knorr","sa3020872",681077
"James Gonzalez","OAK",4,6,,4.915591012921483,24,17,0,0,,100.69999694824219,445,105,59,55,15,39,0,5,74,6.613704271930722,3.4856009000715966,1.8974358974358974,1.3406157307967679,0.1662921348314607,0.08764044943820225,0.07865168539325844,0.26184538653366585,1.4299901128498858,0.28846153846153844,0.6910569105691057,,,4.944036932457362,0.06500577289539133,,,,,,,,,303.6799774169922,3.0156900359498295,324.49998474121094,3.2224428458324335,,,,,,,,,,,,,,,,,,,"James Gonzalez","sa3011609",686857
"Griff McGarry","PHI",2,4,,5.0625,25,9,0,0,,48,223,42,29,27,6,36,0,3,53,9.9375,6.75,1.4722222222222223,1.125,0.23766816143497757,0.16143497757847533,0.07623318385650224,0.22826086956521738,1.625,0.288,0.7040229885057472,,,5.020646444956462,0.0644641033991932,,,,,,,,,161.20000000000005,3.3583333333333343,151,3.1458333333333335,,,,,,,,,,,,,,,,,,,"Griff McGarry","sa3017130",676046
"Ryan Long","BAL",3,5,,4.994096992216936,22,11,0,0,,84.69999694824219,372,91,51,47,13,30,0,4,57,6.0566708203482,3.1877214843937893,1.9,1.381345976570642,0.1532258064516129,0.08064516129032258,0.07258064516129033,0.2692307692307692,1.4285714800431426,0.291044776119403,0.6809338521400778,,,5.0200807895854425,0.0637464857778342,,,,,,,,,242.27997741699224,2.8604484787058824,266.49998474121094,3.146398988704352,,,,,,,,,,,,,,,,,,,"Ryan Long","sa3017616",702465
"Garrett Davila","WSN",3,5,,4.980695176317573,33,8,0,0,,77.69999694824219,345,81,46,43,11,31,1,5,58,6.71814698200975,3.5907337317638315,1.8709677419354838,1.274131324174263,0.1681159420289855,0.08985507246376812,0.07826086956521738,0.2621359223300971,1.4414414980557317,0.2916666666666667,0.6832298136645963,,,4.903931583981972,0.06367736678449165,,,,,,,,,237.07997741699225,3.0512224804193604,253.49998474121094,3.2625481943078234,,,,,,,,,,,,,,,,,,,"Garrett Davila","sa875052",663657
"Vinny Nittoli","MIL",3,2,,4.153846153846154,33,1,0,0,,39,169,37,19,18,5,14,0,3,36,8.307692307692308,3.230769230769231,2.5714285714285716,1.1538461538461537,0.21301775147928995,0.08284023668639054,0.1301775147928994,0.24342105263157895,1.3076923076923077,0.2882882882882883,0.7272727272727273,,,4.294684906494924,0.06330820507855169,,,,,,,,,151.90000000000003,3.8948717948717957,151,3.871794871794872,,,,,,,,,,,,,,,,,,,"Vinny Nittoli","16754",657697
"Michael Mariot","SEA",5,7,,4.870349660238192,20,18,0,0,,88.69999694824219,388,97,52,48,14,26,0,6,59,5.986471457376111,2.638106065962354,2.269230769230769,1.420518650902806,0.15206185567010308,0.06701030927835051,0.08505154639175257,0.27247191011235955,1.386696778262263,0.29328621908127206,0.6866537717601547,,,4.970312985785422,0.06266240159213096,,,,,,,,,253.97997741699217,2.863359483148499,283.49998474121094,3.1961667925043735,,,,,,,,,,,,,,,,,,,"Michael Mariot","10835",592527
"Juan Mercedes","SFG",5,7,,5.008695652173913,23,22,0,0,,115,502,127,69,64,19,31,0,7,74,5.791304347826087,2.4260869565217393,2.3870967741935485,1.4869565217391305,0.14741035856573706,0.061752988047808766,0.0856573705179283,0.27370689655172414,1.373913043478261,0.29110512129380056,0.6773211567732116,,,5.018653691333274,0.06225780774143373,,,,,,,,,321.09999999999997,2.792173913043478,362,3.1478260869565218,,,,,,,,,,,,,,,,,,,"Juan Mercedes","sa3002818",675195
"Levi Stoudt","BAL",5,7,,4.880201577639429,27,14,0,0,,79.30000305175781,357,85,46,43,11,34,0,4,55,6.242118296980665,3.858764038133502,1.6176470588235294,1.2484236593961329,0.15406162464985995,0.09523809523809523,0.05882352941176472,0.2664576802507837,1.5006304592741395,0.2924901185770751,0.7046332046332047,,,5.020199757393144,0.061039196248780084,,,,,,,,,226.5200225830078,2.85649450019771,249.50001525878906,3.146280020896651,,,,,,,,,,,,,,,,,,,"Levi Stoudt","25650",686651
"Kevin Stevens","NYY",2,2,,4.272996935903919,29,0,0,0,,33.70000076293945,147,30,17,16,4,15,0,3,34,9.080118488795828,4.005934627409924,2.2666666666666666,1.0682492339759797,0.23129251700680273,0.10204081632653061,0.1292517006802721,0.23255813953488372,1.3353115424699746,0.2857142857142857,0.7106598984771574,,,4.294076191931107,0.06042216156627918,,,,,,,,,136.18000564575198,4.040949630942198,130.50000381469727,3.872403586358688,,,,,,,,,,,,,,,,,,,"Kevin Stevens","sa3020613",805728
"Yerry Rodríguez","PIT",2,3,,4.86,35,4,0,0,,50,227,50,29,27,6,26,1,3,47,8.46,4.68,1.8076923076923077,1.08,0.20704845814977973,0.1145374449339207,0.09251101321585903,0.25252525252525254,1.52,0.30344827586206896,0.6952662721893492,,,4.586479778289795,0.05993200184417759,,,,,,,,,173.2,3.464,179,3.58,,,,,,,,,,,,,,,,,,,"Yerry Rodriguez","21955",666720
"Aaron Davenport","CLE",5,6,,4.74934049686752,24,22,0,0,,113.69999694824219,510,117,65,60,17,54,0,5,88,6.965699395405696,4.274406447180768,1.6296296296296295,1.3456464741124639,0.17254901960784313,0.10588235294117647,0.06666666666666667,0.25942350332594233,1.5039578240080478,0.28901734104046245,0.720108695652174,,,5.118986427001998,0.05949526825317226,,,,,,,,,327.0799774169922,2.876692930483398,346.49998474121094,3.0474933512877977,,,,,,,,,,,,,,,,,,,"Aaron Davenport","sa3017615",702126
"Josh Staumont","CIN",1,2,,4.789915864021967,37,0,0,0.6014000177383423,,35.70000076293945,157,32,21,19,4,20,0,1,36,9.075630058146885,5.0420166989704915,1.8,1.0084033397940984,0.22929936305732485,0.12738853503184713,0.10191082802547771,0.23529411764705882,1.4565826019248085,0.2916666666666667,0.6681034482758621,,,4.370961545266079,0.058466147093231925,,,,,,,,,143.18560571670537,4.010801194865739,137.90560388565063,3.8629019870725574,,,,,,,,,,,,,,,,,,,"Josh Staumont","18335",622251
"Bradgley Rodriguez","SDP",2,1,,4.168096109434048,47,0,0,0,,58.29999923706055,257,52,29,27,6,27,0,5,56,8.644940078826172,4.168096109434048,2.074074074074074,0.9262435798742328,0.2178988326848249,0.10505836575875487,0.11284046692607004,0.2311111111111111,1.3550600520382294,0.2822085889570552,0.708215297450425,,,4.229944629256507,0.058207652921923134,,,,,,,,,238.41999435424802,4.089536834893945,229.49999618530273,3.9365351490332885,,,,,,,,,,,,,,,,,,,"Bradgley Rodriguez","29107",699134
"Cameron Cotter","SFG",6,6,,4.210526378408902,39,0,0,0,,51.29999923706055,224,55,26,24,6,14,0,1,38,6.666666765814095,2.4561403874051932,2.7142857142857144,1.0526315946022256,0.16964285714285715,0.0625,0.10714285714285715,0.2631578947368421,1.3450292597695104,0.296969696969697,0.7095709570957096,,,4.082659129147288,0.058063682306921646,,,,,,,,,193.81999435424808,3.778167587461232,209.49999618530273,4.083820649142507,,,,,,,,,,,,,,,,,,,"Cameron Cotter","sa3021726",694650
"Jordan Geber","NYM",5,6,,5.006784467835734,22,11,0,0,,73.69999694824219,326,80,44,41,11,24,0,4,46,5.617367939523019,2.9308006640989666,1.9166666666666667,1.3432836377120263,0.1411042944785276,0.0736196319018405,0.0674846625766871,0.2684563758389262,1.4111262456772802,0.2863070539419087,0.6772009029345373,,,4.998230193351649,0.05793202911112493,,,,,,,,,210.07997741699222,2.850474709850077,233.49998474121094,3.168249584938146,,,,,,,,,,,,,,,,,,,"Jordan Geber","sa3019958",802363
"Parker Mushinski","CLE",2,1,,4.115308213513539,46,1,0,0.6672999858856201,,50.29999923706055,220,47,25,23,5,21,0,5,44,7.872763538895465,3.7574553253819265,2.0952380952380953,0.8946322203290301,0.2,0.09545454545454546,0.10454545454545455,0.2422680412371134,1.3518886884972012,0.2896551724137931,0.7049180327868853,,,4.259919158691943,0.056937964222485926,,,,,,,,,201.18919429779055,3.9997852355742447,199.16919612884521,3.9596262256421526,,,,,,,,,,,,,,,,,,,"Parker Mushinski","21324",656786
"Lou Trivino III","SFG",3,4,,4.229765097312132,41,0,0,13.099100112915039,,38.29999923706055,171,38,19,18,4,16,1,2,36,8.459530194624264,3.7597911976107845,2.25,0.9399477994026961,0.21052631578947367,0.0935672514619883,0.11695906432748537,0.24836601307189543,1.4099216991040442,0.3008849557522124,0.7231404958677686,,,4.054208255503452,0.05621743405159054,,,,,,,,,205.8163948059082,5.373796316078053,209.8963966369629,5.480323781151909,,,,,,,,,,,,,,,,,,,"Lou Trivino III","15043",642152
"Evan Sisk","KCR",3,4,,4.440227639703513,52,1,0,0,,52.70000076293945,235,48,28,26,5,28,0,5,50,8.538899307122142,4.781783611988399,1.7857142857142858,0.8538899307122141,0.2127659574468085,0.11914893617021277,0.09361702127659574,0.2376237623762376,1.4421252163139615,0.2925170068027211,0.6956521739130435,,,4.3809010130805,0.05580710022632446,,,,,,,,,204.68000564575198,3.883871018645039,199.50000381469727,3.7855787652092956,,,,,,,,,,,,,,,,,,,"Evan Sisk","24995",681895
"Matt Frisbee","SFG",4,6,,4.875,19,13,0,0,,72,318,79,42,39,11,23,0,4,49,6.125,2.875,2.130434782608696,1.375,0.1540880503144654,0.07232704402515723,0.08176100628930817,0.27147766323024053,1.4166666666666667,0.2943722943722944,0.6928406466512702,,,4.916479778289795,0.05545062805242973,,,,,,,,,209.10000000000005,2.9041666666666672,234,3.25,,,,,,,,,,,,,,,,,,,"Matt Frisbee","sa3006801",663735
"Chris Roycroft","STL",5,4,,4.192139924212457,53,0,0,6.983500003814697,,68.69999694824219,303,65,35,32,6,32,1,4,58,7.5982536126350775,4.192139924212457,1.8125,0.7860262357898355,0.19141914191419143,0.10561056105610561,0.08580858085808582,0.24344569288389514,1.411936016141001,0.29064039408866993,0.6997742663656885,,,4.185402676535878,0.05437689179743842,,,,,,,,,301.513977432251,4.388849939242476,301.4339847564697,4.387685562541826,,,,,,,,,,,,,,,,,,,"Chris Roycroft","31261",688297
"Edgardo Henriquez","LAD",2,1,,4.68,41,5,0,0.7239999771118164,,50,222,43,28,26,7,27,0,5,55,9.9,4.86,2.037037037037037,1.26,0.24774774774774774,0.12162162162162163,0.12612612612612611,0.22631578947368422,1.4,0.28125,0.6976744186046512,,,4.706479778289795,0.054112325314610764,,,,,,,,,188.99599990844723,3.7799199981689444,175.89599990844727,3.5179199981689453,,,,,,,,,,,,,,,,,,,"Edgardo Henriquez","26944",683618
"Domingo Gonzalez","ATL",4,5,,4.5,36,5,0,0,,62,275,57,34,31,8,28,0,8,62,9,4.064516129032258,2.2142857142857144,1.1612903225806452,0.22545454545454546,0.10181818181818182,0.12363636363636364,0.2384937238493724,1.3709677419354838,0.28994082840236685,0.6910569105691057,,,4.585834616999472,0.05242037078204225,,,,,,,,,228.19999999999996,3.680645161290322,222,3.5806451612903225,,,,,,,,,,,,,,,,,,,"Domingo Gonzalez","25241",682445
"Chris Stratton","KCR",3,3,,4.524236921872193,51,0,0,6.920400142669678,,55.70000076293945,243,55,30,28,6,24,1,2,46,7.432674943075746,3.877917361604737,1.9166666666666667,0.9694793404011842,0.18930041152263374,0.09876543209876543,0.09053497942386832,0.2534562211981567,1.4183123683646954,0.296969696969697,0.6940509915014165,,,4.315492329876384,0.050464350691959904,,,,,,,,,237.06160621643068,4.256043141280565,242.18160438537598,4.347964112533979,,,,,,,,,,,,,,,,,,,"Chris Stratton","13761",608717
"Ethan Roberts","CHC",1,2,,4.140435911837819,34,0,0,0.6420999765396118,,41.29999923706055,180,38,21,19,5,16,2,4,42,9.152542541957283,3.486682873126584,2.625,1.0895883978520575,0.23333333333333334,0.08888888888888889,0.14444444444444443,0.2375,1.307506077422469,0.2920353982300885,0.7021276595744681,,,4.159215874110559,0.04972237234314962,,,,,,,,,171.88839426040647,4.161946669145758,168.06839609146118,4.069452765041338,,,,,,,,,,,,,,,,,,,"Ethan Roberts","24930",681799
"Lucas Knowles","WSN",3,4,,5.070422457375748,23,5,0,0,,49.70000076293945,221,53,30,28,7,19,0,2,35,6.338028071719685,3.4406438103621144,1.8421052631578947,1.267605614343937,0.1583710407239819,0.08597285067873303,0.07239819004524886,0.265,1.448692130678785,0.2911392405063291,0.67524115755627,,,4.856620597415044,0.0491320732436289,,,,,,,,,150.88000564575196,3.03581495633016,164.50000381469727,3.3098591808747506,,,,,,,,,,,,,,,,,,,"Lucas Knowles","sa3011676",686731
"Austin Schulfer","PHI",3,3,,4.7368421052631575,33,4,0,0,,57,255,58,32,30,7,25,0,5,45,7.105263157894737,3.9473684210526314,1.8,1.105263157894737,0.17647058823529413,0.09803921568627451,0.07843137254901962,0.2577777777777778,1.456140350877193,0.2947976878612717,0.6967213114754098,,,4.762971006359971,0.04879789507947519,,,,,,,,,184.89999999999998,3.2438596491228067,194,3.4035087719298245,,,,,,,,,,,,,,,,,,,"Austin Schulfer","sa3007585",662165
"Corbin Martin","BAL",3,4,,5,25,6,0,0,,54,244,55,32,30,7,27,0,2,45,7.5,4.5,1.6666666666666667,1.1666666666666667,0.18442622950819673,0.11065573770491803,0.0737704918032787,0.2558139534883721,1.5185185185185186,0.294478527607362,0.6925207756232686,,,4.796109407919425,0.047811444215200644,,,,,,,,,173.5,3.212962962962963,182,3.3703703703703702,,,,,,,,,,,,,,,,,,,"Corbin Martin","19884",656686
"Carson Skipper","COL",4,6,,4.727955039533648,46,0,0,0,,53.29999923706055,234,56,30,28,8,18,0,1,46,7.7673547078052785,3.039399668271631,2.5555555555555554,1.3508442970096137,0.19658119658119658,0.07692307692307693,0.11965811965811965,0.26046511627906976,1.3883677497043252,0.2981366459627329,0.7006369426751593,,,4.4610388962573415,0.04756392329382736,,,,,,,,,185.41999435424808,3.47879919340265,197.49999618530273,3.7054408820324536,,,,,,,,,,,,,,,,,,,"Carson Skipper","sa3020451",702297
"Luis Contreras","HOU",2,3,,4.065708355197345,43,0,0,7.052299976348877,,48.70000076293945,211,43,24,22,6,21,1,4,51,9.42505118704839,3.880903429961102,2.4285714285714284,1.1088295514174578,0.24170616113744076,0.0995260663507109,0.14218009478672985,0.23118279569892472,1.3141683572355054,0.2868217054263566,0.7194244604316546,,,4.213707687961838,0.0462460935980251,,,,,,,,,229.98920555114745,4.7225708818914125,220.70920372009277,4.532016432493607,,,,,,,,,,,,,,,,,,,"Luis Contreras","25839",664351
"Christian McGowan","PHI",2,2,,5.31728656330924,16,12,0,0,,45.70000076293945,207,46,29,27,7,21,0,5,37,7.286651957127478,4.135667327018298,1.7619047619047619,1.378555775672766,0.178743961352657,0.10144927536231885,0.07729468599033815,0.2541436464088398,1.466083126509132,0.2846715328467153,0.6643356643356643,,,5.24525436065349,0.04583626355805069,,,,,,,,,128.48000564575193,2.811378632403507,133.50000381469727,2.9212254176363053,,,,,,,,,,,,,,,,,,,"Christian McGowan","sa3017896",694909
"Randy Wynne","CIN",2,5,,5.5079561420923895,24,15,0,0,,81.69999694824219,360,97,54,50,15,21,0,3,46,5.067319650724998,2.3133415796788035,2.1904761904761907,1.6523868426277166,0.12777777777777777,0.058333333333333334,0.06944444444444443,0.28869047619047616,1.4443084994820043,0.29818181818181816,0.6597938144329897,,,5.308462722436835,0.04496158946300497,,,,,,,,,187.87997741699215,2.2996326124224473,233.49998474121094,2.85801705585296,,,,,,,,,,,,,,,,,,,"Randy Wynne","25804",691094
"Yon Castro","LAD",2,3,,5.148741328874648,15,10,0,0,,43.70000076293945,195,45,27,25,7,18,0,3,33,6.796338554114535,3.7070937567897464,1.8333333333333333,1.4416475720849014,0.16923076923076924,0.09230769230769231,0.07692307692307693,0.25862068965517243,1.4416475720849014,0.2835820895522388,0.6766917293233082,,,5.180209720249657,0.04357521719888934,,,,,,,,,123.28000564575194,2.821052711520813,130.50000381469727,2.986270058040138,,,,,,,,,,,,,,,,,,,"Yon Castro","sa3005848",679005
"James Karinchak","CHW",3,3,,4.47084240628471,51,0,0,0.6122000217437744,,46.29999923706055,199,36,25,23,6,28,1,2,57,11.079913789488193,5.442764668520516,2.0357142857142856,1.1663067146829678,0.2864321608040201,0.1407035175879397,0.14572864321608042,0.21301775147928995,1.382289439624258,0.2830188679245283,0.7014388489208633,,,4.332786492972763,0.043251364564672795,,,,,,,,,201.6687944412231,4.35569757590403,179.94879627227783,3.8865831368791675,,,,,,,,,,,,,,,,,,,"James Karinchak","20151",675916
"Zach Pop","TOR",3,3,,4.2314647961727205,59,0,0,0.6585999727249146,,55.29999923706055,239,54,28,26,6,20,2,4,43,6.998191778285653,3.254972920132862,2.15,0.9764918760398585,0.1799163179916318,0.08368200836820083,0.09623430962343096,0.25116279069767444,1.3381555338323987,0.2891566265060241,0.701219512195122,,,4.323803483225924,0.04263366895702827,,,,,,,,,211.6543942451477,3.8273851205282243,215.1343960762024,3.8903146300954234,,,,,,,,,,,,,,,,,,,"Zach Pop","20185",647315
"Tommy Nance","TOR",2,3,,4.429530125739077,36,1,0,0.6585999727249146,,44.70000076293945,196,44,24,22,6,17,1,3,41,8.255033416150097,3.42281873352565,2.411764705882353,1.2080536706561118,0.20918367346938777,0.08673469387755102,0.12244897959183675,0.25,1.364653220555978,0.29457364341085274,0.7034220532319392,,,4.419276177488726,0.04218702769033057,,,,,,,,,167.21440553665158,3.740814377687622,170.13440370559692,3.806138720396947,,,,,,,,,,,,,,,,,,,"Tommy Nance","19178",667297
"Carson Fulmer","PIT",2,3,,4.605808934221115,34,7,0,0,,72.30000305175781,320,72,40,37,9,35,3,4,58,7.219916707697964,4.3568462891280815,1.6571428571428573,1.1203319029186496,0.18125,0.109375,0.071875,0.25622775800711745,1.4799446124974753,0.29439252336448596,0.7097457627118644,,,4.798568229455235,0.0408080938332762,,,,,,,,,236.12002258300785,3.2658369656495765,243.50001525878906,3.36791154883456,,,,,,,,,,,,,,,,,,,"Carson Fulmer","18311",608334
"Burch Smith","PIT",2,2,,4.53089236940969,40,0,0,0,,43.70000076293945,195,47,24,22,5,15,0,2,34,7.002288207269521,3.0892447973247887,2.2666666666666666,1.0297482657749295,0.17435897435897435,0.07692307692307693,0.09743589743589742,0.2640449438202247,1.418764277289903,0.302158273381295,0.6909090909090909,,,4.26487792844972,0.040681912659515554,,,,,,,,,156.68000564575198,3.5853547576737617,170.50000381469727,3.901601849840075,,,,,,,,,,,,,,,,,,,"Burch Smith","12784",572143
"Adrian Sampson","TEX",5,8,,5.284552991212068,22,20,0,0,,110.69999694824219,489,120,70,65,18,37,0,9,71,5.772357882708566,3.0081301642284077,1.9189189189189189,1.4634146744894956,0.14519427402862986,0.07566462167689161,0.06952965235173825,0.2708803611738149,1.4182475549064866,0.288135593220339,0.6600910470409711,,,5.244167279108215,0.040342807584068406,,,,,,,,,289.7799774169922,2.617705378550994,323.49998474121094,2.9223124991815803,,,,,,,,,,,,,,,,,,,"Adrian Sampson","13339",592716
"Michael Darrell-Hicks","LAA",4,6,,4.826086956521739,32,5,0,0,,69,301,69,40,37,10,22,1,8,58,7.565217391304348,2.869565217391304,2.6363636363636362,1.3043478260869565,0.19269102990033224,0.07308970099667775,0.11960132890365449,0.25461254612546125,1.318840579710145,0.29064039408866993,0.6623376623376623,,,4.67372615510139,0.03990940694220409,,,,,,,,,234.20000000000002,3.394202898550725,241,3.4927536231884058,,,,,,,,,,,,,,,,,,,"Michael Darrell-Hicks","31501",690382
"Eric Orze","TBR",4,3,,3.968253914858246,40,0,0,0.6854000091552734,,56.70000076293945,244,49,27,25,7,26,0,3,61,9.68253955225412,4.126984071452576,2.3461538461538463,1.1111110961603088,0.25,0.10655737704918032,0.14344262295081966,0.22790697674418606,1.3227513049527486,0.2857142857142857,0.7361963190184049,,,4.154134085987847,0.03972727140066035,,,,,,,,,243.82160568237302,4.300204627893779,230.24160385131836,4.060698425983269,,,,,,,,,,,,,,,,,,,"Eric Orze","27626",679358
"Jacob Latz","TEX",3,3,,4.7120419475567665,41,5,0,0.6265000104904175,,57.29999923706055,254,53,32,30,8,30,1,2,57,8.952879700357856,4.7120419475567665,1.9,1.256544519348471,0.22440944881889763,0.11811023622047244,0.10629921259842519,0.23873873873873874,1.4485165986933763,0.28662420382165604,0.7103064066852368,,,4.6673523986226915,0.037604127017941434,,,,,,,,,208.32599439620975,3.635706756894134,203.0059962272644,3.5428621104756317,,,,,,,,,,,,,,,,,,,"Jacob Latz","21306",656641
"Mike Mayers","TOR",3,4,,4.74464573937599,30,7,0,0,,60.70000076293945,267,62,35,32,9,24,0,3,47,6.968698429708485,3.558484304531992,1.9583333333333333,1.3344316141994972,0.1760299625468165,0.0898876404494382,0.0861423220973783,0.25833333333333336,1.4168039360636635,0.28804347826086957,0.6948228882833787,,,4.879824073064458,0.036450631639342514,,,,,,,,,190.28000564575197,3.1347611738734598,199.50000381469727,3.286655705225337,,,,,,,,,,,,,,,,,,,"Mike Mayers","15451",594577
"Matt Russell","PHI",2,3,,5.148741328874648,21,5,0,0,,43.70000076293945,201,46,27,25,5,21,0,4,31,6.384439247804563,4.3249427162547045,1.4761904761904763,1.0297482657749295,0.15422885572139303,0.1044776119402985,0.04975124378109452,0.26136363636363635,1.5331807512648952,0.29285714285714287,0.6666666666666666,,,4.951376772299673,0.036132547786486904,,,,,,,,,129.28000564575194,2.9583524802908037,140.50000381469727,3.215103005990122,,,,,,,,,,,,,,,,,,,"Matt Russell","sa3017256",677066
"Lucas Gilbreath","COL",1,2,,4.655172413793103,28,2,0,0.5722000002861023,,29,133,28,16,15,3,16,0,3,26,8.068965517241379,4.9655172413793105,1.625,0.9310344827586207,0.19548872180451127,0.12030075187969924,0.07518796992481203,0.24561403508771928,1.5172413793103448,0.29411764705882354,0.7035175879396985,,,4.683721157600139,0.03569149486553283,,,,,,,,,102.18880000114443,3.523751724177394,103.28880000114441,3.561682758660152,,,,,,,,,,,,,,,,,,,"Lucas Gilbreath","21290",656458
"Tom Cosgrove","SDP",2,3,,4.47084240628471,49,1,0,0.6158000230789185,,46.29999923706055,200,41,25,23,5,20,1,5,43,8.358531455227936,3.887689048943226,2.15,0.9719222622358065,0.215,0.1,0.11499999999999999,0.2342857142857143,1.317494622141871,0.28346456692913385,0.6666666666666666,,,4.332786492972763,0.035122117172383754,,,,,,,,,187.9831944465637,4.060112257973726,179.9631962776184,3.88689415211843,,,,,,,,,,,,,,,,,,,"Tom Cosgrove","23443",676680
"Colin Poche","WSN",3,4,,4.250513280433588,55,0,0,9.713700294494629,,48.70000076293945,200,44,25,23,7,18,1,1,45,8.316221635630933,3.326488654252373,2.5,1.2936344766537007,0.225,0.09,0.135,0.2430939226519337,1.2731005960718957,0.2868217054263566,0.7088122605363985,,,4.357444852034472,0.034452814216813864,,,,,,,,,231.73480682373045,4.758414849966079,224.35480499267578,4.6068747736737015,,,,,,,,,,,,,,,,,,,"Colin Poche","19403",621363
"Josh Rogers","COL",4,8,,5.318181818181818,23,14,0,0,,88,391,105,56,52,15,25,0,4,45,4.6022727272727275,2.5568181818181817,1.8,1.5340909090909092,0.11508951406649616,0.0639386189258312,0.051150895140664954,0.2900552486187845,1.4772727272727273,0.2980132450331126,0.6788990825688074,,,5.348297960107977,0.03416851034696954,,,,,,,,,196.70000000000005,2.2352272727272733,248,2.8181818181818183,,,,,,,,,,,,,,,,,,,"Josh Rogers","18510",642028
"Steven Cruz","KCR",3,2,,4.221388428155043,49,1,0,0.6407999992370605,,53.29999923706055,235,48,27,25,6,27,0,4,52,8.780487930562488,4.559099502407446,1.9259259259259258,1.0131332227572103,0.22127659574468084,0.1148936170212766,0.10638297872340424,0.23529411764705882,1.4071294760516808,0.2876712328767123,0.7207207207207208,,,4.42351544356263,0.033517850489153726,,,,,,,,,209.38319435119627,3.928390194152348,202.06319618225098,3.791054391643451,,,,,,,,,,,,,,,,,,,"Steven Cruz","23165",674444
"CJ Van Eyk","TOR",4,5,,5.076923076923077,24,14,0,0,,78,353,84,48,44,11,32,0,6,51,5.884615384615385,3.6923076923076925,1.59375,1.2692307692307692,0.14447592067988668,0.0906515580736544,0.05382436260623229,0.26666666666666666,1.4871794871794872,0.2885375494071146,0.6759443339960239,,,5.153659265469282,0.033276611782543195,,,,,,,,,211.50000000000003,2.711538461538462,235,3.0128205128205128,,,,,,,,,,,,,,,,,,,"CJ Van Eyk","27568",669310
"Robby Ahlstrom","TEX",3,4,,4.925373196646128,38,4,0,0,,60.29999923706055,268,58,36,33,8,27,0,4,54,8.059701594511846,4.029850797255923,2,1.1940298658536068,0.20149253731343283,0.10074626865671642,0.10074626865671642,0.24472573839662448,1.4096185916327304,0.2857142857142857,0.6639566395663957,,,4.642433362469948,0.033076112198542486,,,,,,,,,212.019994354248,3.516086186348406,212.49999618530273,3.5240464158198472,,,,,,,,,,,,,,,,,,,"Robby Ahlstrom","30167",695239
"Sam Armstrong","CHC",4,7,,5.016077006346707,24,18,0,0,,93.30000305175781,417,97,56,52,13,34,0,11,63,6.0771702192277415,3.279742657995924,1.8529411764705883,1.2540192515866768,0.1510791366906475,0.0815347721822542,0.06954436450839328,0.260752688172043,1.4040728372466211,0.28378378378378377,0.6648936170212766,,,5.0743039388233715,0.032834087351846675,,,,,,,,,269.3200225830078,2.8866025056141056,288.50001525878906,3.092175839466423,,,,,,,,,,,,,,,,,,,"Sam Armstrong","sa3023046",814098
"Trevor Martin","TBR",5,7,,4.948741704544631,25,23,0,0,,107.30000305175781,471,112,64,59,19,36,0,7,86,7.213420111709122,3.0195712095526557,2.388888888888889,1.5936625828194573,0.18259023354564755,0.07643312101910828,0.10615711252653927,0.2616822429906542,1.3793103055981268,0.28792569659442724,0.6919275123558484,,,5.067691280600727,0.03164572184302914,,,,,,,,,312.1200225830078,2.9088538090017755,332.50001525878906,3.0987884976890685,,,,,,,,,,,,,,,,,,,"Trevor Martin","31878",694680
"Jesse Hahn","SEA",2,3,,4.4226043397007535,39,1,0,0,,40.70000076293945,181,40,22,20,4,16,0,4,35,7.739557594476318,3.538083471760603,2.1875,0.8845208679401507,0.19337016574585636,0.08839779005524862,0.10497237569060774,0.2484472049689441,1.3759213501291232,0.29508196721311475,0.6746031746031746,,,4.1984207908866376,0.03137410237442575,,,,,,,,,157.980005645752,3.881572547526957,161.50000381469727,3.9680589874031575,,,,,,,,,,,,,,,,,,,"Jesse Hahn","13287",534910
"Cole Sulser","TBR",2,3,,4.4,37,2,0,0.6854000091552734,,45,195,42,24,22,6,21,1,0,44,8.8,4.2,2.0952380952380953,1.2,0.22564102564102564,0.1076923076923077,0.11794871794871795,0.2413793103448276,1.4,0.2903225806451613,0.7142857142857143,,,4.344257556067573,0.031191949398833158,,,,,,,,,177.7416000366211,3.9498133341471355,174.7416000366211,3.8831466674804687,,,,,,,,,,,,,,,,,,,"Cole Sulser","15256",642121
"Touki Toussaint","CHW",3,5,,5.060241170584077,25,11,0,0,,74.69999694824219,339,71,45,42,10,43,0,8,69,8.31325335167384,5.180723103217031,1.6046511627906976,1.2048193263295421,0.20353982300884957,0.12684365781710916,0.07669616519174041,0.2465277777777778,1.52610448001742,0.291866028708134,0.69,,,5.107577581820724,0.030814480580218066,,,,,,,,,230.17997741699222,3.0813920591787753,228.49998474121094,3.058902196469071,,,,,,,,,,,,,,,,,,,"Touki Toussaint","16929",657053
"Héctor Neris","ATL",6,5,,4,57,0,0,9.639100074768066,,54,230,48,26,24,7,23,1,3,56,9.333333333333334,3.8333333333333335,2.4347826086956523,1.1666666666666667,0.24347826086956523,0.1,0.14347826086956522,0.23529411764705882,1.3148148148148149,0.2907801418439716,0.7352941176470588,,,4.2220353338453505,0.030455837690461715,,,,,,,,,261.25640029907225,4.838081487019856,251.55640029907227,4.658451857390227,,,,,,,,,,,,,,,,,,,"Hector Neris","11804",593576
"Justin Anderson","CHW",2,4,,4.685816811939057,55,0,0,4.162899971008301,,55.70000076293945,250,53,31,29,7,29,1,3,60,9.694793404011842,4.685816811939057,2.0689655172413794,1.1310592304680482,0.24,0.116,0.12399999999999999,0.24311926605504589,1.4721723317203168,0.304635761589404,0.706371191135734,,,4.369352293232005,0.029118600147836595,,,,,,,,,228.93160552978514,4.110082628259263,228.15160369873047,4.096079004913289,,,,,,,,,,,,,,,,,,,"Justin Anderson","16201",605121
"Enyel De Los Santos","ATL",2,2,,3.9193548387096775,62,0,0,6.759900093078613,,62,257,54,29,27,9,21,1,4,63,9.14516129032258,3.0483870967741935,3,1.3064516129032258,0.245136186770428,0.08171206225680934,0.16342412451361865,0.23275862068965517,1.2096774193548387,0.28125,0.7371794871794872,,,4.230995907322053,0.0285385498272652,,,,,,,,,285.7396003723144,4.608703231811522,271.03960037231445,4.371606457617975,,,,,,,,,,,,,,,,,,,"Enyel De Los Santos","18403",660853
"Nolan Hoffman","TEX",4,5,,4.584905660377358,38,0,0,0,,53,233,51,29,27,6,22,0,3,46,7.811320754716981,3.7358490566037736,2.090909090909091,1.0188679245283019,0.19742489270386265,0.0944206008583691,0.10300429184549355,0.24519230769230768,1.3773584905660377,0.28846153846153844,0.6811145510835914,,,4.31742317451621,0.027484777429346192,,,,,,,,,202.80000000000004,3.8264150943396236,204,3.849056603773585,,,,,,,,,,,,,,,,,,,"Nolan Hoffman","23381",676510
"George Soriano","MIA",2,4,,4.546805143005229,40,4,0,6.429800033569336,,67.30000305175781,296,64,37,34,9,29,0,7,64,8.558692033892195,3.8781573278574006,2.206896551724138,1.20356606726609,0.21621621621621623,0.09797297297297297,0.11824324324324326,0.24615384615384617,1.3818721513055106,0.29411764705882354,0.6965174129353233,,,4.607787290941779,0.02598070420115522,,,,,,,,,266.6392227172852,3.9619496378361725,265.2192153930664,3.9408499757287774,,,,,,,,,,,,,,,,,,,"George Soriano","21863",666277
"T.J. Zeuch","PHI",2,4,,5.464285714285714,15,9,0,0,,56,256,65,37,34,8,22,0,3,31,4.982142857142857,3.5357142857142856,1.4090909090909092,1.2857142857142858,0.12109375,0.0859375,0.03515625,0.2813852813852814,1.5535714285714286,0.296875,0.6596306068601583,,,5.2557654925755095,0.024125741055501495,,,,,,,,,134,2.392857142857143,163,2.9107142857142856,,,,,,,,,,,,,,,,,,,"T.J. Zeuch","19269",643615
"Trey McLoughlin","NYM",2,1,,4.316546683614778,34,0,0,0,,41.70000076293945,179,39,22,20,6,16,0,0,40,8.633093367229556,3.453237346891822,2.5,1.2949640050844333,0.22346368715083798,0.0893854748603352,0.13407821229050276,0.2392638036809816,1.3189448199934044,0.28205128205128205,0.7081545064377682,,,4.26959726410246,0.0234020011855923,,,,,,,,,165.38000564575194,3.965947305035354,162.50000381469727,3.8968825141873347,,,,,,,,,,,,,,,,,,,"Trey McLoughlin","sa3017277",694381
"Michael Byrne","CIN",2,3,,4.8936171095398,29,1,0,0,,42.29999923706055,187,43,25,23,6,17,0,2,37,7.872340567520548,3.6170213418337656,2.176470588235294,1.276595767706035,0.19786096256684493,0.09090909090909091,0.10695187165775402,0.25595238095238093,1.4184397418955943,0.296,0.6782945736434108,,,4.608560182550316,0.022921475301513637,,,,,,,,,144.41999435424805,3.41418432527338,150.49999618530273,3.557919595739479,,,,,,,,,,,,,,,,,,,"Michael Byrne","sa3008227",680758
"Nick Fraze","TOR",2,3,,4.714285714285714,28,8,0,0,,63,275,62,36,33,9,22,0,8,47,6.714285714285714,3.142857142857143,2.1363636363636362,1.2857142857142858,0.1709090909090909,0.08,0.0909090909090909,0.2530612244897959,1.3333333333333333,0.2804232804232804,0.6722689075630252,,,4.960130571940589,0.022756806751822706,,,,,,,,,198.30000000000004,3.1476190476190484,202,3.2063492063492065,,,,,,,,,,,,,,,,,,,"Nick Fraze","sa3010250",684946
"Zach McCambley","MIA",3,5,,5.045208026205936,20,9,0,0,,55.29999923706055,254,56,34,31,7,29,0,6,47,7.649186362312225,4.71971073419265,1.6206896551724137,1.1392405220465016,0.18503937007874016,0.1141732283464567,0.07086614173228346,0.2557077625570776,1.5370705456182958,0.296969696969697,0.6781914893617021,,,5.01096443303175,0.022558472394840025,,,,,,,,,166.51999435424804,3.0112115126875247,174.49999618530273,3.155515345258045,,,,,,,,,,,,,,,,,,,"Zach McCambley","27666",685112
"Juan Daniel Encarnacion","BOS",4,7,,5.2682926829268295,21,18,0,0,,82,367,89,52,48,13,31,0,7,58,6.365853658536586,3.402439024390244,1.8709677419354838,1.4268292682926829,0.15803814713896458,0.08446866485013624,0.07356948228882834,0.270516717325228,1.4634146341463414,0.29457364341085274,0.6679764243614932,,,5.203065144143453,0.022512607267164034,,,,,,,,,217.50000000000009,2.652439024390245,243,2.9634146341463414,,,,,,,,,,,,,,,,,,,"Juan Daniel Encarnacion","sa3008697",683402
"Josh Simpson","MIA",2,2,,4.35835359140823,30,0,0,0,,41.29999923706055,182,36,22,20,5,21,0,4,47,10.242130939809341,4.5762712709786415,2.238095238095238,1.0895883978520575,0.25824175824175827,0.11538461538461539,0.14285714285714288,0.22929936305732485,1.3801453039459395,0.29523809523809524,0.7,,,4.280281251649676,0.0223124157866822,,,,,,,,,169.519994354248,4.104600423385221,160.49999618530273,3.886198526640119,,,,,,,,,,,,,,,,,,,"Josh Simpson","25957",681006
"Jake Walkinshaw","OAK",2,2,,5,14,12,0,0,,45,201,50,27,25,7,16,0,1,30,6,3.2,1.875,1.4,0.14925373134328357,0.07960199004975124,0.06965174129353233,0.2717391304347826,1.4666666666666666,0.2925170068027211,0.693950177935943,,,4.988702000512017,0.02153664372316122,,,,,,,,,125.89999999999998,2.7977777777777773,143,3.1777777777777776,,,,,,,,,,,,,,,,,,,"Jake Walkinshaw","sa3010317",688445
"José Ureña","NYM",4,7,,5.08235294117647,25,10,0,0.6718999743461609,,85,378,90,52,48,12,36,1,3,59,6.247058823529412,3.8117647058823527,1.6388888888888888,1.2705882352941176,0.15608465608465608,0.09523809523809523,0.06084656084656084,0.26548672566371684,1.4823529411764707,0.291044776119403,0.6776556776556777,,,4.990009190054501,0.020327066831041605,,,,,,,,,251.08759989738462,2.9539717634986427,272.68759989738464,3.2080894105574664,,,,,,,,,,,,,,,,,,,"Jose Urena","11589",570632
"Grant Holman","OAK",3,3,,4.2778792821981195,49,2,0,0.667900025844574,,54.70000076293945,236,52,28,26,7,20,1,3,49,8.062157108757994,3.2906763709216302,2.45,1.1517367298225705,0.2076271186440678,0.0847457627118644,0.1228813559322034,0.24413145539906103,1.316270548368652,0.28662420382165604,0.7073954983922829,,,4.299934972718357,0.020183577343358395,,,,,,,,,215.15160574913025,3.933301695580607,214.17160391807556,3.9153857574199873,,,,,,,,,,,,,,,,,,,"Grant Holman","30002",680880
"Daniel Robert","TEX",3,3,,4.643734556685791,33,0,0,0.6265000104904175,,40.70000076293945,179,37,23,21,5,19,0,3,42,9.287469113371582,4.201474122715716,2.210526315789474,1.1056510849251884,0.2346368715083799,0.10614525139664804,0.12849162011173185,0.2356687898089172,1.3759213501291232,0.2909090909090909,0.673469387755102,,,4.3212709114338805,0.019286445065823873,,,,,,,,,163.98600568771366,4.029140113359305,159.00600385665894,3.906781348305192,,,,,,,,,,,,,,,,,,,"Daniel Robert","21229",642016
"Michael Fulmer","BOS",2,2,,4.307304703118068,44,0,0,0.6410999894142151,,39.70000076293945,173,38,21,19,5,18,0,2,40,9.068009901301195,4.080604455585538,2.2222222222222223,1.1335012376626494,0.23121387283236994,0.10404624277456648,0.12716763005780346,0.24836601307189543,1.410579317980186,0.3055555555555556,0.7142857142857143,,,4.2999810159524445,0.019063376944102282,,,,,,,,,156.0444056034088,3.930589486262141,156.06440377235413,3.931093218467708,,,,,,,,,,,,,,,,,,,"Michael Fulmer","13218",605242
"Kyle Nelson","ARI",3,2,,3.953488294153173,44,1,0,0.6502000093460083,,38.70000076293945,165,35,18,17,5,16,1,2,38,8.837209128107093,3.7209301592029864,2.375,1.1627906747509333,0.23030303030303031,0.09696969696969697,0.13333333333333336,0.23809523809523808,1.317829431384391,0.28846153846153844,0.75,,,4.277590867496242,0.018955774252748133,,,,,,,,,158.480805683136,4.095111177230339,153.1008038520813,3.9560930448015976,,,,,,,,,,,,,,,,,,,"Kyle Nelson","20515",669459
"Jimmy Herget","COL",3,3,,4.665226858731871,40,0,0,3.8145999908447266,,46.29999923706055,203,49,26,24,7,14,2,3,40,7.775378097886452,2.721382334260258,2.857142857142857,1.360691167130129,0.19704433497536947,0.06896551724137931,0.12807881773399016,0.26344086021505375,1.360691167130129,0.302158273381295,0.6954887218045113,,,4.505572672925795,0.018711096405901507,,,,,,,,,173.3783943176269,3.744673805066659,184.75839614868164,3.9904621855974662,,,,,,,,,,,,,,,,,,,"Jimmy Herget","17556",623474
"Seth Halvorsen","COL",4,5,,4.673076923076923,50,0,9.87600040435791,8.346599578857422,,52,228,51,29,27,7,22,1,3,48,8.307692307692308,3.8076923076923075,2.1818181818181817,1.2115384615384615,0.21052631578947367,0.09649122807017543,0.11403508771929824,0.2512315270935961,1.4038461538461537,0.2972972972972973,0.6962025316455696,,,4.512633624443641,0.016950017333004535,,,,,,,,,269.86640033721926,5.189738468023448,272.76640033721924,5.245507698792678,,,,,,,,,,,,,,,,,,,"Seth Halvorsen","33294",678020
"David Leal","OAK",4,5,,4.718217373540541,26,7,0,0,,76.30000305175781,331,83,43,40,11,18,0,6,48,5.661860848248649,2.1231978180932436,2.6666666666666665,1.2975097777236488,0.14501510574018128,0.054380664652567974,0.09063444108761332,0.2703583061889251,1.3237220964655407,0.2903225806451613,0.677570093457944,,,4.726112743432363,0.016768403879231907,,,,,,,,,237.52002258300786,3.1129752697635813,262.50001525878906,3.4403670348574322,,,,,,,,,,,,,,,,,,,"David Leal","sa1171029",687578
"Logan Clayton","ARI",5,5,,4.768884042316563,25,17,0,0,,88.69999694824219,401,99,51,47,12,35,0,4,54,5.479143367767966,3.551296627257015,1.542857142857143,1.217587415059548,0.13466334164588528,0.08728179551122195,0.04738154613466333,0.27348066298342544,1.5107103112775873,0.2939189189189189,0.7081911262798635,,,5.02668277351966,0.016494391252595355,,,,,,,,,242.37997741699218,2.732581575605066,278.49998474121094,3.139797004770135,,,,,,,,,,,,,,,,,,,"Logan Clayton","sa3020890",700875
"Wilking Rodríguez","NYY",0,1,,4.405594346832137,14,0,0,0.6694999933242798,,14.300000190734863,62,13,8,7,2,7,1,0,15,9.440559314640295,4.405594346832137,2.142857142857143,1.2587412419520392,0.24193548387096775,0.11290322580645161,0.12903225806451613,0.23636363636363636,1.3986013799467103,0.2894736842105263,0.6976744186046512,,,4.355290951244498,0.015844616510779376,,,,,,,,,59.09800138473512,4.1327273144391565,57.178000926971436,3.9984615499528267,,,,,,,,,,,,,,,,,,,"Wilking Rodriguez","8801",516853
"Misael Tamarez","HOU",4,6,,4.670886075949367,27,13,0,0,,79,353,78,44,41,12,40,0,2,68,7.746835443037975,4.556962025316456,1.7,1.3670886075949367,0.19263456090651557,0.11331444759206799,0.07932011331444758,0.2508038585209003,1.4936708860759493,0.2857142857142857,0.7312252964426877,,,5.01458104411258,0.013981973328064045,,,,,,,,,244.2,3.091139240506329,249,3.151898734177215,,,,,,,,,,,,,,,,,,,"Misael Tamarez","sa3009632",685377
"Justin Wilson","BOS",2,3,,4.594594699861789,44,0,0,10.224900245666504,,33.29999923706055,151,36,18,17,5,12,1,1,33,8.91891912326112,3.243243317549498,2.75,1.351351382312291,0.2185430463576159,0.07947019867549669,0.1390728476821192,0.2608695652173913,1.4414414744664434,0.31,0.7317073170731707,,,4.30762094557573,0.013049054738423979,,,,,,,,,159.21959533691404,4.781369338883164,169.39959716796875,5.087075106579551,,,,,,,,,,,,,,,,,,,"Justin Wilson","4301",458677
"Joe Barlow","TEX",2,1,,4.351145122637666,34,0,0,0,,39.29999923706055,164,36,21,19,5,14,0,1,32,7.3282444170739645,3.2061069324698592,2.2857142857142856,1.1450381901678068,0.1951219512195122,0.08536585365853659,0.10975609756097561,0.24161073825503357,1.2722646557420076,0.2767857142857143,0.6744186046511628,,,4.336963261572442,0.011589574118241295,,,,,,,,,154.71999435424806,3.9368956070702557,150.49999618530273,3.829516516717353,,,,,,,,,,,,,,,,,,,"Joe Barlow","22296",669618
"Angel Macuare","MIN",2,3,,4.921875,29,7,0,0,,64,285,68,38,35,9,25,0,4,49,6.890625,3.515625,1.96,1.265625,0.17192982456140352,0.08771929824561403,0.08421052631578949,0.265625,1.453125,0.29797979797979796,0.6840796019900497,,,4.822729778289795,0.011282273731267247,,,,,,,,,197.10000000000002,3.0796875000000004,214,3.34375,,,,,,,,,,,,,,,,,,,"Angel Macuare","sa3003039",672836
"Tyler Mattison","DET",2,3,,4.84419273925852,26,3,0,0,,35.29999923706055,157,33,21,19,5,20,0,0,35,8.923512940739379,5.099150251851074,1.75,1.2747875629627685,0.2229299363057325,0.12738853503184713,0.09554140127388536,0.24087591240875914,1.5014164630450384,0.28865979381443296,0.6956521739130435,,,4.724553466355401,0.009266562198176991,,,,,,,,,123.91999435424806,3.5104815023380422,121.49999618530273,3.441926311934394,,,,,,,,,,,,,,,,,,,"Tyler Mattison","sa3018117",694331
"Yosver Zulueta","CIN",3,4,,5.080645161290323,45,3,0,0.6014000177383423,,62,279,58,38,35,8,32,0,8,63,9.14516129032258,4.645161290322581,1.96875,1.1612903225806452,0.22580645161290322,0.11469534050179211,0.1111111111111111,0.24267782426778242,1.4516129032258065,0.2976190476190476,0.6598984771573604,,,4.747124939580118,0.008670473734742598,,,,,,,,,218.00560007095334,3.5162193559831185,214.40560007095337,3.4581548398540867,,,,,,,,,,,,,,,,,,,"Yosver Zulueta","27765",691172
"Anderson Pilar","MIA",2,3,,4.781783611988399,30,3,0,0,,52.70000076293945,236,54,30,28,7,20,0,6,46,7.85578736255237,3.4155597228488563,2.3,1.1954459029970999,0.19491525423728814,0.0847457627118644,0.11016949152542374,0.2571428571428571,1.4041745527267522,0.29936305732484075,0.6853582554517134,,,4.627580326397362,0.008664968499325262,,,,,,,,,177.48000564575196,3.367741993858989,186.50000381469727,3.5388994518924335,,,,,,,,,,,,,,,,,,,"Anderson Pilar","sa917899",666768
"Gavin Hollowell","CHC",2,2,,4.316546683614778,37,0,0,0.6420999765396118,,41.70000076293945,181,37,22,20,5,18,1,4,43,9.280575369771773,3.8848920152533,2.388888888888889,1.0791366709036945,0.23756906077348067,0.09944751381215469,0.13812154696132597,0.23270440251572327,1.3189448199934044,0.2882882882882883,0.6875,,,4.24561644919349,0.008313349105496037,,,,,,,,,173.4484055519104,4.159434109796499,166.0684037208557,3.9824556518581096,,,,,,,,,,,,,,,,,,,"Gavin Hollowell","25427",668970
"Michael Mercado","PHI",3,5,,5.175315346510392,33,11,0,0.593999981880188,,71.30000305175781,317,71,44,41,12,34,0,3,64,8.07854102869915,4.291724921496423,1.8823529411764706,1.5147264428810905,0.20189274447949526,0.10725552050473186,0.0946372239747634,0.25357142857142856,1.4726507083566156,0.28921568627450983,0.691609977324263,,,5.115988811257124,0.006603605366675263,,,,,,,,,214.79602251052862,3.0125668066887004,219.87601518630981,3.0838149477595156,,,,,,,,,,,,,,,,,,,"Michael Mercado","23223",675650
"Connor Cooke","TOR",2,3,,4.384615384615385,33,1,0,0,,39,173,36,21,19,5,18,0,3,38,8.76923076923077,4.153846153846154,2.111111111111111,1.1538461538461537,0.21965317919075145,0.10404624277456648,0.11560693641618497,0.23684210526315788,1.3846153846153846,0.28440366972477066,0.7021276595744681,,,4.499813111623128,0.005303490971294631,,,,,,,,,146.5,3.7564102564102564,143,3.6666666666666665,,,,,,,,,,,,,,,,,,,"Connor Cooke","sa3017822",701566
"Grant Wolfram","MIL",3,3,,4.442413100744201,38,2,0,0,,54.70000076293945,242,50,29,27,7,28,1,2,54,8.884826201488401,4.606946919290282,1.9285714285714286,1.1517367298225705,0.2231404958677686,0.11570247933884298,0.10743801652892562,0.2358490566037736,1.4259597607327064,0.2847682119205298,0.7184750733137829,,,4.501031862052456,0.004844481743738451,,,,,,,,,206.68000564575198,3.7784278384468064,200.50000381469727,3.665447916237339,,,,,,,,,,,,,,,,,,,"Grant Wolfram","21623",664991
"Tyler Kinley","COL",2,3,,4.708249424706051,52,0,17.118999481201172,6.760700225830078,,49.70000076293945,215,47,28,26,8,22,1,2,54,9.778671882081799,3.983903359366659,2.4545454545454546,1.448692130678785,0.25116279069767444,0.10232558139534884,0.1488372093023256,0.24607329842931938,1.3883299585671691,0.3023255813953488,0.7093425605536332,,,4.534689012819759,0.004152329928817077,,,,,,,,,295.8178039550782,5.952068398672242,293.13780212402344,5.8981448214103835,,,,,,,,,,,,,,,,,,,"Tyler Kinley","18297",641755
"Fraser Ellard","CHW",3,5,,4.442413100744201,54,0,3.930000066757202,11.048100471496582,,54.70000076293945,243,49,29,27,6,29,2,5,56,9.213893838580564,4.771480737836364,1.9310344827586208,0.9872029112764891,0.23045267489711935,0.11934156378600823,0.11111111111111112,0.23444976076555024,1.4259597607327064,0.2925170068027211,0.7040229885057472,,,4.409624185082411,0.003802118629876306,,,,,,,,,277.4224078655243,5.071707568484799,269.3424060344696,4.923992729026715,,,,,,,,,,,,,,,,,,,"Fraser Ellard","29530",686642
"Josh Taylor","KCR",1,1,,4.32,28,1,0,0,,25,112,26,13,12,4,9,1,1,24,8.64,3.24,2.6666666666666665,1.44,0.21428571428571427,0.08035714285714286,0.1339285714285714,0.2549019607843137,1.4,0.2972972972972973,0.7482993197278912,,,4.526479778289795,0.0020871761509915934,,,,,,,,,86.2,3.448,91,3.64,,,,,,,,,,,,,,,,,,,"Josh Taylor","17359",657031
"Peter Strzelecki","PIT",2,2,,4.235294117647059,47,0,0,0.6169999837875366,,51,225,49,26,24,6,22,1,4,48,8.470588235294118,3.8823529411764706,2.1818181818181817,1.0588235294117647,0.21333333333333335,0.09777777777777778,0.11555555555555556,0.24623115577889448,1.392156862745098,0.296551724137931,0.7188498402555911,,,4.3429503665250895,0.0020191857549084055,,,,,,,,,196.66799993515016,3.8562352928460815,197.46799993515015,3.8719215673558853,,,,,,,,,,,,,,,,,,,"Peter Strzelecki","21367",657265
"T.J. Sikkema","CIN",3,5,,5.479452309314481,22,11,0,0,,65.69999694824219,293,69,43,40,11,25,0,8,51,6.986301694375963,3.4246576933215507,2.04,1.5068493850614821,0.17406143344709898,0.08532423208191127,0.08873720136518772,0.2653846153846154,1.4307458807654478,0.29292929292929293,0.6488549618320612,,,5.29737789857876,0.0018636666210702533,,,,,,,,,174.47997741699217,2.655707542185212,188.49998474121094,2.8691018797110353,,,,,,,,,,,,,,,,,,,"T.J. Sikkema","sa3011191",674674
"Andrew Bash","TOR",2,4,,4.796633735790119,27,12,0,0,,71.30000305175781,319,71,41,38,10,32,0,7,54,6.816268992964907,4.039270514349575,1.6875,1.262272035734242,0.16927899686520376,0.10031347962382445,0.06896551724137931,0.25357142857142856,1.4446002186736324,0.2824074074074074,0.6966292134831461,,,5.115988811257124,0.0016480906714320433,,,,,,,,,211.0200225830079,2.9596074831837678,217.50001525878906,3.0504909670326708,,,,,,,,,,,,,,,,,,,"Andrew Bash","sa3010259",687856
"Shane Murphy","CHW",2,3,,5.460910346153743,20,15,0,0,,85.69999694824219,375,99,56,52,17,24,0,1,57,5.9859978794377575,2.5204201597632663,2.375,1.7852976131656468,0.152,0.064,0.088,0.28285714285714286,1.4352392576429711,0.2971014492753623,0.6754032258064516,,,5.290167135127362,0.0015852468757750465,,,,,,,,,206.67997741699213,2.4116684338018683,246.49998474121094,2.876312643162433,,,,,,,,,,,,,,,,,,,"Shane Murphy","sa3020389",690294
"Colten Brewer","NYY",1,1,,4.678898973403161,28,0,0,0.6694999933242798,,32.70000076293945,143,31,18,17,4,14,0,2,29,7.98165118992304,3.8532109192731916,2.0714285714285716,1.1009174055066262,0.20279720279720279,0.0979020979020979,0.10489510489510488,0.2440944881889764,1.3761467568832828,0.2872340425531915,0.6852791878172589,,,4.450883418047526,0.0013551290052248436,,,,,,,,,124.85800561904905,3.8182875445237565,124.17800378799438,3.797492381979744,,,,,,,,,,,,,,,,,,,"Colten Brewer","12997",605155
"Devereaux Harrison","TOR",5,6,,5.069251934717182,24,22,0,0,,108.30000305175781,483,116,66,61,18,46,0,2,73,6.066481823514005,3.8227145737211536,1.5869565217391304,1.495844833195234,0.15113871635610765,0.09523809523809523,0.05590062111801242,0.26666666666666666,1.495844833195234,0.28488372093023256,0.7017543859649122,,,5.308677317186673,0.0008052454157671113,,,,,,,,,280.42002258300784,2.589289147563476,309.50001525878906,2.857802461103122,,,,,,,,,,,,,,,,,,,"Devereaux Harrison","sa3020259",687288
"Matt Gage","DET",2,2,,4.201474122715716,39,0,0,0,,40.70000076293945,176,38,21,19,5,18,0,1,36,7.960687811461356,3.980343905730678,2,1.1056510849251884,0.20454545454545456,0.10227272727272728,0.10227272727272728,0.24203821656050956,1.3759213501291232,0.28448275862068967,0.7142857142857143,,,4.394980983762227,0.0006125654535204285,,,,,,,,,155.88000564575196,3.8299754968971143,153.50000381469727,3.7714987945275684,,,,,,,,,,,,,,,,,,,"Matt Gage","17381",657424
"Brad Wieck","CHC",2,2,,4.354838709677419,28,0,0,0,,31,134,28,16,15,4,14,0,2,33,9.580645161290322,4.064516129032258,2.357142857142857,1.1612903225806452,0.2462686567164179,0.1044776119402985,0.1417910447761194,0.23728813559322035,1.3548387096774193,0.2962962962962963,0.7142857142857143,,,4.263253971838182,-0.00017371754349354215,,,,,,,,,125.39999999999999,4.04516129032258,121,3.903225806451613,,,,,,,,,,,,,,,,,,,"Brad Wieck","16390",623364
"Bennett Sousa","HOU",2,2,,4.45229693981742,28,0,0,0.652999997138977,,28.299999237060547,122,26,15,14,4,11,0,1,28,8.90459387963484,3.4982333098565443,2.5454545454545454,1.2720848399478344,0.22950819672131148,0.09016393442622951,0.13934426229508196,0.23636363636363636,1.3074205299463852,0.28205128205128205,0.7006369426751593,,,4.297221858243425,-0.00042806686418326114,,,,,,,,,115.23199434280396,4.071802030012098,112.11199617385864,3.9615547419182,,,,,,,,,,,,,,,,,,,"Bennett Sousa","21345",656986
"Brent Honeywell","LAD",3,2,,4.686064099529361,43,3,0,0,,65.30000305175781,287,68,37,34,8,23,0,4,43,5.926492831757721,3.1699845379169207,1.8695652173913044,1.1026033175363203,0.14982578397212543,0.08013937282229965,0.06968641114982578,0.26153846153846155,1.3935680818861824,0.28708133971291866,0.6766917293233083,,,4.682559339902236,-0.0009380428412978049,,,,,,,,,213.02002258300791,3.2621747722456442,227.50001525878906,3.4839204383875595,,,,,,,,,,,,,,,,,,,"Brent Honeywell","16466",641703
"Carson Coleman","NYY",2,1,,4.5,27,0,0,0,,34,151,29,18,17,4,16,0,6,37,9.794117647058824,4.235294117647059,2.3125,1.0588235294117647,0.24503311258278146,0.10596026490066225,0.1390728476821192,0.2248062015503876,1.3235294117647058,0.2840909090909091,0.6852791878172589,,,4.4605974253486185,-0.002247363354913707,,,,,,,,,135.00000000000003,3.9705882352941186,126,3.7058823529411766,,,,,,,,,,,,,,,,,,,"Carson Coleman","sa3014857",679693
"Troy Miller","NYM",1,1,,5.11040997164248,10,8,0,0,,31.700000762939453,143,34,19,18,5,15,0,0,23,6.5299682970987245,4.2586749763687335,1.5333333333333334,1.4195583254562445,0.16083916083916083,0.1048951048951049,0.05594405594405594,0.265625,1.5457412877190218,0.29,0.7142857142857143,,,5.185407174494232,-0.002487399286593182,,,,,,,,,85.68000564575195,2.7028392297681156,94.50000381469727,2.9810726037955635,,,,,,,,,,,,,,,,,,,"Troy Miller","sa3008453",663632
"Blane Abeyta","ATL",5,7,,4.98432617775294,23,18,0,0,,95.69999694824219,430,105,57,53,14,35,0,9,63,5.924765079215759,3.291536155119866,1.8,1.3166144620479463,0.14651162790697675,0.08139534883720931,0.06511627906976744,0.27202072538860106,1.4629049578310516,0.29449838187702265,0.6893687707641196,,,5.13095215023435,-0.002578078311755467,,,,,,,,,256.97997741699214,2.685266307333068,290.49998474121094,3.035527628055445,,,,,,,,,,,,,,,,,,,"Blane Abeyta","sa3014975",686588
"Vladimir Gutierrez","BOS",3,5,,5.251215494224319,15,12,0,0,,61.70000076293945,274,63,39,36,9,30,0,4,46,6.709886464842186,4.3760129118536,1.5333333333333334,1.3128038735560799,0.1678832116788321,0.10948905109489052,0.05839416058394159,0.2625,1.5072933363051289,0.2918918918918919,0.6716417910447761,,,5.224826592383896,-0.005201980183770038,,,,,,,,,172.08000564575195,2.788978987324633,181.50000381469727,2.941653185905899,,,,,,,,,,,,,,,,,,,"Vladimir Gutierrez","19278",661269
"Mauricio Llovera","SEA",1,2,,4.458204439669971,25,2,0,0,,32.29999923706055,139,30,17,16,4,12,1,3,28,7.801857769422449,3.343653329752478,2.3333333333333335,1.1145511099174927,0.2014388489208633,0.08633093525179857,0.11510791366906474,0.24193548387096775,1.3003096282370747,0.2826086956521739,0.6868131868131868,,,4.435829653473606,-0.005255762201633827,,,,,,,,,122.81999435424808,3.802476695210761,120.49999618530273,3.7306501248161887,,,,,,,,,,,,,,,,,,,"Mauricio Llovera","20080",661440
"Antonio Jimenez","SFG",3,4,,4.615384402940642,34,5,0,0,,66.30000305175781,295,69,37,34,8,26,0,4,50,6.787330004324474,3.5294116022487265,1.9230769230769231,1.0859728006919158,0.1694915254237288,0.08813559322033898,0.08135593220338982,0.26037735849056604,1.4328807786907223,0.2946859903381642,0.6921241050119332,,,4.5842776014153515,-0.007403747399401823,,,,,,,,,222.82002258300778,3.360784499648679,237.50001525878906,3.582202176874443,,,,,,,,,,,,,,,,,,,"Antonio Jimenez","sa3008074",682607
"Nick Bennett","MIL",4,6,,4.764705882352941,22,11,0,0,,68,303,69,39,36,10,27,0,7,51,6.75,3.573529411764706,1.8888888888888888,1.3235294117647058,0.16831683168316833,0.0891089108910891,0.07920792079207922,0.25650557620817843,1.411764705882353,0.28365384615384615,0.6951219512195121,,,5.078244484172148,-0.007712601330071283,,,,,,,,,200.80000000000004,2.952941176470589,210,3.088235294117647,,,,,,,,,,,,,,,,,,,"Nick Bennett","sa3011410",668711
"Sean Reynolds","SDP",1,2,,4.328358263719325,45,2,0,0.6158000230789185,,60.29999923706055,269,54,31,29,7,33,0,4,61,9.104477727133752,4.925373196646128,1.8484848484848484,1.044776132621906,0.22676579925650558,0.12267657992565056,0.10408921933085502,0.23275862068965517,1.4427860879064416,0.2865853658536585,0.7253886010362695,,,4.493179629238247,-0.007787072495196717,,,,,,,,,233.18319444656365,3.8670513664492487,223.9631962776184,3.7141492389931905,,,,,,,,,,,,,,,,,,,"Sean Reynolds","22253",669308
"Luke Jackson","TEX",3,3,,4.250513280433588,48,0,4.039999961853027,12.930700302124023,,48.70000076293945,208,43,25,23,7,22,1,2,52,9.609856112284634,4.065708355197345,2.3636363636363638,1.2936344766537007,0.25,0.10576923076923077,0.14423076923076922,0.23369565217391305,1.3347022378173101,0.288,0.7246376811594203,,,4.377978732616277,-0.008409226939681522,,,,,,,,,266.40280666351316,5.470283418686204,256.4228048324585,5.265355252881134,,,,,,,,,,,,,,,,,,,"Luke Jackson","11752",592426
"Anthony Misiewicz","MIN",2,3,,4.5,44,0,0,0.6255999803543091,,48,209,49,26,24,7,17,1,1,45,8.4375,3.1875,2.6470588235294117,1.3125,0.215311004784689,0.08133971291866028,0.13397129186602874,0.25654450261780104,1.375,0.302158273381295,0.7117437722419928,,,4.312313111623128,-0.008691113489281347,,,,,,,,,180.20239992141725,3.754216665029526,187.50239992141724,3.9062999983628592,,,,,,,,,,,,,,,,,,,"Anthony Misiewicz","18152",664948
"JT Chargois","TEX",2,2,,4.239828624523929,48,2,0,0.6265000104904175,,46.70000076293945,194,41,24,22,6,19,2,3,40,7.708779317316234,3.6616701757252113,2.1052631578947367,1.1563168975974352,0.20618556701030927,0.0979381443298969,0.10824742268041236,0.23837209302325582,1.284796552886039,0.2777777777777778,0.6976744186046512,,,4.53692943470157,-0.009011780118126863,,,,,,,,,181.6860056877136,3.890492563586795,172.00600385665894,3.6832120138456355,,,,,,,,,,,,,,,,,,,"JT Chargois","13767",608638
"Junior Santos","WSN",3,4,,5.0226242032001105,29,6,0,0,,66.30000305175781,300,72,40,37,8,27,0,5,41,5.565610603546069,3.665158202335216,1.5185185185185186,1.0859728006919158,0.13666666666666666,0.09,0.04666666666666666,0.26865671641791045,1.4932126009513842,0.2922374429223744,0.6719817767653758,,,4.946268534979324,-0.00937702167755946,,,,,,,,,191.02002258300777,2.881146512676416,213.50001525878906,3.2202112433104713,,,,,,,,,,,,,,,,,,,"Junior Santos","sa3005470",681744
"Matt Festa","TEX",3,4,,4.764705882352941,44,0,0,0,,51,219,47,29,27,7,20,1,3,49,8.647058823529411,3.5294117647058822,2.45,1.2352941176470589,0.2237442922374429,0.091324200913242,0.1324200913242009,0.23979591836734693,1.3137254901960784,0.2857142857142857,0.6643356643356643,,,4.382166052799599,-0.011165577093940676,,,,,,,,,198.10000000000002,3.8843137254901965,193,3.784313725490196,,,,,,,,,,,,,,,,,,,"Matt Festa","19330",670036
"Grant Hartwig","NYM",3,4,,4.561403576609644,42,1,0,0,,51.29999923706055,227,47,28,26,5,24,1,6,45,7.894736959516692,4.210526378408902,1.875,0.8771929955018547,0.19823788546255505,0.10572687224669604,0.09251101321585901,0.23857868020304568,1.3840156151251484,0.2857142857142857,0.671875,,,4.43353632734803,-0.011825253806495998,,,,,,,,,195.9199943542481,3.819103260584652,191.49999618530273,3.7329434509417654,,,,,,,,,,,,,,,,,,,"Grant Hartwig","29946",701643
"Ben Leeper","CHC",3,2,,4.005934627409924,30,0,0,0,,33.70000076293945,144,30,16,15,4,13,0,3,31,8.278931563313842,3.4718100104219336,2.3846153846153846,1.0682492339759797,0.2152777777777778,0.09027777777777778,0.125,0.234375,1.2759643628046424,0.27956989247311825,0.7219251336898396,,,4.294076191931107,-0.012239856254350472,,,,,,,,,136.18000564575198,4.040949630942198,130.50000381469727,3.872403586358688,,,,,,,,,,,,,,,,,,,"Ben Leeper","sa3014907",663510
"Luke Barker","SEA",3,3,,4.064516129032258,28,0,0,0,,31,132,30,15,14,4,11,1,1,28,8.129032258064516,3.193548387096774,2.5454545454545454,1.1612903225806452,0.21212121212121213,0.08333333333333333,0.12878787878787878,0.25,1.3225806451612903,0.29545454545454547,0.7344632768361582,,,4.198737842805924,-0.012245921148524656,,,,,,,,,122.19999999999999,3.9419354838709673,123,3.967741935483871,,,,,,,,,,,,,,,,,,,"Luke Barker","19609",673316
"Mitch Neunborn","PHI",4,7,,5.373134550848105,25,13,0,0,,73.69999694824219,333,79,48,44,12,33,0,4,56,6.838534882897588,4.0298509131360785,1.696969696969697,1.4654003320494833,0.16816816816816818,0.0990990990990991,0.06906906906906908,0.2668918918918919,1.5196744184216864,0.29385964912280704,0.6722689075630252,,,5.269600625212664,-0.01320477940446708,,,,,,,,,193.3799774169922,2.6238803992461293,213.49998474121094,2.8968791530771307,,,,,,,,,,,,,,,,,,,"Mitch Neunborn","sa3021722",666748
"Rodney Theophile","WSN",4,7,,5.376623376623376,19,18,0,0,,77,354,81,50,46,11,39,0,7,56,6.545454545454546,4.558441558441558,1.435897435897436,1.2857142857142858,0.15819209039548024,0.11016949152542373,0.04802259887005651,0.262987012987013,1.5584415584415585,0.29045643153526973,0.6692160611854685,,,5.36128497309499,-0.013531069576159986,,,,,,,,,197.90000000000006,2.570129870129871,216,2.8051948051948052,,,,,,,,,,,,,,,,,,,"Rodney Theophile","sa3008228",682496
"Garrett Schoenle","CHW",3,6,,5.142857142857143,30,9,0,0,,70,312,71,43,40,11,33,0,4,61,7.8428571428571425,4.242857142857143,1.8484848484848484,1.4142857142857144,0.1955128205128205,0.10576923076923077,0.08974358974358974,0.2581818181818182,1.4857142857142858,0.2955665024630542,0.688487584650113,,,5.05219406400408,-0.013693291109536546,,,,,,,,,209.1,2.987142857142857,218,3.1142857142857143,,,,,,,,,,,,,,,,,,,"Garrett Schoenle","sa3016937",676881
"Patrick Murphy","TEX",2,3,,4.542586641459982,25,1,0,0,,31.700000762939453,142,31,17,16,4,14,0,2,28,7.949526622554969,3.9747633112774845,2,1.1356466603649955,0.19718309859154928,0.09859154929577464,0.09859154929577464,0.24603174603174602,1.4195583254562445,0.2872340425531915,0.7106598984771574,,,4.554492363180345,-0.01417247579396474,,,,,,,,,112.78000564575196,3.557728799098432,114.50000381469727,3.61198741510945,,,,,,,,,,,,,,,,,,,"Patrick Murphy","sa3018252",688602
"Jimmy Lambert","CHW",2,3,,4.988452743784928,30,6,0,0,,43.29999923706055,192,44,26,24,7,20,1,2,40,8.314087906308215,4.1570439531541075,2,1.4549653836039376,0.20833333333333334,0.10416666666666667,0.10416666666666667,0.25882352941176473,1.4780600722325714,0.3008130081300813,0.7011070110701106,,,4.944770802694608,-0.014767554479682431,,,,,,,,,133.91999435424802,3.0928405707597717,139.49999618530273,3.2217089755951873,,,,,,,,,,,,,,,,,,,"Jimmy Lambert","19541",669424
"Francisco Pérez","OAK",2,3,,4.304347826086956,40,0,0,0,,46,203,42,24,22,5,24,1,1,46,9,4.695652173913044,1.9166666666666667,0.9782608695652174,0.22660098522167488,0.11822660098522167,0.10837438423645321,0.23595505617977527,1.434782608695652,0.29133858267716534,0.711864406779661,,,4.2099580391593605,-0.014874314984170071,,,,,,,,,186.70000000000005,4.058695652173914,182,3.9565217391304346,,,,,,,,,,,,,,,,,,,"Francisco Perez","21018",660906
"Matt Andriese","MIA",3,5,,4.9245283018867925,19,6,0,0,,53,240,65,31,29,9,15,0,2,36,6.113207547169812,2.547169811320755,2.4,1.528301886792453,0.15,0.0625,0.0875,0.2914798206278027,1.509433962264151,0.3146067415730337,0.7270029673590503,,,4.977800533006777,-0.015048805081167215,,,,,,,,,133.50000000000006,2.518867924528303,169,3.188679245283019,,,,,,,,,,,,,,,,,,,"Matt Andriese","12022",542882
"Cameron Foster","NYM",3,4,,5.029411764705882,24,11,0,0,,68,306,72,41,38,10,31,0,2,50,6.617647058823529,4.102941176470588,1.6129032258064515,1.3235294117647058,0.16339869281045752,0.10130718954248366,0.06209150326797386,0.26373626373626374,1.5147058823529411,0.29107981220657275,0.6966292134831461,,,5.063538601819207,-0.015152686827877305,,,,,,,,,194.00000000000003,2.8529411764705888,211,3.1029411764705883,,,,,,,,,,,,,,,,,,,"Cameron Foster","31942",671382
"Trevin Michael","DET",2,4,,4.472049760080812,37,1,0,0,,48.29999923706055,211,47,26,24,7,20,1,1,44,8.198757893481488,3.726708133400676,2.2,1.3043478466902367,0.20853080568720378,0.0947867298578199,0.11374407582938388,0.24736842105263157,1.3871635829880296,0.28776978417266186,0.7167832167832168,,,4.5329394272033765,-0.015313923995371532,,,,,,,,,174.11999435424804,3.6049688841536445,175.49999618530273,3.6335403510864186,,,,,,,,,,,,,,,,,,,"Trevin Michael","sa3020400",800723
"Chasen Shreve","ATL",3,2,,4.235294117647059,34,0,0,0.6258999705314636,,34,142,33,17,16,5,11,0,1,31,8.205882352941176,2.911764705882353,2.8181818181818183,1.3235294117647058,0.21830985915492956,0.07746478873239436,0.1408450704225352,0.25384615384615383,1.2941176470588236,0.2978723404255319,0.7297297297297297,,,4.313538601819207,-0.016895916865018457,,,,,,,,,132.80359988212587,3.9059882318272314,133.50359988212585,3.9265764671213486,,,,,,,,,,,,,,,,,,,"Chasen Shreve","10855",592741
"Adam Plutko","MIN",3,5,,5.038880009682093,16,12,0,0,,64.30000305175781,282,72,39,36,12,21,0,2,48,6.718506679576124,2.9393466723145543,2.2857142857142856,1.679626669894031,0.1702127659574468,0.07446808510638298,0.09574468085106383,0.277992277992278,1.4463451879643043,0.3015075376884422,0.7086614173228346,,,5.172700522885443,-0.01702206397420283,,,,,,,,,168.02002258300777,2.6130639908020115,192.50001525878906,2.993779255404352,,,,,,,,,,,,,,,,,,,"Adam Plutko","15846",592644
"Dalton Moats","TBR",1,1,,4.5,28,0,0,0,,32,141,32,17,16,4,12,1,1,28,7.875,3.375,2.3333333333333335,1.125,0.19858156028368795,0.0851063829787234,0.11347517730496455,0.25,1.375,0.2916666666666667,0.703125,,,4.260229778289795,-0.017472347350595798,,,,,,,,,121.40000000000002,3.7937500000000006,125,3.90625,,,,,,,,,,,,,,,,,,,"Dalton Moats","sa738506",641889
"Alec Gamboa","LAD",4,5,,5.068493386115895,23,8,0,0,,65.69999694824219,296,69,40,37,9,32,0,2,45,6.164383847978791,4.383561847451585,1.40625,1.232876769595758,0.15202702702702703,0.10810810810810811,0.043918918918918914,0.2633587786259542,1.537290786779896,0.28846153846153844,0.6900452488687783,,,5.129950189127484,-0.018891286204642435,,,,,,,,,184.0799774169922,2.8018262704335983,199.49998474121094,3.036529589162311,,,,,,,,,,,,,,,,,,,"Alec Gamboa","26227",687941
"Emilio Pagán","CIN",3,4,,4.620123130906074,48,1,5.360000133514404,10.989800453186035,,48.70000076293945,199,45,27,25,9,16,1,1,48,8.870636411339662,2.956878803779887,3,1.6632443271261865,0.24120603015075376,0.08040201005025126,0.1608040201005025,0.24725274725274726,1.252566715490091,0.288,0.7024793388429752,,,4.6449191801797385,-0.020330842408746504,,,,,,,,,248.43920812606814,5.101421031498825,242.25920629501343,4.9745216119046125,,,,,,,,,,,,,,,,,,,"Emilio Pagan","14771",641941
"Elvin Rodríguez","MIL",3,4,,5.138662380432109,14,12,0,0.6028000116348267,,61.29999923706055,272,63,38,35,11,25,0,3,50,7.340946257760155,3.6704731288800776,2,1.6150081767072342,0.18382352941176472,0.09191176470588236,0.09191176470588236,0.2581967213114754,1.4355628237397637,0.28415300546448086,0.6887052341597797,,,5.2382579443687725,-0.0205351733731828,,,,,,,,,172.93119440078738,2.821063565303231,181.91119623184204,2.967556256050698,,,,,,,,,,,,,,,,,,,"Elvin Rodriguez","20962",660730
"Johnny Cueto","LAA",3,6,,5.215909090909091,18,17,0,0,,88,387,102,55,51,16,24,1,4,55,5.625,2.4545454545454546,2.2916666666666665,1.6363636363636365,0.1421188630490956,0.06201550387596899,0.08010335917312661,0.2841225626740947,1.4318181818181819,0.2986111111111111,0.6853281853281854,,,5.234661596471613,-0.021027680982969244,,,,,,,,,215.20000000000005,2.4454545454545458,258,2.9318181818181817,,,,,,,,,,,,,,,,,,,"Johnny Cueto","6893",456501
"Cam Booser","CHW",3,4,,4.566596268161447,44,0,0,9.259400367736816,,47.29999923706055,207,46,26,24,7,21,1,1,48,9.133192536322895,3.9957717346412664,2.2857142857142856,1.331923911547089,0.2318840579710145,0.10144927536231885,0.13043478260869565,0.24864864864864866,1.4164905091056341,0.3,0.7167832167832168,,,4.4561203910576115,-0.021415746241150127,,,,,,,,,211.3575958251953,4.468448186772743,212.53759765625,4.49339537176403,,,,,,,,,,,,,,,,,,,"Cam Booser","16061",592155
"Reagan Todd","COL",2,4,,4.678898973403161,33,0,0,0,,32.70000076293945,147,32,18,17,4,17,1,2,31,8.532109892676353,4.678898973403161,1.8235294117647058,1.1009174055066262,0.2108843537414966,0.11564625850340136,0.09523809523809525,0.25,1.4984709130506857,0.3010752688172043,0.7142857142857143,,,4.603788613256779,-0.02201353204848938,,,,,,,,,114.58000564575194,3.503975626068217,116.50000381469727,3.5626911650330157,,,,,,,,,,,,,,,,,,,"Reagan Todd","sa3006946",657047
"Braeden Fausnaught","PHI",5,8,,5.438066298130299,22,19,0,0,,99.30000305175781,450,110,65,60,17,43,1,3,68,6.1631418045476725,3.897280846993381,1.5813953488372092,1.5407854511369181,0.1511111111111111,0.09555555555555556,0.05555555555555555,0.2722772277227723,1.5407854511369181,0.29153605015673983,0.6811145510835914,,,5.4121997495547145,-0.022198090920691638,,,,,,,,,237.7200225830078,2.393957857776719,273.50001525878906,2.75428002873508,,,,,,,,,,,,,,,,,,,"Braeden Fausnaught","sa3020598",805634
"Blake Whitney","CHC",3,4,,4.578947368421052,35,2,0,0,,57,248,56,31,29,8,22,1,2,50,7.894736842105263,3.473684210526316,2.272727272727273,1.263157894736842,0.20161290322580644,0.08870967741935484,0.1129032258064516,0.25,1.368421052631579,0.2891566265060241,0.7035928143712575,,,4.499813111623128,-0.02314299769854018,,,,,,,,,205.79999999999998,3.6105263157894734,209,3.6666666666666665,,,,,,,,,,,,,,,,,,,"Blake Whitney","sa3007966",681407
"Nick Vespi","PHI",2,2,,4.561403576609644,38,0,0,0,,51.29999923706055,225,51,28,26,7,20,1,2,44,7.719298360416321,3.508771982007419,2.2,1.2280701937025966,0.19555555555555557,0.08888888888888889,0.10666666666666667,0.2512315270935961,1.3840156151251484,0.2894736842105263,0.7026143790849673,,,4.511509038059305,-0.023403409497256476,,,,,,,,,182.91999435424808,3.565691950773005,187.49999618530273,3.6549707402304894,,,,,,,,,,,,,,,,,,,"Nick Vespi","21093",663989
"Art Warren","NYY",2,1,,4.594594699861789,30,0,0,0,,33.29999923706055,146,31,18,17,4,16,1,1,29,7.837838017411287,4.3243244233993305,1.8125,1.0810811058498326,0.19863013698630136,0.1095890410958904,0.08904109589041095,0.24031007751937986,1.4114114437483927,0.28125,0.7004830917874396,,,4.517831160602086,-0.023490461303738504,,,,,,,,,123.61999435424805,3.7123122278233485,121.49999618530273,3.648648617687709,,,,,,,,,,,,,,,,,,,"Art Warren","18251",605521
"Blake Beers","OAK",7,9,,4.88085468278707,25,21,0,0,,121.69999694824219,535,126,71,66,19,42,0,12,89,6.5817585873946856,3.105998434500863,2.119047619047619,1.4050945298932473,0.16635514018691588,0.07850467289719626,0.08785046728971962,0.26195426195426197,1.38044374866705,0.2868632707774799,0.6859971711456859,,,5.064589932706989,-0.023633369608753136,,,,,,,,,355.2799774169922,2.919309665784867,377.49998474121094,3.1018898455828063,,,,,,,,,,,,,,,,,,,"Blake Beers","sa3018004",676275
"T.J. Brock","TOR",2,2,,4.371428571428571,32,0,0,0,,35,153,30,18,17,5,16,0,4,40,10.285714285714286,4.114285714285714,2.5,1.2857142857142858,0.26143790849673204,0.10457516339869281,0.1568627450980392,0.22556390977443608,1.3142857142857143,0.2840909090909091,0.717948717948718,,,4.452194064004081,-0.023778913855391284,,,,,,,,,139.5,3.9857142857142858,130,3.7142857142857144,,,,,,,,,,,,,,,,,,,"T.J. Brock","sa3020079",697813
"Angel Perdomo","LAA",2,2,,4.4606414986355505,33,0,0,0.6287000179290771,,34.29999923706055,148,27,18,17,5,18,2,4,45,11.807580437564694,4.723032175025877,2.5,1.3119533819516325,0.30405405405405406,0.12162162162162163,0.18243243243243243,0.21428571428571427,1.3119533819516325,0.2894736842105263,0.7105263157894737,,,4.361815081845727,-0.023916042782523295,,,,,,,,,148.63479442596434,4.3333760271739905,133.01479625701904,3.8779824844223,,,,,,,,,,,,,,,,,,,"Angel Perdomo","17759",622780
"Eric Silva","DET",3,5,,4.8929159187314895,36,6,0,0,,60.70000076293945,271,60,36,33,8,27,1,5,48,7.116968609063984,4.003294842598491,1.7777777777777777,1.1861614348439975,0.17712177121771217,0.0996309963099631,0.07749077490774907,0.2510460251046025,1.433278400436497,0.28415300546448086,0.6728232189973615,,,4.879824073064458,-0.024324535787297978,,,,,,,,,194.780005645752,3.20889626355121,199.50000381469727,3.286655705225337,,,,,,,,,,,,,,,,,,,"Eric Silva","sa3017965",696150
"Tyler Schoff","WSN",2,4,,4.736842022564676,34,0,0,0,,43.70000076293945,191,45,25,23,6,16,1,1,36,7.414187513579493,3.2951944504797748,2.25,1.2356979189299155,0.18848167539267016,0.08376963350785341,0.10471204188481675,0.25862068965517243,1.3958809824949046,0.29545454545454547,0.6844106463878327,,,4.470827581604706,-0.024600849404966676,,,,,,,,,153.58000564575195,3.514416543809266,161.50000381469727,3.695652196685089,,,,,,,,,,,,,,,,,,,"Tyler Schoff","sa3017545",694887
"Alex Young","CIN",2,2,,4.859611311179032,48,0,0,0,,46.29999923706055,207,49,27,25,7,18,1,2,43,8.358531455227936,3.498920144048903,2.388888888888889,1.360691167130129,0.20772946859903382,0.08695652173913043,0.12077294685990339,0.2620320855614973,1.4470842571066451,0.30656934306569344,0.6993006993006993,,,4.570367490408183,-0.025927307738725907,,,,,,,,,155.119994354248,3.3503239073508055,166.49999618530273,3.596112287881613,,,,,,,,,,,,,,,,,,,"Alex Young","18333",622065
"John Stankiewicz","MIN",3,4,,4.71971073419265,35,2,0,0,,55.29999923706055,243,60,31,29,8,17,0,1,41,6.672694486272367,2.7667269821129326,2.411764705882353,1.3019891680531448,0.16872427983539096,0.06995884773662552,0.09876543209876544,0.26666666666666666,1.3924050825012797,0.29545454545454547,0.6990881458966566,,,4.540801677901448,-0.0259924092062534,,,,,,,,,182.81999435424802,3.3059673937884444,200.49999618530273,3.625678100388347,,,,,,,,,,,,,,,,,,,"John Stankiewicz","sa3016001",694496
"Luis Guerrero","BOS",4,4,,4.553119788764835,49,0,0,4.444699764251709,,59.29999923706055,262,50,32,30,6,33,1,7,63,9.561551556406153,5.008431767641318,1.9090909090909092,0.910623957752967,0.24045801526717558,0.12595419847328243,0.11450381679389315,0.22522522522522523,1.3996627498795604,0.2875816993464052,0.6836461126005362,,,4.380645055293751,-0.026013289406244602,,,,,,,,,258.79879341125496,4.364229287367583,242.27879524230957,4.0856458407994936,,,,,,,,,,,,,,,,,,,"Luis Guerrero","31184",692285
"Tejay Antone","CIN",1,2,,5.221843139383964,17,3,0,0.6014000177383423,,29.299999237060547,128,29,18,17,5,13,0,2,27,8.293515574315707,3.9931741654112667,2.076923076923077,1.5358362174658717,0.2109375,0.1015625,0.109375,0.25663716814159293,1.4334471363014802,0.2962962962962963,0.6857142857142857,,,5.077742626691769,-0.026298536730032778,,,,,,,,,91.32559442520139,3.116914566662747,92.9055962562561,3.1708395452359963,,,,,,,,,,,,,,,,,,,"Tejay Antone","16233",622088
"Michael Rucker","WSN",2,2,,4.6,33,0,0,0,,45,197,46,25,23,6,17,0,2,38,7.6,3.4,2.235294117647059,1.2,0.19289340101522842,0.08629441624365482,0.1065989847715736,0.25842696629213485,1.4,0.29850746268656714,0.6959706959706959,,,4.477590889400906,-0.02870235615597405,,,,,,,,,158.59999999999997,3.524444444444444,166,3.688888888888889,,,,,,,,,,,,,,,,,,,"Michael Rucker","19454",621074
"Julio Teheran","BAL",3,3,,5.162523975883236,12,11,0,0,,52.29999923706055,229,57,32,30,9,18,0,4,36,6.195028771059882,3.097514385529941,2,1.5487571927649706,0.1572052401746725,0.07860262008733625,0.07860262008733625,0.2753623188405797,1.4340344377453431,0.2962962962962963,0.6891025641025641,,,5.288850746152903,-0.029496345339911398,,,,,,,,,134.11999435424806,2.564435875922703,150.49999618530273,2.877629032136892,,,,,,,,,,,,,,,,,,,"Julio Teheran","6797",527054
"Anthony Gose","NYM",3,4,,4.466501325252359,38,0,0,0,,40.29999923706055,175,36,22,20,6,20,2,1,46,10.272953048080426,4.466501325252359,2.3,1.3399503975757079,0.26285714285714284,0.11428571428571428,0.14857142857142858,0.23376623376623376,1.3895781900785118,0.29411764705882354,0.7142857142857143,,,4.382360694608493,-0.02956839799632044,,,,,,,,,159.81999435424802,3.9657567588059632,152.49999618530273,3.7841190836813023,,,,,,,,,,,,,,,,,,,"Anthony Gose","5097",543238
"Phil Maton","STL",3,2,,4.083769687882531,62,0,1.1950000524520874,15.446700096130371,,57.29999923706055,245,51,28,26,7,21,1,7,55,8.638743570520738,3.2984293632897366,2.619047619047619,1.099476454429912,0.22448979591836735,0.08571428571428572,0.13877551020408163,0.2350230414746544,1.256544519348471,0.2838709677419355,0.7073954983922829,,,4.300860247146054,-0.03180172392821522,,,,,,,,,299.08179500102995,5.219577643686765,289.26179683208466,5.048198964808985,,,,,,,,,,,,,,,,,,,"Phil Maton","18064",664208
"Matt Foster","CHW",1,1,,4.540059244397914,33,1,0,0,,33.70000076293945,146,34,18,17,5,13,0,1,29,7.744806946325852,3.4718100104219336,2.230769230769231,1.3353115424699746,0.19863013698630136,0.08904109589041095,0.1095890410958904,0.25757575757575757,1.3946587221353068,0.29591836734693877,0.725,,,4.620485680090434,-0.031918492812186484,,,,,,,,,115.48000564575196,3.426706321406009,119.50000381469727,3.545994098199361,,,,,,,,,,,,,,,,,,,"Matt Foster","19647",641582
"Karl Kauffmann","COL",5,10,,5.698178513534598,26,24,0,0,,115.30000305175781,534,137,79,73,17,52,0,6,62,4.839548874508837,4.058976475394508,1.1923076923076923,1.3269730784943585,0.11610486891385768,0.09737827715355805,0.01872659176029963,0.28781512605042014,1.63920203814009,0.3022670025188917,0.665859564164649,,,5.516870002289607,-0.032037705958605486,,,,,,,,,237.9200225830079,2.063486698055041,305.50001525878906,2.6496097760001884,,,,,,,,,,,,,,,,,,,"Karl Kauffmann","27488",666154
"Zach Brzykcy","WSN",2,3,,4.780600546127223,36,1,0,0.6308000087738037,,43.29999923706055,191,40,25,23,6,21,1,3,44,9.145496696939036,4.364896150811813,2.0952380952380953,1.247113185946232,0.23036649214659685,0.1099476439790576,0.12041884816753926,0.23952095808383234,1.4087760063466697,0.2905982905982906,0.6844106463878327,,,4.598350473265098,-0.03213269906917299,,,,,,,,,161.14319438934325,3.7215518990453123,157.02319622039795,3.6264018241829787,,,,,,,,,,,,,,,,,,,"Zach Brzykcy","27783",694350
"Justin Lawrence","PIT",4,5,,4.5,56,0,0,9.670999526977539,,62,277,59,34,31,6,30,3,6,55,7.983870967741935,4.354838709677419,1.8333333333333333,0.8709677419354839,0.19855595667870035,0.10830324909747292,0.09025270758122743,0.24481327800829875,1.435483870967742,0.29444444444444445,0.6823821339950372,,,4.392286229902698,-0.032409774848855724,,,,,,,,,272.28399810791007,4.391677388837259,272.68399810791016,4.398129001740487,,,,,,,,,,,,,,,,,,,"Justin Lawrence","17639",664875
"Justin Bruihl","TOR",3,2,,4.198783026438483,44,1,0,0,,49.29999923706055,213,46,25,23,6,18,2,6,41,7.484787134085992,3.286004107647509,2.2777777777777777,1.0953347025491695,0.19248826291079812,0.08450704225352113,0.107981220657277,0.24338624338624337,1.2981744622804972,0.28169014084507044,0.7014388489208633,,,4.545790144462823,-0.0341596236882011,,,,,,,,,181.41999435424805,3.67991880652745,178.49999618530273,3.620689633826972,,,,,,,,,,,,,,,,,,,"Justin Bruihl","23779",677865
"Robert Gsellman","WSN",1,2,,5.029411764705882,16,4,0,0,,34,151,36,21,19,5,13,0,3,24,6.352941176470588,3.4411764705882355,1.8461538461538463,1.3235294117647058,0.15894039735099338,0.08609271523178808,0.07284768211920531,0.26666666666666666,1.4411764705882353,0.29245283018867924,0.6666666666666666,,,5.078244484172148,-0.03419919099527556,,,,,,,,,96.50000000000001,2.8382352941176476,105,3.088235294117647,,,,,,,,,,,,,,,,,,,"Robert Gsellman","13696",607229
"T.J. McFarland","OAK",3,2,,4.2857143534107776,56,0,0,12.468299865722656,,48.29999923706055,209,49,25,23,5,16,2,3,35,6.521739233451184,2.981366506720541,2.1875,0.931677033350169,0.1674641148325359,0.07655502392344497,0.09090909090909093,0.2578947368421053,1.345755714839133,0.29333333333333333,0.6896551724137931,,,4.2430843501611015,-0.03467442013327818,,,,,,,,,231.39319381713867,4.790749430066054,239.37319564819336,4.955966861890187,,,,,,,,,,,,,,,,,,,"T.J. McFarland","3237",519008
"Tyler Jay","MIL",2,3,,4.5251396005138265,35,1,0,0,,53.70000076293945,239,55,29,27,7,18,0,4,43,7.206703808225723,3.016759733675884,2.388888888888889,1.1731843408739548,0.1799163179916318,0.07531380753138076,0.10460251046025104,0.2534562211981567,1.3594040775206144,0.2874251497005988,0.6962025316455696,,,4.488639908481078,-0.03544174393477244,,,,,,,,,188.28000564575194,3.5061453067183495,197.50000381469727,3.6778398698087176,,,,,,,,,,,,,,,,,,,"Tyler Jay","17952",664079
"Zac Kristofak","LAA",1,2,,5.067024232327954,20,5,0,0,,37.29999923706055,168,41,23,21,5,15,1,2,25,6.032171705152327,3.619303023091396,1.6666666666666667,1.2064343410304654,0.1488095238095238,0.08928571428571429,0.05952380952380952,0.271523178807947,1.5013405132823567,0.2975206611570248,0.673469387755102,,,4.935916811801144,-0.03551935502682892,,,,,,,,,106.91999435424806,2.8664878429277407,120.49999618530273,3.230562966488651,,,,,,,,,,,,,,,,,,,"Zac Kristofak","27585",670219
"Brad Deppermann","CHC",0,1,,4.556961878620844,17,1,0,0,,23.700000762939453,105,24,13,12,3,10,0,1,19,7.215189641149669,3.7974682321840363,1.9,1.139240469655211,0.18095238095238095,0.09523809523809523,0.08571428571428572,0.2553191489361702,1.4345991099361914,0.2916666666666667,0.7046979865771812,,,4.601078888225986,-0.03609560209229011,,,,,,,,,81.08000564575195,3.421097174500504,84.50000381469727,3.5654008900638083,,,,,,,,,,,,,,,,,,,"Brad Deppermann","sa3011801",656368
"Tyler Beede","CLE",2,3,,4.95,20,7,0,0,,40,185,40,24,22,5,22,1,4,35,7.875,4.95,1.5909090909090908,1.125,0.1891891891891892,0.11891891891891893,0.07027027027027027,0.25157232704402516,1.55,0.29411764705882354,0.6909090909090909,,,4.991479778289795,-0.03639454758769256,,,,,,,,,122.5,3.0625,127,3.175,,,,,,,,,,,,,,,,,,,"Tyler Beede","16981",595881
"Daniel Hudson","LAD",4,3,,4.212765957446808,52,0,0,0,,47,197,43,24,22,8,18,1,1,49,9.382978723404255,3.4468085106382977,2.7222222222222223,1.5319148936170213,0.24873096446700507,0.09137055837563451,0.15736040609137056,0.24157303370786518,1.297872340425532,0.2892561983471074,0.7429718875502008,,,4.506905310204688,-0.037363720940556955,,,,,,,,,178.59999999999997,3.7999999999999994,172,3.6595744680851063,,,,,,,,,,,,,,,,,,,"Daniel Hudson","7146",543339
"Devin Sweet","PHI",5,6,,4.834123281013324,45,3,0,0.593999981880188,,63.29999923706055,278,59,37,34,10,29,2,4,64,9.09952617602508,4.123222798511364,2.206896551724138,1.4218009650039187,0.2302158273381295,0.10431654676258993,0.12589928057553956,0.24081632653061225,1.3902053880038316,0.28654970760233917,0.6891891891891891,,,4.762056416794193,-0.03761216038312194,,,,,,,,,223.3959942817688,3.5291626694203195,217.8759961128235,3.441958905826694,,,,,,,,,,,,,,,,,,,"Devin Sweet","25348",682967
"Dan Altavilla","CHW",1,2,,4.885714285714286,36,1,0,0,,35,154,34,21,19,5,16,1,2,34,8.742857142857142,4.114285714285714,2.125,1.2857142857142858,0.22077922077922077,0.1038961038961039,0.11688311688311687,0.25,1.4285714285714286,0.29896907216494845,0.6744186046511628,,,4.623622635432652,-0.03796894449805706,,,,,,,,,123.1,3.517142857142857,124,3.5428571428571427,,,,,,,,,,,,,,,,,,,"Dan Altavilla","16507",656186
"Joey Gerber","TBR",1,2,,4.403669622026505,27,1,0,0.6854000091552734,,32.70000076293945,144,32,17,16,4,16,1,0,29,7.98165118992304,4.403669622026505,1.8125,1.1009174055066262,0.2013888888888889,0.1111111111111111,0.09027777777777779,0.25,1.4678898740088349,0.29473684210526313,0.7311320754716981,,,4.450883418047526,-0.038005199503911846,,,,,,,,,122.32160568237303,3.7407217990345196,124.24160385131836,3.7994373379993185,,,,,,,,,,,,,,,,,,,"Joey Gerber","24591",680702
"Thaddeus Ward","BAL",4,6,,5.242718619196413,24,21,0,0,,92.69999694824219,427,93,58,54,12,51,1,11,74,7.184466255935826,4.951456473685502,1.4509803921568627,1.1650485820436474,0.17330210772833723,0.11943793911007025,0.05386416861826698,0.2547945205479452,1.55339810939153,0.2903225806451613,0.6761006289308176,,,5.259252231220051,-0.03885164995993169,,,,,,,,,258.5799774169922,2.789428111430974,269.49998474121094,2.9072275470697444,,,,,,,,,,,,,,,,,,,"Thaddeus Ward","21513",663658
"Tyler Danish","COL",2,4,,5.319149032108479,18,7,0,0,,42.29999923706055,194,48,27,25,6,19,1,3,26,5.531914993392818,4.042553264402444,1.368421052631579,1.276595767706035,0.13402061855670103,0.0979381443298969,0.03608247422680412,0.27906976744186046,1.5839243784500803,0.3,0.68259385665529,,,5.341420715863039,-0.04006632294617009,,,,,,,,,100.41999435424805,2.373995181216611,119.49999618530273,2.8250590624267553,,,,,,,,,,,,,,,,,,,"Tyler Danish","15126",641501
"Conner Greene","HOU",3,4,,4.695652173913044,27,5,0,0,,46,211,46,26,24,6,24,0,3,41,8.021739130434783,4.695652173913044,1.7083333333333333,1.173913043478261,0.1943127962085308,0.11374407582938388,0.08056872037914693,0.25,1.5217391304347827,0.291970802919708,0.7142857142857143,,,4.840392821768056,-0.0407348563359071,,,,,,,,,148,3.217391304347826,153,3.3260869565217392,,,,,,,,,,,,,,,,,,,"Conner Greene","16455",641632
"Adam Cimber","LAA",2,3,,4.637002259069041,42,0,0,0,,42.70000076293945,186,43,24,22,4,13,1,7,30,6.32318489873051,2.7400467894498877,2.3076923076923075,0.8430913198307346,0.16129032258064516,0.06989247311827956,0.0913978494623656,0.25903614457831325,1.311475386403365,0.29545454545454547,0.6349206349206349,,,4.384278351378634,-0.040824427557601045,,,,,,,,,154.980005645752,3.6295082640903265,161.50000381469727,3.7822014269111612,,,,,,,,,,,,,,,,,,,"Adam Cimber","15288",643256
"Michael Cuevas","WSN",5,9,,5.4216865657647935,26,18,0,0,,91.30000305175781,421,103,59,55,12,40,0,8,52,5.125958207632169,3.943044775101668,1.3,1.1829134325305004,0.12351543942992874,0.09501187648456057,0.02850356294536817,0.2761394101876676,1.566265007887607,0.29449838187702265,0.6656101426307448,,,5.313248600289592,-0.04107460735436269,,,,,,,,,220.22002258300785,2.41204835949639,260.50001525878906,2.853231178000203,,,,,,,,,,,,,,,,,,,"Michael Cuevas","sa3011437",689821
"Yunior Marte","KCR",1,3,,5.4766735127458475,17,12,0,0,,49.29999923706055,224,56,32,30,8,18,0,2,29,5.294117728987652,3.286004107647509,1.6111111111111112,1.4604462700655594,0.12946428571428573,0.08035714285714286,0.04910714285714286,0.27450980392156865,1.501014222011825,0.2874251497005988,0.6687898089171975,,,5.316581231441869,-0.04110327410573521,,,,,,,,,118.81999435424805,2.410141910609339,140.49999618530273,2.8498985468479265,,,,,,,,,,,,,,,,,,,"Yunior Marte","31097",805074
"Joel Kuhnel","PHI",3,4,,4.787234042553192,39,0,0,0,,47,206,51,27,25,6,14,0,3,32,6.127659574468085,2.6808510638297873,2.2857142857142856,1.148936170212766,0.1553398058252427,0.06796116504854369,0.08737864077669902,0.2698412698412698,1.3829787234042554,0.2980132450331126,0.6713780918727915,,,4.54945850169405,-0.041308262509465614,,,,,,,,,154.4,3.2851063829787237,170,3.617021276595745,,,,,,,,,,,,,,,,,,,"Joel Kuhnel","19995",669270
"Carlo Reyes","CHC",2,3,,4.307304703118068,28,2,0,0,,39.70000076293945,172,38,21,19,6,16,0,1,36,8.161208911171077,3.6272039605204784,2.25,1.3602014851951794,0.20930232558139536,0.09302325581395349,0.11627906976744187,0.24516129032258063,1.3602014851951794,0.2831858407079646,0.7236842105263158,,,4.602248012662485,-0.0452066741667883,,,,,,,,,142.18000564575192,3.5813602748964954,141.50000381469727,3.564231765627311,,,,,,,,,,,,,,,,,,,"Carlo Reyes","sa3008713",683689
"Ryan Hennen","BAL",2,3,,4.5,25,0,0,0,,36,158,38,19,18,5,12,0,1,29,7.25,3,2.4166666666666665,1.25,0.18354430379746836,0.0759493670886076,0.10759493670886076,0.2620689655172414,1.3888888888888888,0.2972972972972973,0.7209302325581395,,,4.444257556067573,-0.046256511834527864,,,,,,,,,125.10000000000004,3.475000000000001,134,3.7222222222222223,,,,,,,,,,,,,,,,,,,"Ryan Hennen","sa3018277",802402
"Ryan Brady","KCR",4,4,,4.640625,39,2,0,0,,64,284,69,36,33,8,21,1,4,42,5.90625,2.953125,2,1.125,0.14788732394366197,0.07394366197183098,0.07394366197183098,0.26640926640926643,1.40625,0.291866028708134,0.6852791878172589,,,4.650854778289795,-0.046829195712966704,,,,,,,,,204.80000000000004,3.2000000000000006,225,3.515625,,,,,,,,,,,,,,,,,,,"Ryan Brady","sa3020313",676433
"Jonathan Hernández","TBR",3,2,,4.401349129139341,48,1,0,0.6854000091552734,,59.29999923706055,266,57,31,29,6,31,2,2,53,8.043844960151208,4.70489044839033,1.7096774193548387,0.910623957752967,0.19924812030075187,0.11654135338345864,0.08270676691729323,0.2446351931330472,1.4839797830048351,0.29310344827586204,0.7160804020100503,,,4.363781648668696,-0.047173832488728355,,,,,,,,,226.5615943908692,3.820600291833995,228.24159622192383,3.848930845841906,,,,,,,,,,,,,,,,,,,"Jonathan Hernandez","17464",642546
"Cody Stashak","PHI",1,1,,4.848484723936018,22,0,0,0,,29.700000762939453,133,32,17,16,5,9,0,1,26,7.878787676396028,2.7272726572140096,2.888888888888889,1.5151514762300053,0.19548872180451127,0.06766917293233082,0.12781954887218044,0.2601626016260163,1.3804713450095605,0.29347826086956524,0.7058823529411765,,,4.614291188909578,-0.04737162982166863,,,,,,,,,97.080005645752,3.2686869748128533,105.50000381469727,3.552188589380217,,,,,,,,,,,,,,,,,,,"Cody Stashak","18088",664054
"Juan Hillman","COL",3,5,,5.432300230742515,19,10,0,0,,61.29999923706055,283,71,40,37,9,25,0,6,36,5.285481305587312,3.6704731288800776,1.44,1.321370326396828,0.127208480565371,0.08833922261484099,0.03886925795053002,0.28174603174603174,1.5660685349888332,0.2995169082125604,0.671462829736211,,,5.417703297336242,-0.0478597755849623,,,,,,,,,137.3199943542481,2.2401304414899186,168.49999618530273,2.7487764809535524,,,,,,,,,,,,,,,,,,,"Juan Hillman","sa874796",663535
"Rico Garcia","NYM",3,4,,4.563894593954873,44,0,0,0,,49.29999923706055,216,44,27,25,7,25,1,1,54,9.858012322942526,4.563894593954873,2.16,1.2778904863073646,0.25,0.11574074074074074,0.13425925925925924,0.23157894736842105,1.3995943421461612,0.2868217054263566,0.7094594594594594,,,4.403802312650894,-0.04824577735431787,,,,,,,,,194.31999435424805,3.941582096580863,185.49999618530273,3.7626774656389013,,,,,,,,,,,,,,,,,,,"Rico Garcia","20023",670329
"Michael Flynn","TBR",2,2,,4.714285714285714,33,1,0,0,,42,184,38,24,22,5,16,1,8,42,9,3.4285714285714284,2.625,1.0714285714285714,0.22826086956521738,0.08695652173913043,0.14130434782608695,0.2375,1.2857142857142858,0.2920353982300885,0.6382978723404256,,,4.428384540194557,-0.0487007642853583,,,,,,,,,162.5,3.869047619047619,157,3.738095238095238,,,,,,,,,,,,,,,,,,,"Michael Flynn","sa3006803",663901
"Joe La Sorsa","CIN",2,2,,4.846153846153846,49,1,0,0,,65,282,70,38,35,10,17,1,5,49,6.7846153846153845,2.353846153846154,2.8823529411764706,1.3846153846153846,0.17375886524822695,0.06028368794326241,0.11347517730496454,0.2692307692307692,1.3384615384615384,0.29850746268656714,0.6712328767123288,,,4.674172085982103,-0.048817286314354266,,,,,,,,,208,3.2,227,3.4923076923076923,,,,,,,,,,,,,,,,,,,"Joe La Sorsa","25481",686747
"Anderson Bido","HOU",1,1,,4.609756097560975,29,1,0,0,,41,179,44,23,21,6,11,0,1,29,6.365853658536586,2.4146341463414633,2.6363636363636362,1.3170731707317074,0.16201117318435754,0.061452513966480445,0.1005586592178771,0.2634730538922156,1.3414634146341464,0.2878787878787879,0.6866952789699571,,,4.532333436826381,-0.04903187234070199,,,,,,,,,137.20000000000002,3.3463414634146345,149,3.6341463414634148,,,,,,,,,,,,,,,,,,,"Anderson Bido","sa3004204",675525
"Jeff Lindgren","MIA",3,6,,4.95,22,15,0,0,,80,363,89,48,44,11,36,0,5,51,5.7375,4.05,1.4166666666666667,1.2375,0.14049586776859505,0.09917355371900827,0.04132231404958678,0.27639751552795033,1.5625,0.3,0.7025547445255474,,,5.216479778289795,-0.049456660511414396,,,,,,,,,204.29999999999998,2.55375,236,2.95,,,,,,,,,,,,,,,,,,,"Jeff Lindgren","25830",689167
"Jordan Leasure","CHW",2,3,,4.794188950549053,41,0,2.947000026702881,13.71969985961914,,41.29999923706055,177,38,24,22,6,19,1,1,41,8.934624862386872,4.140435911837819,2.1578947368421053,1.307506077422469,0.23163841807909605,0.10734463276836158,0.12429378531073447,0.24203821656050956,1.3801453039459395,0.2909090909090909,0.6790123456790124,,,4.522412006727912,-0.04949246029180796,,,,,,,,,224.63379392623898,5.439075013944889,220.1137957572937,5.329631956984993,,,,,,,,,,,,,,,,,,,"Jordan Leasure","29950",673929
"Nolan Blackwood","MIL",2,2,,4.378378378378378,29,0,0,0,,37,163,38,19,18,4,14,1,1,25,6.081081081081081,3.4054054054054053,1.7857142857142858,0.972972972972973,0.15337423312883436,0.08588957055214724,0.06748466257668712,0.25675675675675674,1.4054054054054055,0.2857142857142857,0.7112068965517242,,,4.436750048560065,-0.05011337822644277,,,,,,,,,130.8,3.5351351351351354,138,3.72972972972973,,,,,,,,,,,,,,,,,,,"Nolan Blackwood","sa874212",670154
"Anthony Simonelli","KCR",3,4,,4.626865730182726,38,1,0,0,,60.29999923706055,266,61,34,31,8,23,0,4,50,7.4626866615850425,3.4328358643291197,2.1739130434782608,1.1940298658536068,0.18796992481203006,0.08646616541353383,0.10150375939849623,0.25523012552301255,1.3930348434958746,0.292817679558011,0.6868131868131868,,,4.5760983699225255,-0.05024240958411951,,,,,,,,,208.21999435424803,3.453067943428355,216.49999618530273,3.5903814083672696,,,,,,,,,,,,,,,,,,,"Anthony Simonelli","sa3017312",690206
"James Meeker","MIL",2,3,,4.554973882638207,34,3,0,0,,57.29999923706055,247,59,31,29,8,17,0,4,40,6.282722596742355,2.6701571036155007,2.3529411764705883,1.256544519348471,0.16194331983805668,0.06882591093117409,0.0931174089068826,0.2610619469026549,1.3263525482011638,0.28651685393258425,0.6944444444444444,,,4.684804405835864,-0.05185647918099662,,,,,,,,,189.2199943542481,3.3022687063469314,199.49999618530273,3.481675372453931,,,,,,,,,,,,,,,,,,,"James Meeker","29891",703231
"Bryce Tassin","DET",2,3,,4.859611311179032,31,3,0,0,,46.29999923706055,206,49,27,25,6,17,0,3,31,6.025918025862,3.304535691601742,1.8235294117647058,1.1663067146829678,0.15048543689320387,0.0825242718446602,0.06796116504854367,0.26344086021505375,1.425485984612516,0.28859060402684567,0.6770833333333334,,,4.807948487843602,-0.05197228340714899,,,,,,,,,143.41999435424802,3.097624119169496,155.49999618530273,3.3585312904461935,,,,,,,,,,,,,,,,,,,"Bryce Tassin","sa3010814",687001
"Wandy Peralta","SDP",3,3,,4.063205487584193,51,1,0,4.269499778747559,,44.29999923706055,186,39,22,20,5,19,1,3,36,7.3137698776515485,3.860045213204984,1.894736842105263,1.0158013718960484,0.1935483870967742,0.10215053763440861,0.09139784946236558,0.23780487804878048,1.3092551015549068,0.2764227642276423,0.7058823529411765,,,4.498308243664614,-0.05208377222650939,,,,,,,,,187.9979934692383,4.2437471039945915,179.57799530029297,4.053679421963994,,,,,,,,,,,,,,,,,,,"Wandy Peralta","14295",593974
"Ryan Zeferjahn","LAA",2,3,,4.685816811939057,36,3,1.065999984741211,12.173999786376953,,55.70000076293945,247,51,31,29,7,28,1,6,55,8.886893953677522,4.524236921872193,1.9642857142857142,1.1310592304680482,0.22267206477732793,0.11336032388663968,0.10931174089068825,0.23943661971830985,1.4183123683646954,0.2913907284768212,0.6936416184971098,,,4.656605431128653,-0.052110046624420994,,,,,,,,,255.50600471496583,4.587181350363092,249.52600288391113,4.479820457200707,,,,,,,,,,,,,,,,,,,"Ryan Zeferjahn","25420",666171
"Nolan Clenney","CHC",3,3,,4.390243965281244,30,0,0,0,,53.29999923706055,234,53,28,26,7,19,0,3,47,7.93621024493148,3.2082552053978324,2.473684210526316,1.181988759883412,0.20085470085470086,0.0811965811965812,0.11965811965811966,0.25,1.3508442970096137,0.2911392405063291,0.7073954983922829,,,4.348468538173207,-0.05249315468450956,,,,,,,,,198.519994354248,3.724577808553009,203.49999618530273,3.818011240116588,,,,,,,,,,,,,,,,,,,"Nolan Clenney","sa3015328",669639
"Chris Devenski","NYM",2,3,,4.8,38,2,0,0.6718999743461609,,45,194,44,26,24,8,16,0,1,45,9,3.2,2.8125,1.6,0.23195876288659795,0.08247422680412371,0.14948453608247425,0.24858757062146894,1.3333333333333333,0.2903225806451613,0.6967213114754098,,,4.61092422273424,-0.05266172124516237,,,,,,,,,161.88759989738466,3.597502219941881,162.68759989738464,3.6152799977196586,,,,,,,,,,,,,,,,,,,"Chris Devenski","12763",606965
"PJ Poulin","DET",2,2,,4.4741874457654704,42,0,0,0,,52.29999923706055,230,50,28,26,6,24,1,3,45,7.743785963824854,4.130019180706588,1.875,1.032504795176647,0.1956521739130435,0.10434782608695652,0.09130434782608697,0.24630541871921183,1.4149139785754052,0.2894736842105263,0.701219512195122,,,4.485791461015511,-0.05266308458475741,,,,,,,,,192.21999435424806,3.6753345536960955,192.49999618530273,3.680688317274284,,,,,,,,,,,,,,,,,,,"PJ Poulin","23394",676571
"Luis Quiñones","TOR",4,5,,4.83734108574814,29,5,0,0,,70.69999694824219,315,66,41,38,10,37,1,5,66,8.40169767524677,4.710042636123188,1.7837837837837838,1.2729844962495103,0.20952380952380953,0.11746031746031746,0.09206349206349207,0.24175824175824176,1.4568600345966618,0.28426395939086296,0.6966292134831461,,,4.920369528678009,-0.05330328890355383,,,,,,,,,234.5799774169922,3.3179630486932368,229.49998474121094,3.2461102496117857,,,,,,,,,,,,,,,,,,,"Luis Quinones","sa1170867",687879
"Blake Holub","MIL",3,4,,4.5,42,1,0,0,,50,219,48,27,25,7,21,0,1,45,8.1,3.78,2.142857142857143,1.26,0.2054794520547945,0.0958904109589041,0.1095890410958904,0.2436548223350254,1.38,0.2827586206896552,0.7094594594594594,,,4.506479778289795,-0.05330512586915428,,,,,,,,,183.09999999999997,3.6619999999999995,183,3.66,,,,,,,,,,,,,,,,,,,"Blake Holub","sa3018147",700183
"Paul Gervase","TBR",3,4,,4.370861000766055,36,0,0,0,,45.29999923706055,202,37,24,22,5,28,1,3,53,10.529801501845496,5.562914000974979,1.8928571428571428,0.9933775001741034,0.2623762376237624,0.13861386138613863,0.12376237623762376,0.21637426900584794,1.434878611362594,0.2831858407079646,0.7068965517241379,,,4.314382667379871,-0.053400857715499864,,,,,,,,,190.51999435424807,4.205739460551272,174.49999618530273,3.852097110909925,,,,,,,,,,,,,,,,,,,"Paul Gervase","31571",801434
"Nicholas Padilla","PHI",2,2,,4.725,34,0,0,0,,40,181,37,23,21,4,23,1,4,38,8.55,5.175,1.6521739130434783,0.9,0.20994475138121546,0.1270718232044199,0.08287292817679556,0.24025974025974026,1.5,0.29464285714285715,0.6801470588235294,,,4.591479778289795,-0.05381279938891259,,,,,,,,,145.60000000000002,3.6400000000000006,143,3.575,,,,,,,,,,,,,,,,,,,"Nicholas Padilla","21327",656820
"Blaine Knight","BAL",2,4,,4.9245283018867925,20,6,0,0,,53,241,57,31,29,7,23,0,5,38,6.452830188679245,3.9056603773584904,1.6521739130434783,1.1886792452830188,0.15767634854771784,0.0954356846473029,0.06224066390041494,0.2676056338028169,1.509433962264151,0.2976190476190476,0.698005698005698,,,5.034404306591682,-0.0544956232129535,,,,,,,,,149.9,2.828301886792453,166,3.1320754716981134,,,,,,,,,,,,,,,,,,,"Blaine Knight","sa3008532",667421
"Paul Campbell","MIA",2,5,,5.170212765957447,13,10,0,0,,47,212,52,29,27,8,18,0,4,35,6.702127659574468,3.4468085106382977,1.9444444444444444,1.5319148936170213,0.1650943396226415,0.08490566037735849,0.08018867924528301,0.2736842105263158,1.4893617021276595,0.29931972789115646,0.6972789115646258,,,5.29413935275788,-0.054675204667769886,,,,,,,,,118.19999999999999,2.5148936170212766,135,2.872340425531915,,,,,,,,,,,,,,,,,,,"Paul Campbell","22248",669294
"Corey Knebel","LAA",2,2,,4.363636363636363,34,1,0,0,,33,142,30,17,16,4,17,1,1,30,8.181818181818182,4.636363636363637,1.7647058823529411,1.0909090909090908,0.2112676056338028,0.11971830985915492,0.09154929577464789,0.24193548387096775,1.4242424242424243,0.28888888888888886,0.7246376811594203,,,4.560419172229189,-0.054958248044383054,,,,,,,,,123.00000000000006,3.727272727272729,119,3.606060606060606,,,,,,,,,,,,,,,,,,,"Corey Knebel","15010",608349
"Travis MacGregor","TEX",3,5,,4.900398207771202,36,5,0,0,,75.30000305175781,332,73,44,41,10,31,0,8,61,7.290836357903495,3.7051791327050547,1.967741935483871,1.1952190750661467,0.18373493975903615,0.09337349397590361,0.09036144578313254,0.24914675767918087,1.3811420422986584,0.28378378378378377,0.6666666666666666,,,4.826506271437221,-0.05499830024865563,,,,,,,,,249.42002258300778,3.312350763273778,251.50001525878906,3.3399735068525738,,,,,,,,,,,,,,,,,,,"Travis MacGregor","sa917950",669740
"Luke Murphy","LAA",1,2,,4.473161101645151,42,0,0,0,,50.29999923706055,221,49,27,25,6,21,0,3,44,7.872763538895465,3.7574553253819265,2.0952380952380953,1.0735586643948363,0.19909502262443438,0.09502262443438914,0.10407239819004524,0.24873096446700507,1.3916501205118248,0.2925170068027211,0.698051948051948,,,4.399084170743126,-0.05652430945532222,,,,,,,,,187.01999435424804,3.718091395445858,189.49999618530273,3.7673956075466695,,,,,,,,,,,,,,,,,,,"Luke Murphy","29952",684665
"Patrick Halligan","ATL",3,4,,4.692737363495819,34,4,0,0,,53.70000076293945,237,56,30,28,8,21,0,2,45,7.5418993341897105,3.519553022621865,2.142857142857143,1.3407821038559484,0.189873417721519,0.08860759493670886,0.10126582278481014,0.2616822429906542,1.4338919721792782,0.2981366459627329,0.7142857142857143,,,4.712103592457069,-0.05740713574353528,,,,,,,,,174.38000564575194,3.2472998727794926,185.50000381469727,3.454376185832726,,,,,,,,,,,,,,,,,,,"Patrick Halligan","sa3017319",701856
"Nick Mikolajchak","CLE",2,3,,4.2631578947368425,34,0,0,0,,38,167,37,19,18,4,19,1,0,31,7.342105263157895,4.5,1.631578947368421,0.9473684210526315,0.18562874251497005,0.11377245508982035,0.0718562874251497,0.25,1.4736842105263157,0.2920353982300885,0.7341269841269842,,,4.4033218835529535,-0.05807335499942285,,,,,,,,,140.8,3.7052631578947373,143,3.763157894736842,,,,,,,,,,,,,,,,,,,"Nick Mikolajchak","sa3010303",679777
"John Rooney","MIA",3,5,,4.673366774447305,42,3,0,0,,59.70000076293945,269,60,34,31,7,27,0,7,52,7.83919587971806,4.070351706776685,1.9259259259259258,1.055276368423585,0.19330855018587362,0.10037174721189591,0.0929368029739777,0.2553191489361702,1.4572864135373316,0.30113636363636365,0.6865284974093264,,,4.657267028919939,-0.05835552241761055,,,,,,,,,201.68000564575198,3.378224507007893,209.50000381469727,3.509212749369856,,,,,,,,,,,,,,,,,,,"John Rooney","24590",680701
"Zach Plesac","LAA",4,8,,5.309734672605941,20,19,0,0,,101.69999694824219,446,114,65,60,18,34,0,2,64,5.663716984113004,3.0088496478100337,1.8823529411764706,1.5929204017817824,0.14349775784753363,0.07623318385650224,0.06726457399103139,0.2780487804878049,1.4552606139734803,0.2926829268292683,0.6758957654723127,,,5.270707963359557,-0.058540307292859056,,,,,,,,,254.77997741699227,2.5052112592162272,294.49998474121094,2.895771814930238,,,,,,,,,,,,,,,,,,,"Zach Plesac","19979",668676
"Will Klein","SEA",2,3,,4.221388428155043,43,1,0,0.6220999956130981,,53.29999923706055,240,48,27,25,6,31,0,2,57,9.624765616193498,5.234521650912253,1.8387096774193548,1.0131332227572103,0.2375,0.12916666666666668,0.10833333333333331,0.2318840579710145,1.482176381441104,0.2916666666666667,0.7365439093484419,,,4.348468538173207,-0.05865507848097684,,,,,,,,,213.30839433670042,4.002033722139021,205.98839616775513,3.8646979196301245,,,,,,,,,,,,,,,,,,,"Will Klein","27787",694361
"Nick Burdi","BOS",1,1,,4.703832627570052,34,0,0,0,,28.700000762939453,130,25,16,15,3,17,0,5,33,10.348431780654115,5.331010311246059,1.9411764705882353,0.9407665255140105,0.25384615384615383,0.13076923076923078,0.12307692307692306,0.23148148148148148,1.4634145952440163,0.3055555555555556,0.6878306878306879,,,4.52536475958781,-0.060118507008063586,,,,,,,,,110.48000564575196,3.849477446300827,104.50000381469727,3.641115018701985,,,,,,,,,,,,,,,,,,,"Nick Burdi","16074",595897
"Andre Granillo","STL",4,5,,4.446337250557306,45,0,0,0,,58.70000076293945,258,53,31,29,7,31,1,1,59,9.045996475271762,4.752981198871604,1.903225806451613,1.0732538191000396,0.22868217054263565,0.12015503875968993,0.10852713178294572,0.2345132743362832,1.431005092133386,0.2875,0.7142857142857143,,,4.341948246827934,-0.06031714938229903,,,,,,,,,232.48000564575187,3.9604770464079673,224.50000381469727,3.8245315314618615,,,,,,,,,,,,,,,,,,,"Andre Granillo","29542",701552
"Isaac Mattson","PIT",3,5,,4.7120419475567665,33,3,0,0,,57.29999923706055,257,53,32,30,7,33,0,4,56,8.795811635439296,5.183246142312443,1.696969696969697,1.099476454429912,0.2178988326848249,0.12840466926070038,0.08949416342412453,0.2409090909090909,1.500872620332896,0.2929936305732484,0.7086614173228346,,,4.737160427475384,-0.06180008566058351,,,,,,,,,201.11999435424804,3.509947592183692,196.49999618530273,3.4293193508144113,,,,,,,,,,,,,,,,,,,"Isaac Mattson","20385",676755
"Yoniel Curet","TBR",6,9,,5.105769230769231,25,24,0,0,,104,472,96,64,59,14,59,0,14,97,8.39423076923077,5.105769230769231,1.6440677966101696,1.2115384615384615,0.2055084745762712,0.125,0.0805084745762712,0.24060150375939848,1.4903846153846154,0.2847222222222222,0.6720827178729689,,,5.156864393674411,-0.06237436398659413,,,,,,,,,322.79999999999995,3.1038461538461535,313,3.0096153846153846,,,,,,,,,,,,,,,,,,,"Yoniel Curet","sa3015446",692414
"Nolan Watson","SDP",3,5,,5.108108108108108,18,14,0,0,,74,333,79,45,42,11,30,0,6,48,5.837837837837838,3.6486486486486487,1.6,1.337837837837838,0.14414414414414414,0.09009009009009009,0.05405405405405406,0.265993265993266,1.472972972972973,0.2857142857142857,0.6837606837606838,,,5.26107437288439,-0.06288961805065926,,,,,,,,,194.9,2.633783783783784,215,2.9054054054054053,,,,,,,,,,,,,,,,,,,"Nolan Watson","sa874732",663649
"Zach Franklin","CHW",4,7,,4.637002259069041,34,0,0,0,,42.70000076293945,189,40,24,22,6,19,0,4,44,9.274004518138081,4.00468376919599,2.3157894736842106,1.264636979746102,0.2328042328042328,0.10052910052910052,0.13227513227513227,0.24096385542168675,1.3817329963892595,0.29310344827586204,0.691699604743083,,,4.548212774679055,-0.06335558647746563,,,,,,,,,157.18000564575198,3.6810305114133155,154.50000381469727,3.6182670036107405,,,,,,,,,,,,,,,,,,,"Zach Franklin","sa3022735",702103
"Adam Oller","MIA",3,6,,5.3076923076923075,21,14,0,0,,78,353,84,50,46,13,37,0,3,64,7.384615384615385,4.269230769230769,1.7297297297297298,1.5,0.1813031161473088,0.1048158640226629,0.0764872521246459,0.268370607028754,1.5512820512820513,0.3008474576271186,0.6906614785992218,,,5.23058234239236,-0.06352027120856937,,,,,,,,,206.90000000000006,2.6525641025641034,229,2.9358974358974357,,,,,,,,,,,,,,,,,,,"Adam Oller","20132",670124
"John Curtiss","ARI",3,3,,4.118993063099718,37,0,0,0.6502000093460083,,43.70000076293945,189,45,22,20,6,15,1,1,37,7.620137166734478,3.0892447973247887,2.466666666666667,1.2356979189299155,0.19576719576719576,0.07936507936507936,0.1164021164021164,0.26011560693641617,1.3729976876999062,0.3,0.7364341085271318,,,4.356411107629714,-0.06415172592701626,,,,,,,,,161.180805683136,3.6883478917425596,169.1008038520813,3.8695835446183833,,,,,,,,,,,,,,,,,,,"John Curtiss","16128",595928
"Josimar Cousin","CHW",1,1,,5.03816803673835,24,5,0,0,,39.29999923706055,172,43,24,22,7,13,0,1,29,6.64122150297328,2.977099294436298,2.230769230769231,1.6030534662349296,0.1686046511627907,0.0755813953488372,0.09302325581395349,0.2721518987341772,1.4249364144310486,0.29508196721311475,0.6926406926406926,,,5.074876761902806,-0.06437016819310806,,,,,,,,,108.91999435424806,2.7715011824105766,121.49999618530273,3.0916030163869883,,,,,,,,,,,,,,,,,,,"Josimar Cousin","sa3021579",814300
"Alex Santos II","HOU",4,6,,5.111561945229458,13,11,0,0,,49.29999923706055,224,50,30,28,7,26,0,2,35,6.389452431536823,4.746450377713068,1.3461538461538463,1.2778904863073646,0.15625,0.11607142857142858,0.040178571428571425,0.25510204081632654,1.5415821739580904,0.2792207792207792,0.6948640483383686,,,5.296297255468736,-0.06662218086851575,,,,,,,,,134.71999435424806,2.73265712858215,141.49999618530273,2.870182522821059,,,,,,,,,,,,,,,,,,,"Alex Santos II","sa3014684",691012
"Joe Record","TBR",2,2,,4.440227639703513,40,3,0,0,,52.70000076293945,237,53,28,26,6,26,0,2,44,7.514231390267484,4.440227639703513,1.6923076923076923,1.0246679168546569,0.18565400843881857,0.10970464135021098,0.0759493670886076,0.2535885167464115,1.4990512116947758,0.29559748427672955,0.7223796033994335,,,4.570654331016547,-0.06757548602389772,,,,,,,,,182.38000564575196,3.4607211196476526,189.50000381469727,3.595825447273248,,,,,,,,,,,,,,,,,,,"Joe Record","sa3008619",682489
"Enoli Paredes","ATL",2,3,,4.212765957446808,44,1,0,0,,47,209,42,24,22,5,28,0,3,48,9.191489361702128,5.361702127659575,1.7142857142857142,0.9574468085106383,0.22966507177033493,0.1339712918660287,0.09569377990430622,0.23595505617977527,1.4893617021276595,0.296,0.7301587301587301,,,4.485628714460008,-0.0679071694547343,,,,,,,,,180.10000000000002,3.831914893617022,173,3.6808510638297873,,,,,,,,,,,,,,,,,,,"Enoli Paredes","20447",660600
"Carlos Tavera","BAL",4,5,,5.020920715796848,22,9,0,0,,71.69999694824219,327,73,43,40,10,41,0,1,58,7.28033503790543,5.146443733691769,1.4146341463414633,1.255230178949212,0.17737003058103976,0.12538226299694188,0.05198776758409787,0.256140350877193,1.589958226669002,0.2903225806451613,0.71,,,5.119060056655236,-0.06819137005514175,,,,,,,,,207.77997741699215,2.8979077581688255,218.49998474121094,3.047419721634559,,,,,,,,,,,,,,,,,,,"Carlos Tavera","sa3017536",679857
"Dylan Cumming","SFG",4,7,,4.98432617775294,25,16,0,0,,95.69999694824219,430,102,57,53,14,36,0,11,72,6.7711600905322955,3.3855800452661478,2,1.3166144620479463,0.16744186046511628,0.08372093023255814,0.08372093023255814,0.26631853785900783,1.4420063155763223,0.2962962962962963,0.6841216216216216,,,5.036908260088068,-0.06930096374686456,,,,,,,,,273.77997741699215,2.860814902272794,299.49998474121094,3.1295715182017267,,,,,,,,,,,,,,,,,,,"Dylan Cumming","sa3020818",804706
"Ryder Ryan","PIT",2,3,,4.390243965281244,43,0,0,0,,53.29999923706055,236,55,28,26,6,21,0,4,42,7.091932559300472,3.545966279650236,2,1.0131332227572103,0.17796610169491525,0.08898305084745763,0.08898305084745763,0.26066350710900477,1.4258912023990367,0.3006134969325153,0.7100591715976332,,,4.4610388962573415,-0.06948328452192522,,,,,,,,,186.61999435424804,3.501313265019476,197.49999618530273,3.7054408820324536,,,,,,,,,,,,,,,,,,,"Ryder Ryan","19891",656924
"Joe Jacques","LAD",2,3,,4.566596268161447,41,1,0,0.7239999771118164,,47.29999923706055,209,47,26,24,6,17,1,6,38,7.230444091255625,3.2346723566143587,2.235294117647059,1.1416490670403618,0.18181818181818182,0.08133971291866028,0.10047846889952154,0.25268817204301075,1.353065560936725,0.2887323943661972,0.6834532374100719,,,4.667536884953974,-0.0696845669484101,,,,,,,,,163.91599426269534,3.465454480055545,168.39599609375,3.5601691080326314,,,,,,,,,,,,,,,,,,,"Joe Jacques","25178",682175
"Antoine Kelly","COL",1,2,,5.1233395842732845,31,7,0,0,,52.70000076293945,244,51,32,30,7,33,0,6,50,8.538899307122142,5.635673542700613,1.5151515151515151,1.1954459029970999,0.20491803278688525,0.13524590163934427,0.06967213114754098,0.24878048780487805,1.5939278706627997,0.2972972972972973,0.7008086253369272,,,5.215815611999108,-0.07108439031370029,,,,,,,,,154.28000564575197,2.927514296247359,155.50000381469727,2.9506641662906863,,,,,,,,,,,,,,,,,,,"Antoine Kelly","25611",681520
"Dylan Coleman","BAL",2,2,,4.569536500800876,46,0,0,0.6330999732017517,,45.29999923706055,204,37,25,23,4,30,1,5,49,9.735099501706214,5.960265001044621,1.6333333333333333,0.7947020001392827,0.24019607843137256,0.14705882352941177,0.09313725490196079,0.21893491124260356,1.479028722481443,0.28448275862068967,0.6840390879478827,,,4.468908056295842,-0.07129627333171969,,,,,,,,,185.3523942470551,4.091664401076099,170.03239607810974,3.7534745903263484,,,,,,,,,,,,,,,,,,,"Dylan Coleman","22276",669395
"Clayton Andrews","SFG",2,3,,4.723032175025877,31,1,0,0,,34.29999923706055,154,32,19,18,4,19,1,2,35,9.183673673661428,4.985422851416204,1.8421052631578947,1.049562705561306,0.22727272727272727,0.12337662337662338,0.10389610389610389,0.24060150375939848,1.4868804995451836,0.2978723404255319,0.7048458149779736,,,4.478433160241428,-0.07240990193374996,,,,,,,,,128.41999435424805,3.744023242294784,126.49999618530273,3.6880466180483675,,,,,,,,,,,,,,,,,,,"Clayton Andrews","23631",677076
"Logan Rinehart","BAL",2,2,,4.604651162790698,28,2,0,0,,43,190,43,24,22,6,19,0,2,37,7.744186046511628,3.9767441860465116,1.9473684210526316,1.255813953488372,0.19473684210526315,0.1,0.09473684210526315,0.25443786982248523,1.441860465116279,0.29365079365079366,0.708955223880597,,,4.724619313173516,-0.07251416902467475,,,,,,,,,143.59999999999997,3.3395348837209293,148,3.441860465116279,,,,,,,,,,,,,,,,,,,"Logan Rinehart","sa3010255",686827
"Rolddy Muñoz","ATL",2,3,,4.804928056142317,31,2,0,0,,48.70000076293945,219,48,28,26,6,23,0,4,44,8.13141671039469,4.250513280433588,1.9130434782608696,1.1088295514174578,0.2009132420091324,0.1050228310502283,0.0958904109589041,0.25,1.4579055213081389,0.29577464788732394,0.6869009584664536,,,4.624385299597934,-0.07314355877463055,,,,,,,,,168.78000564575194,3.4657084805262057,172.50000381469727,3.5420944786918613,,,,,,,,,,,,,,,,,,,"Rolddy Munoz","27407",691548
"Andrew Suárez","BAL",2,2,,4.761904697829895,27,2,0,0,,56.70000076293945,251,61,32,30,8,22,0,1,43,6.8253967335561825,3.492063445075256,1.9545454545454546,1.2698412527546385,0.17131474103585656,0.08764940239043825,0.08366533864541831,0.2675438596491228,1.4638447774810417,0.2994350282485876,0.7103064066852368,,,4.700871292034983,-0.07454107630964872,,,,,,,,,179.58000564575198,3.167195824151205,196.50000381469727,3.4656084862548115,,,,,,,,,,,,,,,,,,,"Andrew Suarez","18300",605498
"Alejandro Melean","TOR",2,4,,4.860335126477813,18,7,0,0,,53.70000076293945,242,56,31,29,8,25,0,3,39,6.5363127562977485,4.189944074549839,1.56,1.3407821038559484,0.16115702479338842,0.10330578512396695,0.057851239669421475,0.2616822429906542,1.508379866837942,0.2874251497005988,0.7163323782234957,,,5.21489688140305,-0.07522589416758893,,,,,,,,,147.38000564575194,2.7445065838335116,158.50000381469727,2.9515828968867455,,,,,,,,,,,,,,,,,,,"Alejandro Melean","sa3006815",678287
"Tyler Samaniego","PIT",1,2,,4.371428571428571,29,0,0,0,,35,154,34,18,17,4,16,0,2,29,7.457142857142857,4.114285714285714,1.8125,1.0285714285714285,0.18831168831168832,0.1038961038961039,0.08441558441558442,0.25,1.4285714285714286,0.2912621359223301,0.7207207207207208,,,4.537908349718366,-0.07622064403914651,,,,,,,,,125.4,3.582857142857143,127,3.6285714285714286,,,,,,,,,,,,,,,,,,,"Tyler Samaniego","30081",701719
"Jesús Liranzo","MIL",3,4,,4.458204439669971,27,2,0,0,,32.29999923706055,143,31,17,16,5,15,0,2,32,8.916408879339942,4.179566662190598,2.1333333333333333,1.3931888873968659,0.22377622377622378,0.1048951048951049,0.11888111888111888,0.24603174603174602,1.4241486404501296,0.29213483146067415,0.7435897435897436,,,4.776386937059507,-0.07657750712088623,,,,,,,,,109.91999435424806,3.4030958808236584,109.49999618530273,3.390092841230288,,,,,,,,,,,,,,,,,,,"Jesus Liranzo","sa658076",622338
"Ken Giles","ATL",2,2,,4.545454428690016,33,1,0,0,,29.700000762939453,134,27,16,15,4,17,0,2,33,9.999999743118035,5.1515150191820185,1.9411764705882353,1.2121211809840045,0.2462686567164179,0.12686567164179105,0.11940298507462685,0.23478260869565218,1.4814814434248942,0.2948717948717949,0.7291666666666667,,,4.614291188909578,-0.07798479763903879,,,,,,,,,109.38000564575201,3.6828283783157216,105.50000381469727,3.552188589380217,,,,,,,,,,,,,,,,,,,"Ken Giles","12910",571704
"Brian Moran","ATL",1,2,,4.651162699003733,27,1,0,0,,38.70000076293945,172,39,22,20,5,15,0,5,35,8.139534723256533,3.4883720242528,2.3333333333333335,1.1627906747509333,0.20348837209302326,0.0872093023255814,0.11627906976744186,0.2565789473684211,1.39534880970112,0.30357142857142855,0.6808510638297872,,,4.587668380763158,-0.0788472646280773,,,,,,,,,133.48000564575196,3.449095685124051,138.50000381469727,3.578811397526637,,,,,,,,,,,,,,,,,,,"Brian Moran","9646",572383
"Albert Abreu","CIN",1,2,,4.987405445715658,31,0,0,0.6014000177383423,,39.70000076293945,177,36,24,22,5,23,1,3,41,9.294710148833726,5.214105693248188,1.7826086956521738,1.1335012376626494,0.23163841807909605,0.12994350282485875,0.1016949152542373,0.23841059602649006,1.486146067157696,0.29523809523809524,0.6730769230769231,,,4.7030036782324975,-0.07984367807807274,,,,,,,,,145.0856057167053,3.6545491921537914,139.90560388565063,3.524070559118342,,,,,,,,,,,,,,,,,,,"Albert Abreu","17485",656061
"Taylor Rashi","ARI",4,3,,4.063205487584193,36,0,0,0,,44.29999923706055,198,42,22,20,5,23,0,2,43,8.735891798306016,4.672686310721822,1.8695652173913044,1.0158013718960484,0.21717171717171718,0.11616161616161616,0.10101010101010102,0.24277456647398843,1.467268648294292,0.296,0.7413793103448276,,,4.3854414245650535,-0.0799758705578155,,,,,,,,,168.1199943542481,3.795033797960025,167.49999618530273,3.781038353724742,,,,,,,,,,,,,,,,,,,"Taylor Rashi","26344",688497
"Collin Lowe","MIA",4,8,,4.909090909090909,25,6,0,0,,77,337,90,45,42,12,18,0,5,43,5.025974025974026,2.103896103896104,2.388888888888889,1.4025974025974026,0.12759643916913946,0.05341246290801187,0.07418397626112759,0.28662420382165604,1.4025974025974026,0.30115830115830117,0.6907894736842105,,,4.9716745834846,-0.0805987154282771,,,,,,,,,205.20000000000005,2.6649350649350656,246,3.1948051948051948,,,,,,,,,,,,,,,,,,,"Collin Lowe","sa3019850",806331
"Mason Erla","LAA",2,4,,4.972375760471853,26,7,0,0,,54.29999923706055,242,60,32,30,8,20,0,2,35,5.801105053883829,3.314917173647902,1.75,1.3259668694591609,0.1446280991735537,0.08264462809917356,0.06198347107438015,0.2727272727272727,1.4732965216212899,0.2937853107344633,0.6976744186046512,,,5.008100430316407,-0.08199296300688269,,,,,,,,,151.41999435424805,2.7885818873253627,171.49999618530273,3.1583793479733875,,,,,,,,,,,,,,,,,,,"Mason Erla","sa3017685",680451
"Casey Kelly","ARI",6,7,,4.829268292682927,23,21,0,0,,123,547,143,71,66,21,39,1,5,78,5.7073170731707314,2.8536585365853657,2,1.5365853658536586,0.1425959780621572,0.0712979890310786,0.0712979890310786,0.28429423459244535,1.4796747967479675,0.30198019801980197,0.727391874180865,,,5.190870022192234,-0.08310966567225304,,,,,,,,,304.1000000000001,2.4723577235772365,366,2.975609756097561,,,,,,,,,,,,,,,,,,,"Casey Kelly","9174",543391
"Aaron Brooks","OAK",4,5,,5.070422535211268,19,10,0,0,,71,314,82,43,40,11,21,0,3,41,5.197183098591549,2.6619718309859155,1.9523809523809523,1.3943661971830985,0.1305732484076433,0.06687898089171974,0.06369426751592357,0.2827586206896552,1.4507042253521127,0.29831932773109243,0.6849315068493151,,,5.039719214909513,-0.08710452526542535,,,,,,,,,186.89999999999995,2.6323943661971825,222,3.1267605633802815,,,,,,,,,,,,,,,,,,,"Aaron Brooks","12272",605156
"Adam Laskey","MIA",3,4,,4.8,30,5,0,0,,60,273,65,35,32,8,26,0,4,45,6.75,3.9,1.7307692307692308,1.2,0.16483516483516483,0.09523809523809523,0.0695970695970696,0.2674897119341564,1.5166666666666666,0.3,0.7017543859649124,,,4.8998131116231285,-0.08739713799393228,,,,,,,,,176.60000000000002,2.943333333333334,196,3.2666666666666666,,,,,,,,,,,,,,,,,,,"Adam Laskey","sa3014851",669445
"Will Smith","KCR",2,3,,4.748201351976255,45,0,0,0,,41.70000076293945,178,41,24,22,6,15,2,2,35,7.553956696325861,3.2374100127110834,2.3333333333333335,1.2949640050844333,0.19662921348314608,0.08426966292134831,0.11235955056179776,0.2546583850931677,1.3429256349023753,0.2916666666666667,0.6722689075630252,,,4.581347857919083,-0.08744595501116983,,,,,,,,,147.18000564575192,3.529496473692082,149.50000381469727,3.5851319203707117,,,,,,,,,,,,,,,,,,,"Will Smith","8048",519293
"Dominic Leone","CHW",2,2,,4.651162699003733,41,1,0,0,,38.70000076293945,170,37,22,20,6,19,2,1,39,9.06976726305728,4.418604564053546,2.0526315789473686,1.39534880970112,0.22941176470588234,0.11176470588235295,0.1176470588235294,0.24666666666666667,1.4470283952456058,0.29523809523809524,0.7142857142857143,,,4.716867344624372,-0.08783042809577338,,,,,,,,,134.38000564575196,3.47235149861907,133.50000381469727,3.4496124336654224,,,,,,,,,,,,,,,,,,,"Dominic Leone","13763",608678
"Mason Green","COL",5,8,,5.441860465116279,22,15,0,0,,86,400,96,56,52,13,46,0,5,60,6.27906976744186,4.813953488372093,1.3043478260869565,1.3604651162790697,0.15,0.115,0.03499999999999999,0.27507163323782235,1.6511627906976745,0.3007246376811594,0.6946688206785138,,,5.51531698759212,-0.08800626759950055,,,,,,,,,193.89999999999998,2.2546511627906973,228,2.6511627906976742,,,,,,,,,,,,,,,,,,,"Mason Green","sa3017717",679057
"Jackson Wolf","SDP",6,8,,5.22,27,19,0,0,,100,440,104,63,58,17,39,0,5,73,6.57,3.51,1.8717948717948718,1.53,0.16590909090909092,0.08863636363636364,0.07727272727272728,0.26262626262626265,1.43,0.28431372549019607,0.6711409395973155,,,5.2364797782897945,-0.08801415684686234,,,,,,,,,274.49999999999994,2.744999999999999,293,2.93,,,,,,,,,,,,,,,,,,,"Jackson Wolf","29832",680232
"William Fleming","KCR",3,6,,5.460454857378269,23,18,0,0,,92.30000305175781,422,108,61,56,13,35,0,7,46,4.485373632846435,3.412784285861418,1.3142857142857143,1.2676055918913838,0.10900473933649289,0.08293838862559241,0.02606635071090048,0.28421052631578947,1.5492957234228024,0.29595015576323985,0.657051282051282,,,5.365829651400487,-0.0883871878511167,,,,,,,,,208.32002258300787,2.2569882523859843,258.50001525878906,2.8006501268893085,,,,,,,,,,,,,,,,,,,"William Fleming","sa3017314",694389
"Andrew Quezada","COL",3,5,,5.538461538461538,18,14,0,0,,78,357,94,52,48,13,30,0,4,42,4.846153846153846,3.4615384615384617,1.4,1.5,0.11764705882352941,0.08403361344537816,0.03361344537815125,0.29102167182662536,1.5897435897435896,0.30223880597014924,0.6805293005671078,,,5.563915675725692,-0.08902254617391343,,,,,,,,,154.90000000000006,1.9858974358974366,203,2.6025641025641026,,,,,,,,,,,,,,,,,,,"Andrew Quezada","sa3009858",676768
"Joey Mancini","HOU",5,7,,4.816053675556627,25,9,0,0,,89.69999694824219,399,90,52,48,13,37,0,9,69,6.923077158612651,3.7123747082415663,1.864864864864865,1.3043478704632532,0.17293233082706766,0.09273182957393483,0.08020050125313283,0.254957507082153,1.4158305944344713,0.28413284132841327,0.6893382352941176,,,5.050537813403383,-0.08983369971302405,,,,,,,,,269.87997741699223,3.008695502773715,279.49998474121094,3.1159419648864124,,,,,,,,,,,,,,,,,,,"Joey Mancini","sa3020858",686223
"Eric Cerantola","KCR",3,3,,5,32,6,0,0,,63,288,59,38,35,8,38,0,6,60,8.571428571428571,5.428571428571429,1.5789473684210527,1.1428571428571428,0.20833333333333334,0.13194444444444445,0.0763888888888889,0.24180327868852458,1.5396825396825398,0.2897727272727273,0.6876456876456877,,,5.007749619559636,-0.09124481159408022,,,,,,,,,202.40000000000006,3.2126984126984137,199,3.1587301587301586,,,,,,,,,,,,,,,,,,,"Eric Cerantola","30128",672021
"John McMillon","PHI",4,4,,4.714285714285714,37,0,0,0.593999981880188,,42,186,36,24,22,6,26,0,1,48,10.285714285714286,5.571428571428571,1.8461538461538463,1.2857142857142858,0.25806451612903225,0.13978494623655913,0.11827956989247312,0.22641509433962265,1.4761904761904763,0.2857142857142857,0.708955223880597,,,4.666479778289795,-0.09143810239368357,,,,,,,,,160.77599992752073,3.827999998274303,149.37599992752075,3.556571426845732,,,,,,,,,,,,,,,,,,,"John McMillon","27942",669111
"Lane Ramsey","MIA",2,3,,4.589235226665966,33,0,0,0,,35.29999923706055,162,35,19,18,4,20,0,1,33,8.413597915554272,5.099150251851074,1.65,1.0198300503702147,0.2037037037037037,0.12345679012345678,0.08024691358024691,0.24822695035460993,1.5580736880656059,0.2980769230769231,0.728744939271255,,,4.554581791293699,-0.09171993014206942,,,,,,,,,124.01999435424807,3.513314363589071,127.49999618530273,3.6118979869960968,,,,,,,,,,,,,,,,,,,"Lane Ramsey","25071",682010
"Braydon Fisher","TOR",3,4,,4.339285714285714,41,0,0,0,,56,249,50,29,27,7,31,2,3,58,9.321428571428571,4.982142857142857,1.8709677419354838,1.125,0.23293172690763053,0.12449799196787148,0.10843373493975905,0.23255813953488372,1.4464285714285714,0.2866666666666667,0.7303370786516854,,,4.541479778289795,-0.0941574628292356,,,,,,,,,212.30000000000007,3.79107142857143,203,3.625,,,,,,,,,,,,,,,,,,,"Braydon Fisher","24609",680755
"Jake Palisch","CHW",2,5,,4.966887500870517,37,0,0,0,,45.29999923706055,203,50,27,25,6,16,1,1,32,6.357616001114262,3.178808000557131,2,1.1920530002089242,0.15763546798029557,0.07881773399014778,0.07881773399014778,0.26881720430107525,1.4569536669220184,0.2972972972972973,0.6770833333333334,,,4.601358389652389,-0.0942053831379816,,,,,,,,,144.41999435424805,3.1880793992618015,161.49999618530273,3.5651213886374062,,,,,,,,,,,,,,,,,,,"Jake Palisch","31598",669449
"Grant Gavin","CIN",2,4,,5.269320748942092,26,3,0,0,,42.70000076293945,192,42,27,25,6,23,1,3,37,7.798594708434296,4.847775089026724,1.608695652173913,1.264636979746102,0.19270833333333334,0.11979166666666667,0.07291666666666667,0.25301204819277107,1.5222482163610487,0.2926829268292683,0.6713780918727915,,,5.0868544512375795,-0.09507060143187107,,,,,,,,,128.980005645752,3.020608977545907,131.50000381469727,3.0796253270522156,,,,,,,,,,,,,,,,,,,"Grant Gavin","sa918674",667050
"Kaleb Ort","HOU",2,2,,4.239828624523929,46,0,0,11.782899856567383,,46.70000076293945,201,43,24,22,7,20,1,2,48,9.250535180779481,3.854389658658117,2.4,1.349036380530341,0.23880597014925373,0.09950248756218906,0.13930348258706465,0.24022346368715083,1.349036380530341,0.2903225806451613,0.7330827067669172,,,4.472689607057268,-0.09509624768156882,,,,,,,,,224.81160507202145,4.813952920755178,219.6316032409668,4.703032112480472,,,,,,,,,,,,,,,,,,,"Kaleb Ort","20061",672391
"Jaylen Nowlin","MIN",4,7,,5.214368297647866,22,15,0,0,,86.30000305175781,393,89,54,50,13,42,0,9,72,7.508690348612927,4.3800693700242075,1.7142857142857142,1.355735757388445,0.183206106870229,0.10687022900763359,0.07633587786259542,0.260233918128655,1.5179605488708232,0.29571984435797666,0.6826241134751774,,,5.229052127137173,-0.09569034028389353,,,,,,,,,238.3200225830079,2.7615297121145774,253.50001525878906,2.937427651152622,,,,,,,,,,,,,,,,,,,"Jaylen Nowlin","sa3017978",701549
"Ryan Bourassa","ATL",4,3,,4.2857141941249175,35,0,0,0,,35.70000076293945,156,33,18,17,5,18,1,1,37,9.327730893095408,4.5378150290734425,2.0555555555555554,1.2605041747426229,0.23717948717948717,0.11538461538461539,0.12179487179487178,0.24087591240875914,1.4285713980416392,0.29473684210526313,0.75,,,4.511017564681926,-0.09927958623886096,,,,,,,,,133.88000564575196,3.7501401340230283,130.50000381469727,3.655462213607869,,,,,,,,,,,,,,,,,,,"Ryan Bourassa","sa3022947",802180
"Ty Buttrey","SEA",1,0,,4.548736336808289,26,1,0,0,,27.700000762939453,124,28,15,14,3,14,0,1,22,7.148014243555882,4.548736336808289,1.5714285714285714,0.9747292150303475,0.1774193548387097,0.11290322580645161,0.06451612903225808,0.25688073394495414,1.5162454456027628,0.2976190476190476,0.7142857142857143,,,4.610523059816236,-0.09950194681308693,,,,,,,,,94.28000564575196,3.4036102183755754,98.50000381469727,3.5559567184735594,,,,,,,,,,,,,,,,,,,"Ty Buttrey","14719",621142
"Tyler Ferguson","OAK",4,4,,4.3870016748606595,58,1,0,13.553199768066406,,67.69999694824219,296,59,36,33,8,33,1,7,71,9.438700573185056,4.3870016748606595,2.1515151515151514,1.063515557541978,0.23986486486486486,0.11148648648648649,0.12837837837837837,0.23046875,1.358936545748083,0.288135593220339,0.6930693069306931,,,4.3777058299348255,-0.10113679385468446,,,,,,,,,325.3927764892578,4.80639277927924,310.71278381347656,4.589553882122356,,,,,,,,,,,,,,,,,,,"Tyler Ferguson","19481",621053
"Efrain Contreras","SDP",3,5,,5.147313623447337,19,11,0,0,,57.70000076293945,259,58,36,33,10,27,0,4,51,7.954939236236794,4.211438419184185,1.8888888888888888,1.5597920071052538,0.1969111969111969,0.10424710424710425,0.09266409266409266,0.2543859649122807,1.4731368955994062,0.2874251497005988,0.6901408450704225,,,5.263533476731302,-0.10138663761045533,,,,,,,,,162.18000564575203,2.8107452946503217,167.50000381469727,2.9029463015584924,,,,,,,,,,,,,,,,,,,"Efrain Contreras","sa3005692",678713
"Blake Weiman","HOU",3,2,,4.370861000766055,39,0,0,0,,45.29999923706055,195,46,24,22,7,13,0,2,38,7.549669001323187,2.582781500452669,2.923076923076923,1.3907285002437448,0.19487179487179487,0.06666666666666667,0.1282051282051282,0.25555555555555554,1.3024282780060468,0.28888888888888886,0.7113821138211381,,,4.490983111855266,-0.10162097602220922,,,,,,,,,160.519994354248,3.543487793768535,166.49999618530273,3.6754966664345288,,,,,,,,,,,,,,,,,,,"Blake Weiman","20257",676620
"David Griffin","NYM",3,5,,5.2615384615384615,18,12,0,0,,65,292,69,41,38,10,28,0,4,44,6.092307692307692,3.876923076923077,1.5714285714285714,1.3846153846153846,0.1506849315068493,0.0958904109589041,0.0547945205479452,0.2653846153846154,1.4923076923076923,0.28640776699029125,0.6746987951807228,,,5.289556701366719,-0.10219093889015231,,,,,,,,,170.6,2.6246153846153844,187,2.876923076923077,,,,,,,,,,,,,,,,,,,"David Griffin","sa3015136",701803
"Konnor Ash","PHI",2,3,,5.22,32,8,0,0,,50,228,51,31,29,8,29,0,0,44,7.92,5.22,1.5172413793103448,1.44,0.19298245614035087,0.12719298245614036,0.06578947368421051,0.2562814070351759,1.6,0.2925170068027211,0.7122093023255814,,,5.226479778289795,-0.10260366481835163,,,,,,,,,140.00000000000003,2.8000000000000007,147,2.94,,,,,,,,,,,,,,,,,,,"Konnor Ash","sa3017503",680089
"Miguel Ullola","HOU",6,8,,4.957264813595711,25,20,0,0,,105.30000305175781,475,96,63,58,16,63,0,9,102,8.717948465289009,5.384615228560858,1.619047619047619,1.367521327888472,0.21473684210526317,0.13263157894736843,0.08210526315789474,0.23821339950372208,1.509971466210188,0.2807017543859649,0.7027818448023426,,,5.255748473674961,-0.10351018795604042,,,,,,,,,320.8200225830079,3.046723772888365,306.50001525878906,2.9107313046148344,,,,,,,,,,,,,,,,,,,"Miguel Ullola","29036",699044
"Tyler Duffey","KCR",3,3,,4.534004950650598,35,0,0,0,,39.70000076293945,174,38,22,20,5,19,0,2,35,7.934508663638547,4.307304703118068,1.8421052631578947,1.1335012376626494,0.20114942528735633,0.10919540229885058,0.09195402298850575,0.24836601307189543,1.4357682343726894,0.2920353982300885,0.7,,,4.627436929054988,-0.10364673488162801,,,,,,,,,140.48000564575193,3.53853911702924,140.50000381469727,3.539042849234807,,,,,,,,,,,,,,,,,,,"Tyler Duffey","13758",608648
"Nate Peterson","MIL",4,7,,5.0317663958797,23,13,0,0,,78.69999694824219,349,81,48,44,14,35,0,1,64,7.318932939461382,4.002541451267944,1.8285714285714285,1.6010165805071774,0.1833810888252149,0.10028653295128939,0.0830945558739255,0.25878594249201275,1.4739517725304172,0.2851063829787234,0.7053941908713692,,,5.224929667513309,-0.1047628445372793,,,,,,,,,219.5799774169922,2.7900887666031435,231.49998474121094,2.941550110776486,,,,,,,,,,,,,,,,,,,"Nate Peterson","sa3020804",685396
"Steven Jennings","TEX",3,4,,4.925373196646128,37,1,0,0,,60.29999923706055,260,61,36,33,9,19,0,2,46,6.865671728658239,2.835820931402316,2.4210526315789473,1.3432835990853078,0.17692307692307693,0.07307692307692308,0.10384615384615385,0.25523012552301255,1.326699850948452,0.2826086956521739,0.6528189910979227,,,4.6258496143330925,-0.10538402636030934,,,,,,,,,205.91999435424802,3.4149253227135867,213.49999618530273,3.5406301639567026,,,,,,,,,,,,,,,,,,,"Steven Jennings","sa3004812",675651
"Hayden Seig","LAA",4,5,,4.714285714285714,40,1,0,0,,63,279,67,36,33,8,21,0,4,46,6.571428571428571,3,2.1904761904761907,1.1428571428571428,0.16487455197132617,0.07526881720430108,0.08960573476702509,0.2637795275590551,1.3968253968253967,0.295,0.6770833333333334,,,4.547432159242176,-0.10575497118674379,,,,,,,,,210.60000000000005,3.342857142857144,228,3.619047619047619,,,,,,,,,,,,,,,,,,,"Hayden Seig","sa3018115",688274
"Jose E. Hernandez","LAD",2,3,,5.012106630119464,38,2,0,0.7239999771118164,,41.29999923706055,185,40,25,23,6,20,1,2,37,8.062954144105225,4.35835359140823,1.85,1.307506077422469,0.2,0.10810810810810811,0.0918918918918919,0.24539877300613497,1.45278453046941,0.2833333333333333,0.6782945736434108,,,4.86139506383744,-0.1061257889410637,,,,,,,,,138.7159942626953,3.3587408432254526,139.39599609375,3.3752057789062384,,,,,,,,,,,,,,,,,,,"Jose E. Hernandez","22318",669796
"Danny Duffy","TEX",1,2,,5.333333333333333,14,4,0,0,,27,124,27,17,16,4,18,0,0,24,8,6,1.3333333333333333,1.3333333333333333,0.1935483870967742,0.14516129032258066,0.04838709677419353,0.25471698113207547,1.6666666666666667,0.2948717948717949,0.7106598984771574,,,5.314627926437943,-0.1063185018806657,,,,,,,,,74.40000000000002,2.7555555555555564,77,2.8518518518518516,,,,,,,,,,,,,,,,,,,"Danny Duffy","3542",518633
"Moisés Chace","PHI",3,5,,5.5285714285714285,23,14,0,0,,70,318,66,46,43,12,41,0,6,69,8.871428571428572,5.271428571428571,1.6829268292682926,1.542857142857143,0.2169811320754717,0.1289308176100629,0.08805031446540881,0.24354243542435425,1.5285714285714285,0.28421052631578947,0.6762749445676275,,,5.4379083497183665,-0.10658238823580202,,,,,,,,,195.79999999999998,2.7971428571428567,191,2.7285714285714286,,,,,,,,,,,,,,,,,,,"Moises Chace","sa3015346",691330
"Matt Moore","BOS",3,3,,4.527162908371204,42,3,0,0.6410999894142151,,49.70000076293945,217,49,27,25,7,23,2,2,43,7.786720202398469,4.164989875701507,1.8695652173913044,1.267605614343937,0.19815668202764977,0.10599078341013825,0.09216589861751152,0.2552083333333333,1.448692130678785,0.29577464788732394,0.7234726688102894,,,4.776137701266223,-0.10706824884182754,,,,,,,,,167.84440560340883,3.377150966334952,171.06440377235413,3.441939660892607,,,,,,,,,,,,,,,,,,,"Matt Moore","1890",519043
"Angel Chivilli","COL",3,5,,4.88135593220339,55,0,0,6.065299987792969,,59,255,58,35,32,10,20,0,5,57,8.694915254237289,3.0508474576271185,2.85,1.5254237288135593,0.2235294117647059,0.0784313725490196,0.1450980392156863,0.25217391304347825,1.3220338983050848,0.294478527607362,0.671875,,,4.708852659645728,-0.10743711364174646,,,,,,,,,226.0611999511719,3.831545761884269,228.26119995117188,3.8688338974774896,,,,,,,,,,,,,,,,,,,"Angel Chivilli","26790",683409
"Luis Ledo","LAA",2,4,,5.031055980090913,25,5,0,0,,48.29999923706055,220,50,29,27,6,26,0,2,37,6.8944100467912515,4.844720573420879,1.4230769230769231,1.118012440020203,0.16818181818181818,0.11818181818181818,0.05,0.2604166666666667,1.5734989896580633,0.2953020134228188,0.6952662721893492,,,4.988425976841237,-0.10772969582782607,,,,,,,,,143.61999435424804,2.973498894882974,153.49999618530273,3.1780538014485584,,,,,,,,,,,,,,,,,,,"Luis Ledo","sa740812",644396
"Evan Gates","SFG",2,3,,4.426229508196721,37,0,0,0,,61,270,63,32,30,7,25,0,1,49,7.229508196721311,3.6885245901639343,1.96,1.0327868852459017,0.1814814814814815,0.09259259259259259,0.0888888888888889,0.2581967213114754,1.4426229508196722,0.2978723404255319,0.7161125319693095,,,4.330414204519303,-0.10897157214903674,,,,,,,,,221.50000000000006,3.6311475409836076,234,3.8360655737704916,,,,,,,,,,,,,,,,,,,"Evan Gates","sa3017311",688753
"Noah Skirrow","PHI",4,6,,5.479143367767966,22,16,0,0,,88.69999694824219,404,99,58,54,14,39,0,5,55,5.580608985689595,3.957159098943531,1.4102564102564104,1.420518650902806,0.13613861386138615,0.09653465346534654,0.03960396039603961,0.275,1.555806141464978,0.2920962199312715,0.6756756756756757,,,5.466367117846719,-0.10958900600162495,,,,,,,,,204.77997741699215,2.3086807718435933,239.49998474121094,2.700112660443076,,,,,,,,,,,,,,,,,,,"Noah Skirrow","sa3014845",659418
"Ross Carver","CLE",3,4,,4.886877603113621,28,10,0,0,,66.30000305175781,295,65,39,36,10,29,0,7,56,7.601809604843411,3.936651402508195,1.9310344827586208,1.3574660008648949,0.18983050847457628,0.09830508474576272,0.09152542372881356,0.25096525096525096,1.4177978231255568,0.2849740932642487,0.6875,,,5.066932179500648,-0.1097144463576748,,,,,,,,,202.62002258300777,3.0561087972323357,205.50001525878906,3.0995475987891474,,,,,,,,,,,,,,,,,,,"Ross Carver","sa3017069",687102
"Layne Henderson","HOU",2,2,,4.5,32,0,0,0,,42,187,39,23,21,5,23,1,1,40,8.571428571428571,4.928571428571429,1.7391304347826086,1.0714285714285714,0.21390374331550802,0.12299465240641712,0.0909090909090909,0.2392638036809816,1.4761904761904763,0.288135593220339,0.7090909090909091,,,4.523622635432652,-0.10978777387321076,,,,,,,,,155.9,3.711904761904762,153,3.642857142857143,,,,,,,,,,,,,,,,,,,"Layne Henderson","sa3007718",668203
"Kevin Gowdy","TOR",2,3,,4.68,33,3,0,0,,50,225,51,28,26,6,22,0,4,35,6.3,3.96,1.5909090909090908,1.08,0.15555555555555556,0.09777777777777778,0.057777777777777775,0.2562814070351759,1.46,0.2848101265822785,0.6965944272445821,,,4.886479778289795,-0.1102039017210215,,,,,,,,,155.6,3.112,164,3.28,,,,,,,,,,,,,,,,,,,"Kevin Gowdy","sa917928",666151
"Troy Watson","DET",4,6,,5.1274365164571885,33,11,0,0,,66.69999694824219,304,69,41,38,9,35,1,3,48,6.476761915524869,4.722638896736884,1.3714285714285714,1.214392859160913,0.15789473684210525,0.11513157894736842,0.042763157894736836,0.2593984962406015,1.559220461144876,0.28708133971291866,0.6892778993435448,,,5.190467876891317,-0.11039585096326252,,,,,,,,,185.47997741699228,2.7808093838583066,198.49998474121094,2.9760119013984783,,,,,,,,,,,,,,,,,,,"Troy Watson","sa3007249",681890
"Austin Warren","NYM",2,1,,4.534004950650598,34,1,0,0.6718999743461609,,39.70000076293945,173,37,22,20,5,18,0,3,34,7.707808416106016,4.080604455585538,1.8888888888888888,1.1335012376626494,0.19653179190751446,0.10404624277456648,0.09248554913294799,0.24342105263157895,1.3853904015876828,0.2831858407079646,0.6875,,,4.677814761839994,-0.11081007696583349,,,,,,,,,143.7676055431366,3.621350195976465,141.1876037120819,3.5563627455615228,,,,,,,,,,,,,,,,,,,"Austin Warren","24937",681810
"Chase Cohen","OAK",3,3,,4.464752047162807,31,1,0,0,,38.29999923706055,172,36,21,19,4,21,0,2,34,7.989556294922917,4.9347259468641544,1.619047619047619,0.9399477994026961,0.19767441860465115,0.12209302325581395,0.0755813953488372,0.24161073825503357,1.488250682387602,0.2882882882882883,0.7003891050583658,,,4.550291816299319,-0.11090995088570545,,,,,,,,,139.61999435424804,3.6454307346081194,138.49999618530273,3.6161879619904753,,,,,,,,,,,,,,,,,,,"Chase Cohen","sa3007477",681484
"Seth Martinez","MIA",2,4,,4.421052631578948,50,0,0,0,,57,249,57,30,28,7,22,1,5,48,7.578947368421052,3.473684210526316,2.1818181818181817,1.105263157894737,0.1927710843373494,0.08835341365461848,0.10441767068273093,0.25675675675675674,1.3859649122807018,0.2994011976047904,0.708092485549133,,,4.499813111623128,-0.11239132377259259,,,,,,,,,202.49999999999991,3.552631578947367,209,3.6666666666666665,,,,,,,,,,,,,,,,,,,"Seth Martinez","21045",661527
"Nick Hernandez","HOU",4,3,,4.390243965281244,42,0,0,0.652999997138977,,53.29999923706055,227,48,28,26,8,21,0,3,53,8.94934346768869,3.545966279650236,2.5238095238095237,1.3508442970096137,0.23348017621145375,0.09251101321585903,0.14096916299559473,0.23645320197044334,1.2945591179675464,0.28169014084507044,0.7093425605536332,,,4.479800622604698,-0.11259504404409519,,,,,,,,,207.83199434280397,3.8992870040848753,199.11199617385864,3.73568478468968,,,,,,,,,,,,,,,,,,,"Nick Hernandez","19281",663321
"Leonardo Pestana","NYY",1,2,,5.405405529249164,22,6,0,0,,33.29999923706055,150,33,22,20,6,16,0,3,31,8.378378570336203,4.3243244233993305,1.9375,1.621621658774749,0.20666666666666667,0.10666666666666667,0.09999999999999999,0.25190839694656486,1.4714715051844944,0.2872340425531915,0.6650246305418719,,,5.358672020707511,-0.11408691948892268,,,,,,,,,91.81999435424804,2.7573572509893296,93.49999618530273,2.807807757582284,,,,,,,,,,,,,,,,,,,"Leonardo Pestana","sa3005456",679758
"Richard Guasch","WSN",3,4,,5.214105693248188,24,4,0,0,,39.70000076293945,184,38,25,23,5,24,1,5,37,8.387909158703607,5.440805940780717,1.5416666666666667,1.1335012376626494,0.20108695652173914,0.13043478260869565,0.07065217391304349,0.24516129032258063,1.561712816335206,0.2920353982300885,0.6727272727272727,,,5.131215256905055,-0.11424220378026241,,,,,,,,,120.48000564575194,3.034760789179174,120.50000381469727,3.035264521384741,,,,,,,,,,,,,,,,,,,"Richard Guasch","sa3008434",683014
"Bryce Bonnin","TEX",2,3,,5.206611679678498,18,3,0,0,,36.29999923706055,161,34,23,21,6,18,0,2,34,8.429752243288997,4.462810011152998,1.8888888888888888,1.4876033370509993,0.2111801242236025,0.11180124223602485,0.09937888198757765,0.24113475177304963,1.4325069171602216,0.27722772277227725,0.6651376146788991,,,5.094854474467017,-0.11523702094823626,,,,,,,,,114.41999435424802,3.1520660264210343,111.49999618530273,3.0716253038227785,,,,,,,,,,,,,,,,,,,"Bryce Bonnin","sa3014453",675655
"Drake Fellows","PIT",3,5,,5.099540343605481,22,11,0,0,,65.30000305175781,299,71,40,37,9,33,0,3,44,6.064318246449761,4.548238684837321,1.3333333333333333,1.2404287322283603,0.14715719063545152,0.11036789297658862,0.03678929765886289,0.26996197718631176,1.5926492364413514,0.29523809523809524,0.700218818380744,,,5.26448886860196,-0.11691993919272675,,,,,,,,,167.92002258300792,2.571516305288866,189.50001525878906,2.901990909687835,,,,,,,,,,,,,,,,,,,"Drake Fellows","sa3015208",666148
"John O'Reilly","LAA",2,2,,4.897058823529412,30,7,0,0,,68,303,76,40,37,9,23,0,6,40,5.294117647058823,3.0441176470588234,1.7391304347826086,1.1911764705882353,0.132013201320132,0.07590759075907591,0.05610561056105609,0.2773722627737226,1.4558823529411764,0.29777777777777775,0.6828703703703703,,,4.990009190054501,-0.11820279334079056,,,,,,,,,187.90000000000006,2.763235294117648,216,3.176470588235294,,,,,,,,,,,,,,,,,,,"John O'Reilly","sa3008134",682615
"Cooper Hjerpe","STL",3,4,,5.079365011018554,18,18,0,0,,56.70000076293945,255,53,35,32,9,31,0,7,54,8.57142845609381,4.920634854424224,1.7419354838709677,1.4285714093489685,0.21176470588235294,0.12156862745098039,0.09019607843137255,0.24423963133640553,1.4814814615470784,0.2857142857142857,0.6862745098039215,,,5.335791918412303,-0.11853893443703371,,,,,,,,,165.08000564575195,2.9114639051936733,160.50000381469727,2.8306878598774925,,,,,,,,,,,,,,,,,,,"Cooper Hjerpe","31853",687309
"Tyler Eckberg","MIA",2,3,,4.561403576609644,35,0,0,0,,51.29999923706055,227,58,28,26,7,15,1,2,36,6.315789567613353,2.631578986505564,2.4,1.2280701937025966,0.15859030837004406,0.06607929515418502,0.09251101321585904,0.2761904761904762,1.4230019704807864,0.30538922155688625,0.7120253164556962,,,4.531002215737125,-0.11900621442546903,,,,,,,,,163.71999435424806,3.1914229393588798,186.49999618530273,3.6354775625526705,,,,,,,,,,,,,,,,,,,"Tyler Eckberg","sa3017365",690501
"Beau Burrows","PHI",3,4,,5.4,25,8,0,0,,60,273,62,39,36,9,31,0,4,47,7.05,4.65,1.5161290322580645,1.35,0.17216117216117216,0.11355311355311355,0.05860805860805861,0.2605042016806723,1.55,0.29120879120879123,0.6716417910447761,,,5.299813111623129,-0.11911020662805907,,,,,,,,,161.1,2.685,172,2.8666666666666667,,,,,,,,,,,,,,,,,,,"Beau Burrows","18873",663366
"Manuel Espinoza","CHC",4,6,,5.323246440787606,18,16,0,0,,72.69999694824219,320,80,46,43,14,22,0,3,51,6.313617871631811,2.7235214348215657,2.3181818181818183,1.73315000397736,0.159375,0.06875,0.09062499999999998,0.2711864406779661,1.403026193695958,0.28695652173913044,0.6796116504854368,,,5.298529386357182,-0.12048848407515383,,,,,,,,,184.7799774169922,2.5416779253587025,208.49998474121094,2.867950391932613,,,,,,,,,,,,,,,,,,,"Manuel Espinoza","sa3010242",678429
"Brooks Wilson","ATL",3,3,,4.466501325252359,27,0,0,0,,40.29999923706055,179,37,22,20,6,21,0,2,46,10.272953048080426,4.689826391514977,2.1904761904761907,1.3399503975757079,0.2569832402234637,0.11731843575418995,0.13966480446927376,0.23717948717948717,1.4392059825813157,0.2980769230769231,0.7258064516129032,,,4.531244072116905,-0.12091018432991071,,,,,,,,,151.21999435424806,3.752357251043907,146.49999618530273,3.63523570617289,,,,,,,,,,,,,,,,,,,"Brooks Wilson","sa3006966",676570
"Sean Harney","NYM",1,2,,5.137420801681628,27,7,0,0,,47.29999923706055,209,48,29,27,7,18,0,5,34,6.469344713228717,3.4249472011210855,1.8888888888888888,1.331923911547089,0.16267942583732056,0.0861244019138756,0.07655502392344496,0.25806451612903225,1.3953488597159978,0.2827586206896552,0.6583629893238434,,,5.111511522136338,-0.12271401822434642,,,,,,,,,138.11999435424804,2.9200844943360615,144.49999618530273,3.0549682561534577,,,,,,,,,,,,,,,,,,,"Sean Harney","sa3020472",686184
"Scott McGough","ARI",3,3,,4.581818181818182,45,2,0,0.6502000093460083,,55,245,56,30,28,8,25,0,1,52,8.50909090909091,4.090909090909091,2.08,1.309090909090909,0.21224489795918366,0.10204081632653061,0.11020408163265305,0.2557077625570776,1.4727272727272727,0.3018867924528302,0.7306590257879656,,,4.584661596471613,-0.12286307663869607,,,,,,,,,191.60080003738406,3.483650909770619,199.60080003738403,3.6291054552251643,,,,,,,,,,,,,,,,,,,"Scott McGough","12056",543518
"Dylan Spain","COL",1,2,,5.529010382877138,21,2,0,0,,29.299999237060547,132,33,19,18,5,10,0,2,20,6.143344869863487,3.0716724349317435,2,1.5358362174658717,0.15151515151515152,0.07575757575757576,0.07575757575757576,0.275,1.4675768300229441,0.29473684210526313,0.6666666666666666,,,5.2483910952990875,-0.12333165013674124,,,,,,,,,73.51999435424803,2.5092148897142343,85.49999618530273,2.918088682990707,,,,,,,,,,,,,,,,,,,"Dylan Spain","sa3017134",688125
"Andrew Magno","DET",5,7,,4.523396820605236,43,0,0,0,,57.70000076293945,260,54,31,29,6,32,1,4,52,8.110918436947319,4.991334422736812,1.625,0.9358752042631522,0.2,0.12307692307692308,0.07692307692307693,0.24107142857142858,1.4904679179005758,0.2891566265060241,0.7087628865979382,,,4.587623606985693,-0.12407372830050449,,,,,,,,,208.78000564575203,3.6183709338848193,206.50000381469727,3.578856171304102,,,,,,,,,,,,,,,,,,,"Andrew Magno","sa3010824",687841
"Jack Anderson","BOS",2,3,,4.7120419475567665,34,1,0,0,,57.29999923706055,252,65,32,30,9,15,1,1,40,6.282722596742355,2.3560209737783833,2.6666666666666665,1.41361258426703,0.15873015873015872,0.05952380952380952,0.0992063492063492,0.2754237288135593,1.3961605770538568,0.2994652406417112,0.7121661721068249,,,4.649900391409518,-0.1242581815906945,,,,,,,,,176.31999435424808,3.077137813296997,201.49999618530273,3.5165793868802773,,,,,,,,,,,,,,,,,,,"Jack Anderson","30086",681252
"Jake Sommers","COL",1,3,,5.4,15,0,0,0,,20,94,21,13,12,3,11,0,1,18,8.1,4.95,1.6363636363636365,1.35,0.19148936170212766,0.11702127659574468,0.07446808510638298,0.25609756097560976,1.6,0.29508196721311475,0.6834532374100719,,,5.116479778289795,-0.12479783640772196,,,,,,,,,56.49999999999999,2.8249999999999997,61,3.05,,,,,,,,,,,,,,,,,,,"Jake Sommers","sa3010778",667563
"Lincoln Henzman","OAK",3,4,,4.566596268161447,34,1,0,0,,47.29999923706055,211,50,26,24,5,18,0,3,32,6.088795024215263,3.4249472011210855,1.7777777777777777,0.9513742225336349,0.15165876777251186,0.08530805687203792,0.06635071090047394,0.2631578947368421,1.4376321584952705,0.29411764705882354,0.6885245901639344,,,4.51954533922652,-0.12497115059324279,,,,,,,,,159.51999435424807,3.3725157912742794,172.49999618530273,3.646934439063275,,,,,,,,,,,,,,,,,,,"Lincoln Henzman","sa3005187",669205
"Anthony Hoopii-Tuionetoa","CHW",2,2,,4.864864773670829,38,0,0,0,,40.70000076293945,180,42,24,22,6,17,0,1,35,7.739557594476318,3.7592136887456404,2.0588235294117645,1.326781301910226,0.19444444444444445,0.09444444444444444,0.1,0.25925925925925924,1.4496314224574691,0.2975206611570248,0.691699604743083,,,4.68982127307561,-0.12510145469398498,,,,,,,,,134.18000564575198,3.2968059737220794,141.50000381469727,3.4766585052141847,,,,,,,,,,,,,,,,,,,"Anthony Hoopii-Tuionetoa","sa3015298",681896
"Tyler Myrick","SFG",4,4,,4.357541837531833,44,0,0,0,,53.70000076293945,235,55,28,26,6,19,1,4,41,6.871508282261736,3.184357496657878,2.1578947368421053,1.0055865778919615,0.17446808510638298,0.08085106382978724,0.09361702127659574,0.25943396226415094,1.3780260511852804,0.296969696969697,0.701219512195122,,,4.3769080664930815,-0.1257769057797687,,,,,,,,,193.58000564575195,3.604841767141079,203.50000381469727,3.789571711796713,,,,,,,,,,,,,,,,,,,"Tyler Myrick","sa3017541",686924
"Ben Bowden","OAK",2,3,,4.651162699003733,36,0,0,0,,38.70000076293945,172,36,22,20,5,20,0,1,39,9.06976726305728,4.651162699003733,1.95,1.1627906747509333,0.22674418604651161,0.11627906976744186,0.11046511627906976,0.23841059602649006,1.4470283952456058,0.2897196261682243,0.6938775510204082,,,4.458469416901943,-0.125883844355895,,,,,,,,,146.28000564575194,3.779845032608761,143.50000381469727,3.708010361387852,,,,,,,,,,,,,,,,,,,"Ben Bowden","20198",641386
"Geoff Hartlieb","NYY",3,3,,4.727955039533648,38,0,0,0,,53.29999923706055,235,51,30,28,7,24,1,3,46,7.7673547078052785,4.052532891028841,1.9166666666666667,1.181988759883412,0.19574468085106383,0.10212765957446808,0.09361702127659575,0.24519230769230768,1.4071294760516808,0.2838709677419355,0.6901840490797546,,,4.667417886078255,-0.12593149704193812,,,,,,,,,186.71999435424803,3.5031894376542114,186.49999618530273,3.4990618922115404,,,,,,,,,,,,,,,,,,,"Geoff Hartlieb","19558",664129
"Aaron Sanchez","TOR",3,5,,5.104477611940299,15,14,0,0,,67,307,73,41,38,9,31,0,8,39,5.2388059701492535,4.164179104477612,1.2580645161290323,1.208955223880597,0.1270358306188925,0.10097719869706841,0.026058631921824102,0.27238805970149255,1.5522388059701493,0.2909090909090909,0.6892778993435448,,,5.494837987245019,-0.12602800836809472,,,,,,,,,156.29999999999995,2.3328358208955216,179,2.671641791044776,,,,,,,,,,,,,,,,,,,"Aaron Sanchez","11490",592717
"Orlando Ribalta","WSN",2,4,,4.817987073322646,46,0,0,4.205100059509277,,46.70000076293945,209,45,27,25,6,24,1,2,43,8.286937766114951,4.625267590389741,1.7916666666666667,1.1563168975974352,0.20574162679425836,0.11483253588516747,0.0909090909090909,0.2459016393442623,1.4775160358189448,0.291044776119403,0.693069306930693,,,4.665409089990174,-0.12827659816521453,,,,,,,,,179.60040588378905,3.8458330396070943,180.32040405273438,3.8612505590328476,,,,,,,,,,,,,,,,,,,"Orlando Ribalta","26247",687377
"Collin Baumgartner","COL",4,5,,4.947145957174901,42,0,0,0,,47.29999923706055,209,47,28,26,7,21,0,3,43,8.18181831378926,3.9957717346412664,2.0476190476190474,1.331923911547089,0.20574162679425836,0.10047846889952153,0.10526315789473684,0.25405405405405407,1.4376321584952705,0.2962962962962963,0.6872852233676976,,,4.794386781291792,-0.13022305168370868,,,,,,,,,155.71999435424806,3.2921775235936614,159.49999618530273,3.3720929969980027,,,,,,,,,,,,,,,,,,,"Collin Baumgartner","sa3023002",694677
"Nick Payero","SEA",2,2,,4.845221873668321,19,13,0,0,,74.30000305175781,327,82,43,40,13,23,0,2,49,5.935396795243694,2.7860025773592847,2.130434782608696,1.5746971089422046,0.14984709480122324,0.07033639143730887,0.07951070336391437,0.271523178807947,1.4131897131532605,0.2875,0.7142857142857143,,,5.131486427055281,-0.13052945119410458,,,,,,,,,199.72002258300782,2.6880217278575573,225.50001525878906,3.034993351234514,,,,,,,,,,,,,,,,,,,"Nick Payero","sa3022956",809579
"Houston Roth","BAL",4,5,,4.868852459016393,28,5,0,0,,61,273,62,36,33,9,29,0,3,51,7.524590163934426,4.278688524590164,1.7586206896551724,1.3278688524590163,0.18681318681318682,0.10622710622710622,0.08058608058608059,0.2572614107883817,1.4918032786885247,0.292817679558011,0.7015306122448979,,,4.986151909437336,-0.13094780440630704,,,,,,,,,185.50000000000009,3.0409836065573783,194,3.180327868852459,,,,,,,,,,,,,,,,,,,"Houston Roth","sa3011527",674175
"Yohan Ramírez","PIT",2,3,,4.5,46,0,0,0.6169999837875366,,58,259,52,31,29,6,26,2,12,56,8.689655172413794,4.0344827586206895,2.1538461538461537,0.9310344827586207,0.21621621621621623,0.10038610038610038,0.11583011583011585,0.23529411764705882,1.3448275862068966,0.2893081761006289,0.6752873563218391,,,4.545790123117381,-0.13142584339421043,,,,,,,,,220.66799993515016,3.8046206885370717,212.46799993515015,3.663241378192244,,,,,,,,,,,,,,,,,,,"Yohan Ramirez","19444",670990
"Tanner Burns","CLE",3,5,,4.632352941176471,37,6,0,0,,68,303,67,38,35,9,34,0,3,56,7.411764705882353,4.5,1.6470588235294117,1.1911764705882353,0.1848184818481848,0.11221122112211221,0.0726072607260726,0.2518796992481203,1.4852941176470589,0.2885572139303483,0.7126696832579185,,,4.872362131230972,-0.1327628623527731,,,,,,,,,219.30000000000004,3.2250000000000005,224,3.2941176470588234,,,,,,,,,,,,,,,,,,,"Tanner Burns","sa3014451",669142
"Amos Willingham","ATL",4,4,,4.401349129139341,47,0,0,0.6258999705314636,,59.29999923706055,262,61,31,29,8,22,2,3,51,7.74030364090022,3.338954511760879,2.3181818181818183,1.214165277003956,0.1946564885496183,0.08396946564885496,0.11068702290076335,0.25738396624472576,1.3996627498795604,0.29775280898876405,0.7242339832869081,,,4.464962088419026,-0.13302884794567083,,,,,,,,,211.32359423637402,3.5636356990760927,222.0035960674286,3.743736912709497,,,,,,,,,,,,,,,,,,,"Amos Willingham","26128",686294
"Jake McSteen","ATL",3,3,,4.909090909090909,31,5,0,0,,55,243,62,32,30,9,18,1,1,39,6.381818181818182,2.9454545454545453,2.1666666666666665,1.4727272727272727,0.16049382716049382,0.07407407407407407,0.08641975308641975,0.2767857142857143,1.4545454545454546,0.30113636363636365,0.7121661721068249,,,4.91193432374434,-0.1334992920955665,,,,,,,,,156.1,2.838181818181818,179,3.2545454545454544,,,,,,,,,,,,,,,,,,,"Jake McSteen","sa3015087",701151
"Jay Jackson","MIN",2,2,,4.600639089776648,27,0,0,0,,31.299999237060547,132,31,17,16,6,10,1,1,32,9.201278179553295,2.875399431110405,3.2,1.7252396586662428,0.24242424242424243,0.07575757575757576,0.16666666666666669,0.256198347107438,1.3099041852836288,0.30120481927710846,0.7361963190184049,,,4.668077258980784,-0.1335115788642282,,,,,,,,,108.21999435424807,3.4575078911219568,109.49999618530273,3.498402519309011,,,,,,,,,,,,,,,,,,,"Jay Jackson","7432",543351
"Tanner Andrews","SFG",3,4,,4.588235294117647,32,0,0,0,,51,229,52,28,26,6,24,1,1,45,7.9411764705882355,4.235294117647059,1.875,1.0588235294117647,0.1965065502183406,0.10480349344978165,0.09170305676855894,0.2549019607843137,1.4901960784313726,0.3006535947712418,0.7100591715976332,,,4.401773895936854,-0.13386666556674,,,,,,,,,183.4,3.596078431372549,192,3.764705882352941,,,,,,,,,,,,,,,,,,,"Tanner Andrews","24698",681084
"Tyler Woessner","MIL",4,6,,5.19447949626466,26,13,0,0,,79.69999694824219,360,81,50,46,12,40,0,4,62,7.00125497322628,4.516938692404052,1.55,1.3550816077212156,0.17222222222222222,0.1111111111111111,0.061111111111111116,0.2563291139240506,1.5181932827246953,0.28512396694214875,0.6813819577735124,,,5.2241962937183075,-0.1358191698679856,,,,,,,,,223.5799774169922,2.8052695856712115,234.49998474121094,2.9422834845714876,,,,,,,,,,,,,,,,,,,"Tyler Woessner","sa3020171",681216
"Tim Naughton","DET",3,5,,4.71698105662954,37,1,0,0,,47.70000076293945,215,46,27,25,6,26,0,2,43,8.113207417402808,4.9056602988947215,1.6538461538461537,1.1320754535910895,0.2,0.12093023255813953,0.07906976744186048,0.24598930481283424,1.5094339381214528,0.2898550724637681,0.7075471698113207,,,4.759771157417996,-0.13652447966271636,,,,,,,,,161.58000564575195,3.3874214478271383,162.50000381469727,3.4067086208718,,,,,,,,,,,,,,,,,,,"Tim Naughton","sa3004713",676987
"Tommy Doyle","COL",2,4,,5.179856020337733,34,1,0,0,,41.70000076293945,184,44,26,24,7,18,1,0,35,7.553956696325861,3.8848920152533,1.9444444444444444,1.5107913392651722,0.19021739130434784,0.09782608695652174,0.0923913043478261,0.26506024096385544,1.4868105243562013,0.29838709677419356,0.689655172413793,,,4.965040896462619,-0.13719840945383766,,,,,,,,,124.08000564575192,2.975539649294852,133.50000381469727,3.2014388818271757,,,,,,,,,,,,,,,,,,,"Tommy Doyle","21281",656382
"Jon Duplantier","MIL",3,4,,4.990439843353794,21,7,0,0,,52.29999923706055,238,49,31,29,8,31,0,3,50,8.60420662647206,5.334608108412676,1.6129032258064515,1.3766730602355295,0.21008403361344538,0.13025210084033614,0.07983193277310924,0.24019607843137256,1.5296367335950327,0.2808219178082192,0.7122093023255814,,,5.193248450303214,-0.13767477735398537,,,,,,,,,159.2199943542481,3.044359401088145,155.49999618530273,2.9732313279865816,,,,,,,,,,,,,,,,,,,"Jon Duplantier","19546",641541
"Taylor Lehman","PHI",3,3,,5.074183861385904,38,1,0,0,,33.70000076293945,153,33,21,19,4,20,0,2,29,7.744806946325852,5.3412461698798985,1.45,1.0682492339759797,0.1895424836601307,0.13071895424836602,0.05882352941176469,0.25190839694656486,1.5727002611313035,0.29591836734693877,0.6751054852320675,,,4.946895168249761,-0.13808078835569,,,,,,,,,106.38000564575198,3.1566766539287485,108.50000381469727,3.219584610040034,,,,,,,,,,,,,,,,,,,"Taylor Lehman","sa3007834",656647
"Jacob Barnes","TOR",4,4,,4.5,51,0,0,4.390900135040283,,52,226,53,28,26,8,19,1,1,44,7.615384615384615,3.2884615384615383,2.3157894736842106,1.3846153846153846,0.19469026548672566,0.084070796460177,0.11061946902654866,0.25728155339805825,1.3846153846153846,0.2922077922077922,0.7236842105263158,,,4.628018239828257,-0.13847618312927246,,,,,,,,,194.1636005401611,3.733915395003098,201.56360054016113,3.876223087310791,,,,,,,,,,,,,,,,,,,"Jacob Barnes","12323",606930
"Christian Montes De Oca","ARI",4,3,,4.168096109434048,46,0,0,0,,58.29999923706055,256,59,29,27,7,21,1,4,46,7.101200779035785,3.241852529559815,2.1904761904761907,1.0806175098532715,0.1796875,0.08203125,0.09765625,0.2554112554112554,1.3722127109247892,0.29213483146067415,0.7264957264957265,,,4.435776535895226,-0.13935283113270808,,,,,,,,,208.91999435424802,3.583533397740429,217.49999618530273,3.73070324239457,,,,,,,,,,,,,,,,,,,"Christian Montes De Oca","30206",801216
"Trevor Clifton","TOR",2,3,,5.021459391891394,16,0,0,0,,23.299999237060547,106,23,14,13,3,11,2,3,20,7.725322141371375,4.248927177754257,1.8181818181818181,1.1587983212057062,0.18867924528301888,0.10377358490566038,0.0849056603773585,0.25,1.4592275155923708,0.2898550724637681,0.6711409395973155,,,4.92613648826883,-0.13939490835888563,,,,,,,,,73.71999435424803,3.163948359148028,75.49999618530273,3.2403432900209643,,,,,,,,,,,,,,,,,,,"Trevor Clifton","sa737901",641461
"Zach Haake","PHI",2,3,,5.502958497072502,26,7,0,0,,50.70000076293945,229,53,34,31,8,24,0,3,38,6.745562028669519,4.260354965475486,1.5833333333333333,1.4201183218251618,0.16593886462882096,0.10480349344978165,0.061135371179039305,0.2623762376237624,1.518737649729687,0.28846153846153844,0.6534954407294833,,,5.316381126608443,-0.1394862585187574,,,,,,,,,133.980005645752,2.6426036218857085,144.50000381469727,2.8500986516813525,,,,,,,,,,,,,,,,,,,"Zach Haake","sa3008523",676252
"Jhancarlos Lara","ATL",3,5,,5.204819277108434,22,20,0,0,,83,383,83,52,48,12,49,0,7,73,7.9156626506024095,5.313253012048193,1.489795918367347,1.3012048192771084,0.1906005221932115,0.1279373368146214,0.06266318537859009,0.25382262996941896,1.5903614457831325,0.29338842975206614,0.6944444444444444,,,5.311058091542807,-0.13966534410458942,,,,,,,,,228.8,2.7566265060240966,237,2.855421686746988,,,,,,,,,,,,,,,,,,,"Jhancarlos Lara","sa3019367",702910
"Oddanier Mosqueda","STL",4,3,,4.299835201309491,49,1,0,0,,60.70000076293945,267,54,31,29,7,28,0,8,58,8.599670402618981,4.151565021953991,2.0714285714285716,1.0378912554884978,0.21722846441947566,0.10486891385767791,0.11235955056179775,0.23376623376623376,1.3509060785723304,0.28313253012048195,0.706371191135734,,,4.533860321234959,-0.14006596176613167,,,,,,,,,230.68000564575195,3.8003295345359245,220.50000381469727,3.6326194570548362,,,,,,,,,,,,,,,,,,,"Oddanier Mosqueda","sa917882",665996
"Josh Green","ARI",3,3,,4.559099502407446,26,4,0,0,,53.29999923706055,238,58,29,27,6,19,0,6,31,5.234521650912253,3.2082552053978324,1.631578947368421,1.0131332227572103,0.13025210084033614,0.07983193277310924,0.050420168067226906,0.27230046948356806,1.4446529287463925,0.29545454545454547,0.6997084548104957,,,4.873796875899168,-0.1401593441472973,,,,,,,,,156.81999435424802,2.9422138198682743,175.49999618530273,3.292682902390627,,,,,,,,,,,,,,,,,,,"Josh Green","sa3006701",681401
"Deivi García","MIL",4,5,,4.80376760337545,40,8,0,0,,63.70000076293945,282,57,37,34,10,33,0,6,65,9.183673359394243,4.662480320923231,1.9696969696969697,1.4128728245221913,0.23049645390070922,0.11702127659574468,0.11347517730496454,0.2345679012345679,1.4128728245221913,0.27976190476190477,0.6973684210526315,,,5.0032144501686435,-0.14057705748625743,,,,,,,,,213.1800056457519,3.346624852315224,201.50000381469727,3.1632653281211516,,,,,,,,,,,,,,,,,,,"Deivi Garcia","20276",665620
"Matt Seelinger","DET",1,2,,4.807121552891909,27,0,0,0,,33.70000076293945,150,31,19,18,5,19,1,0,34,9.080118488795828,5.074183861385904,1.7894736842105263,1.3353115424699746,0.22666666666666666,0.12666666666666668,0.09999999999999998,0.2366412213740458,1.4836794916333051,0.2826086956521739,0.7209302325581395,,,4.768853629253765,-0.14103543478774905,,,,,,,,,118.28000564575196,3.5097923729374743,114.50000381469727,3.3976261490360304,,,,,,,,,,,,,,,,,,,"Matt Seelinger","23563",676910
"Nate Dahle","TBR",3,3,,4.432548107456834,31,0,0,0,,46.70000076293945,206,48,25,23,6,17,0,2,37,7.130620868517516,3.2762312098593993,2.176470588235294,1.1563168975974352,0.1796116504854369,0.0825242718446602,0.0970873786407767,0.25668449197860965,1.391862932293209,0.2916666666666667,0.7067137809187279,,,4.472689607057268,-0.14106622539771935,,,,,,,,,163.98000564575193,3.5113490999315884,172.50000381469727,3.693790171232527,,,,,,,,,,,,,,,,,,,"Nate Dahle","sa3020476",695242
"Reggie Crawford","SFG",1,1,,5.056179630803037,22,6,0,0,,26.700000762939453,119,23,16,15,4,14,0,6,29,9.775280619552538,4.719100988749501,2.0714285714285716,1.348314568214143,0.24369747899159663,0.11764705882352941,0.12605042016806722,0.23232323232323232,1.385767750664536,0.2878787878787879,0.6687898089171975,,,5.18895163061101,-0.1413576208413896,,,,,,,,,86.58000564575195,3.242696748006392,79.50000381469727,2.977528147678785,,,,,,,,,,,,,,,,,,,"Reggie Crawford","sa3020457",686846
"Travis Lakins","BAL",1,2,,5.04,21,1,0,0,,25,112,26,15,14,4,11,0,1,21,7.56,3.96,1.9090909090909092,1.44,0.1875,0.09821428571428571,0.08928571428571429,0.26,1.48,0.29333333333333333,0.7006369426751593,,,5.006479778289795,-0.14173965996044804,,,,,,,,,74.2,2.968,79,3.16,,,,,,,,,,,,,,,,,,,"Travis Lakins","18600",664042
"Marquis Grissom Jr.","WSN",2,3,,4.9122807748103865,42,0,0,0,,51.29999923706055,228,52,30,28,6,21,0,4,38,6.666666765814095,3.6842105811077897,1.8095238095238095,1.0526315946022256,0.16666666666666666,0.09210526315789473,0.07456140350877193,0.2561576354679803,1.4230019704807864,0.2893081761006289,0.6656346749226006,,,4.667454459481857,-0.14179195335004485,,,,,,,,,171.61999435424806,3.3454190430136497,179.49999618530273,3.4990253188079374,,,,,,,,,,,,,,,,,,,"Marquis Grissom Jr.","sa3020312",671726
"Austin Hedges","CLE",0,0,,5.373134481320011,5,0,0,0,,6.699999809265137,27,7,4,4,1,2,0,1,1,1.3432836203300027,2.6865672406600054,0.5,1.3432836203300027,0.037037037037037035,0.07407407407407407,-0.037037037037037035,0.2916666666666667,1.3432836203300027,0.2727272727272727,0.6578947368421053,,,6.151554490134245,-0.1427257667701886,,,,,,,,,12.079998588562013,1.802984915291656,13.499999046325684,2.0149252881555495,,,,,,,,,,,,,,,,,,,"Austin Hedges","12976",595978
"Raul Brito","SDP",3,4,,4.665226858731871,29,1,0,0,,46.29999923706055,207,44,26,24,6,22,0,4,42,8.164147002780775,4.276457953837548,1.9090909090909092,1.1663067146829678,0.2028985507246377,0.10628019323671498,0.09661835748792272,0.2430939226519337,1.425485984612516,0.2857142857142857,0.6944444444444444,,,4.7215553978670854,-0.14303911018401966,,,,,,,,,160.41999435424802,3.4647947515696895,159.49999618530273,3.4449243804227097,,,,,,,,,,,,,,,,,,,"Raul Brito","sa928287",669993
"Austin Kitchen","SEA",4,4,,4.581818181818182,35,2,0,0.6220999956130981,,55,243,61,30,28,7,17,0,2,35,5.7272727272727275,2.7818181818181817,2.0588235294117645,1.1454545454545455,0.1440329218106996,0.06995884773662552,0.07407407407407408,0.27232142857142855,1.4181818181818182,0.2967032967032967,0.7038123167155425,,,4.584661596471613,-0.14316423719980173,,,,,,,,,177.78839998245238,3.2325163633173157,199.4883999824524,3.6270618178627707,,,,,,,,,,,,,,,,,,,"Austin Kitchen","27910",685116
"RJ Petit","DET",4,6,,4.692737363495819,42,1,0,0,,53.70000076293945,236,52,30,28,7,22,0,5,44,7.374301571207717,3.6871507856038583,2,1.1731843408739548,0.1864406779661017,0.09322033898305085,0.09322033898305085,0.24880382775119617,1.3780260511852804,0.2848101265822785,0.6853582554517134,,,4.730725566121735,-0.14337610217824354,,,,,,,,,183.08000564575192,3.409311043662086,184.50000381469727,3.43575421216806,,,,,,,,,,,,,,,,,,,"RJ Petit","sa3017848",696275
"Matthew Thompson","CHC",5,7,,5.145631237359442,24,22,0,0,,92.69999694824219,424,93,57,53,13,52,0,6,73,7.087378874098855,5.048543855522472,1.4038461538461537,1.262135963880618,0.1721698113207547,0.12264150943396226,0.04952830188679244,0.2540983606557377,1.5641855962623044,0.2857142857142857,0.694006309148265,,,5.291614691832374,-0.14338787693877628,,,,,,,,,256.27997741699227,2.764616891628193,266.49998474121094,2.874865086457421,,,,,,,,,,,,,,,,,,,"Matthew Thompson","sa3011866",683010
"Josh James","STL",1,0,,4.876847473928047,21,1,0,0,,20.299999237060547,95,19,12,11,2,14,0,2,18,7.980295866427713,6.206896784999332,1.2857142857142858,0.8866995407141903,0.18947368421052632,0.14736842105263157,0.04210526315789476,0.24050632911392406,1.6256158246426822,0.288135593220339,0.695364238410596,,,5.038401030908641,-0.14375046892275595,,,,,,,,,64.21999435424806,3.16354663880998,63.499996185302734,3.1280787473811538,,,,,,,,,,,,,,,,,,,"Josh James","16794",657624
"Thyago Vieira","ARI",1,1,,4.462810011152998,28,0,0,0,,36.29999923706055,161,34,19,18,5,18,0,2,37,9.173553911814496,4.462810011152998,2.0555555555555554,1.2396694475424994,0.22981366459627328,0.11180124223602485,0.11801242236024843,0.24113475177304963,1.4325069171602216,0.29292929292929293,0.7333333333333333,,,4.571438485504627,-0.14390586745819656,,,,,,,,,132.71999435424803,3.656198268421651,130.49999618530273,3.5950412927851674,,,,,,,,,,,,,,,,,,,"Thyago Vieira","14510",600986
"Erich Uelmen","PHI",2,2,,5.2,29,4,0,0,,45,205,45,28,26,6,21,0,7,36,7.2,4.2,1.7142857142857142,1.2,0.17560975609756097,0.1024390243902439,0.07317073170731707,0.2542372881355932,1.4666666666666666,0.28888888888888886,0.6597222222222222,,,5.166479778289795,-0.14425053401180138,,,,,,,,,130.2,2.893333333333333,135,3,,,,,,,,,,,,,,,,,,,"Erich Uelmen","20323",657272
"McKinley Moore","NYY",2,3,,5.1,29,2,0,0,,30,139,27,18,17,4,20,0,3,31,9.3,6,1.55,1.2,0.22302158273381295,0.14388489208633093,0.07913669064748202,0.23275862068965517,1.5666666666666667,0.2839506172839506,0.7004830917874396,,,5.133146444956462,-0.14478474053629922,,,,,,,,,95.60000000000001,3.186666666666667,91,3.033333333333333,,,,,,,,,,,,,,,,,,,"McKinley Moore","25663",686842
"Darrell Thompson","MIL",3,3,,4.628571428571429,31,0,0,0,,35,153,31,19,18,5,17,0,3,36,9.257142857142858,4.371428571428571,2.1176470588235294,1.2857142857142858,0.23529411764705882,0.1111111111111111,0.12418300653594772,0.23308270676691728,1.3714285714285714,0.2826086956521739,0.7073170731707317,,,4.680765492575509,-0.1450160758031087,,,,,,,,,128.89999999999998,3.6828571428571424,122,3.4857142857142858,,,,,,,,,,,,,,,,,,,"Darrell Thompson","sa3020814",703710
"José Cisnero","LAA",1,2,,4.668587793606633,36,0,0,0,,34.70000076293945,152,33,19,18,5,16,1,3,35,9.077809598679565,4.14985581653923,2.1875,1.2968299426685093,0.23026315789473684,0.10526315789473684,0.125,0.24812030075187969,1.4121037153501546,0.3010752688172043,0.7142857142857143,,,4.665038823151184,-0.1450839594469811,,,,,,,,,122.48000564575194,3.5296830822137597,121.50000381469727,3.5014409551386114,,,,,,,,,,,,,,,,,,,"Jose Cisnero","6399",542585
"Ryan Boyer","TOR",2,2,,4.403669622026505,32,0,0,0,,32.70000076293945,142,31,17,16,5,12,1,4,30,8.256880541299697,3.3027522165198784,2.5,1.3761467568832828,0.2112676056338028,0.08450704225352113,0.1267605633802817,0.24603174603174602,1.3149846787995814,0.2857142857142857,0.7222222222222222,,,4.7872748475078835,-0.14563243344386084,,,,,,,,,111.88000564575192,3.4214068206552195,110.50000381469727,3.3792049307819116,,,,,,,,,,,,,,,,,,,"Ryan Boyer","sa3018151",801682
"Hunter Gregory","TOR",3,4,,4.880382715734664,35,4,0,0,,62.70000076293945,281,62,37,34,9,28,0,5,52,7.46411474171184,4.019138707075606,1.8571428571428572,1.2918660129885877,0.18505338078291814,0.099644128113879,0.08540925266903913,0.25,1.4354066810984307,0.28342245989304815,0.6847545219638242,,,4.952763648101175,-0.14636013365243722,,,,,,,,,197.08000564575204,3.1432217423869884,201.50000381469727,3.2137161301886192,,,,,,,,,,,,,,,,,,,"Hunter Gregory","sa3017754",695347
"Trent Baker","MIN",4,7,,5.249088505237584,21,16,0,0,,82.30000305175781,370,91,52,48,14,33,0,4,58,6.342648610495414,3.608748347350839,1.7575757575757576,1.530984147360962,0.15675675675675677,0.0891891891891892,0.06756756756756757,0.2732732732732733,1.5066828116885658,0.2950191570881226,0.689655172413793,,,5.317147985296861,-0.1467158947398206,,,,,,,,,205.22002258300782,2.493560327743203,234.50001525878906,2.8493317929929343,,,,,,,,,,,,,,,,,,,"Trent Baker","sa3017504",694536
"Samuel Reyes","WSN",3,4,,5.072727272727272,35,3,0,0,,55,246,58,34,31,8,25,0,1,42,6.872727272727273,4.090909090909091,1.68,1.309090909090909,0.17073170731707318,0.1016260162601626,0.06910569105691058,0.2636363636363636,1.509090909090909,0.29411764705882354,0.6824512534818942,,,4.948297960107977,-0.1472669425659491,,,,,,,,,163.8,2.9781818181818185,177,3.2181818181818183,,,,,,,,,,,,,,,,,,,"Samuel Reyes","sa3003036",672795
"Ryan Borucki","PIT",1,2,,4.448669330572827,30,0,0,4.277699947357178,,26.299999237060547,116,24,14,13,4,14,0,2,28,9.581749327387627,4.790874663693813,2,1.3688213324839467,0.2413793103448276,0.1206896551724138,0.1206896551724138,0.24,1.4448669620663883,0.29411764705882354,0.7407407407407408,,,4.8394836291035075,-0.14757835691222387,,,,,,,,,108.13079414367675,4.111437158952637,104.61079597473145,3.977596920509394,,,,,,,,,,,,,,,,,,,"Ryan Borucki","16350",621366
"Logan VanWey","HOU",4,3,,4.142857142857143,54,0,0,0,,63,275,56,31,29,8,31,1,5,64,9.142857142857142,4.428571428571429,2.064516129032258,1.1428571428571428,0.23272727272727273,0.11272727272727273,0.12,0.23430962343096234,1.380952380952381,0.2874251497005988,0.7387862796833773,,,4.499813111623128,-0.14770704908153706,,,,,,,,,242.20000000000007,3.8444444444444454,231,3.6666666666666665,,,,,,,,,,,,,,,,,,,"Logan VanWey","31884",701121
"Ian Clarkin","SEA",2,3,,5.108108108108108,12,6,0,0,,37,170,40,23,21,5,18,0,2,24,5.837837837837838,4.378378378378378,1.3333333333333333,1.2162162162162162,0.1411764705882353,0.10588235294117647,0.03529411764705882,0.26666666666666666,1.5675675675675675,0.2892561983471074,0.6862745098039216,,,5.247560859370877,-0.14782316685565172,,,,,,,,,96.30000000000001,2.602702702702703,108,2.918918918918919,,,,,,,,,,,,,,,,,,,"Ian Clarkin","sa737534",624420
"Devin Smeltzer","MIA",4,6,,5.076923076923077,25,12,0,0,,78,344,85,48,44,13,28,0,5,53,6.115384615384615,3.230769230769231,1.8928571428571428,1.5,0.15406976744186046,0.08139534883720931,0.07267441860465115,0.2733118971061093,1.4487179487179487,0.2938775510204082,0.6856540084388186,,,5.243402855212873,-0.14843927075618207,,,,,,,,,203.30000000000007,2.6064102564102574,228,2.923076923076923,,,,,,,,,,,,,,,,,,,"Devin Smeltzer","19487",656970
"Zach Agnos","COL",4,5,,4.959183673469388,47,0,0,0,,49,208,50,29,27,9,14,1,2,42,7.714285714285714,2.5714285714285716,3,1.653061224489796,0.20192307692307693,0.0673076923076923,0.13461538461538464,0.2604166666666667,1.3061224489795917,0.2907801418439716,0.6809338521400778,,,4.819541002779591,-0.14846135743577316,,,,,,,,,157.90000000000003,3.2224489795918374,164,3.3469387755102042,,,,,,,,,,,,,,,,,,,"Zach Agnos","31552",688642
"Matt Bowman","BAL",2,3,,4.526112118894594,44,1,0,0.6330999732017517,,51.70000076293945,227,52,28,26,7,22,1,3,44,7.659574355052389,3.8297871775261947,2,1.2185686473946984,0.19383259911894274,0.09691629955947137,0.09691629955947137,0.25742574257425743,1.4313346017017092,0.2980132450331126,0.7165109034267912,,,4.675183817921326,-0.1487659884667315,,,,,,,,,176.81240553855892,3.4199691088845174,183.03240370750427,3.5402785494484736,,,,,,,,,,,,,,,,,,,"Matt Bowman","13528",621199
"Collin Snider","SEA",3,4,,4.316163468791677,53,1,3.1429998874664307,12.172300338745117,,56.29999923706055,248,54,29,27,7,25,1,3,51,8.152753218828723,3.9964476562885896,2.04,1.119005343760805,0.2056451612903226,0.10080645161290322,0.10483870967741937,0.24545454545454545,1.4031971770968825,0.29012345679012347,0.722543352601156,,,4.463105017885649,-0.1489142469246057,,,,,,,,,272.5241951465607,4.840571915446252,272.90419697761536,4.847321504011157,,,,,,,,,,,,,,,,,,,"Collin Snider","23307",676092
"Dahian Santos","TOR",2,2,,5.170212765957447,23,8,0,0,,47,212,43,29,27,7,27,0,6,44,8.425531914893616,5.170212765957447,1.6296296296296295,1.3404255319148937,0.20754716981132076,0.12735849056603774,0.08018867924528303,0.24022346368715083,1.4893617021276595,0.28125,0.6810631229235881,,,5.336692544247242,-0.1491735589004028,,,,,,,,,138.89999999999998,2.95531914893617,133,2.8297872340425534,,,,,,,,,,,,,,,,,,,"Dahian Santos","sa3015282",692479
"Sean Newcomb","BOS",1,2,,5.017421469408056,21,1,0,0.6410999894142151,,28.700000762939453,129,28,17,16,4,16,1,2,27,8.466898729626095,5.017421469408056,1.6875,1.254355367352014,0.20930232558139536,0.12403100775193798,0.08527131782945738,0.25225225225225223,1.5331010045413505,0.3,0.703125,,,4.9783264200204815,-0.1492397445356572,,,,,,,,,92.94440560340884,3.2384809453882912,94.06440377235413,3.2775052707949843,,,,,,,,,,,,,,,,,,,"Sean Newcomb","16943",656794
"Rafael Montero","HOU",3,2,,4.435318205669831,52,0,0,0.652999997138977,,48.70000076293945,216,47,26,24,6,23,1,3,44,8.13141671039469,4.250513280433588,1.9130434782608696,1.1088295514174578,0.2037037037037037,0.10648148148148148,0.09722222222222221,0.24736842105263157,1.437371640726334,0.29285714285714287,0.7142857142857143,,,4.56278365785252,-0.14970950778501707,,,,,,,,,176.99200563430787,3.634332707628995,178.11200380325317,3.657330616281958,,,,,,,,,,,,,,,,,,,"Rafael Montero","12760",606160
"Mat Olsen","SFG",2,3,,4.435318205669831,36,0,0,0,,48.70000076293945,216,49,26,24,6,18,0,4,41,7.577001934685961,3.326488654252373,2.2777777777777777,1.1088295514174578,0.18981481481481483,0.08333333333333333,0.1064814814814815,0.25257731958762886,1.3757699989809198,0.2925170068027211,0.6996587030716723,,,4.439580374361691,-0.14976050363567628,,,,,,,,,175.18000564575195,3.5971253162497563,181.50000381469727,3.7268994039281043,,,,,,,,,,,,,,,,,,,"Mat Olsen","sa3017882",695296
"Jack Weisenburger","OAK",1,1,,4.980237304332787,21,1,0,0,,25.299999237060547,117,24,15,14,3,17,0,1,25,8.893280900594263,6.0474310124040995,1.4705882352941178,1.0671937080713116,0.21367521367521367,0.1452991452991453,0.06837606837606836,0.24242424242424243,1.6205534085527324,0.29577464788732394,0.7065217391304348,,,4.866084572625588,-0.1521573771367753,,,,,,,,,83.91999435424805,3.316995924304945,83.49999618530273,3.3003952056642074,,,,,,,,,,,,,,,,,,,"Jack Weisenburger","26333",674073
"Enmanuel Mejia","PHI",4,6,,5.188866877908375,39,4,0,0,,50.29999923706055,229,49,31,29,7,28,1,3,44,7.872763538895465,5.009940433842569,1.5714285714285714,1.2524851084606423,0.19213973799126638,0.1222707423580786,0.06986899563318778,0.2474747474747475,1.530815132563007,0.2857142857142857,0.6845238095238095,,,5.075028514991726,-0.15269893076275243,,,,,,,,,153.71999435424803,3.0560635524023754,155.49999618530273,3.091451263298069,,,,,,,,,,,,,,,,,,,"Enmanuel Mejia","sa3009262",684871
"Hunter Parsons","NYM",2,4,,4.760705198183128,26,1,0,0,,39.70000076293945,178,36,23,21,5,22,1,4,39,8.841309653768667,4.987405445715658,1.7727272727272727,1.1335012376626494,0.21910112359550563,0.12359550561797752,0.0955056179775281,0.23684210526315788,1.4609571507651926,0.28703703703703703,0.6862745098039216,,,4.803759343802511,-0.15290970030479878,,,,,,,,,138.68000564575192,3.493199067522734,133.50000381469727,3.362720434487284,,,,,,,,,,,,,,,,,,,"Hunter Parsons","sa3011606",663500
"Tristan Garnett","PHI",2,3,,5.013262498015497,34,0,0,0,,37.70000076293945,170,37,23,21,5,21,1,1,34,8.11671071107271,5.013262498015497,1.619047619047619,1.1936339280989279,0.2,0.12352941176470589,0.07647058823529412,0.25,1.5384615073275072,0.29357798165137616,0.6862745098039216,,,4.8375672776282945,-0.1534256821035065,,,,,,,,,123.28000564575198,3.27002660877771,125.50000381469727,3.328912500661501,,,,,,,,,,,,,,,,,,,"Tristan Garnett","sa3017473",702911
"M.D. Johnson","MIA",3,6,,5.307402963574761,17,17,0,0,,79.69999694824219,363,88,51,47,12,36,0,7,52,5.872020300125268,4.065244823163646,1.4444444444444444,1.3550816077212156,0.14325068870523416,0.09917355371900827,0.0440771349862259,0.275,1.555834438494729,0.296875,0.6809701492537313,,,5.4374961764151655,-0.15380891630696142,,,,,,,,,188.37997741699218,2.363613357969482,217.49998474121094,2.7289836018746296,,,,,,,,,,,,,,,,,,,"M.D. Johnson","sa3010364",668724
"Juan Then","CHW",1,3,,5.5,25,3,0,0,,36,165,41,24,22,5,16,0,1,22,5.5,4,1.375,1.25,0.13333333333333333,0.09696969696969697,0.03636363636363636,0.27702702702702703,1.5833333333333333,0.2975206611570248,0.66,,,5.166479778289795,-0.15456316522375263,,,,,,,,,91.30000000000003,2.536111111111112,108,3,,,,,,,,,,,,,,,,,,,"Juan Then","22828",672730
"Connor Brogdon","LAA",2,2,,4.726476945163769,44,2,0,0.6287000179290771,,45.70000076293945,198,44,26,24,8,19,1,2,47,9.256017350945715,3.7417942482546507,2.473684210526316,1.5754923150545899,0.23737373737373738,0.09595959595959595,0.14141414141414144,0.24858757062146894,1.378555775672766,0.29508196721311475,0.7142857142857143,,,4.763853931053476,-0.15469739893174111,,,,,,,,,158.8948057174683,3.4769103515272697,158.01480388641357,3.4576542942764266,,,,,,,,,,,,,,,,,,,"Connor Brogdon","21205",641401
"Zac Leigh","CHC",2,3,,4.4226043397007535,34,0,0,0,,40.70000076293945,181,36,22,20,5,21,0,4,41,9.066338896386544,4.643734556685791,1.9523809523809523,1.1056510849251884,0.2265193370165746,0.11602209944751381,0.11049723756906078,0.23076923076923078,1.4004913742385718,0.2818181818181818,0.7,,,4.591541176637816,-0.15473216052327277,,,,,,,,,153.08000564575195,3.761179429390658,145.50000381469727,3.5749386016519793,,,,,,,,,,,,,,,,,,,"Zac Leigh","sa3017873",684949
"Luis Peralta","COL",2,4,,5.147928916616212,36,4,0.9879999756813049,11.26200008392334,,50.70000076293945,231,49,31,29,8,29,0,5,52,9.230769091863552,5.147928916616212,1.793103448275862,1.4201183218251618,0.22510822510822512,0.12554112554112554,0.09956709956709958,0.24873096446700507,1.538461515310592,0.29927007299270075,0.7035928143712575,,,5.178314067542107,-0.15491515557793661,,,,,,,,,201.36800585985188,3.9717554798746137,201.48800402879715,3.974122307628845,,,,,,,,,,,,,,,,,,,"Luis Peralta","24203",678821
"Luis Curvelo","TEX",2,3,,4.882459380199292,44,0,0,0,,55.29999923706055,239,53,32,30,8,20,0,4,48,7.811935008318868,3.254972920132862,2.4,1.3019891680531448,0.200836820083682,0.08368200836820083,0.11715481171548117,0.24651162790697675,1.3200723509427716,0.2830188679245283,0.6634304207119741,,,4.613134409459956,-0.15675238213633025,,,,,,,,,197.019994354248,3.562748590821148,196.49999618530273,3.5533453688298393,,,,,,,,,,,,,,,,,,,"Luis Curvelo","24710",681168
"Camden Minacci","LAA",4,6,,4.4741874457654704,49,0,0,0,,52.29999923706055,233,51,28,26,7,23,1,3,48,8.260038361413176,3.957935048177147,2.0869565217391304,1.2045889277060884,0.20600858369098712,0.09871244635193133,0.1072961373390558,0.2463768115942029,1.4149139785754052,0.2894736842105263,0.7165109034267912,,,4.5622732976952625,-0.1568774649999139,,,,,,,,,186.31999435424805,3.5625238445934615,188.49999618530273,3.6042064805945326,,,,,,,,,,,,,,,,,,,"Camden Minacci","sa3022728",695229
"Tyron Guerrero","LAA",2,3,,5.275862068965517,25,1,0,0,,29,133,31,18,17,4,13,0,2,23,7.137931034482759,4.0344827586206895,1.7692307692307692,1.2413793103448276,0.17293233082706766,0.09774436090225563,0.07518796992481203,0.2627118644067797,1.5172413793103448,0.2967032967032967,0.6770833333333334,,,4.925100467944968,-0.15700614375619912,,,,,,,,,85.80000000000003,2.958620689655173,94,3.2413793103448274,,,,,,,,,,,,,,,,,,,"Tyron Guerrero","11691",594027
"Kyle Hill","SEA",2,3,,4.403669622026505,34,0,0,0,,32.70000076293945,146,31,17,16,4,17,0,1,30,8.256880541299697,4.678898973403161,1.7647058823529411,1.1009174055066262,0.2054794520547945,0.11643835616438356,0.08904109589041095,0.2421875,1.4678898740088349,0.2872340425531915,0.7311320754716981,,,4.573207574214928,-0.157771000049037,,,,,,,,,118.18000564575193,3.614067366618879,117.50000381469727,3.5932722040748666,,,,,,,,,,,,,,,,,,,"Kyle Hill","sa3009922",663540
"Riley Martin","CHC",4,5,,4.36741761989471,38,0,0,0,,57.70000076293945,258,50,30,28,7,35,0,3,64,9.982668845473624,5.459272024868388,1.8285714285714285,1.0918544049736776,0.24806201550387597,0.13565891472868216,0.1124031007751938,0.22727272727272727,1.4731368955994062,0.28859060402684567,0.7313829787234042,,,4.500968495479846,-0.15855558327438662,,,,,,,,,224.88000564575202,3.897400392933648,211.50000381469727,3.6655112828099496,,,,,,,,,,,,,,,,,,,"Riley Martin","29934",702303
"Jeff Belge","CHC",2,2,,4.5762712709786415,35,0,0,0,,41.29999923706055,185,39,23,21,5,23,0,1,39,8.49878950324605,5.012106630119464,1.6956521739130435,1.0895883978520575,0.21081081081081082,0.12432432432432433,0.08648648648648649,0.2422360248447205,1.501210681485057,0.2905982905982906,0.7090909090909091,,,4.5950512332513815,-0.15871118248082527,,,,,,,,,148.71999435424803,3.6009684528224923,147.49999618530273,3.5714285450384136,,,,,,,,,,,,,,,,,,,"Jeff Belge","sa3011231",666122
"Patrick Weigel","WSN",2,3,,5,31,1,0,0,,36,165,34,22,20,4,21,1,5,33,8.25,5.25,1.5714285714285714,1,0.2,0.12727272727272726,0.07272727272727275,0.2446043165467626,1.5277777777777777,0.29411764705882354,0.6680161943319838,,,4.944257556067573,-0.1591794025393017,,,,,,,,,116.80000000000004,3.2444444444444454,116,3.2222222222222223,,,,,,,,,,,,,,,,,,,"Patrick Weigel","17792",622256
"Logan Gragg","SEA",3,5,,4.707347268173303,27,9,0,0,,80.30000305175781,351,85,45,42,12,26,0,6,54,6.052303630508532,2.9140721183929967,2.076923076923077,1.3449563623352294,0.15384615384615385,0.07407407407407407,0.07977207977207978,0.2664576802507837,1.3823162612889857,0.2885375494071146,0.7006369426751592,,,4.959754928070101,-0.1593963621510468,,,,,,,,,237.62002258300777,2.959153344363492,257.50001525878906,3.206724850219694,,,,,,,,,,,,,,,,,,,"Logan Gragg","sa3010306",685401
"Jimmy Robbins","TEX",3,6,,5.571428571428571,19,13,0,0,,63,288,62,42,39,9,36,0,6,50,7.142857142857143,5.142857142857143,1.3888888888888888,1.2857142857142858,0.1736111111111111,0.125,0.048611111111111105,0.25203252032520324,1.5555555555555556,0.28342245989304815,0.6557377049180327,,,5.436321048131065,-0.16028536896521745,,,,,,,,,168.30000000000004,2.671428571428572,172,2.7301587301587302,,,,,,,,,,,,,,,,,,,"Jimmy Robbins","sa3011145",687934
"Chris Kachmar","CHC",3,5,,5.220680757474738,22,15,0,0,,79.30000305175781,355,84,50,46,13,32,0,6,58,6.582597476815974,3.631777918243296,1.8125,1.475409779286339,0.16338028169014085,0.09014084507042254,0.07323943661971831,0.26498422712933756,1.4627994392924386,0.2886178861788618,0.6748466257668712,,,5.27240655727115,-0.16311004001113405,,,,,,,,,210.52002258300783,2.654729060295305,229.50001525878906,2.8940732210186444,,,,,,,,,,,,,,,,,,,"Chris Kachmar","sa1170503",690148
"Hunter McMahon","MIN",1,2,,4.746450377713068,32,1,0,0,,49.29999923706055,215,54,28,26,7,14,0,3,33,6.024340864020433,2.555780972614729,2.357142857142857,1.2778904863073646,0.15348837209302327,0.06511627906976744,0.08837209302325583,0.2727272727272727,1.3793103661730284,0.2974683544303797,0.6872852233676976,,,4.708061952247886,-0.16345433427633593,,,,,,,,,153.31999435424805,3.1099390816824193,170.49999618530273,3.4584178260419094,,,,,,,,,,,,,,,,,,,"Hunter McMahon","sa3010658",684937
"Ryan Carpenter","SDP",3,4,,5.403377188038455,12,12,0,0,,53.29999923706055,244,61,35,32,9,22,0,3,33,5.572232725164657,3.7148218167764377,1.5,1.5196998341358154,0.13524590163934427,0.09016393442622951,0.04508196721311476,0.2785388127853881,1.557223286830527,0.2937853107344633,0.6818181818181818,,,5.53045729805662,-0.16361495682069827,,,,,,,,,116.11999435424806,2.178611557530896,140.49999618530273,2.636022480233176,,,,,,,,,,,,,,,,,,,"Ryan Carpenter","12699",543001
"Bradley Brehmer","BAL",5,7,,4.813614203038959,28,3,0,0,,61.70000076293945,277,67,36,33,9,21,2,5,44,6.418152270718613,3.06320903829752,2.0952380952380953,1.3128038735560799,0.1588447653429603,0.07581227436823104,0.08303249097472926,0.26693227091633465,1.4262560601596919,0.29292929292929293,0.689655172413793,,,4.900677487802147,-0.1636311451690058,,,,,,,,,181.68000564575195,2.944570557523872,201.50000381469727,3.2658022904876476,,,,,,,,,,,,,,,,,,,"Bradley Brehmer","sa3020828",682017
"Cole Percival","NYY",3,5,,5.402843667014891,20,10,0,0,,63.29999923706055,291,65,41,38,9,34,0,5,44,6.255924246017242,4.834123281013324,1.2941176470588236,1.2796208685035269,0.15120274914089346,0.11683848797250859,0.03436426116838487,0.25793650793650796,1.5639810615043106,0.2814070351758794,0.6712962962962963,,,5.472956899296152,-0.1645859906384165,,,,,,,,,159.71999435424806,2.523222690036559,170.49999618530273,2.693522878993643,,,,,,,,,,,,,,,,,,,"Cole Percival","sa3014919",676931
"Kody Clemens","PHI",0,0,,6.506023946876435,9,0,0,0,,8.300000190734863,43,11,6,6,1,5,0,0,1,1.084337324479406,5.421686622397029,0.2,1.084337324479406,0.023255813953488372,0.11627906976744186,-0.09302325581395349,0.2894736842105263,1.9277107990744993,0.2777777777777778,0.684931506849315,,,6.2990098267858565,-0.16655319106322483,,,,,,,,,7.520001411437995,0.9060242456177813,15.500000953674316,1.8674699515039386,,,,,,,,,,,,,,,,,,,"Kody Clemens","20572",665019
"Nick Jones","LAA",3,4,,4.699738997013481,33,0,0,0,,38.29999923706055,170,37,22,20,5,17,1,4,35,8.22454324477359,3.9947781474614583,2.0588235294117645,1.1749347492533702,0.20588235294117646,0.1,0.10588235294117646,0.2483221476510067,1.4099216991040442,0.29357798165137616,0.6808510638297872,,,4.680840121771917,-0.166735638941873,,,,,,,,,132.71999435424806,3.4652740730559364,133.49999618530273,3.4856396565178787,,,,,,,,,,,,,,,,,,,"Nick Jones","sa3017419",694559
"Nash Walters","CHW",2,3,,5.013262498015497,33,0,0,0,,37.70000076293945,170,38,23,21,5,18,0,3,33,7.8779839254529245,4.297082141156141,1.8333333333333333,1.1936339280989279,0.19411764705882353,0.10588235294117647,0.08823529411764706,0.2550335570469799,1.4854111105231103,0.2972972972972973,0.673469387755102,,,4.8110420792260955,-0.16684738812031635,,,,,,,,,121.68000564575199,3.227586291334193,126.50000381469727,3.355437699063699,,,,,,,,,,,,,,,,,,,"Nash Walters","25413",663534
"Mason Hickman","CLE",3,5,,4.685816811939057,33,4,0,0,,55.70000076293945,251,54,31,29,8,30,1,2,52,8.40215428347693,4.847396702005921,1.7333333333333334,1.2926391205349124,0.20717131474103587,0.11952191235059761,0.08764940239043825,0.2465753424657534,1.5080789739573977,0.2893081761006289,0.7280219780219781,,,4.889998605669678,-0.167141783455582,,,,,,,,,181.380005645752,3.2563734858408653,182.50000381469727,3.276481172620117,,,,,,,,,,,,,,,,,,,"Mason Hickman","sa3015033",668971
"Shane Greene","TEX",1,1,,5.85,14,2,0,0,,20,93,20,14,13,3,11,0,3,17,7.65,4.95,1.5454545454545454,1.35,0.1827956989247312,0.11827956989247312,0.06451612903225806,0.25316455696202533,1.55,0.288135593220339,0.6343283582089552,,,5.516479778289796,-0.16731294967128507,,,,,,,,,51.099999999999994,2.5549999999999997,53,2.65,,,,,,,,,,,,,,,,,,,"Shane Greene","10756",572888
"Joel Peguero","SFG",2,3,,4.528301814364358,41,1,0,0,,47.70000076293945,215,50,26,24,5,21,0,3,35,6.603773479281356,3.9622640875688133,1.6666666666666667,0.943396211325908,0.16279069767441862,0.09767441860465116,0.06511627906976745,0.2617801047120419,1.4884695778697659,0.2980132450331126,0.703125,,,4.571091915152813,-0.16762342930997315,,,,,,,,,159.480005645752,3.3433962912985966,171.50000381469727,3.5953878631369816,,,,,,,,,,,,,,,,,,,"Joel Peguero","21951",666711
"Harold Chirino","SDP",3,4,,4.736842022564676,35,0,0,0,,43.70000076293945,196,41,25,23,5,21,1,5,39,8.032036473044451,4.3249427162547045,1.8571428571428572,1.0297482657749295,0.1989795918367347,0.10714285714285714,0.09183673469387756,0.2411764705882353,1.418764277289903,0.2857142857142857,0.6727272727272727,,,4.653893939964693,-0.16829231825458713,,,,,,,,,155.28000564575194,3.553318144960763,153.50000381469727,3.512585838325102,,,,,,,,,,,,,,,,,,,"Harold Chirino","sa917637",666785
"Adonis Medina","SEA",4,5,,4.603174541235565,35,4,0,0,,56.70000076293945,254,58,31,29,7,23,0,6,44,6.984126890150512,3.650793601669586,1.9130434782608696,1.1111110961603088,0.1732283464566929,0.09055118110236221,0.0826771653543307,0.2577777777777778,1.4285714093489685,0.29310344827586204,0.7022471910112359,,,4.753781344233094,-0.16877645655887286,,,,,,,,,183.68000564575192,3.2395062288219543,193.50000381469727,3.412698434056702,,,,,,,,,,,,,,,,,,,"Adonis Medina","19903",658431
"Bailey Horn","DET",3,5,,4.860335126477813,41,2,0,0.580299973487854,,53.70000076293945,242,52,31,29,7,30,2,2,48,8.044692623135692,5.027932889459807,1.6,1.1731843408739548,0.19834710743801653,0.12396694214876033,0.0743801652892562,0.24761904761904763,1.527001840502608,0.2903225806451613,0.706371191135734,,,4.861079381774397,-0.17034862164340364,,,,,,,,,178.40120553970334,3.322182551305013,179.82120370864868,3.348625719810987,,,,,,,,,,,,,,,,,,,"Bailey Horn","27753",690544
"Woo-Suk Go","MIA",3,5,,4.526112118894594,44,0,0,0,,51.70000076293945,233,53,28,26,7,22,1,4,47,8.181818061078689,3.8297871775261947,2.1363636363636362,1.2185686473946984,0.2017167381974249,0.0944206008583691,0.10729613733905578,0.2560386473429952,1.4506769611841646,0.3006535947712418,0.7208588957055214,,,4.61715673947396,-0.17103330833681374,,,,,,,,,174.68000564575192,3.378723463597495,183.50000381469727,3.549323038815835,,,,,,,,,,,,,,,,,,,"Woo-Suk Go","33827",808970
"Jerming Rosario","LAD",5,6,,5.419354838709677,25,19,0,0,,93,424,92,61,56,15,50,0,9,78,7.548387096774194,4.838709677419355,1.56,1.4516129032258065,0.18396226415094338,0.1179245283018868,0.06603773584905659,0.25205479452054796,1.5268817204301075,0.28308823529411764,0.6694214876033058,,,5.489060423451086,-0.17106623676707877,,,,,,,,,243.50000000000003,2.6182795698924735,249,2.6774193548387095,,,,,,,,,,,,,,,,,,,"Jerming Rosario","sa3008678",682645
"Jack Little","LAD",2,2,,4.966887500870517,39,0,0,0,,45.29999923706055,199,45,27,25,7,17,0,3,39,7.748344501358007,3.3774835005919517,2.2941176470588234,1.3907285002437448,0.19597989949748743,0.08542713567839195,0.11055276381909547,0.25139664804469275,1.3686534446843204,0.2857142857142857,0.6704980842911877,,,4.777958834127785,-0.1727320657327699,,,,,,,,,150.11999435424804,3.313907215950521,153.49999618530273,3.38852094416201,,,,,,,,,,,,,,,,,,,"Jack Little","26152",669193
"Trey Supak","TEX",3,5,,5.5479452054794525,22,10,0,0,,73,325,80,49,45,12,25,0,6,46,5.671232876712328,3.0821917808219177,1.84,1.4794520547945205,0.14153846153846153,0.07692307692307693,0.0646153846153846,0.272108843537415,1.4383561643835616,0.288135593220339,0.6349206349206349,,,5.317164709796645,-0.17284349485803416,,,,,,,,,183.60000000000002,2.515068493150685,208,2.8493150684931505,,,,,,,,,,,,,,,,,,,"Trey Supak","sa828707",657022
"Justin Yeager","MIL",3,5,,4.6,43,0,0,0,,45,200,42,25,23,6,23,0,2,43,8.6,4.6,1.8695652173913044,1.2,0.215,0.115,0.09999999999999999,0.24,1.4444444444444444,0.2857142857142857,0.7067137809187279,,,4.655368667178684,-0.1735697179727566,,,,,,,,,161,3.577777777777778,158,3.511111111111111,,,,,,,,,,,,,,,,,,,"Justin Yeager","sa3010825",687866
"Spencer Stockton","CIN",1,3,,5.684210526315789,20,2,0,0,,38,173,41,26,24,6,18,0,2,29,6.868421052631579,4.2631578947368425,1.6111111111111112,1.4210526315789473,0.1676300578034682,0.10404624277456648,0.06358381502890173,0.2679738562091503,1.5526315789473684,0.2966101694915254,0.6521739130434783,,,5.271742936184532,-0.1736732443480008,,,,,,,,,98.79999999999997,2.599999999999999,110,2.8947368421052633,,,,,,,,,,,,,,,,,,,"Spencer Stockton","sa3011500",691526
"Stevie Emanuels","OAK",0,1,,4.703832627570052,23,0,0,0,,28.700000762939453,126,26,16,15,4,15,0,1,28,8.780487571464098,4.703832627570052,1.8666666666666667,1.254355367352014,0.2222222222222222,0.11904761904761904,0.10317460317460317,0.23636363636363636,1.4285713905953492,0.28205128205128205,0.7062146892655368,,,4.699580782831146,-0.17419872677491277,,,,,,,,,103.58000564575197,3.609059334225025,99.50000381469727,3.4668989954586498,,,,,,,,,,,,,,,,,,,"Stevie Emanuels","sa3014698",669434
"Daison Acosta","WSN",3,5,,5.147928916616212,39,2,0,0,,50.70000076293945,230,49,31,29,6,29,3,4,44,7.81065077003839,5.147928916616212,1.5172413793103448,1.0650887413688714,0.19130434782608696,0.12608695652173912,0.06521739130434784,0.24873096446700507,1.538461515310592,0.2925170068027211,0.6752873563218391,,,4.921903814990342,-0.1757163271280413,,,,,,,,,162.98000564575196,3.2145957237319536,164.50000381469727,3.244575963299453,,,,,,,,,,,,,,,,,,,"Daison Acosta","sa944989",670897
"Lake Bachar","MIA",3,5,,4.567164179104478,47,1,1.097000002861023,11.553799629211426,,67,294,67,37,34,10,28,1,3,62,8.328358208955224,3.7611940298507465,2.2142857142857144,1.3432835820895523,0.2108843537414966,0.09523809523809523,0.11564625850340138,0.25475285171102663,1.4179104477611941,0.29842931937172773,0.7160493827160493,,,4.644091718588303,-0.17589174401476407,,,,,,,,,281.3001985311507,4.19851042583807,287.7001985311508,4.294032813897774,,,,,,,,,,,,,,,,,,,"Lake Bachar","19222",669199
"Jacob Bosiokovic","MIN",3,3,,4.726476945163769,38,0,0,0,,45.70000076293945,204,43,26,24,6,24,0,3,46,9.059080811563891,4.726476945163769,1.9166666666666667,1.1816192362909423,0.22549019607843138,0.11764705882352941,0.10784313725490197,0.24293785310734464,1.466083126509132,0.296,0.6996587030716723,,,4.632562904798927,-0.1762822267583135,,,,,,,,,163.58000564575195,3.57943113599262,161.50000381469727,3.5339168734908677,,,,,,,,,,,,,,,,,,,"Jacob Bosiokovic","sa918394",670109
"Carlos Guzman","NYM",3,5,,5.0625,30,6,0,0,,64,289,64,39,36,9,31,0,5,52,7.3125,4.359375,1.6774193548387097,1.265625,0.17993079584775087,0.10726643598615918,0.0726643598615917,0.25296442687747034,1.484375,0.2864583333333333,0.6796116504854368,,,5.057104778289795,-0.1763519674461963,,,,,,,,,192.50000000000003,3.0078125000000004,199,3.109375,,,,,,,,,,,,,,,,,,,"Carlos Guzman","sa871477",664346
"Morgan McSweeney","BAL",1,2,,4.909090909090909,28,0,0,0,,33,149,33,19,18,4,17,0,1,26,7.090909090909091,4.636363636363637,1.5294117647058822,1.0909090909090908,0.174496644295302,0.11409395973154363,0.060402684563758385,0.25190839694656486,1.5151515151515151,0.2871287128712871,0.6981981981981982,,,4.802843414653432,-0.1771315577568803,,,,,,,,,107.20000000000006,3.2484848484848503,111,3.3636363636363638,,,,,,,,,,,,,,,,,,,"Morgan McSweeney","sa3010781",669682
"Daniel Juarez","NYM",2,4,,4.794188950549053,34,1,0,0,,41.29999923706055,186,39,24,22,5,22,0,3,36,7.8450364645348145,4.794188950549053,1.6363636363636365,1.0895883978520575,0.1935483870967742,0.11827956989247312,0.07526881720430106,0.2422360248447205,1.4769976059772336,0.2833333333333333,0.6851851851851852,,,4.812968912821793,-0.17863806693748419,,,,,,,,,139.71999435424803,3.383050773252081,138.49999618530273,3.353510865468002,,,,,,,,,,,,,,,,,,,"Daniel Juarez","sa3011139",684483
"Jose Cuas","PHI",2,3,,4.959183673469388,46,0,0,0.593999981880188,,49,220,47,29,27,7,22,1,7,49,9,4.040816326530612,2.227272727272727,1.2857142857142858,0.22272727272727272,0.1,0.12272727272727271,0.24607329842931938,1.4081632653061225,0.2962962962962963,0.6756756756756757,,,4.799132839514285,-0.17868986585067909,,,,,,,,,167.67599992752076,3.421959182194301,167.37599992752075,3.415836733214709,,,,,,,,,,,,,,,,,,,"Jose Cuas","17701",621016
"Raffi Vizcaíno","MIA",2,4,,4.804928056142317,41,1,0,0,,48.70000076293945,224,48,28,26,6,29,0,2,47,8.68583148610342,5.359342831851046,1.6206896551724137,1.1088295514174578,0.20982142857142858,0.12946428571428573,0.08035714285714285,0.24870466321243523,1.5811088047989674,0.3,0.7142857142857143,,,4.7475885830887625,-0.17916835421252225,,,,,,,,,162.78000564575194,3.342505197035377,166.50000381469727,3.4188911952010326,,,,,,,,,,,,,,,,,,,"Raffi Vizcaino","sa736742",642563
"Adam Wolf","DET",3,4,,4.935483870967742,26,7,0,0,,62,281,63,37,34,8,28,0,9,43,6.241935483870968,4.064516129032258,1.5357142857142858,1.1612903225806452,0.15302491103202848,0.099644128113879,0.053380782918149475,0.2581967213114754,1.467741935483871,0.2849740932642487,0.6766917293233083,,,5.247124939580118,-0.17928162047673393,,,,,,,,,171.59999999999997,2.7677419354838704,181,2.9193548387096775,,,,,,,,,,,,,,,,,,,"Adam Wolf","sa3007587",663684
"Drew Parrish","CIN",4,8,,5.803480222219203,25,18,0,0,,97.69999694824219,437,109,68,63,19,39,0,4,70,6.4483113580213365,3.5926306137547446,1.794871794871795,1.7502559400343627,0.16018306636155608,0.08924485125858124,0.07093821510297484,0.2766497461928934,1.514841398392314,0.29508196721311475,0.6589785831960461,,,5.5820376838342955,-0.1806016754488607,,,,,,,,,216.87997741699218,2.2198565423895262,252.49998474121094,2.5844420944554996,,,,,,,,,,,,,,,,,,,"Drew Parrish","sa3011395",669283
"Nick Raquet","STL",4,6,,4.8,32,5,0,0,,75,338,80,43,40,10,31,1,4,53,6.36,3.72,1.7096774193548387,1.2,0.15680473372781065,0.09171597633136094,0.0650887573964497,0.264026402640264,1.48,0.2916666666666667,0.7010309278350515,,,4.886479778289795,-0.18074444004747003,,,,,,,,,225,3,246,3.28,,,,,,,,,,,,,,,,,,,"Nick Raquet","20333",675919
"Keagan Gillies","BAL",2,2,,4.5762712709786415,36,0,0,0,,41.29999923706055,181,40,23,21,6,18,0,2,37,8.062954144105225,3.9225182322674073,2.0555555555555554,1.307506077422469,0.20441988950276244,0.09944751381215469,0.10497237569060774,0.2484472049689441,1.404358379453763,0.288135593220339,0.7056451612903225,,,4.7161166107904995,-0.18111277955882765,,,,,,,,,141.81999435424802,3.43389823181851,142.49999618530273,3.450363167499296,,,,,,,,,,,,,,,,,,,"Keagan Gillies","sa3017686",687482
"John Doxakis","CLE",3,5,,4.886877603113621,24,7,0,0,,66.30000305175781,302,67,39,36,8,33,1,8,49,6.651583404237985,4.479637802854153,1.4848484848484849,1.0859728006919158,0.16225165562913907,0.10927152317880795,0.05298013245033112,0.2567049808429119,1.50829555651655,0.28921568627450983,0.6869369369369369,,,5.112181046196144,-0.1811707851121698,,,,,,,,,193.02002258300777,2.911312423806747,202.50001525878906,3.0542987320936508,,,,,,,,,,,,,,,,,,,"John Doxakis","sa1115967",669648
"Kade Strowd","BAL",3,4,,4.566596268161447,39,0,0,0,,47.29999923706055,212,46,26,24,6,24,0,3,44,8.372093158295987,4.566596268161447,1.8333333333333333,1.1416490670403618,0.20754716981132076,0.11320754716981132,0.09433962264150944,0.24864864864864866,1.4799154572745432,0.2962962962962963,0.7142857142857143,,,4.667536884953974,-0.18119709709521742,,,,,,,,,163.61999435424804,3.459196553771788,165.49999618530273,3.4989428933358204,,,,,,,,,,,,,,,,,,,"Kade Strowd","26191",669704
"José Marte","LAA",2,3,,4.643734556685791,36,0,0,0,,40.70000076293945,180,37,23,21,5,22,1,3,39,8.624078462416469,4.864864773670829,1.7727272727272727,1.1056510849251884,0.21666666666666667,0.12222222222222222,0.09444444444444446,0.23870967741935484,1.4496314224574691,0.2882882882882883,0.6923076923076923,,,4.68982127307561,-0.18141638191778303,,,,,,,,,146.480005645752,3.599017270268298,141.50000381469727,3.4766585052141847,,,,,,,,,,,,,,,,,,,"Jose Marte","21761",665896
"Zach Jackson","OAK",5,6,,4.621621621621622,39,0,0,0,,37,169,32,21,19,4,26,1,1,40,9.72972972972973,6.324324324324325,1.5384615384615385,0.972972972972973,0.23668639053254437,0.15384615384615385,0.08284023668639051,0.22535211267605634,1.5675675675675675,0.2857142857142857,0.7061068702290076,,,4.598912210722228,-0.18160395903498194,,,,,,,,,140.40000000000003,3.7945945945945954,132,3.5675675675675675,,,,,,,,,,,,,,,,,,,"Zach Jackson","19493",667427
"Spencer Bivens","SFG",4,5,,4.443037974683544,42,2,0,6.762199878692627,,79,347,82,42,39,10,27,2,6,60,6.8354430379746836,3.0759493670886076,2.2222222222222223,1.139240506329114,0.1729106628242075,0.07780979827089338,0.09510086455331412,0.2611464968152866,1.379746835443038,0.29508196721311475,0.7052631578947368,,,4.546226613732833,-0.18187160857491597,,,,,,,,,296.4487995147705,3.7525164495540566,313.0487995147705,3.962643031832538,,,,,,,,,,,,,,,,,,,"Spencer Bivens","30226",702352
"Génesis Cabrera","NYM",3,3,,4.5,63,0,0,0.6718999743461609,,60,261,55,32,30,8,28,3,3,56,8.4,4.2,2,1.2,0.21455938697318008,0.10727969348659004,0.10727969348659004,0.2391304347826087,1.3833333333333333,0.28313253012048195,0.7103064066852368,,,4.583146444956462,-0.18206384617759216,,,,,,,,,224.28759989738467,3.738126664956411,217.68759989738464,3.628126664956411,,,,,,,,,,,,,,,,,,,"Genesis Cabrera","17490",650893
"Alex Mauricio","NYY",2,3,,5.10638307082414,33,0,0,0,,42.29999923706055,189,42,26,24,6,20,0,1,35,7.4468086449518704,4.255319225686783,1.75,1.276595767706035,0.18518518518518517,0.10582010582010581,0.07936507936507936,0.25,1.4657210666254474,0.28346456692913385,0.6716417910447761,,,4.844966806199581,-0.1832322749802736,,,,,,,,,137.01999435424807,3.239243423772924,140.49999618530273,3.3215129720902135,,,,,,,,,,,,,,,,,,,"Alex Mauricio","sa3004337",676089
"Daniel Camarena","SDP",3,5,,5.045208026205936,25,10,0,0,,55.29999923706055,250,63,34,31,9,20,1,3,34,5.533453964225865,3.254972920132862,1.7,1.4647378140597878,0.136,0.08,0.05600000000000001,0.2775330396475771,1.500904179839042,0.29347826086956524,0.6960227272727272,,,5.300295359265782,-0.18351739243769577,,,,,,,,,133.71999435424806,2.418083113907759,158.49999618530273,2.866184419024013,,,,,,,,,,,,,,,,,,,"Daniel Camarena","14467",547176
"Stephen Nogosek","WSN",2,2,,4.927953782140335,25,0,0,0,,34.70000076293945,157,34,21,19,4,20,0,2,29,7.521613667477354,5.187319770674037,1.45,1.0374639541348074,0.18471337579617833,0.12738853503184713,0.0573248407643312,0.2518518518518518,1.5561959312022111,0.29411764705882354,0.6818181818181819,,,4.895586368514474,-0.18378555915702982,,,,,,,,,111.18000564575195,3.204034674388112,113.50000381469727,3.270893409775321,,,,,,,,,,,,,,,,,,,"Stephen Nogosek","19545",668665
"Luis González","BAL",3,4,,4.569536500800876,34,0,0,0,,45.29999923706055,196,46,25,23,8,15,0,2,43,8.54304650149729,2.9801325005223105,2.8666666666666667,1.5894040002785654,0.2193877551020408,0.07653061224489796,0.14285714285714285,0.2569832402234637,1.3465783891248957,0.296875,0.7228915662650602,,,4.689658611890087,-0.1846941537350113,,,,,,,,,152.219994354248,3.3602648326253117,157.49999618530273,3.476821166399708,,,,,,,,,,,,,,,,,,,"Luis Gonzalez","sa550522",593574
"Skylar Hales","TEX",2,2,,4.7928993361599215,41,0,0,0,,50.70000076293945,222,50,29,27,8,19,1,2,45,7.988165560266535,3.3727810143347594,2.3684210526315788,1.4201183218251618,0.20270270270270271,0.08558558558558559,0.11711711711711713,0.24875621890547264,1.3609467250824467,0.28378378378378377,0.6920415224913495,,,4.685217428019482,-0.18501825646208342,,,,,,,,,173.780005645752,3.4276134720057287,176.50000381469727,3.4812623502703133,,,,,,,,,,,,,,,,,,,"Skylar Hales","sa3022739",813766
"Ryan Och","SDP",2,3,,4.625267590389741,32,0,0,0,,46.70000076293945,209,41,26,24,6,26,1,4,49,9.443254663712386,5.010706556255552,1.8846153846153846,1.1563168975974352,0.23444976076555024,0.12440191387559808,0.11004784688995216,0.22905027932960895,1.4346894840560769,0.28225806451612906,0.6996587030716723,,,4.665409089990174,-0.1855748467854803,,,,,,,,,173.18000564575192,3.7083512380407804,163.50000381469727,3.501070688299621,,,,,,,,,,,,,,,,,,,"Ryan Och","sa3017146",701000
"Brady Feigl","MIN",3,5,,5.100548374928526,25,6,0,0,,54.70000076293945,248,59,34,31,10,23,1,3,50,8.226690927304075,3.7842778265598747,2.1739130434782608,1.6453381854608151,0.20161290322580644,0.09274193548387097,0.10887096774193547,0.26576576576576577,1.4990859023087426,0.30246913580246915,0.7058823529411765,,,5.140885600842774,-0.18591586904194346,,,,,,,,,150.380005645752,2.7491773957640966,165.50000381469727,3.025594177447022,,,,,,,,,,,,,,,,,,,"Brady Feigl","15968",621399
"Grant Anderson","MIL",2,3,,4.5569620881860065,43,0,0,0.6028000116348267,,55.29999923706055,243,51,30,28,9,23,1,4,59,9.602170114391942,3.743218858152791,2.5652173913043477,1.4647378140597878,0.24279835390946503,0.09465020576131687,0.14814814814814814,0.2361111111111111,1.3381555338323987,0.28378378378378377,0.7166123778501629,,,4.613134409459956,-0.1861987949381394,,,,,,,,,205.33119440078733,3.7130415412949946,198.91119623184204,3.5969475402548867,,,,,,,,,,,,,,,,,,,"Grant Anderson","20546",681982
"Jake Garland","OAK",5,8,,5.06653035273105,24,16,0,0,,97.69999694824219,436,110,59,55,14,33,0,6,52,4.790174151672993,3.03991821163863,1.5757575757575757,1.2896622716042674,0.11926605504587157,0.07568807339449542,0.04357798165137615,0.2770780856423174,1.4636643241223033,0.29003021148036257,0.6807131280388978,,,5.162385674820209,-0.18629461397557093,,,,,,,,,251.7799774169922,2.577072520794201,293.49998474121094,3.0040941034695865,,,,,,,,,,,,,,,,,,,"Jake Garland","sa3020077",687195
"Troy Taylor","SEA",3,3,,4.316163468791677,59,0,0,6.968100070953369,,56.29999923706055,243,50,29,27,8,23,0,5,58,9.271758562589527,3.6767318437855026,2.5217391304347827,1.2788632500123487,0.23868312757201646,0.09465020576131687,0.1440329218106996,0.23255813953488372,1.2966252395958535,0.28187919463087246,0.7119741100323624,,,4.445343028302144,-0.18670145090532303,,,,,,,,,248.0923946380616,4.4066145293080226,237.3723964691162,4.216206033496023,,,,,,,,,,,,,,,,,,,"Troy Taylor","31883",700187
"Brooks Kriske","CHC",2,2,,4.637002259069041,40,0,0,0,,42.70000076293945,186,37,24,22,7,22,0,2,50,10.538641497884184,4.637002259069041,2.272727272727273,1.4754098097037855,0.26881720430107525,0.11827956989247312,0.15053763440860213,0.22839506172839505,1.3817329963892595,0.2857142857142857,0.7113821138211381,,,4.641889587993581,-0.18734918929154498,,,,,,,,,161.68000564575198,3.786416926392157,150.50000381469727,3.5245901902962142,,,,,,,,,,,,,,,,,,,"Brooks Kriske","21189",621139
"Drew Smith","NYM",3,3,,4.285714285714286,43,0,0,0.6718999743461609,,42,177,37,22,20,7,18,1,2,43,9.214285714285714,3.857142857142857,2.388888888888889,1.5,0.24293785310734464,0.1016949152542373,0.14124293785310735,0.2356687898089172,1.3095238095238095,0.2803738317757009,0.7300884955752212,,,4.7140988259088425,-0.19021102782862212,,,,,,,,,157.18759989738464,3.742561902318682,147.68759989738464,3.516371426128206,,,,,,,,,,,,,,,,,,,"Drew Smith","17755",622098
"Jake Walsh","ATL",2,1,,4.876847473928047,19,0,0,0,,20.299999237060547,92,20,12,11,3,11,0,1,18,7.980295866427713,4.876847473928047,1.6363636363636365,1.3300493110712854,0.1956521739130435,0.11956521739130435,0.07608695652173914,0.25,1.5270936534522166,0.288135593220339,0.708955223880597,,,5.087662116503874,-0.19080914149991207,,,,,,,,,61.31999435424805,3.020689490583805,62.499996185302734,3.078817661785921,,,,,,,,,,,,,,,,,,,"Jake Walsh","20227",673904
"Dan Straily","CHC",2,4,,5.435168812552481,13,12,0,0,,56.29999923706055,256,62,37,34,10,25,0,3,42,6.71403206256483,3.9964476562885896,1.68,1.598579062515436,0.1640625,0.09765625,0.06640625,0.2719298245614035,1.5452930937649212,0.29545454545454547,0.684931506849315,,,5.475538424145425,-0.19098242963194245,,,,,,,,,132.41999435424808,2.3520425603679245,151.49999618530273,2.6909413541443703,,,,,,,,,,,,,,,,,,,"Dan Straily","9460",573185
"Jose Geraldo","SEA",1,1,,4.848484723936018,24,0,0,0,,29.700000762939453,132,30,17,16,4,13,1,1,24,7.272727085904026,3.939393838198014,1.8461538461538463,1.2121211809840045,0.18181818181818182,0.09848484848484848,0.08333333333333334,0.2542372881355932,1.447811410619783,0.28888888888888886,0.6951871657754011,,,4.715301287324912,-0.19239093510130484,,,,,,,,,98.58000564575201,3.319192024020521,102.50000381469727,3.4511784909648835,,,,,,,,,,,,,,,,,,,"Jose Geraldo","sa3016295",702751
"Aaron Hernandez","LAA",2,4,,5.4545455691869975,19,5,0,0,,36.29999923706055,168,37,24,22,5,21,0,3,29,7.190082795746497,5.206611679678498,1.380952380952381,1.2396694475424994,0.17261904761904762,0.125,0.047619047619047616,0.2569444444444444,1.5977961768325548,0.2909090909090909,0.6666666666666666,,,5.342788363975517,-0.19346621160132177,,,,,,,,,96.91999435424803,2.6699723523767296,102.49999618530273,2.8236914143142786,,,,,,,,,,,,,,,,,,,"Aaron Hernandez","sa3008599",669443
"Rafael Marcano","MIN",2,4,,5.275862068965517,25,8,0,0,,58,268,61,37,34,8,32,0,3,45,6.982758620689655,4.9655172413793105,1.40625,1.2413793103448276,0.16791044776119404,0.11940298507462686,0.04850746268656718,0.26180257510729615,1.603448275862069,0.29444444444444445,0.684596577017115,,,5.21820391622083,-0.1938938768107433,,,,,,,,,157.20000000000007,2.710344827586208,171,2.9482758620689653,,,,,,,,,,,,,,,,,,,"Rafael Marcano","sa3008330",680632
"Thomas Ponticelli","COL",3,4,,5.4766735127458475,24,7,0,0,,49.29999923706055,229,56,32,30,7,25,1,3,29,5.294117728987652,4.563894593954873,1.16,1.2778904863073646,0.12663755458515283,0.1091703056768559,0.01746724890829693,0.27860696517412936,1.6430020538237544,0.296969696969697,0.6882022471910112,,,5.53970496714633,-0.19494182680120598,,,,,,,,,107.11999435424806,2.1728193917236855,129.49999618530273,2.626774811143466,,,,,,,,,,,,,,,,,,,"Thomas Ponticelli","sa3007730",681856
"Peyton Pallette","CHW",3,6,,5.553996957230665,28,13,0,0,,71.30000305175781,323,74,48,44,12,33,0,7,58,7.321177807258604,4.165497717922999,1.7575757575757576,1.5147264428810905,0.17956656346749225,0.1021671826625387,0.07739938080495355,0.26148409893992935,1.5007011980395988,0.29107981220657275,0.6541019955654102,,,5.410518952928447,-0.19507445551737276,,,,,,,,,183.62002258300785,2.575315774526898,196.50001525878906,2.7559608253613477,,,,,,,,,,,,,,,,,,,"Peyton Pallette","31865",688883
"Hobie Harris","BOS",3,5,,4.844720573420879,39,0,0,0,,48.29999923706055,217,51,28,26,6,23,0,1,38,7.080745453461285,4.2857143534107776,1.6521739130434783,1.118012440020203,0.17511520737327188,0.10599078341013825,0.06912442396313363,0.26424870466321243,1.5320911215091668,0.30201342281879195,0.701219512195122,,,4.698570899798962,-0.19568438334801874,,,,,,,,,155.01999435424804,3.2095237433316837,167.49999618530273,3.467908878490833,,,,,,,,,,,,,,,,,,,"Hobie Harris","18615",665048
"Christopher Troye","BOS",2,2,,4.680851148255462,30,0,0,0,,42.29999923706055,191,38,24,22,5,28,0,2,44,9.361702296510924,5.957446915961496,1.5714285714285714,1.0638298064216958,0.23036649214659685,0.14659685863874344,0.08376963350785341,0.2360248447204969,1.5602837160851537,0.29464285714285715,0.711864406779661,,,4.750404156739876,-0.19585099842264908,,,,,,,,,150.71999435424806,3.5631204981724176,144.49999618530273,3.4160756215499197,,,,,,,,,,,,,,,,,,,"Christopher Troye","sa3017530",671220
"Kyle Whitten","TBR",2,4,,4.714285714285714,31,1,0,0,,42,184,44,24,22,6,15,0,1,30,6.428571428571429,3.2142857142857144,2,1.2857142857142858,0.16304347826086957,0.08152173913043478,0.08152173913043478,0.2619047619047619,1.4047619047619047,0.2878787878787879,0.691699604743083,,,4.737908349718366,-0.19643391526885864,,,,,,,,,134.6,3.2047619047619045,144,3.4285714285714284,,,,,,,,,,,,,,,,,,,"Kyle Whitten","sa3016936",671093
"Magnus Ellerts","CLE",5,5,,4.346076392036355,43,0,0,0,,49.70000076293945,219,44,26,24,7,27,1,2,53,9.597585365746951,4.889335941040899,1.962962962962963,1.267605614343937,0.2420091324200913,0.1232876712328767,0.1187214611872146,0.23157894736842105,1.4285714066415798,0.2846153846153846,0.7352941176470588,,,4.6151719089685805,-0.19736768052106884,,,,,,,,,186.28000564575197,3.7480885872472296,176.50000381469727,3.551307869321215,,,,,,,,,,,,,,,,,,,"Magnus Ellerts","sa3020813",701884
"Ray Gaither","HOU",1,1,,4.646271578294912,42,3,0,0,,52.29999923706055,234,52,29,27,7,26,1,2,43,7.3996176987659705,4.4741874457654704,1.6538461538461537,1.2045889277060884,0.18376068376068377,0.1111111111111111,0.07264957264957267,0.2524271844660194,1.491395815255157,0.28846153846153844,0.7184750733137829,,,4.868200644414269,-0.19742420452880943,,,,,,,,,167.71999435424803,3.2068833040326163,172.49999618530273,3.298279133875526,,,,,,,,,,,,,,,,,,,"Ray Gaither","sa3017270",668877
"Alex Speas","MIN",2,3,,4.651162699003733,38,0,0,0.6255999803543091,,38.70000076293945,176,33,22,20,4,27,1,4,42,9.767441667907839,6.27906964365504,1.5555555555555556,0.9302325398007466,0.23863636363636365,0.1534090909090909,0.08522727272727273,0.22758620689655173,1.5503875663345776,0.29292929292929293,0.698529411764706,,,4.742707137396616,-0.1983890933857358,,,,,,,,,144.8824055671692,3.743731336199712,135.0024037361145,3.488434136295878,,,,,,,,,,,,,,,,,,,"Alex Speas","21859",666208
"Jaden Hill","COL",3,5,,5.188866877908375,40,4,0,0.5722000002861023,,50.29999923706055,228,51,31,29,8,22,0,8,45,8.051689982961271,3.9363817694477325,2.0454545454545454,1.4314115525264484,0.19736842105263158,0.09649122807017543,0.10087719298245615,0.25757575757575757,1.4512922685337601,0.296551724137931,0.6796116504854369,,,5.2340742430502205,-0.19838916537791984,,,,,,,,,143.50879435539244,2.853057585131265,149.78879618644714,2.9779085180598615,,,,,,,,,,,,,,,,,,,"Jaden Hill","30250",677955
"CD Pelham","OAK",1,1,,4.9367087018392475,22,0,0,0,,23.700000762939453,110,24,14,13,3,14,0,0,20,7.594936464368073,5.316455525057651,1.4285714285714286,1.139240469655211,0.18181818181818182,0.12727272727272726,0.054545454545454564,0.25,1.6033754758110377,0.2876712328767123,0.7100591715976332,,,4.896437528506967,-0.1986158389359844,,,,,,,,,74.08000564575195,3.1257385342195234,77.50000381469727,3.270042249782828,,,,,,,,,,,,,,,,,,,"CD Pelham","19820",641962
"Jake Diekman","NYM",2,2,,4.7745357123957115,46,0,0,0,,37.70000076293945,168,31,22,20,5,25,1,3,44,10.503978567270567,5.96816964049464,1.76,1.1936339280989279,0.2619047619047619,0.1488095238095238,0.11309523809523811,0.22142857142857142,1.4854111105231103,0.2857142857142857,0.6938775510204082,,,4.784516880823897,-0.2013300828253764,,,,,,,,,140.88000564575196,3.7368701006564016,127.50000381469727,3.3819628974658977,,,,,,,,,,,,,,,,,,,"Jake Diekman","5003",518617
"Anthony Vizcaya","ATL",1,2,,4.719100988749501,21,0,0,0,,26.700000762939453,120,28,15,14,4,11,0,2,22,7.415730125177787,3.7078650625888936,2,1.348314568214143,0.18333333333333332,0.09166666666666666,0.09166666666666666,0.2616822429906542,1.4606741155653218,0.2962962962962963,0.718562874251497,,,4.92677935345826,-0.20136195861694245,,,,,,,,,80.58000564575197,3.0179776533040354,86.50000381469727,3.2397004248315353,,,,,,,,,,,,,,,,,,,"Anthony Vizcaya","sa657689",622415
"Jeffrey Colon","NYM",1,2,,5.09433962264151,22,4,0,0,,53,241,57,32,30,7,22,0,5,34,5.773584905660377,3.7358490566037736,1.5454545454545454,1.1886792452830188,0.14107883817427386,0.0912863070539419,0.049792531120331954,0.26635514018691586,1.490566037735849,0.28901734104046245,0.6791907514450867,,,5.128743929233192,-0.2019862619208208,,,,,,,,,144.9,2.7339622641509433,161,3.0377358490566038,,,,,,,,,,,,,,,,,,,"Jeffrey Colon","sa3006421",681738
"Jamison Hill","ARI",4,6,,4.9,24,15,0,0,,90,408,95,53,49,12,44,0,6,60,6,4.4,1.3636363636363635,1.2,0.14705882352941177,0.10784313725490197,0.0392156862745098,0.26536312849162014,1.5444444444444445,0.2902097902097902,0.7037643207855974,,,5.233146444956462,-0.2025450052133916,,,,,,,,,241.39999999999998,2.682222222222222,264,2.933333333333333,,,,,,,,,,,,,,,,,,,"Jamison Hill","sa3017935",695318
"Kolton Ingram","ATL",4,4,,4.563894593954873,45,0,0,0,,49.29999923706055,221,46,27,25,6,27,1,3,48,8.762677620393356,4.929006161471263,1.7777777777777777,1.0953347025491695,0.2171945701357466,0.12217194570135746,0.09502262443438915,0.24083769633507854,1.4807302460386922,0.291970802919708,0.7120743034055729,,,4.6269260483553545,-0.2028588524831571,,,,,,,,,177.41999435424805,3.598782902634919,174.49999618530273,3.5395537299344406,,,,,,,,,,,,,,,,,,,"Kolton Ingram","26068",688427
"Cole McDonald","HOU",2,2,,4.53089236940969,35,1,0,0,,43.70000076293945,197,41,24,22,6,24,0,2,42,8.649885432509409,4.942791675719662,1.75,1.2356979189299155,0.2131979695431472,0.1218274111675127,0.09137055837563451,0.23976608187134502,1.4874141616748981,0.2845528455284553,0.724381625441696,,,4.8140770035296825,-0.20337598729417294,,,,,,,,,148.98000564575193,3.4091533877522724,146.50000381469727,3.3524027747601126,,,,,,,,,,,,,,,,,,,"Cole McDonald","sa3010652",680423
"Michael Petersen","LAA",2,3,,4.875846585101033,45,0,0,0.6287000179290771,,44.29999923706055,193,43,26,24,7,18,1,3,43,8.735891798306016,3.6568849388257743,2.388888888888889,1.4221219206544677,0.22279792746113988,0.09326424870466321,0.12953367875647667,0.25,1.3769751930146434,0.29508196721311475,0.68359375,,,4.701468518043824,-0.2036642081524952,,,,,,,,,155.43479442596436,3.5086861648505523,156.01479625701904,3.521778757199165,,,,,,,,,,,,,,,,,,,"Michael Petersen","20827",656848
"Carlos Vargas","SEA",3,3,,4.260354965475486,49,0,0,4.479499816894531,,50.70000076293945,224,50,26,24,6,21,1,3,41,7.2781063993539545,3.7278105947910496,1.9523809523809523,1.0650887413688714,0.18303571428571427,0.09375,0.08928571428571427,0.25,1.4003944562442567,0.2875816993464052,0.7188498402555911,,,4.507702637791336,-0.20529712322092436,,,,,,,,,199.2980049133301,3.930927059453072,203.4180030822754,4.0121893495309235,,,,,,,,,,,,,,,,,,,"Carlos Vargas","22915",672841
"Edwin Escobar","CHC",3,3,,4.625267590389741,40,0,0,0,,46.70000076293945,210,46,26,24,5,23,1,3,37,7.130620868517516,4.432548107456834,1.608695652173913,0.9635974146645292,0.1761904761904762,0.10952380952380952,0.06666666666666668,0.25,1.4775160358189448,0.2887323943661972,0.6935483870967742,,,4.64399581410874,-0.2058243713730551,,,,,,,,,160.48000564575193,3.4364026343465692,164.50000381469727,3.5224839641810552,,,,,,,,,,,,,,,,,,,"Edwin Escobar","10337",546276
"Ryan Miller","DET",3,4,,4.6982056049665,40,1,0,0,,61.29999923706055,266,61,35,32,9,23,1,4,49,7.194127332604952,3.3768352785696716,2.130434782608696,1.321370326396828,0.18421052631578946,0.08646616541353383,0.09774436090225563,0.25523012552301255,1.370309968115229,0.287292817679558,0.6862745098039215,,,4.797801168903163,-0.20594069296976925,,,,,,,,,201.3199943542481,3.284176131482474,206.49999618530273,3.3686786093866323,,,,,,,,,,,,,,,,,,,"Ryan Miller","22187",668943
"Wilfredo Pereira","STL",4,6,,5.027382088254627,26,13,0,0,,91.30000305175781,406,99,55,51,14,35,0,5,58,5.717414923897419,3.4501641782139596,1.6571428571428573,1.3800656712855839,0.14285714285714285,0.08620689655172414,0.056650246305418706,0.27049180327868855,1.4676888885100654,0.2891156462585034,0.6905594405594405,,,5.2037195787589905,-0.20678287951188942,,,,,,,,,242.0200225830078,2.650821626433102,270.50001525878906,2.9627601995308046,,,,,,,,,,,,,,,,,,,"Wilfredo Pereira","sa917136",668579
"Davis Sharpe","CLE",3,4,,4.2631578947368425,38,0,0,0,,57,248,59,29,27,8,17,1,4,43,6.7894736842105265,2.6842105263157894,2.5294117647058822,1.263157894736842,0.17338709677419356,0.06854838709677419,0.10483870967741937,0.2599118942731278,1.3333333333333333,0.2897727272727273,0.7253086419753086,,,4.587532409868743,-0.2075043863287913,,,,,,,,,192.99999999999997,3.385964912280701,204,3.5789473684210527,,,,,,,,,,,,,,,,,,,"Davis Sharpe","sa3018112",681571
"Braxton Roxby","SFG",2,3,,4.625267590389741,36,0,0,0,,46.70000076293945,209,44,26,24,5,20,1,8,42,8.094218283182046,3.854389658658117,2.1,0.9635974146645292,0.20095693779904306,0.09569377990430622,0.10526315789473684,0.2430939226519337,1.370449656411775,0.291044776119403,0.6666666666666666,,,4.558342710583004,-0.20873086289082804,,,,,,,,,169.68000564575195,3.633404772455762,168.50000381469727,3.608137067706791,,,,,,,,,,,,,,,,,,,"Braxton Roxby","27793",694820
"Fineas Del Bonta-Smith","PIT",2,3,,4.928571428571429,31,0,0,0,,42,186,44,25,23,6,16,0,2,32,6.857142857142857,3.4285714285714284,2,1.2857142857142858,0.17204301075268819,0.08602150537634409,0.08602150537634409,0.2619047619047619,1.4285714285714286,0.2923076923076923,0.6782945736434108,,,4.785527397337415,-0.20893939459530184,,,,,,,,,132.6,3.157142857142857,142,3.380952380952381,,,,,,,,,,,,,,,,,,,"Fineas Del Bonta-Smith","sa3010821",687486
"Jarret Whorff","MIN",3,5,,5.016393442622951,29,5,0,0,,61,276,64,37,34,9,27,0,5,49,7.229508196721311,3.9836065573770494,1.8148148148148149,1.3278688524590163,0.17753623188405798,0.09782608695652174,0.07971014492753624,0.26229508196721313,1.4918032786885247,0.2956989247311828,0.6887755102040816,,,5.05172567992914,-0.20958835942738938,,,,,,,,,176.3000000000001,2.890163934426231,190,3.1147540983606556,,,,,,,,,,,,,,,,,,,"Jarret Whorff","sa3020905",806337
"Will Mabrey","ARI",3,3,,4.381338810196678,43,1,0,0,,49.29999923706055,221,50,26,24,6,23,1,2,39,7.119675566569602,4.198783026438483,1.6956521739130435,1.0953347025491695,0.17647058823529413,0.10407239819004525,0.07239819004524888,0.25510204081632654,1.4807302460386922,0.2913907284768212,0.7275541795665635,,,4.687777976274753,-0.2097979565348279,,,,,,,,,164.01999435424807,3.3269776245949405,171.49999618530273,3.4787018020150424,,,,,,,,,,,,,,,,,,,"Will Mabrey","sa3020709",801412
"Ronan Kopp","LAD",1,2,,5.162523975883236,34,6,0,0,,52.29999923706055,241,47,32,30,8,37,0,3,57,9.808795554178147,6.367112903589324,1.5405405405405406,1.3766730602355295,0.23651452282157676,0.15352697095435686,0.0829875518672199,0.23383084577114427,1.6061185702747844,0.2867647058823529,0.7142857142857143,,,5.2697302869829645,-0.21114764532004487,,,,,,,,,160.4199943542481,3.067303952092071,151.49999618530273,2.89674949130683,,,,,,,,,,,,,,,,,,,"Ronan Kopp","sa3017751",691947
"Keylan Killgore","KCR",3,5,,4.947145957174901,37,0,0,0,,47.29999923706055,214,47,28,26,6,24,0,3,41,7.801268624775806,4.566596268161447,1.7083333333333333,1.1416490670403618,0.19158878504672897,0.11214953271028037,0.0794392523364486,0.25133689839572193,1.5010571066641794,0.29285714285714287,0.6869009584664536,,,4.794386781291792,-0.21179770177473106,,,,,,,,,155.01999435424807,3.277378369020916,159.49999618530273,3.3720929969980027,,,,,,,,,,,,,,,,,,,"Keylan Killgore","sa3008069",681154
"Matt Koch","COL",3,5,,5.294117728987652,44,1,0,0,,49.29999923706055,220,57,31,29,8,15,1,3,33,6.024340864020433,2.7383367563729237,2.2,1.4604462700655594,0.15,0.06818181818181818,0.08181818181818182,0.28217821782178215,1.4604462700655594,0.30434782608695654,0.674342105263158,,,5.03260556781801,-0.2121431662144161,,,,,,,,,130.21999435424803,2.641379236703052,154.49999618530273,3.1338742104717854,,,,,,,,,,,,,,,,,,,"Matt Koch","13420",571863
"Yorlin Calderon","SEA",2,4,,4.667747105977173,35,2,0,0,,61.70000076293945,271,60,35,32,8,22,0,8,51,7.439221950151119,3.2090761353593065,2.3181818181818183,1.1669367764942933,0.1881918819188192,0.08118081180811808,0.10701107011070111,0.24896265560165975,1.3290113287851673,0.2857142857142857,0.6638418079096046,,,4.6575656593658366,-0.21243107837193242,,,,,,,,,214.18000564575198,3.471312852469213,216.50000381469727,3.5089141189239585,,,,,,,,,,,,,,,,,,,"Yorlin Calderon","sa3010371",683583
"Paul Fry","SDP",3,4,,4.679376021315761,44,0,0,0,,57.70000076293945,259,56,32,30,6,28,1,5,46,7.175043232684167,4.36741761989471,1.6428571428571428,0.9358752042631522,0.1776061776061776,0.10810810810810811,0.0694980694980695,0.24778761061946902,1.4558058732982369,0.28735632183908044,0.6878306878306879,,,4.6396166738892015,-0.21269207915779254,,,,,,,,,200.58000564575204,3.47625655101523,203.50000381469727,3.5268631044005936,,,,,,,,,,,,,,,,,,,"Paul Fry","15832",643316
"Ben Heller","CHC",2,2,,4.621621621621622,32,0,0,0,,37,167,32,21,19,5,19,1,7,42,10.216216216216216,4.621621621621622,2.210526315789474,1.2162162162162162,0.25149700598802394,0.11377245508982035,0.13772455089820357,0.22695035460992907,1.3783783783783783,0.2872340425531915,0.6818181818181818,,,4.76107437288439,-0.21293270214454119,,,,,,,,,135.10000000000002,3.651351351351352,126,3.4054054054054053,,,,,,,,,,,,,,,,,,,"Ben Heller","15100",621294
"Matt Carasiti","ATL",2,2,,4.904632050628412,32,0,0,0,,36.70000076293945,169,39,22,20,5,18,1,2,33,8.092642883536879,4.4141688455655705,1.8333333333333333,1.226158012657103,0.1952662721893491,0.10650887573964497,0.08875739644970414,0.26174496644295303,1.553133482698997,0.3063063063063063,0.7,,,4.774109172662441,-0.2129979095586838,,,,,,,,,114.68000564575195,3.1247957292022344,124.50000381469727,3.392370605627354,,,,,,,,,,,,,,,,,,,"Matt Carasiti","13276",571539
"Theo Denlinger","BOS",2,4,,4.95,26,0,0,0,,40,181,42,24,22,5,18,0,3,31,6.975,4.05,1.7222222222222223,1.125,0.1712707182320442,0.09944751381215469,0.07182320441988951,0.2625,1.5,0.29838709677419356,0.6792452830188679,,,4.816479778289795,-0.21472843023075777,,,,,,,,,124.3,3.1075,134,3.35,,,,,,,,,,,,,,,,,,,"Theo Denlinger","sa3016908",690281
"Lucas Sims","WSN",2,4,,4.929006161471263,55,0,1.1740000247955322,11.040200233459473,,49.29999923706055,213,41,29,27,7,27,1,5,53,9.675456539184331,4.929006161471263,1.962962962962963,1.2778904863073646,0.24882629107981222,0.1267605633802817,0.12206572769953053,0.2265193370165746,1.3793103661730284,0.2809917355371901,0.6701030927835051,,,4.8094818321135495,-0.2150531778834529,,,,,,,,,232.1507954120636,4.708941156281959,215.5307972431183,4.371821512749562,,,,,,,,,,,,,,,,,,,"Lucas Sims","13470",608371
"Sam Gardner","MIL",2,2,,4.636363636363637,22,0,0,0,,33,143,30,18,17,6,17,0,0,36,9.818181818181818,4.636363636363637,2.1176470588235294,1.6363636363636365,0.2517482517482518,0.11888111888111888,0.1328671328671329,0.23809523809523808,1.4242424242424243,0.2857142857142857,0.7512953367875648,,,4.893752505562523,-0.21574085482232158,,,,,,,,,113.40000000000003,3.4363636363636374,108,3.272727272727273,,,,,,,,,,,,,,,,,,,"Sam Gardner","sa3021721",814217
"Daniel Duarte","MIN",2,3,,4.725,38,0,0,0,,40,176,38,23,21,5,20,0,3,35,7.875,4.5,1.75,1.125,0.19886363636363635,0.11363636363636363,0.08522727272727272,0.24836601307189543,1.45,0.2920353982300885,0.6862745098039216,,,4.766479778289796,-0.21585619163021258,,,,,,,,,136.7,3.4174999999999995,136,3.4,,,,,,,,,,,,,,,,,,,"Daniel Duarte","17480",650960
"Eury Ramos","CHC",1,1,,4.902723589864543,21,0,0,0,,25.700000762939453,117,25,15,14,3,15,0,1,20,7.003890842663632,5.252918131997724,1.3333333333333333,1.050583626399545,0.17094017094017094,0.1282051282051282,0.04273504273504275,0.24752475247524752,1.556420187258585,0.28205128205128205,0.6983240223463688,,,4.995273498318633,-0.21672941337273388,,,,,,,,,80.28000564575197,3.1237355355070386,81.50000381469727,3.171206279971163,,,,,,,,,,,,,,,,,,,"Eury Ramos","sa873729",660756
"Chase Costello","MIL",5,6,,4.71698105662954,33,0,0,0,,47.70000076293945,208,47,27,25,7,18,1,3,40,7.547169690607264,3.3962263607732686,2.2222222222222223,1.3207546958562713,0.19230769230769232,0.08653846153846154,0.10576923076923078,0.25133689839572193,1.3626834163596449,0.2857142857142857,0.6884057971014492,,,4.717842436914621,-0.21707424738721431,,,,,,,,,161.68000564575198,3.3895178838523075,164.50000381469727,3.4486373413751736,,,,,,,,,,,,,,,,,,,"Chase Costello","sa3020799",680774
"Nick Wittgren","MIN",2,2,,5.031055980090913,37,2,0,0,,48.29999923706055,215,53,29,27,7,16,1,4,34,6.33540382678115,2.981366506720541,2.125,1.3043478466902367,0.15813953488372093,0.07441860465116279,0.08372093023255814,0.2717948717948718,1.4285714511369259,0.2987012987012987,0.6756756756756757,,,4.884906306468996,-0.21772488775942622,,,,,,,,,141.519994354248,2.9300206333266328,158.49999618530273,3.281573471820799,,,,,,,,,,,,,,,,,,,"Nick Wittgren","15594",621295
"Tanner Myatt","NYY",2,2,,4.904632050628412,29,0,0,0,,36.70000076293945,165,33,22,20,5,22,0,2,35,8.58310608859972,5.395095255691253,1.5909090909090908,1.226158012657103,0.21212121212121213,0.13333333333333333,0.0787878787878788,0.23404255319148937,1.498637571025348,0.27722772277227725,0.6875,,,4.992092819357037,-0.21859807481100124,,,,,,,,,122.28000564575196,3.331880193562101,116.50000381469727,3.174386958932758,,,,,,,,,,,,,,,,,,,"Tanner Myatt","sa3007719",669251
"Anderson Paulino","KCR",3,5,,4.894736842105263,41,2,0,0,,57,257,62,34,31,7,22,1,5,36,5.684210526315789,3.473684210526316,1.6363636363636365,1.105263157894737,0.14007782101167315,0.08560311284046693,0.054474708171206226,0.26956521739130435,1.4736842105263157,0.29411764705882354,0.6738544474393531,,,4.920865743202076,-0.21902998848369942,,,,,,,,,165.49999999999997,2.903508771929824,185,3.245614035087719,,,,,,,,,,,,,,,,,,,"Anderson Paulino","sa3007991",678255
"Colby White","NYY",2,2,,5.108108108108108,36,2,0,0,,37,166,34,23,21,6,21,0,2,36,8.756756756756756,5.108108108108108,1.7142857142857142,1.4594594594594594,0.21686746987951808,0.12650602409638553,0.09036144578313254,0.23776223776223776,1.4864864864864864,0.27722772277227725,0.6866952789699571,,,5.193506805316822,-0.21912016023858513,,,,,,,,,114.6,3.097297297297297,110,2.972972972972973,,,,,,,,,,,,,,,,,,,"Colby White","sa3011200",686831
"Sam Carlson","LAD",3,3,,5.138121619154249,33,5,0,0,,54.29999923706055,250,56,34,31,8,25,0,7,44,7.292817782025385,4.143646467059878,1.76,1.3259668694591609,0.176,0.1,0.07599999999999998,0.25688073394495414,1.491712728141556,0.2891566265060241,0.673352435530086,,,5.229094908559601,-0.21917716785298202,,,,,,,,,149.81999435424805,2.759115956892937,159.49999618530273,2.9373848697301943,,,,,,,,,,,,,,,,,,,"Sam Carlson","sa3005015",672277
"Patrick Wicklander","TBR",3,4,,4.979252901860665,25,9,0,0,,72.30000305175781,323,78,43,40,11,29,0,4,50,6.22406612732583,3.609958353848982,1.7241379310344827,1.3692945480116827,0.15479876160990713,0.08978328173374613,0.065015479876161,0.2689655172413793,1.4799446124974753,0.2925764192139738,0.6986899563318778,,,5.130518422912613,-0.21921937783618575,,,,,,,,,197.92002258300784,2.737482907729917,219.50001525878906,3.0359613553771823,,,,,,,,,,,,,,,,,,,"Patrick Wicklander","sa3017304",677353
"Benito Garcia","STL",3,3,,4.65,30,1,0,0,,60,261,65,34,31,8,16,0,4,36,5.4,2.4,2.25,1.2,0.13793103448275862,0.06130268199233716,0.07662835249042146,0.2697095435684647,1.35,0.2893401015228426,0.673352435530086,,,4.699813111623128,-0.21922762667604948,,,,,,,,,188.60000000000002,3.1433333333333335,208,3.466666666666667,,,,,,,,,,,,,,,,,,,"Benito Garcia","sa3005891",681740
"Tommy Mace","CLE",5,8,,5.037594113396134,24,22,0,0,,119.69999694824219,538,131,72,67,18,48,0,9,72,5.4135339726048,3.6090226484032,1.5,1.3533834931512,0.13382899628252787,0.08921933085501858,0.044609665427509285,0.27234927234927236,1.4954052177411408,0.289002557544757,0.6957087126137841,,,5.346930961700062,-0.21989946386367173,,,,,,,,,296.7799774169921,2.4793649539132288,337.49998474121094,2.8195488165897333,,,,,,,,,,,,,,,,,,,"Tommy Mace","sa3018140",676390
"Dale Stanavich","MIA",3,5,,4.527162908371204,39,0,0,0,,49.70000076293945,222,48,27,25,7,24,1,4,49,8.873239300407558,4.346076392036355,2.0416666666666665,1.267605614343937,0.22072072072072071,0.10810810810810811,0.1126126126126126,0.24742268041237114,1.448692130678785,0.2971014492753623,0.7234726688102894,,,4.715775529154607,-0.2199245600422996,,,,,,,,,170.88000564575196,3.438229437074267,171.50000381469727,3.450704249135188,,,,,,,,,,,,,,,,,,,"Dale Stanavich","sa3019833",689359
"Tanner Rainey","PIT",1,1,,4.829268292682927,42,0,0,0.6169999837875366,,41,182,39,24,22,6,22,1,2,41,9,4.829268292682927,1.8636363636363635,1.3170731707317074,0.22527472527472528,0.12087912087912088,0.1043956043956044,0.2468354430379747,1.4878048780487805,0.2972972972972973,0.7034220532319392,,,4.8250163636556485,-0.22310579736716332,,,,,,,,,140.66799993515016,3.4309268276865894,139.46799993515015,3.401658535003662,,,,,,,,,,,,,,,,,,,"Tanner Rainey","17610",663432
"Josh Ekness","MIA",3,5,,4.655172413793103,47,0,0,0,,58,263,56,32,30,6,29,1,8,51,7.913793103448276,4.5,1.7586206896551724,0.9310344827586207,0.19391634980988592,0.11026615969581749,0.08365019011406843,0.24778761061946902,1.4655172413793103,0.2958579881656805,0.6919060052219321,,,4.666479778289795,-0.22428580902300982,,,,,,,,,200.80000000000004,3.462068965517242,203,3.5,,,,,,,,,,,,,,,,,,,"Josh Ekness","33785",694795
"Stephen Gonsalves","COL",2,3,,5.490716069255068,27,3,0,0,,37.70000076293945,179,35,25,23,5,29,0,4,39,9.310344639171637,6.923076782973782,1.3448275862068966,1.1936339280989279,0.21787709497206703,0.16201117318435754,0.055865921787709494,0.23972602739726026,1.6976126977406976,0.29411764705882354,0.6842105263157895,,,5.447646840878857,-0.22435222170731184,,,,,,,,,105.48000564575199,2.7978780772185785,102.50000381469727,2.7188329374109377,,,,,,,,,,,,,,,,,,,"Stephen Gonsalves","15492",624427
"Ryan Garcia","TEX",5,8,,5.702217712796066,21,21,0,0,,94.69999694824219,426,96,65,60,17,47,0,5,77,7.317846064754951,4.466737208356919,1.6382978723404256,1.6156283519588854,0.1807511737089202,0.11032863849765258,0.07042253521126761,0.25668449197860965,1.5100317276478472,0.28214285714285714,0.6543624161073825,,,5.521284500425948,-0.22477556031662752,,,,,,,,,240.07997741699216,2.5351635179904672,250.49998474121094,2.645195277863847,,,,,,,,,,,,,,,,,,,"Ryan Garcia","sa3011190",674114
"Max Roberts","CHW",2,4,,5.3076923076923075,33,0,0,0,,39,183,40,25,23,5,25,0,1,37,8.538461538461538,5.769230769230769,1.48,1.1538461538461537,0.20218579234972678,0.1366120218579235,0.06557377049180327,0.25477707006369427,1.6666666666666667,0.30434782608695654,0.6896551724137931,,,4.935710547520564,-0.22668818995356835,,,,,,,,,119.10000000000002,3.0538461538461545,126,3.230769230769231,,,,,,,,,,,,,,,,,,,"Max Roberts","sa3004014",676611
"Jeff Brigham","ARI",2,3,,4.466501325252359,34,1,0,0.6502000093460083,,40.29999923706055,174,36,22,20,6,20,1,3,40,8.933002650504719,4.466501325252359,2,1.3399503975757079,0.22988505747126436,0.11494252873563218,0.11494252873563218,0.23841059602649006,1.3895781900785118,0.2857142857142857,0.7142857142857143,,,4.829010827133729,-0.22704953877760653,,,,,,,,,144.42079439163206,3.583642608579017,137.10079622268677,3.4020049334543563,,,,,,,,,,,,,,,,,,,"Jeff Brigham","16631",656257
"Yovanny Cruz","BOS",1,1,,5.475285329935787,20,0,0,0,,26.299999237060547,125,28,17,16,3,13,0,5,21,7.18631199554072,4.448669330572827,1.6153846153846154,1.02661599936296,0.168,0.104,0.06400000000000002,0.2616822429906542,1.5589354064400505,0.30120481927710846,0.6521739130434783,,,5.105643332642053,-0.2270747155741054,,,,,,,,,72.91999435424806,2.772623439908436,80.49999618530273,3.060836445647742,,,,,,,,,,,,,,,,,,,"Yovanny Cruz","22622",672442
"Sam Whiting","SDP",3,4,,5.426470588235294,23,19,0,0,,68,313,71,44,41,10,34,0,6,46,6.088235294117647,4.5,1.3529411764705883,1.3235294117647058,0.14696485623003194,0.10862619808306709,0.038338658146964855,0.2600732600732601,1.5441176470588236,0.28110599078341014,0.6703296703296703,,,5.490009190054501,-0.22747422403080905,,,,,,,,,167.60000000000005,2.4647058823529417,182,2.676470588235294,,,,,,,,,,,,,,,,,,,"Sam Whiting","sa3023078",688519
"Tyler Burch","COL",2,2,,5.34375,23,0,0,0,,32,143,36,21,19,5,12,0,2,21,5.90625,3.375,1.75,1.40625,0.14685314685314685,0.08391608391608392,0.06293706293706293,0.27906976744186046,1.5,0.30097087378640774,0.6585365853658537,,,5.197729778289795,-0.22759315395304433,,,,,,,,,81.7,2.553125,95,2.96875,,,,,,,,,,,,,,,,,,,"Tyler Burch","sa1172727",688889
"Ryan Shreve","STL",4,4,,4.5211930384710115,36,0,0,0,,63.70000076293945,279,66,35,32,8,24,0,1,45,6.357927710349861,3.390894778853259,1.875,1.1302982596177529,0.16129032258064516,0.08602150537634409,0.07526881720430106,0.25984251968503935,1.4128728245221913,0.2885572139303483,0.6979695431472082,,,4.563654015872851,-0.22779894746395474,,,,,,,,,216.38000564575194,3.396860330520458,229.50000381469727,3.6028257624169444,,,,,,,,,,,,,,,,,,,"Ryan Shreve","sa3010555",662914
"Blake Goldsberry","COL",1,2,,5.221843139383964,25,1,0,0,,29.299999237060547,133,32,18,17,5,13,1,2,22,6.757679356849836,3.9931741654112667,1.6923076923076923,1.5358362174658717,0.16541353383458646,0.09774436090225563,0.06766917293233082,0.2711864406779661,1.5358362174658717,0.2967032967032967,0.7105263157894737,,,5.4190395639064075,-0.22836634868874722,,,,,,,,,71.11999435424802,2.427303624782721,80.49999618530273,2.747440214383388,,,,,,,,,,,,,,,,,,,"Blake Goldsberry","sa3014978",688910
"Francisco Morales","ARI",4,4,,4.53089236940969,27,4,0,0,,43.70000076293945,202,38,24,22,5,31,0,6,46,9.473684045129351,6.384439247804563,1.4838709677419355,1.0297482657749295,0.22772277227722773,0.15346534653465346,0.07425742574257427,0.23030303030303031,1.578947340854892,0.2894736842105263,0.7258064516129032,,,5.088676541069663,-0.22859027190377856,,,,,,,,,144.08000564575195,3.2970252432567806,134.50000381469727,3.0778032372201314,,,,,,,,,,,,,,,,,,,"Francisco Morales","22913",672839
"Adisyn Coffey","CHW",2,4,,4.768212000835697,45,0,0,0,,45.29999923706055,200,47,26,24,7,20,0,0,37,7.350993501288365,3.9735100006964137,1.85,1.3907285002437448,0.185,0.1,0.08499999999999999,0.2611111111111111,1.479028722481443,0.29411764705882354,0.7167832167832168,,,4.866259056365483,-0.22869899533710908,,,,,,,,,140.91999435424805,3.1108167048038156,149.49999618530273,3.300220721924312,,,,,,,,,,,,,,,,,,,"Adisyn Coffey","sa3014738",676249
"Trey Wingenter","CHC",3,5,,4.625267590389741,39,0,0,0,,46.70000076293945,207,43,26,24,7,22,1,4,49,9.443254663712386,4.239828624523929,2.227272727272727,1.349036380530341,0.23671497584541062,0.10628019323671498,0.13043478260869565,0.23756906077348067,1.391862932293209,0.288,0.7065217391304347,,,4.686822365871608,-0.2287788070755577,,,,,,,,,167.68000564575192,3.5905782206928936,162.50000381469727,3.479657412418187,,,,,,,,,,,,,,,,,,,"Trey Wingenter","17793",622259
"Evan Reifert","TBR",1,2,,5.0420166989704915,31,0,0,0,,35.70000076293945,163,29,22,20,4,24,0,5,41,10.336134232889506,6.05042003876459,1.7083333333333333,1.0084033397940984,0.25153374233128833,0.147239263803681,0.10429447852760734,0.21641791044776118,1.484593805807978,0.2808988764044944,0.6540084388185654,,,4.763118399630451,-0.2289002118529363,,,,,,,,,134.58000564575198,3.769747976741247,121.50000381469727,3.4033613786593446,,,,,,,,,,,,,,,,,,,"Evan Reifert","sa3014860",682126
"Reidis Sena","BOS",4,5,,4.889335941040899,31,1,0,0,,49.70000076293945,225,50,29,27,7,27,0,1,45,8.148893235068167,4.889335941040899,1.6666666666666667,1.267605614343937,0.2,0.12,0.08000000000000002,0.25380710659898476,1.5492957508648117,0.296551724137931,0.7142857142857143,,,4.87674132145225,-0.2292669818654383,,,,,,,,,157.68000564575198,3.1726358797831566,163.50000381469727,3.2897384568375454,,,,,,,,,,,,,,,,,,,"Reidis Sena","sa3009626",684128
"Ryan Jensen","MIN",3,5,,5.100548374928526,36,6,0,0,,54.70000076293945,251,51,34,31,7,36,0,5,54,8.884826201488401,5.923217467658934,1.5,1.1517367298225705,0.2151394422310757,0.14342629482071714,0.07171314741035856,0.24285714285714285,1.590493579278788,0.2953020134228188,0.6865284974093264,,,5.1043225300547554,-0.229345541839443,,,,,,,,,171.08000564575198,3.127605178420084,167.50000381469727,3.06215724823504,,,,,,,,,,,,,,,,,,,"Ryan Jensen","sa3011496",686754
"Jack Ralston","STL",3,3,,4.68,34,1,0,0,,50,225,46,28,26,6,30,0,2,47,8.46,5.4,1.5666666666666667,1.08,0.2088888888888889,0.13333333333333333,0.07555555555555557,0.23834196891191708,1.52,0.2857142857142857,0.7100591715976332,,,4.766479778289796,-0.2300884633160981,,,,,,,,,174.59999999999997,3.491999999999999,170,3.4,,,,,,,,,,,,,,,,,,,"Jack Ralston","26104",667652
"Aidan Anderson","TEX",4,6,,5.09433968930828,36,2,0,0,,58.29999923706055,257,58,36,33,9,22,1,5,48,7.409948638993862,3.3962264595388536,2.1818181818181817,1.389365369811349,0.1867704280155642,0.08560311284046693,0.10116731517509728,0.25217391304347825,1.3722127109247892,0.2832369942196532,0.6528189910979227,,,4.916050984718901,-0.23023271525340916,,,,,,,,,184.91999435424805,3.171869584462993,189.49999618530273,3.2504287935708938,,,,,,,,,,,,,,,,,,,"Aidan Anderson","sa3011250",689379
"Yacksel Ríos","NYM",2,2,,4.935483870967742,28,0,0,0,,31,139,29,18,17,4,18,0,2,28,8.129032258064516,5.225806451612903,1.5555555555555556,1.1612903225806452,0.2014388489208633,0.12949640287769784,0.07194244604316546,0.24369747899159663,1.5161290322580645,0.28735632183908044,0.7004830917874396,,,4.972931391193021,-0.23135489283493837,,,,,,,,,100.79999999999998,3.251612903225806,99,3.193548387096774,,,,,,,,,,,,,,,,,,,"Yacksel Rios","15007",605441
"Juan Zapata","CLE",3,5,,5.072727272727272,21,6,0,0,,55,250,63,34,31,8,21,0,3,31,5.072727272727272,3.4363636363636365,1.4761904761904763,1.309090909090909,0.124,0.084,0.039999999999999994,0.27876106194690264,1.5272727272727273,0.29411764705882354,0.6868131868131868,,,5.239207051017068,-0.2319640456265786,,,,,,,,,134.8,2.450909090909091,161,2.9272727272727272,,,,,,,,,,,,,,,,,,,"Juan Zapata","sa3005452",679033
"Chris Rodriguez","CHW",1,3,,5.357142857142857,31,2,0,0,,42,197,44,27,25,5,25,0,3,33,7.071428571428571,5.357142857142857,1.32,1.0714285714285714,0.16751269035532995,0.12690355329949238,0.040609137055837574,0.2603550295857988,1.6428571428571428,0.29770992366412213,0.6774193548387096,,,5.142670254480271,-0.23222380185383246,,,,,,,,,116.9,2.7833333333333337,127,3.0238095238095237,,,,,,,,,,,,,,,,,,,"Chris Rodriguez","22310",669735
"Chris Ellis","BAL",3,4,,5.464285714285714,14,12,0,0,,56,257,62,37,34,9,29,0,3,38,6.107142857142857,4.660714285714286,1.3103448275862069,1.4464285714285714,0.14785992217898833,0.11284046692607004,0.03501945525291829,0.27555555555555555,1.625,0.29775280898876405,0.6887755102040816,,,5.612908349718367,-0.23241957583954456,,,,,,,,,122.50000000000003,2.1875000000000004,143,2.5535714285714284,,,,,,,,,,,,,,,,,,,"Chris Ellis","16125",595939
"Seth Lonsway","SFG",3,5,,5.130111718164294,20,15,0,0,,80.69999694824219,375,89,50,46,10,39,0,9,52,5.799256724881376,4.349442543661032,1.3333333333333333,1.115241677861803,0.13866666666666666,0.104,0.034666666666666665,0.27217125382262997,1.5861214974034532,0.2981132075471698,0.6842105263157895,,,5.273047392028756,-0.23255874738382384,,,,,,,,,202.77997741699218,2.51276313612561,233.49998474121094,2.893432386261039,,,,,,,,,,,,,,,,,,,"Seth Lonsway","30064",675920
"Reid Morgan","SEA",2,2,,4.4680851869711224,35,0,0,0,,42.29999923706055,188,45,23,21,6,14,0,2,32,6.8085107610988524,2.978723457980748,2.2857142857142856,1.276595767706035,0.1702127659574468,0.07446808510638298,0.09574468085106383,0.2616279069767442,1.3947990795306677,0.291044776119403,0.7114624505928854,,,4.632200844915243,-0.23287811112141232,,,,,,,,,138.21999435424806,3.2676122186108354,149.49999618530273,3.5342789333745523,,,,,,,,,,,,,,,,,,,"Reid Morgan","sa3009860",681539
"Mason Fox","SDP",2,2,,5.1,22,0,0,0,,30,138,29,18,17,4,18,1,1,27,8.1,5.4,1.5,1.2,0.1956521739130435,0.13043478260869565,0.06521739130434784,0.24369747899159663,1.5666666666666667,0.2840909090909091,0.7004830917874396,,,4.999813111623128,-0.23294503877353934,,,,,,,,,94.4,3.146666666666667,95,3.1666666666666665,,,,,,,,,,,,,,,,,,,"Mason Fox","sa3007460",663674
"Tyler Thomas","LAA",1,2,,5.012106630119464,28,1,0,0,,41.29999923706055,188,41,25,23,5,21,0,5,35,7.627118784964403,4.5762712709786415,1.6666666666666667,1.0895883978520575,0.18617021276595744,0.11170212765957446,0.07446808510638298,0.25308641975308643,1.501210681485057,0.29508196721311475,0.6727272727272727,,,4.934034290360911,-0.23338436760772202,,,,,,,,,129.519994354248,3.1360774030722807,133.49999618530273,3.2324454879288846,,,,,,,,,,,,,,,,,,,"Tyler Thomas","sa873974",668869
"Jose Acuna","CIN",2,6,,6.105834716872847,21,18,0,0,,73.69999694824219,329,80,54,50,15,29,0,6,55,6.716418188560131,3.541384135786251,1.896551724137931,1.831750415061854,0.16717325227963525,0.08814589665653495,0.0790273556231003,0.272108843537415,1.478968853642534,0.29017857142857145,0.625,,,5.7444988809694415,-0.23345414364587322,,,,,,,,,157.87997741699223,2.142197882692827,178.49998474121094,2.4219808973203536,,,,,,,,,,,,,,,,,,,"Jose Acuna","sa3015331",691641
"Geronimo Franzua","PIT",4,5,,4.764705882352941,41,2,0,0,,51,227,52,29,27,8,23,1,3,46,8.117647058823529,4.0588235294117645,2,1.411764705882353,0.2026431718061674,0.1013215859030837,0.1013215859030837,0.25870646766169153,1.4705882352941178,0.29931972789115646,0.7210031347962382,,,4.931185660642736,-0.23367955769531631,,,,,,,,,157.79999999999998,3.094117647058823,165,3.235294117647059,,,,,,,,,,,,,,,,,,,"Geronimo Franzua","sa597245",601980
"Nelson L. Alvarez","PHI",3,3,,4.875846585101033,36,0,0,0,,44.29999923706055,202,42,26,24,6,25,0,4,43,8.735891798306016,5.079006859480242,1.72,1.2189616462752582,0.21287128712871287,0.12376237623762376,0.0891089108910891,0.24277456647398843,1.5124153759341166,0.2903225806451613,0.6996587030716723,,,4.9497755200628575,-0.23481009203670677,,,,,,,,,143.81999435424808,3.2465010571361583,142.49999618530273,3.216704258226937,,,,,,,,,,,,,,,,,,,"Nelson L. Alvarez","sa3010783",670389
"Nick Hull","CHC",3,3,,5.034106202416467,28,9,0,0,,73.30000305175781,331,76,44,41,11,33,0,5,55,6.753069295924529,4.051841577554717,1.6666666666666667,1.350613859184906,0.1661631419939577,0.09969788519637462,0.06646525679758308,0.2593856655290102,1.4870395015268156,0.28634361233480177,0.6944444444444445,,,5.171936720715868,-0.23609492589012024,,,,,,,,,205.52002258300783,2.803820109501063,219.50001525878906,2.9945430575739276,,,,,,,,,,,,,,,,,,,"Nick Hull","sa3020624",701314
"Sal Romano","BOS",1,1,,5.275862068965517,20,0,0,0,,29,134,34,18,17,4,12,1,1,18,5.586206896551724,3.7241379310344827,1.5,1.2413793103448276,0.13432835820895522,0.08955223880597014,0.04477611940298508,0.2809917355371901,1.5862068965517242,0.30303030303030304,0.6930693069306931,,,5.063031502427727,-0.23613633237911433,,,,,,,,,74.00000000000003,2.5517241379310356,90,3.103448275862069,,,,,,,,,,,,,,,,,,,"Sal Romano","13690",607219
"Luis Angel Rodriguez","HOU",4,6,,5.051698898324395,20,10,0,0,,67.69999694824219,309,67,41,38,11,38,0,4,60,7.976366681564835,5.051698898324395,1.5789473684210527,1.4623338916202198,0.1941747572815534,0.12297734627831715,0.07119741100323625,0.250936329588015,1.5509601880820512,0.2857142857142857,0.7142857142857143,,,5.367366140425277,-0.23651334889689785,,,,,,,,,185.4799774169921,2.7397339110486927,189.49998474121094,2.799113637864518,,,,,,,,,,,,,,,,,,,"Luis Angel Rodriguez","sa3005435",678296
"Kaleb Bowman","MIL",4,4,,4.771480737836364,35,1,0,0,,54.70000076293945,241,54,31,29,8,20,0,6,46,7.568555653119749,3.2906763709216302,2.3,1.316270548368652,0.1908713692946058,0.08298755186721991,0.10788381742738588,0.25116279069767444,1.35283361915667,0.2857142857142857,0.6847133757961784,,,4.81181796375061,-0.23665059033109898,,,,,,,,,179.98000564575202,3.290310843426765,183.50000381469727,3.354661814539185,,,,,,,,,,,,,,,,,,,"Kaleb Bowman","sa3020745",689337
"Kirby Snead","SEA",3,4,,4.5,45,0,0,0,,44,199,45,24,22,5,20,1,3,35,7.159090909090909,4.090909090909091,1.75,1.0227272727272727,0.17587939698492464,0.10050251256281408,0.07537688442211056,0.2556818181818182,1.4772727272727273,0.29411764705882354,0.7068965517241379,,,4.621025232835249,-0.23704177167015822,,,,,,,,,148.10000000000002,3.3659090909090916,156,3.5454545454545454,,,,,,,,,,,,,,,,,,,"Kirby Snead","19179",669912
"Ricardo Velez","MIN",5,6,,4.859611311179032,38,0,0,0,,46.29999923706055,206,47,27,25,7,19,0,3,42,8.164147002780775,3.6933045964960645,2.210526315789474,1.360691167130129,0.20388349514563106,0.09223300970873786,0.1116504854368932,0.2554347826086957,1.425485984612516,0.2962962962962963,0.693950177935943,,,4.743153670361215,-0.2370902964597566,,,,,,,,,152.31999435424802,3.289848744367245,158.49999618530273,3.4233261079285806,,,,,,,,,,,,,,,,,,,"Ricardo Velez","sa3017602",703106
"Brody Rodning","HOU",2,4,,5.04,23,0,0,0,,25,114,23,15,14,4,14,0,3,27,9.72,5.04,1.9285714285714286,1.44,0.23684210526315788,0.12280701754385964,0.11403508771929824,0.23711340206185566,1.48,0.2878787878787879,0.7006369426751593,,,5.126479778289795,-0.23759879034036524,,,,,,,,,79,3.16,76,3.04,,,,,,,,,,,,,,,,,,,"Brody Rodning","sa3004591",676697
"Bobby Milacki","TOR",2,3,,4.660714285714286,28,2,0,0,,56,247,61,31,29,9,18,0,3,38,6.107142857142857,2.892857142857143,2.111111111111111,1.4464285714285714,0.15384615384615385,0.0728744939271255,0.08097165991902835,0.26991150442477874,1.4107142857142858,0.2905027932960894,0.7228915662650601,,,5.023622635432652,-0.23772486506956444,,,,,,,,,158.10000000000005,2.8232142857142866,176,3.142857142857143,,,,,,,,,,,,,,,,,,,"Bobby Milacki","sa3007216",673872
"Justin Meis","PIT",2,4,,4.935064717739938,31,6,0,0,,69.30000305175781,313,73,41,38,10,34,0,3,52,6.753246455854652,4.415584221135734,1.5294117647058822,1.29870124151051,0.16613418530351437,0.10862619808306709,0.05750798722044728,0.2644927536231884,1.5440114760180508,0.29439252336448596,0.7096774193548387,,,5.143391668144682,-0.2383779321303974,,,,,,,,,193.0200225830078,2.785281588499321,209.50001525878906,3.0230881101451126,,,,,,,,,,,,,,,,,,,"Justin Meis","sa3017207",701568
"Zac Houston","PHI",2,3,,5.570032434866531,28,1,0,0,,30.700000762939453,144,26,21,19,4,21,0,7,35,10.26058606422782,6.156351638536692,1.6666666666666667,1.1726384073403222,0.24305555555555555,0.14583333333333334,0.09722222222222221,0.22413793103448276,1.5309445873609764,0.2857142857142857,0.6280193236714976,,,5.316316858413719,-0.23857556521627565,,,,,,,,,96.38000564575198,3.1394137866634964,87.50000381469727,2.850162919876076,,,,,,,,,,,,,,,,,,,"Zac Houston","sa874155",667677
"Dakota Chalmers","ARI",2,2,,4.954128324779818,19,5,0,0,,32.70000076293945,155,29,19,18,4,27,0,3,34,9.357797946806322,7.431192487169727,1.2592592592592593,1.1009174055066262,0.21935483870967742,0.17419354838709677,0.04516129032258065,0.232,1.7125381863436409,0.28735632183908044,0.7341269841269842,,,5.42947666738675,-0.23904056326408535,,,,,,,,,95.38000564575194,2.9168196764646828,89.50000381469727,2.737003110903046,,,,,,,,,,,,,,,,,,,"Dakota Chalmers","sa875017",663793
"Brendan Hardy","COL",1,3,,5.229357676156474,31,0,0,0,,32.70000076293945,152,31,21,19,4,20,0,5,30,8.256880541299697,5.504587027533131,1.5,1.1009174055066262,0.19736842105263158,0.13157894736842105,0.06578947368421054,0.2440944881889764,1.5596329911343871,0.2903225806451613,0.6607929515418502,,,5.215409394093793,-0.23973424363680723,,,,,,,,,97.18000564575193,2.971865546740014,96.50000381469727,2.9510703841960013,,,,,,,,,,,,,,,,,,,"Brendan Hardy","sa3008290",682132
"Francis Peña","SDP",4,5,,4.415094339622642,40,0,0,0,,53,230,52,28,26,8,19,0,3,44,7.471698113207547,3.2264150943396226,2.3157894736842106,1.3584905660377358,0.19130434782608696,0.08260869565217391,0.10869565217391305,0.25,1.3396226415094339,0.28205128205128205,0.7190635451505017,,,4.71364958961055,-0.23995985282145832,,,,,,,,,180.60000000000005,3.4075471698113216,183,3.452830188679245,,,,,,,,,,,,,,,,,,,"Francis Pena","sa3019374",800212
"Tristan Stivors","CHW",1,3,,5.1,26,0,0,0,,30,138,29,18,17,4,18,0,3,28,8.4,5.4,1.5555555555555556,1.2,0.2028985507246377,0.13043478260869565,0.07246376811594205,0.24786324786324787,1.5666666666666667,0.29411764705882354,0.7004830917874396,,,5.133146444956462,-0.24022013337760667,,,,,,,,,90.4,3.0133333333333336,91,3.033333333333333,,,,,,,,,,,,,,,,,,,"Tristan Stivors","sa3020325",690086
"Justin Garza","SFG",3,3,,4.891304347826087,35,0,0,0,,46,205,47,27,25,6,20,0,3,40,7.826086956521739,3.9130434782608696,2,1.173913043478261,0.1951219512195122,0.0975609756097561,0.0975609756097561,0.25824175824175827,1.4565217391304348,0.3014705882352941,0.68259385665529,,,4.62300151742023,-0.24036582113730529,,,,,,,,,155.40000000000003,3.378260869565218,163,3.5434782608695654,,,,,,,,,,,,,,,,,,,"Justin Garza","19784",621057
"Seth Elledge","OAK",3,3,,4.637002259069041,36,0,0,0,,42.70000076293945,186,43,24,22,6,16,1,2,34,7.1662762185612445,3.3723652793229384,2.125,1.264636979746102,0.1827956989247312,0.08602150537634409,0.0967741935483871,0.25595238095238093,1.3817329963892595,0.2890625,0.691699604743083,,,4.665308791322213,-0.24224201837941983,,,,,,,,,144.38000564575196,3.3812647088068317,149.50000381469727,3.501170986967583,,,,,,,,,,,,,,,,,,,"Seth Elledge","19766",676220
"Caleb Bolden","BOS",2,3,,5.311004720064194,31,8,0,0,,62.70000076293945,287,65,40,37,9,32,0,6,50,7.177033405492154,4.593301379514979,1.5625,1.2918660129885877,0.17421602787456447,0.11149825783972125,0.06271777003484322,0.26104417670682734,1.547049422961642,0.29473684210526313,0.6753554502369667,,,5.255793947444178,-0.2425095772493392,,,,,,,,,170.28000564575206,2.7157895306821223,182.50000381469727,2.910685830845617,,,,,,,,,,,,,,,,,,,"Caleb Bolden","sa3020463",676700
"Nick Merkel","MIL",4,5,,4.743777240455941,36,2,0,0,,68.30000305175781,300,67,39,36,11,26,0,5,61,8.038066990772567,3.4260613403292903,2.3461538461538463,1.449487490139315,0.20333333333333334,0.08666666666666667,0.11666666666666667,0.24907063197026022,1.3616397634642052,0.28426395939086296,0.6958762886597939,,,4.835586585116886,-0.24471430449279558,,,,,,,,,224.9200225830078,3.293118777938607,227.50001525878906,3.3308931931729098,,,,,,,,,,,,,,,,,,,"Nick Merkel","sa3019962",806581
"Austin Roberts","MIA",3,3,,4.576271186440678,44,0,0,0,,59,261,59,32,30,8,26,0,4,52,7.932203389830509,3.9661016949152543,2,1.2203389830508475,0.19923371647509577,0.09961685823754789,0.09961685823754789,0.2554112554112554,1.4406779661016949,0.2982456140350877,0.7181571815718157,,,4.691903507103355,-0.24492865103912503,,,,,,,,,198.80000000000004,3.3694915254237294,205,3.4745762711864407,,,,,,,,,,,,,,,,,,,"Austin Roberts","sa3010254",686762
"Mychal Givens","MIA",2,3,,5.029411764705882,35,1,0,0,,34,153,35,21,19,5,17,2,3,30,7.9411764705882355,4.5,1.7647058823529411,1.3235294117647058,0.19607843137254902,0.1111111111111111,0.08496732026143791,0.2631578947368421,1.5294117647058822,0.30612244897959184,0.6888888888888889,,,5.078244484172148,-0.2472227502445533,,,,,,,,,99.10000000000002,2.914705882352942,105,3.088235294117647,,,,,,,,,,,,,,,,,,,"Mychal Givens","10430",571710
"Andrew Bellatti","SDP",2,3,,4.689826391514977,44,0,0,0,,40.29999923706055,182,39,23,21,6,20,0,4,41,9.156327716767336,4.466501325252359,2.05,1.3399503975757079,0.22527472527472528,0.10989010989010989,0.11538461538461539,0.2468354430379747,1.4640198788327177,0.2972972972972973,0.7114624505928854,,,4.853824723385131,-0.2476474737395849,,,,,,,,,133.01999435424804,3.30074433926839,133.49999618530273,3.3126550549046643,,,,,,,,,,,,,,,,,,,"Andrew Bellatti","10657",571479
"Jacob DeLabio","HOU",1,1,,5.021459391891394,21,0,0,0,,23.299999237060547,107,22,14,13,3,15,0,2,21,8.111588248439944,5.7939916060285315,1.4,1.1587983212057062,0.19626168224299065,0.14018691588785046,0.05607476635514019,0.24444444444444444,1.5879828846152273,0.2878787878787879,0.701219512195122,,,5.226565682655496,-0.24781929031280642,,,,,,,,,69.31999435424804,2.9751071512478395,68.49999618530273,2.9399140956343,,,,,,,,,,,,,,,,,,,"Jacob DeLabio","sa3017011",700832
"Mason Albright","COL",4,8,,5.728061885059379,22,21,0,0,,103.69999694824219,470,123,71,66,20,40,0,3,61,5.294117802857911,3.471552657611745,1.525,1.7357763288058725,0.12978723404255318,0.0851063829787234,0.04468085106382978,0.28805620608899296,1.5718418977519846,0.2976878612716763,0.6814814814814815,,,5.7412146660185055,-0.24832399129474728,,,,,,,,,194.57997741699222,1.8763739936666461,251.49998474121094,2.425265112271289,,,,,,,,,,,,,,,,,,,"Mason Albright","sa3017847",695476
"Brady Choban","LAA",3,4,,4.98973298137856,43,0,0,0,,48.70000076293945,217,50,29,27,6,18,0,5,35,6.468172383268503,3.326488654252373,1.9444444444444444,1.1088295514174578,0.16129032258064516,0.08294930875576037,0.07834101382488479,0.25773195876288657,1.3963038795627245,0.2875816993464052,0.6543624161073825,,,4.7475885830887625,-0.2492088235028061,,,,,,,,,157.58000564575195,3.2357290180099922,166.50000381469727,3.4188911952010326,,,,,,,,,,,,,,,,,,,"Brady Choban","sa3023212",813882
"Caleb Baragar","MIN",2,3,,5.11040997164248,25,3,0,0,,31.700000762939453,145,32,19,18,5,19,0,1,28,7.949526622554969,5.3943216367337286,1.4736842105263157,1.4195583254562445,0.19310344827586207,0.1310344827586207,0.062068965517241365,0.256,1.6088327688504103,0.29347826086956524,0.7272727272727273,,,5.343135877322704,-0.24930465573927502,,,,,,,,,85.88000564575195,2.7091483778812546,89.50000381469727,2.823343900967092,,,,,,,,,,,,,,,,,,,"Caleb Baragar","19231",670056
"Kade Morris","OAK",6,10,,5.124298441364217,26,23,0,0,,124.69999694824219,554,133,77,71,19,44,0,12,78,5.629510963752238,3.1756215692961343,1.7727272727272727,1.371291132196058,0.1407942238267148,0.07942238267148015,0.061371841155234655,0.26706827309236947,1.4194066105187266,0.28428927680798005,0.6648936170212766,,,5.2434645925516605,-0.250137574260545,,,,,,,,,331.27997741699204,2.656615762023576,364.49998474121094,2.9230151857381346,,,,,,,,,,,,,,,,,,,"Kade Morris","33787",695034
"Erasmo Ramírez","MIN",3,4,,4.790322580645161,41,1,0,0,,62,269,66,36,33,10,19,1,3,49,7.112903225806452,2.7580645161290325,2.5789473684210527,1.4516129032258065,0.18215613382899631,0.07063197026022305,0.11152416356877323,0.26720647773279355,1.3709677419354838,0.2978723404255319,0.6901408450704225,,,4.747124939580118,-0.2504256530552982,,,,,,,,,196.19999999999996,3.164516129032257,212,3.4193548387096775,,,,,,,,,,,,,,,,,,,"Erasmo Ramirez","10314",541640
"Matt Svanson","STL",4,5,,4.576271186440678,45,1,0,0,,59,264,61,32,30,7,22,1,6,42,6.406779661016949,3.3559322033898304,1.9090909090909092,1.0677966101694916,0.1590909090909091,0.08333333333333333,0.07575757575757576,0.2584745762711864,1.4067796610169492,0.2887700534759358,0.6967213114754098,,,4.708852659645728,-0.2504532464154251,,,,,,,,,191.9,3.252542372881356,204,3.457627118644068,,,,,,,,,,,,,,,,,,,"Matt Svanson","29629",694335
"Ron Marinaccio","SDP",3,2,,4.322470039413086,48,0,0,0.6158000230789185,,58.29999923706055,250,48,30,28,8,28,0,7,60,9.262435798742327,4.322470039413086,2.142857142857143,1.2349914398323103,0.24,0.112,0.128,0.22325581395348837,1.3036020753785498,0.272108843537415,0.7098765432098766,,,4.693066419193623,-0.25059829685045387,,,,,,,,,225.68319444656373,3.8710668507710695,204.9631962776184,3.5156637900490053,,,,,,,,,,,,,,,,,,,"Ron Marinaccio","23488",676760
"Cade Gibson","MIA",3,5,,5.355756580278499,20,13,0,0,,77.30000305175781,353,88,50,46,12,31,0,8,48,5.588615562029739,3.609314217144206,1.5483870967741935,1.3971538905074348,0.1359773371104816,0.08781869688385269,0.04815864022662891,0.2802547770700637,1.5394566015776363,0.2992125984251969,0.675146771037182,,,5.456259765510313,-0.25077230412792784,,,,,,,,,174.62002258300782,2.2589911473365323,209.50001525878906,2.710220012779482,,,,,,,,,,,,,,,,,,,"Cade Gibson","31815",806188
"Justin Dunn","CHW",1,3,,5.85,10,10,0,0.6122000217437744,,40,182,41,28,26,7,23,0,4,30,6.75,5.175,1.3043478260869565,1.575,0.16483516483516483,0.12637362637362637,0.038461538461538464,0.2645161290322581,1.6,0.288135593220339,0.6642066420664207,,,5.966479778289795,-0.25252831269711207,,,,,,,,,84.74880008697507,2.118720002174377,90.4488000869751,2.2612200021743774,,,,,,,,,,,,,,,,,,,"Justin Dunn","19268",643290
"Victor Mederos","LAA",4,9,,5.360501738338067,25,21,0,0.6287000179290771,,95.69999694824219,440,102,62,57,15,44,0,11,72,6.7711600905322955,4.137931166436403,1.6363636363636365,1.4106583521942282,0.16363636363636364,0.1,0.06363636363636363,0.2649350649350649,1.5256008845952396,0.29194630872483224,0.672,,,5.423533141800561,-0.2529480136872955,,,,,,,,,239.9947774887085,2.5077824988699406,265.01478481292725,2.7692245900097183,,,,,,,,,,,,,,,,,,,"Victor Mederos","31533",682989
"Cristian Hernandez","NYY",2,3,,5.294117647058823,30,5,0,0,,51,228,53,32,30,9,21,0,4,40,7.0588235294117645,3.7058823529411766,1.9047619047619047,1.588235294117647,0.17543859649122806,0.09210526315789473,0.08333333333333333,0.26108374384236455,1.4509803921568627,0.2857142857142857,0.6840390879478827,,,5.362558209662344,-0.2532323293843218,,,,,,,,,133.90000000000003,2.6254901960784323,143,2.803921568627451,,,,,,,,,,,,,,,,,,,"Cristian Hernandez","sa3005836",678707
"Eddy Demurias","CIN",1,3,,5.454545454545454,29,0,0,0,,33,151,35,22,20,5,17,0,2,27,7.363636363636363,4.636363636363637,1.588235294117647,1.3636363636363635,0.17880794701986755,0.11258278145695365,0.0662251655629139,0.26515151515151514,1.5757575757575757,0.3,0.6666666666666666,,,5.227085838895856,-0.25517877708354203,,,,,,,,,88.70000000000005,2.6878787878787893,97,2.9393939393939394,,,,,,,,,,,,,,,,,,,"Eddy Demurias","sa3007852",681493
"Brayan Castillo","COL",2,4,,5.594149830566772,28,7,0,0,,54.70000076293945,256,60,37,34,8,32,0,3,39,6.416818923297178,5.265082193474608,1.21875,1.316270548368652,0.15234375,0.125,0.02734375,0.27149321266968324,1.6819012562488331,0.2988505747126437,0.6806930693069307,,,5.561360914904982,-0.25591581381845957,,,,,,,,,123.38000564575202,2.2555759401258526,142.50000381469727,2.6051188633848135,,,,,,,,,,,,,,,,,,,"Brayan Castillo","sa3006544",678899
"Jaden Woods","PIT",3,4,,4.882459380199292,37,1,0,0,,55.29999923706055,251,56,32,30,8,25,0,5,50,8.137432300332154,4.068716150166077,2,1.3019891680531448,0.199203187250996,0.099601593625498,0.099601593625498,0.25339366515837103,1.4647378140597878,0.294478527607362,0.7020057306590258,,,4.866298969914734,-0.25749658924831703,,,,,,,,,175.21999435424803,3.1685352038272794,182.49999618530273,3.3001808083750612,,,,,,,,,,,,,,,,,,,"Jaden Woods","sa3023064",692243
"Tyler Zuber","NYM",2,3,,4.913151457777595,38,0,0,0.6718999743461609,,40.29999923706055,178,37,24,22,6,22,2,1,39,8.709677584242101,4.913151457777595,1.7727272727272727,1.3399503975757079,0.21910112359550563,0.12359550561797752,0.0955056179775281,0.23870967741935484,1.4640198788327177,0.2818181818181818,0.691699604743083,,,4.878638619636533,-0.25779519164350645,,,,,,,,,139.9075942516327,3.47165252854326,135.18759608268738,3.3545309836722437,,,,,,,,,,,,,,,,,,,"Tyler Zuber","20379",676604
"Nick Anderson","STL",2,3,,4.668587793606633,35,0,0,0.6466000080108643,,34.70000076293945,151,36,19,18,6,13,0,1,30,7.780979656011056,3.371757850938124,2.3076923076923075,1.5561959312022111,0.1986754966887417,0.08609271523178808,0.11258278145695363,0.26277372262773724,1.4121037153501546,0.297029702970297,0.7389162561576355,,,4.895586368514474,-0.25804046740221126,,,,,,,,,109.96640567779538,3.1690606126799428,116.08640384674072,3.3454294321147153,,,,,,,,,,,,,,,,,,,"Nick Anderson","18337",623433
"Triston McKenzie","CLE",5,8,,4.851751888532149,25,22,0,0.6672999858856201,,111.30000305175781,494,107,65,60,20,62,1,2,103,8.32884074198019,5.013476951483222,1.6612903225806452,1.6172506295107165,0.20850202429149797,0.12550607287449392,0.08299595141700405,0.24883720930232558,1.5184186465961729,0.28338762214983715,0.7375886524822695,,,5.376722305287775,-0.25905402283596896,,,,,,,,,316.0892225265505,2.8399749672923154,313.16921520233154,2.8137395023852654,,,,,,,,,,,,,,,,,,,"Triston McKenzie","18000",663474
"Stephen Jones","SDP",2,3,,4.942791675719662,35,0,0,0,,43.70000076293945,196,42,26,24,6,21,0,4,40,8.237986126199436,4.3249427162547045,1.9047619047619047,1.2356979189299155,0.20408163265306123,0.10714285714285714,0.09693877551020409,0.24561403508771928,1.4416475720849014,0.288,0.6776556776556777,,,4.836960298324681,-0.2592087009566336,,,,,,,,,145.38000564575196,3.326773526490279,145.50000381469727,3.329519479965114,,,,,,,,,,,,,,,,,,,"Stephen Jones","sa3009935",682240
"Matt Pushard","MIA",2,4,,4.746450377713068,39,0,0,0,,49.29999923706055,215,50,28,26,7,20,0,3,40,7.302231350327797,3.6511156751638985,2,1.2778904863073646,0.18604651162790697,0.09302325581395349,0.09302325581395349,0.2604166666666667,1.4198783181192938,0.296551724137931,0.6976744186046512,,,4.789197856140417,-0.25921856394268167,,,,,,,,,159.71999435424806,3.2397565279104694,166.49999618530273,3.3772819221493786,,,,,,,,,,,,,,,,,,,"Matt Pushard","31870",690155
"Eric Adler","CHW",2,3,,5.169712896714828,44,0,0,0,,38.29999923706055,174,36,24,22,5,24,0,2,36,8.459530194624264,5.639686796416177,1.5,1.1749347492533702,0.20689655172413793,0.13793103448275862,0.06896551724137931,0.24324324324324326,1.5665796656711601,0.2897196261682243,0.6792452830188679,,,5.020265716000668,-0.2595260442216082,,,,,,,,,122.31999435424804,3.1937335976729346,120.49999618530273,3.1462140622891273,,,,,,,,,,,,,,,,,,,"Eric Adler","sa3020592",688328
"Trent Palmer","TOR",2,3,,5.4,14,8,0,0,,35,165,35,23,21,5,22,0,6,27,6.942857142857143,5.6571428571428575,1.2272727272727273,1.2857142857142858,0.16363636363636364,0.13333333333333333,0.030303030303030304,0.25547445255474455,1.6285714285714286,0.2857142857142857,0.68,,,5.8807654925755095,-0.2621394072895226,,,,,,,,,76.5,2.1857142857142855,80,2.2857142857142856,,,,,,,,,,,,,,,,,,,"Trent Palmer","sa3014491",694382
"Josh Roberson","SDP",2,2,,4.954128324779818,29,1,0,0,,32.70000076293945,152,32,19,18,4,21,1,2,28,7.706421838546383,5.779816378909787,1.3333333333333333,1.1009174055066262,0.18421052631578946,0.13815789473684212,0.046052631578947345,0.24806201550387597,1.6207950692180886,0.28865979381443296,0.7172995780590717,,,5.154247316010093,-0.2621863586927017,,,,,,,,,96.58000564575194,2.9535169233149037,98.50000381469727,3.0122324622797025,,,,,,,,,,,,,,,,,,,"Josh Roberson","sa3007721",675963
"Paolo Espino","TOR",3,5,,5.338078098570326,23,18,0,0,,84.30000305175781,377,100,54,50,17,27,1,2,53,5.658362784484545,2.882562173227976,1.962962962962963,1.8149465535139107,0.14058355437665782,0.07161803713527852,0.0689655172413793,0.28735632183908044,1.506524263374292,0.29856115107913667,0.7073643410852714,,,5.562683724759141,-0.2622169926431308,,,,,,,,,173.7200225830078,2.060735661852214,219.50001525878906,2.6037960535306537,,,,,,,,,,,,,,,,,,,"Paolo Espino","8246",502179
"Jordan Mikel","CHW",2,3,,5.327695646188356,26,1,0,0,,47.29999923706055,215,50,30,28,7,20,0,5,38,7.230444091255625,3.8054968901345396,1.9,1.331923911547089,0.17674418604651163,0.09302325581395349,0.08372093023255814,0.2631578947368421,1.4799154572745432,0.296551724137931,0.6644518272425249,,,5.069228223357065,-0.2637270066894462,,,,,,,,,134.91999435424805,2.8524312162892254,146.49999618530273,3.0972515549327304,,,,,,,,,,,,,,,,,,,"Jordan Mikel","sa3015094",690464
"Jimmy Endersby","HOU",3,5,,5.038880009682093,21,10,0,0,,64.30000305175781,291,67,39,36,10,33,0,3,47,6.578537790418288,4.6189733422085855,1.4242424242424243,1.3996888915783592,0.16151202749140894,0.1134020618556701,0.04810996563573884,0.2627450980392157,1.5552098795315101,0.2878787878787879,0.7093023255813954,,,5.405982004815169,-0.26379808202338306,,,,,,,,,164.6200225830078,2.5601868548979403,177.50001525878906,2.7604977734746257,,,,,,,,,,,,,,,,,,,"Jimmy Endersby","sa3014921",684544
"Chandler Jozwiak","MIA",2,4,,4.875,40,1,0,0,,48,216,52,28,26,6,22,1,2,33,6.1875,4.125,1.5,1.125,0.1527777777777778,0.10185185185185185,0.050925925925925944,0.2708333333333333,1.5416666666666667,0.3006535947712418,0.701219512195122,,,4.916479778289795,-0.26719048298030074,,,,,,,,,140.20000000000002,2.920833333333334,156,3.25,,,,,,,,,,,,,,,,,,,"Chandler Jozwiak","sa3017307",685001
"Drew Strotman","SFG",3,5,,4.909090909090909,31,6,0,0,,66,304,67,39,36,7,37,0,7,51,6.954545454545454,5.045454545454546,1.3783783783783783,0.9545454545454546,0.16776315789473684,0.12171052631578948,0.04605263157894736,0.25769230769230766,1.5757575757575757,0.297029702970297,0.6900212314225053,,,4.999813111623128,-0.2676683465385951,,,,,,,,,198.10000000000005,3.0015151515151524,209,3.1666666666666665,,,,,,,,,,,,,,,,,,,"Drew Strotman","sa3004584",675977
"Victor González","LAA",3,4,,4.928571428571429,46,0,0,0.6287000179290771,,42,186,41,25,23,5,20,0,4,33,7.071428571428571,4.285714285714286,1.65,1.0714285714285714,0.1774193548387097,0.10752688172043011,0.06989247311827958,0.25308641975308643,1.4523809523809523,0.2903225806451613,0.6666666666666666,,,4.856955968765986,-0.2679609977729915,,,,,,,,,139.2148000717163,3.314638096945626,141.5148000717163,3.369400001707531,,,,,,,,,,,,,,,,,,,"Victor Gonzalez","16408",624647
"Abdiel Mendoza","MIL",6,9,,4.979252901860665,30,8,0,0,,72.30000305175781,324,75,43,40,11,30,0,6,51,6.348547449872347,3.7344396763954983,1.7,1.3692945480116827,0.1574074074074074,0.09259259259259259,0.06481481481481483,0.2604166666666667,1.4522820963760272,0.2831858407079646,0.6919642857142858,,,5.227337229337682,-0.26813467856734524,,,,,,,,,198.72002258300785,2.7485479141784963,212.50001525878906,2.939142548952114,,,,,,,,,,,,,,,,,,,"Abdiel Mendoza","sa916829",665959
"Austin Davis","SDP",3,3,,5.023255813953488,42,0,0,0,,43,197,38,26,24,5,27,3,5,44,9.209302325581396,5.651162790697675,1.6296296296296295,1.0465116279069768,0.2233502538071066,0.13705583756345177,0.08629441624365483,0.23030303030303031,1.5116279069767442,0.28448275862068967,0.6724137931034483,,,4.864154196894447,-0.26897932196814495,,,,,,,,,149.89999999999998,3.4860465116279062,142,3.302325581395349,,,,,,,,,,,,,,,,,,,"Austin Davis","17117",656354
"Jacob Kostyshock","COL",0,0,,6.470588154629624,14,0,0,0,,15.300000190734863,75,16,12,11,2,9,0,5,11,6.470588154629624,5.294117581060601,1.2222222222222223,1.1764705735690226,0.14666666666666667,0.12,0.026666666666666672,0.26229508196721313,1.6339869077347535,0.2916666666666667,0.5855855855855856,,,6.173015688521742,-0.2693467249477941,,,,,,,,,27.02000141143798,1.766013142130569,30.500000953674316,1.9934640897680533,,,,,,,,,,,,,,,,,,,"Jacob Kostyshock","sa3011245",686783
"Blair Henley","HOU",3,4,,5.2708636005066,18,14,0,0,,68.30000305175781,316,70,43,40,10,34,0,11,52,6.852122680658581,4.480234060430611,1.5294117647058822,1.31771590012665,0.16455696202531644,0.10759493670886076,0.05696202531645568,0.25830258302583026,1.5226939290352401,0.28708133971291866,0.6777777777777778,,,5.52372711073858,-0.26978441332788855,,,,,,,,,169.42002258300784,2.4805273061938395,180.50001525878906,2.6427526675512145,,,,,,,,,,,,,,,,,,,"Blair Henley","26190",668874
"Parker Dunshee","ATL",3,3,,4.921875,30,4,0,0,,64,284,63,38,35,10,27,1,8,58,8.15625,3.796875,2.1481481481481484,1.40625,0.20422535211267606,0.09507042253521127,0.1091549295774648,0.25301204819277107,1.40625,0.292817679558011,0.6842105263157895,,,5.025854778289795,-0.27080213103232537,,,,,,,,,197.8,3.090625,201,3.140625,,,,,,,,,,,,,,,,,,,"Parker Dunshee","20018",670161
"Jason Blanchard","SDP",2,2,,4.646271578294912,36,0,0,0,,52.29999923706055,234,53,29,27,8,23,0,1,46,7.915870096354294,3.957935048177147,2,1.3766730602355295,0.19658119658119658,0.09829059829059829,0.09829059829059829,0.2523809523809524,1.4531548969152812,0.28846153846153844,0.7253086419753086,,,4.772598348564579,-0.27143319439837676,,,,,,,,,170.81999435424808,3.2661567274594248,177.49999618530273,3.393881429725216,,,,,,,,,,,,,,,,,,,"Jason Blanchard","sa3010313",687836
"Jake Rice","ARI",2,3,,4.529540405781946,39,0,0,0,,45.70000076293945,209,43,25,23,5,27,0,4,43,8.46827119341842,5.31728656330924,1.5925925925925926,0.9846826969091186,0.20574162679425836,0.1291866028708134,0.07655502392344496,0.24157303370786518,1.5317286396364067,0.2923076923076923,0.7142857142857143,,,4.741972093344385,-0.2716904046248056,,,,,,,,,157.88000564575196,3.454704661050798,156.50000381469727,3.4245076849454104,,,,,,,,,,,,,,,,,,,"Jake Rice","sa3017593",687095
"Baron Stuart","NYY",5,8,,5.612903225806452,20,20,0,0,,93,419,102,63,58,17,38,0,6,59,5.709677419354839,3.6774193548387095,1.5526315789473684,1.6451612903225807,0.14081145584725538,0.09069212410501193,0.05011933174224345,0.272,1.5053763440860215,0.2842809364548495,0.6626506024096386,,,5.693361498719902,-0.2723709229859242,,,,,,,,,199.90000000000003,2.1494623655913982,230,2.4731182795698925,,,,,,,,,,,,,,,,,,,"Baron Stuart","sa3020888",685067
"Austin Adams","BOS",1,2,,5.0420166989704915,46,0,0,0.6410999894142151,,35.70000076293945,166,27,22,20,4,24,1,12,47,11.848739242580654,6.05042003876459,1.9583333333333333,1.0084033397940984,0.28313253012048195,0.14457831325301204,0.1385542168674699,0.2076923076923077,1.4285713980416392,0.2911392405063291,0.6387665198237885,,,5.015219234578975,-0.2737328646456443,,,,,,,,,133.34440560340886,3.7351373320371213,115.06440377235413,3.2230924737627373,,,,,,,,,,,,,,,,,,,"Austin Adams","13801",613534
"Cole Ayers","NYY",3,4,,4.982142857142857,41,0,0,0,,56,248,55,34,31,9,23,0,3,49,7.875,3.6964285714285716,2.130434782608696,1.4464285714285714,0.1975806451612903,0.09274193548387097,0.10483870967741934,0.24774774774774774,1.3928571428571428,0.2804878048780488,0.6727828746177369,,,4.898622635432652,-0.27552812538295646,,,,,,,,,180.7000000000001,3.226785714285716,183,3.267857142857143,,,,,,,,,,,,,,,,,,,"Cole Ayers","sa3018791",681408
"Nick Garcia","SFG",3,4,,5.038880009682093,33,6,0,0,,64.30000305175781,288,69,39,36,9,27,1,4,46,6.438568901260452,3.7791600072615696,1.7037037037037037,1.2597200024205233,0.1597222222222222,0.09375,0.06597222222222221,0.26848249027237353,1.4930014843502497,0.297029702970297,0.6834532374100719,,,5.001627436136977,-0.2758515651252164,,,,,,,,,184.72002258300782,2.8727840406837744,203.50001525878906,3.164852342152818,,,,,,,,,,,,,,,,,,,"Nick Garcia","sa3014501",694356
"Ryan Middendorf","MIL",2,1,,4.5569620881860065,44,0,0,0,,55.29999923706055,242,54,30,28,8,19,1,7,47,7.649186362312225,3.092224274126219,2.473684210526316,1.3019891680531448,0.19421487603305784,0.07851239669421488,0.11570247933884296,0.25,1.3200723509427716,0.2857142857142857,0.6957928802588997,,,4.757799872576972,-0.2772517997002253,,,,,,,,,186.41999435424802,3.3710668521911016,188.49999618530273,3.408679905712823,,,,,,,,,,,,,,,,,,,"Ryan Middendorf","sa3019506",805437
"Russell Smith","MIL",2,2,,4.889335941040899,25,3,0,0,,49.70000076293945,223,49,29,27,8,25,0,3,44,7.967806718733318,4.527162908371204,1.76,1.448692130678785,0.19730941704035873,0.11210762331838565,0.08520179372197308,0.2512820512820513,1.4889335787531959,0.2867132867132867,0.7165605095541402,,,5.17855218201033,-0.27947063133878175,,,,,,,,,145.98000564575202,2.937223408547855,148.50000381469727,2.9879275962794654,,,,,,,,,,,,,,,,,,,"Russell Smith","sa3018191",669080
"Colin Peluse","OAK",3,5,,5.086956521739131,30,8,0,0,,69,302,75,42,39,11,24,0,2,44,5.739130434782608,3.130434782608696,1.8333333333333333,1.434782608695652,0.1456953642384106,0.07947019867549669,0.0662251655629139,0.2717391304347826,1.434782608695652,0.2895927601809955,0.6818181818181819,,,5.094016010173853,-0.2794909982556589,,,,,,,,,190.3,2.7579710144927536,212,3.072463768115942,,,,,,,,,,,,,,,,,,,"Colin Peluse","sa3011126",668761
"Peyton Alford","SEA",4,4,,4.569536500800876,38,0,0,0,,45.29999923706055,200,41,25,23,6,24,0,3,45,8.940397501566931,4.768212000835697,1.875,1.1920530002089242,0.225,0.12,0.10500000000000001,0.23699421965317918,1.434878611362594,0.28688524590163933,0.7067137809187279,,,4.689658611890087,-0.279976053602375,,,,,,,,,163.81999435424802,3.6163354771146365,157.49999618530273,3.476821166399708,,,,,,,,,,,,,,,,,,,"Peyton Alford","sa3016843",688230
"Joe Nahas","CHC",3,4,,4.846153846153846,28,4,0,0,,65,291,67,38,35,9,29,0,4,47,6.507692307692308,4.015384615384615,1.6206896551724137,1.2461538461538462,0.16151202749140894,0.09965635738831616,0.061855670103092786,0.25968992248062023,1.476923076923077,0.2871287128712871,0.6954436450839329,,,5.043402855212872,-0.28039749036969924,,,,,,,,,191.1,2.94,203,3.123076923076923,,,,,,,,,,,,,,,,,,,"Joe Nahas","sa3011679",687481
"Jack Carey","PIT",3,6,,4.936014556382445,33,1,0,0,,54.70000076293945,249,60,32,30,7,23,0,4,38,6.252285104751097,3.7842778265598747,1.6521739130434783,1.1517367298225705,0.15261044176706828,0.09236947791164658,0.0602409638554217,0.2702702702702703,1.5173674377027517,0.2994350282485876,0.6967213114754098,,,4.921507176114664,-0.2807495468246373,,,,,,,,,157.68000564575198,2.8826326041403627,177.50000381469727,3.2449726021751304,,,,,,,,,,,,,,,,,,,"Jack Carey","sa3017887",681004
"Michael Bienlien","DET",1,3,,4.874274589578794,33,1,0,0,,51.70000076293945,233,53,30,28,7,24,1,4,40,6.96324941368399,4.177949648210395,1.6666666666666667,1.2185686473946984,0.17167381974248927,0.10300429184549356,0.06866952789699571,0.25853658536585367,1.4893616801490757,0.2911392405063291,0.6994047619047619,,,5.00400392912307,-0.28098942045325187,,,,,,,,,154.68000564575192,2.9918762739483844,163.50000381469727,3.1624758491667246,,,,,,,,,,,,,,,,,,,"Michael Bienlien","sa3010649",669624
"Daniel Bard","COL",2,4,,5.0420166989704915,36,0,0,0,,35.70000076293945,160,33,22,20,5,22,1,4,34,8.571428388249835,5.546218368867541,1.5454545454545454,1.2605041747426229,0.2125,0.1375,0.07499999999999998,0.2462686567164179,1.5406162135743167,0.29473684210526313,0.6875,,,5.2673200695275,-0.2820018431687574,,,,,,,,,106.88000564575198,2.9938376291774547,103.50000381469727,2.899159708762295,,,,,,,,,,,,,,,,,,,"Daniel Bard","7115",453268
"Lucas Wepf","LAD",5,5,,4.874274589578794,42,0,0,0,,51.70000076293945,226,49,30,28,9,22,1,4,52,9.052224237789188,3.8297871775261947,2.3636363636363638,1.5667311180788979,0.23008849557522124,0.09734513274336283,0.1327433628318584,0.245,1.3733075232543426,0.28776978417266186,0.702054794520548,,,4.926634491193248,-0.28225807460977825,,,,,,,,,170.48000564575196,3.2974855537711827,167.50000381469727,3.239845287096547,,,,,,,,,,,,,,,,,,,"Lucas Wepf","sa3020704",689233
"Zach Bryant","BOS",2,3,,5.29411777210809,24,2,0,0,,32.29999923706055,149,35,21,19,5,17,0,2,25,6.965944436984329,4.736842217149344,1.4705882352941178,1.3931888873968659,0.16778523489932887,0.11409395973154363,0.05369127516778524,0.2692307692307692,1.6099071587697116,0.3,0.6888888888888889,,,5.395581998124781,-0.2824462818159683,,,,,,,,,79.51999435424807,2.4619193880044428,89.49999618530273,2.7708977801650145,,,,,,,,,,,,,,,,,,,"Zach Bryant","sa3011368",687926
"David Morgan","SDP",2,4,,4.9122807748103865,36,0,0,0,,51.29999923706055,229,51,30,28,7,20,1,5,41,7.1929825631152084,3.508771982007419,2.05,1.2280701937025966,0.17903930131004367,0.08733624454148471,0.09170305676855896,0.25,1.3840156151251484,0.28205128205128205,0.6699346405228758,,,4.80390670322659,-0.2845148194127107,,,,,,,,,167.91999435424808,3.27329428560572,172.49999618530273,3.362573075063205,,,,,,,,,,,,,,,,,,,"David Morgan","31616",688158
"Josh Hejka","PHI",2,3,,5.147928916616212,32,0,0,0,,50.70000076293945,226,54,31,29,7,16,1,7,34,6.035502867756938,2.8402366436503237,2.125,1.2426035315970165,0.1504424778761062,0.07079646017699115,0.07964601769911506,0.2660098522167488,1.3806705906633518,0.29012345679012347,0.6478405315614618,,,4.981075411733057,-0.28510561656301187,,,,,,,,,147.68000564575195,2.9128205803441065,161.50000381469727,3.1854043665567375,,,,,,,,,,,,,,,,,,,"Josh Hejka","sa3011152",691196
"Zane Morehouse","CLE",3,4,,4.566596268161447,42,0,0,0,,47.29999923706055,213,46,26,24,6,22,3,5,41,7.801268624775806,4.186046579147994,1.8636363636363635,1.1416490670403618,0.19248826291079812,0.10328638497652583,0.0892018779342723,0.24731182795698925,1.4376321584952705,0.28776978417266186,0.7046979865771812,,,4.794386781291792,-0.28532282014723453,,,,,,,,,157.61999435424804,3.3323466574339697,159.49999618530273,3.3720929969980027,,,,,,,,,,,,,,,,,,,"Zane Morehouse","sa3023062",689557
"Alfredo Zarraga","TBR",3,4,,4.745454545454545,44,1,0,0,,55,246,52,31,29,7,28,0,4,50,8.181818181818182,4.581818181818182,1.7857142857142858,1.1454545454545455,0.2032520325203252,0.11382113821138211,0.08943089430894309,0.24299065420560748,1.4545454545454546,0.28662420382165604,0.698005698005698,,,4.748297960107977,-0.2855240466892641,,,,,,,,,189.69999999999996,3.4490909090909083,188,3.418181818181818,,,,,,,,,,,,,,,,,,,"Alfredo Zarraga","sa3018276",700287
"Carter Loewen","SDP",2,2,,4.832214682624447,34,2,0,0,,44.70000076293945,199,43,26,24,7,22,0,3,40,8.05369113770741,4.429530125739077,1.8181818181818181,1.409395949098797,0.20100502512562815,0.11055276381909548,0.09045226130653267,0.2471264367816092,1.4541386776416159,0.28346456692913385,0.7065217391304347,,,5.09041710563101,-0.2865405259454437,,,,,,,,,137.8800056457519,3.084563832045111,137.50000381469727,3.076062672658785,,,,,,,,,,,,,,,,,,,"Carter Loewen","sa3014844",659389
"Cam Robinson","NYM",2,2,,4.8,36,0,0,0,,45,206,43,26,24,5,27,0,3,39,7.8,5.4,1.4444444444444444,1,0.18932038834951456,0.13106796116504854,0.05825242718446602,0.24431818181818182,1.5555555555555556,0.2878787878787879,0.6984126984126984,,,4.877590889400906,-0.2867234595724291,,,,,,,,,147.7,3.282222222222222,148,3.2888888888888888,,,,,,,,,,,,,,,,,,,"Cam Robinson","sa3005216",676515
"Naoyuki Uwasawa","BOS",3,5,,5.493716262273377,20,5,0,0,,55.70000076293945,254,62,37,34,9,23,0,5,39,6.301615712607697,3.716337471537873,1.6956521739130435,1.4542190106017763,0.15354330708661418,0.09055118110236221,0.06299212598425197,0.2743362831858407,1.5260322950759382,0.29775280898876405,0.6629834254143646,,,5.37473827587027,-0.28683697921697315,,,,,,,,,134.28000564575197,2.4107720611576093,155.50000381469727,2.7917415024195247,,,,,,,,,,,,,,,,,,,"Naoyuki Uwasawa","33828",683822
"Cam Sanders","PIT",2,5,,5.12562807520027,40,5,0,0,,59.70000076293945,278,56,37,34,7,40,0,7,57,8.592964714306335,6.0301506767062,1.425,1.055276368423585,0.20503597122302158,0.14388489208633093,0.061151079136690656,0.24242424242424243,1.6080401804549866,0.2934131736526946,0.6844547563805105,,,5.143029166765716,-0.28699868105998183,,,,,,,,,183.08000564575198,3.0666667220447397,180.50000381469727,3.023450611524079,,,,,,,,,,,,,,,,,,,"Cam Sanders","23479",676742
"Danny Mendick","CHW",0,1,,8.181818384488054,7,0,0,0,,7.699999809265137,42,13,8,7,2,3,0,1,1,1.1688311977840076,3.506493593352023,0.3333333333333333,2.337662395568015,0.023809523809523808,0.07142857142857142,-0.047619047619047616,0.34210526315789475,2.0779221293937913,0.3142857142857143,0.6060606060606061,,,7.841804569425825,-0.28748399705860606,,,,,,,,,-11.420001411437994,-1.4831171031584587,2.4999990463256836,0.3246752088639695,,,,,,,,,,,,,,,,,,,"Danny Mendick","18889",664901
"Calvin Coker","DET",3,3,,4.646271578294912,38,0,0,0,,52.29999923706055,232,57,29,27,7,19,0,2,32,5.506692240942118,3.2695985180593827,1.6842105263157894,1.2045889277060884,0.13793103448275862,0.08189655172413793,0.05603448275862069,0.27014218009478674,1.4531548969152812,0.29069767441860467,0.7099697885196374,,,4.887321103584207,-0.28775574694388245,,,,,,,,,153.71999435424803,2.939196875653485,171.49999618530273,3.279158674705588,,,,,,,,,,,,,,,,,,,"Calvin Coker","sa3007932",681085
"Jimmy Burnette","TOR",2,2,,4.875846585101033,40,0,0,0,,44.29999923706055,204,40,26,24,5,26,1,7,42,8.532731523926806,5.282167133859452,1.6153846153846154,1.0158013718960484,0.20588235294117646,0.12745098039215685,0.0784313725490196,0.23391812865497075,1.4898420121142042,0.28225806451612906,0.6779661016949152,,,4.97234888388277,-0.2889293197160994,,,,,,,,,147.31999435424808,3.325507830505851,141.49999618530273,3.1941308944070252,,,,,,,,,,,,,,,,,,,"Jimmy Burnette","sa3017367",694787
"Tyler McKay","PHI",4,4,,4.891304347826087,39,1,0,0,,46,207,46,27,25,6,22,1,5,34,6.6521739130434785,4.304347826086956,1.5454545454545454,1.173913043478261,0.1642512077294686,0.10628019323671498,0.05797101449275363,0.25555555555555554,1.4782608695652173,0.2857142857142857,0.6879194630872483,,,5.144740647855013,-0.28899896559358534,,,,,,,,,134,2.9130434782608696,139,3.0217391304347827,,,,,,,,,,,,,,,,,,,"Tyler McKay","sa3007851",681473
"Ian Churchill","TOR",1,1,,5.086956521739131,23,0,0,0,,23,108,21,14,13,3,14,0,5,21,8.217391304347826,5.478260869565218,1.5,1.173913043478261,0.19444444444444445,0.12962962962962962,0.06481481481481483,0.23595505617977527,1.5217391304347827,0.27692307692307694,0.6818181818181818,,,5.5143058652463175,-0.28910981494182414,,,,,,,,,63.70000000000001,2.7695652173913046,61,2.652173913043478,,,,,,,,,,,,,,,,,,,"Ian Churchill","sa3020234",686657
"Diego Castillo","COL",2,4,,5.3412461698798985,39,0,0,0,,33.70000076293945,149,33,22,20,6,15,1,4,31,8.278931563313842,4.005934627409924,2.066666666666667,1.6023738509639696,0.2080536912751678,0.10067114093959731,0.10738255033557048,0.25384615384615383,1.424332311967973,0.2903225806451613,0.6565656565656566,,,5.332651836074421,-0.29049758384094204,,,,,,,,,94.78000564575196,2.812463011869821,95.50000381469727,2.8338279422153745,,,,,,,,,,,,,,,,,,,"Diego Castillo","19906",660636
"Robert Kwiatkowski","CHC",5,6,,4.736842047624822,32,2,0,0,,62.70000076293945,275,66,36,33,9,22,0,3,42,6.028708060613409,3.157894698416548,1.9090909090909092,1.2918660129885877,0.15272727272727274,0.08,0.07272727272727274,0.264,1.403508754851799,0.2864321608040201,0.689655172413793,,,4.888967795607912,-0.2919483418687689,,,,,,,,,190.68000564575206,3.0411483783977666,205.50000381469727,3.277511982681883,,,,,,,,,,,,,,,,,,,"Robert Kwiatkowski","sa3014929",688984
"Wandisson Charles","BAL",3,4,,5.0625,30,0,0,0,,32,151,32,19,18,4,22,0,1,29,8.15625,6.1875,1.3181818181818181,1.125,0.19205298013245034,0.1456953642384106,0.04635761589403975,0.25,1.6875,0.29473684210526313,0.7231404958677686,,,5.135229778289795,-0.2923171758632504,,,,,,,,,93.40000000000002,2.9187500000000006,97,3.03125,,,,,,,,,,,,,,,,,,,"Wandisson Charles","sa874818",664301
"Carlos Espinosa","LAA",3,4,,5.1705564821396495,36,2,0,0,,55.70000076293945,250,57,35,32,9,26,0,1,49,7.917414613276338,4.201077141738465,1.8846153846153846,1.4542190106017763,0.196,0.104,0.09200000000000001,0.2556053811659193,1.4901256528388573,0.2909090909090909,0.6818181818181818,,,4.96181189014384,-0.29234288882793624,,,,,,,,,170.28000564575197,3.057091621425066,178.50000381469727,3.204667888145955,,,,,,,,,,,,,,,,,,,"Carlos Espinosa","sa3019549",800514
"Cesar Gomez","HOU",3,4,,4.835355222026286,31,5,0,0,,57.70000076293945,259,63,34,31,9,23,0,2,38,5.927209626999964,3.5875216163420833,1.6521739130434783,1.4038128063947284,0.14671814671814673,0.0888030888030888,0.057915057915057924,0.2692307692307692,1.4904679179005758,0.2887700534759358,0.7084468664850135,,,5.1768783652254555,-0.2925706810430669,,,,,,,,,153.480005645752,2.659965400630146,172.50000381469727,2.9896014130643396,,,,,,,,,,,,,,,,,,,"Cesar Gomez","sa3014799",685461
"Daniel Missaki","TEX",0,1,,5.333333333333333,18,1,0,0,,27,126,27,17,16,5,16,0,1,26,8.666666666666666,5.333333333333333,1.625,1.6666666666666667,0.20634920634920634,0.12698412698412698,0.07936507936507936,0.24770642201834864,1.5925925925925926,0.28205128205128205,0.7222222222222222,,,5.536850148660165,-0.2929145414398372,,,,,,,,,69.10000000000001,2.55925925925926,71,2.6296296296296298,,,,,,,,,,,,,,,,,,,"Daniel Missaki","sa741947",627392
"Jake Miller","CLE",3,4,,5.175,19,5,0,0,,40,180,44,25,23,7,17,0,1,26,5.85,3.825,1.5294117647058822,1.575,0.14444444444444443,0.09444444444444444,0.04999999999999999,0.2716049382716049,1.525,0.2868217054263566,0.703125,,,5.491479778289795,-0.29396078559848166,,,,,,,,,93.49999999999997,2.3374999999999995,107,2.675,,,,,,,,,,,,,,,,,,,"Jake Miller","sa3018171",681313
"Ty Tice","WSN",2,2,,5.111561945229458,42,1,0,0,,49.29999923706055,226,50,30,28,7,27,0,3,44,8.032454485360576,4.929006161471263,1.6296296296296295,1.2778904863073646,0.19469026548672566,0.11946902654867257,0.07522123893805309,0.25510204081632654,1.5618661499312232,0.296551724137931,0.6994047619047619,,,5.052889543791142,-0.2942349395963902,,,,,,,,,146.71999435424806,2.976064840259743,153.49999618530273,3.1135902344986524,,,,,,,,,,,,,,,,,,,"Ty Tice","20177",676709
"Mitchell Stumpo","ARI",3,3,,4.5,38,0,0,0,,40,181,39,22,20,5,23,1,2,36,8.1,5.175,1.565217391304348,1.125,0.19889502762430938,0.1270718232044199,0.07182320441988949,0.25,1.55,0.2956521739130435,0.7272727272727273,,,4.866479778289795,-0.29574012615300904,,,,,,,,,130.1,3.2525,132,3.3,,,,,,,,,,,,,,,,,,,"Mitchell Stumpo","sa3011585",686933
"Reggie Lawson","SDP",2,2,,5.724381779765254,12,6,0,0,,28.299999237060547,131,29,19,18,5,18,0,2,22,6.996466619713089,5.724381779765254,1.2222222222222223,1.590106049934793,0.16793893129770993,0.13740458015267176,0.030534351145038163,0.26126126126126126,1.660777429931895,0.2857142857142857,0.7,,,6.028670668172422,-0.2979218776422025,,,,,,,,,56.51999435424804,1.997172999221559,60.499996185302734,2.137809110117373,,,,,,,,,,,,,,,,,,,"Reggie Lawson","sa917951",666156
"Clay Helvey","WSN",3,6,,5.041186098086989,38,0,0,0,,60.70000076293945,273,58,37,34,8,33,2,4,56,8.303130043907982,4.8929159187314895,1.696969696969697,1.1861614348439975,0.20512820512820512,0.12087912087912088,0.08424908424908424,0.2457627118644068,1.49917625792783,0.29069767441860467,0.6766917293233083,,,4.863349608691625,-0.29913129031272234,,,,,,,,,200.980005645752,3.311037942662776,200.50000381469727,3.3031301695981705,,,,,,,,,,,,,,,,,,,"Clay Helvey","sa3007459",663627
"Christian Romero","LAD",4,7,,5.525383906282568,22,12,0,0,,84.69999694824219,379,92,56,52,15,30,0,9,54,5.7378986719088205,3.1877214843937893,1.8,1.5938607421968947,0.1424802110817942,0.079155672823219,0.0633245382585752,0.27058823529411763,1.4403778559112677,0.28413284132841327,0.6534653465346535,,,5.574980455387324,-0.29971551519524037,,,,,,,,,194.0799774169922,2.2913811618622497,219.49998474121094,2.5914993229024703,,,,,,,,,,,,,,,,,,,"Christian Romero","sa3016260",699071
"Justin King","MIA",1,3,,5.27687283303145,32,0,0,0,,30.700000762939453,142,30,19,18,5,19,0,2,33,9.674266860557658,5.570032434866531,1.736842105263158,1.4657980091754028,0.2323943661971831,0.13380281690140844,0.09859154929577466,0.24793388429752067,1.5960911655465497,0.30120481927710846,0.7142857142857143,,,5.186023702042572,-0.3000478901682271,,,,,,,,,90.68000564575198,2.953746038834612,91.50000381469727,2.9804560762472225,,,,,,,,,,,,,,,,,,,"Justin King","sa3018278",659381
"Trey Benton","CLE",2,3,,4.628571428571429,28,0,0,0,,35,158,35,19,18,5,19,1,1,30,7.714285714285714,4.885714285714286,1.5789473684210527,1.2857142857142858,0.189873417721519,0.12025316455696203,0.06962025316455697,0.2536231884057971,1.542857142857143,0.2912621359223301,0.7446808510638298,,,5.023622635432652,-0.3025104755641156,,,,,,,,,106.5,3.0428571428571427,110,3.142857142857143,,,,,,,,,,,,,,,,,,,"Trey Benton","sa3015034",668998
"Cy Nielson","PIT",3,5,,4.89681057665985,41,1,0,0,,53.29999923706055,244,52,31,29,6,26,1,9,44,7.4296436335528755,4.390243965281244,1.6923076923076923,1.0131332227572103,0.18032786885245902,0.10655737704918032,0.0737704918032787,0.24880382775119617,1.4634146550937481,0.2893081761006289,0.6752873563218391,,,4.948843781288591,-0.30413411966879866,,,,,,,,,168.41999435424802,3.159849845497601,171.49999618530273,3.2176359970012043,,,,,,,,,,,,,,,,,,,"Cy Nielson","sa3020321",686951
"Carlos Betancourt","HOU",2,3,,4.804928056142317,26,1,0,0,,48.70000076293945,216,49,28,26,7,21,0,3,37,6.837782233740989,3.880903429961102,1.7619047619047619,1.2936344766537007,0.1712962962962963,0.09722222222222222,0.07407407407407408,0.2552083333333333,1.437371640726334,0.28378378378378377,0.6976744186046512,,,4.99399515007042,-0.3046711899186608,,,,,,,,,148.88000564575194,3.0570842569482903,154.50000381469727,3.1724846282193755,,,,,,,,,,,,,,,,,,,"Carlos Betancourt","sa3006600",678640
"Valentin Linarez","PIT",3,4,,5.115453000049395,30,5,0,0,,56.29999923706055,258,58,35,32,8,30,1,5,45,7.193605781319461,4.795737187546307,1.5,1.2788632500123487,0.1744186046511628,0.11627906976744186,0.058139534883720936,0.2600896860986547,1.563055083348426,0.29411764705882354,0.6901041666666667,,,5.280156538726871,-0.3066270333783545,,,,,,,,,152.4199943542481,2.7072823520380216,162.49999618530273,2.8863232395629237,,,,,,,,,,,,,,,,,,,"Valentin Linarez","sa3006557",679066
"Michael Dominguez","TOR",3,6,,5.358444515763367,21,20,0,0,,82.30000305175781,378,84,53,49,14,48,0,4,66,7.217496694701678,5.249088505237584,1.375,1.530984147360962,0.1746031746031746,0.12698412698412698,0.047619047619047616,0.25766871165644173,1.6038881543781507,0.2845528455284553,0.702846975088968,,,5.669517352546606,-0.30738370470506987,,,,,,,,,194.4200225830078,2.3623331151122633,205.50001525878906,2.496962425743189,,,,,,,,,,,,,,,,,,,"Michael Dominguez","sa3011198",686597
"Jefry Yan","COL",2,2,,5.5,29,1,0,0,,36,171,33,24,22,5,28,0,4,39,9.75,7,1.3928571428571428,1.25,0.22807017543859648,0.16374269005847952,0.06432748538011696,0.23741007194244604,1.6944444444444444,0.29473684210526313,0.6851851851851852,,,5.4720353338453505,-0.30830571019624675,,,,,,,,,101.10000000000004,2.8083333333333345,97,2.6944444444444446,,,,,,,,,,,,,,,,,,,"Jefry Yan","27902",642376
"Jaycob Deese","PIT",2,4,,5.1233395842732845,33,2,0,0,,52.70000076293945,235,61,32,30,8,17,0,2,30,5.1233395842732845,2.903225764421528,1.7647058823529411,1.3662238891395426,0.1276595744680851,0.07234042553191489,0.05531914893617021,0.2824074074074074,1.480075879901171,0.29775280898876405,0.688622754491018,,,5.082988289443875,-0.30851088680158856,,,,,,,,,135.98000564575196,2.5802657244243914,162.50000381469727,3.0834914888459193,,,,,,,,,,,,,,,,,,,"Jaycob Deese","sa3020376",671600
"Evan Kravetz","CIN",3,5,,5.433962264150943,37,3,0,0,,53,241,56,35,32,9,27,0,3,46,7.811320754716981,4.584905660377358,1.7037037037037037,1.528301886792453,0.1908713692946058,0.11203319502074689,0.0788381742738589,0.26540284360189575,1.5660377358490567,0.30128205128205127,0.6818181818181818,,,5.336291099044512,-0.3086192066383219,,,,,,,,,137.90000000000006,2.6018867924528313,150,2.830188679245283,,,,,,,,,,,,,,,,,,,"Evan Kravetz","27536",667478
"Will Bednar","SFG",2,4,,5.367793321974181,30,13,0,0,,50.29999923706055,233,47,32,30,7,31,0,8,48,8.58846931515869,5.546719766039987,1.5483870967741935,1.2524851084606423,0.20600858369098712,0.13304721030042918,0.07296137339055794,0.2422680412371134,1.5506958485703188,0.28776978417266186,0.6744868035190615,,,5.393119971108715,-0.3088275223333568,,,,,,,,,142.91999435424805,2.8413518195234087,139.49999618530273,2.7733598071810803,,,,,,,,,,,,,,,,,,,"Will Bednar","sa3017844",687218
"Taylor Floyd","SEA",3,4,,4.635879281294764,40,1,0,0,,56.29999923706055,251,55,31,29,7,26,1,5,48,7.673179500074092,4.156305562540133,1.8461538461538463,1.119005343760805,0.19123505976095617,0.10358565737051793,0.08764940239043824,0.25,1.4387211562638922,0.2909090909090909,0.7022471910112359,,,4.729534861638221,-0.3093948370635721,,,,,,,,,190.51999435424807,3.3840141551695555,193.49999618530273,3.4369449166515738,,,,,,,,,,,,,,,,,,,"Taylor Floyd","sa3011367",687905
"Miguel Rodriguez","MIN",3,4,,5,35,1,0,0,,45,203,48,27,25,7,20,0,2,37,7.4,4,1.85,1.4,0.18226600985221675,0.09852216748768473,0.08374384236453201,0.26519337016574585,1.511111111111111,0.29927007299270075,0.70446735395189,,,5.010924222734239,-0.3096141066341285,,,,,,,,,130.09999999999997,2.8911111111111105,142,3.1555555555555554,,,,,,,,,,,,,,,,,,,"Miguel Rodriguez","sa3006570",678279
"Evan Shawver","COL",2,4,,5.8,28,7,0,0,,45,213,50,31,29,7,26,0,4,32,6.4,5.2,1.2307692307692308,1.4,0.15023474178403756,0.12206572769953052,0.028169014084507046,0.273224043715847,1.6888888888888889,0.2986111111111111,0.6797583081570997,,,5.766479778289796,-0.3108482805522325,,,,,,,,,90.89999999999998,2.0199999999999996,108,2.4,,,,,,,,,,,,,,,,,,,"Evan Shawver","sa3017780",686900
"Evan Justice","COL",2,4,,5.454545454545454,39,0,0,0.5722000002861023,,33,158,31,22,20,4,24,0,6,34,9.272727272727273,6.545454545454546,1.4166666666666667,1.0909090909090908,0.21518987341772153,0.1518987341772152,0.06329113924050633,0.2421875,1.6666666666666667,0.3,0.6680161943319838,,,5.408904020714037,-0.3118102000717996,,,,,,,,,94.68880000114446,2.8693575757922565,93.28880000114441,2.8269333333680122,,,,,,,,,,,,,,,,,,,"Evan Justice","30008",687145
"Brad Case","PIT",2,5,,5.217391386760947,24,3,0,0,,48.29999923706055,224,54,30,28,6,21,0,6,28,5.217391386760947,3.91304354007071,1.3333333333333333,1.118012440020203,0.125,0.09375,0.03125,0.27411167512690354,1.5527950555836152,0.294478527607362,0.6756756756756758,,,5.29898498795796,-0.3123740904657349,,,,,,,,,118.21999435424803,2.4476189693919896,138.49999618530273,2.8674947903318353,,,,,,,,,,,,,,,,,,,"Brad Case","sa3007613",681902
"Luarbert Arias","MIA",4,8,,4.974874308282615,40,1,0,0,,59.70000076293945,265,60,36,33,9,25,1,5,52,7.83919587971806,3.768844172941375,2.08,1.356783902258895,0.19622641509433963,0.09433962264150944,0.1018867924528302,0.2553191489361702,1.4237855764445195,0.29310344827586204,0.6767955801104972,,,4.8917728885696246,-0.31439233341687783,,,,,,,,,189.080005645752,3.1671692333231767,195.50000381469727,3.2747068897201705,,,,,,,,,,,,,,,,,,,"Luarbert Arias","23811",678215
"Dany Jiménez","ATL",3,4,,4.680851148255462,40,0,0,0,,42.29999923706055,186,37,24,22,6,26,1,2,44,9.361702296510924,5.531914993392818,1.6923076923076923,1.276595767706035,0.23655913978494625,0.13978494623655913,0.09677419354838712,0.23417721518987342,1.489361728990374,0.28703703703703703,0.7142857142857143,,,4.915888793294362,-0.3145363858206598,,,,,,,,,147.01999435424807,3.4756500474221896,137.49999618530273,3.2505909849954335,,,,,,,,,,,,,,,,,,,"Dany Jimenez","21170",666204
"Jack Sinclair","WSN",3,5,,4.929006161471263,42,0,0,0,,49.29999923706055,220,49,29,27,7,21,1,6,41,7.484787134085992,3.8336714589220935,1.9523809523809523,1.2778904863073646,0.18636363636363637,0.09545454545454546,0.09090909090909091,0.2538860103626943,1.4198783181192938,0.2896551724137931,0.6810631229235881,,,4.9920376158717445,-0.3145385699988991,,,,,,,,,152.31999435424805,3.0896551057092867,156.49999618530273,3.1744421624180506,,,,,,,,,,,,,,,,,,,"Jack Sinclair","29945",695378
"Ryan Cusick","OAK",3,5,,5.205479693848757,25,13,0,0,,65.69999694824219,299,66,41,38,10,37,0,4,55,7.534246925307412,5.068493386115895,1.4864864864864864,1.3698630773286202,0.18394648829431437,0.12374581939799331,0.06020066889632106,0.2558139534883721,1.5677321884983098,0.29015544041450775,0.6966292134831461,,,5.34304000115638,-0.31526621486187023,,,,,,,,,178.5799774169922,2.71811241570796,185.49998474121094,2.8234397771334145,,,,,,,,,,,,,,,,,,,"Ryan Cusick","sa3017385",680743
"Lenny Torres Jr.","CIN",2,4,,5.562914000974979,34,3,0,0,,45.29999923706055,211,45,30,28,7,29,2,4,43,8.54304650149729,5.7615895010098,1.4827586206896552,1.3907285002437448,0.2037914691943128,0.13744075829383887,0.06635071090047392,0.25280898876404495,1.6335541113974146,0.296875,0.6853582554517134,,,5.462285556469945,-0.3167858877933562,,,,,,,,,119.11999435424804,2.6295804936083607,122.49999618530273,2.70419422181985,,,,,,,,,,,,,,,,,,,"Lenny Torres Jr.","sa3008329",678013
"Luis Velasquez","NYY",3,3,,4.9787234042553195,33,1,0,0,,47,211,44,28,26,7,27,1,3,43,8.23404255319149,5.170212765957447,1.5925925925925926,1.3404255319148937,0.2037914691943128,0.12796208530805686,0.07582938388625593,0.2430939226519337,1.5106382978723405,0.2824427480916031,0.7026143790849673,,,5.1877563740344765,-0.3168415445528232,,,,,,,,,143.29999999999998,3.0489361702127655,140,2.978723404255319,,,,,,,,,,,,,,,,,,,"Luis Velasquez","sa3010135",686433
"Nigel Belgrave","MIA",4,5,,4.660714285714286,45,0,0,0,,56,249,54,31,29,7,28,1,6,50,8.035714285714286,4.5,1.7857142857142858,1.125,0.20080321285140562,0.11244979919678715,0.08835341365461848,0.25116279069767444,1.4642857142857142,0.2974683544303797,0.706371191135734,,,4.827194064004081,-0.31861034930050863,,,,,,,,,185.90000000000006,3.3196428571428584,187,3.3392857142857144,,,,,,,,,,,,,,,,,,,"Nigel Belgrave","sa3023180",811310
"Daniel Harper","PHI",2,4,,5.4,37,0,0,0,,40,182,42,26,24,6,20,1,1,30,6.75,4.5,1.5,1.35,0.16483516483516483,0.10989010989010989,0.054945054945054944,0.2608695652173913,1.55,0.288,0.6716417910447761,,,5.191479778289795,-0.31868317270805235,,,,,,,,,109.99999999999999,2.7499999999999996,119,2.975,,,,,,,,,,,,,,,,,,,"Daniel Harper","sa3020316",679702
"Donovan Walton","NYM",1,2,,8,9,0,0,0,,9,44,12,9,8,2,5,3,0,1,1,5,0.2,2,0.022727272727272728,0.11363636363636363,-0.09090909090909091,0.3076923076923077,1.8888888888888888,0.2777777777777778,0.5633802816901409,,,7.499813111623128,-0.3199245830412648,,,,,,,,,-2.1999999999999957,-0.24444444444444396,6,0.6666666666666666,,,,,,,,,,,,,,,,,,,"Donovan Walton","19314",622268
"Alec Barger","COL",2,3,,5.436241517952503,37,1,0,0,,44.70000076293945,205,48,29,27,7,22,0,3,35,7.046979745493985,4.429530125739077,1.5909090909090908,1.409395949098797,0.17073170731707318,0.1073170731707317,0.06341463414634148,0.26666666666666666,1.5659954989986633,0.2971014492753623,0.6810631229235881,,,5.3141307483451055,-0.3202422800444602,,,,,,,,,114.88000564575191,2.570022453802693,127.50000381469727,2.85234902994469,,,,,,,,,,,,,,,,,,,"Alec Barger","sa3010566",681897
"Ty Adcock","NYM",2,3,,4.954128324779818,28,0,0,0,,32.70000076293945,142,33,19,18,6,13,0,1,27,7.431192487169727,3.577981567896535,2.076923076923077,1.6513761082599392,0.19014084507042253,0.09154929577464789,0.09859154929577464,0.2578125,1.4067277959251334,0.28421052631578947,0.7180851063829787,,,5.184828355051943,-0.3221439074709003,,,,,,,,,94.38000564575192,2.8862386374228315,97.50000381469727,2.981651423237852,,,,,,,,,,,,,,,,,,,"Ty Adcock","25651",686654
"Jackson Kelley","TEX",3,4,,5.09433962264151,39,0,0,0,,53,235,49,32,30,8,24,0,6,51,8.660377358490566,4.0754716981132075,2.125,1.3584905660377358,0.2170212765957447,0.10212765957446808,0.11489361702127661,0.23902439024390243,1.3773584905660377,0.2808219178082192,0.6634304207119741,,,4.902328834893568,-0.32254670683889797,,,,,,,,,178.40000000000006,3.3660377358490576,173,3.2641509433962264,,,,,,,,,,,,,,,,,,,"Jackson Kelley","sa3020755",805958
"Tanner Kiest","LAD",5,6,,4.9787234042553195,36,0,0,0,,47,214,47,28,26,7,24,1,4,43,8.23404255319149,4.595744680851064,1.7916666666666667,1.3404255319148937,0.20093457943925233,0.11214953271028037,0.08878504672897196,0.25268817204301075,1.5106382978723405,0.29411764705882354,0.7026143790849673,,,5.060096799566391,-0.3256970274683039,,,,,,,,,141.5,3.0106382978723403,146,3.106382978723404,,,,,,,,,,,,,,,,,,,"Tanner Kiest","sa738380",641750
"Cameron Junker","PIT",2,4,,5.3541077644436275,31,1,0,0,,35.29999923706055,166,37,23,21,4,22,0,3,26,6.628895327406396,5.609065277036181,1.1818181818181819,1.0198300503702147,0.1566265060240964,0.13253012048192772,0.02409638554216867,0.2624113475177305,1.6713881381067408,0.2972972972972973,0.6741573033707865,,,5.291125716561076,-0.32639350535958145,,,,,,,,,92.81999435424807,2.6294616532682182,101.49999618530273,2.875354061728719,,,,,,,,,,,,,,,,,,,"Cameron Junker","sa3010365",669668
"Jacob Wallace","KCR",3,5,,4.952561598130842,43,0,0,0,,52.70000076293945,241,49,31,29,6,33,2,5,49,8.368121320979698,5.635673542700613,1.4848484848484849,1.0246679168546569,0.2033195020746888,0.13692946058091288,0.06639004149377592,0.2413793103448276,1.5559772070755902,0.2905405405405405,0.6929347826086957,,,4.950160966888642,-0.32783888063449057,,,,,,,,,172.78000564575197,3.2785579344290467,169.50000381469727,3.2163188114011527,,,,,,,,,,,,,,,,,,,"Jacob Wallace","sa3010374",686608
"Elvis Alvarado","OAK",3,3,,4.672686310721822,38,0,0,0,,44.29999923706055,198,41,25,23,6,23,0,4,43,8.735891798306016,4.672686310721822,1.8695652173913044,1.2189616462752582,0.21717171717171718,0.11616161616161616,0.10101010101010102,0.23976608187134502,1.44469528447438,0.28688524590163933,0.7014388489208633,,,4.814335337143385,-0.3284743700458942,,,,,,,,,152.41999435424805,3.4406319859874026,148.49999618530273,3.3521444411464105,,,,,,,,,,,,,,,,,,,"Elvis Alvarado","21662",665660
"Trevor Kelley","SEA",2,2,,4.695652173913044,44,1,0,0,,46,202,47,26,24,7,19,1,2,38,7.434782608695652,3.717391304347826,2,1.3695652173913044,0.18811881188118812,0.09405940594059406,0.09405940594059406,0.2596685082872928,1.434782608695652,0.29411764705882354,0.7117437722419928,,,4.862131952202839,-0.32991632003669147,,,,,,,,,145.10000000000002,3.154347826086957,152,3.3043478260869565,,,,,,,,,,,,,,,,,,,"Trevor Kelley","18454",665001
"Austin Smith","ATL",2,2,,5.406360569778296,27,1,0,0,,28.299999237060547,133,29,18,17,4,17,0,3,24,7.632509039687006,5.406360569778296,1.411764705882353,1.2720848399478344,0.18045112781954886,0.12781954887218044,0.05263157894736842,0.25663716814159293,1.6254417399333438,0.29411764705882354,0.6930693069306931,,,5.427963938197056,-0.33010257468343734,,,,,,,,,72.81999435424805,2.57314474619794,77.49999618530273,2.738515840092739,,,,,,,,,,,,,,,,,,,"Austin Smith","sa3017071",694518
"Travis Kuhn","SEA",4,4,,4.5,43,0,0,0,,50,222,48,27,25,6,22,2,6,42,7.56,3.96,1.9090909090909092,1.08,0.1891891891891892,0.0990990990990991,0.0900900900900901,0.24742268041237114,1.4,0.2876712328767123,0.698051948051948,,,4.726479778289795,-0.33071179321389105,,,,,,,,,171.39999999999998,3.4279999999999995,172,3.44,,,,,,,,,,,,,,,,,,,"Travis Kuhn","sa3009928",674047
"Juan Morillo","ARI",3,3,,4.615384615384615,36,0,0,0,,39,181,39,22,20,5,24,0,1,35,8.076923076923077,5.538461538461538,1.4583333333333333,1.1538461538461537,0.19337016574585636,0.13259668508287292,0.06077348066298344,0.25,1.6153846153846154,0.29310344827586204,0.7321428571428571,,,4.96135157316159,-0.330949510526294,,,,,,,,,120.70000000000002,3.0948717948717954,125,3.2051282051282053,,,,,,,,,,,,,,,,,,,"Juan Morillo","21924",666661
"Junior Fernández","KCR",2,2,,4.95,35,0,0,0.6407999992370605,,40,186,43,24,22,5,22,0,2,29,6.525,4.95,1.3181818181818181,1.125,0.15591397849462366,0.11827956989247312,0.03763440860215053,0.2654320987654321,1.625,0.296875,0.7068965517241379,,,5.141479778289796,-0.334381175881712,,,,,,,,,111.26319999694825,2.7815799999237063,123.56319999694824,3.089079999923706,,,,,,,,,,,,,,,,,,,"Junior Fernandez","18496",658551
"Wander Suero","ATL",3,5,,4.7928993361599215,53,0,0,0,,50.70000076293945,226,52,29,27,7,22,1,4,42,7.455621189582099,3.905325385019195,1.9090909090909092,1.2426035315970165,0.18584070796460178,0.09734513274336283,0.08849557522123895,0.26,1.4595660529869718,0.2980132450331126,0.7009345794392523,,,4.843008352666722,-0.3350124686045668,,,,,,,,,159.88000564575194,3.1534517404311475,168.50000381469727,3.323471425623073,,,,,,,,,,,,,,,,,,,"Wander Suero","15855",593833
"Jordany Ventura","NYY",3,5,,5.425038895763599,22,11,0,0,,64.69999694824219,298,63,42,39,10,40,0,7,53,7.3724887557813,5.564142457193435,1.325,1.3910356142983586,0.17785234899328858,0.1342281879194631,0.043624161073825496,0.250996015936255,1.5919629808081215,0.28191489361702127,0.6853932584269663,,,5.7167117378367855,-0.3354055345628147,,,,,,,,,156.9799774169922,2.426274881319869,158.49998474121094,2.449768040453009,,,,,,,,,,,,,,,,,,,"Jordany Ventura","sa3008542",683094
"Alan Busenitz","CIN",3,5,,5.469613336519039,43,2,0,0,,54.29999923706055,244,62,36,33,10,20,1,2,41,6.7955802059782,3.314917173647902,2.05,1.657458586823951,0.1680327868852459,0.08196721311475409,0.0860655737704918,0.27927927927927926,1.510128934661822,0.30409356725146197,0.6764705882352942,,,5.265927321600133,-0.33563763101897176,,,,,,,,,133.61999435424806,2.460773411264626,157.49999618530273,2.900552456689662,,,,,,,,,,,,,,,,,,,"Alan Busenitz","15239",641427
"Ryan Anderson","NYY",2,4,,5.3083111005340475,27,1,0,0,,37.29999923706055,167,36,24,22,6,16,0,6,30,7.238606046182792,3.860589891297489,1.875,1.4477212092365583,0.17964071856287425,0.09580838323353294,0.08383233532934131,0.2482758620689655,1.39410190519076,0.27522935779816515,0.6422018348623852,,,5.418490548213331,-0.3358691556608368,,,,,,,,,102.61999435424805,2.751206339229274,102.49999618530273,2.7479892300764646,,,,,,,,,,,,,,,,,,,"Ryan Anderson","sa1172845",669243
"Wilkin Ramos","PIT",3,5,,4.9056602988947215,37,0,0,0,,47.70000076293945,219,48,28,26,5,27,1,4,36,6.792452721546537,5.094339541159903,1.3333333333333333,0.943396211325908,0.1643835616438356,0.1232876712328767,0.0410958904109589,0.2553191489361702,1.5723270188765133,0.2925170068027211,0.6911764705882353,,,4.969414759934864,-0.33625191260463033,,,,,,,,,145.68000564575198,3.054088119825318,152.50000381469727,3.1970650183549316,,,,,,,,,,,,,,,,,,,"Wilkin Ramos","23988",678576
"Guillo Zuñiga","PHI",2,4,,5.232558139534884,40,1,0,0.593999981880188,,43,191,42,27,25,7,21,2,3,36,7.534883720930233,4.395348837209302,1.7142857142857142,1.4651162790697674,0.18848167539267016,0.1099476439790576,0.07853403141361257,0.25149700598802394,1.4651162790697674,0.28225806451612906,0.6766917293233082,,,5.282758848057237,-0.3367889139692209,,,,,,,,,125.27599992752072,2.9133953471516447,126.37599992752075,2.9389767425004827,,,,,,,,,,,,,,,,,,,"Guillo Zuniga","19588",670871
"Christian Suarez","LAD",4,5,,5.111561945229458,39,0,0,0,,49.29999923706055,225,50,30,28,7,26,0,2,41,7.484787134085992,4.746450377713068,1.5769230769230769,1.2778904863073646,0.18222222222222223,0.11555555555555555,0.06666666666666668,0.25380710659898476,1.5415821739580904,0.28859060402684567,0.6948640483383686,,,5.052889543791142,-0.33787383816555344,,,,,,,,,146.71999435424806,2.976064840259743,153.49999618530273,3.1135902344986524,,,,,,,,,,,,,,,,,,,"Christian Suarez","sa3009222",682949
"Eddy Yean","PIT",4,5,,4.758942231366421,42,1,0,0,,64.30000305175781,291,69,37,34,8,27,1,5,44,6.15863112294478,3.7791600072615696,1.6296296296296295,1.1197511132626872,0.15120274914089346,0.09278350515463918,0.05841924398625428,0.26640926640926643,1.4930014843502497,0.2946859903381642,0.6957547169811321,,,4.908314843365087,-0.3380973596528669,,,,,,,,,190.02002258300783,2.9552101642989443,209.50001525878906,3.2581649349247086,,,,,,,,,,,,,,,,,,,"Eddy Yean","24248",678868
"Raúl Alcántara","OAK",4,6,,5.382059618773616,18,16,0,0,,90.30000305175781,401,103,58,54,17,29,0,5,60,5.9800662430817955,2.8903653508228677,2.0689655172413794,1.6943521022065087,0.14962593516209477,0.07231920199501247,0.0773067331670823,0.28065395095367845,1.4617939705311056,0.296551724137931,0.6839186691312384,,,5.414541717818692,-0.33903230607720136,,,,,,,,,209.32002258300776,2.3180511130551182,248.50001525878906,2.751938060471103,,,,,,,,,,,,,,,,,,,"Raul Alcantara","12790",593417
"Houston Harding","LAA",3,4,,5.4298640034595795,20,11,0,0,,66.30000305175781,301,72,43,40,11,34,0,1,45,6.108597003892027,4.615384402940642,1.3235294117647058,1.4932126009513842,0.14950166112956811,0.11295681063122924,0.036544850498338874,0.2706766917293233,1.5987932899075428,0.2904761904761905,0.695364238410596,,,5.549586757585944,-0.3394705220675467,,,,,,,,,153.12002258300774,2.309502496756643,173.50001525878906,2.616893020703851,,,,,,,,,,,,,,,,,,,"Houston Harding","sa3017820",699613
"Aaron McGarity","CHW",4,7,,5.008976592072785,48,0,0,0,,55.70000076293945,244,56,34,31,8,19,2,9,44,7.109515162942018,3.070017911270417,2.3157894736842106,1.2926391205349124,0.18032786885245902,0.0778688524590164,0.10245901639344263,0.25925925925925924,1.3464990838905337,0.2926829268292683,0.6426332288401254,,,4.96181189014384,-0.34000615843990745,,,,,,,,,172.180005645752,3.0912029315502934,178.50000381469727,3.204667888145955,,,,,,,,,,,,,,,,,,,"Aaron McGarity","sa873280",641849
"Danis Correa","OAK",1,2,,4.7745357123957115,32,1,0,0,,37.70000076293945,171,36,22,20,5,21,0,4,34,8.11671071107271,5.013262498015497,1.619047619047619,1.1936339280989279,0.19883040935672514,0.12280701754385964,0.07602339181286549,0.2465753424657534,1.5119363089253088,0.2897196261682243,0.7,,,5.0762940632480795,-0.34195914833970453,,,,,,,,,116.88000564575198,3.10026533900364,116.50000381469727,3.090185715041715,,,,,,,,,,,,,,,,,,,"Danis Correa","sa3002980",672550
"Alejandro Torres","HOU",1,2,,4.620123130906074,39,0,0,0,,48.70000076293945,215,45,27,25,7,22,0,6,45,8.316221635630933,4.065708355197345,2.0454545454545454,1.2936344766537007,0.20930232558139536,0.10232558139534884,0.10697674418604652,0.24064171122994651,1.3757699989809198,0.2814814814814815,0.6993006993006993,,,4.911859627743201,-0.3432897718914414,,,,,,,,,163.28000564575194,3.352772137326279,158.50000381469727,3.2546201505465944,,,,,,,,,,,,,,,,,,,"Alejandro Torres","sa3023265",687776
"Jake Haberer","SEA",1,1,,5.088339359791338,25,2,0,0,,28.299999237060547,132,29,17,16,4,16,0,3,22,6.996466619713089,5.088339359791338,1.375,1.2720848399478344,0.16666666666666666,0.12121212121212122,0.04545454545454544,0.25663716814159293,1.590106049934793,0.28735632183908044,0.7106598984771574,,,5.463299628195607,-0.3442232522102734,,,,,,,,,71.81999435424805,2.537809056199389,76.49999618530273,2.703180150094188,,,,,,,,,,,,,,,,,,,"Jake Haberer","sa3008514",683065
"Blake Taylor","TEX",2,3,,5.2105263157894735,33,0,0,0,,38,172,40,24,22,5,20,0,1,26,6.157894736842105,4.7368421052631575,1.3,1.1842105263157894,0.1511627906976744,0.11627906976744186,0.03488372093023255,0.26490066225165565,1.5789473684210527,0.2916666666666667,0.6792452830188679,,,5.166479778289795,-0.34439357056006864,,,,,,,,,104.69999999999999,2.7552631578947366,114,3,,,,,,,,,,,,,,,,,,,"Blake Taylor","16418",642130
"Nick Swiney","HOU",2,4,,4.945054885827669,33,5,0,0,,63.70000076293945,288,65,38,35,10,32,0,3,53,7.488225969967614,4.5211930384710115,1.65625,1.4128728245221913,0.1840277777777778,0.1111111111111111,0.07291666666666669,0.25691699604743085,1.5227629330961394,0.2894736842105263,0.7108433734939759,,,5.19159749343827,-0.3446505104327808,,,,,,,,,180.3800056457519,2.831711200711581,189.50000381469727,2.974882284851526,,,,,,,,,,,,,,,,,,,"Nick Swiney","sa3014542",676464
"Triston Polley","TEX",2,5,,5.639686796416177,28,1,0,0,,38.29999923706055,177,39,26,24,5,22,0,3,29,6.814621545669547,5.169712896714828,1.3181818181818181,1.1749347492533702,0.1638418079096045,0.12429378531073447,0.03954802259887004,0.2565789473684211,1.5926893267656794,0.288135593220339,0.6481481481481481,,,5.307471988040381,-0.3464017155451932,,,,,,,,,103.51999435424804,2.7028719690959715,109.49999618530273,2.8590077902494144,,,,,,,,,,,,,,,,,,,"Triston Polley","sa3010258",687423
"Kyle Barraclough","TEX",2,4,,5.471698025690266,24,5,0,0,,47.70000076293945,216,47,31,29,8,27,0,4,42,7.924528175137627,5.094339541159903,1.5555555555555556,1.5094339381214528,0.19444444444444445,0.125,0.06944444444444445,0.25405405405405407,1.5513626586248264,0.28888888888888886,0.6847133757961784,,,5.535452486730408,-0.34945637843850846,,,,,,,,,123.38000564575198,2.5865828862127014,125.50000381469727,2.6310272915593864,,,,,,,,,,,,,,,,,,,"Kyle Barraclough","13713",607457
"Noah Murdock","OAK",1,3,,4.982142857142857,36,3,0,0,,56,256,52,34,31,6,33,0,7,48,7.714285714285714,5.303571428571429,1.4545454545454546,0.9642857142857143,0.1875,0.12890625,0.05859375,0.24074074074074073,1.5178571428571428,0.2839506172839506,0.6657963446475196,,,4.987908349718366,-0.350714320677565,,,,,,,,,181.4,3.2392857142857143,178,3.1785714285714284,,,,,,,,,,,,,,,,,,,"Noah Murdock","27908",668716
"Chance Adams","COL",2,4,,5.5900622001010145,39,3,0,0,,48.29999923706055,221,57,32,30,8,19,0,3,29,5.40372679343098,3.5403727267306424,1.5263157894736843,1.4906832533602705,0.13122171945701358,0.08597285067873303,0.04524886877828055,0.2864321608040201,1.5734989896580633,0.30246913580246915,0.6790123456790124,,,5.485320394627994,-0.35167741653807505,,,,,,,,,102.81999435424802,2.1287783846454875,129.49999618530273,2.6811593836618015,,,,,,,,,,,,,,,,,,,"Chance Adams","18135",664856
"Helcris Olivárez","SFG",2,4,,5.506692240942118,17,11,0,0,,52.29999923706055,251,49,35,32,6,37,0,11,48,8.260038361413176,6.367112903589324,1.2972972972972974,1.032504795176647,0.19123505976095617,0.14741035856573706,0.04382470119521911,0.2413793103448276,1.6443594886146602,0.28859060402684567,0.6572164948453608,,,5.575657633701972,-0.3520675159064621,,,,,,,,,137.81999435424805,2.635181574851473,135.49999618530273,2.5908221445878232,,,,,,,,,,,,,,,,,,,"Helcris Olivarez","sa3002965",672487
"Wesley Moore","PHI",1,1,,5.3541077644436275,33,0,0,0,,35.29999923706055,160,35,23,21,6,17,0,5,33,8.413597915554272,4.334277714073413,1.9411764705882353,1.5297450755553221,0.20625,0.10625,0.09999999999999999,0.2536231884057971,1.4730878505347547,0.29292929292929293,0.6651376146788991,,,5.376111554091927,-0.3526973867011598,,,,,,,,,96.41999435424805,2.731444658305239,98.49999618530273,2.7903682241978682,,,,,,,,,,,,,,,,,,,"Wesley Moore","sa3020796",667744
"Caleb Freeman","CHW",2,3,,5.206611679678498,35,0,0,0,,36.29999923706055,169,36,23,21,5,23,0,3,33,8.181818353780496,5.702479458695498,1.434782608695652,1.2396694475424994,0.1952662721893491,0.13609467455621302,0.05917159763313609,0.2517482517482518,1.6253443867779438,0.29523809523809524,0.6923076923076923,,,5.287691944084738,-0.3533094843892203,,,,,,,,,101.51999435424803,2.7966941181255183,104.49999618530273,2.8787878342050566,,,,,,,,,,,,,,,,,,,"Caleb Freeman","26255",673965
"Jonathan Hughes","ATL",2,3,,5.2,30,2,0,0,,45,206,49,28,26,6,22,1,3,31,6.2,4.4,1.4090909090909092,1.2,0.15048543689320387,0.10679611650485436,0.04368932038834951,0.27071823204419887,1.5777777777777777,0.2986111111111111,0.6869009584664536,,,5.188702000512017,-0.35363456357156964,,,,,,,,,118.79999999999998,2.6399999999999997,134,2.977777777777778,,,,,,,,,,,,,,,,,,,"Jonathan Hughes","sa3014908",663670
"Jake Pilarski","LAD",1,1,,5.538461538461538,24,0,0,0,,26,121,27,17,16,4,15,0,2,19,6.576923076923077,5.1923076923076925,1.2666666666666666,1.3846153846153846,0.15702479338842976,0.12396694214876033,0.03305785123966942,0.25961538461538464,1.6153846153846154,0.2839506172839506,0.6868131868131868,,,5.666479778289795,-0.3541995803662177,,,,,,,,,59.999999999999986,2.307692307692307,65,2.5,,,,,,,,,,,,,,,,,,,"Jake Pilarski","sa3020685",702355
"Tommy McCollum","PHI",2,2,,5.230024309689876,40,0,0,0,,41.29999923706055,191,41,26,24,6,25,0,3,38,8.280871823675637,5.447941989260288,1.52,1.307506077422469,0.19895287958115182,0.13089005235602094,0.06806282722513088,0.25153374233128833,1.5980629835163511,0.29411764705882354,0.6944444444444444,,,5.248804271962616,-0.3552222624749901,,,,,,,,,117.21999435424802,2.8382565743260515,120.49999618530273,2.917675506327179,,,,,,,,,,,,,,,,,,,"Tommy McCollum","sa3017204",695294
"Bradley Hanner","CLE",5,7,,4.615384545931776,39,0,0,0,,50.70000076293945,230,48,28,26,6,26,1,7,45,7.988165560266535,4.615384545931776,1.7307692307692308,1.0650887413688714,0.1956521739130435,0.11304347826086956,0.08260869565217392,0.2436548223350254,1.4595660529869718,0.2876712328767123,0.701219512195122,,,4.882456083828532,-0.35631009978749995,,,,,,,,,167.58000564575195,3.3053255054041166,166.50000381469727,3.2840236944612626,,,,,,,,,,,,,,,,,,,"Bradley Hanner","26097",690440
"Jordan Holloway","SEA",1,3,,4.958677790169998,30,2,0,0,,36.29999923706055,168,33,22,20,5,27,0,1,37,9.173553911814496,6.694215016729497,1.3703703703703705,1.2396694475424994,0.22023809523809523,0.16071428571428573,0.05952380952380951,0.2357142857142857,1.6528925967233326,0.2857142857142857,0.7169811320754716,,,5.232595524193961,-0.35847793449402887,,,,,,,,,111.31999435424804,3.0666665755903293,106.49999618530273,2.933884254095834,,,,,,,,,,,,,,,,,,,"Jordan Holloway","20631",656548
"Alimber Santa","HOU",3,3,,5.332136372206513,21,8,0,0,,55.70000076293945,261,56,36,33,9,36,0,2,49,7.917414613276338,5.816876042407105,1.3611111111111112,1.4542190106017763,0.18773946360153257,0.13793103448275862,0.04980842911877395,0.25112107623318386,1.6517055429057212,0.28484848484848485,0.7052896725440806,,,5.554271487055675,-0.3584831780296682,,,,,,,,,139.880005645752,2.5113106594214365,145.50000381469727,2.6122082912341202,,,,,,,,,,,,,,,,,,,"Alimber Santa","28846",695001
"Kyle Bischoff","MIN",3,3,,4.952561598130842,40,0,0,0,,52.70000076293945,234,51,31,29,8,23,1,6,50,8.538899307122142,3.927893681276185,2.1739130434782608,1.3662238891395426,0.21367521367521367,0.09829059829059829,0.11538461538461538,0.24878048780487805,1.4041745527267522,0.2925170068027211,0.6847133757961784,,,4.8932349715078285,-0.35960975328909595,,,,,,,,,171.98000564575196,3.263377668994163,172.50000381469727,3.273244806781967,,,,,,,,,,,,,,,,,,,"Kyle Bischoff","sa3022176",680253
"Ivan Armstrong","WSN",3,6,,5.138662380432109,33,2,0,0,,61.29999923706055,276,64,38,35,9,27,0,5,45,6.6068516319841395,3.964110979190484,1.6666666666666667,1.321370326396828,0.16304347826086957,0.09782608695652174,0.06521739130434782,0.26229508196721313,1.4845024654581647,0.2894736842105263,0.6760204081632653,,,5.173005088744238,-0.36023380264859783,,,,,,,,,170.5199943542481,2.7817291431735565,183.49999618530273,2.9934746895455575,,,,,,,,,,,,,,,,,,,"Ivan Armstrong","sa3006358",678371
"Adrian Hernandez","TOR",2,2,,4.804928056142317,36,0,0,0,,48.70000076293945,222,45,28,26,6,29,1,5,44,8.13141671039469,5.359342831851046,1.5172413793103448,1.1088295514174578,0.1981981981981982,0.13063063063063063,0.06756756756756757,0.2393617021276596,1.519507163053553,0.2826086956521739,0.701219512195122,,,5.055596791815834,-0.3618722416016757,,,,,,,,,155.58000564575195,3.194661256846383,151.50000381469727,3.110882986473961,,,,,,,,,,,,,,,,,,,"Adrian Hernandez","sa3006177",681753
"Andrew Vasquez","DET",3,5,,5.033898305084746,41,3,0,0,,59,263,57,36,33,8,23,0,13,46,7.016949152542373,3.5084745762711864,2,1.2203389830508475,0.17490494296577946,0.08745247148288973,0.08745247148288973,0.2511013215859031,1.3559322033898304,0.2832369942196532,0.6395348837209303,,,5.200378083374541,-0.36236661014449256,,,,,,,,,174.00000000000003,2.949152542372882,175,2.9661016949152543,,,,,,,,,,,,,,,,,,,"Andrew Vasquez","19482",607755
"Jake Reindl","CHC",1,3,,5.595855143486977,17,0,0,0,,19.299999237060547,91,17,13,12,3,12,0,6,20,9.326425239144962,5.595855143486977,1.6666666666666667,1.3989637858717443,0.21978021978021978,0.13186813186813187,0.0879120879120879,0.2328767123287671,1.502590732973355,0.28,0.6451612903225806,,,5.912593876482479,-0.36370248957869317,,,,,,,,,47.719994354248044,2.4725386653184116,43.499996185302734,2.2538859018073167,,,,,,,,,,,,,,,,,,,"Jake Reindl","sa3011523",667429
"Jeisson Cabrera","LAD",1,2,,5.346534788088525,26,1,0,0,,30.299999237060547,141,29,19,18,5,19,0,4,29,8.613861603031513,5.643564498537888,1.5263157894736843,1.4851485522468126,0.20567375886524822,0.1347517730496454,0.07092198581560283,0.2457627118644068,1.5841584557299335,0.2857142857142857,0.7073170731707317,,,5.674730666528856,-0.36447531012433587,,,,,,,,,76.31999435424805,2.5188117582821423,75.49999618530273,2.4917491117609387,,,,,,,,,,,,,,,,,,,"Jeisson Cabrera","sa3006501",678922
"Danny Watson","NYY",3,5,,5.079006859480242,37,0,0,0,,44.29999923706055,194,43,27,25,7,18,0,5,35,7.110609603272339,3.6568849388257743,1.9444444444444444,1.4221219206544677,0.18041237113402062,0.09278350515463918,0.08762886597938144,0.25146198830409355,1.3769751930146434,0.27906976744186046,0.6640625,,,5.198082522081892,-0.36451489005187354,,,,,,,,,130.91999435424805,2.9553046638592906,131.49999618530273,2.9683972562079033,,,,,,,,,,,,,,,,,,,"Danny Watson","sa3017952",702130
"Riley Pint","CLE",2,2,,4.736842022564676,39,0,0,0,,43.70000076293945,202,34,25,23,5,33,0,8,54,11.12128127036924,6.796338554114535,1.6363636363636365,1.0297482657749295,0.26732673267326734,0.16336633663366337,0.10396039603960397,0.2111801242236025,1.5331807512648952,0.28431372549019607,0.7,,,4.99714336188967,-0.3650921145131442,,,,,,,,,158.48000564575196,3.6265446883047585,138.50000381469727,3.1693364164001254,,,,,,,,,,,,,,,,,,,"Riley Pint","21858",666207
"Andrew Walling","PHI",3,5,,5.203426039188458,41,0,0,0,,46.70000076293945,212,46,29,27,7,26,1,3,42,8.094218283182046,5.010706556255552,1.6153846153846154,1.349036380530341,0.19811320754716982,0.12264150943396226,0.07547169811320756,0.25136612021857924,1.541755863463247,0.291044776119403,0.6913183279742765,,,5.179327711144589,-0.3655816509051535,,,,,,,,,136.8800056457519,2.931049323544727,139.50000381469727,2.9871520671452054,,,,,,,,,,,,,,,,,,,"Andrew Walling","sa3020319",681003
"Michael Arias","NYY",3,5,,5.337726456797989,39,6,0,0,,60.70000076293945,280,58,39,36,10,37,1,5,59,8.74794058197448,5.485996636153488,1.5945945945945945,1.4827017935549969,0.21071428571428572,0.13214285714285715,0.07857142857142857,0.24369747899159663,1.5650741154191632,0.28402366863905326,0.691358024691358,,,5.43995586174079,-0.36802696012595887,,,,,,,,,167.38000564575196,2.757495939735577,165.50000381469727,2.726523916549005,,,,,,,,,,,,,,,,,,,"Michael Arias","sa3017036",683522
"Alex Hoppe","BOS",3,5,,5.041186098086989,35,0,0,0,,60.70000076293945,276,66,37,34,8,28,0,2,45,6.672158070997486,4.151565021953991,1.6071428571428572,1.1861614348439975,0.16304347826086957,0.10144927536231885,0.06159420289855072,0.2682926829268293,1.54859965104633,0.3005181347150259,0.6884057971014493,,,4.879824073064458,-0.36829860571625844,,,,,,,,,179.180005645752,2.9518946193350106,199.50000381469727,3.286655705225337,,,,,,,,,,,,,,,,,,,"Alex Hoppe","31880",695380
"Juan Sanchez","SFG",2,2,,5.181818181818182,23,0,0,0,,33,154,33,21,19,4,21,0,2,28,7.636363636363637,5.7272727272727275,1.3333333333333333,1.0909090909090908,0.18181818181818182,0.13636363636363635,0.04545454545454547,0.25190839694656486,1.6363636363636365,0.29292929292929293,0.6818181818181819,,,5.136176747986765,-0.3686237204833661,,,,,,,,,96.20000000000006,2.915151515151517,100,3.0303030303030303,,,,,,,,,,,,,,,,,,,"Juan Sanchez","sa3005444",678738
"Jordan Weems","ATL",2,3,,4.806629901789458,50,0,0,0,,54.29999923706055,240,52,31,29,8,28,2,2,51,8.45303879280215,4.6408840431070635,1.8214285714285714,1.3259668694591609,0.2125,0.11666666666666667,0.09583333333333333,0.24761904761904763,1.4732965216212899,0.2913907284768212,0.7122093023255814,,,4.860770778154278,-0.369340030151848,,,,,,,,,180.21999435424803,3.3189686351090266,179.49999618530273,3.3057090001355167,,,,,,,,,,,,,,,,,,,"Jordan Weems","13190",607179
"Miguel Cienfuegos","SDP",6,8,,5.256797421525956,23,17,0,0,,99.30000305175781,449,112,63,58,16,37,0,8,54,4.894259668317269,3.353474217180351,1.4594594594594594,1.4501510128347463,0.12026726057906459,0.08240534521158129,0.037861915367483304,0.27722772277227725,1.500503478558175,0.2874251497005988,0.679304897314376,,,5.533045667290944,-0.37544313945533914,,,,,,,,,219.8200225830078,2.2136960304868443,261.50001525878906,2.6334341109988513,,,,,,,,,,,,,,,,,,,"Miguel Cienfuegos","sa3020816",800550
"Haden Erbe","TBR",2,4,,5.187319770674037,25,2,0,0,,34.70000076293945,157,35,22,20,6,17,0,3,30,7.780979656011056,4.4092218050729315,1.7647058823529411,1.5561959312022111,0.1910828025477707,0.10828025477707007,0.08280254777070065,0.25547445255474455,1.4985590448613886,0.2871287128712871,0.6880733944954128,,,5.4143183455818775,-0.376033800305388,,,,,,,,,91.98000564575193,2.650720565516214,95.50000381469727,2.752161432707917,,,,,,,,,,,,,,,,,,,"Haden Erbe","sa3020462",669652
"Eli Villalobos","DET",1,3,,4.988452743784928,33,0,0,0,,43.29999923706055,196,43,26,24,6,24,1,3,36,7.482679115677393,4.988452743784928,1.5,1.247113185946232,0.1836734693877551,0.12244897959183673,0.06122448979591838,0.25443786982248523,1.5473441381184732,0.29133858267716534,0.6996587030716723,,,5.1757176889809475,-0.3772767703798394,,,,,,,,,125.81999435424804,2.9057735928678374,129.49999618530273,2.990762089308848,,,,,,,,,,,,,,,,,,,"Eli Villalobos","20408",681871
"Sheldon Reed","MIN",1,3,,5.3943216367337286,25,0,0,0,,31.700000762939453,146,33,21,19,5,18,1,2,28,7.949526622554969,5.11040997164248,1.5555555555555556,1.4195583254562445,0.1917808219178082,0.1232876712328767,0.0684931506849315,0.2619047619047619,1.6088327688504103,0.3010752688172043,0.6818181818181818,,,5.343135877322704,-0.3778181723457863,,,,,,,,,83.28000564575196,2.6271294524104496,89.50000381469727,2.823343900967092,,,,,,,,,,,,,,,,,,,"Sheldon Reed","sa3017382",663477
"Brett de Geus","MIA",2,4,,5.357142857142857,41,0,0,0.6065999865531921,,42,199,48,27,25,5,20,0,5,29,6.214285714285714,4.285714285714286,1.45,1.0714285714285714,0.1457286432160804,0.10050251256281408,0.04522613065326632,0.27586206896551724,1.619047619047619,0.30714285714285716,0.6721311475409836,,,5.118860730670748,-0.37828494751102293,,,,,,,,,109.92639994621277,2.6172952368145896,130.42639994621277,3.105390474909828,,,,,,,,,,,,,,,,,,,"Brett de Geus","23592",676969
"Jose Cruz","SFG",1,3,,5.4545455691869975,22,2,0,0,,36.29999923706055,167,34,24,22,5,23,0,4,33,8.181818353780496,5.702479458695498,1.434782608695652,1.2396694475424994,0.19760479041916168,0.1377245508982036,0.059880239520958084,0.24285714285714285,1.570247966887166,0.28431372549019607,0.66,,,5.3703365739209055,-0.3804166439309233,,,,,,,,,103.71999435424803,2.8573001800053737,101.49999618530273,2.7961432043688896,,,,,,,,,,,,,,,,,,,"Jose Cruz","sa3024843",821781
"Johnathan Lavallee","TOR",2,4,,5.175,34,0,0,0,,40,182,39,25,23,6,24,2,1,35,7.875,5.4,1.4583333333333333,1.35,0.19230769230769232,0.13186813186813187,0.06043956043956045,0.2484076433121019,1.575,0.28448275862068967,0.6959706959706959,,,5.241479778289795,-0.38057727795584384,,,,,,,,,115.79999999999998,2.8949999999999996,117,2.925,,,,,,,,,,,,,,,,,,,"Johnathan Lavallee","sa3017993",702300
"Andrew Baker","PHI",2,4,,5.318181818181818,40,0,0,0,,44,205,41,28,26,6,32,0,2,44,9,6.545454545454546,1.375,1.2272727272727273,0.2146341463414634,0.15609756097560976,0.058536585365853655,0.23976608187134502,1.6590909090909092,0.2892561983471074,0.6965944272445821,,,5.257388869198886,-0.38226784380331025,,,,,,,,,131.2,2.9818181818181815,128,2.909090909090909,,,,,,,,,,,,,,,,,,,"Andrew Baker","sa3017196",687900
"Michael Gomez","STL",3,4,,4.606946919290282,38,0,0,0,,54.70000076293945,246,53,30,28,6,25,0,8,42,6.910420378935424,4.1133454636520375,1.68,0.9872029112764891,0.17073170731707318,0.1016260162601626,0.06910569105691058,0.24882629107981222,1.4259597607327064,0.28484848484848485,0.6896551724137931,,,4.866662569932638,-0.3865578143682395,,,,,,,,,178.18000564575198,3.2574040797175483,180.50000381469727,3.2998172083571577,,,,,,,,,,,,,,,,,,,"Michael Gomez","sa3008454",676546
"Juan Mejia","COL",3,5,,5.294117647058823,46,0,0,0,,51,236,51,32,30,7,28,1,7,45,7.9411764705882355,4.9411764705882355,1.6071428571428572,1.2352941176470589,0.1906779661016949,0.11864406779661017,0.07203389830508473,0.2537313432835821,1.5490196078431373,0.2953020134228188,0.6791907514450867,,,5.244911150838815,-0.3899397406840975,,,,,,,,,143.70000000000002,2.8176470588235296,149,2.9215686274509802,,,,,,,,,,,,,,,,,,,"Juan Mejia","23237",675848
"Sam McWilliams","MIL",3,4,,5.04,29,4,0,0,,50,230,45,30,28,8,30,0,8,53,9.54,5.4,1.7666666666666666,1.44,0.23043478260869565,0.13043478260869565,0.1,0.234375,1.5,0.2824427480916031,0.7053291536050157,,,5.406479778289795,-0.389984094916272,,,,,,,,,146.60000000000002,2.9320000000000004,138,2.76,,,,,,,,,,,,,,,,,,,"Sam McWilliams","sa829124",656726
"Conor Grammes","ARI",2,2,,4.847775089026724,34,2,0,0,,42.70000076293945,202,41,25,23,5,29,0,6,41,8.64168602826503,6.1124120687728265,1.4137931034482758,1.0538641497884182,0.20297029702970298,0.14356435643564355,0.05940594059405943,0.24550898203592814,1.6393442330042063,0.2975206611570248,0.7142857142857143,,,5.2273696712093685,-0.39012212129188445,,,,,,,,,124.88000564575198,2.9245902438985176,125.50000381469727,2.939110107080426,,,,,,,,,,,,,,,,,,,"Conor Grammes","sa3011651",682202
"Cayne Ueckert","CHC",1,2,,5.187319770674037,30,0,0,0,,34.70000076293945,158,33,22,20,5,20,0,3,31,8.040345644544757,5.187319770674037,1.55,1.2968299426685093,0.1962025316455696,0.12658227848101267,0.06962025316455694,0.24444444444444444,1.5273774880317998,0.2828282828282828,0.6739130434782609,,,5.24140768655941,-0.39031924929865436,,,,,,,,,102.48000564575194,2.9533142188055335,101.50000381469727,2.925072091730385,,,,,,,,,,,,,,,,,,,"Cayne Ueckert","sa3010789",681145
"Brandon Hughes","CHC",2,3,,4.761904697829895,47,1,0,0,,56.70000076293945,246,52,32,30,10,24,1,5,58,9.20634908247113,3.8095237582639156,2.4166666666666665,1.5873015659432983,0.23577235772357724,0.0975609756097561,0.13821138211382114,0.23963133640552994,1.340387989018785,0.28187919463087246,0.7096774193548387,,,4.947784868959497,-0.39188154908581035,,,,,,,,,190.38000564575194,3.3576720120644,182.50000381469727,3.218694909330299,,,,,,,,,,,,,,,,,,,"Brandon Hughes","23460",676714
"Todd Peterson","WSN",2,4,,5.485327408238661,36,2,0,0,,44.29999923706055,203,50,29,27,7,19,0,2,27,5.485327408238661,3.860045213204984,1.4210526315789473,1.4221219206544677,0.1330049261083744,0.09359605911330049,0.0394088669950739,0.27472527472527475,1.5575621035739409,0.2905405405405405,0.6756756756756757,,,5.423816160281014,-0.39300108430922115,,,,,,,,,102.71999435424806,2.3187358041377673,121.49999618530273,2.7426636180087813,,,,,,,,,,,,,,,,,,,"Todd Peterson","sa3011334",668720
"Dylan Heid","BAL",3,4,,5.04,34,0,0,0,,50,228,50,30,28,7,28,0,2,44,7.92,5.04,1.5714285714285714,1.26,0.19298245614035087,0.12280701754385964,0.07017543859649122,0.25252525252525254,1.56,0.2925170068027211,0.7038123167155425,,,5.026479778289795,-0.39344285315199434,,,,,,,,,151.89999999999998,3.0379999999999994,157,3.14,,,,,,,,,,,,,,,,,,,"Dylan Heid","sa3019113",695327
"J.C. Flowers","PIT",2,3,,5.1,35,3,0,0,,60,278,64,37,34,7,34,1,4,41,6.15,5.1,1.2058823529411764,1.05,0.1474820143884892,0.1223021582733813,0.02517985611510791,0.26666666666666666,1.6333333333333333,0.296875,0.691609977324263,,,5.216479778289795,-0.3943574832683451,,,,,,,,,159.49999999999997,2.6583333333333328,177,2.95,,,,,,,,,,,,,,,,,,,"J.C. Flowers","sa3011493",669001
"Beck Way","KCR",4,6,,5.368916733184326,35,9,0,0,,63.70000076293945,298,63,41,38,8,40,1,9,50,7.064364122610956,5.651491298088765,1.25,1.1302982596177529,0.16778523489932887,0.1342281879194631,0.03355704697986578,0.25301204819277107,1.6169544547309522,0.2879581151832461,0.6753812636165577,,,5.53696640609925,-0.3997789325247563,,,,,,,,,162.18000564575192,2.545996918419316,167.50000381469727,2.6295133721905457,,,,,,,,,,,,,,,,,,,"Beck Way","27877",694360
"Justin Kelly","TOR",2,4,,5.013262498015497,30,0,0,0,,37.70000076293945,169,40,23,21,6,16,1,2,25,5.96816964049464,3.8196285699165693,1.5625,1.4323607137187135,0.14792899408284024,0.09467455621301775,0.053254437869822494,0.26490066225165565,1.4854111105231103,0.2833333333333333,0.6932773109243697,,,5.341546047270064,-0.4001144988982818,,,,,,,,,97.18000564575198,2.577718930480332,106.50000381469727,2.824933731019731,,,,,,,,,,,,,,,,,,,"Justin Kelly","sa3017072",702124
"Ryan Langford","LAA",1,3,,5.708245335201809,28,5,0,0,,47.29999923706055,214,52,32,30,8,21,0,2,31,5.8985201797085365,3.9957717346412664,1.4761904761904763,1.5221987560538157,0.14485981308411214,0.09813084112149532,0.046728971962616814,0.27225130890052357,1.543340405443452,0.2894736842105263,0.6634304207119741,,,5.513202860539428,-0.40033310931172944,,,,,,,,,109.41999435424805,2.313319156853499,125.49999618530273,2.6532769177503672,,,,,,,,,,,,,,,,,,,"Ryan Langford","sa3020880",679622
"Jack Hartman","TBR",3,3,,4.987405445715658,34,0,0,0,,39.70000076293945,180,42,24,22,6,18,0,2,31,7.027707673508427,4.080604455585538,1.7222222222222223,1.3602014851951794,0.17222222222222222,0.1,0.07222222222222222,0.2625,1.5113349835501992,0.2926829268292683,0.6976744186046512,,,5.080837424120047,-0.40037233721661925,,,,,,,,,112.78000564575193,2.840806132956898,122.50000381469727,3.0856423541697473,,,,,,,,,,,,,,,,,,,"Jack Hartman","sa3018250",689713
"Kendall Williams","LAD",5,6,,5.670945359467349,20,19,0,0,,85.69999694824219,395,97,58,54,14,39,0,7,46,4.830805306212927,4.095682759615308,1.1794871794871795,1.4702450931952387,0.11645569620253164,0.09873417721518987,0.01772151898734177,0.27793696275071633,1.5869312117027972,0.28719723183391005,0.6701030927835051,,,5.826923280262132,-0.40089884761675615,,,,,,,,,163.77997741699212,1.9110849854044418,200.49998474121094,2.3395564980276635,,,,,,,,,,,,,,,,,,,"Kendall Williams","sa3011674",683086
"Austin Brice","MIN",1,2,,5.454545314428019,27,1,0,0,,29.700000762939453,139,28,19,18,4,19,1,6,27,8.18181797164203,5.757575609674021,1.4210526315789473,1.2121211809840045,0.19424460431654678,0.1366906474820144,0.05755395683453238,0.24561403508771928,1.5824915418402279,0.2891566265060241,0.6763285024154589,,,5.624392173062915,-0.40112355356810403,,,,,,,,,76.78000564575201,2.5851853088690957,75.50000381469727,2.54208760522688,,,,,,,,,,,,,,,,,,,"Austin Brice","17237",592169
"Gerson Moreno","OAK",2,2,,4.923413484545593,41,1,0,0,,45.70000076293945,207,41,27,25,6,28,1,5,46,9.059080811563891,5.514223102691064,1.6428571428571428,1.1816192362909423,0.2222222222222222,0.13526570048309178,0.08695652173913043,0.23563218390804597,1.5098468019273152,0.28688524590163933,0.693069306930693,,,5.026435983562575,-0.4011640676605844,,,,,,,,,150.78000564575194,3.299343613316248,143.50000381469727,3.1400437947272204,,,,,,,,,,,,,,,,,,,"Gerson Moreno","sa736656",642575
"Larson Kindreich","TEX",2,3,,5.901639238815142,23,6,0,0,,42.70000076293945,200,40,30,28,7,31,0,4,42,8.852458858222715,6.533957728688193,1.3548387096774193,1.4754098097037855,0.21,0.155,0.05499999999999999,0.24242424242424243,1.6627634363328379,0.28448275862068967,0.6699346405228758,,,5.789430551096525,-0.40194622472884384,,,,,,,,,104.88000564575196,2.4562061773258868,101.50000381469727,2.37704922719327,,,,,,,,,,,,,,,,,,,"Larson Kindreich","sa3017505",695465
"Randy Labaut","PIT",3,6,,5.195530652441801,33,2,0,0,,53.70000076293945,247,57,34,31,7,31,2,1,38,6.368714993315756,5.195530652441801,1.2258064516129032,1.1731843408739548,0.15384615384615385,0.12550607287449392,0.028340080971659937,0.2651162790697674,1.6387336824906038,0.29411764705882354,0.690537084398977,,,5.233518855067716,-0.4041171332669256,,,,,,,,,143.08000564575192,2.664432097075448,157.50000381469727,2.9329609232220792,,,,,,,,,,,,,,,,,,,"Randy Labaut","sa3010615",665178
"Kyle Wilcox","COL",1,2,,5.3943216367337286,26,0,0,0,,31.700000762939453,147,32,21,19,5,22,0,2,28,7.949526622554969,6.246056632007475,1.2727272727272727,1.4195583254562445,0.19047619047619047,0.14965986394557823,0.040816326530612235,0.2601626016260163,1.7034699905474933,0.3,0.7021276595744681,,,5.7216847641110355,-0.40443930784092386,,,,,,,,,73.88000564575195,2.3305994910929226,77.50000381469727,2.44479501417876,,,,,,,,,,,,,,,,,,,"Kyle Wilcox","sa857699",664048
"Stevie Branche","CIN",1,3,,6.142433095361883,26,0,0,0,,33.70000076293945,158,32,25,23,5,23,0,5,33,8.813056180301832,6.142433095361883,1.434782608695652,1.3353115424699746,0.2088607594936709,0.14556962025316456,0.06329113924050633,0.24615384615384617,1.6320474407966354,0.29347826086956524,0.625,,,5.629387734401082,-0.40629920727351854,,,,,,,,,86.68000564575196,2.572106934225226,85.50000381469727,2.5370920438887135,,,,,,,,,,,,,,,,,,,"Stevie Branche","sa3014866",688857
"Sam Benschoter","CIN",3,7,,6,26,13,0,0,,90,412,97,65,60,17,42,0,9,71,7.1,4.2,1.6904761904761905,1.7,0.17233009708737865,0.10194174757281553,0.07038834951456312,0.26869806094182824,1.5444444444444445,0.29304029304029305,0.642361111111111,,,5.7442575560675735,-0.4066806170923509,,,,,,,,,193.69999999999996,2.1522222222222216,218,2.422222222222222,,,,,,,,,,,,,,,,,,,"Sam Benschoter","sa3017639",680397
"Holden Powell","WSN",3,5,,5.510204204196857,30,0,0,0,,34.29999923706055,159,35,23,21,5,20,0,3,27,7.084548262538815,5.24781352780653,1.35,1.3119533819516325,0.16981132075471697,0.12578616352201258,0.04402515723270439,0.25735294117647056,1.6034985779408841,0.28846153846153844,0.6666666666666666,,,5.498841346203808,-0.4110359530722986,,,,,,,,,86.31999435424802,2.516617967180034,91.49999618530273,2.6676384320859867,,,,,,,,,,,,,,,,,,,"Holden Powell","sa3014854",676026
"Tyler Guilfoil","HOU",5,8,,5.153764414336789,23,15,0,0,,94.30000305175781,427,96,58,54,16,43,0,12,75,7.158006131023318,4.1039235151200355,1.744186046511628,1.5270413079516412,0.1756440281030445,0.10070257611241218,0.07494145199063232,0.25806451612903225,1.4740190403144313,0.2846975088967972,0.6946826758147513,,,5.5312729149093505,-0.41380225646532776,,,,,,,,,236.42002258300778,2.5071051424382826,248.50001525878906,2.6352068633804446,,,,,,,,,,,,,,,,,,,"Tyler Guilfoil","sa3020113",805965
"Eric Pardinho","TOR",2,2,,4.959183673469388,39,0,0,0,,49,221,49,29,27,8,26,0,1,44,8.081632653061224,4.775510204081633,1.6923076923076923,1.469387755102041,0.19909502262443438,0.11764705882352941,0.08144796380090497,0.25257731958762886,1.530612244897959,0.2887323943661972,0.7210031347962382,,,5.146071615024489,-0.4138240147381062,,,,,,,,,143.80000000000004,2.9346938775510214,148,3.020408163265306,,,,,,,,,,,,,,,,,,,"Eric Pardinho","sa968102",672078
"Brendan Cellucci","BOS",3,5,,5.138121619154249,35,1,0,0,,54.29999923706055,254,53,34,31,7,36,0,4,52,8.618784651484546,5.966850912566224,1.4444444444444444,1.1602210107767659,0.2047244094488189,0.14173228346456693,0.06299212598425197,0.24766355140186916,1.639042380303685,0.2967741935483871,0.6944444444444444,,,5.137013875958271,-0.4168518376890573,,,,,,,,,161.91999435424805,2.981952055788157,164.49999618530273,3.0294659023315247,,,,,,,,,,,,,,,,,,,"Brendan Cellucci","26318",676454
"Joshua Cornielly","NYM",3,4,,4.889335941040899,34,0,0,0,,49.70000076293945,220,48,29,27,8,20,1,6,44,7.967806718733318,3.6217303266969627,2.2,1.448692130678785,0.2,0.09090909090909091,0.1090909090909091,0.24742268041237114,1.3682092345299637,0.28169014084507044,0.6866197183098592,,,5.057827837787098,-0.4168704217320524,,,,,,,,,154.580005645752,3.110261635267821,154.50000381469727,3.108651940502697,,,,,,,,,,,,,,,,,,,"Joshua Cornielly","sa3005890",681739
"Chase Plymell","CHW",2,5,,5.118483474014107,35,0,0,0,,63.29999923706055,285,70,39,36,9,27,0,1,42,5.971564053016459,3.8388626055105806,1.5555555555555556,1.2796208685035269,0.14736842105263157,0.09473684210526316,0.052631578947368404,0.2723735408560311,1.5323854845042235,0.2961165048543689,0.6872037914691943,,,5.01482103279489,-0.42062891999960317,,,,,,,,,175.71999435424806,2.7759873060372557,199.49999618530273,3.1516587454949057,,,,,,,,,,,,,,,,,,,"Chase Plymell","sa3017985",684384
"Austin Pruitt","OAK",2,4,,5.10638307082414,31,3,0,0,,42.29999923706055,181,46,26,24,8,12,1,2,27,5.744680954677158,2.55319153541207,2.25,1.7021276902747131,0.14917127071823205,0.06629834254143646,0.08287292817679559,0.2754491017964072,1.3711584171657412,0.2878787878787879,0.6837606837606838,,,5.341420715863039,-0.42288228509099884,,,,,,,,,107.01999435424806,2.5300235528251265,119.49999618530273,2.8250590624267553,,,,,,,,,,,,,,,,,,,"Austin Pruitt","15290",643493
"Jacob Webb","BOS",4,7,,5.271428571428571,38,5,0,0,,70,317,74,44,41,10,34,1,5,50,6.428571428571429,4.371428571428571,1.4705882352941178,1.2857142857142858,0.15772870662460567,0.10725552050473186,0.05047318611987381,0.26618705035971224,1.542857142857143,0.29357798165137616,0.6808510638297872,,,5.266479778289796,-0.4234734269506334,,,,,,,,,185.6,2.6514285714285712,203,2.9,,,,,,,,,,,,,,,,,,,"Jacob Webb","sa3017547",701288
"Orlando Ortiz-Mayr","MIA",4,9,,5.470588235294118,23,18,0,0,,102,473,117,67,62,16,46,0,10,64,5.647058823529412,4.0588235294117645,1.391304347826087,1.411764705882353,0.13530655391120508,0.09725158562367865,0.03805496828752643,0.2805755395683453,1.5980392156862746,0.2997032640949555,0.6827880512091039,,,5.597852327309402,-0.4237471847994693,,,,,,,,,213.8,2.096078431372549,262,2.5686274509803924,,,,,,,,,,,,,,,,,,,"Orlando Ortiz-Mayr","sa3018181",689508
"Kelvin Cáceres","LAA",2,3,,5.404157139100339,29,2,0,0,,43.29999923706055,201,39,28,26,6,31,2,6,46,9.561201092254446,6.443418127388866,1.4838709677419355,1.247113185946232,0.22885572139303484,0.15422885572139303,0.07462686567164181,0.23780487804878048,1.616628204004375,0.29464285714285715,0.6818181818181818,,,5.406664575267286,-0.4253340866537071,,,,,,,,,126.21999435424803,2.9150114683192907,119.49999618530273,2.7598152030225087,,,,,,,,,,,,,,,,,,,"Kelvin Caceres","24681",680983
"Colton Johnson","OAK",3,3,,4.692737363495819,40,0,0,0,,53.70000076293945,238,53,30,28,8,24,0,3,47,7.877094860153697,4.022346311567846,1.9583333333333333,1.3407821038559484,0.19747899159663865,0.10084033613445378,0.09663865546218486,0.25118483412322273,1.4338919721792782,0.28846153846153844,0.7142857142857143,,,4.861079381774397,-0.4265250454827825,,,,,,,,,174.18000564575192,3.243575478046559,177.50000381469727,3.3054003965153984,,,,,,,,,,,,,,,,,,,"Colton Johnson","sa3017750",687439
"Joey Krehbiel","TBR",3,4,,4.9787234042553195,46,0,0,0,,47,207,49,28,26,7,20,1,1,34,6.51063829787234,3.8297872340425534,1.7,1.3404255319148937,0.1642512077294686,0.0966183574879227,0.0676328502415459,0.26344086021505375,1.4680851063829787,0.2896551724137931,0.6925675675675675,,,4.996267012332348,-0.4289304254701512,,,,,,,,,139.29999999999998,2.963829787234042,149,3.1702127659574466,,,,,,,,,,,,,,,,,,,"Joey Krehbiel","13707",607216
"Steven Wilson","CHW",2,3,,5.086956521739131,48,0,0,0.6122000217437744,,46,198,41,28,26,8,25,2,3,46,9,4.891304347826087,1.84,1.565217391304348,0.23232323232323232,0.12626262626262627,0.10606060606060605,0.2411764705882353,1.434782608695652,0.28448275862068967,0.6934306569343066,,,5.253436300028925,-0.43069460896066664,,,,,,,,,145.84880008697513,3.1706260888472855,136.4488000869751,2.966278262760328,,,,,,,,,,,,,,,,,,,"Steven Wilson","20353",621051
"Jonathan Brand","BOS",2,3,,5.22,32,0,0,0,,50,223,54,31,29,8,20,0,3,38,6.84,3.6,1.9,1.44,0.17040358744394618,0.08968609865470852,0.08071748878923767,0.27,1.48,0.2987012987012987,0.6847133757961784,,,5.1064797782897955,-0.43084435638208946,,,,,,,,,138.20000000000002,2.7640000000000002,153,3.06,,,,,,,,,,,,,,,,,,,"Jonathan Brand","sa3020567",701213
"Bryan Chi","TEX",1,3,,5.666666666666667,24,3,0,0,,54,245,58,37,34,9,23,0,4,37,6.166666666666667,3.8333333333333335,1.608695652173913,1.5,0.1510204081632653,0.09387755102040816,0.05714285714285715,0.26605504587155965,1.5,0.28488372093023256,0.6432748538011696,,,5.462776074586092,-0.43210776142323265,,,,,,,,,131.10000000000002,2.427777777777778,146,2.7037037037037037,,,,,,,,,,,,,,,,,,,"Bryan Chi","sa3020958",701261
"Melvin Adón","BOS",2,4,,5.510204204196857,26,0,0,0,,34.29999923706055,162,36,23,21,5,21,0,3,29,7.609329615319469,5.510204204196857,1.380952380952381,1.3119533819516325,0.17901234567901234,0.12962962962962962,0.04938271604938271,0.2608695652173913,1.6618076171387346,0.2980769230769231,0.68,,,5.4696868266048835,-0.43557347704849103,,,,,,,,,84.71999435424802,2.4699707358217533,92.49999618530273,2.6967929516849116,,,,,,,,,,,,,,,,,,,"Melvin Adon","sa873314",661536
"Jonah Dipoto","PHI",1,2,,5.528255424625942,32,1,0,0,,40.70000076293945,188,40,27,25,6,24,0,6,35,7.739557594476318,5.307125207640904,1.4583333333333333,1.326781301910226,0.18617021276595744,0.1276595744680851,0.05851063829787234,0.25316455696202533,1.5724815430047123,0.2905982905982906,0.6654676258992805,,,5.5743421410157605,-0.43676049397647654,,,,,,,,,103.38000564575196,2.540049231151061,105.50000381469727,2.592137637274034,,,,,,,,,,,,,,,,,,,"Jonah Dipoto","sa3010776",665167
"Ben Harris","LAD",3,4,,5.282167133859452,42,0,0,0,,44.29999923706055,207,39,28,26,6,34,1,4,48,9.751693170202065,6.907449328893129,1.411764705882353,1.2189616462752582,0.2318840579710145,0.1642512077294686,0.06763285024154589,0.23076923076923078,1.6478555588535897,0.28695652173913044,0.6965944272445821,,,5.333522705001365,-0.441685192329877,,,,,,,,,134.61999435424806,3.038826109992966,125.49999618530273,2.83295707328843,,,,,,,,,,,,,,,,,,,"Ben Harris","sa3017779",677946
"Antonio Menendez","TBR",3,4,,4.806629901789458,36,0,0,0,,54.29999923706055,243,53,31,29,7,27,0,5,46,7.624309499390176,4.475138184424668,1.7037037037037037,1.1602210107767659,0.18930041152263374,0.1111111111111111,0.07818930041152264,0.25118483412322273,1.4732965216212899,0.2911392405063291,0.698005698005698,,,4.916019397715077,-0.44244471693856036,,,,,,,,,173.91999435424805,3.2029465340313505,176.49999618530273,3.2504603805747183,,,,,,,,,,,,,,,,,,,"Antonio Menendez","sa3018799",694674
"Jhosmer Alvarez","ARI",3,3,,4.714285714285714,38,0,0,0,,42,190,45,24,22,6,19,0,2,29,6.214285714285714,4.071428571428571,1.5263157894736843,1.2857142857142858,0.15263157894736842,0.1,0.05263157894736842,0.26627218934911245,1.5238095238095237,0.291044776119403,0.7194244604316546,,,5.142670254480271,-0.44394249061864616,,,,,,,,,115,2.738095238095238,127,3.0238095238095237,,,,,,,,,,,,,,,,,,,"Jhosmer Alvarez","sa3005437",678493
"Bryce McGowan","COL",1,1,,5.496183312805473,39,0,0,0,,39.29999923706055,187,42,26,24,6,25,0,2,32,7.3282444170739645,5.725190950839035,1.28,1.3740458282013683,0.1711229946524064,0.13368983957219252,0.03743315508021389,0.2625,1.7048346386942903,0.29508196721311475,0.6996587030716723,,,5.58378262419961,-0.4447040724073788,,,,,,,,,90.81999435424807,2.31094137703197,101.49999618530273,2.5826971540901855,,,,,,,,,,,,,,,,,,,"Bryce McGowan","sa3017786",700245
"Regi Grace","MIN",2,4,,4.98973298137856,33,1,0,0,,48.70000076293945,222,50,29,27,7,23,0,6,39,7.207392084213475,4.250513280433588,1.6956521739130435,1.2936344766537007,0.17567567567567569,0.1036036036036036,0.07207207207207209,0.25906735751295334,1.4989732824717483,0.2925170068027211,0.6962025316455696,,,5.219867836470272,-0.4454809590171965,,,,,,,,,135.28000564575194,2.7778234810357456,143.50000381469727,2.9466119418195227,,,,,,,,,,,,,,,,,,,"Regi Grace","sa3008101",681322
"Jordan Jones","CLE",2,4,,5.079006859480242,24,4,0,0,,44.29999923706055,205,46,27,25,7,28,1,1,35,7.110609603272339,5.688487682617871,1.25,1.4221219206544677,0.17073170731707318,0.13658536585365855,0.03414634146341464,0.26136363636363635,1.6704289226735018,0.291044776119403,0.7320872274143302,,,5.604403070840311,-0.44604018552694763,,,,,,,,,105.11999435424805,2.3729118773055564,113.49999618530273,2.5620767074494837,,,,,,,,,,,,,,,,,,,"Jordan Jones","sa3009984",669437
"Chase Anderson","TEX",2,4,,5.792778580540984,27,8,0,0,,63.70000076293945,286,68,44,41,12,29,1,3,48,6.781789557706518,4.097331191114354,1.6551724137931034,1.6954473894266295,0.16783216783216784,0.10139860139860139,0.06643356643356645,0.2677165354330709,1.5227629330961394,0.28865979381443296,0.6608478802992519,,,5.615459340794926,-0.44690514527204384,,,,,,,,,146.98000564575187,2.3073783969444563,162.50000381469727,2.5510204374948686,,,,,,,,,,,,,,,,,,,"Chase Anderson","6895",502624
"Kevin Abel","CIN",4,8,,6.152954591224481,21,19,0,0,,86.30000305175781,404,95,64,59,16,52,0,4,67,6.98725351884814,5.42294302955378,1.2884615384615385,1.668597855247317,0.16584158415841585,0.12871287128712872,0.037128712871287134,0.27298850574712646,1.7033603105649695,0.2981132075471698,0.666131621187801,,,5.970651173913758,-0.4469563143267059,,,,,,,,,160.82002258300787,1.8634996164085558,189.50001525878906,2.195828604376037,,,,,,,,,,,,,,,,,,,"Kevin Abel","sa3017879",674265
"Ben Madison","SFG",3,4,,4.98973298137856,31,0,0,0,,48.70000076293945,225,45,29,27,6,32,0,4,49,9.055441336575905,5.913757607559774,1.53125,1.1088295514174578,0.21777777777777776,0.14222222222222222,0.07555555555555554,0.23809523809523808,1.5811088047989674,0.291044776119403,0.6997084548104957,,,4.973461269488615,-0.45171229925576284,,,,,,,,,159.58000564575195,3.2767967791736017,155.50000381469727,3.19301850880118,,,,,,,,,,,,,,,,,,,"Ben Madison","sa3008173",681823
"Andrew Moore","CIN",2,4,,5.6938775510204085,32,0,0,0,,49,230,45,34,31,7,34,1,7,53,9.73469387755102,6.244897959183674,1.5588235294117647,1.2857142857142858,0.23043478260869565,0.14782608695652175,0.08260869565217391,0.23809523809523808,1.6122448979591837,0.29457364341085274,0.6502890173410404,,,5.370561410942856,-0.4528441696936024,,,,,,,,,142.5,2.9081632653061225,137,2.795918367346939,,,,,,,,,,,,,,,,,,,"Andrew Moore","sa3016795",681097
"Frankie Scalzo Jr.","CHC",3,5,,4.806629901789458,41,0,0,0,,54.29999923706055,239,55,31,29,8,22,0,3,40,6.629834347295804,3.6464088910126926,1.8181818181818181,1.3259668694591609,0.16736401673640167,0.09205020920502092,0.07531380753138074,0.2570093457943925,1.4180479020604915,0.28313253012048195,0.6990881458966566,,,4.989684223796141,-0.4538878461170979,,,,,,,,,165.41999435424805,3.0464087786090883,172.49999618530273,3.176795554493654,,,,,,,,,,,,,,,,,,,"Frankie Scalzo Jr.","sa3017724",700794
"Hunter Strickland","TEX",2,2,,4.939965759329241,59,0,0,0.6265000104904175,,58.29999923706055,250,55,35,32,9,25,1,4,47,7.255574709014823,3.85934824947597,1.88,1.389365369811349,0.188,0.1,0.088,0.248868778280543,1.3722127109247892,0.2787878787878788,0.6676557863501483,,,5.053272255811381,-0.45532242179750665,,,,,,,,,187.22599439620973,3.2114236165751544,184.0059962272644,3.156192086367888,,,,,,,,,,,,,,,,,,,"Hunter Strickland","7836",519326
"Jarod Bayless","PIT",1,3,,5.406360569778296,24,0,0,0,,28.299999237060547,129,30,18,17,5,9,0,8,21,6.67844540972613,2.862190889882627,2.3333333333333335,1.590106049934793,0.16279069767441862,0.06976744186046512,0.0930232558139535,0.26785714285714285,1.3780919099434872,0.29069767441860467,0.65625,,,5.781320838182566,-0.45636787120887407,,,,,,,,,60.91999435424805,2.152650035215183,67.49999618530273,2.3851589401072295,,,,,,,,,,,,,,,,,,,"Jarod Bayless","sa3010236",663681
"Jared Solomon","MIN",2,3,,5.779816378909787,31,0,0,0,,32.70000076293945,155,34,23,21,4,21,0,4,25,6.880733784416414,5.779816378909787,1.1904761904761905,1.1009174055066262,0.16129032258064516,0.13548387096774195,0.02580645161290321,0.26153846153846155,1.68195714730179,0.297029702970297,0.6477732793522267,,,5.521219784512301,-0.45674234671246866,,,,,,,,,79.38000564575194,2.427523051795071,86.50000381469727,2.645259993777494,,,,,,,,,,,,,,,,,,,"Jared Solomon","23425",676660
"Peyton Williams","ATL",1,1,,5.294117647058823,26,0,0,0,,34,156,36,22,20,6,17,0,3,30,7.9411764705882355,4.5,1.7647058823529411,1.588235294117647,0.19230769230769232,0.10897435897435898,0.08333333333333334,0.2647058823529412,1.5588235294117647,0.3,0.695067264573991,,,5.4605974253486185,-0.46212190893805166,,,,,,,,,84.2,2.476470588235294,92,2.7058823529411766,,,,,,,,,,,,,,,,,,,"Peyton Williams","sa3010813",686964
"Nick Krauth","TEX",4,9,,5.934065934065934,22,17,0,0,,91,417,103,65,60,15,36,0,10,50,4.945054945054945,3.5604395604395602,1.3888888888888888,1.4835164835164836,0.11990407673860912,0.08633093525179857,0.03357314148681055,0.2776280323450135,1.5274725274725274,0.2875816993464052,0.6271186440677966,,,5.726919338729355,-0.46504526949965935,,,,,,,,,183.09999999999997,2.0120879120879116,222,2.4395604395604398,,,,,,,,,,,,,,,,,,,"Nick Krauth","sa3015006",689242
"Reid Birlingmair","TEX",2,4,,5.6787763734715595,31,3,0,0,,52.29999923706055,241,54,36,33,8,28,0,5,41,7.055449433707088,4.8183557108243535,1.4642857142857142,1.3766730602355295,0.17012448132780084,0.11618257261410789,0.05394190871369295,0.25961538461538464,1.5678776519349085,0.2893081761006289,0.6497175141242938,,,5.480055337852282,-0.4692375152947708,,,,,,,,,131.2199943542481,2.5089865443298836,140.49999618530273,2.686424440437513,,,,,,,,,,,,,,,,,,,"Reid Birlingmair","sa3007473",679304
"Jayvien Sandridge","NYY",3,4,,5.166666666666667,44,0,0,0,,54,250,47,34,31,7,41,2,4,57,9.5,6.833333333333333,1.3902439024390243,1.1666666666666667,0.228,0.164,0.064,0.22926829268292684,1.6296296296296295,0.28368794326241137,0.690537084398977,,,5.240553852363869,-0.46933865973376854,,,,,,,,,170.3,3.153703703703704,158,2.925925925925926,,,,,,,,,,,,,,,,,,,"Jayvien Sandridge","25158",682144
"Michael Boyle","MIN",2,3,,5.4545455691869975,30,1,0,0,,36.29999923706055,165,39,24,22,6,20,0,1,27,6.694215016729497,4.958677790169998,1.35,1.4876033370509993,0.16363636363636364,0.12121212121212122,0.04242424242424242,0.2708333333333333,1.6253443867779438,0.2972972972972973,0.691699604743083,,,5.563174043538627,-0.46948463123995765,,,,,,,,,84.41999435424802,2.325619728059368,94.49999618530273,2.6033057347511677,,,,,,,,,,,,,,,,,,,"Michael Boyle","sa857604",664082
"Andre Scrubb","NYM",1,1,,5.696202348276055,21,0,0,0,,23.700000762939453,110,23,16,15,4,18,0,1,20,7.594936464368073,6.835442817931265,1.1111111111111112,1.5189872928736146,0.18181818181818182,0.16363636363636364,0.018181818181818188,0.25274725274725274,1.7299577502171721,0.2835820895522388,0.7062146892655368,,,6.0778720896308895,-0.4703346296268759,,,,,,,,,49.38000564575196,2.0835444749423493,49.500003814697266,2.0886076886589056,,,,,,,,,,,,,,,,,,,"Andre Scrubb","20329",668687
"Shohei Tomioka","OAK",2,4,,5.248380216073355,32,1,0,0,,46.29999923706055,213,47,29,27,6,25,1,4,36,6.997840288097806,4.859611311179032,1.44,1.1663067146829678,0.16901408450704225,0.11737089201877934,0.05164319248826291,0.2554347826086957,1.5550756195772903,0.2887323943661972,0.6761006289308176,,,5.175119120243795,-0.4708934226237816,,,,,,,,,131.61999435424804,2.842764503738774,138.49999618530273,2.991360658046,,,,,,,,,,,,,,,,,,,"Shohei Tomioka","sa3014808",693388
"Jorge Juan","ATL",2,3,,5.3541077644436275,29,1,0,0,,35.29999923706055,165,33,23,21,5,24,0,6,35,8.923512940739379,6.1189803022212885,1.4583333333333333,1.2747875629627685,0.21212121212121213,0.14545454545454545,0.06666666666666668,0.24444444444444444,1.6147309130861733,0.29473684210526313,0.68,,,5.574411841663913,-0.4723281072603185,,,,,,,,,93.91999435424806,2.66062312702953,91.49999618530273,2.592067936625882,,,,,,,,,,,,,,,,,,,"Jorge Juan","sa3005826",678478
"Elison Joseph","ATL",2,2,,5.113636363636363,36,0,0,0,,44,202,43,27,25,7,26,0,3,44,9,5.318181818181818,1.6923076923076923,1.4318181818181819,0.21782178217821782,0.12871287128712872,0.0891089108910891,0.24855491329479767,1.5681818181818181,0.29508196721311475,0.7094594594594594,,,5.211934323744341,-0.47492975437154794,,,,,,,,,128.7,2.925,130,2.9545454545454546,,,,,,,,,,,,,,,,,,,"Elison Joseph","sa3015306",693176
"Carlos A. Francisco","PHI",3,3,,5.326530612244898,41,1,0,0,,49,224,49,31,29,7,29,2,4,39,7.163265306122449,5.326530612244898,1.3448275862068966,1.2857142857142858,0.17410714285714285,0.12946428571428573,0.04464285714285712,0.25654450261780104,1.5918367346938775,0.2896551724137931,0.689149560117302,,,5.452194064004081,-0.4749733802770035,,,,,,,,,128.1,2.6142857142857143,133,2.7142857142857144,,,,,,,,,,,,,,,,,,,"Carlos A. Francisco","sa3010827",687956
"Andrew Schultz","PHI",2,2,,5.594594594594595,38,0,0,0,,37,174,35,25,23,5,25,0,6,33,8.027027027027026,6.081081081081081,1.32,1.2162162162162162,0.1896551724137931,0.14367816091954022,0.04597701149425287,0.24475524475524477,1.6216216216216217,0.2857142857142857,0.660377358490566,,,5.652966264776282,-0.48218927723079114,,,,,,,,,94.30000000000001,2.548648648648649,93,2.5135135135135136,,,,,,,,,,,,,,,,,,,"Andrew Schultz","sa3010782",669697
"Alaska Abney","CLE",2,3,,4.817987073322646,38,0,0,0,,46.70000076293945,210,45,27,25,6,24,0,6,37,7.130620868517516,4.625267590389741,1.5416666666666667,1.1563168975974352,0.1761904761904762,0.11428571428571428,0.06190476190476192,0.25,1.4775160358189448,0.2846715328467153,0.693069306930693,,,5.179327711144589,-0.4865074595369804,,,,,,,,,138.78000564575194,2.971734547719452,139.50000381469727,2.9871520671452054,,,,,,,,,,,,,,,,,,,"Alaska Abney","sa3017308",685095
"Scott Engler","TEX",1,3,,5.757575609674021,25,0,0,0,,29.700000762939453,141,30,21,19,5,20,1,2,26,7.878787676396028,6.060605904920021,1.3,1.5151514762300053,0.18439716312056736,0.14184397163120568,0.04255319148936168,0.25210084033613445,1.6835016402555616,0.2840909090909091,0.6744186046511628,,,5.826412369893582,-0.4867680101111101,,,,,,,,,66.280005645752,2.2316499644154275,69.50000381469727,2.3400674083962127,,,,,,,,,,,,,,,,,,,"Scott Engler","sa918353",670081
"Andrew Bechtold","PHI",2,4,,6.428571428571429,28,0,0,0,,28,137,30,22,20,4,22,0,1,20,6.428571428571429,7.071428571428571,0.9090909090909091,1.2857142857142858,0.145985401459854,0.16058394160583941,-0.014598540145985411,0.2631578947368421,1.8571428571428572,0.28888888888888886,0.646551724137931,,,6.059336921146938,-0.48842267893663455,,,,,,,,,51,1.8214285714285714,59,2.107142857142857,,,,,,,,,,,,,,,,,,,"Andrew Bechtold","sa829787",657510
"Owen Holt","CIN",3,5,,5.8916479569970805,33,0,0,0,,44.29999923706055,203,49,31,29,8,22,1,1,34,6.907449328893129,4.469526036342613,1.5454545454545454,1.6252821950336773,0.16748768472906403,0.10837438423645321,0.05911330049261082,0.2722222222222222,1.6027088312137652,0.2971014492753623,0.6688963210702341,,,5.536682979380575,-0.4896390971166874,,,,,,,,,101.01999435424807,2.2803610856439165,116.49999618530273,2.6297967989092204,,,,,,,,,,,,,,,,,,,"Owen Holt","sa3017861",700177
"Michael Hobbs","SEA",2,2,,4.859611311179032,39,0,0,0,,46.29999923706055,210,44,27,25,6,26,1,4,40,7.775378097886452,5.053995763626194,1.5384615384615385,1.1663067146829678,0.19047619047619047,0.12380952380952381,0.06666666666666665,0.24444444444444444,1.5118790745890323,0.2835820895522388,0.698051948051948,,,5.06712775777315,-0.49029983509716596,,,,,,,,,144.41999435424802,3.1192223916636252,143.49999618530273,3.099352020516645,,,,,,,,,,,,,,,,,,,"Michael Hobbs","sa3017498",669419
"Kevin Kopps","SDP",2,3,,4.952561598130842,38,0,0,0,,52.70000076293945,240,53,31,29,7,27,0,4,40,6.831119445697713,4.611005625845956,1.4814814814814814,1.1954459029970999,0.16666666666666666,0.1125,0.054166666666666655,0.2535885167464115,1.5180265434883806,0.2839506172839506,0.698005698005698,,,5.13991428482469,-0.49221636028002885,,,,,,,,,153.08000564575195,2.904743898095033,159.50000381469727,3.0265654934651054,,,,,,,,,,,,,,,,,,,"Kevin Kopps","sa3017005",667434
"Antonio Knowles","LAD",3,4,,5.361702127659575,40,1,0,0,,47,216,45,30,28,7,29,0,5,42,8.042553191489361,5.553191489361702,1.4482758620689655,1.3404255319148937,0.19444444444444445,0.13425925925925927,0.060185185185185175,0.24725274725274726,1.574468085106383,0.2857142857142857,0.6853582554517134,,,5.485628714460008,-0.49293383191594525,,,,,,,,,126.69999999999999,2.6957446808510634,126,2.6808510638297873,,,,,,,,,,,,,,,,,,,"Antonio Knowles","sa3017387",682087
"Tyler Thornton","CLE",1,2,,5.29411777210809,30,0,0,0,,32.29999923706055,149,28,21,19,5,22,1,6,35,9.752322211778061,6.13003110454621,1.5909090909090908,1.3931888873968659,0.2348993288590604,0.1476510067114094,0.08724832214765099,0.23140495867768596,1.5479876526631844,0.2839506172839506,0.6744186046511628,,,5.612300269497626,-0.4959700995763038,,,,,,,,,90.71999435424807,2.808668622200996,82.49999618530273,2.554179508792169,,,,,,,,,,,,,,,,,,,"Tyler Thornton","sa3018229",696263
"A.J. Alexy","MIN",3,4,,5.60377358490566,20,10,0,0,,53,255,52,36,33,7,44,0,4,45,7.6415094339622645,7.471698113207547,1.0227272727272727,1.1886792452830188,0.17647058823529413,0.17254901960784313,0.003921568627450994,0.25120772946859904,1.8113207547169812,0.2903225806451613,0.6960556844547564,,,5.902328834893568,-0.4968964849879623,,,,,,,,,116.9,2.2056603773584906,120,2.2641509433962264,,,,,,,,,,,,,,,,,,,"A.J. Alexy","22343",669935
"Kenyon Yovan","LAA",2,3,,5.179856020337733,35,0,0,0,,41.70000076293945,187,44,26,24,7,19,1,3,33,7.122302027964383,4.100719349434039,1.736842105263158,1.5107913392651722,0.17647058823529413,0.10160427807486631,0.07486631016042782,0.26666666666666666,1.5107913392651722,0.296,0.6954887218045113,,,5.348733935006155,-0.49749120097119737,,,,,,,,,108.08000564575192,2.591846610751316,117.50000381469727,2.81774584328364,,,,,,,,,,,,,,,,,,,"Kenyon Yovan","sa3016839",668719
"Donovan Benoit","CIN",2,3,,5.8125,29,0,0,0,,48,224,50,34,31,7,26,0,6,38,7.125,4.875,1.4615384615384615,1.3125,0.16964285714285715,0.11607142857142858,0.053571428571428575,0.2604166666666667,1.5833333333333333,0.2925170068027211,0.634441087613293,,,5.478979778289795,-0.498624245401581,,,,,,,,,119.10000000000002,2.4812500000000006,129,2.6875,,,,,,,,,,,,,,,,,,,"Donovan Benoit","sa3017464",687630
"Carlos Romero","WSN",1,3,,5.4648955565581705,37,1,0,0,,52.70000076293945,244,55,35,32,8,28,0,5,43,7.343453404125041,4.781783611988399,1.5357142857142858,1.3662238891395426,0.1762295081967213,0.11475409836065574,0.06147540983606557,0.26066350710900477,1.574952538869195,0.29375,0.6685236768802229,,,5.386593598141552,-0.49994122684907066,,,,,,,,,135.58000564575195,2.5726755917069495,146.50000381469727,2.7798861801482433,,,,,,,,,,,,,,,,,,,"Carlos Romero","sa3003106",673395
"Will Childers","MIL",3,5,,5.174537906614803,33,2,0,0,,48.70000076293945,217,52,30,28,9,21,0,1,36,6.652977308504746,3.880903429961102,1.7142857142857142,1.6632443271261865,0.16589861751152074,0.0967741935483871,0.06912442396313365,0.26666666666666666,1.4989732824717483,0.2866666666666667,0.7119205298013245,,,5.445740522870125,-0.5010065559598833,,,,,,,,,120.48000564575196,2.4739220484250355,132.50000381469727,2.7207392554196703,,,,,,,,,,,,,,,,,,,"Will Childers","sa3021720",682999
"Ryan Sublette","LAD",3,5,,5.56064063518462,36,0,0,0,,43.70000076293945,204,41,29,27,6,30,0,5,41,8.443935779354423,6.1784895946495775,1.3666666666666667,1.2356979189299155,0.20098039215686275,0.14705882352941177,0.05392156862745098,0.24260355029585798,1.6247139304448888,0.28688524590163933,0.6709265175718849,,,5.477692552584637,-0.5038993093799699,,,,,,,,,119.98000564575194,2.7455378386973184,117.50000381469727,2.688787225705158,,,,,,,,,,,,,,,,,,,"Ryan Sublette","sa3017781",690922
"Gerardo Reyes","OAK",2,3,,4.928571428571429,41,0,0,0,,42,188,39,25,23,7,24,0,3,43,9.214285714285714,5.142857142857143,1.7916666666666667,1.5,0.22872340425531915,0.1276595744680851,0.10106382978723405,0.2422360248447205,1.5,0.2882882882882883,0.7142857142857143,,,5.2140988259088425,-0.5074571508583923,,,,,,,,,128.29999999999998,3.0547619047619046,124,2.9523809523809526,,,,,,,,,,,,,,,,,,,"Gerardo Reyes","16306",622103
"Ricky Karcher","ARI",2,3,,4.913151457777595,39,0,0,0,,40.29999923706055,192,35,24,22,4,36,1,3,41,9.156327716767336,8.039702385454246,1.1388888888888888,0.8933002650504719,0.21354166666666666,0.1875,0.026041666666666657,0.22875816993464052,1.7617866338495418,0.28703703703703703,0.7186544342507645,,,5.325288752161769,-0.5109203820659058,,,,,,,,,123.01999435424807,3.052605376754371,114.49999618530273,2.841191026128026,,,,,,,,,,,,,,,,,,,"Ricky Karcher","23449",676689
"Eduarniel Núñez","SDP",3,5,,5.174537906614803,40,0,0,0,,48.70000076293945,227,46,30,28,6,32,0,5,44,8.13141671039469,5.913757607559774,1.375,1.1088295514174578,0.19383259911894274,0.14096916299559473,0.05286343612334801,0.24210526315789474,1.6016426853807721,0.2857142857142857,0.6896551724137931,,,5.240401717052077,-0.5109719140040276,,,,,,,,,143.98000564575193,2.956468242097447,142.50000381469727,2.926078061237718,,,,,,,,,,,,,,,,,,,"Eduarniel Nunez","23162",674384
"Damian Mendoza","TEX",2,2,,5.635673542700613,26,1,0,0,,52.70000076293945,239,57,36,33,9,21,0,5,39,6.66034145955527,3.5863377089912993,1.8571428571428572,1.5370018752819854,0.16317991631799164,0.08786610878661087,0.07531380753138077,0.2676056338028169,1.480075879901171,0.2909090909090909,0.6422018348623852,,,5.386593598141552,-0.5117600575449247,,,,,,,,,131.08000564575198,2.4872865986357287,146.50000381469727,2.7798861801482433,,,,,,,,,,,,,,,,,,,"Damian Mendoza","sa3005430",677604
"Brooks Crawford","CIN",2,4,,5.7,35,1,0,0,,60,269,65,41,38,11,26,0,3,47,7.05,3.9,1.8076923076923077,1.65,0.17472118959107807,0.09665427509293681,0.07806691449814127,0.2708333333333333,1.5166666666666666,0.2967032967032967,0.6613756613756614,,,5.433146444956462,-0.5164707507728094,,,,,,,,,146.7,2.445,164,2.7333333333333334,,,,,,,,,,,,,,,,,,,"Brooks Crawford","sa3011554",663883
"Corey Avant","OAK",3,5,,5.3478260869565215,31,6,0,0,,69,321,74,44,41,10,36,1,4,51,6.6521739130434785,4.695652173913044,1.4166666666666667,1.3043478260869565,0.15887850467289721,0.11214953271028037,0.046728971962616814,0.26334519572953735,1.5942028985507246,0.2909090909090909,0.6875,,,5.311407314521679,-0.5184129111562876,,,,,,,,,177.20000000000002,2.5681159420289856,197,2.8550724637681157,,,,,,,,,,,,,,,,,,,"Corey Avant","sa3023137",813895
"Jorge Benitez","LAD",2,3,,5.31728656330924,34,0,0,0,,45.70000076293945,215,43,29,27,6,31,0,6,42,8.271334654036597,6.105032720836536,1.3548387096774193,1.1816192362909423,0.19534883720930232,0.14418604651162792,0.051162790697674404,0.24157303370786518,1.6192559904727728,0.2846153846153846,0.6859756097560976,,,5.464072737744406,-0.5191783029027892,,,,,,,,,125.58000564575197,2.747921303047142,123.50000381469727,2.7024070405453897,,,,,,,,,,,,,,,,,,,"Jorge Benitez","sa3004462",676221
"Blake Townsend","PIT",1,3,,5.447368421052632,32,0,0,0,,38,176,38,25,23,5,19,0,9,29,6.868421052631579,4.5,1.5263157894736843,1.1842105263157894,0.16477272727272727,0.10795454545454546,0.05681818181818181,0.25675675675675674,1.5,0.2894736842105263,0.64,,,5.561216620395058,-0.5198604006877883,,,,,,,,,94.89999999999999,2.4973684210526312,99,2.6052631578947367,,,,,,,,,,,,,,,,,,,"Blake Townsend","sa3010125",678620
"Listher Sosa","ARI",3,4,,4.785591829350203,39,1,0,0,,58.29999923706055,260,60,34,31,8,22,0,9,42,6.48370505911963,3.3962264595388536,1.9090909090909092,1.2349914398323103,0.16153846153846155,0.08461538461538462,0.07692307692307693,0.26200873362445415,1.406518028697909,0.2905027932960894,0.6779661016949153,,,5.10473023247106,-0.5199541550095488,,,,,,,,,168.01999435424807,2.881989649280132,178.49999618530273,3.061749545818735,,,,,,,,,,,,,,,,,,,"Listher Sosa","sa3009725",683538
"Nick Richmond","BAL",2,3,,5.251989283635283,31,0,0,0,,37.70000076293945,174,40,24,22,5,19,0,6,25,5.96816964049464,4.5358089267759265,1.3157894736842106,1.1936339280989279,0.14367816091954022,0.10919540229885058,0.03448275862068964,0.2684563758389262,1.5649867057297056,0.29411764705882354,0.6730769230769231,,,5.553747634487651,-0.5204562449874001,,,,,,,,,88.48000564575199,2.3469497043812058,98.50000381469727,2.6127321438021442,,,,,,,,,,,,,,,,,,,"Nick Richmond","sa3011538",689968
"Chase Wallace","KCR",2,3,,5.357142857142857,33,0,0,0,,42,193,45,27,25,6,21,1,4,27,5.785714285714286,4.5,1.2857142857142858,1.2857142857142858,0.13989637305699482,0.10880829015544041,0.031088082901554404,0.26785714285714285,1.5714285714285714,0.28888888888888886,0.6770833333333334,,,5.523622635432652,-0.5280227291531511,,,,,,,,,99,2.357142857142857,111,2.642857142857143,,,,,,,,,,,,,,,,,,,"Chase Wallace","sa3015105",675991
"Andrew Dalquist","CHW",2,6,,6,27,10,0,0,,57,272,62,41,38,9,38,0,4,42,6.631578947368421,6,1.105263157894737,1.4210526315789473,0.15441176470588236,0.13970588235294118,0.01470588235294118,0.26956521739130435,1.7543859649122806,0.29608938547486036,0.6750572082379862,,,5.955953462500322,-0.5301408171770507,,,,,,,,,107.9,1.892982456140351,126,2.210526315789474,,,,,,,,,,,,,,,,,,,"Andrew Dalquist","sa3011841",686643
"Brandon Johnson","KCR",2,5,,5.325443706844357,39,0,0,0,,50.70000076293945,230,53,32,30,9,26,1,1,44,7.81065077003839,4.615384545931776,1.6923076923076923,1.597633112053307,0.19130434782608696,0.11304347826086956,0.0782608695652174,0.26108374384236455,1.558185380891497,0.29333333333333333,0.7078313253012047,,,5.336104992189348,-0.5322901279119536,,,,,,,,,133.68000564575198,2.6366864622114368,143.50000381469727,2.8303747861004473,,,,,,,,,,,,,,,,,,,"Brandon Johnson","sa3020610",699489
"Ivan Oviedo","TEX",1,3,,5.894206435845778,19,1,0,0,,39.70000076293945,183,39,28,26,7,21,0,6,34,7.707808416106016,4.760705198183128,1.619047619047619,1.5869017327277093,0.18579234972677597,0.11475409836065574,0.07103825136612023,0.25,1.5113349835501992,0.2782608695652174,0.6374501992031872,,,5.786127083110141,-0.5368685949687418,,,,,,,,,93.28000564575191,2.349622263303083,94.50000381469727,2.3803526951796545,,,,,,,,,,,,,,,,,,,"Ivan Oviedo","sa3016038",699212
"Bryan Shaw","CIN",2,3,,5.957446915961496,42,0,0,0.6014000177383423,,42.29999923706055,197,46,30,28,7,25,2,3,34,7.234042683667531,5.319149032108479,1.36,1.489361728990374,0.17258883248730963,0.12690355329949238,0.04568527918781726,0.27218934911242604,1.6784870279097865,0.3046875,0.6699346405228758,,,5.6960306513369385,-0.5426137113096848,,,,,,,,,93.72559442520141,2.2157351327582306,106.9055962562561,2.527319106015309,,,,,,,,,,,,,,,,,,,"Bryan Shaw","8110",543766
"Keyshawn Askew","TBR",3,5,,5.007728211474091,41,3,0,0,,64.69999694824219,297,61,39,36,8,35,0,12,57,7.928903001500644,4.868624650044255,1.6285714285714286,1.112828491438687,0.1919191919191919,0.11784511784511785,0.07407407407407406,0.244,1.4837713219182491,0.2864864864864865,0.6721698113207547,,,5.191209394657406,-0.5473356012936483,,,,,,,,,194.77997741699224,3.0105098393251803,192.49998474121094,2.975270383632389,,,,,,,,,,,,,,,,,,,"Keyshawn Askew","sa3017916",681094
"Austin Vernon","TBR",3,4,,5.238095167612884,34,3,0,0,,56.70000076293945,258,54,36,33,9,34,1,4,54,8.57142845609381,5.396825324207214,1.588235294117647,1.4285714093489685,0.20930232558139536,0.13178294573643412,0.07751937984496124,0.24545454545454545,1.552028197811225,0.28662420382165604,0.689655172413793,,,5.335791918412303,-0.5474871390461984,,,,,,,,,162.48000564575196,2.865608526621978,160.50000381469727,2.8306878598774925,,,,,,,,,,,,,,,,,,,"Austin Vernon","sa3017138",694391
"Carson Rudd","CIN",2,4,,6,28,7,0,0,,60,277,62,43,40,12,36,0,4,54,8.1,5.4,1.5,1.8,0.19494584837545126,0.1299638989169675,0.06498194945848376,0.2616033755274262,1.6333333333333333,0.29239766081871343,0.6773399014778325,,,5.966479778289795,-0.551208999778558,,,,,,,,,123.19999999999996,2.053333333333333,132,2.2,,,,,,,,,,,,,,,,,,,"Carson Rudd","sa3014812",695297
"Carlos Gomez","NYY",2,4,,5.404157139100339,30,0,0,0,,43.29999923706055,200,43,28,26,7,24,0,5,36,7.482679115677393,4.988452743784928,1.5,1.4549653836039376,0.18,0.12,0.06,0.25146198830409355,1.5473441381184732,0.28125,0.6818181818181818,,,5.614516772924992,-0.5514888948194079,,,,,,,,,107.51999435424803,2.4831407909638363,110.49999618530273,2.5519630053648035,,,,,,,,,,,,,,,,,,,"Carlos Gomez","sa3006699",680622
"Garvin Alston","WSN",1,3,,5.367793321974181,39,0,0,0,,50.29999923706055,232,54,32,30,7,26,1,4,34,6.083499098237405,4.652087545710957,1.3076923076923077,1.2524851084606423,0.14655172413793102,0.11206896551724138,0.03448275862068964,0.26732673267326734,1.5904572805849424,0.2919254658385093,0.6837606837606838,,,5.4130006871160266,-0.5541067378803267,,,,,,,,,123.71999435424803,2.459642072183022,138.49999618530273,2.7534790911737685,,,,,,,,,,,,,,,,,,,"Garvin Alston","sa3010238",664691
"Kelvin Bautista","LAD",3,4,,5.562914000974979,36,0,0,0,,45.29999923706055,216,45,30,28,6,32,0,4,39,7.748344501358007,6.357616001114262,1.21875,1.1920530002089242,0.18055555555555555,0.14814814814814814,0.03240740740740741,0.25,1.6997792780756882,0.28888888888888886,0.685131195335277,,,5.550585778707644,-0.5581246927791639,,,,,,,,,114.41999435424805,2.525827732479066,118.49999618530273,2.6158939995821515,,,,,,,,,,,,,,,,,,,"Kelvin Bautista","sa3006491",678654
"Andy Rodriguez","TEX",2,3,,5.789473770312241,32,2,0,0,,51.29999923706055,233,55,36,33,9,24,0,2,36,6.315789567613353,4.210526378408902,1.5,1.5789473919033383,0.15450643776824036,0.10300429184549356,0.051502145922746795,0.26570048309178745,1.5399610365477003,0.2839506172839506,0.6475903614457831,,,5.564140632661531,-0.5591818760794025,,,,,,,,,119.9199943542481,2.3376217570704085,133.49999618530273,2.602339145628264,,,,,,,,,,,,,,,,,,,"Andy Rodriguez","sa3020863",701259
"Billy Sullivan","SFG",2,4,,5.3083111005340475,32,0,0,0,,37.29999923706055,176,36,24,22,4,26,0,6,31,7.479892914388885,6.27345857335842,1.1923076923076923,0.9651474728243723,0.17613636363636365,0.14772727272727273,0.02840909090909091,0.25,1.6621984254197522,0.29357798165137616,0.6737588652482269,,,5.472109852259129,-0.5629755481128237,,,,,,,,,99.21999435424807,2.660053522351417,100.49999618530273,2.6943699260306664,,,,,,,,,,,,,,,,,,,"Billy Sullivan","sa3014918",676907
"Kasey Ford","HOU",2,2,,5.463258919109769,27,0,0,0,,31.299999237060547,147,31,21,19,5,20,0,4,26,7.476038520887053,5.75079886222081,1.3,1.4376997155552025,0.17687074829931973,0.1360544217687075,0.040816326530612235,0.25203252032520324,1.6293930109625627,0.2826086956521739,0.6818181818181818,,,5.882134796560733,-0.5633741485346472,,,,,,,,,69.51999435424808,2.2210861357444833,71.49999618530273,2.284344981729062,,,,,,,,,,,,,,,,,,,"Kasey Ford","sa3017099",687271
"Carlos Garcia","TBR",2,3,,5.502958497072502,31,4,0,0,,50.70000076293945,229,51,34,31,9,25,0,5,43,7.633135979810245,4.43786975570363,1.72,1.597633112053307,0.18777292576419213,0.1091703056768559,0.07860262008733623,0.2562814070351759,1.4990137841487818,0.2857142857142857,0.6624605678233438,,,5.553067513579303,-0.5639588761547266,,,,,,,,,127.880005645752,2.522288041842188,132.50000381469727,2.613412264710492,,,,,,,,,,,,,,,,,,,"Carlos Garcia","sa3006590",681603
"Cody Scroggins","BOS",1,2,,5.806451612903226,23,0,0,0,,31,146,34,22,20,5,17,0,5,22,6.387096774193548,4.935483870967742,1.2941176470588236,1.4516129032258065,0.1506849315068493,0.11643835616438356,0.03424657534246575,0.27419354838709675,1.6451612903225807,0.29896907216494845,0.6590909090909091,,,5.972931391193021,-0.5658931486112426,,,,,,,,,57.49999999999997,1.8548387096774184,68,2.193548387096774,,,,,,,,,,,,,,,,,,,"Cody Scroggins","sa3011417",667414
"Vin Timpanelli","CIN",1,3,,6.05042003876459,28,0,0,0,,35.70000076293945,167,35,26,24,6,24,1,5,32,8.067226718352787,6.05042003876459,1.3333333333333333,1.5126050096911474,0.19161676646706588,0.1437125748502994,0.047904191616766484,0.2536231884057971,1.6526610291069943,0.29,0.6521739130434783,,,5.995611370489904,-0.5704621438577762,,,,,,,,,76.38000564575196,2.139495910740788,77.50000381469727,2.170868407799891,,,,,,,,,,,,,,,,,,,"Vin Timpanelli","sa3014814",695935
"Brayan De Paula","HOU",2,3,,5.480093578899775,24,3,0,0,,42.70000076293945,204,40,28,26,6,31,0,8,40,8.430913198307346,6.533957728688193,1.2903225806451613,1.264636979746102,0.19607843137254902,0.15196078431372548,0.04411764705882354,0.24242424242424243,1.6627634363328379,0.2857142857142857,0.6869009584664536,,,5.85968816108242,-0.5712123955597863,,,,,,,,,101.18000564575198,2.3695551250099505,98.50000381469727,2.3067916172073755,,,,,,,,,,,,,,,,,,,"Brayan De Paula","sa3005070",675527
"Carlos Meza","ARI",3,3,,5.169712896714828,23,0,0,0,,38.29999923706055,181,41,24,22,5,22,0,4,26,6.109660696117524,5.169712896714828,1.1818181818181819,1.1749347492533702,0.143646408839779,0.12154696132596685,0.022099447513812154,0.2645161290322581,1.6449086489547182,0.2903225806451613,0.6964285714285714,,,5.5424589378910545,-0.5746051590395557,,,,,,,,,89.31999435424804,2.3321147815537966,100.49999618530273,2.6240208403987406,,,,,,,,,,,,,,,,,,,"Carlos Meza","sa3019059",800158
"Jared Kelley","CHW",2,4,,5.711538461538462,28,1,0,0,,52,248,57,36,33,7,34,1,2,37,6.403846153846154,5.884615384615385,1.088235294117647,1.2115384615384615,0.14919354838709678,0.13709677419354838,0.012096774193548404,0.2688679245283019,1.75,0.2976190476190476,0.6773399014778325,,,5.570325932135949,-0.5790041707848212,,,,,,,,,116.49999999999997,2.240384615384615,135,2.5961538461538463,,,,,,,,,,,,,,,,,,,"Jared Kelley","sa3014471",691721
"Jacob Meador","LAD",3,4,,5.855421686746988,22,16,0,0,,83,390,87,58,54,14,45,0,13,61,6.614457831325301,4.879518072289157,1.3555555555555556,1.5180722891566265,0.1564102564102564,0.11538461538461539,0.04102564102564102,0.2620481927710843,1.5903614457831325,0.2840466926070039,0.6583629893238434,,,5.9857568867235305,-0.580827156528269,,,,,,,,,163.79999999999998,1.9734939759036143,181,2.180722891566265,,,,,,,,,,,,,,,,,,,"Jacob Meador","sa3020385",687138
"Julio Rodriguez","HOU",2,4,,5.111561945229458,36,0,0,0,,49.29999923706055,230,49,30,28,7,27,0,7,43,7.849898701602382,4.929006161471263,1.5925925925925926,1.2778904863073646,0.18695652173913044,0.11739130434782609,0.06956521739130435,0.25,1.5415821739580904,0.2876712328767123,0.6948640483383686,,,5.336865207415002,-0.583674611647991,,,,,,,,,135.31999435424805,2.7448275141660297,139.49999618530273,2.8296145708747935,,,,,,,,,,,,,,,,,,,"Julio Rodriguez","sa3007992",680588
"Seth Corry","SFG",2,5,,5.708245335201809,30,4,0,0,,47.29999923706055,227,48,32,30,6,30,0,9,39,7.420718935762352,5.708245335201809,1.3,1.1416490670403618,0.17180616740088106,0.13215859030837004,0.039647577092511016,0.2553191489361702,1.6490486523916337,0.2937062937062937,0.6609195402298851,,,5.640052756877246,-0.5935406192189376,,,,,,,,,112.41999435424805,2.376744105022408,119.49999618530273,2.5264270214125495,,,,,,,,,,,,,,,,,,,"Seth Corry","sa3004648",671288
"Jaime Melendez","HOU",3,7,,5.8,25,7,0,0,,45,217,46,31,29,6,31,0,8,32,6.4,6.2,1.032258064516129,1.2,0.14746543778801843,0.14285714285714285,0.004608294930875584,0.25842696629213485,1.711111111111111,0.2857142857142857,0.6705539358600584,,,6.077590889400906,-0.5990399150468207,,,,,,,,,86.59999999999998,1.924444444444444,94,2.088888888888889,,,,,,,,,,,,,,,,,,,"Jaime Melendez","sa3010660",686459
"Hunter Parks","CIN",2,5,,6.629834347295804,16,14,0,0,,54.29999923706055,263,58,43,40,10,41,0,6,44,7.292817782025385,6.7955802059782,1.0731707317073171,1.657458586823951,0.16730038022813687,0.155893536121673,0.011406844106463865,0.26851851851851855,1.8232044455063463,0.2962962962962963,0.6588235294117647,,,6.536645571498496,-0.5991970723137123,,,,,,,,,75.01999435424807,1.381583709177031,88.49999618530273,1.6298342067912994,,,,,,,,,,,,,,,,,,,"Hunter Parks","sa3017640",688609
"Luis Reyes","WSN",3,6,,6.0301506767062,23,9,0,0,,59.70000076293945,284,67,43,40,10,36,0,5,40,6.0301506767062,5.42713560903558,1.1111111111111112,1.50753766917655,0.14084507042253522,0.1267605633802817,0.01408450704225353,0.2757201646090535,1.7252931102798295,0.29533678756476683,0.6741573033707865,,,6.064302186818052,-0.6000327092851068,,,,,,,,,101.58000564575198,1.7015076105126414,125.50000381469727,2.102177591471743,,,,,,,,,,,,,,,,,,,"Luis Reyes","sa737048",642530
"Connor Sadzeck","PIT",2,3,,5.188866877908375,38,0,0,0,,50.29999923706055,233,52,31,29,7,27,1,7,40,7.157057762632241,4.831013989776763,1.4814814814814814,1.2524851084606423,0.17167381974248927,0.11587982832618025,0.055793991416309016,0.2613065326633166,1.5705765645776306,0.29605263157894735,0.6936416184971098,,,5.4130006871160266,-0.6038612945568445,,,,,,,,,128.91999435424802,2.5630217954210432,138.49999618530273,2.7534790911737685,,,,,,,,,,,,,,,,,,,"Connor Sadzeck","13483",592712
"Angel Reyes","DET",2,3,,5.464285714285714,32,4,0,0,,56,259,61,37,34,8,27,0,8,32,5.142857142857143,4.339285714285714,1.1851851851851851,1.2857142857142858,0.12355212355212356,0.10424710424710425,0.019305019305019308,0.27232142857142855,1.5714285714285714,0.28804347826086957,0.6640625,,,5.7557654925755095,-0.6062000277256091,,,,,,,,,116.4,2.0785714285714287,135,2.4107142857142856,,,,,,,,,,,,,,,,,,,"Angel Reyes","sa3006985",681938
"Wyatt Olds","BOS",3,5,,5.625,34,6,0,0,,72,341,69,49,45,9,46,0,16,65,8.125,5.75,1.4130434782608696,1.125,0.1906158357771261,0.1348973607038123,0.05571847507331379,0.24731182795698925,1.5972222222222223,0.2926829268292683,0.64453125,,,5.569257556067573,-0.609037027525606,,,,,,,,,186.70000000000007,2.593055555555557,187,2.5972222222222223,,,,,,,,,,,,,,,,,,,"Wyatt Olds","29922",681544
"Eric Torres","LAA",2,3,,5.531914993392818,34,0,0,0,,42.29999923706055,198,37,28,26,6,29,1,9,45,9.574468257795262,6.170212877245835,1.5517241379310345,1.276595767706035,0.22727272727272727,0.14646464646464646,0.0808080808080808,0.23125,1.5602837160851537,0.28440366972477066,0.6597222222222222,,,5.5778273395123055,-0.6130680319828097,,,,,,,,,119.01999435424806,2.8137115012042453,109.49999618530273,2.5886524387774896,,,,,,,,,,,,,,,,,,,"Eric Torres","sa3017262",701539
"Pedro Santos","OAK",2,4,,5.326530612244898,41,2,0,0,,49,228,46,31,29,7,34,0,4,47,8.63265306122449,6.244897959183674,1.3823529411764706,1.2857142857142858,0.20614035087719298,0.14912280701754385,0.057017543859649134,0.24210526315789474,1.6326530612244898,0.2867647058823529,0.698005698005698,,,5.431785900738775,-0.6135465132792274,,,,,,,,,136.89999999999998,2.7938775510204077,134,2.7346938775510203,,,,,,,,,,,,,,,,,,,"Pedro Santos","sa1171936",683726
"Jonny Cuevas","TBR",3,4,,5.236363636363636,30,2,0,0,,55,253,60,35,32,8,29,0,1,35,5.7272727272727275,4.745454545454545,1.206896551724138,1.309090909090909,0.1383399209486166,0.11462450592885376,0.023715415019762848,0.26905829596412556,1.6181818181818182,0.28888888888888886,0.6940874035989717,,,5.42102523283525,-0.6167039275988495,,,,,,,,,132.60000000000002,2.410909090909091,151,2.7454545454545456,,,,,,,,,,,,,,,,,,,"Jonny Cuevas","sa3017931",681328
"Zach Barnes","ARI",2,4,,5.170212765957447,32,0,0,0,,47,220,51,29,27,6,26,0,4,32,6.127659574468085,4.9787234042553195,1.2307692307692308,1.148936170212766,0.14545454545454545,0.11818181818181818,0.027272727272727268,0.26842105263157895,1.6382978723404256,0.29605263157894735,0.6997084548104957,,,5.379245735736603,-0.6207119512217951,,,,,,,,,115.4,2.4553191489361703,131,2.7872340425531914,,,,,,,,,,,,,,,,,,,"Zach Barnes","sa3017203",695071
"Gil Luna","CHW",2,4,,5.885558460754094,39,0,0,0,,36.70000076293945,177,35,26,24,5,32,1,3,34,8.3378744860683,7.847411281005458,1.0625,1.226158012657103,0.192090395480226,0.1807909604519774,0.011299435028248594,0.24647887323943662,1.8256130410672422,0.2912621359223301,0.6833333333333333,,,5.945771273645895,-0.6243368557037016,,,,,,,,,82.08000564575195,2.2365123689217556,81.50000381469727,2.2207085046439,,,,,,,,,,,,,,,,,,,"Gil Luna","sa3017301",669431
"Seth Clark","TEX",1,2,,5.660377267955448,39,0,0,0,,47.70000076293945,220,46,32,30,7,28,1,6,40,7.547169690607264,5.283018783425085,1.4285714285714286,1.3207546958562713,0.18181818181818182,0.12727272727272726,0.054545454545454564,0.24731182795698925,1.5513626586248264,0.2805755395683453,0.6542056074766355,,,5.535452486730408,-0.6278396407139831,,,,,,,,,125.28000564575196,2.6264151706909056,125.50000381469727,2.6310272915593864,,,,,,,,,,,,,,,,,,,"Seth Clark","sa3020630",806095
"Felix Cepeda","BOS",1,3,,5.531914993392818,28,0,0,0,,42.29999923706055,198,45,28,26,6,26,1,4,31,6.595744799814514,5.531914993392818,1.1923076923076923,1.276595767706035,0.15656565656565657,0.13131313131313133,0.02525252525252525,0.26785714285714285,1.6784870279097865,0.29770992366412213,0.6869009584664536,,,5.672389988972012,-0.6302892504887851,,,,,,,,,94.21999435424806,2.2274230745540664,105.49999618530273,2.4940897893177834,,,,,,,,,,,,,,,,,,,"Felix Cepeda","sa3005445",678743
"Trey Riley","ATL",3,3,,5.214105693248188,37,0,0,0,,39.70000076293945,187,41,25,23,6,26,0,3,33,7.481108168573487,5.894206435845778,1.2692307692307692,1.3602014851951794,0.17647058823529413,0.13903743315508021,0.037433155080213915,0.25949367088607594,1.6876573982977225,0.29411764705882354,0.7167235494880546,,,5.660182501147624,-0.6312808798719839,,,,,,,,,92.38000564575192,2.32695223854983,99.50000381469727,2.506297277142171,,,,,,,,,,,,,,,,,,,"Trey Riley","sa3007611",681803
"Grant Ford","PIT",2,5,,5.5705995309471925,31,3,0,0,,51.70000076293945,244,56,35,32,8,31,1,5,39,6.789168178341891,5.396518295605093,1.2580645161290323,1.3926498827367981,0.1598360655737705,0.12704918032786885,0.03278688524590165,0.2692307692307692,1.682785274973631,0.2981366459627329,0.6860158311345647,,,5.758355948938836,-0.6332836216157476,,,,,,,,,108.58000564575195,2.100193501807185,124.50000381469727,2.4081238293509593,,,,,,,,,,,,,,,,,,,"Grant Ford","sa3010625",687352
"Florencio Serrano","TEX",2,3,,5.960265001044621,23,2,0,0,,45.29999923706055,209,50,32,30,8,22,1,3,27,5.364238500940159,4.370861000766055,1.2272727272727273,1.5894040002785654,0.1291866028708134,0.10526315789473684,0.02392344497607657,0.2717391304347826,1.5894040002785654,0.28187919463087246,0.6578947368421053,,,5.92586172321786,-0.6346213733123445,,,,,,,,,85.81999435424805,1.8944811434795246,101.49999618530273,2.240618055071935,,,,,,,,,,,,,,,,,,,"Florencio Serrano","sa3010124",677568
"Tanner Dodson","OAK",2,5,,5.264150943396227,38,1,0,0,,53,250,55,34,31,6,33,1,5,39,6.622641509433962,5.60377358490566,1.1818181818181819,1.0188679245283019,0.156,0.132,0.023999999999999994,0.25943396226415094,1.6603773584905661,0.2934131736526946,0.678391959798995,,,5.31742317451621,-0.6367107848834547,,,,,,,,,139.40000000000003,2.6301886792452835,151,2.849056603773585,,,,,,,,,,,,,,,,,,,"Tanner Dodson","sa3007008",663541
"Nathanael Heredia","STL",2,3,,5.485327408238661,34,1,0,0,,44.29999923706055,211,43,29,27,5,32,0,6,35,7.110609603272339,6.501128780134709,1.09375,1.0158013718960484,0.16587677725118483,0.15165876777251186,0.014218009478672966,0.24855491329479767,1.693002286493414,0.2857142857142857,0.6764705882352942,,,5.626976434660223,-0.6380418462378916,,,,,,,,,110.51999435424808,2.4948080419330827,112.49999618530273,2.5395033436295718,,,,,,,,,,,,,,,,,,,"Nathanael Heredia","sa3009986",678975
"Andrew Marrero","STL",3,4,,5.248380216073355,37,0,0,0,,46.29999923706055,214,45,29,27,7,27,0,6,42,8.164147002780775,5.248380216073355,1.5555555555555556,1.360691167130129,0.19626168224299065,0.1261682242990654,0.07009345794392524,0.24861878453038674,1.5550756195772903,0.2878787878787879,0.6913183279742765,,,5.455896662667472,-0.6388709691516229,,,,,,,,,124.51999435424801,2.689416769030457,125.49999618530273,2.7105831156223226,,,,,,,,,,,,,,,,,,,"Andrew Marrero","sa3016941",687817
"Jake Gozzo","CIN",1,3,,6.373937814813842,27,0,0,0,,35.29999923706055,168,39,27,25,6,23,0,3,24,6.1189803022212885,5.864022789628735,1.0434782608695652,1.5297450755553221,0.14285714285714285,0.13690476190476192,0.005952380952380931,0.2746478873239437,1.756373975637592,0.29464285714285715,0.6529850746268656,,,6.225969929400439,-0.6501495039622104,,,,,,,,,56.01999435424804,1.5869687128897758,68.49999618530273,1.9405098488893557,,,,,,,,,,,,,,,,,,,"Jake Gozzo","sa3014979",689214
"Ben Onyshko","SEA",1,1,,5.4545455691869975,24,1,0,0,,36.29999923706055,171,36,24,22,5,18,0,12,28,6.942148906237997,4.462810011152998,1.5555555555555556,1.2396694475424994,0.16374269005847952,0.10526315789473684,0.05847953216374269,0.2553191489361702,1.4876033370509993,0.28703703703703703,0.6382978723404256,,,5.893752562883294,-0.6608268587742958,,,,,,,,,79.51999435424803,2.190633499326963,82.49999618530273,2.2727272154065012,,,,,,,,,,,,,,,,,,,"Ben Onyshko","sa3008096",647306
"John Matthews","ARI",2,2,,5.395683354518472,27,2,0,0,,41.70000076293945,197,44,27,25,6,23,1,8,29,6.258992691241428,4.964028686156994,1.2608695652173914,1.2949640050844333,0.14720812182741116,0.116751269035533,0.030456852791878167,0.26506024096385544,1.6067145989010563,0.2900763358778626,0.68259385665529,,,5.876311863003517,-0.6638290605404417,,,,,,,,,85.38000564575194,2.047482112317675,95.50000381469727,2.290167915286278,,,,,,,,,,,,,,,,,,,"John Matthews","sa3010311",687397
"Ethan Routzahn","SDP",4,5,,5.026178077393884,40,0,0,0,,57.29999923706055,257,61,35,32,9,22,0,6,38,5.968586466905237,3.4554974282082953,1.7272727272727273,1.41361258426703,0.14785992217898833,0.08560311284046693,0.0622568093385214,0.2663755458515284,1.4485165986933763,0.2857142857142857,0.6818181818181818,,,5.347980679936446,-0.6684084001033888,,,,,,,,,146.7199943542481,2.56055839978707,161.49999618530273,2.818499098353349,,,,,,,,,,,,,,,,,,,"Ethan Routzahn","sa3017206",701240
"Jacob Heatherly","CIN",2,5,,6.344647645968198,34,0,0,0,,38.29999923706055,188,36,29,27,6,37,0,2,40,9.399477994026961,8.694517144474938,1.0810810810810811,1.4099216991040442,0.2127659574468085,0.19680851063829788,0.015957446808510634,0.24161073825503357,1.9060052598999115,0.2912621359223301,0.6811145510835914,,,6.169090804159518,-0.6846279113954958,,,,,,,,,79.01999435424803,2.063185272280247,76.49999618530273,1.9973889741302764,,,,,,,,,,,,,,,,,,,"Jacob Heatherly","sa3004736",669436
"Bryce Hubbart","CIN",2,6,,6.639344262295082,21,10,0,0,,61,289,68,49,45,12,39,0,4,44,6.491803278688525,5.754098360655738,1.1282051282051282,1.7704918032786885,0.1522491349480969,0.13494809688581316,0.017301038062283725,0.2764227642276423,1.7540983606557377,0.29473684210526313,0.6430155210643015,,,6.395987975011106,-0.6938363423767189,,,,,,,,,86.00000000000006,1.4098360655737714,108,1.7704918032786885,,,,,,,,,,,,,,,,,,,"Bryce Hubbart","sa3020323",687114
"Luis Mey","CIN",2,4,,6.235565929731161,36,0,0,0,,43.29999923706055,208,43,32,30,7,33,1,5,41,8.52194010396592,6.8591225227042765,1.2424242424242424,1.4549653836039376,0.1971153846153846,0.15865384615384615,0.038461538461538464,0.2529411764705882,1.7551963357761786,0.29508196721311475,0.6646525679758308,,,6.0071264796117685,-0.6981057772277698,,,,,,,,,90.51999435424803,2.0905310842770595,93.49999618530273,2.1593532986780266,,,,,,,,,,,,,,,,,,,"Luis Mey","25620",682825
"Jared Southard","LAA",2,3,,5.673913043478261,36,0,0,0,,46,214,50,31,29,7,24,0,5,32,6.260869565217392,4.695652173913044,1.3333333333333333,1.3695652173913044,0.14953271028037382,0.11214953271028037,0.03738317757009345,0.2702702702702703,1.608695652173913,0.2945205479452055,0.6697819314641744,,,5.644740647855013,-0.7007448848008145,,,,,,,,,101.30000000000001,2.2021739130434783,116,2.5217391304347827,,,,,,,,,,,,,,,,,,,"Jared Southard","sa3019951",683177
"Thomas Farr","CIN",4,10,,6.31895706403136,22,22,0,0,,99.69999694824219,459,117,76,70,20,39,0,13,57,5.145436466425536,3.520561792817472,1.4615384615384615,1.80541630400896,0.12418300653594772,0.08496732026143791,0.0392156862745098,0.28746928746928746,1.5646941301410986,0.29393939393939394,0.625,,,6.195567132793717,-0.701980050170586,,,,,,,,,145.57997741699222,1.460180359810522,196.49998474121094,1.9709126454960781,,,,,,,,,,,,,,,,,,,"Thomas Farr","sa3017720",686671
"Gerardo Gutierrez","ARI",1,1,,5.230024309689876,38,0,0,0,,41.29999923706055,192,45,26,24,7,21,0,4,30,6.537530387112345,4.5762712709786415,1.4285714285714286,1.5254237569928806,0.15625,0.109375,0.046875,0.2694610778443114,1.5980629835163511,0.2923076923076923,0.7117437722419928,,,5.733065782119086,-0.7152957931386702,,,,,,,,,87.51999435424801,2.1191282317436935,100.49999618530273,2.433413996170709,,,,,,,,,,,,,,,,,,,"Gerardo Gutierrez","sa3005379",677916
"Dan Hammer","TBR",2,3,,5.85,26,2,0,0,,40,195,38,28,26,6,34,0,5,37,8.325,7.65,1.088235294117647,1.35,0.18974358974358974,0.17435897435897435,0.015384615384615385,0.24358974358974358,1.8,0.2831858407079646,0.6918238993710691,,,6.191479778289795,-0.7846038541722816,,,,,,,,,80.39999999999999,2.01,79,1.975,,,,,,,,,,,,,,,,,,,"Dan Hammer","sa3011525",669285
"Ricky DeVito","MIA",1,3,,5.7272727272727275,34,1,0,0,,44,213,43,30,28,6,35,0,8,39,7.9772727272727275,7.159090909090909,1.1142857142857143,1.2272727272727273,0.18309859154929578,0.1643192488262911,0.01877934272300469,0.2529411764705882,1.7727272727272727,0.296,0.6896551724137931,,,6.098297960107977,-0.8163698568335128,,,,,,,,,89.00000000000001,2.022727272727273,91,2.0681818181818183,,,,,,,,,,,,,,,,,,,"Ricky DeVito","sa1116003",683740
"Juan Nunez","HOU",1,3,,6.078799336543262,18,10,0,0,,53.29999923706055,251,57,39,36,12,32,0,6,45,7.5984991706790765,5.403377188038455,1.40625,2.0262664455144206,0.17928286852589642,0.12749003984063745,0.051792828685258974,0.2676056338028169,1.6697936449146613,0.28846153846153844,0.6925207756232686,,,6.543590520813829,-0.8341521950367291,,,,,,,,,74.619994354248,1.3999999141156318,86.49999618530273,1.622889257475966,,,,,,,,,,,,,,,,,,,"Juan Nunez","sa828600",650994
"Tyler Baum","OAK",2,5,,5.478260869565218,38,0,0,0,,46,216,45,30,28,7,30,0,6,40,7.826086956521739,5.869565217391305,1.3333333333333333,1.3695652173913044,0.18518518518518517,0.1388888888888889,0.04629629629629628,0.25,1.6304347826086956,0.2857142857142857,0.6901840490797546,,,5.753436300028925,-0.8392655392248568,,,,,,,,,109.30000000000001,2.3760869565217395,111,2.4130434782608696,,,,,,,,,,,,,,,,,,,"Tyler Baum","sa1054042",666121
"Jake Brentz","TBR",1,1,,6.534653629885976,35,0,0,0,,30.299999237060547,153,28,24,22,4,29,0,8,29,8.613861603031513,8.613861603031513,1,1.1881188417974502,0.1895424836601307,0.1895424836601307,0,0.2413793103448276,1.881188166179296,0.2891566265060241,0.642023346303502,,,6.631826400199024,-0.8454853323717294,,,,,,,,,49.21999435424806,1.6244222968179511,46.499996185302734,1.5346533780907705,,,,,,,,,,,,,,,,,,,"Jake Brentz","17783",641394
"Wander Guante","OAK",3,5,,5.525383906282568,26,9,0,0,,84.69999694824219,387,95,56,52,15,37,0,7,53,5.631641289095694,3.9315231640856734,1.4324324324324325,1.5938607421968947,0.13695090439276486,0.09560723514211886,0.041343669250646004,0.27696793002915454,1.558441614592519,0.2909090909090909,0.6846846846846847,,,5.775688845145452,-0.8921991230331303,,,,,,,,,169.2799774169922,1.9985830403327465,202.49998474121094,2.390790933144343,,,,,,,,,,,,,,,,,,,"Wander Guante","sa3009851",685588
"Edwin Núñez","STL",3,5,,5.974025710948346,27,12,0,0,,69.30000305175781,324,71,50,46,11,42,0,11,48,6.233765959250448,5.454545214344142,1.1428571428571428,1.4285713656615608,0.14814814814814814,0.12962962962962962,0.018518518518518517,0.26199261992619927,1.630591558785418,0.2830188679245283,0.6454918032786886,,,6.1390626199694065,-0.8930745739250621,,,,,,,,,129.9200225830078,1.874747718062508,140.50001525878906,2.027417158320388,,,,,,,,,,,,,,,,,,,"Edwin Nunez","sa3014813",695835
"Leonardo Taveras","STL",2,3,,5.433962264150943,39,0,0,0,,53,249,52,35,32,8,36,1,6,47,7.981132075471698,6.113207547169812,1.3055555555555556,1.3584905660377358,0.18875502008032127,0.14457831325301204,0.04417670682730923,0.25120772946859904,1.6603773584905661,0.2894736842105263,0.6901041666666667,,,5.732517514138852,-0.8951248015094082,,,,,,,,,126.60000000000005,2.38867924528302,129,2.4339622641509435,,,,,,,,,,,,,,,,,,,"Leonardo Taveras","sa3002934",672405
"David Fletcher","ATL",2,7,,6.93260001590944,17,14,0,0,,72.69999694824219,357,94,61,56,14,37,0,14,24,2.971114292532617,4.580467867654451,0.6486486486486487,1.73315000397736,0.06722689075630252,0.10364145658263306,-0.03641456582633054,0.30718954248366015,1.8019257977859853,0.29850746268656714,0.6283662477558348,,,7.114210342904893,-1.435226197924381,,,,,,,,,16.379977416992205,0.22530918988419923,76.49998474121094,1.0522694353849025,,,,,,,,,,,,,,,,,,,"David Fletcher","17992",664058